/**
 * @file img_src_boot_logo.c
 * @brief 80x80 RGB565A8 splash. Same art as 2SFBL pic1 RGB565.
 *
 * SPDX-License-Identifier: Apache-2.0
 */

#include "img_src_boot_logo.h"

#ifndef LV_ATTRIBUTE_MEM_ALIGN
#define LV_ATTRIBUTE_MEM_ALIGN
#endif

static const LV_ATTRIBUTE_MEM_ALIGN uint8_t img_src_boot_logo_map[] = {
    0x00, 0x00, 0x00, 0x00, 0x00, 0x00, 0x00, 0x00, 0x00, 0x00, 0x00, 0x00, 0x00, 0x00, 0x00, 0x00,
    0x00, 0x00, 0x00, 0x00, 0x00, 0x00, 0x00, 0x00, 0x00, 0x00, 0x00, 0x00, 0x00, 0x00, 0x00, 0x00,
    0x00, 0x00, 0x00, 0x00, 0x00, 0x00, 0x00, 0x00, 0x00, 0x00, 0x00, 0x00, 0x00, 0x00, 0x00, 0x00,
    0x00, 0x00, 0x00, 0x00, 0x00, 0x00, 0x00, 0x00, 0x00, 0x00, 0x00, 0x00, 0x00, 0x00, 0x00, 0x00,
    0x00, 0x00, 0x00, 0x00, 0x00, 0x00, 0x00, 0x00, 0x00, 0x00, 0x69, 0x4a, 0x30, 0x84, 0x51, 0x8c,
    0x71, 0x8c, 0x92, 0x94, 0xcb, 0x5a, 0x00, 0x00, 0x00, 0x00, 0x00, 0x00, 0x00, 0x00, 0x00, 0x00,
    0x00, 0x00, 0x00, 0x00, 0x00, 0x00, 0x00, 0x00, 0x00, 0x00, 0x00, 0x00, 0x00, 0x00, 0x00, 0x00,
    0x00, 0x00, 0x00, 0x00, 0x00, 0x00, 0x00, 0x00, 0x00, 0x00, 0x00, 0x00, 0x00, 0x00, 0x00, 0x00,
    0x00, 0x00, 0x00, 0x00, 0x00, 0x00, 0x00, 0x00, 0x00, 0x00, 0x00, 0x00, 0x00, 0x00, 0x00, 0x00,
    0x00, 0x00, 0x00, 0x00, 0x00, 0x00, 0x00, 0x00, 0x00, 0x00, 0x00, 0x00, 0x00, 0x00, 0x00, 0x00,
    0x00, 0x00, 0x00, 0x00, 0x00, 0x00, 0x00, 0x00, 0x00, 0x00, 0x00, 0x00, 0x00, 0x00, 0x00, 0x00,
    0x00, 0x00, 0x00, 0x00, 0x00, 0x00, 0x00, 0x00, 0x00, 0x00, 0x00, 0x00, 0x00, 0x00, 0x00, 0x00,
    0x00, 0x00, 0x00, 0x00, 0x00, 0x00, 0x00, 0x00, 0x00, 0x00, 0x00, 0x00, 0x00, 0x00, 0x00, 0x00,
    0x00, 0x00, 0x00, 0x00, 0x00, 0x00, 0x00, 0x00, 0x00, 0x00, 0x00, 0x00, 0x00, 0x00, 0x75, 0xad,
    0x9a, 0xd6, 0xfb, 0xde, 0x3c, 0xe7, 0x5d, 0xef, 0x7d, 0xef, 0x9e, 0xf7, 0x9e, 0xf7, 0x9e, 0xf7,
    0x9e, 0xf7, 0xbe, 0xf7, 0x9e, 0xf7, 0x9e, 0xf7, 0x5d, 0xef, 0x5d, 0xef, 0xfb, 0xde, 0x79, 0xce,
    0x96, 0xb5, 0x00, 0x00, 0x00, 0x00, 0x00, 0x00, 0x00, 0x00, 0x00, 0x00, 0x00, 0x00, 0x00, 0x00,
    0x00, 0x00, 0x00, 0x00, 0x00, 0x00, 0x00, 0x00, 0x00, 0x00, 0x00, 0x00, 0x00, 0x00, 0x00, 0x00,
    0x00, 0x00, 0x00, 0x00, 0x00, 0x00, 0x00, 0x00, 0x00, 0x00, 0x00, 0x00, 0x00, 0x00, 0x00, 0x00,
    0x00, 0x00, 0x00, 0x00, 0x00, 0x00, 0x00, 0x00, 0x00, 0x00, 0x00, 0x00, 0x00, 0x00, 0x00, 0x00,
    0x00, 0x00, 0x00, 0x00, 0x00, 0x00, 0x00, 0x00, 0x00, 0x00, 0x00, 0x00, 0x00, 0x00, 0x00, 0x00,
    0x00, 0x00, 0x00, 0x00, 0x00, 0x00, 0x00, 0x00, 0x00, 0x00, 0x00, 0x00, 0x00, 0x00, 0x00, 0x00,
    0x00, 0x00, 0x00, 0x00, 0x00, 0x00, 0x00, 0x00, 0x00, 0x00, 0x00, 0x00, 0x00, 0x00, 0x00, 0x00,
    0x00, 0x00, 0x00, 0x00, 0x00, 0x00, 0xcf, 0x7b, 0x79, 0xce, 0x1c, 0xe7, 0x7d, 0xef, 0xbe, 0xf7,
    0xff, 0xff, 0xff, 0xff, 0xff, 0xff, 0xff, 0xff, 0xff, 0xff, 0xff, 0xff, 0xff, 0xff, 0xff, 0xff,
    0xff, 0xff, 0xff, 0xff, 0xff, 0xff, 0xff, 0xff, 0xff, 0xff, 0xff, 0xff, 0xff, 0xff, 0xff, 0xff,
    0xbe, 0xf7, 0x7d, 0xef, 0x3c, 0xe7, 0x9a, 0xd6, 0x92, 0x94, 0x00, 0x00, 0x00, 0x00, 0x00, 0x00,
    0x00, 0x00, 0x00, 0x00, 0x00, 0x00, 0x00, 0x00, 0x00, 0x00, 0x00, 0x00, 0x00, 0x00, 0x00, 0x00,
    0x00, 0x00, 0x00, 0x00, 0x00, 0x00, 0x00, 0x00, 0x00, 0x00, 0x00, 0x00, 0x00, 0x00, 0x00, 0x00,
    0x00, 0x00, 0x00, 0x00, 0x00, 0x00, 0x00, 0x00, 0x00, 0x00, 0x00, 0x00, 0x00, 0x00, 0x00, 0x00,
    0x00, 0x00, 0x00, 0x00, 0x00, 0x00, 0x00, 0x00, 0x00, 0x00, 0x00, 0x00, 0x00, 0x00, 0x00, 0x00,
    0x00, 0x00, 0x00, 0x00, 0x00, 0x00, 0x00, 0x00, 0x00, 0x00, 0x00, 0x00, 0x00, 0x00, 0x00, 0x00,
    0x00, 0x00, 0x00, 0x00, 0x00, 0x00, 0x00, 0x00, 0x00, 0x00, 0x00, 0x00, 0x00, 0x00, 0x00, 0x00,
    0x00, 0x00, 0x59, 0xce, 0x3c, 0xe7, 0x9e, 0xf7, 0xff, 0xff, 0xff, 0xff, 0xff, 0xff, 0xff, 0xff,
    0xff, 0xff, 0xff, 0xff, 0xff, 0xff, 0xff, 0xff, 0xff, 0xff, 0xff, 0xff, 0xdf, 0xff, 0xbe, 0xf7,
    0xbe, 0xf7, 0xdf, 0xff, 0xff, 0xff, 0xff, 0xff, 0xff, 0xff, 0xff, 0xff, 0xff, 0xff, 0xff, 0xff,
    0xff, 0xff, 0xff, 0xff, 0xff, 0xff, 0xff, 0xff, 0x9e, 0xf7, 0x3c, 0xe7, 0x59, 0xce, 0x00, 0x00,
    0x00, 0x00, 0x00, 0x00, 0x00, 0x00, 0x00, 0x00, 0x00, 0x00, 0x00, 0x00, 0x00, 0x00, 0x00, 0x00,
    0x00, 0x00, 0x00, 0x00, 0x00, 0x00, 0x00, 0x00, 0x00, 0x00, 0x00, 0x00, 0x00, 0x00, 0x00, 0x00,
    0x00, 0x00, 0x00, 0x00, 0x00, 0x00, 0x00, 0x00, 0x00, 0x00, 0x00, 0x00, 0x00, 0x00, 0x00, 0x00,
    0x00, 0x00, 0x00, 0x00, 0x00, 0x00, 0x00, 0x00, 0x00, 0x00, 0x00, 0x00, 0x00, 0x00, 0x00, 0x00,
    0x00, 0x00, 0x00, 0x00, 0x00, 0x00, 0x00, 0x00, 0x00, 0x00, 0x00, 0x00, 0x00, 0x00, 0x00, 0x00,
    0x00, 0x00, 0x00, 0x00, 0x00, 0x00, 0x00, 0x00, 0x00, 0x00, 0x00, 0x00, 0x00, 0x00, 0xba, 0xd6,
    0x7d, 0xef, 0xff, 0xff, 0xff, 0xff, 0xff, 0xff, 0xff, 0xff, 0xff, 0xff, 0xff, 0xff, 0xbe, 0xf7,
    0x59, 0xce, 0xf3, 0x9c, 0x4d, 0x6b, 0x49, 0x4a, 0x65, 0x29, 0xc3, 0x18, 0x82, 0x10, 0x82, 0x10,
    0x82, 0x10, 0x82, 0x10, 0xc3, 0x18, 0x86, 0x31, 0x69, 0x4a, 0x8e, 0x73, 0x14, 0xa5, 0x9a, 0xd6,
    0xdf, 0xff, 0xff, 0xff, 0xff, 0xff, 0xff, 0xff, 0xff, 0xff, 0xff, 0xff, 0xff, 0xff, 0x7d, 0xef,
    0xba, 0xd6, 0xcb, 0x5a, 0x00, 0x00, 0x00, 0x00, 0x00, 0x00, 0x00, 0x00, 0x00, 0x00, 0x00, 0x00,
    0x00, 0x00, 0x00, 0x00, 0x00, 0x00, 0x00, 0x00, 0x00, 0x00, 0x00, 0x00, 0x00, 0x00, 0x00, 0x00,
    0x00, 0x00, 0x00, 0x00, 0x00, 0x00, 0x00, 0x00, 0x00, 0x00, 0x00, 0x00, 0x00, 0x00, 0x00, 0x00,
    0x00, 0x00, 0x00, 0x00, 0x00, 0x00, 0x00, 0x00, 0x00, 0x00, 0x00, 0x00, 0x00, 0x00, 0x00, 0x00,
    0x00, 0x00, 0x00, 0x00, 0x00, 0x00, 0x00, 0x00, 0x00, 0x00, 0x00, 0x00, 0x00, 0x00, 0x00, 0x00,
    0x00, 0x00, 0x00, 0x00, 0x00, 0x00, 0x00, 0x00, 0x00, 0x00, 0x9a, 0xd6, 0x7d, 0xef, 0xff, 0xff,
    0xff, 0xff, 0xff, 0xff, 0xff, 0xff, 0xff, 0xff, 0xdb, 0xde, 0x92, 0x94, 0x28, 0x42, 0x61, 0x08,
    0x00, 0x00, 0x00, 0x00, 0x00, 0x00, 0x00, 0x00, 0x20, 0x00, 0x61, 0x08, 0x82, 0x10, 0x82, 0x10,
    0x82, 0x10, 0x82, 0x10, 0x61, 0x08, 0x20, 0x00, 0x00, 0x00, 0x00, 0x00, 0x00, 0x00, 0x00, 0x00,
    0x82, 0x10, 0x69, 0x4a, 0xf3, 0x9c, 0x3c, 0xe7, 0xff, 0xff, 0xff, 0xff, 0xff, 0xff, 0xff, 0xff,
    0xff, 0xff, 0x7d, 0xef, 0xba, 0xd6, 0x00, 0x00, 0x00, 0x00, 0x00, 0x00, 0x00, 0x00, 0x00, 0x00,
    0x00, 0x00, 0x00, 0x00, 0x00, 0x00, 0x00, 0x00, 0x00, 0x00, 0x00, 0x00, 0x00, 0x00, 0x00, 0x00,
    0x00, 0x00, 0x00, 0x00, 0x00, 0x00, 0x00, 0x00, 0x00, 0x00, 0x00, 0x00, 0x00, 0x00, 0x00, 0x00,
    0x00, 0x00, 0x00, 0x00, 0x00, 0x00, 0x00, 0x00, 0x00, 0x00, 0x00, 0x00, 0x00, 0x00, 0x00, 0x00,
    0x00, 0x00, 0x00, 0x00, 0x00, 0x00, 0x00, 0x00, 0x00, 0x00, 0x00, 0x00, 0x00, 0x00, 0x00, 0x00,
    0x00, 0x00, 0x00, 0x00, 0x00, 0x00, 0x18, 0xc6, 0x7d, 0xef, 0xff, 0xff, 0xff, 0xff, 0xff, 0xff,
    0xff, 0xff, 0x9e, 0xf7, 0x14, 0xa5, 0xc7, 0x39, 0x00, 0x00, 0x00, 0x00, 0x00, 0x00, 0x82, 0x10,
    0x24, 0x21, 0x86, 0x31, 0xc7, 0x39, 0xe7, 0x39, 0xe7, 0x39, 0xe7, 0x39, 0xe7, 0x39, 0xe7, 0x39,
    0xe7, 0x39, 0xe7, 0x39, 0xe7, 0x39, 0xe7, 0x39, 0xe7, 0x39, 0xc7, 0x31, 0x86, 0x31, 0x04, 0x21,
    0x61, 0x08, 0x00, 0x00, 0x00, 0x00, 0x00, 0x00, 0x28, 0x42, 0x75, 0xad, 0xff, 0xff, 0xff, 0xff,
    0xff, 0xff, 0xff, 0xff, 0xff, 0xff, 0x7d, 0xef, 0x59, 0xce, 0x00, 0x00, 0x00, 0x00, 0x00, 0x00,
    0x00, 0x00, 0x00, 0x00, 0x00, 0x00, 0x00, 0x00, 0x00, 0x00, 0x00, 0x00, 0x00, 0x00, 0x00, 0x00,
    0x00, 0x00, 0x00, 0x00, 0x00, 0x00, 0x00, 0x00, 0x00, 0x00, 0x00, 0x00, 0x00, 0x00, 0x00, 0x00,
    0x00, 0x00, 0x00, 0x00, 0x00, 0x00, 0x00, 0x00, 0x00, 0x00, 0x00, 0x00, 0x00, 0x00, 0x00, 0x00,
    0x00, 0x00, 0x00, 0x00, 0x00, 0x00, 0x00, 0x00, 0x00, 0x00, 0x00, 0x00, 0x00, 0x00, 0x00, 0x00,
    0x00, 0x00, 0xaa, 0x52, 0x1c, 0xe7, 0xdf, 0xff, 0xff, 0xff, 0xff, 0xff, 0xff, 0xff, 0x7d, 0xef,
    0xae, 0x73, 0x82, 0x10, 0x00, 0x00, 0x00, 0x00, 0xe3, 0x18, 0x86, 0x31, 0xe7, 0x39, 0xe7, 0x39,
    0xe7, 0x39, 0xe7, 0x39, 0xc7, 0x39, 0xc7, 0x39, 0xc7, 0x39, 0xc7, 0x31, 0xc7, 0x31, 0xc7, 0x31,
    0xc7, 0x31, 0xc7, 0x31, 0xc7, 0x31, 0xc7, 0x39, 0xc7, 0x39, 0xc7, 0x39, 0xe7, 0x39, 0xe7, 0x39,
    0xe7, 0x39, 0xc7, 0x39, 0x85, 0x29, 0xc3, 0x10, 0x00, 0x00, 0x00, 0x00, 0xe3, 0x18, 0x92, 0x94,
    0xdf, 0xff, 0xff, 0xff, 0xff, 0xff, 0xff, 0xff, 0xff, 0xff, 0x1c, 0xe7, 0xcf, 0x7b, 0x00, 0x00,
    0x00, 0x00, 0x00, 0x00, 0x00, 0x00, 0x00, 0x00, 0x00, 0x00, 0x00, 0x00, 0x00, 0x00, 0x00, 0x00,
    0x00, 0x00, 0x00, 0x00, 0x00, 0x00, 0x00, 0x00, 0x00, 0x00, 0x00, 0x00, 0x00, 0x00, 0x00, 0x00,
    0x00, 0x00, 0x00, 0x00, 0x00, 0x00, 0x00, 0x00, 0x00, 0x00, 0x00, 0x00, 0x00, 0x00, 0x00, 0x00,
    0x00, 0x00, 0x00, 0x00, 0x00, 0x00, 0x00, 0x00, 0x00, 0x00, 0x00, 0x00, 0x00, 0x00, 0x00, 0x00,
    0xd7, 0xbd, 0x7d, 0xef, 0xff, 0xff, 0xff, 0xff, 0xff, 0xff, 0xff, 0xff, 0x30, 0x84, 0x41, 0x08,
    0x00, 0x00, 0x61, 0x08, 0x65, 0x29, 0xc7, 0x39, 0xe7, 0x39, 0xe7, 0x39, 0xc7, 0x39, 0xc7, 0x31,
    0xc7, 0x31, 0xc7, 0x31, 0xc7, 0x39, 0xc7, 0x39, 0xc7, 0x39, 0xc7, 0x39, 0xc7, 0x39, 0xc7, 0x39,
    0xc7, 0x39, 0xc7, 0x39, 0xc7, 0x39, 0xc7, 0x39, 0xc7, 0x39, 0xc7, 0x39, 0xc7, 0x31, 0xc7, 0x31,
    0xc7, 0x31, 0xc7, 0x39, 0xe7, 0x39, 0xe7, 0x39, 0xc7, 0x39, 0x45, 0x21, 0x20, 0x00, 0x00, 0x00,
    0xa2, 0x10, 0xd3, 0x9c, 0xff, 0xff, 0xff, 0xff, 0xff, 0xff, 0xff, 0xff, 0x7d, 0xef, 0x18, 0xc6,
    0x00, 0x00, 0x00, 0x00, 0x00, 0x00, 0x00, 0x00, 0x00, 0x00, 0x00, 0x00, 0x00, 0x00, 0x00, 0x00,
    0x00, 0x00, 0x00, 0x00, 0x00, 0x00, 0x00, 0x00, 0x00, 0x00, 0x00, 0x00, 0x00, 0x00, 0x00, 0x00,
    0x00, 0x00, 0x00, 0x00, 0x00, 0x00, 0x00, 0x00, 0x00, 0x00, 0x00, 0x00, 0x00, 0x00, 0x00, 0x00,
    0x00, 0x00, 0x00, 0x00, 0x00, 0x00, 0x00, 0x00, 0x00, 0x00, 0x00, 0x00, 0x00, 0x00, 0x9a, 0xd6,
    0xbe, 0xf7, 0xff, 0xff, 0xff, 0xff, 0xff, 0xff, 0xb6, 0xb5, 0xe3, 0x18, 0x00, 0x00, 0x61, 0x08,
    0x65, 0x29, 0xe7, 0x39, 0xe7, 0x39, 0xc7, 0x39, 0xc7, 0x31, 0xc7, 0x31, 0xc7, 0x39, 0xc7, 0x39,
    0xc7, 0x39, 0xe7, 0x39, 0xe7, 0x39, 0xe7, 0x39, 0xc7, 0x39, 0xc6, 0x31, 0xa6, 0x31, 0xa6, 0x31,
    0xa6, 0x31, 0xc6, 0x31, 0xc7, 0x39, 0xe7, 0x39, 0xe7, 0x39, 0xe7, 0x39, 0xe7, 0x39, 0xc7, 0x39,
    0xc7, 0x39, 0xc7, 0x39, 0xc7, 0x31, 0xc7, 0x31, 0xc7, 0x39, 0xe7, 0x39, 0xe7, 0x39, 0x65, 0x29,
    0x20, 0x00, 0x00, 0x00, 0x86, 0x31, 0x59, 0xce, 0xff, 0xff, 0xff, 0xff, 0xff, 0xff, 0xbe, 0xf7,
    0xba, 0xd6, 0x00, 0x00, 0x00, 0x00, 0x00, 0x00, 0x00, 0x00, 0x00, 0x00, 0x00, 0x00, 0x00, 0x00,
    0x00, 0x00, 0x00, 0x00, 0x00, 0x00, 0x00, 0x00, 0x00, 0x00, 0x00, 0x00, 0x00, 0x00, 0x00, 0x00,
    0x00, 0x00, 0x00, 0x00, 0x00, 0x00, 0x00, 0x00, 0x00, 0x00, 0x00, 0x00, 0x00, 0x00, 0x00, 0x00,
    0x00, 0x00, 0x00, 0x00, 0x00, 0x00, 0x00, 0x00, 0x00, 0x00, 0x00, 0x00, 0xdb, 0xde, 0xff, 0xff,
    0xff, 0xff, 0xff, 0xff, 0x9e, 0xf7, 0xaa, 0x52, 0x00, 0x00, 0x00, 0x00, 0x45, 0x29, 0xe7, 0x39,
    0xe7, 0x39, 0xc7, 0x39, 0xc7, 0x31, 0xc7, 0x39, 0xc7, 0x39, 0xe7, 0x39, 0xe7, 0x39, 0xc7, 0x39,
    0xa6, 0x31, 0x65, 0x29, 0x65, 0x29, 0x86, 0x29, 0xc7, 0x31, 0x08, 0x42, 0x49, 0x42, 0x69, 0x4a,
    0x49, 0x4a, 0x28, 0x42, 0xc7, 0x39, 0x86, 0x31, 0x65, 0x29, 0x65, 0x29, 0x86, 0x31, 0xc7, 0x31,
    0xe7, 0x39, 0xe7, 0x39, 0xc7, 0x39, 0xc7, 0x39, 0xc7, 0x39, 0xc7, 0x31, 0xc7, 0x39, 0xe7, 0x39,
    0xe7, 0x39, 0x24, 0x21, 0x00, 0x00, 0x00, 0x00, 0xcf, 0x7b, 0xff, 0xff, 0xff, 0xff, 0xff, 0xff,
    0xff, 0xff, 0xfb, 0xde, 0x00, 0x00, 0x00, 0x00, 0x00, 0x00, 0x00, 0x00, 0x00, 0x00, 0x00, 0x00,
    0x00, 0x00, 0x00, 0x00, 0x00, 0x00, 0x00, 0x00, 0x00, 0x00, 0x00, 0x00, 0x00, 0x00, 0x00, 0x00,
    0x00, 0x00, 0x00, 0x00, 0x00, 0x00, 0x00, 0x00, 0x00, 0x00, 0x00, 0x00, 0x00, 0x00, 0x00, 0x00,
    0x00, 0x00, 0x00, 0x00, 0x00, 0x00, 0x00, 0x00, 0x00, 0x00, 0x1c, 0xe7, 0xff, 0xff, 0xff, 0xff,
    0xff, 0xff, 0x5c, 0xef, 0x03, 0x21, 0x00, 0x00, 0xc3, 0x18, 0xc7, 0x39, 0xe7, 0x39, 0xc7, 0x31,
    0xc7, 0x31, 0xc7, 0x31, 0xc7, 0x39, 0xe7, 0x39, 0xe7, 0x39, 0x86, 0x29, 0x65, 0x29, 0xc7, 0x39,
    0xeb, 0x5a, 0x51, 0x8c, 0x96, 0xb5, 0x9a, 0xd6, 0x3c, 0xe7, 0x9e, 0xf7, 0xbe, 0xf7, 0xdf, 0xff,
    0xdf, 0xff, 0xbe, 0xf7, 0x3c, 0xe7, 0xba, 0xd6, 0xb6, 0xb5, 0x92, 0x94, 0x2c, 0x63, 0xe7, 0x39,
    0x65, 0x29, 0x85, 0x29, 0xc7, 0x39, 0xe7, 0x39, 0xc7, 0x39, 0xc7, 0x39, 0xc7, 0x39, 0xc7, 0x31,
    0xc7, 0x39, 0xe7, 0x39, 0xa6, 0x31, 0xa2, 0x10, 0x00, 0x00, 0xa6, 0x31, 0x3c, 0xe7, 0xff, 0xff,
    0xff, 0xff, 0xff, 0xff, 0x1c, 0xe7, 0x00, 0x00, 0x00, 0x00, 0x00, 0x00, 0x00, 0x00, 0x00, 0x00,
    0x00, 0x00, 0x00, 0x00, 0x00, 0x00, 0x00, 0x00, 0x00, 0x00, 0x00, 0x00, 0x00, 0x00, 0x00, 0x00,
    0x00, 0x00, 0x00, 0x00, 0x00, 0x00, 0x00, 0x00, 0x00, 0x00, 0x00, 0x00, 0x00, 0x00, 0x00, 0x00,
    0x00, 0x00, 0x00, 0x00, 0x00, 0x00, 0x00, 0x00, 0x1c, 0xe7, 0xff, 0xff, 0xff, 0xff, 0xff, 0xff,
    0x19, 0xf7, 0xe2, 0x28, 0x00, 0x00, 0x24, 0x21, 0xe7, 0x39, 0xc7, 0x39, 0xc7, 0x31, 0xe7, 0x39,
    0xe7, 0x39, 0xe7, 0x39, 0xc7, 0x31, 0x65, 0x29, 0xa6, 0x31, 0x4d, 0x6b, 0x96, 0xb5, 0x5d, 0xef,
    0xff, 0xff, 0xff, 0xff, 0xff, 0xff, 0xff, 0xff, 0xff, 0xff, 0xff, 0xff, 0xff, 0xff, 0xff, 0xff,
    0xff, 0xff, 0xff, 0xff, 0xff, 0xff, 0xff, 0xff, 0xff, 0xff, 0xff, 0xff, 0xff, 0xff, 0x7d, 0xef,
    0xd6, 0xb5, 0x8e, 0x6b, 0xc7, 0x31, 0x65, 0x29, 0xc7, 0x31, 0xe7, 0x39, 0xc7, 0x39, 0xc7, 0x39,
    0xc7, 0x39, 0xc7, 0x31, 0xe7, 0x39, 0xe7, 0x39, 0x24, 0x21, 0x00, 0x00, 0x61, 0x08, 0x38, 0xc6,
    0xff, 0xff, 0xdf, 0xff, 0xff, 0xff, 0x3c, 0xe7, 0x00, 0x00, 0x00, 0x00, 0x00, 0x00, 0x00, 0x00,
    0x00, 0x00, 0x00, 0x00, 0x00, 0x00, 0x00, 0x00, 0x00, 0x00, 0x00, 0x00, 0x00, 0x00, 0x00, 0x00,
    0x00, 0x00, 0x00, 0x00, 0x00, 0x00, 0x00, 0x00, 0x00, 0x00, 0x00, 0x00, 0x00, 0x00, 0x00, 0x00,
    0x00, 0x00, 0x00, 0x00, 0x00, 0x00, 0x1c, 0xe7, 0xff, 0xff, 0xff, 0xff, 0xff, 0xff, 0x95, 0xee,
    0x25, 0xa3, 0x00, 0x00, 0xa2, 0x10, 0xe7, 0x39, 0xc7, 0x31, 0xc7, 0x39, 0xe7, 0x39, 0x04, 0x21,
    0x61, 0x08, 0xc3, 0x18, 0x08, 0x3a, 0x30, 0x84, 0xfb, 0xde, 0xff, 0xff, 0xff, 0xff, 0xff, 0xff,
    0xff, 0xff, 0xff, 0xff, 0xff, 0xff, 0xff, 0xff, 0xff, 0xff, 0xff, 0xff, 0xff, 0xff, 0xff, 0xff,
    0xdf, 0xff, 0xdf, 0xff, 0xff, 0xff, 0xff, 0xff, 0xff, 0xff, 0xff, 0xff, 0xff, 0xff, 0xff, 0xff,
    0xff, 0xff, 0xff, 0xff, 0x3c, 0xe7, 0x92, 0x94, 0x08, 0x3a, 0x65, 0x29, 0xc7, 0x39, 0xe7, 0x39,
    0xc7, 0x39, 0xc7, 0x39, 0xc7, 0x39, 0xc7, 0x31, 0xe7, 0x39, 0x85, 0x29, 0x20, 0x00, 0x00, 0x00,
    0xd7, 0xbd, 0xff, 0xff, 0xdf, 0xff, 0xff, 0xff, 0x3c, 0xe7, 0x00, 0x00, 0x00, 0x00, 0x00, 0x00,
    0x00, 0x00, 0x00, 0x00, 0x00, 0x00, 0x00, 0x00, 0x00, 0x00, 0x00, 0x00, 0x00, 0x00, 0x00, 0x00,
    0x00, 0x00, 0x00, 0x00, 0x00, 0x00, 0x00, 0x00, 0x00, 0x00, 0x00, 0x00, 0x00, 0x00, 0x00, 0x00,
    0x00, 0x00, 0x00, 0x00, 0xdb, 0xde, 0xff, 0xff, 0xff, 0xff, 0xff, 0xff, 0x35, 0xde, 0x87, 0xe4,
    0x24, 0x62, 0x00, 0x00, 0x86, 0x31, 0xe7, 0x39, 0xc7, 0x31, 0xe7, 0x39, 0xc3, 0x18, 0x00, 0x00,
    0x20, 0x00, 0x00, 0x00, 0xc7, 0x39, 0xff, 0xff, 0xff, 0xff, 0xff, 0xff, 0xff, 0xff, 0xff, 0xff,
    0xff, 0xff, 0xff, 0xff, 0xff, 0xff, 0xff, 0xff, 0xff, 0xff, 0xff, 0xff, 0xff, 0xff, 0xff, 0xff,
    0xff, 0xff, 0xff, 0xff, 0xff, 0xff, 0xff, 0xff, 0xff, 0xff, 0xff, 0xff, 0xff, 0xff, 0xff, 0xff,
    0xff, 0xff, 0xff, 0xff, 0xff, 0xff, 0xff, 0xff, 0x9e, 0xf7, 0x71, 0x8c, 0xa6, 0x31, 0x86, 0x31,
    0xe7, 0x39, 0xc7, 0x39, 0xc7, 0x39, 0xc7, 0x39, 0xc7, 0x31, 0xe7, 0x39, 0xa6, 0x31, 0x41, 0x08,
    0x00, 0x00, 0xb6, 0xb5, 0xff, 0xff, 0xdf, 0xff, 0xff, 0xff, 0x1c, 0xe7, 0x00, 0x00, 0x00, 0x00,
    0x00, 0x00, 0x00, 0x00, 0x00, 0x00, 0x00, 0x00, 0x00, 0x00, 0x00, 0x00, 0x00, 0x00, 0x00, 0x00,
    0x00, 0x00, 0x00, 0x00, 0x00, 0x00, 0x00, 0x00, 0x00, 0x00, 0x00, 0x00, 0x00, 0x00, 0x00, 0x00,
    0x00, 0x00, 0x79, 0xce, 0xff, 0xff, 0xff, 0xff, 0xff, 0xff, 0x55, 0xe6, 0x26, 0xd4, 0xe9, 0xec,
    0x82, 0x49, 0x00, 0x00, 0xc7, 0x39, 0xc7, 0x31, 0xe7, 0x39, 0x24, 0x21, 0x00, 0x00, 0x82, 0x10,
    0xe7, 0x39, 0xe3, 0x18, 0x00, 0x00, 0x14, 0xa5, 0xff, 0xff, 0xdf, 0xff, 0xff, 0xff, 0xff, 0xff,
    0xff, 0xff, 0xdf, 0xff, 0xff, 0xff, 0xff, 0xff, 0xff, 0xff, 0xff, 0xff, 0xff, 0xff, 0x38, 0xc6,
    0xf3, 0x9c, 0x96, 0xb5, 0xff, 0xff, 0xff, 0xff, 0xff, 0xff, 0xff, 0xff, 0xff, 0xff, 0xff, 0xff,
    0xff, 0xff, 0xff, 0xff, 0xff, 0xff, 0xff, 0xff, 0xff, 0xff, 0xff, 0xff, 0xfb, 0xde, 0x2c, 0x63,
    0x65, 0x29, 0xe7, 0x39, 0xc7, 0x39, 0xc7, 0x39, 0xc7, 0x39, 0xc7, 0x31, 0xe7, 0x39, 0xc6, 0x31,
    0x61, 0x08, 0x00, 0x00, 0xd7, 0xbd, 0xff, 0xff, 0xff, 0xff, 0xff, 0xff, 0xba, 0xd6, 0x00, 0x00,
    0x00, 0x00, 0x00, 0x00, 0x00, 0x00, 0x00, 0x00, 0x00, 0x00, 0x00, 0x00, 0x00, 0x00, 0x00, 0x00,
    0x00, 0x00, 0x00, 0x00, 0x00, 0x00, 0x00, 0x00, 0x00, 0x00, 0x00, 0x00, 0x00, 0x00, 0x00, 0x00,
    0xb6, 0xb5, 0xbe, 0xf7, 0xff, 0xff, 0xff, 0xff, 0xb8, 0xee, 0x26, 0xd4, 0xa8, 0xdc, 0xc8, 0xe4,
    0x05, 0x5a, 0x00, 0x00, 0x65, 0x29, 0x08, 0x3a, 0xc6, 0x31, 0x20, 0x00, 0x20, 0x00, 0xa6, 0x31,
    0x07, 0x3a, 0xa7, 0x31, 0x20, 0x00, 0x04, 0x21, 0xff, 0xff, 0xff, 0xff, 0xff, 0xff, 0xff, 0xff,
    0xff, 0xff, 0xff, 0xff, 0xff, 0xff, 0xff, 0xff, 0xff, 0xff, 0x51, 0x8c, 0xc3, 0x18, 0x00, 0x00,
    0x00, 0x00, 0x00, 0x00, 0x86, 0x31, 0xbe, 0xf7, 0xff, 0xff, 0xff, 0xff, 0xff, 0xff, 0xff, 0xff,
    0xff, 0xff, 0xff, 0xff, 0xff, 0xff, 0xff, 0xff, 0xff, 0xff, 0xff, 0xff, 0xff, 0xff, 0xff, 0xff,
    0xd3, 0x9c, 0x85, 0x29, 0xc7, 0x31, 0xe7, 0x39, 0xc7, 0x39, 0xc7, 0x39, 0xc7, 0x31, 0xe7, 0x39,
    0xc6, 0x31, 0x41, 0x08, 0x00, 0x00, 0x79, 0xce, 0xff, 0xff, 0xff, 0xff, 0xdf, 0xff, 0x18, 0xc6,
    0x00, 0x00, 0x00, 0x00, 0x00, 0x00, 0x00, 0x00, 0x00, 0x00, 0x00, 0x00, 0x00, 0x00, 0x00, 0x00,
    0x00, 0x00, 0x00, 0x00, 0x00, 0x00, 0x00, 0x00, 0x00, 0x00, 0x00, 0x00, 0x00, 0x00, 0x00, 0x00,
    0x7d, 0xef, 0xff, 0xff, 0xff, 0xff, 0x5b, 0xf7, 0x47, 0xd4, 0xe9, 0xe4, 0xa8, 0xdc, 0xeb, 0xdc,
    0xdb, 0xde, 0x41, 0x08, 0x00, 0x00, 0x41, 0x08, 0x61, 0x08, 0x00, 0x00, 0xe4, 0x10, 0x4a, 0x9c,
    0xeb, 0xed, 0x88, 0x52, 0xa2, 0x10, 0x00, 0x00, 0x69, 0x4a, 0xaa, 0x52, 0x69, 0x4a, 0x69, 0x4a,
    0xaa, 0x52, 0xcf, 0x7b, 0x96, 0xb5, 0x79, 0xce, 0x65, 0x29, 0x00, 0x00, 0x00, 0x00, 0xa3, 0x10,
    0x66, 0x29, 0x24, 0x21, 0x00, 0x00, 0x71, 0x8c, 0xff, 0xff, 0xdf, 0xff, 0xff, 0xff, 0xff, 0xff,
    0xff, 0xff, 0xff, 0xff, 0xff, 0xff, 0xff, 0xff, 0xff, 0xff, 0xff, 0xff, 0xff, 0xff, 0xff, 0xff,
    0xff, 0xff, 0x38, 0xc6, 0xe7, 0x39, 0xa6, 0x31, 0xe7, 0x39, 0xc7, 0x39, 0xc7, 0x39, 0xc7, 0x31,
    0xe7, 0x39, 0xa6, 0x31, 0x20, 0x00, 0x82, 0x10, 0x7d, 0xef, 0xff, 0xff, 0xff, 0xff, 0x9e, 0xf7,
    0x30, 0x84, 0x00, 0x00, 0x00, 0x00, 0x00, 0x00, 0x00, 0x00, 0x00, 0x00, 0x00, 0x00, 0x00, 0x00,
    0x00, 0x00, 0x00, 0x00, 0x00, 0x00, 0x00, 0x00, 0x00, 0x00, 0x00, 0x00, 0x00, 0x00, 0xfb, 0xde,
    0xff, 0xff, 0xff, 0xff, 0xdf, 0xff, 0x89, 0xd4, 0xa8, 0xdc, 0x8b, 0xed, 0x46, 0xd4, 0x55, 0xe6,
    0xff, 0xff, 0xdb, 0xde, 0x69, 0x4a, 0xc3, 0x18, 0x00, 0x00, 0x20, 0x00, 0x47, 0x4a, 0x6c, 0xfe,
    0x2d, 0xff, 0x29, 0xa4, 0x00, 0x00, 0x00, 0x00, 0x00, 0x00, 0x00, 0x00, 0x00, 0x00, 0x00, 0x00,
    0x00, 0x00, 0x00, 0x00, 0x00, 0x00, 0x00, 0x00, 0x00, 0x00, 0x82, 0x10, 0x68, 0x4a, 0x4a, 0x9c,
    0x49, 0x73, 0xc7, 0x31, 0x00, 0x00, 0xaa, 0x52, 0xff, 0xff, 0xff, 0xff, 0xff, 0xff, 0xff, 0xff,
    0xff, 0xff, 0xff, 0xff, 0xff, 0xff, 0xff, 0xff, 0xff, 0xff, 0xff, 0xff, 0xff, 0xff, 0xff, 0xff,
    0xff, 0xff, 0xff, 0xff, 0x3c, 0xe7, 0x28, 0x42, 0xa6, 0x31, 0xe7, 0x39, 0xc7, 0x39, 0xc7, 0x39,
    0xc7, 0x31, 0xe7, 0x39, 0x65, 0x29, 0x00, 0x00, 0xe7, 0x39, 0xff, 0xff, 0xdf, 0xff, 0xff, 0xff,
    0x1c, 0xe7, 0x00, 0x00, 0x00, 0x00, 0x00, 0x00, 0x00, 0x00, 0x00, 0x00, 0x00, 0x00, 0x00, 0x00,
    0x00, 0x00, 0x00, 0x00, 0x00, 0x00, 0x00, 0x00, 0x00, 0x00, 0x00, 0x00, 0xf7, 0xbd, 0xdf, 0xff,
    0xff, 0xff, 0xff, 0xff, 0x90, 0xdd, 0x46, 0xd4, 0xcb, 0xed, 0x29, 0xe5, 0x68, 0xd4, 0xdf, 0xff,
    0xff, 0xff, 0xff, 0xff, 0xff, 0xff, 0x59, 0xce, 0x00, 0x00, 0xe3, 0x18, 0x28, 0x42, 0x6a, 0xac,
    0x8a, 0xac, 0x47, 0x4a, 0x24, 0x21, 0x65, 0x29, 0xa6, 0x31, 0xc7, 0x39, 0xe7, 0x39, 0xe7, 0x39,
    0xc7, 0x39, 0xa6, 0x31, 0x45, 0x29, 0xc3, 0x18, 0x40, 0x08, 0x00, 0x00, 0x42, 0x29, 0xeb, 0xe5,
    0x6c, 0xfe, 0xe7, 0x39, 0x00, 0x00, 0x8a, 0x52, 0xff, 0xff, 0xff, 0xff, 0xff, 0xff, 0xff, 0xff,
    0xff, 0xff, 0xff, 0xff, 0xff, 0xff, 0xff, 0xff, 0xff, 0xff, 0xff, 0xff, 0xff, 0xff, 0xff, 0xff,
    0xff, 0xff, 0xff, 0xff, 0xff, 0xff, 0x7d, 0xef, 0x28, 0x42, 0xa6, 0x31, 0xe7, 0x39, 0xc7, 0x39,
    0xc7, 0x39, 0xc7, 0x31, 0xe7, 0x39, 0x24, 0x21, 0x00, 0x00, 0x30, 0x84, 0xff, 0xff, 0xff, 0xff,
    0xff, 0xff, 0x38, 0xc6, 0x00, 0x00, 0x00, 0x00, 0x00, 0x00, 0x00, 0x00, 0x00, 0x00, 0x00, 0x00,
    0x00, 0x00, 0x00, 0x00, 0x00, 0x00, 0x00, 0x00, 0x00, 0x00, 0x00, 0x00, 0x5d, 0xef, 0xff, 0xff,
    0xff, 0xff, 0xd8, 0xee, 0x06, 0xd4, 0x6a, 0xe5, 0x2c, 0xf6, 0x46, 0xd4, 0xb1, 0xdd, 0xff, 0xff,
    0xff, 0xff, 0xdf, 0xff, 0xff, 0xff, 0x51, 0x8c, 0x00, 0x00, 0x86, 0x31, 0xc7, 0x39, 0x66, 0x29,
    0x66, 0x29, 0xa7, 0x31, 0xe7, 0x39, 0xe7, 0x39, 0xc7, 0x39, 0xc7, 0x39, 0xc7, 0x39, 0xc7, 0x39,
    0xc7, 0x39, 0xe7, 0x39, 0xe7, 0x39, 0xe7, 0x39, 0xa6, 0x31, 0xe3, 0x18, 0x00, 0x00, 0x60, 0x10,
    0xa9, 0xb4, 0x27, 0x42, 0x00, 0x00, 0x0c, 0x63, 0xff, 0xff, 0xdf, 0xff, 0xff, 0xff, 0xff, 0xff,
    0xff, 0xff, 0xff, 0xff, 0xff, 0xff, 0xff, 0xff, 0xff, 0xff, 0xff, 0xff, 0xff, 0xff, 0xff, 0xff,
    0xff, 0xff, 0xff, 0xff, 0xff, 0xff, 0xff, 0xff, 0x5d, 0xef, 0xe7, 0x39, 0xc6, 0x31, 0xc7, 0x39,
    0xc7, 0x39, 0xc7, 0x39, 0xc7, 0x31, 0xe7, 0x39, 0x82, 0x10, 0x00, 0x00, 0xba, 0xd6, 0xff, 0xff,
    0xff, 0xff, 0x7d, 0xef, 0x00, 0x00, 0x00, 0x00, 0x00, 0x00, 0x00, 0x00, 0x00, 0x00, 0x00, 0x00,
    0x00, 0x00, 0x00, 0x00, 0x00, 0x00, 0x00, 0x00, 0x00, 0x00, 0x79, 0xce, 0xff, 0xff, 0xff, 0xff,
    0xdf, 0xff, 0x89, 0xd4, 0xc8, 0xdc, 0x4c, 0xf6, 0x8a, 0xed, 0x26, 0xd4, 0x3a, 0xf7, 0xff, 0xff,
    0xff, 0xff, 0xff, 0xff, 0xff, 0xff, 0xcb, 0x5a, 0x00, 0x00, 0xa6, 0x31, 0xe7, 0x39, 0xe7, 0x39,
    0xe7, 0x39, 0xc7, 0x39, 0xc7, 0x31, 0xc7, 0x31, 0xc7, 0x39, 0xc7, 0x39, 0xc7, 0x39, 0xc7, 0x39,
    0xc7, 0x39, 0xc7, 0x39, 0xc7, 0x31, 0xc7, 0x31, 0xc7, 0x39, 0xe7, 0x39, 0x65, 0x29, 0x00, 0x00,
    0x41, 0x08, 0x65, 0x29, 0x00, 0x00, 0xb2, 0x94, 0xff, 0xff, 0xdf, 0xff, 0xff, 0xff, 0xff, 0xff,
    0xff, 0xff, 0xff, 0xff, 0xff, 0xff, 0xff, 0xff, 0xff, 0xff, 0xff, 0xff, 0xff, 0xff, 0xff, 0xff,
    0xff, 0xff, 0xff, 0xff, 0xff, 0xff, 0xff, 0xff, 0xff, 0xff, 0x9a, 0xd6, 0x86, 0x29, 0xe7, 0x39,
    0xc7, 0x39, 0xc7, 0x39, 0xc7, 0x39, 0xe7, 0x39, 0xa6, 0x31, 0x00, 0x00, 0x86, 0x31, 0xff, 0xff,
    0xff, 0xff, 0xff, 0xff, 0x9a, 0xd6, 0x00, 0x00, 0x00, 0x00, 0x00, 0x00, 0x00, 0x00, 0x00, 0x00,
    0x00, 0x00, 0x00, 0x00, 0x00, 0x00, 0x00, 0x00, 0x00, 0x00, 0x7d, 0xef, 0xff, 0xff, 0xff, 0xff,
    0x13, 0xe6, 0x26, 0xd4, 0xcb, 0xed, 0x6c, 0xf6, 0xe8, 0xe4, 0xca, 0xd4, 0xff, 0xff, 0xff, 0xff,
    0xff, 0xff, 0xff, 0xff, 0xdf, 0xff, 0xa2, 0x10, 0x20, 0x00, 0xc7, 0x39, 0xc7, 0x39, 0xc7, 0x39,
    0xc7, 0x39, 0xc7, 0x39, 0xc7, 0x39, 0xc7, 0x39, 0xc7, 0x39, 0xc7, 0x39, 0xc7, 0x39, 0xc7, 0x39,
    0xc7, 0x39, 0xc7, 0x39, 0xc7, 0x39, 0xc7, 0x39, 0xc7, 0x39, 0xc7, 0x31, 0xe7, 0x39, 0x24, 0x21,
    0x00, 0x00, 0x00, 0x00, 0x00, 0x00, 0xfb, 0xde, 0xff, 0xff, 0xff, 0xff, 0xff, 0xff, 0xff, 0xff,
    0xff, 0xff, 0xff, 0xff, 0xff, 0xff, 0xff, 0xff, 0xff, 0xff, 0xff, 0xff, 0xff, 0xff, 0xff, 0xff,
    0xff, 0xff, 0xff, 0xff, 0xff, 0xff, 0xff, 0xff, 0xff, 0xff, 0xff, 0xff, 0x34, 0xa5, 0x65, 0x29,
    0xe7, 0x39, 0xc7, 0x39, 0xc7, 0x39, 0xc7, 0x31, 0xe7, 0x39, 0x04, 0x21, 0x00, 0x00, 0x34, 0xa5,
    0xff, 0xff, 0xff, 0xff, 0x9e, 0xf7, 0x71, 0x8c, 0x00, 0x00, 0x00, 0x00, 0x00, 0x00, 0x00, 0x00,
    0x00, 0x00, 0x00, 0x00, 0x00, 0x00, 0x00, 0x00, 0x9a, 0xd6, 0xff, 0xff, 0xff, 0xff, 0xbe, 0xff,
    0x68, 0xd4, 0x09, 0xe5, 0x4c, 0xf6, 0x0c, 0xee, 0x66, 0xdc, 0xb0, 0xdd, 0xff, 0xff, 0xff, 0xff,
    0xff, 0xff, 0xff, 0xff, 0x34, 0xa5, 0x00, 0x00, 0x24, 0x21, 0xe7, 0x39, 0xc7, 0x31, 0xc7, 0x39,
    0xc7, 0x39, 0xc7, 0x39, 0xc7, 0x39, 0xc7, 0x39, 0xc7, 0x39, 0xc7, 0x39, 0xc7, 0x39, 0xc7, 0x39,
    0xc7, 0x39, 0xc7, 0x39, 0xc7, 0x39, 0xc7, 0x39, 0xc7, 0x39, 0xc7, 0x39, 0xc7, 0x31, 0xe7, 0x39,
    0xa2, 0x10, 0x00, 0x00, 0x08, 0x42, 0xff, 0xff, 0xff, 0xff, 0xff, 0xff, 0xff, 0xff, 0xff, 0xff,
    0xff, 0xff, 0xff, 0xff, 0xff, 0xff, 0xff, 0xff, 0xff, 0xff, 0xff, 0xff, 0xff, 0xff, 0xff, 0xff,
    0xff, 0xff, 0xff, 0xff, 0xff, 0xff, 0xff, 0xff, 0xff, 0xff, 0xff, 0xff, 0xff, 0xff, 0x4d, 0x6b,
    0x86, 0x29, 0xe7, 0x39, 0xc7, 0x39, 0xc7, 0x39, 0xc7, 0x39, 0xe7, 0x39, 0x40, 0x00, 0xc3, 0x18,
    0xff, 0xff, 0xff, 0xff, 0xff, 0xff, 0xba, 0xd6, 0x00, 0x00, 0x00, 0x00, 0x00, 0x00, 0x00, 0x00,
    0x00, 0x00, 0x00, 0x00, 0x00, 0x00, 0x00, 0x00, 0x7d, 0xef, 0xff, 0xff, 0xff, 0xff, 0xf3, 0xe5,
    0x46, 0xd4, 0xcb, 0xed, 0x6c, 0xf6, 0xcb, 0xed, 0x26, 0xd4, 0xd8, 0xee, 0xff, 0xff, 0xff, 0xff,
    0xff, 0xff, 0xff, 0xff, 0xc7, 0x39, 0x00, 0x00, 0xc7, 0x31, 0xc7, 0x39, 0xc7, 0x39, 0xc7, 0x39,
    0xc7, 0x39, 0xc7, 0x39, 0xc7, 0x39, 0xc7, 0x39, 0xc7, 0x39, 0xc7, 0x39, 0xc7, 0x39, 0xc7, 0x39,
    0xc7, 0x39, 0xc7, 0x39, 0xc7, 0x39, 0xc7, 0x39, 0xc7, 0x39, 0xc7, 0x39, 0xc7, 0x31, 0xe7, 0x39,
    0x65, 0x29, 0x00, 0x00, 0xf3, 0x9c, 0xff, 0xff, 0xdf, 0xff, 0xff, 0xff, 0xff, 0xff, 0xff, 0xff,
    0xff, 0xff, 0xff, 0xff, 0xff, 0xff, 0xff, 0xff, 0xff, 0xff, 0xff, 0xff, 0xff, 0xff, 0xff, 0xff,
    0xff, 0xff, 0xff, 0xff, 0xff, 0xff, 0xff, 0xff, 0xff, 0xff, 0xff, 0xff, 0xff, 0xff, 0x5d, 0xef,
    0xc7, 0x39, 0xc7, 0x39, 0xc7, 0x39, 0xc7, 0x39, 0xc7, 0x31, 0xe7, 0x39, 0x45, 0x21, 0x00, 0x00,
    0xd3, 0x9c, 0xff, 0xff, 0xff, 0xff, 0x9e, 0xf7, 0x00, 0x00, 0x00, 0x00, 0x00, 0x00, 0x00, 0x00,
    0x00, 0x00, 0x00, 0x00, 0x00, 0x00, 0x18, 0xc6, 0xff, 0xff, 0xff, 0xff, 0xde, 0xff, 0x88, 0xd4,
    0x09, 0xe5, 0x4c, 0xf6, 0x4c, 0xf6, 0x6a, 0xe5, 0x47, 0xd4, 0x7c, 0xf7, 0xff, 0xff, 0xff, 0xff,
    0xff, 0xff, 0x3c, 0xe7, 0x00, 0x00, 0x82, 0x10, 0xe7, 0x39, 0xc7, 0x31, 0xc7, 0x39, 0xc7, 0x39,
    0xc7, 0x39, 0xc7, 0x39, 0xc7, 0x39, 0xc7, 0x39, 0xc7, 0x39, 0xc7, 0x39, 0xc7, 0x39, 0xc7, 0x39,
    0xc7, 0x39, 0xc7, 0x39, 0xc7, 0x39, 0xc7, 0x39, 0xc7, 0x39, 0xc7, 0x39, 0xc7, 0x39, 0xc7, 0x39,
    0xc7, 0x31, 0x00, 0x00, 0x4d, 0x6b, 0xff, 0xff, 0xdf, 0xff, 0xff, 0xff, 0xff, 0xff, 0xff, 0xff,
    0xff, 0xff, 0xff, 0xff, 0xff, 0xff, 0xff, 0xff, 0xff, 0xff, 0xff, 0xff, 0xff, 0xff, 0xff, 0xff,
    0xff, 0xff, 0xff, 0xff, 0xff, 0xff, 0xff, 0xff, 0xff, 0xff, 0xff, 0xff, 0xff, 0xff, 0xff, 0xff,
    0x14, 0x9d, 0x45, 0x29, 0xe7, 0x39, 0xc7, 0x39, 0xc7, 0x39, 0xc7, 0x39, 0xe7, 0x39, 0x20, 0x00,
    0x04, 0x21, 0xff, 0xff, 0xff, 0xff, 0xff, 0xff, 0x59, 0xce, 0x00, 0x00, 0x00, 0x00, 0x00, 0x00,
    0x00, 0x00, 0x00, 0x00, 0x00, 0x00, 0x3c, 0xe7, 0xff, 0xff, 0xff, 0xff, 0x75, 0xe6, 0x26, 0xd4,
    0xcb, 0xed, 0x4c, 0xf6, 0x4c, 0xf6, 0x09, 0xe5, 0xaa, 0xd4, 0xff, 0xff, 0xff, 0xff, 0xff, 0xff,
    0xff, 0xff, 0x55, 0xad, 0x00, 0x00, 0x45, 0x29, 0xe7, 0x39, 0xc7, 0x31, 0xc7, 0x39, 0xc7, 0x39,
    0xc7, 0x39, 0xc7, 0x39, 0xc7, 0x39, 0xc7, 0x39, 0xc7, 0x39, 0xc7, 0x39, 0xc7, 0x39, 0xc7, 0x39,
    0xc7, 0x39, 0xc7, 0x39, 0xc7, 0x39, 0xc7, 0x39, 0xc7, 0x39, 0xc7, 0x39, 0xc7, 0x39, 0xc7, 0x39,
    0xc7, 0x39, 0x00, 0x00, 0xe7, 0x39, 0xff, 0xff, 0xff, 0xff, 0xff, 0xff, 0xff, 0xff, 0xff, 0xff,
    0xff, 0xff, 0xff, 0xff, 0xff, 0xff, 0xff, 0xff, 0xff, 0xff, 0xff, 0xff, 0xff, 0xff, 0xff, 0xff,
    0xff, 0xff, 0xff, 0xff, 0xff, 0xff, 0xff, 0xff, 0xff, 0xff, 0xff, 0xff, 0xff, 0xff, 0xff, 0xff,
    0xdf, 0xff, 0x49, 0x42, 0xc6, 0x31, 0xc7, 0x39, 0xc7, 0x39, 0xc7, 0x31, 0xe7, 0x39, 0x24, 0x21,
    0x00, 0x00, 0xf7, 0xbd, 0xff, 0xff, 0xff, 0xff, 0x3c, 0xe7, 0x00, 0x00, 0x00, 0x00, 0x00, 0x00,
    0x00, 0x00, 0x00, 0x00, 0x30, 0x84, 0x9e, 0xf7, 0xff, 0xff, 0xff, 0xff, 0x0c, 0xdd, 0xa7, 0xdc,
    0x2c, 0xf6, 0x2c, 0xf6, 0x2c, 0xf6, 0xa7, 0xdc, 0x4d, 0xdd, 0xff, 0xff, 0xff, 0xff, 0xdf, 0xff,
    0xff, 0xff, 0x10, 0x84, 0x00, 0x00, 0x86, 0x31, 0xe7, 0x39, 0xc7, 0x31, 0xc7, 0x39, 0xc7, 0x39,
    0xc7, 0x39, 0xc7, 0x39, 0xc7, 0x39, 0xc7, 0x39, 0xc7, 0x39, 0xc7, 0x39, 0xc7, 0x39, 0xc7, 0x39,
    0xc7, 0x39, 0xc7, 0x39, 0xc7, 0x39, 0xc7, 0x39, 0xc7, 0x39, 0xc7, 0x39, 0xc7, 0x39, 0xc7, 0x39,
    0xe7, 0x39, 0x82, 0x10, 0x20, 0x00, 0xfb, 0xde, 0xff, 0xff, 0xff, 0xff, 0xff, 0xff, 0xff, 0xff,
    0xff, 0xff, 0xff, 0xff, 0xff, 0xff, 0xff, 0xff, 0xff, 0xff, 0xff, 0xff, 0xff, 0xff, 0xff, 0xff,
    0xff, 0xff, 0xff, 0xff, 0xff, 0xff, 0xff, 0xff, 0xff, 0xff, 0xff, 0xff, 0xff, 0xff, 0xff, 0xff,
    0xff, 0xff, 0x34, 0xa5, 0x45, 0x29, 0xe7, 0x39, 0xc7, 0x39, 0xc7, 0x39, 0xc7, 0x39, 0xc7, 0x31,
    0x00, 0x00, 0x69, 0x4a, 0xff, 0xff, 0xff, 0xff, 0xbe, 0xf7, 0xf3, 0x9c, 0x00, 0x00, 0x00, 0x00,
    0x00, 0x00, 0x00, 0x00, 0x59, 0xce, 0xff, 0xff, 0xff, 0xff, 0x5c, 0xf7, 0x47, 0xd4, 0x6a, 0xe5,
    0x4c, 0xf6, 0x2c, 0xf6, 0x2c, 0xf6, 0x67, 0xdc, 0xd1, 0xe5, 0xff, 0xff, 0xff, 0xff, 0xdf, 0xff,
    0xff, 0xff, 0xcf, 0x7b, 0x00, 0x00, 0xa6, 0x31, 0xe7, 0x39, 0xc7, 0x39, 0xc7, 0x39, 0xc7, 0x39,
    0xc7, 0x39, 0xc7, 0x39, 0xc7, 0x39, 0xc7, 0x39, 0xc7, 0x39, 0xc7, 0x39, 0xc7, 0x39, 0xc7, 0x39,
    0xc7, 0x39, 0xc7, 0x39, 0xc7, 0x39, 0xc7, 0x39, 0xc7, 0x39, 0xc7, 0x39, 0xc7, 0x39, 0xc7, 0x31,
    0xe7, 0x39, 0x86, 0x29, 0x00, 0x00, 0xef, 0x7b, 0xff, 0xff, 0xdf, 0xff, 0xff, 0xff, 0xff, 0xff,
    0xff, 0xff, 0xff, 0xff, 0xff, 0xff, 0xff, 0xff, 0xff, 0xff, 0xff, 0xff, 0xff, 0xff, 0xff, 0xff,
    0xff, 0xff, 0xff, 0xff, 0xff, 0xff, 0xff, 0xff, 0xff, 0xff, 0xff, 0xff, 0xff, 0xff, 0xff, 0xff,
    0xff, 0xff, 0xbe, 0xf7, 0x08, 0x42, 0xc7, 0x31, 0xc7, 0x39, 0xc7, 0x39, 0xc7, 0x31, 0xe7, 0x39,
    0x82, 0x10, 0x41, 0x08, 0x9e, 0xf7, 0xff, 0xff, 0xff, 0xff, 0x9a, 0xd6, 0x00, 0x00, 0x00, 0x00,
    0x00, 0x00, 0x00, 0x00, 0x1c, 0xe7, 0xff, 0xff, 0xff, 0xff, 0x34, 0xe6, 0x46, 0xd4, 0xeb, 0xed,
    0x4c, 0xf6, 0x2c, 0xf6, 0x0c, 0xee, 0x46, 0xd4, 0x34, 0xe6, 0xff, 0xff, 0xff, 0xff, 0xdf, 0xff,
    0xff, 0xff, 0x51, 0x8c, 0x00, 0x00, 0x86, 0x29, 0xe7, 0x39, 0xc7, 0x31, 0xc7, 0x39, 0xc7, 0x39,
    0xc7, 0x39, 0xc7, 0x39, 0xc7, 0x39, 0xc7, 0x39, 0xc7, 0x39, 0xc7, 0x39, 0xc7, 0x39, 0xc7, 0x39,
    0xc7, 0x39, 0xc7, 0x39, 0xc7, 0x39, 0xc7, 0x39, 0xc7, 0x39, 0xc7, 0x39, 0xc7, 0x39, 0xc7, 0x31,
    0xc7, 0x39, 0xc7, 0x31, 0x00, 0x00, 0x2c, 0x63, 0xff, 0xff, 0xdf, 0xff, 0xff, 0xff, 0xff, 0xff,
    0xff, 0xff, 0xff, 0xff, 0xff, 0xff, 0xff, 0xff, 0xff, 0xff, 0xff, 0xff, 0xff, 0xff, 0xff, 0xff,
    0xff, 0xff, 0xff, 0xff, 0xff, 0xff, 0xff, 0xff, 0xff, 0xff, 0xff, 0xff, 0xff, 0xff, 0xff, 0xff,
    0xff, 0xff, 0xff, 0xff, 0x30, 0x84, 0x65, 0x29, 0xe7, 0x39, 0xc7, 0x39, 0xc7, 0x31, 0xe7, 0x39,
    0x65, 0x29, 0x00, 0x00, 0x55, 0xad, 0xff, 0xff, 0xff, 0xff, 0x3c, 0xe7, 0x00, 0x00, 0x00, 0x00,
    0x00, 0x00, 0x00, 0x00, 0x7d, 0xef, 0xff, 0xff, 0xff, 0xff, 0x2d, 0xdd, 0xa7, 0xdc, 0x2c, 0xf6,
    0x2c, 0xf6, 0x4c, 0xf6, 0xeb, 0xed, 0x46, 0xd4, 0x96, 0xee, 0xff, 0xff, 0xff, 0xff, 0xff, 0xff,
    0xff, 0xff, 0x79, 0xce, 0x00, 0x00, 0xc3, 0x18, 0xe7, 0x39, 0xc6, 0x31, 0xc7, 0x39, 0xc7, 0x39,
    0xc7, 0x39, 0xc7, 0x39, 0xc7, 0x39, 0xc7, 0x39, 0xc7, 0x39, 0xc7, 0x39, 0xc7, 0x39, 0xc7, 0x39,
    0xc7, 0x39, 0xc7, 0x39, 0xc7, 0x39, 0xc7, 0x39, 0xc7, 0x39, 0xc7, 0x39, 0xc7, 0x39, 0xc7, 0x39,
    0xe7, 0x39, 0xe3, 0x18, 0x00, 0x00, 0x75, 0xad, 0xff, 0xff, 0xff, 0xff, 0xff, 0xff, 0xff, 0xff,
    0xff, 0xff, 0xff, 0xff, 0xff, 0xff, 0xff, 0xff, 0xff, 0xff, 0xff, 0xff, 0xff, 0xff, 0xff, 0xff,
    0xff, 0xff, 0xff, 0xff, 0xff, 0xff, 0xff, 0xff, 0xff, 0xff, 0xff, 0xff, 0xff, 0xff, 0xff, 0xff,
    0xff, 0xff, 0xff, 0xff, 0x9a, 0xd6, 0x85, 0x29, 0xe7, 0x39, 0xc7, 0x39, 0xc7, 0x39, 0xc7, 0x39,
    0xc7, 0x31, 0x00, 0x00, 0xcb, 0x5a, 0xff, 0xff, 0xff, 0xff, 0x9e, 0xf7, 0x00, 0x00, 0x00, 0x00,
    0x00, 0x00, 0x55, 0xad, 0xdf, 0xff, 0xff, 0xff, 0xbe, 0xff, 0x68, 0xd4, 0x29, 0xe5, 0x4c, 0xf6,
    0x2b, 0xf6, 0x4c, 0xf6, 0xeb, 0xed, 0x46, 0xd4, 0xb7, 0xee, 0xff, 0xff, 0xff, 0xff, 0xff, 0xff,
    0xff, 0xff, 0xff, 0xff, 0xa6, 0x31, 0x00, 0x00, 0x85, 0x29, 0xe7, 0x39, 0xc7, 0x31, 0xc7, 0x31,
    0xc7, 0x39, 0xc7, 0x39, 0xc7, 0x39, 0xc7, 0x39, 0xc7, 0x39, 0xc7, 0x39, 0xc7, 0x39, 0xc7, 0x39,
    0xc7, 0x39, 0xc7, 0x39, 0xc7, 0x39, 0xc7, 0x39, 0xc7, 0x39, 0xc7, 0x39, 0xc7, 0x39, 0xa6, 0x31,
    0xc3, 0x18, 0x00, 0x00, 0xaa, 0x52, 0xff, 0xff, 0xdf, 0xff, 0xff, 0xff, 0xff, 0xff, 0xff, 0xff,
    0xff, 0xff, 0xff, 0xff, 0xff, 0xff, 0xff, 0xff, 0xff, 0xff, 0xff, 0xff, 0xff, 0xff, 0xff, 0xff,
    0xff, 0xff, 0xff, 0xff, 0xff, 0xff, 0xff, 0xff, 0xff, 0xff, 0xff, 0xff, 0xff, 0xff, 0xff, 0xff,
    0xff, 0xff, 0xff, 0xff, 0xff, 0xff, 0x69, 0x4a, 0xa6, 0x31, 0xc7, 0x39, 0xc7, 0x39, 0xc7, 0x31,
    0xe7, 0x39, 0x41, 0x08, 0xc3, 0x18, 0xff, 0xff, 0xff, 0xff, 0xff, 0xff, 0xd7, 0xbd, 0x00, 0x00,
    0x00, 0x00, 0x9a, 0xd6, 0xff, 0xff, 0xff, 0xff, 0x1a, 0xf7, 0x26, 0xd4, 0xaa, 0xed, 0x4c, 0xf6,
    0x2b, 0xf6, 0x4c, 0xf6, 0xeb, 0xed, 0x46, 0xd4, 0xb7, 0xee, 0xff, 0xff, 0xff, 0xff, 0xff, 0xff,
    0xff, 0xff, 0xff, 0xff, 0xfb, 0xde, 0x20, 0x00, 0x00, 0x00, 0x45, 0x29, 0xe7, 0x39, 0xe7, 0x39,
    0xe7, 0x39, 0xc7, 0x39, 0xc7, 0x39, 0xc7, 0x39, 0xc7, 0x39, 0xc7, 0x39, 0xc7, 0x39, 0xc7, 0x39,
    0xc7, 0x39, 0xc7, 0x39, 0xc7, 0x39, 0xc7, 0x39, 0xc7, 0x39, 0xc7, 0x39, 0xc6, 0x31, 0x20, 0x00,
    0x00, 0x00, 0x00, 0x00, 0x51, 0x8c, 0x9e, 0xf7, 0xff, 0xff, 0xff, 0xff, 0xff, 0xff, 0xff, 0xff,
    0xff, 0xff, 0xff, 0xff, 0xff, 0xff, 0xff, 0xff, 0xff, 0xff, 0xff, 0xff, 0xff, 0xff, 0xff, 0xff,
    0xff, 0xff, 0xff, 0xff, 0xff, 0xff, 0xff, 0xff, 0xff, 0xff, 0xff, 0xff, 0xff, 0xff, 0xff, 0xff,
    0xff, 0xff, 0xff, 0xff, 0xff, 0xff, 0xef, 0x7b, 0x65, 0x29, 0xe7, 0x39, 0xc7, 0x39, 0xc7, 0x31,
    0xe7, 0x39, 0xe3, 0x18, 0x00, 0x00, 0xfb, 0xde, 0xff, 0xff, 0xff, 0xff, 0xba, 0xd6, 0x00, 0x00,
    0x00, 0x00, 0xfb, 0xde, 0xff, 0xff, 0xff, 0xff, 0x55, 0xe6, 0x46, 0xd4, 0xeb, 0xed, 0x4c, 0xf6,
    0x2b, 0xf6, 0x4c, 0xf6, 0xeb, 0xed, 0x46, 0xd4, 0xb7, 0xee, 0xff, 0xff, 0xff, 0xff, 0xff, 0xff,
    0xff, 0xff, 0xff, 0xff, 0xff, 0xff, 0x59, 0xce, 0xa2, 0x10, 0x00, 0x00, 0x61, 0x08, 0x04, 0x21,
    0x86, 0x31, 0xc7, 0x39, 0xc7, 0x39, 0xc7, 0x39, 0xc7, 0x39, 0xc7, 0x39, 0xc7, 0x39, 0xc7, 0x39,
    0xc7, 0x39, 0xc7, 0x39, 0xc7, 0x39, 0xc7, 0x39, 0xc7, 0x39, 0xc7, 0x39, 0xc7, 0x31, 0xe3, 0x18,
    0x82, 0x10, 0x20, 0x00, 0x00, 0x00, 0x61, 0x08, 0x30, 0x84, 0xff, 0xff, 0xff, 0xff, 0xff, 0xff,
    0xff, 0xff, 0xff, 0xff, 0xff, 0xff, 0xff, 0xff, 0xff, 0xff, 0xff, 0xff, 0xff, 0xff, 0xff, 0xff,
    0xff, 0xff, 0xff, 0xff, 0xff, 0xff, 0xff, 0xff, 0xff, 0xff, 0xff, 0xff, 0xff, 0xff, 0xff, 0xff,
    0xff, 0xff, 0xff, 0xff, 0xff, 0xff, 0x75, 0xad, 0x45, 0x29, 0xe7, 0x39, 0xc7, 0x39, 0xc7, 0x31,
    0xe7, 0x39, 0x65, 0x29, 0x00, 0x00, 0x96, 0xb5, 0xff, 0xff, 0xff, 0xff, 0x1c, 0xe7, 0x00, 0x00,
    0x00, 0x00, 0x3c, 0xe7, 0xff, 0xff, 0xff, 0xff, 0xb1, 0xe5, 0x66, 0xdc, 0x2c, 0xf6, 0x2c, 0xf6,
    0x2c, 0xf6, 0x4c, 0xf6, 0xeb, 0xed, 0x46, 0xd4, 0xb6, 0xee, 0xff, 0xff, 0xff, 0xff, 0xff, 0xff,
    0xff, 0xff, 0xff, 0xff, 0xff, 0xff, 0xff, 0xff, 0x9e, 0xf7, 0x6d, 0x6b, 0x41, 0x08, 0x00, 0x00,
    0x40, 0x00, 0xc7, 0x39, 0xc7, 0x39, 0xc7, 0x39, 0xc7, 0x39, 0xc7, 0x39, 0xc7, 0x39, 0xc7, 0x39,
    0xc7, 0x39, 0xc7, 0x39, 0xc7, 0x39, 0xc7, 0x39, 0xc7, 0x39, 0xc7, 0x39, 0xc7, 0x39, 0xe7, 0x39,
    0xe7, 0x39, 0xc6, 0x31, 0x45, 0x29, 0x41, 0x08, 0x00, 0x00, 0x65, 0x29, 0x3c, 0xe7, 0xff, 0xff,
    0xff, 0xff, 0xff, 0xff, 0xff, 0xff, 0xff, 0xff, 0xff, 0xff, 0xff, 0xff, 0xff, 0xff, 0xff, 0xff,
    0xff, 0xff, 0xff, 0xff, 0xff, 0xff, 0xff, 0xff, 0xff, 0xff, 0xff, 0xff, 0xff, 0xff, 0xff, 0xff,
    0xff, 0xff, 0xff, 0xff, 0xff, 0xff, 0xba, 0xd6, 0x86, 0x29, 0xe7, 0x39, 0xc7, 0x39, 0xc7, 0x39,
    0xe7, 0x39, 0xa6, 0x31, 0x00, 0x00, 0x10, 0x84, 0xff, 0xff, 0xff, 0xff, 0x5d, 0xef, 0x00, 0x00,
    0x00, 0x00, 0x5d, 0xef, 0xff, 0xff, 0xff, 0xff, 0x2d, 0xdd, 0xa7, 0xdc, 0x2c, 0xf6, 0x2c, 0xf6,
    0x2c, 0xf6, 0x4c, 0xf6, 0x0b, 0xee, 0x46, 0xd4, 0x54, 0xe6, 0xff, 0xff, 0xff, 0xff, 0xff, 0xff,
    0xff, 0xff, 0xff, 0xff, 0xff, 0xff, 0xff, 0xff, 0xff, 0xff, 0xff, 0xff, 0x65, 0x29, 0x00, 0x00,
    0x65, 0x29, 0xc7, 0x39, 0xc7, 0x39, 0xc7, 0x39, 0xc7, 0x39, 0xc7, 0x39, 0xc7, 0x39, 0xc7, 0x39,
    0xc7, 0x39, 0xc7, 0x39, 0xc7, 0x39, 0xc7, 0x39, 0xc7, 0x39, 0xc7, 0x39, 0xc7, 0x39, 0xc7, 0x31,
    0xc7, 0x31, 0xc7, 0x39, 0xe7, 0x39, 0xe7, 0x39, 0x24, 0x21, 0x00, 0x00, 0xa2, 0x10, 0x3c, 0xe7,
    0xff, 0xff, 0xff, 0xff, 0xff, 0xff, 0xff, 0xff, 0xff, 0xff, 0xff, 0xff, 0xff, 0xff, 0xff, 0xff,
    0xff, 0xff, 0xff, 0xff, 0xff, 0xff, 0xff, 0xff, 0xff, 0xff, 0xff, 0xff, 0xff, 0xff, 0xff, 0xff,
    0xff, 0xff, 0xff, 0xff, 0xff, 0xff, 0x7d, 0xef, 0xe7, 0x39, 0xc7, 0x31, 0xc7, 0x39, 0xc7, 0x39,
    0xc7, 0x39, 0xc7, 0x39, 0x00, 0x00, 0xeb, 0x5a, 0xff, 0xff, 0xff, 0xff, 0x7d, 0xef, 0x00, 0x00,
    0x00, 0x00, 0x9e, 0xf7, 0xff, 0xff, 0xff, 0xff, 0xeb, 0xdc, 0xe8, 0xe4, 0x4c, 0xf6, 0x2c, 0xf6,
    0x2c, 0xf6, 0x2c, 0xf6, 0x2c, 0xf6, 0x66, 0xd4, 0xf2, 0xe5, 0xff, 0xff, 0xff, 0xff, 0xff, 0xff,
    0xff, 0xff, 0xff, 0xff, 0xff, 0xff, 0xff, 0xff, 0xff, 0xff, 0x1c, 0xe7, 0x00, 0x00, 0xa2, 0x10,
    0x08, 0x3a, 0xc7, 0x31, 0xc7, 0x39, 0xc7, 0x39, 0xc7, 0x39, 0xc7, 0x39, 0xc7, 0x39, 0xc7, 0x39,
    0xc7, 0x39, 0xc7, 0x39, 0xc7, 0x39, 0xc7, 0x39, 0xc7, 0x39, 0xc7, 0x39, 0xc7, 0x39, 0xc7, 0x39,
    0xc7, 0x39, 0xc7, 0x39, 0xc7, 0x31, 0xc7, 0x39, 0xe7, 0x39, 0x65, 0x29, 0x00, 0x00, 0xa6, 0x31,
    0xff, 0xff, 0xff, 0xff, 0xff, 0xff, 0xff, 0xff, 0xff, 0xff, 0xff, 0xff, 0xff, 0xff, 0xff, 0xff,
    0xff, 0xff, 0xff, 0xff, 0xff, 0xff, 0xff, 0xff, 0xff, 0xff, 0xff, 0xff, 0xff, 0xff, 0xff, 0xff,
    0xff, 0xff, 0xff, 0xff, 0xff, 0xff, 0xff, 0xff, 0x69, 0x4a, 0xa6, 0x31, 0xc7, 0x39, 0xc7, 0x39,
    0xc7, 0x39, 0xe7, 0x39, 0x00, 0x00, 0x08, 0x42, 0xff, 0xff, 0xff, 0xff, 0x9e, 0xf7, 0x69, 0x4a,
    0x49, 0x4a, 0x9e, 0xf7, 0xff, 0xff, 0xff, 0xff, 0xaa, 0xd4, 0x09, 0xe5, 0x4c, 0xf6, 0x2c, 0xf6,
    0x2c, 0xf6, 0x2c, 0xf6, 0x2c, 0xf6, 0x87, 0xdc, 0x6f, 0xdd, 0xff, 0xff, 0xff, 0xff, 0xff, 0xff,
    0xff, 0xff, 0xff, 0xff, 0xff, 0xff, 0xdf, 0xff, 0xff, 0xff, 0x75, 0xad, 0x00, 0x00, 0x45, 0x29,
    0xe7, 0x39, 0xc7, 0x31, 0xc7, 0x39, 0xc7, 0x39, 0xc7, 0x39, 0xc7, 0x39, 0xc7, 0x39, 0xc7, 0x39,
    0xc7, 0x39, 0xc7, 0x39, 0xc7, 0x39, 0xc7, 0x39, 0xc7, 0x39, 0xc7, 0x39, 0xc7, 0x39, 0xc7, 0x39,
    0xc7, 0x39, 0xc7, 0x39, 0xc7, 0x39, 0xc7, 0x39, 0xc6, 0x31, 0x07, 0x3a, 0xe3, 0x18, 0x00, 0x00,
    0x18, 0xc6, 0xff, 0xff, 0xff, 0xff, 0xff, 0xff, 0xff, 0xff, 0xff, 0xff, 0xff, 0xff, 0xff, 0xff,
    0xff, 0xff, 0xff, 0xff, 0xff, 0xff, 0xff, 0xff, 0xff, 0xff, 0xff, 0xff, 0xff, 0xff, 0xff, 0xff,
    0xff, 0xff, 0xff, 0xff, 0xff, 0xff, 0xff, 0xff, 0xca, 0x52, 0xa6, 0x31, 0xc7, 0x39, 0xc7, 0x39,
    0xc7, 0x39, 0xe7, 0x39, 0x00, 0x00, 0x86, 0x31, 0xff, 0xff, 0xff, 0xff, 0xbe, 0xf7, 0xb2, 0x94,
    0x92, 0x94, 0xbe, 0xf7, 0xff, 0xff, 0xde, 0xff, 0x89, 0xd4, 0x29, 0xe5, 0x4c, 0xf6, 0x2c, 0xf6,
    0x2c, 0xf6, 0x2c, 0xf6, 0x4c, 0xf6, 0xe8, 0xe4, 0xec, 0xdc, 0xff, 0xff, 0xff, 0xff, 0xff, 0xff,
    0xff, 0xff, 0xff, 0xff, 0xff, 0xff, 0xdf, 0xff, 0xff, 0xff, 0x51, 0x8c, 0x00, 0x00, 0x86, 0x31,
    0xe7, 0x39, 0xc7, 0x31, 0xc7, 0x39, 0xc7, 0x39, 0xc7, 0x39, 0xc7, 0x39, 0xc7, 0x39, 0xc7, 0x39,
    0xc7, 0x39, 0xc7, 0x39, 0xc7, 0x39, 0xc7, 0x39, 0xc7, 0x39, 0xc7, 0x39, 0xc7, 0x39, 0xc7, 0x39,
    0xc7, 0x39, 0xc7, 0x39, 0xc7, 0x39, 0xc7, 0x39, 0xc7, 0x31, 0xe7, 0x39, 0xa6, 0x31, 0x00, 0x00,
    0x30, 0x84, 0xff, 0xff, 0xbe, 0xf7, 0xff, 0xff, 0xff, 0xff, 0xff, 0xff, 0xff, 0xff, 0xff, 0xff,
    0xff, 0xff, 0xff, 0xff, 0xff, 0xff, 0xff, 0xff, 0xff, 0xff, 0xff, 0xff, 0xff, 0xff, 0xff, 0xff,
    0xff, 0xff, 0xff, 0xff, 0xff, 0xff, 0xff, 0xff, 0x2c, 0x63, 0x86, 0x29, 0xe7, 0x39, 0xc7, 0x39,
    0xc7, 0x31, 0xe7, 0x39, 0x20, 0x00, 0x45, 0x29, 0xff, 0xff, 0xff, 0xff, 0xdf, 0xff, 0x79, 0xce,
    0x51, 0x8c, 0x9e, 0xf7, 0xff, 0xff, 0xde, 0xff, 0x89, 0xd4, 0x49, 0xe5, 0x4c, 0xf6, 0x2c, 0xf6,
    0x2c, 0xf6, 0x2c, 0xf6, 0x4c, 0xf6, 0x49, 0xe5, 0x68, 0xd4, 0xde, 0xff, 0xff, 0xff, 0xff, 0xff,
    0xff, 0xff, 0xff, 0xff, 0xff, 0xff, 0xdf, 0xff, 0xff, 0xff, 0xef, 0x7b, 0x00, 0x00, 0xa6, 0x31,
    0xe7, 0x39, 0xc7, 0x39, 0xc7, 0x39, 0xc7, 0x39, 0xc7, 0x39, 0xc7, 0x39, 0xc7, 0x39, 0xc7, 0x39,
    0xc7, 0x39, 0xc7, 0x39, 0xc7, 0x39, 0xc7, 0x39, 0xc7, 0x39, 0xc7, 0x39, 0xc7, 0x39, 0xc7, 0x39,
    0xc7, 0x39, 0xc7, 0x39, 0xc7, 0x39, 0xc7, 0x39, 0xc7, 0x39, 0xe7, 0x39, 0x86, 0x31, 0x00, 0x00,
    0xef, 0x7b, 0xff, 0xff, 0xff, 0xff, 0xff, 0xff, 0xdf, 0xff, 0x0c, 0x63, 0x65, 0x29, 0xcb, 0x5a,
    0x9a, 0xd6, 0xff, 0xff, 0xff, 0xff, 0xff, 0xff, 0xff, 0xff, 0xff, 0xff, 0xff, 0xff, 0xff, 0xff,
    0xff, 0xff, 0xff, 0xff, 0xff, 0xff, 0xff, 0xff, 0x4c, 0x63, 0x86, 0x29, 0xe7, 0x39, 0xc7, 0x39,
    0xc7, 0x31, 0xe7, 0x39, 0x41, 0x08, 0x45, 0x29, 0xff, 0xff, 0xff, 0xff, 0xff, 0xff, 0xbe, 0xf7,
    0x71, 0x8c, 0x9e, 0xf7, 0xff, 0xff, 0xde, 0xff, 0x89, 0xd4, 0x49, 0xe5, 0x4c, 0xf6, 0x2c, 0xf6,
    0x2c, 0xf6, 0x2c, 0xf6, 0x4c, 0xf6, 0xaa, 0xed, 0x26, 0xd4, 0x1a, 0xf7, 0xff, 0xff, 0xff, 0xff,
    0xff, 0xff, 0xff, 0xff, 0xff, 0xff, 0xdf, 0xff, 0xff, 0xff, 0xcf, 0x7b, 0x00, 0x00, 0xc6, 0x31,
    0xe7, 0x39, 0xc7, 0x39, 0xc7, 0x39, 0xc7, 0x39, 0xc7, 0x39, 0xc7, 0x39, 0xc7, 0x39, 0xc7, 0x39,
    0xc7, 0x39, 0xc7, 0x39, 0xc7, 0x39, 0xc7, 0x39, 0xc7, 0x39, 0xc7, 0x39, 0xc7, 0x39, 0xc7, 0x39,
    0xc7, 0x39, 0xc7, 0x39, 0xc7, 0x39, 0xc7, 0x39, 0xc7, 0x31, 0xe7, 0x39, 0x45, 0x29, 0x00, 0x00,
    0x71, 0x8c, 0xff, 0xff, 0x14, 0xa5, 0x96, 0xb5, 0x69, 0x4a, 0x00, 0x00, 0x20, 0x00, 0x00, 0x00,
    0x00, 0x00, 0x55, 0xad, 0xff, 0xff, 0xff, 0xff, 0xff, 0xff, 0xff, 0xff, 0xff, 0xff, 0xff, 0xff,
    0xff, 0xff, 0xff, 0xff, 0xff, 0xff, 0xff, 0xff, 0x4c, 0x63, 0x86, 0x29, 0xe7, 0x39, 0xc7, 0x39,
    0xc7, 0x31, 0xe7, 0x39, 0x41, 0x08, 0x45, 0x29, 0xff, 0xff, 0xff, 0xff, 0xff, 0xff, 0xbe, 0xf7,
    0x51, 0x8c, 0xbe, 0xf7, 0xff, 0xff, 0xdf, 0xff, 0x89, 0xd4, 0x29, 0xe5, 0x4c, 0xf6, 0x2c, 0xf6,
    0x2c, 0xf6, 0x2c, 0xf6, 0x4c, 0xf6, 0x0b, 0xee, 0x46, 0xd4, 0x34, 0xe6, 0xff, 0xff, 0xff, 0xff,
    0xff, 0xff, 0xff, 0xff, 0xff, 0xff, 0xdf, 0xff, 0xff, 0xff, 0xef, 0x7b, 0x00, 0x00, 0xa6, 0x31,
    0xe7, 0x39, 0xc7, 0x39, 0xc7, 0x39, 0xc7, 0x39, 0xc7, 0x39, 0xc7, 0x39, 0xc7, 0x39, 0xc7, 0x39,
    0xc7, 0x39, 0xc7, 0x39, 0xc7, 0x39, 0xc7, 0x39, 0xc7, 0x39, 0xc7, 0x39, 0xc7, 0x39, 0xc7, 0x39,
    0xc7, 0x39, 0xc7, 0x39, 0xc7, 0x39, 0xc7, 0x39, 0xc7, 0x39, 0xc7, 0x39, 0xa6, 0x31, 0xe3, 0x18,
    0x86, 0x31, 0x24, 0x21, 0x00, 0x00, 0x00, 0x00, 0x00, 0x00, 0x61, 0x08, 0x07, 0x3a, 0xa6, 0x31,
    0x41, 0x08, 0x00, 0x00, 0x38, 0xc6, 0xff, 0xff, 0xff, 0xff, 0xff, 0xff, 0xff, 0xff, 0xff, 0xff,
    0xff, 0xff, 0xff, 0xff, 0xff, 0xff, 0xff, 0xff, 0xeb, 0x5a, 0x86, 0x31, 0xc7, 0x39, 0xc7, 0x39,
    0xc7, 0x31, 0xe7, 0x39, 0x20, 0x00, 0x65, 0x29, 0xff, 0xff, 0xff, 0xff, 0xdf, 0xff, 0xba, 0xd6,
    0xcb, 0x5a, 0x9e, 0xf7, 0xff, 0xff, 0xff, 0xff, 0xaa, 0xd4, 0x09, 0xe5, 0x4c, 0xf6, 0x2c, 0xf6,
    0x2c, 0xf6, 0x2c, 0xf6, 0x2c, 0xf6, 0x4c, 0xf6, 0xa7, 0xdc, 0x0d, 0xdd, 0xff, 0xff, 0xff, 0xff,
    0xff, 0xff, 0xff, 0xff, 0xff, 0xff, 0xdf, 0xff, 0xff, 0xff, 0x51, 0x8c, 0x00, 0x00, 0x86, 0x31,
    0xe7, 0x39, 0xc7, 0x31, 0xc7, 0x39, 0xc7, 0x39, 0xc7, 0x39, 0xc7, 0x39, 0xc7, 0x39, 0xc7, 0x39,
    0xc7, 0x39, 0xc7, 0x39, 0xc7, 0x39, 0xc7, 0x39, 0xc7, 0x39, 0xc7, 0x39, 0xc7, 0x39, 0xc7, 0x39,
    0xc7, 0x39, 0xc7, 0x39, 0xc7, 0x39, 0xc7, 0x39, 0xc7, 0x39, 0xc7, 0x39, 0xc7, 0x39, 0xe7, 0x39,
    0x44, 0x21, 0x61, 0x08, 0x04, 0x21, 0x65, 0x29, 0x41, 0x08, 0x00, 0x00, 0xe3, 0x18, 0x08, 0x3a,
    0xa6, 0x31, 0x20, 0x00, 0xc3, 0x18, 0xdf, 0xff, 0xff, 0xff, 0xff, 0xff, 0xff, 0xff, 0xff, 0xff,
    0xff, 0xff, 0xff, 0xff, 0xff, 0xff, 0xdf, 0xff, 0x07, 0x3a, 0xa6, 0x31, 0xc7, 0x39, 0xc7, 0x39,
    0xc7, 0x39, 0xe7, 0x39, 0x00, 0x00, 0x86, 0x31, 0xff, 0xff, 0xff, 0xff, 0xbe, 0xf7, 0x92, 0x94,
    0x00, 0x00, 0x9e, 0xf7, 0xff, 0xff, 0xff, 0xff, 0xeb, 0xdc, 0xe8, 0xe4, 0x4c, 0xf6, 0x2c, 0xf6,
    0x2c, 0xf6, 0x2c, 0xf6, 0x2c, 0xf6, 0x4c, 0xf6, 0x4a, 0xe5, 0x47, 0xd4, 0x9d, 0xf7, 0xff, 0xff,
    0xff, 0xff, 0xff, 0xff, 0xff, 0xff, 0xdf, 0xff, 0xff, 0xff, 0x75, 0xad, 0x00, 0x00, 0x45, 0x29,
    0xe7, 0x39, 0xc7, 0x31, 0xc7, 0x39, 0xc7, 0x39, 0xc7, 0x39, 0xc7, 0x39, 0xc7, 0x39, 0xc7, 0x39,
    0xc7, 0x39, 0xc7, 0x39, 0xc7, 0x39, 0xc7, 0x39, 0xc7, 0x39, 0xc7, 0x39, 0xc7, 0x39, 0xc7, 0x31,
    0xc7, 0x39, 0xc7, 0x39, 0xc7, 0x39, 0xc7, 0x39, 0xc7, 0x39, 0xc7, 0x39, 0xc7, 0x39, 0xc7, 0x39,
    0xe7, 0x39, 0xc7, 0x39, 0xe7, 0x39, 0xe7, 0x39, 0xa6, 0x31, 0x61, 0x08, 0x00, 0x00, 0x24, 0x21,
    0x08, 0x42, 0x24, 0x21, 0x00, 0x00, 0x10, 0x84, 0xff, 0xff, 0xff, 0xff, 0xff, 0xff, 0xff, 0xff,
    0xff, 0xff, 0xff, 0xff, 0xff, 0xff, 0x9a, 0xd6, 0xc3, 0x18, 0xe7, 0x39, 0xc7, 0x31, 0xc7, 0x39,
    0xc7, 0x39, 0xe7, 0x39, 0x00, 0x00, 0x08, 0x42, 0xff, 0xff, 0xff, 0xff, 0x9e, 0xf7, 0xcb, 0x5a,
    0x00, 0x00, 0x5d, 0xef, 0xff, 0xff, 0xff, 0xff, 0x4e, 0xdd, 0xa7, 0xdc, 0x2c, 0xf6, 0x2c, 0xf6,
    0x2c, 0xf6, 0x2c, 0xf6, 0x2c, 0xf6, 0x4c, 0xf6, 0xeb, 0xed, 0x26, 0xd4, 0x75, 0xee, 0xff, 0xff,
    0xff, 0xff, 0xff, 0xff, 0xff, 0xff, 0xff, 0xff, 0xff, 0xff, 0x9a, 0xd6, 0x00, 0x00, 0xe3, 0x18,
    0xe7, 0x39, 0xc7, 0x31, 0xc7, 0x39, 0xc7, 0x39, 0xc7, 0x39, 0xc7, 0x39, 0xc7, 0x39, 0xc7, 0x39,
    0xc7, 0x39, 0xc7, 0x39, 0xc7, 0x39, 0xc7, 0x39, 0xc7, 0x39, 0xc7, 0x39, 0xc7, 0x39, 0xc7, 0x39,
    0xc7, 0x39, 0xc7, 0x39, 0xc7, 0x39, 0xc7, 0x39, 0xc7, 0x39, 0xc7, 0x39, 0xc7, 0x39, 0xc7, 0x39,
    0xc7, 0x39, 0xc7, 0x39, 0xc7, 0x39, 0xc7, 0x31, 0xe7, 0x39, 0xa6, 0x31, 0x41, 0x00, 0x00, 0x00,
    0x86, 0x31, 0xe7, 0x39, 0x41, 0x08, 0x82, 0x10, 0xdf, 0xff, 0xff, 0xff, 0xff, 0xff, 0xff, 0xff,
    0xff, 0xff, 0xff, 0xff, 0xff, 0xff, 0x39, 0xce, 0x04, 0x19, 0xe7, 0x39, 0xc7, 0x31, 0xc7, 0x39,
    0xc7, 0x39, 0xc7, 0x39, 0x00, 0x00, 0x0c, 0x63, 0xff, 0xff, 0xff, 0xff, 0x7d, 0xef, 0x00, 0x00,
    0x00, 0x00, 0x3c, 0xe7, 0xff, 0xff, 0xff, 0xff, 0xd1, 0xe5, 0x66, 0xdc, 0x2c, 0xee, 0x2c, 0xf6,
    0x2c, 0xf6, 0x2c, 0xf6, 0x2c, 0xf6, 0x2c, 0xf6, 0x4c, 0xf6, 0xc8, 0xdc, 0xeb, 0xd4, 0xff, 0xff,
    0xff, 0xff, 0xff, 0xff, 0xff, 0xff, 0xff, 0xff, 0xff, 0xff, 0xdf, 0xff, 0x82, 0x10, 0x41, 0x08,
    0xe7, 0x39, 0xc7, 0x31, 0xc7, 0x39, 0xc7, 0x39, 0xc7, 0x39, 0xc7, 0x39, 0xc7, 0x39, 0xc7, 0x39,
    0xc7, 0x39, 0xc7, 0x39, 0xc7, 0x39, 0xc7, 0x39, 0xc7, 0x39, 0xc7, 0x39, 0xc7, 0x39, 0xc7, 0x39,
    0xc7, 0x39, 0xc7, 0x39, 0xc7, 0x39, 0xc7, 0x39, 0xc7, 0x39, 0xc7, 0x39, 0xc7, 0x39, 0xc7, 0x39,
    0xc7, 0x39, 0xc7, 0x39, 0xc7, 0x39, 0xc7, 0x39, 0xc7, 0x31, 0xe7, 0x39, 0x65, 0x29, 0x00, 0x00,
    0x61, 0x08, 0x08, 0x3a, 0x24, 0x21, 0x00, 0x00, 0x75, 0xad, 0xff, 0xff, 0xff, 0xff, 0xff, 0xff,
    0xff, 0xff, 0xdf, 0xff, 0xff, 0xff, 0x34, 0xa5, 0xe3, 0x18, 0x07, 0x3a, 0xc7, 0x39, 0xc7, 0x39,
    0xe7, 0x39, 0xa6, 0x31, 0x00, 0x00, 0x51, 0x8c, 0xff, 0xff, 0xff, 0xff, 0x5d, 0xef, 0x00, 0x00,
    0x00, 0x00, 0xfb, 0xde, 0xff, 0xff, 0xff, 0xff, 0x75, 0xee, 0x46, 0xd4, 0xeb, 0xed, 0x4c, 0xf6,
    0x2c, 0xf6, 0x2c, 0xf6, 0x2c, 0xf6, 0x2c, 0xf6, 0x4c, 0xf6, 0x8a, 0xed, 0x26, 0xd4, 0x1a, 0xef,
    0xff, 0xff, 0xff, 0xff, 0xff, 0xff, 0xff, 0xff, 0xff, 0xff, 0xff, 0xff, 0x69, 0x4a, 0x00, 0x00,
    0xc6, 0x31, 0xc7, 0x39, 0xc7, 0x39, 0xc7, 0x39, 0xc7, 0x39, 0xc7, 0x39, 0xc7, 0x39, 0xc7, 0x39,
    0xc7, 0x39, 0xc7, 0x39, 0xc7, 0x39, 0xc7, 0x39, 0xc7, 0x39, 0xc7, 0x39, 0xc7, 0x39, 0xc7, 0x39,
    0xc7, 0x39, 0xc7, 0x39, 0xc7, 0x39, 0xc7, 0x39, 0xc7, 0x39, 0xc7, 0x39, 0xc7, 0x39, 0xc7, 0x39,
    0xc7, 0x39, 0xc7, 0x39, 0xc7, 0x39, 0xc7, 0x39, 0xc7, 0x39, 0xc7, 0x31, 0xe7, 0x39, 0xa2, 0x10,
    0x00, 0x00, 0x45, 0x29, 0xc7, 0x39, 0x00, 0x00, 0x0c, 0x63, 0xff, 0xff, 0xdf, 0xff, 0xff, 0xff,
    0xff, 0xff, 0xff, 0xff, 0xff, 0xff, 0x6d, 0x6b, 0x24, 0x21, 0xe7, 0x39, 0xc7, 0x39, 0xc7, 0x31,
    0xe7, 0x39, 0x45, 0x29, 0x00, 0x00, 0xb6, 0xb5, 0xff, 0xff, 0xff, 0xff, 0x1c, 0xe7, 0x00, 0x00,
    0x00, 0x00, 0x79, 0xce, 0xff, 0xff, 0xff, 0xff, 0x3a, 0xf7, 0x26, 0xd4, 0x8a, 0xed, 0x4c, 0xf6,
    0x2c, 0xf6, 0x2c, 0xf6, 0x2c, 0xf6, 0x2c, 0xf6, 0x2c, 0xf6, 0x2b, 0xf6, 0x87, 0xdc, 0x4e, 0xdd,
    0xff, 0xff, 0xff, 0xff, 0xff, 0xff, 0xff, 0xff, 0xff, 0xff, 0xff, 0xff, 0x55, 0xad, 0x00, 0x00,
    0x45, 0x21, 0xe7, 0x39, 0xc7, 0x31, 0xc7, 0x39, 0xc7, 0x39, 0xc7, 0x39, 0xc7, 0x39, 0xc7, 0x39,
    0xc7, 0x39, 0xc7, 0x39, 0xc7, 0x39, 0xc7, 0x39, 0xc7, 0x39, 0xc7, 0x31, 0xc7, 0x31, 0xc7, 0x39,
    0xc7, 0x39, 0xc7, 0x39, 0xc7, 0x39, 0xc7, 0x39, 0xc7, 0x39, 0xc7, 0x39, 0xc7, 0x39, 0xc7, 0x39,
    0xc7, 0x39, 0xc7, 0x39, 0xc7, 0x39, 0xc7, 0x39, 0xc7, 0x39, 0xc7, 0x31, 0xe7, 0x39, 0x86, 0x31,
    0x00, 0x00, 0x82, 0x10, 0x08, 0x3a, 0x00, 0x00, 0xa6, 0x31, 0xff, 0xff, 0xff, 0xff, 0xff, 0xff,
    0xff, 0xff, 0xff, 0xff, 0xdf, 0xff, 0x45, 0x29, 0xc6, 0x31, 0xc7, 0x39, 0xc7, 0x39, 0xc7, 0x31,
    0xe7, 0x39, 0xe3, 0x18, 0x00, 0x00, 0x1c, 0xe7, 0xff, 0xff, 0xff, 0xff, 0xdb, 0xde, 0x00, 0x00,
    0x00, 0x00, 0x96, 0xb5, 0xdf, 0xff, 0xff, 0xff, 0xbe, 0xff, 0x88, 0xd4, 0x29, 0xe5, 0x4c, 0xf6,
    0x2c, 0xf6, 0x2c, 0xf6, 0x2c, 0xf6, 0x2c, 0xf6, 0x2c, 0xf6, 0x4c, 0xf6, 0x6a, 0xe5, 0x26, 0xd4,
    0x3a, 0xf7, 0xff, 0xff, 0xff, 0xff, 0xff, 0xff, 0xff, 0xff, 0xff, 0xff, 0x9e, 0xf7, 0x41, 0x08,
    0x61, 0x08, 0xe7, 0x39, 0xc7, 0x31, 0xc7, 0x39, 0xc7, 0x39, 0xc7, 0x39, 0xc7, 0x39, 0xc7, 0x39,
    0xc7, 0x39, 0xc7, 0x39, 0xc7, 0x39, 0xc7, 0x39, 0xc7, 0x39, 0xc7, 0x31, 0xc7, 0x31, 0xc7, 0x39,
    0xc7, 0x39, 0xc7, 0x39, 0xc7, 0x39, 0xc7, 0x39, 0xc7, 0x39, 0xc7, 0x39, 0xc7, 0x39, 0xc7, 0x39,
    0xc7, 0x39, 0xc7, 0x39, 0xc7, 0x39, 0xc7, 0x39, 0xc7, 0x39, 0xc7, 0x39, 0xc7, 0x39, 0xe7, 0x39,
    0x41, 0x08, 0x20, 0x00, 0xe7, 0x39, 0x00, 0x00, 0x65, 0x29, 0xff, 0xff, 0xff, 0xff, 0xff, 0xff,
    0xff, 0xff, 0xff, 0xff, 0xf4, 0xa4, 0x61, 0x08, 0x08, 0x42, 0xc7, 0x31, 0xc7, 0x39, 0xc7, 0x31,
    0xe7, 0x39, 0x20, 0x00, 0xe3, 0x18, 0xff, 0xff, 0xff, 0xff, 0xff, 0xff, 0x18, 0xc6, 0x00, 0x00,
    0x00, 0x00, 0x00, 0x00, 0x7d, 0xef, 0xff, 0xff, 0xff, 0xff, 0x2d, 0xdd, 0xa7, 0xdc, 0x2c, 0xf6,
    0x2c, 0xf6, 0x2c, 0xf6, 0x2c, 0xf6, 0x2c, 0xf6, 0x2c, 0xf6, 0x2c, 0xf6, 0x0b, 0xee, 0x87, 0xdc,
    0x2d, 0xd5, 0xff, 0xff, 0xff, 0xff, 0xff, 0xff, 0xff, 0xff, 0xff, 0xff, 0xff, 0xff, 0x2c, 0x63,
    0x00, 0x00, 0x86, 0x29, 0xe7, 0x39, 0xc7, 0x31, 0xc7, 0x39, 0xc7, 0x39, 0xc7, 0x39, 0xc7, 0x39,
    0xc7, 0x39, 0xc7, 0x39, 0xc7, 0x39, 0xc7, 0x39, 0xc7, 0x39, 0xc7, 0x39, 0xc7, 0x39, 0xc7, 0x39,
    0xc7, 0x39, 0xc7, 0x39, 0xc7, 0x39, 0xc7, 0x39, 0xc7, 0x39, 0xc7, 0x39, 0xc7, 0x39, 0xc7, 0x39,
    0xc7, 0x39, 0xc7, 0x39, 0xc7, 0x39, 0xc7, 0x39, 0xc7, 0x31, 0xc7, 0x39, 0xc7, 0x31, 0xe7, 0x39,
    0xa2, 0x10, 0x00, 0x00, 0xa6, 0x31, 0x00, 0x00, 0x49, 0x4a, 0xff, 0xff, 0xff, 0xff, 0xff, 0xff,
    0xff, 0xff, 0xff, 0xff, 0xe3, 0x18, 0x24, 0x21, 0xe7, 0x39, 0xc7, 0x31, 0xc7, 0x39, 0xc7, 0x39,
    0xc7, 0x31, 0x00, 0x00, 0x0c, 0x63, 0xff, 0xff, 0xff, 0xff, 0x9e, 0xf7, 0xae, 0x73, 0x00, 0x00,
    0x00, 0x00, 0x00, 0x00, 0x3c, 0xe7, 0xff, 0xff, 0xff, 0xff, 0x55, 0xe6, 0x46, 0xd4, 0xeb, 0xed,
    0x4c, 0xf6, 0x2c, 0xf6, 0x2c, 0xf6, 0x2c, 0xf6, 0x2c, 0xf6, 0x2c, 0xf6, 0x4c, 0xf6, 0x6a, 0xe5,
    0x26, 0xd4, 0xb8, 0xee, 0xff, 0xff, 0xff, 0xff, 0xff, 0xff, 0xff, 0xff, 0xff, 0xff, 0xfb, 0xde,
    0x00, 0x00, 0x82, 0x10, 0xe7, 0x39, 0xc7, 0x31, 0xc7, 0x39, 0xc7, 0x39, 0xc7, 0x39, 0xc7, 0x39,
    0xc7, 0x39, 0xc7, 0x39, 0xc7, 0x39, 0xc7, 0x39, 0xc7, 0x39, 0xc7, 0x39, 0xc7, 0x39, 0xc7, 0x39,
    0xc7, 0x39, 0xc7, 0x39, 0xc7, 0x39, 0xc7, 0x39, 0xc7, 0x39, 0xc7, 0x39, 0xc7, 0x39, 0xc7, 0x39,
    0xc7, 0x39, 0xc7, 0x39, 0xc7, 0x39, 0xc7, 0x39, 0xc7, 0x31, 0xc7, 0x39, 0xc7, 0x31, 0xe7, 0x39,
    0xc3, 0x18, 0x00, 0x00, 0x65, 0x29, 0x00, 0x00, 0xd3, 0x9c, 0xff, 0xff, 0xdf, 0xff, 0xdf, 0xff,
    0xff, 0xff, 0xef, 0x7b, 0x00, 0x00, 0xe7, 0x39, 0xc7, 0x39, 0xc7, 0x39, 0xc7, 0x31, 0xe7, 0x39,
    0x45, 0x29, 0x00, 0x00, 0x75, 0xad, 0xff, 0xff, 0xff, 0xff, 0x5d, 0xef, 0x00, 0x00, 0x00, 0x00,
    0x00, 0x00, 0x00, 0x00, 0x79, 0xce, 0xff, 0xff, 0xff, 0xff, 0x7c, 0xf7, 0x47, 0xd4, 0x4a, 0xe5,
    0x4c, 0xf6, 0x2c, 0xf6, 0x2c, 0xf6, 0x2c, 0xf6, 0x2c, 0xf6, 0x2c, 0xf6, 0x2c, 0xf6, 0x2c, 0xf6,
    0xc8, 0xe4, 0x89, 0xd4, 0xdf, 0xff, 0xff, 0xff, 0xff, 0xff, 0xff, 0xff, 0xff, 0xff, 0xff, 0xff,
    0x0c, 0x63, 0x00, 0x00, 0x45, 0x29, 0xe7, 0x39, 0xc7, 0x31, 0xc7, 0x39, 0xc7, 0x39, 0xc7, 0x39,
    0xc7, 0x39, 0xc7, 0x39, 0xc7, 0x39, 0xc7, 0x39, 0xc7, 0x39, 0xc7, 0x39, 0xc7, 0x39, 0xc7, 0x39,
    0xc7, 0x39, 0xc7, 0x39, 0xc7, 0x39, 0xc7, 0x39, 0xc7, 0x39, 0xc7, 0x39, 0xc7, 0x39, 0xc7, 0x39,
    0xc7, 0x39, 0xc7, 0x39, 0xc7, 0x39, 0xc7, 0x39, 0xc7, 0x39, 0xc7, 0x39, 0xc7, 0x31, 0xe7, 0x39,
    0xa2, 0x10, 0x00, 0x00, 0x82, 0x10, 0x61, 0x08, 0x9e, 0xf7, 0xff, 0xff, 0xdf, 0xff, 0xff, 0xff,
    0x79, 0xce, 0x00, 0x00, 0xc3, 0x18, 0xe7, 0x39, 0xc7, 0x31, 0xc7, 0x39, 0xc7, 0x31, 0xe7, 0x39,
    0x61, 0x08, 0x41, 0x08, 0x9e, 0xf7, 0xff, 0xff, 0xff, 0xff, 0xba, 0xd6, 0x00, 0x00, 0x00, 0x00,
    0x00, 0x00, 0x00, 0x00, 0x71, 0x8c, 0x9e, 0xf7, 0xff, 0xff, 0xff, 0xff, 0x0d, 0xdd, 0xa7, 0xdc,
    0x2c, 0xf6, 0x2c, 0xf6, 0x2c, 0xf6, 0x2c, 0xf6, 0x2c, 0xf6, 0x2c, 0xf6, 0x2c, 0xf6, 0x4c, 0xf6,
    0xcb, 0xed, 0x46, 0xd4, 0x6f, 0xdd, 0xff, 0xff, 0xff, 0xff, 0xff, 0xff, 0xff, 0xff, 0xff, 0xff,
    0x9e, 0xf7, 0x61, 0x08, 0x41, 0x08, 0xc7, 0x31, 0xc7, 0x39, 0xc7, 0x39, 0xc7, 0x39, 0xc7, 0x39,
    0xc7, 0x39, 0xc7, 0x39, 0xc7, 0x39, 0xc7, 0x39, 0xc7, 0x39, 0xc7, 0x39, 0xc7, 0x39, 0xc7, 0x39,
    0xc7, 0x39, 0xc7, 0x39, 0xc7, 0x39, 0xc7, 0x39, 0xc7, 0x39, 0xc7, 0x39, 0xc7, 0x39, 0xc7, 0x39,
    0xc7, 0x39, 0xc7, 0x39, 0xc7, 0x39, 0xc7, 0x39, 0xc7, 0x39, 0xc7, 0x39, 0xc7, 0x39, 0xc7, 0x39,
    0x41, 0x08, 0x00, 0x00, 0x00, 0x00, 0x51, 0x8c, 0xff, 0xff, 0xdf, 0xff, 0xff, 0xff, 0x3c, 0xe7,
    0x82, 0x10, 0x20, 0x00, 0xa6, 0x31, 0xe7, 0x39, 0xc7, 0x39, 0xc7, 0x39, 0xc7, 0x39, 0xc6, 0x31,
    0x00, 0x00, 0xcb, 0x5a, 0xff, 0xff, 0xff, 0xff, 0xdf, 0xff, 0x55, 0xad, 0x00, 0x00, 0x00, 0x00,
    0x00, 0x00, 0x00, 0x00, 0x00, 0x00, 0x3c, 0xe7, 0xff, 0xff, 0xff, 0xff, 0x97, 0xee, 0x26, 0xd4,
    0xab, 0xed, 0x4c, 0xf6, 0x2c, 0xf6, 0x2c, 0xf6, 0x2c, 0xf6, 0x2c, 0xf6, 0x2c, 0xf6, 0x2c, 0xf6,
    0x4c, 0xf6, 0x4a, 0xe5, 0x26, 0xd4, 0x97, 0xe6, 0xff, 0xff, 0xff, 0xff, 0xff, 0xff, 0xff, 0xff,
    0xff, 0xff, 0x55, 0xad, 0x00, 0x00, 0xc3, 0x18, 0xe7, 0x39, 0xc7, 0x31, 0xc7, 0x39, 0xc7, 0x39,
    0xc7, 0x39, 0xc7, 0x39, 0xc7, 0x39, 0xc7, 0x39, 0xc7, 0x39, 0xc7, 0x39, 0xc7, 0x39, 0xc7, 0x39,
    0xc7, 0x39, 0xc7, 0x39, 0xc7, 0x39, 0xc7, 0x39, 0xc7, 0x39, 0xc7, 0x39, 0xc7, 0x39, 0xc7, 0x39,
    0xc7, 0x39, 0xc7, 0x39, 0xc7, 0x39, 0xc7, 0x39, 0xc7, 0x39, 0xc7, 0x31, 0xe7, 0x39, 0x65, 0x29,
    0x00, 0x00, 0x00, 0x00, 0x04, 0x21, 0xdf, 0xff, 0xdf, 0xff, 0xff, 0xff, 0x3c, 0xe7, 0xc3, 0x18,
    0x00, 0x00, 0x45, 0x29, 0xe7, 0x39, 0xc7, 0x31, 0xc7, 0x39, 0xc7, 0x31, 0xe7, 0x39, 0x04, 0x21,
    0x00, 0x00, 0x38, 0xc6, 0xff, 0xff, 0xff, 0xff, 0x5d, 0xef, 0x00, 0x00, 0x00, 0x00, 0x00, 0x00,
    0x00, 0x00, 0x00, 0x00, 0x00, 0x00, 0x38, 0xc6, 0xff, 0xff, 0xff, 0xff, 0xdf, 0xff, 0x89, 0xd4,
    0xe8, 0xe4, 0x4c, 0xf6, 0x2c, 0xf6, 0x2c, 0xf6, 0x2c, 0xf6, 0x2c, 0xf6, 0x2c, 0xf6, 0x2c, 0xf6,
    0x2c, 0xf6, 0x2c, 0xf6, 0xe9, 0xe4, 0x47, 0xd4, 0x3b, 0xef, 0xff, 0xff, 0xff, 0xff, 0xff, 0xff,
    0xff, 0xff, 0xff, 0xff, 0xcb, 0x5a, 0x00, 0x00, 0x04, 0x21, 0xe7, 0x39, 0xc7, 0x31, 0xc7, 0x39,
    0xc7, 0x39, 0xc7, 0x39, 0xc7, 0x39, 0xc7, 0x39, 0xc7, 0x39, 0xc7, 0x39, 0xc7, 0x39, 0xc7, 0x39,
    0xc7, 0x39, 0xc7, 0x39, 0xc7, 0x39, 0xc7, 0x39, 0xc7, 0x39, 0xc7, 0x39, 0xc7, 0x39, 0xc7, 0x39,
    0xc7, 0x39, 0xc7, 0x39, 0xc7, 0x39, 0xc7, 0x39, 0xc7, 0x39, 0xc7, 0x31, 0xe7, 0x39, 0x82, 0x08,
    0x00, 0x00, 0x00, 0x00, 0x18, 0xc6, 0xff, 0xff, 0xff, 0xff, 0x59, 0xce, 0xa2, 0x10, 0x00, 0x00,
    0x44, 0x21, 0xe7, 0x39, 0xc7, 0x31, 0xc7, 0x39, 0xc7, 0x31, 0xe7, 0x39, 0xa6, 0x31, 0x00, 0x00,
    0x25, 0x21, 0xff, 0xff, 0xff, 0xff, 0xff, 0xff, 0x79, 0xce, 0x00, 0x00, 0x00, 0x00, 0x00, 0x00,
    0x00, 0x00, 0x00, 0x00, 0x00, 0x00, 0x00, 0x00, 0x7d, 0xef, 0xff, 0xff, 0xff, 0xff, 0x13, 0xe6,
    0x46, 0xd4, 0xcb, 0xed, 0x4c, 0xf6, 0x2c, 0xf6, 0x2c, 0xf6, 0x2c, 0xf6, 0x2c, 0xf6, 0x2c, 0xf6,
    0x2c, 0xf6, 0x4c, 0xf6, 0x0b, 0xee, 0xa8, 0xdc, 0x68, 0xd4, 0x9d, 0xf7, 0xff, 0xff, 0xff, 0xff,
    0xff, 0xff, 0xff, 0xff, 0xff, 0xff, 0x65, 0x29, 0x00, 0x00, 0x44, 0x21, 0xe7, 0x39, 0xc7, 0x31,
    0xc7, 0x39, 0xc7, 0x39, 0xc7, 0x39, 0xc7, 0x39, 0xc7, 0x39, 0xc7, 0x39, 0xc7, 0x39, 0xc7, 0x39,
    0xc7, 0x39, 0xc7, 0x39, 0xc7, 0x39, 0xc7, 0x39, 0xc7, 0x39, 0xc7, 0x39, 0xc7, 0x39, 0xc7, 0x39,
    0xc7, 0x31, 0xc7, 0x31, 0xc7, 0x31, 0xc7, 0x31, 0xc7, 0x39, 0x07, 0x3a, 0x04, 0x19, 0x00, 0x00,
    0x00, 0x00, 0x51, 0x8c, 0xff, 0xff, 0x9e, 0xf7, 0xcf, 0x7b, 0x00, 0x00, 0x00, 0x00, 0x45, 0x29,
    0xe7, 0x39, 0xc7, 0x31, 0xc7, 0x39, 0xc7, 0x31, 0xc7, 0x39, 0xe7, 0x39, 0x82, 0x10, 0x00, 0x00,
    0xb6, 0xb5, 0xff, 0xff, 0xff, 0xff, 0x9e, 0xf7, 0x10, 0x84, 0x00, 0x00, 0x00, 0x00, 0x00, 0x00,
    0x00, 0x00, 0x00, 0x00, 0x00, 0x00, 0x00, 0x00, 0xba, 0xd6, 0xff, 0xff, 0xff, 0xff, 0xbe, 0xff,
    0x68, 0xd4, 0xe8, 0xe4, 0x4c, 0xf6, 0x2c, 0xf6, 0x2c, 0xf6, 0x2c, 0xf6, 0x2c, 0xf6, 0x2c, 0xf6,
    0x2c, 0xf6, 0x2c, 0xf6, 0x4c, 0xf6, 0xeb, 0xed, 0x87, 0xdc, 0xaa, 0xd4, 0xbe, 0xf7, 0xff, 0xff,
    0xff, 0xff, 0xff, 0xff, 0xff, 0xff, 0x9e, 0xf7, 0x24, 0x21, 0x00, 0x00, 0x44, 0x21, 0xe7, 0x39,
    0xc7, 0x31, 0xc7, 0x39, 0xc7, 0x39, 0xc7, 0x39, 0xc7, 0x39, 0xc7, 0x39, 0xc7, 0x39, 0xc7, 0x39,
    0xc7, 0x39, 0xc7, 0x39, 0xc7, 0x39, 0xc7, 0x39, 0xc7, 0x39, 0xc7, 0x39, 0xc7, 0x39, 0xc7, 0x39,
    0xe7, 0x39, 0xe7, 0x39, 0xe7, 0x39, 0xe7, 0x39, 0xc7, 0x31, 0xe3, 0x18, 0x00, 0x00, 0x00, 0x00,
    0x6d, 0x6b, 0x7d, 0xef, 0x10, 0x84, 0x82, 0x10, 0x00, 0x00, 0x81, 0x08, 0x86, 0x31, 0xe7, 0x39,
    0xc7, 0x31, 0xc7, 0x39, 0xc7, 0x31, 0xe7, 0x39, 0xc7, 0x39, 0xa2, 0x10, 0x00, 0x00, 0x47, 0x52,
    0xff, 0xff, 0xff, 0xff, 0xff, 0xff, 0xdb, 0xde, 0x00, 0x00, 0x00, 0x00, 0x00, 0x00, 0x00, 0x00,
    0x00, 0x00, 0x00, 0x00, 0x00, 0x00, 0x00, 0x00, 0x10, 0x84, 0x9e, 0xf7, 0xff, 0xff, 0xff, 0xff,
    0x55, 0xe6, 0x26, 0xd4, 0xab, 0xed, 0x4c, 0xf6, 0x2c, 0xf6, 0x2c, 0xf6, 0x2c, 0xf6, 0x2c, 0xf6,
    0x2c, 0xf6, 0x2c, 0xf6, 0x2c, 0xf6, 0x4c, 0xf6, 0xcb, 0xed, 0x67, 0xdc, 0xaa, 0xd4, 0xbe, 0xf7,
    0xff, 0xff, 0xff, 0xff, 0xff, 0xff, 0xff, 0xff, 0x7d, 0xef, 0x24, 0x21, 0x00, 0x00, 0x04, 0x21,
    0xe7, 0x39, 0xc7, 0x39, 0xc7, 0x31, 0xc7, 0x39, 0xc7, 0x39, 0xc7, 0x39, 0xc7, 0x39, 0xc7, 0x39,
    0xc7, 0x39, 0xc7, 0x39, 0xc7, 0x39, 0xc7, 0x39, 0xc7, 0x31, 0xe7, 0x39, 0x65, 0x29, 0x40, 0x00,
    0x82, 0x10, 0xc3, 0x18, 0x24, 0x21, 0xc3, 0x18, 0x40, 0x00, 0x00, 0x00, 0x00, 0x00, 0x20, 0x00,
    0x65, 0x29, 0x00, 0x00, 0x00, 0x00, 0x40, 0x00, 0x45, 0x29, 0xe7, 0x39, 0xe7, 0x39, 0xc7, 0x31,
    0xc7, 0x31, 0xc7, 0x31, 0xe7, 0x39, 0xa6, 0x31, 0x61, 0x08, 0x00, 0x00, 0xa2, 0x51, 0x19, 0xff,
    0xff, 0xff, 0xff, 0xff, 0xbe, 0xf7, 0x51, 0x8c, 0x00, 0x00, 0x00, 0x00, 0x00, 0x00, 0x00, 0x00,
    0x00, 0x00, 0x00, 0x00, 0x00, 0x00, 0x00, 0x00, 0x00, 0x00, 0xba, 0xd6, 0xff, 0xff, 0xff, 0xff,
    0xff, 0xff, 0xca, 0xd4, 0xa7, 0xdc, 0x2c, 0xf6, 0x2c, 0xf6, 0x2c, 0xf6, 0x2c, 0xf6, 0x2c, 0xf6,
    0x2c, 0xf6, 0x2c, 0xf6, 0x2c, 0xf6, 0x2c, 0xf6, 0x4c, 0xf6, 0xcb, 0xed, 0x67, 0xdc, 0x89, 0xd4,
    0x5c, 0xf7, 0xff, 0xff, 0xff, 0xff, 0xff, 0xff, 0xff, 0xff, 0x9e, 0xf7, 0x86, 0x31, 0x00, 0x00,
    0xc3, 0x10, 0xc7, 0x31, 0xe7, 0x39, 0xc7, 0x31, 0xc7, 0x31, 0xc7, 0x39, 0xc7, 0x39, 0xc7, 0x39,
    0xc7, 0x39, 0xc7, 0x39, 0xc7, 0x39, 0xc7, 0x39, 0xc7, 0x39, 0xe7, 0x39, 0x86, 0x31, 0x61, 0x08,
    0x00, 0x00, 0x00, 0x00, 0x00, 0x00, 0x00, 0x00, 0x00, 0x00, 0x00, 0x00, 0x00, 0x00, 0x00, 0x00,
    0x00, 0x00, 0xa2, 0x10, 0x65, 0x29, 0xe7, 0x39, 0xe7, 0x39, 0xc7, 0x39, 0xc7, 0x31, 0xc7, 0x31,
    0xe7, 0x39, 0xe7, 0x39, 0x24, 0x21, 0x00, 0x00, 0x00, 0x00, 0x84, 0x7a, 0x6e, 0xe5, 0xff, 0xff,
    0xff, 0xff, 0xff, 0xff, 0xba, 0xd6, 0x00, 0x00, 0x00, 0x00, 0x00, 0x00, 0x00, 0x00, 0x00, 0x00,
    0x00, 0x00, 0x00, 0x00, 0x00, 0x00, 0x00, 0x00, 0x00, 0x00, 0x00, 0x00, 0x7d, 0xef, 0xff, 0xff,
    0xff, 0xff, 0x1a, 0xef, 0x26, 0xd4, 0x29, 0xe5, 0x4c, 0xf6, 0x2c, 0xf6, 0x2c, 0xf6, 0x2c, 0xf6,
    0x2c, 0xf6, 0x2c, 0xf6, 0x2c, 0xf6, 0x2c, 0xf6, 0x2c, 0xf6, 0x4c, 0xf6, 0xcb, 0xed, 0x87, 0xdc,
    0x67, 0xd4, 0xd8, 0xee, 0xff, 0xff, 0xff, 0xff, 0xdf, 0xff, 0xff, 0xff, 0xff, 0xff, 0xcb, 0x5a,
    0x00, 0x00, 0x20, 0x00, 0x65, 0x29, 0xe7, 0x39, 0xe7, 0x39, 0xc7, 0x31, 0xc7, 0x31, 0xc7, 0x39,
    0xc7, 0x39, 0xc7, 0x39, 0xc7, 0x39, 0xc7, 0x39, 0xc7, 0x39, 0xc7, 0x39, 0xc7, 0x39, 0xe7, 0x39,
    0xc6, 0x31, 0x86, 0x31, 0x65, 0x29, 0x44, 0x21, 0x24, 0x21, 0x44, 0x21, 0x65, 0x29, 0x86, 0x31,
    0xe7, 0x39, 0xe7, 0x39, 0xe7, 0x39, 0xc7, 0x39, 0xc6, 0x31, 0xc7, 0x31, 0xe7, 0x39, 0xe7, 0x39,
    0x86, 0x29, 0x81, 0x10, 0x00, 0x00, 0x81, 0x10, 0xa7, 0xab, 0xa8, 0xe4, 0x5c, 0xf7, 0xff, 0xff,
    0xff, 0xff, 0x9e, 0xf7, 0xae, 0x73, 0x00, 0x00, 0x00, 0x00, 0x00, 0x00, 0x00, 0x00, 0x00, 0x00,
    0x00, 0x00, 0x00, 0x00, 0x00, 0x00, 0x00, 0x00, 0x00, 0x00, 0x00, 0x00, 0x38, 0xc6, 0xff, 0xff,
    0xff, 0xff, 0xff, 0xff, 0xd1, 0xdd, 0x26, 0xd4, 0xab, 0xed, 0x4c, 0xf6, 0x2c, 0xf6, 0x2c, 0xf6,
    0x2c, 0xf6, 0x2c, 0xf6, 0x2c, 0xf6, 0x2c, 0xf6, 0x2c, 0xf6, 0x2c, 0xf6, 0x4c, 0xf6, 0xeb, 0xed,
    0xc8, 0xe4, 0x26, 0xd4, 0xf3, 0xe5, 0xff, 0xff, 0xff, 0xff, 0xff, 0xff, 0xff, 0xff, 0xff, 0xff,
    0x14, 0xa5, 0x41, 0x08, 0x00, 0x00, 0xa2, 0x10, 0xa6, 0x31, 0xe7, 0x39, 0xe7, 0x39, 0xc7, 0x39,
    0xc7, 0x31, 0xc7, 0x31, 0xc7, 0x39, 0xc7, 0x39, 0xc7, 0x39, 0xc7, 0x39, 0xc7, 0x39, 0xc7, 0x39,
    0xc7, 0x39, 0xe7, 0x39, 0xe7, 0x39, 0xe7, 0x39, 0xe7, 0x39, 0xe7, 0x39, 0xe7, 0x39, 0xc7, 0x39,
    0xc7, 0x39, 0xc6, 0x31, 0xc7, 0x31, 0xc7, 0x39, 0xe7, 0x39, 0xe7, 0x39, 0x86, 0x29, 0x82, 0x10,
    0x00, 0x00, 0x00, 0x00, 0x04, 0x52, 0xc9, 0xdc, 0x66, 0xe4, 0x35, 0xde, 0xff, 0xff, 0xff, 0xff,
    0xff, 0xff, 0x59, 0xce, 0x00, 0x00, 0x00, 0x00, 0x00, 0x00, 0x00, 0x00, 0x00, 0x00, 0x00, 0x00,
    0x00, 0x00, 0x00, 0x00, 0x00, 0x00, 0x00, 0x00, 0x00, 0x00, 0x00, 0x00, 0x00, 0x00, 0xfb, 0xde,
    0xff, 0xff, 0xff, 0xff, 0xff, 0xff, 0xcb, 0xd4, 0x87, 0xdc, 0xeb, 0xed, 0x4c, 0xf6, 0x2c, 0xf6,
    0x2c, 0xf6, 0x2c, 0xf6, 0x2c, 0xf6, 0x2c, 0xf6, 0x2c, 0xf6, 0x2c, 0xf6, 0x2c, 0xf6, 0x4c, 0xf6,
    0x2b, 0xf6, 0x29, 0xe5, 0x26, 0xd4, 0x0b, 0xdd, 0x1a, 0xef, 0xff, 0xff, 0xff, 0xff, 0xff, 0xff,
    0xff, 0xff, 0x5d, 0xef, 0xeb, 0x5a, 0x00, 0x00, 0x00, 0x00, 0xa2, 0x10, 0x86, 0x29, 0xe7, 0x39,
    0xe7, 0x39, 0xe7, 0x39, 0xc7, 0x39, 0xc7, 0x31, 0xc7, 0x31, 0xc7, 0x31, 0xc7, 0x31, 0xc7, 0x31,
    0xc7, 0x31, 0xc7, 0x31, 0xc7, 0x31, 0xc7, 0x31, 0xc6, 0x31, 0xc6, 0x31, 0xc7, 0x31, 0xc7, 0x39,
    0xe7, 0x39, 0xe7, 0x39, 0xe7, 0x39, 0xc6, 0x31, 0x24, 0x21, 0x41, 0x08, 0x00, 0x00, 0x00, 0x00,
    0x69, 0x4a, 0x2a, 0xac, 0xe9, 0xe4, 0x87, 0xdc, 0x2d, 0xd5, 0xff, 0xff, 0xff, 0xff, 0xff, 0xff,
    0x3c, 0xe7, 0x00, 0x00, 0x00, 0x00, 0x00, 0x00, 0x00, 0x00, 0x00, 0x00, 0x00, 0x00, 0x00, 0x00,
    0x00, 0x00, 0x00, 0x00, 0x00, 0x00, 0x00, 0x00, 0x00, 0x00, 0x00, 0x00, 0x00, 0x00, 0x10, 0x84,
    0x7d, 0xef, 0xff, 0xff, 0xff, 0xff, 0x5c, 0xf7, 0x47, 0xd4, 0xc8, 0xe4, 0x0b, 0xee, 0x4c, 0xf6,
    0x2c, 0xf6, 0x2c, 0xf6, 0x2c, 0xf6, 0x2c, 0xf6, 0x2c, 0xf6, 0x2c, 0xf6, 0x2c, 0xf6, 0x2c, 0xf6,
    0x2c, 0xf6, 0x4c, 0xf6, 0x8a, 0xed, 0x87, 0xdc, 0x47, 0xd4, 0xd1, 0xdd, 0xbe, 0xf7, 0xff, 0xff,
    0xff, 0xff, 0xff, 0xff, 0xff, 0xff, 0x59, 0xce, 0x49, 0x4a, 0x00, 0x00, 0x00, 0x00, 0x20, 0x00,
    0x04, 0x21, 0x86, 0x31, 0xc7, 0x39, 0xe7, 0x39, 0xe7, 0x39, 0xe7, 0x39, 0xe7, 0x39, 0xe7, 0x39,
    0xe7, 0x39, 0xe7, 0x39, 0xe7, 0x39, 0xe7, 0x39, 0xe7, 0x39, 0xe7, 0x39, 0xe7, 0x39, 0xe7, 0x39,
    0xa6, 0x31, 0x24, 0x21, 0x82, 0x10, 0x00, 0x00, 0x00, 0x00, 0xa3, 0x10, 0x4d, 0x63, 0x31, 0xbd,
    0x4c, 0xe5, 0xa8, 0xe4, 0x87, 0xdc, 0x89, 0xd4, 0xbe, 0xf7, 0xff, 0xff, 0xff, 0xff, 0x9e, 0xf7,
    0xb2, 0x94, 0x00, 0x00, 0x00, 0x00, 0x00, 0x00, 0x00, 0x00, 0x00, 0x00, 0x00, 0x00, 0x00, 0x00,
    0x00, 0x00, 0x00, 0x00, 0x00, 0x00, 0x00, 0x00, 0x00, 0x00, 0x00, 0x00, 0x00, 0x00, 0x00, 0x00,
    0xf7, 0xbd, 0xdf, 0xff, 0xff, 0xff, 0xff, 0xff, 0xd8, 0xee, 0x26, 0xd4, 0xe9, 0xe4, 0x2c, 0xf6,
    0x4c, 0xf6, 0x2c, 0xf6, 0x2c, 0xf6, 0x2c, 0xf6, 0x2c, 0xf6, 0x2c, 0xf6, 0x2c, 0xf6, 0x2c, 0xf6,
    0x2c, 0xf6, 0x2c, 0xf6, 0x4c, 0xf6, 0x0b, 0xee, 0x29, 0xe5, 0x46, 0xd4, 0x68, 0xd4, 0x34, 0xe6,
    0xbe, 0xff, 0xff, 0xff, 0xff, 0xff, 0xff, 0xff, 0xff, 0xff, 0xba, 0xd6, 0x8e, 0x73, 0xc3, 0x18,
    0x00, 0x00, 0x00, 0x00, 0x00, 0x00, 0x61, 0x08, 0xe3, 0x18, 0x45, 0x21, 0x65, 0x29, 0x86, 0x31,
    0xa6, 0x31, 0xa6, 0x31, 0x86, 0x31, 0x65, 0x29, 0x45, 0x21, 0xe3, 0x18, 0x61, 0x08, 0x00, 0x00,
    0x00, 0x00, 0x00, 0x00, 0x41, 0x08, 0x49, 0x42, 0xf4, 0x9c, 0x77, 0xde, 0xaf, 0xed, 0x87, 0xdc,
    0x87, 0xdc, 0x88, 0xdc, 0x67, 0xd4, 0x5c, 0xf7, 0xff, 0xff, 0xff, 0xff, 0xff, 0xff, 0x38, 0xc6,
    0x00, 0x00, 0x00, 0x00, 0x00, 0x00, 0x00, 0x00, 0x00, 0x00, 0x00, 0x00, 0x00, 0x00, 0x00, 0x00,
    0x00, 0x00, 0x00, 0x00, 0x00, 0x00, 0x00, 0x00, 0x00, 0x00, 0x00, 0x00, 0x00, 0x00, 0x00, 0x00,
    0x00, 0x00, 0x9a, 0xd6, 0xff, 0xff, 0xff, 0xff, 0xff, 0xff, 0x97, 0xe6, 0x26, 0xd4, 0xe9, 0xe4,
    0x2c, 0xf6, 0x4c, 0xf6, 0x2c, 0xf6, 0x2c, 0xf6, 0x2c, 0xf6, 0x2c, 0xf6, 0x2c, 0xf6, 0x2c, 0xf6,
    0x2c, 0xf6, 0x2c, 0xf6, 0x2c, 0xf6, 0x4c, 0xf6, 0x4c, 0xf6, 0xcb, 0xed, 0x09, 0xe5, 0x46, 0xd4,
    0x68, 0xd4, 0xd1, 0xe5, 0x5b, 0xf7, 0xff, 0xff, 0xff, 0xff, 0xff, 0xff, 0xff, 0xff, 0xdf, 0xff,
    0x18, 0xc6, 0xae, 0x73, 0xa6, 0x31, 0x41, 0x08, 0x00, 0x00, 0x00, 0x00, 0x00, 0x00, 0x00, 0x00,
    0x00, 0x00, 0x00, 0x00, 0x00, 0x00, 0x00, 0x00, 0x00, 0x00, 0x00, 0x00, 0x61, 0x08, 0xc7, 0x31,
    0x8e, 0x73, 0xb7, 0xb5, 0xfb, 0xde, 0xd7, 0xf6, 0x6e, 0xed, 0x47, 0xd4, 0x87, 0xdc, 0x29, 0xe5,
    0xc8, 0xdc, 0x47, 0xd4, 0xfa, 0xee, 0xff, 0xff, 0xff, 0xff, 0xff, 0xff, 0xdb, 0xde, 0x00, 0x00,
    0x00, 0x00, 0x00, 0x00, 0x00, 0x00, 0x00, 0x00, 0x00, 0x00, 0x00, 0x00, 0x00, 0x00, 0x00, 0x00,
    0x00, 0x00, 0x00, 0x00, 0x00, 0x00, 0x00, 0x00, 0x00, 0x00, 0x00, 0x00, 0x00, 0x00, 0x00, 0x00,
    0x00, 0x00, 0x00, 0x00, 0xfb, 0xde, 0xff, 0xff, 0xff, 0xff, 0xff, 0xff, 0x76, 0xe6, 0x26, 0xd4,
    0xe9, 0xe4, 0x0b, 0xee, 0x4c, 0xf6, 0x2b, 0xf6, 0x2c, 0xf6, 0x2c, 0xf6, 0x2c, 0xf6, 0x2c, 0xf6,
    0x2c, 0xf6, 0x2c, 0xf6, 0x2c, 0xf6, 0x2c, 0xf6, 0x2c, 0xf6, 0x4c, 0xf6, 0x4c, 0xf6, 0xcb, 0xed,
    0x09, 0xe5, 0x46, 0xd4, 0x47, 0xd4, 0x0c, 0xdd, 0x34, 0xe6, 0x3a, 0xf7, 0xdf, 0xff, 0xff, 0xff,
    0xff, 0xff, 0xff, 0xff, 0xff, 0xff, 0xbf, 0xf7, 0xdb, 0xde, 0xd7, 0xbd, 0x14, 0xa5, 0x51, 0x84,
    0x30, 0x84, 0x30, 0x84, 0x71, 0x8c, 0x35, 0xa5, 0xd8, 0xb5, 0xdc, 0xd6, 0xbf, 0xf7, 0xfe, 0xff,
    0x39, 0xff, 0xf1, 0xed, 0xa9, 0xdc, 0x26, 0xd4, 0x87, 0xdc, 0x8a, 0xed, 0xeb, 0xed, 0xe8, 0xe4,
    0x47, 0xd4, 0xf9, 0xee, 0xff, 0xff, 0xff, 0xff, 0xff, 0xff, 0x1c, 0xe7, 0x00, 0x00, 0x00, 0x00,
    0x00, 0x00, 0x00, 0x00, 0x00, 0x00, 0x00, 0x00, 0x00, 0x00, 0x00, 0x00, 0x00, 0x00, 0x00, 0x00,
    0x00, 0x00, 0x00, 0x00, 0x00, 0x00, 0x00, 0x00, 0x00, 0x00, 0x00, 0x00, 0x00, 0x00, 0x00, 0x00,
    0x00, 0x00, 0x00, 0x00, 0x00, 0x00, 0x3c, 0xe7, 0xff, 0xff, 0xff, 0xff, 0xff, 0xff, 0x97, 0xe6,
    0x46, 0xd4, 0xc8, 0xe4, 0xeb, 0xed, 0x4c, 0xf6, 0x2c, 0xf6, 0x2c, 0xf6, 0x2c, 0xf6, 0x2c, 0xf6,
    0x2c, 0xf6, 0x2c, 0xf6, 0x2c, 0xf6, 0x2c, 0xf6, 0x2c, 0xf6, 0x2c, 0xf6, 0x2c, 0xf6, 0x4c, 0xf6,
    0x4c, 0xf6, 0x0b, 0xee, 0x6a, 0xed, 0xc8, 0xdc, 0x46, 0xd4, 0x47, 0xd4, 0xaa, 0xd4, 0x6f, 0xdd,
    0x13, 0xe6, 0x97, 0xee, 0x5b, 0xf7, 0xbd, 0xff, 0xff, 0xff, 0xff, 0xff, 0xff, 0xff, 0xff, 0xff,
    0xff, 0xff, 0xff, 0xff, 0xfe, 0xff, 0x7b, 0xff, 0xf7, 0xfe, 0x12, 0xee, 0x0c, 0xdd, 0x47, 0xd4,
    0x05, 0xcc, 0x66, 0xd4, 0x09, 0xe5, 0xcb, 0xed, 0x4c, 0xf6, 0xeb, 0xed, 0xa7, 0xdc, 0x47, 0xd4,
    0xf9, 0xee, 0xff, 0xff, 0xff, 0xff, 0xff, 0xff, 0x3c, 0xe7, 0x00, 0x00, 0x00, 0x00, 0x00, 0x00,
    0x00, 0x00, 0x00, 0x00, 0x00, 0x00, 0x00, 0x00, 0x00, 0x00, 0x00, 0x00, 0x00, 0x00, 0x00, 0x00,
    0x00, 0x00, 0x00, 0x00, 0x00, 0x00, 0x00, 0x00, 0x00, 0x00, 0x00, 0x00, 0x00, 0x00, 0x00, 0x00,
    0x00, 0x00, 0x00, 0x00, 0x00, 0x00, 0x00, 0x00, 0x3c, 0xe7, 0xff, 0xff, 0xff, 0xff, 0xff, 0xff,
    0xf9, 0xee, 0x68, 0xd4, 0x87, 0xdc, 0x8a, 0xed, 0x4c, 0xf6, 0x2c, 0xf6, 0x2b, 0xf6, 0x2c, 0xf6,
    0x2c, 0xf6, 0x2c, 0xf6, 0x2c, 0xf6, 0x2c, 0xf6, 0x2c, 0xf6, 0x2c, 0xf6, 0x2c, 0xf6, 0x2c, 0xf6,
    0x2c, 0xf6, 0x4c, 0xf6, 0x4c, 0xf6, 0x4c, 0xf6, 0xeb, 0xed, 0x8a, 0xed, 0x09, 0xe5, 0x87, 0xdc,
    0x46, 0xd4, 0x26, 0xd4, 0x47, 0xd4, 0x47, 0xd4, 0x88, 0xd4, 0x89, 0xd4, 0x89, 0xd4, 0x89, 0xd4,
    0x68, 0xd4, 0x48, 0xd4, 0x26, 0xcc, 0x26, 0xd4, 0x25, 0xd4, 0x66, 0xd4, 0xc8, 0xdc, 0x49, 0xe5,
    0xcb, 0xed, 0x0c, 0xee, 0x6c, 0xf6, 0x6c, 0xf6, 0x6a, 0xe5, 0x46, 0xdc, 0x89, 0xd4, 0x5c, 0xf7,
    0xff, 0xff, 0xff, 0xff, 0xff, 0xff, 0x5d, 0xef, 0xcb, 0x5a, 0x00, 0x00, 0x00, 0x00, 0x00, 0x00,
    0x00, 0x00, 0x00, 0x00, 0x00, 0x00, 0x00, 0x00, 0x00, 0x00, 0x00, 0x00, 0x00, 0x00, 0x00, 0x00,
    0x00, 0x00, 0x00, 0x00, 0x00, 0x00, 0x00, 0x00, 0x00, 0x00, 0x00, 0x00, 0x00, 0x00, 0x00, 0x00,
    0x00, 0x00, 0x00, 0x00, 0x00, 0x00, 0x00, 0x00, 0x00, 0x00, 0x3c, 0xe7, 0xff, 0xff, 0xff, 0xff,
    0xff, 0xff, 0x7d, 0xf7, 0xeb, 0xd4, 0x26, 0xd4, 0x29, 0xe5, 0x0b, 0xee, 0x4c, 0xf6, 0x2c, 0xf6,
    0x2c, 0xf6, 0x2c, 0xf6, 0x2c, 0xf6, 0x2c, 0xf6, 0x2c, 0xf6, 0x2c, 0xf6, 0x2c, 0xf6, 0x2c, 0xf6,
    0x2c, 0xf6, 0x2c, 0xf6, 0x2b, 0xf6, 0x2c, 0xf6, 0x4c, 0xf6, 0x4c, 0xf6, 0x4c, 0xf6, 0x2c, 0xf6,
    0x0b, 0xee, 0xcb, 0xed, 0xaa, 0xed, 0x6a, 0xe5, 0x49, 0xe5, 0x29, 0xe5, 0x29, 0xe5, 0x29, 0xe5,
    0x29, 0xe5, 0x49, 0xe5, 0x8a, 0xed, 0xab, 0xed, 0xeb, 0xed, 0x2c, 0xf6, 0x4c, 0xf6, 0x4c, 0xf6,
    0x4c, 0xf6, 0x4c, 0xf6, 0xeb, 0xed, 0x09, 0xe5, 0x26, 0xd4, 0x2d, 0xd5, 0xbe, 0xf7, 0xff, 0xff,
    0xff, 0xff, 0xff, 0xff, 0x3c, 0xe7, 0x6d, 0x6b, 0x00, 0x00, 0x00, 0x00, 0x00, 0x00, 0x00, 0x00,
    0x00, 0x00, 0x00, 0x00, 0x00, 0x00, 0x00, 0x00, 0x00, 0x00, 0x00, 0x00, 0x00, 0x00, 0x00, 0x00,
    0x00, 0x00, 0x00, 0x00, 0x00, 0x00, 0x00, 0x00, 0x00, 0x00, 0x00, 0x00, 0x00, 0x00, 0x00, 0x00,
    0x00, 0x00, 0x00, 0x00, 0x00, 0x00, 0x00, 0x00, 0x00, 0x00, 0x00, 0x00, 0x1c, 0xe7, 0xff, 0xff,
    0xff, 0xff, 0xff, 0xff, 0xff, 0xff, 0xf2, 0xdd, 0x26, 0xd4, 0x87, 0xdc, 0x8a, 0xed, 0x4c, 0xf6,
    0x4c, 0xf6, 0x2c, 0xf6, 0x2b, 0xf6, 0x2c, 0xf6, 0x2c, 0xf6, 0x2c, 0xf6, 0x2c, 0xf6, 0x2c, 0xf6,
    0x2c, 0xf6, 0x2c, 0xf6, 0x2c, 0xf6, 0x2c, 0xf6, 0x2c, 0xf6, 0x2b, 0xf6, 0x2c, 0xf6, 0x2c, 0xf6,
    0x4c, 0xf6, 0x4c, 0xf6, 0x4c, 0xf6, 0x4c, 0xf6, 0x4c, 0xf6, 0x4c, 0xf6, 0x4c, 0xf6, 0x4c, 0xf6,
    0x4c, 0xf6, 0x4c, 0xf6, 0x4c, 0xf6, 0x4c, 0xf6, 0x4c, 0xf6, 0x2c, 0xf6, 0x2c, 0xf6, 0x4c, 0xf6,
    0x2c, 0xf6, 0x6a, 0xe5, 0x67, 0xdc, 0x47, 0xd4, 0x34, 0xe6, 0xff, 0xff, 0xff, 0xff, 0xff, 0xff,
    0xff, 0xff, 0x3c, 0xe7, 0x00, 0x00, 0x00, 0x00, 0x00, 0x00, 0x00, 0x00, 0x00, 0x00, 0x00, 0x00,
    0x00, 0x00, 0x00, 0x00, 0x00, 0x00, 0x00, 0x00, 0x00, 0x00, 0x00, 0x00, 0x00, 0x00, 0x00, 0x00,
    0x00, 0x00, 0x00, 0x00, 0x00, 0x00, 0x00, 0x00, 0x00, 0x00, 0x00, 0x00, 0x00, 0x00, 0x00, 0x00,
    0x00, 0x00, 0x00, 0x00, 0x00, 0x00, 0x00, 0x00, 0x00, 0x00, 0x00, 0x00, 0x00, 0x00, 0xba, 0xd6,
    0xdf, 0xff, 0xff, 0xff, 0xff, 0xff, 0xff, 0xff, 0x1a, 0xef, 0xeb, 0xd4, 0x26, 0xd4, 0xe8, 0xe4,
    0xab, 0xed, 0x4c, 0xf6, 0x4c, 0xf6, 0x2c, 0xf6, 0x2c, 0xf6, 0x2c, 0xf6, 0x2c, 0xf6, 0x2c, 0xf6,
    0x2c, 0xf6, 0x2c, 0xf6, 0x2c, 0xf6, 0x2c, 0xf6, 0x2c, 0xf6, 0x2c, 0xf6, 0x2c, 0xf6, 0x2c, 0xf6,
    0x2c, 0xf6, 0x2c, 0xf6, 0x2c, 0xf6, 0x2b, 0xf6, 0x2c, 0xf6, 0x2c, 0xf6, 0x2c, 0xf6, 0x2c, 0xf6,
    0x2c, 0xf6, 0x2b, 0xf6, 0x2b, 0xf6, 0x2b, 0xf6, 0x2c, 0xf6, 0x4c, 0xf6, 0x2c, 0xf6, 0xab, 0xed,
    0xa8, 0xdc, 0x26, 0xd4, 0x2d, 0xdd, 0x5b, 0xf7, 0xff, 0xff, 0xff, 0xff, 0xff, 0xff, 0xff, 0xff,
    0xdb, 0xde, 0x00, 0x00, 0x00, 0x00, 0x00, 0x00, 0x00, 0x00, 0x00, 0x00, 0x00, 0x00, 0x00, 0x00,
    0x00, 0x00, 0x00, 0x00, 0x00, 0x00, 0x00, 0x00, 0x00, 0x00, 0x00, 0x00, 0x00, 0x00, 0x00, 0x00,
    0x00, 0x00, 0x00, 0x00, 0x00, 0x00, 0x00, 0x00, 0x00, 0x00, 0x00, 0x00, 0x00, 0x00, 0x00, 0x00,
    0x00, 0x00, 0x00, 0x00, 0x00, 0x00, 0x00, 0x00, 0x00, 0x00, 0x00, 0x00, 0x00, 0x00, 0x00, 0x00,
    0x18, 0xc6, 0x7d, 0xef, 0xff, 0xff, 0xff, 0xff, 0xff, 0xff, 0xff, 0xff, 0x75, 0xe6, 0xa9, 0xd4,
    0x26, 0xd4, 0xc8, 0xe4, 0xaa, 0xed, 0x2c, 0xee, 0x4c, 0xf6, 0x4c, 0xf6, 0x2c, 0xf6, 0x2c, 0xf6,
    0x2b, 0xf6, 0x2c, 0xf6, 0x2c, 0xf6, 0x2c, 0xf6, 0x2c, 0xf6, 0x2c, 0xf6, 0x2c, 0xf6, 0x2c, 0xf6,
    0x2c, 0xf6, 0x2c, 0xf6, 0x2c, 0xf6, 0x2c, 0xf6, 0x2c, 0xf6, 0x2c, 0xf6, 0x2c, 0xf6, 0x2b, 0xf6,
    0x2c, 0xf6, 0x2c, 0xf6, 0x4c, 0xf6, 0x4c, 0xf6, 0x0c, 0xee, 0x8a, 0xed, 0xa8, 0xdc, 0x26, 0xd4,
    0xcb, 0xd4, 0xb7, 0xee, 0xff, 0xff, 0xff, 0xff, 0xff, 0xff, 0xff, 0xff, 0x9e, 0xf7, 0x59, 0xce,
    0x00, 0x00, 0x00, 0x00, 0x00, 0x00, 0x00, 0x00, 0x00, 0x00, 0x00, 0x00, 0x00, 0x00, 0x00, 0x00,
    0x00, 0x00, 0x00, 0x00, 0x00, 0x00, 0x00, 0x00, 0x00, 0x00, 0x00, 0x00, 0x00, 0x00, 0x00, 0x00,
    0x00, 0x00, 0x00, 0x00, 0x00, 0x00, 0x00, 0x00, 0x00, 0x00, 0x00, 0x00, 0x00, 0x00, 0x00, 0x00,
    0x00, 0x00, 0x00, 0x00, 0x00, 0x00, 0x00, 0x00, 0x00, 0x00, 0x00, 0x00, 0x00, 0x00, 0x00, 0x00,
    0x00, 0x00, 0x30, 0x84, 0x1c, 0xe7, 0xff, 0xff, 0xff, 0xff, 0xff, 0xff, 0xff, 0xff, 0xdf, 0xff,
    0x55, 0xe6, 0xaa, 0xd4, 0x26, 0xd4, 0x87, 0xdc, 0x29, 0xe5, 0xcb, 0xed, 0x2c, 0xf6, 0x4c, 0xf6,
    0x4c, 0xf6, 0x4c, 0xf6, 0x4c, 0xf6, 0x2c, 0xf6, 0x2c, 0xf6, 0x2c, 0xf6, 0x2c, 0xf6, 0x2c, 0xf6,
    0x2c, 0xf6, 0x2c, 0xf6, 0x2c, 0xf6, 0x2c, 0xf6, 0x2c, 0xf6, 0x4c, 0xf6, 0x4c, 0xf6, 0x4c, 0xf6,
    0x4c, 0xf6, 0x0c, 0xee, 0xab, 0xed, 0x29, 0xe5, 0x67, 0xdc, 0x26, 0xd4, 0xeb, 0xd4, 0x97, 0xee,
    0xff, 0xff, 0xff, 0xff, 0xff, 0xff, 0xff, 0xff, 0xff, 0xff, 0x3c, 0xe7, 0xf3, 0x9c, 0x00, 0x00,
    0x00, 0x00, 0x00, 0x00, 0x00, 0x00, 0x00, 0x00, 0x00, 0x00, 0x00, 0x00, 0x00, 0x00, 0x00, 0x00,
    0x00, 0x00, 0x00, 0x00, 0x00, 0x00, 0x00, 0x00, 0x00, 0x00, 0x00, 0x00, 0x00, 0x00, 0x00, 0x00,
    0x00, 0x00, 0x00, 0x00, 0x00, 0x00, 0x00, 0x00, 0x00, 0x00, 0x00, 0x00, 0x00, 0x00, 0x00, 0x00,
    0x00, 0x00, 0x00, 0x00, 0x00, 0x00, 0x00, 0x00, 0x00, 0x00, 0x00, 0x00, 0x00, 0x00, 0x00, 0x00,
    0x00, 0x00, 0x00, 0x00, 0x00, 0x00, 0x79, 0xce, 0x7d, 0xef, 0xff, 0xff, 0xff, 0xff, 0xff, 0xff,
    0xff, 0xff, 0xff, 0xff, 0xd8, 0xee, 0x4e, 0xdd, 0x68, 0xd4, 0x26, 0xd4, 0x87, 0xdc, 0x08, 0xe5,
    0x6a, 0xed, 0xcb, 0xed, 0x0b, 0xee, 0x2c, 0xf6, 0x2c, 0xf6, 0x4c, 0xf6, 0x4c, 0xf6, 0x4c, 0xf6,
    0x4c, 0xf6, 0x4c, 0xf6, 0x4c, 0xf6, 0x2c, 0xf6, 0x2c, 0xf6, 0x0b, 0xee, 0xcb, 0xed, 0x6a, 0xe5,
    0xe8, 0xe4, 0x67, 0xdc, 0x26, 0xd4, 0x68, 0xd4, 0x8f, 0xdd, 0xf9, 0xee, 0xff, 0xff, 0xff, 0xff,
    0xff, 0xff, 0xff, 0xff, 0xff, 0xff, 0x9e, 0xf7, 0x9a, 0xd6, 0x00, 0x00, 0x00, 0x00, 0x00, 0x00,
    0x00, 0x00, 0x00, 0x00, 0x00, 0x00, 0x00, 0x00, 0x00, 0x00, 0x00, 0x00, 0x00, 0x00, 0x00, 0x00,
    0x00, 0x00, 0x00, 0x00, 0x00, 0x00, 0x00, 0x00, 0x00, 0x00, 0x00, 0x00, 0x00, 0x00, 0x00, 0x00,
    0x00, 0x00, 0x00, 0x00, 0x00, 0x00, 0x00, 0x00, 0x00, 0x00, 0x00, 0x00, 0x00, 0x00, 0x00, 0x00,
    0x00, 0x00, 0x00, 0x00, 0x00, 0x00, 0x00, 0x00, 0x00, 0x00, 0x00, 0x00, 0x00, 0x00, 0x00, 0x00,
    0x00, 0x00, 0x00, 0x00, 0x00, 0x00, 0x00, 0x00, 0x00, 0x00, 0xdb, 0xde, 0x9e, 0xf7, 0xff, 0xff,
    0xff, 0xff, 0xff, 0xff, 0xff, 0xff, 0xff, 0xff, 0x9d, 0xf7, 0x96, 0xee, 0x6f, 0xdd, 0xaa, 0xd4,
    0x47, 0xd4, 0x26, 0xd4, 0x46, 0xd4, 0x87, 0xdc, 0xa7, 0xdc, 0xe8, 0xe4, 0x08, 0xe5, 0x08, 0xe5,
    0x08, 0xe5, 0x08, 0xe5, 0xc8, 0xdc, 0xa7, 0xdc, 0x67, 0xdc, 0x46, 0xd4, 0x46, 0xd4, 0x47, 0xd4,
    0xca, 0xd4, 0xb0, 0xe5, 0xd7, 0xee, 0xbe, 0xff, 0xff, 0xff, 0xff, 0xff, 0xff, 0xff, 0xff, 0xff,
    0xff, 0xff, 0x9e, 0xf7, 0xdb, 0xde, 0x8e, 0x73, 0x00, 0x00, 0x00, 0x00, 0x00, 0x00, 0x00, 0x00,
    0x00, 0x00, 0x00, 0x00, 0x00, 0x00, 0x00, 0x00, 0x00, 0x00, 0x00, 0x00, 0x00, 0x00, 0x00, 0x00,
    0x00, 0x00, 0x00, 0x00, 0x00, 0x00, 0x00, 0x00, 0x00, 0x00, 0x00, 0x00, 0x00, 0x00, 0x00, 0x00,
    0x00, 0x00, 0x00, 0x00, 0x00, 0x00, 0x00, 0x00, 0x00, 0x00, 0x00, 0x00, 0x00, 0x00, 0x00, 0x00,
    0x00, 0x00, 0x00, 0x00, 0x00, 0x00, 0x00, 0x00, 0x00, 0x00, 0x00, 0x00, 0x00, 0x00, 0x00, 0x00,
    0x00, 0x00, 0x00, 0x00, 0x00, 0x00, 0x00, 0x00, 0x00, 0x00, 0x00, 0x00, 0x10, 0x84, 0xdb, 0xde,
    0x9e, 0xf7, 0xff, 0xff, 0xff, 0xff, 0xff, 0xff, 0xff, 0xff, 0xff, 0xff, 0xff, 0xff, 0xff, 0xff,
    0x7c, 0xf7, 0xd8, 0xee, 0x33, 0xe6, 0xb0, 0xe5, 0x2d, 0xdd, 0x0c, 0xdd, 0xca, 0xdc, 0xaa, 0xdc,
    0xaa, 0xdc, 0xca, 0xd4, 0x0c, 0xdd, 0x4d, 0xdd, 0xb1, 0xe5, 0x34, 0xe6, 0xd8, 0xee, 0x7c, 0xf7,
    0xff, 0xff, 0xff, 0xff, 0xff, 0xff, 0xff, 0xff, 0xff, 0xff, 0xff, 0xff, 0xff, 0xff, 0x9e, 0xf7,
    0xdb, 0xde, 0xd3, 0x9c, 0x00, 0x00, 0x00, 0x00, 0x00, 0x00, 0x00, 0x00, 0x00, 0x00, 0x00, 0x00,
    0x00, 0x00, 0x00, 0x00, 0x00, 0x00, 0x00, 0x00, 0x00, 0x00, 0x00, 0x00, 0x00, 0x00, 0x00, 0x00,
    0x00, 0x00, 0x00, 0x00, 0x00, 0x00, 0x00, 0x00, 0x00, 0x00, 0x00, 0x00, 0x00, 0x00, 0x00, 0x00,
    0x00, 0x00, 0x00, 0x00, 0x00, 0x00, 0x00, 0x00, 0x00, 0x00, 0x00, 0x00, 0x00, 0x00, 0x00, 0x00,
    0x00, 0x00, 0x00, 0x00, 0x00, 0x00, 0x00, 0x00, 0x00, 0x00, 0x00, 0x00, 0x00, 0x00, 0x00, 0x00,
    0x00, 0x00, 0x00, 0x00, 0x00, 0x00, 0x00, 0x00, 0x00, 0x00, 0x00, 0x00, 0x00, 0x00, 0x00, 0x00,
    0x00, 0x00, 0x9a, 0xd6, 0x5d, 0xef, 0xbe, 0xf7, 0xff, 0xff, 0xff, 0xff, 0xff, 0xff, 0xff, 0xff,
    0xff, 0xff, 0xff, 0xff, 0xff, 0xff, 0xff, 0xff, 0xff, 0xff, 0xff, 0xff, 0xff, 0xff, 0xff, 0xff,
    0xff, 0xff, 0xff, 0xff, 0xff, 0xff, 0xff, 0xff, 0xff, 0xff, 0xff, 0xff, 0xff, 0xff, 0xff, 0xff,
    0xff, 0xff, 0xff, 0xff, 0xff, 0xff, 0xff, 0xff, 0xbe, 0xf7, 0x5d, 0xef, 0xba, 0xd6, 0xcb, 0x5a,
    0x00, 0x00, 0x00, 0x00, 0x00, 0x00, 0x00, 0x00, 0x00, 0x00, 0x00, 0x00, 0x00, 0x00, 0x00, 0x00,
    0x00, 0x00, 0x00, 0x00, 0x00, 0x00, 0x00, 0x00, 0x00, 0x00, 0x00, 0x00, 0x00, 0x00, 0x00, 0x00,
    0x00, 0x00, 0x00, 0x00, 0x00, 0x00, 0x00, 0x00, 0x00, 0x00, 0x00, 0x00, 0x00, 0x00, 0x00, 0x00,
    0x00, 0x00, 0x00, 0x00, 0x00, 0x00, 0x00, 0x00, 0x00, 0x00, 0x00, 0x00, 0x00, 0x00, 0x00, 0x00,
    0x00, 0x00, 0x00, 0x00, 0x00, 0x00, 0x00, 0x00, 0x00, 0x00, 0x00, 0x00, 0x00, 0x00, 0x00, 0x00,
    0x00, 0x00, 0x00, 0x00, 0x00, 0x00, 0x00, 0x00, 0x00, 0x00, 0x00, 0x00, 0x00, 0x00, 0x00, 0x00,
    0x00, 0x00, 0x00, 0x00, 0x00, 0x00, 0x34, 0xa5, 0xba, 0xd6, 0x5d, 0xef, 0x9e, 0xf7, 0xff, 0xff,
    0xff, 0xff, 0xff, 0xff, 0xff, 0xff, 0xff, 0xff, 0xff, 0xff, 0xff, 0xff, 0xff, 0xff, 0xff, 0xff,
    0xff, 0xff, 0xff, 0xff, 0xff, 0xff, 0xff, 0xff, 0xff, 0xff, 0xff, 0xff, 0xff, 0xff, 0xff, 0xff,
    0xff, 0xff, 0x9e, 0xf7, 0x5d, 0xef, 0xba, 0xd6, 0x75, 0xad, 0x00, 0x00, 0x00, 0x00, 0x00, 0x00,
    0x00, 0x00, 0x00, 0x00, 0x00, 0x00, 0x00, 0x00, 0x00, 0x00, 0x00, 0x00, 0x00, 0x00, 0x00, 0x00,
    0x00, 0x00, 0x00, 0x00, 0x00, 0x00, 0x00, 0x00, 0x00, 0x00, 0x00, 0x00, 0x00, 0x00, 0x00, 0x00,
    0x00, 0x00, 0x00, 0x00, 0x00, 0x00, 0x00, 0x00, 0x00, 0x00, 0x00, 0x00, 0x00, 0x00, 0x00, 0x00,
    0x00, 0x00, 0x00, 0x00, 0x00, 0x00, 0x00, 0x00, 0x00, 0x00, 0x00, 0x00, 0x00, 0x00, 0x00, 0x00,
    0x00, 0x00, 0x00, 0x00, 0x00, 0x00, 0x00, 0x00, 0x00, 0x00, 0x00, 0x00, 0x00, 0x00, 0x00, 0x00,
    0x00, 0x00, 0x00, 0x00, 0x00, 0x00, 0x00, 0x00, 0x00, 0x00, 0x00, 0x00, 0x00, 0x00, 0x00, 0x00,
    0x00, 0x00, 0x00, 0x00, 0x00, 0x00, 0x00, 0x00, 0x00, 0x00, 0x00, 0x00, 0x08, 0x42, 0xf7, 0xbd,
    0xba, 0xd6, 0x1c, 0xe7, 0x5d, 0xef, 0x7d, 0xef, 0x9e, 0xf7, 0xbe, 0xf7, 0xdf, 0xff, 0xff, 0xff,
    0xff, 0xff, 0xdf, 0xff, 0xbe, 0xf7, 0x9e, 0xf7, 0x7d, 0xef, 0x5d, 0xef, 0x1c, 0xe7, 0xdb, 0xde,
    0x38, 0xc6, 0x2c, 0x63, 0x00, 0x00, 0x00, 0x00, 0x00, 0x00, 0x00, 0x00, 0x00, 0x00, 0x00, 0x00,
    0x00, 0x00, 0x00, 0x00, 0x00, 0x00, 0x00, 0x00, 0x00, 0x00, 0x00, 0x00, 0x00, 0x00, 0x00, 0x00,
    0x00, 0x00, 0x00, 0x00, 0x00, 0x00, 0x00, 0x00, 0x00, 0x00, 0x00, 0x00, 0x00, 0x00, 0x00, 0x00,
    0x00, 0x00, 0x00, 0x00, 0x00, 0x00, 0x00, 0x00, 0x00, 0x00, 0x00, 0x00, 0x00, 0x00, 0x00, 0x00,
    0x00, 0x00, 0x00, 0x00, 0x00, 0x00, 0x00, 0x00, 0x00, 0x00, 0x00, 0x00, 0x00, 0x00, 0x00, 0x00,
    0x00, 0x00, 0x00, 0x00, 0x00, 0x00, 0x00, 0x00, 0x00, 0x00, 0x00, 0x00, 0x00, 0x00, 0x00, 0x00,
    0x00, 0x00, 0x00, 0x00, 0x00, 0x00, 0x00, 0x00, 0x00, 0x00, 0x00, 0x00, 0x00, 0x00, 0x00, 0x00,
    0x00, 0x00, 0x00, 0x00, 0x00, 0x00, 0x00, 0x00, 0x00, 0x00, 0x00, 0x00, 0x00, 0x00, 0x00, 0x00,
    0x00, 0x00, 0x00, 0x00, 0x00, 0x00, 0x00, 0x00, 0x69, 0x4a, 0x92, 0x94, 0x79, 0xce, 0xbe, 0xf7,
    0xbe, 0xf7, 0x79, 0xce, 0xb2, 0x94, 0xcb, 0x5a, 0x00, 0x00, 0x00, 0x00, 0x00, 0x00, 0x00, 0x00,
    0x00, 0x00, 0x00, 0x00, 0x00, 0x00, 0x00, 0x00, 0x00, 0x00, 0x00, 0x00, 0x00, 0x00, 0x00, 0x00,
    0x00, 0x00, 0x00, 0x00, 0x00, 0x00, 0x00, 0x00, 0x00, 0x00, 0x00, 0x00, 0x00, 0x00, 0x00, 0x00,
    0x00, 0x00, 0x00, 0x00, 0x00, 0x00, 0x00, 0x00, 0x00, 0x00, 0x00, 0x00, 0x00, 0x00, 0x00, 0x00,
    0x00, 0x00, 0x00, 0x00, 0x00, 0x00, 0x00, 0x00, 0x00, 0x00, 0x00, 0x00, 0x00, 0x00, 0x00, 0x00,
    0x00, 0x00, 0x00, 0x00, 0x00, 0x00, 0x00, 0x00, 0x00, 0x00, 0x00, 0x00, 0x00, 0x00, 0x00, 0x00,
    0x00, 0x00, 0x00, 0x00, 0x00, 0x00, 0x00, 0x00, 0x00, 0x00, 0x00, 0x00, 0x00, 0x00, 0x00, 0x00,
    0x00, 0x00, 0x00, 0x00, 0x00, 0x0d, 0x15, 0x1c, 0x1d, 0x15, 0x0e, 0x00, 0x00, 0x00, 0x00, 0x00,
    0x00, 0x00, 0x00, 0x00, 0x00, 0x00, 0x00, 0x00, 0x00, 0x00, 0x00, 0x00, 0x00, 0x00, 0x00, 0x00,
    0x00, 0x00, 0x00, 0x00, 0x00, 0x00, 0x00, 0x00, 0x00, 0x00, 0x00, 0x00, 0x00, 0x00, 0x00, 0x00,
    0x00, 0x00, 0x00, 0x00, 0x00, 0x00, 0x00, 0x00, 0x00, 0x00, 0x00, 0x00, 0x00, 0x00, 0x00, 0x00,
    0x00, 0x00, 0x00, 0x00, 0x00, 0x00, 0x00, 0x00, 0x00, 0x00, 0x00, 0x00, 0x00, 0x00, 0x00, 0x25,
    0x51, 0x7e, 0xa4, 0xc1, 0xd5, 0xe3, 0xeb, 0xf1, 0xf1, 0xeb, 0xe4, 0xd7, 0xc3, 0xa6, 0x81, 0x55,
    0x28, 0x00, 0x00, 0x00, 0x00, 0x00, 0x00, 0x00, 0x00, 0x00, 0x00, 0x00, 0x00, 0x00, 0x00, 0x00,
    0x00, 0x00, 0x00, 0x00, 0x00, 0x00, 0x00, 0x00, 0x00, 0x00, 0x00, 0x00, 0x00, 0x00, 0x00, 0x00,
    0x00, 0x00, 0x00, 0x00, 0x00, 0x00, 0x00, 0x00, 0x00, 0x00, 0x00, 0x00, 0x00, 0x00, 0x00, 0x00,
    0x00, 0x00, 0x00, 0x00, 0x00, 0x00, 0x00, 0x00, 0x00, 0x00, 0x00, 0x13, 0x53, 0x9b, 0xd7, 0xff,
    0xff, 0xff, 0xff, 0xff, 0xff, 0xff, 0xff, 0xff, 0xff, 0xff, 0xff, 0xff, 0xff, 0xff, 0xff, 0xff,
    0xff, 0xdb, 0xa1, 0x58, 0x17, 0x00, 0x00, 0x00, 0x00, 0x00, 0x00, 0x00, 0x00, 0x00, 0x00, 0x00,
    0x00, 0x00, 0x00, 0x00, 0x00, 0x00, 0x00, 0x00, 0x00, 0x00, 0x00, 0x00, 0x00, 0x00, 0x00, 0x00,
    0x00, 0x00, 0x00, 0x00, 0x00, 0x00, 0x00, 0x00, 0x00, 0x00, 0x00, 0x00, 0x00, 0x00, 0x00, 0x00,
    0x00, 0x00, 0x00, 0x00, 0x00, 0x00, 0x00, 0x00, 0x00, 0x45, 0xa1, 0xe9, 0xff, 0xff, 0xff, 0xff,
    0xff, 0xff, 0xff, 0xf9, 0xf7, 0xf6, 0xf7, 0xf7, 0xf7, 0xf7, 0xf6, 0xf8, 0xf9, 0xff, 0xff, 0xff,
    0xff, 0xff, 0xff, 0xff, 0xed, 0xa8, 0x4c, 0x00, 0x00, 0x00, 0x00, 0x00, 0x00, 0x00, 0x00, 0x00,
    0x00, 0x00, 0x00, 0x00, 0x00, 0x00, 0x00, 0x00, 0x00, 0x00, 0x00, 0x00, 0x00, 0x00, 0x00, 0x00,
    0x00, 0x00, 0x00, 0x00, 0x00, 0x00, 0x00, 0x00, 0x00, 0x00, 0x00, 0x00, 0x00, 0x00, 0x00, 0x00,
    0x00, 0x00, 0x00, 0x00, 0x00, 0x00, 0x00, 0x64, 0xcc, 0xff, 0xff, 0xff, 0xff, 0xff, 0xf8, 0xf2,
    0xed, 0xec, 0xec, 0xee, 0xf0, 0xf3, 0xf6, 0xf5, 0xf5, 0xf5, 0xf3, 0xf1, 0xee, 0xec, 0xeb, 0xee,
    0xf3, 0xf9, 0xff, 0xff, 0xff, 0xff, 0xff, 0xd3, 0x6d, 0x0e, 0x00, 0x00, 0x00, 0x00, 0x00, 0x00,
    0x00, 0x00, 0x00, 0x00, 0x00, 0x00, 0x00, 0x00, 0x00, 0x00, 0x00, 0x00, 0x00, 0x00, 0x00, 0x00,
    0x00, 0x00, 0x00, 0x00, 0x00, 0x00, 0x00, 0x00, 0x00, 0x00, 0x00, 0x00, 0x00, 0x00, 0x00, 0x00,
    0x00, 0x00, 0x00, 0x00, 0x00, 0x63, 0xd8, 0xff, 0xff, 0xff, 0xff, 0xf6, 0xed, 0xe8, 0xea, 0xf0,
    0xf7, 0xff, 0xff, 0xff, 0xff, 0xff, 0xff, 0xff, 0xff, 0xff, 0xff, 0xff, 0xff, 0xff, 0xff, 0xf6,
    0xef, 0xe9, 0xe9, 0xee, 0xf8, 0xff, 0xff, 0xff, 0xff, 0xdf, 0x6d, 0x00, 0x00, 0x00, 0x00, 0x00,
    0x00, 0x00, 0x00, 0x00, 0x00, 0x00, 0x00, 0x00, 0x00, 0x00, 0x00, 0x00, 0x00, 0x00, 0x00, 0x00,
    0x00, 0x00, 0x00, 0x00, 0x00, 0x00, 0x00, 0x00, 0x00, 0x00, 0x00, 0x00, 0x00, 0x00, 0x00, 0x00,
    0x00, 0x00, 0x00, 0x40, 0xc7, 0xff, 0xff, 0xff, 0xff, 0xf2, 0xe6, 0xe8, 0xf3, 0xff, 0xff, 0xff,
    0xff, 0xff, 0xff, 0xff, 0xff, 0xff, 0xff, 0xff, 0xff, 0xff, 0xff, 0xff, 0xff, 0xff, 0xff, 0xff,
    0xff, 0xff, 0xff, 0xf1, 0xe7, 0xe6, 0xf2, 0xff, 0xff, 0xff, 0xff, 0xd0, 0x4a, 0x00, 0x00, 0x00,
    0x00, 0x00, 0x00, 0x00, 0x00, 0x00, 0x00, 0x00, 0x00, 0x00, 0x00, 0x00, 0x00, 0x00, 0x00, 0x00,
    0x00, 0x00, 0x00, 0x00, 0x00, 0x00, 0x00, 0x00, 0x00, 0x00, 0x00, 0x00, 0x00, 0x00, 0x00, 0x00,
    0x00, 0x0c, 0x92, 0xff, 0xff, 0xff, 0xff, 0xed, 0xe9, 0xf3, 0xff, 0xff, 0xff, 0xff, 0xff, 0xff,
    0xff, 0xff, 0xff, 0xff, 0xff, 0xff, 0xff, 0xff, 0xff, 0xff, 0xff, 0xff, 0xff, 0xff, 0xff, 0xff,
    0xff, 0xff, 0xff, 0xff, 0xff, 0xf8, 0xea, 0xe3, 0xf0, 0xff, 0xff, 0xff, 0xff, 0x9e, 0x13, 0x00,
    0x00, 0x00, 0x00, 0x00, 0x00, 0x00, 0x00, 0x00, 0x00, 0x00, 0x00, 0x00, 0x00, 0x00, 0x00, 0x00,
    0x00, 0x00, 0x00, 0x00, 0x00, 0x00, 0x00, 0x00, 0x00, 0x00, 0x00, 0x00, 0x00, 0x00, 0x00, 0x00,
    0x37, 0xd4, 0xff, 0xff, 0xff, 0xef, 0xe1, 0xec, 0xff, 0xff, 0xff, 0xff, 0xff, 0xff, 0xff, 0xff,
    0xff, 0xff, 0xff, 0xff, 0xff, 0xff, 0xff, 0xff, 0xff, 0xff, 0xff, 0xff, 0xff, 0xff, 0xff, 0xff,
    0xff, 0xff, 0xff, 0xff, 0xff, 0xff, 0xff, 0xff, 0xea, 0xe2, 0xf3, 0xff, 0xff, 0xff, 0xde, 0x43,
    0x00, 0x00, 0x00, 0x00, 0x00, 0x00, 0x00, 0x00, 0x00, 0x00, 0x00, 0x00, 0x00, 0x00, 0x00, 0x00,
    0x00, 0x00, 0x00, 0x00, 0x00, 0x00, 0x00, 0x00, 0x00, 0x00, 0x00, 0x00, 0x00, 0x00, 0x00, 0x66,
    0xf8, 0xff, 0xff, 0xf7, 0xe3, 0xe7, 0xff, 0xff, 0xff, 0xff, 0xff, 0xff, 0xff, 0xff, 0xff, 0xff,
    0xff, 0xff, 0xff, 0xff, 0xff, 0xff, 0xff, 0xff, 0xff, 0xff, 0xff, 0xff, 0xff, 0xff, 0xff, 0xff,
    0xff, 0xff, 0xff, 0xff, 0xff, 0xff, 0xff, 0xff, 0xff, 0xf9, 0xe4, 0xe5, 0xff, 0xff, 0xff, 0xff,
    0x74, 0x00, 0x00, 0x00, 0x00, 0x00, 0x00, 0x00, 0x00, 0x00, 0x00, 0x00, 0x00, 0x00, 0x00, 0x00,
    0x00, 0x00, 0x00, 0x00, 0x00, 0x00, 0x00, 0x00, 0x00, 0x00, 0x00, 0x00, 0x00, 0x00, 0x8b, 0xff,
    0xff, 0xff, 0xea, 0xe0, 0xf6, 0xff, 0xff, 0xff, 0xff, 0xff, 0xff, 0xff, 0xff, 0xff, 0xff, 0xff,
    0xff, 0xff, 0xff, 0xf9, 0xf7, 0xf4, 0xf5, 0xf5, 0xf5, 0xf4, 0xf7, 0xf8, 0xff, 0xff, 0xff, 0xff,
    0xff, 0xff, 0xff, 0xff, 0xff, 0xff, 0xff, 0xff, 0xff, 0xff, 0xff, 0xf1, 0xdf, 0xf1, 0xff, 0xff,
    0xff, 0x99, 0x00, 0x00, 0x00, 0x00, 0x00, 0x00, 0x00, 0x00, 0x00, 0x00, 0x00, 0x00, 0x00, 0x00,
    0x00, 0x00, 0x00, 0x00, 0x00, 0x00, 0x00, 0x00, 0x00, 0x00, 0x00, 0x00, 0x00, 0xa1, 0xff, 0xff,
    0xff, 0xdc, 0xdc, 0xff, 0xff, 0xff, 0xff, 0xff, 0xff, 0xff, 0xff, 0xff, 0xff, 0xff, 0xff, 0xf2,
    0xec, 0xe9, 0xec, 0xf0, 0xf3, 0xf5, 0xf8, 0xf8, 0xf8, 0xf5, 0xf3, 0xf0, 0xec, 0xea, 0xeb, 0xf1,
    0xff, 0xff, 0xff, 0xff, 0xff, 0xff, 0xff, 0xff, 0xff, 0xff, 0xff, 0xff, 0xff, 0xe3, 0xe7, 0xff,
    0xff, 0xff, 0xb0, 0x00, 0x00, 0x00, 0x00, 0x00, 0x00, 0x00, 0x00, 0x00, 0x00, 0x00, 0x00, 0x00,
    0x00, 0x00, 0x00, 0x00, 0x00, 0x00, 0x00, 0x00, 0x00, 0x00, 0x00, 0x00, 0xa9, 0xff, 0xff, 0xff,
    0xd6, 0xce, 0xff, 0xff, 0xff, 0xff, 0xff, 0xff, 0xff, 0xff, 0xff, 0xff, 0xf3, 0xe7, 0xe8, 0xef,
    0xf7, 0xff, 0xff, 0xff, 0xff, 0xff, 0xff, 0xff, 0xff, 0xff, 0xff, 0xff, 0xff, 0xff, 0xf9, 0xf0,
    0xe8, 0xe8, 0xf0, 0xff, 0xff, 0xff, 0xff, 0xff, 0xff, 0xff, 0xff, 0xff, 0xff, 0xff, 0xea, 0xe1,
    0xff, 0xff, 0xff, 0xb8, 0x00, 0x00, 0x00, 0x00, 0x00, 0x00, 0x00, 0x00, 0x00, 0x00, 0x00, 0x00,
    0x00, 0x00, 0x00, 0x00, 0x00, 0x00, 0x00, 0x00, 0x00, 0x00, 0x00, 0xa1, 0xff, 0xff, 0xff, 0xdf,
    0xd9, 0xff, 0xff, 0xff, 0xff, 0xff, 0xff, 0xff, 0xff, 0xff, 0xf5, 0xe4, 0xea, 0xf8, 0xff, 0xff,
    0xff, 0xff, 0xff, 0xff, 0xff, 0xff, 0xff, 0xff, 0xff, 0xff, 0xff, 0xff, 0xff, 0xff, 0xff, 0xff,
    0xff, 0xff, 0xeb, 0xe4, 0xec, 0xff, 0xff, 0xff, 0xff, 0xff, 0xff, 0xff, 0xff, 0xff, 0xff, 0xed,
    0xdf, 0xff, 0xff, 0xff, 0xb2, 0x00, 0x00, 0x00, 0x00, 0x00, 0x00, 0x00, 0x00, 0x00, 0x00, 0x00,
    0x00, 0x00, 0x00, 0x00, 0x00, 0x00, 0x00, 0x00, 0x00, 0x00, 0x8b, 0xff, 0xff, 0xff, 0xdc, 0xf3,
    0xef, 0xff, 0xff, 0xff, 0xff, 0xff, 0xff, 0xff, 0xff, 0xff, 0xe3, 0xf1, 0xff, 0xff, 0xff, 0xff,
    0xff, 0xff, 0xff, 0xff, 0xff, 0xff, 0xff, 0xff, 0xff, 0xff, 0xff, 0xff, 0xff, 0xff, 0xff, 0xff,
    0xff, 0xff, 0xff, 0xff, 0xec, 0xe1, 0xf0, 0xff, 0xff, 0xff, 0xff, 0xff, 0xff, 0xff, 0xff, 0xff,
    0xed, 0xdf, 0xff, 0xff, 0xff, 0x9c, 0x00, 0x00, 0x00, 0x00, 0x00, 0x00, 0x00, 0x00, 0x00, 0x00,
    0x00, 0x00, 0x00, 0x00, 0x00, 0x00, 0x00, 0x00, 0x00, 0x64, 0xff, 0xff, 0xff, 0xdc, 0xf3, 0xff,
    0xf4, 0xff, 0xff, 0xff, 0xff, 0xff, 0xff, 0xff, 0xff, 0xff, 0xff, 0xe5, 0xff, 0xff, 0xff, 0xff,
    0xff, 0xff, 0xff, 0xff, 0xff, 0xff, 0xf3, 0xed, 0xf0, 0xec, 0xf3, 0xff, 0xff, 0xff, 0xff, 0xff,
    0xff, 0xff, 0xff, 0xff, 0xff, 0xff, 0xe8, 0xe1, 0xff, 0xff, 0xff, 0xff, 0xff, 0xff, 0xff, 0xff,
    0xff, 0xed, 0xdf, 0xff, 0xff, 0xff, 0x76, 0x00, 0x00, 0x00, 0x00, 0x00, 0x00, 0x00, 0x00, 0x00,
    0x00, 0x00, 0x00, 0x00, 0x00, 0x00, 0x00, 0x00, 0x33, 0xff, 0xff, 0xff, 0xdf, 0xf3, 0xff, 0xff,
    0xe0, 0xff, 0xff, 0xff, 0xff, 0xff, 0xff, 0xf9, 0xee, 0xff, 0xff, 0xea, 0xf2, 0xff, 0xff, 0xff,
    0xff, 0xff, 0xff, 0xff, 0xf0, 0xe2, 0xeb, 0xf7, 0xff, 0xf9, 0xdf, 0xf1, 0xff, 0xff, 0xff, 0xff,
    0xff, 0xff, 0xff, 0xff, 0xff, 0xff, 0xff, 0xf2, 0xde, 0xf2, 0xff, 0xff, 0xff, 0xff, 0xff, 0xff,
    0xff, 0xff, 0xed, 0xe3, 0xff, 0xff, 0xff, 0x43, 0x00, 0x00, 0x00, 0x00, 0x00, 0x00, 0x00, 0x00,
    0x00, 0x00, 0x00, 0x00, 0x00, 0x00, 0x00, 0x00, 0xd9, 0xff, 0xff, 0xe4, 0xed, 0xff, 0xff, 0xed,
    0xdd, 0xe8, 0xff, 0xff, 0xff, 0xff, 0xff, 0xe1, 0xe8, 0xe8, 0xff, 0xff, 0xee, 0xf2, 0xf2, 0xf2,
    0xf1, 0xea, 0xed, 0xe4, 0xe4, 0xff, 0xff, 0xff, 0xff, 0xff, 0xff, 0xe8, 0xff, 0xff, 0xff, 0xff,
    0xff, 0xff, 0xff, 0xff, 0xff, 0xff, 0xff, 0xff, 0xff, 0xe0, 0xea, 0xff, 0xff, 0xff, 0xff, 0xff,
    0xff, 0xff, 0xff, 0xe8, 0xeb, 0xff, 0xff, 0xe5, 0x13, 0x00, 0x00, 0x00, 0x00, 0x00, 0x00, 0x00,
    0x00, 0x00, 0x00, 0x00, 0x00, 0x00, 0x00, 0x94, 0xff, 0xff, 0xef, 0xe6, 0xff, 0xff, 0xff, 0xe5,
    0xff, 0xe7, 0xe6, 0xf2, 0xff, 0xff, 0xee, 0xf5, 0xff, 0xe6, 0xff, 0xff, 0xff, 0xff, 0xff, 0xff,
    0xff, 0xff, 0xff, 0xf6, 0xff, 0xff, 0xf8, 0xf6, 0xf6, 0xff, 0xff, 0xf1, 0xff, 0xff, 0xff, 0xff,
    0xff, 0xff, 0xff, 0xff, 0xff, 0xff, 0xff, 0xff, 0xff, 0xff, 0xe6, 0xe4, 0xff, 0xff, 0xff, 0xff,
    0xff, 0xff, 0xff, 0xff, 0xe1, 0xf5, 0xff, 0xff, 0xa8, 0x00, 0x00, 0x00, 0x00, 0x00, 0x00, 0x00,
    0x00, 0x00, 0x00, 0x00, 0x00, 0x00, 0x3b, 0xff, 0xff, 0xff, 0xdf, 0xff, 0xff, 0xff, 0xef, 0xf0,
    0xff, 0xff, 0xff, 0xe6, 0xf6, 0xff, 0xf3, 0xea, 0xea, 0xeb, 0xff, 0xff, 0xff, 0xff, 0xff, 0xff,
    0xff, 0xff, 0xff, 0xff, 0xff, 0xff, 0xf8, 0xff, 0xff, 0xff, 0xff, 0xf2, 0xff, 0xff, 0xff, 0xff,
    0xff, 0xff, 0xff, 0xff, 0xff, 0xff, 0xff, 0xff, 0xff, 0xff, 0xff, 0xe7, 0xe4, 0xff, 0xff, 0xff,
    0xff, 0xff, 0xff, 0xff, 0xff, 0xdf, 0xff, 0xff, 0xff, 0x4d, 0x00, 0x00, 0x00, 0x00, 0x00, 0x00,
    0x00, 0x00, 0x00, 0x00, 0x00, 0x00, 0xcd, 0xff, 0xff, 0xe2, 0xf7, 0xff, 0xff, 0xff, 0xe7, 0xff,
    0xff, 0xff, 0xff, 0xed, 0xff, 0xff, 0xff, 0xff, 0xff, 0xff, 0xff, 0xff, 0xff, 0xff, 0xff, 0xff,
    0xff, 0xff, 0xff, 0xff, 0xff, 0xff, 0xff, 0xff, 0xf5, 0xff, 0xff, 0xef, 0xff, 0xff, 0xff, 0xff,
    0xff, 0xff, 0xff, 0xff, 0xff, 0xff, 0xff, 0xff, 0xff, 0xff, 0xff, 0xff, 0xe7, 0xe9, 0xff, 0xff,
    0xff, 0xff, 0xff, 0xff, 0xff, 0xf1, 0xe7, 0xff, 0xff, 0xdc, 0x00, 0x00, 0x00, 0x00, 0x00, 0x00,
    0x00, 0x00, 0x00, 0x00, 0x00, 0x5f, 0xff, 0xff, 0xf0, 0xe9, 0xff, 0xff, 0xff, 0xf7, 0xeb, 0xff,
    0xff, 0xff, 0xff, 0xee, 0xff, 0xff, 0xff, 0xff, 0xff, 0xff, 0xff, 0xff, 0xff, 0xff, 0xff, 0xff,
    0xff, 0xff, 0xff, 0xff, 0xff, 0xff, 0xff, 0xff, 0xff, 0xff, 0xff, 0xeb, 0xff, 0xff, 0xff, 0xff,
    0xff, 0xff, 0xff, 0xff, 0xff, 0xff, 0xff, 0xff, 0xff, 0xff, 0xff, 0xff, 0xff, 0xe2, 0xf1, 0xff,
    0xff, 0xff, 0xff, 0xff, 0xff, 0xff, 0xe4, 0xf6, 0xff, 0xff, 0x74, 0x00, 0x00, 0x00, 0x00, 0x00,
    0x00, 0x00, 0x00, 0x00, 0x00, 0xdd, 0xff, 0xff, 0xe3, 0xff, 0xff, 0xff, 0xff, 0xf0, 0xf6, 0xff,
    0xff, 0xff, 0xf1, 0xee, 0xff, 0xff, 0xff, 0xff, 0xff, 0xff, 0xff, 0xff, 0xff, 0xff, 0xff, 0xff,
    0xff, 0xff, 0xff, 0xff, 0xff, 0xff, 0xff, 0xff, 0xff, 0xff, 0xf5, 0xef, 0xff, 0xff, 0xff, 0xff,
    0xff, 0xff, 0xff, 0xff, 0xff, 0xff, 0xff, 0xff, 0xff, 0xff, 0xff, 0xff, 0xff, 0xff, 0xde, 0xff,
    0xff, 0xff, 0xff, 0xff, 0xff, 0xff, 0xff, 0xe3, 0xff, 0xff, 0xea, 0x10, 0x00, 0x00, 0x00, 0x00,
    0x00, 0x00, 0x00, 0x00, 0x61, 0xff, 0xff, 0xef, 0xee, 0xff, 0xff, 0xff, 0xff, 0xe9, 0xff, 0xff,
    0xff, 0xff, 0xe8, 0xff, 0xff, 0xff, 0xff, 0xff, 0xff, 0xff, 0xff, 0xff, 0xff, 0xff, 0xff, 0xff,
    0xff, 0xff, 0xff, 0xff, 0xff, 0xff, 0xff, 0xff, 0xff, 0xff, 0xe8, 0xf9, 0xff, 0xff, 0xff, 0xff,
    0xff, 0xff, 0xff, 0xff, 0xff, 0xff, 0xff, 0xff, 0xff, 0xff, 0xff, 0xff, 0xff, 0xff, 0xf6, 0xe2,
    0xff, 0xff, 0xff, 0xff, 0xff, 0xff, 0xff, 0xea, 0xf2, 0xff, 0xff, 0x76, 0x00, 0x00, 0x00, 0x00,
    0x00, 0x00, 0x00, 0x00, 0xd2, 0xff, 0xff, 0xe4, 0xff, 0xff, 0xff, 0xff, 0xff, 0xeb, 0xff, 0xff,
    0xff, 0xf9, 0xe9, 0xff, 0xff, 0xff, 0xff, 0xff, 0xff, 0xff, 0xff, 0xff, 0xff, 0xff, 0xff, 0xff,
    0xff, 0xff, 0xff, 0xff, 0xff, 0xff, 0xff, 0xff, 0xff, 0xff, 0xea, 0xff, 0xff, 0xff, 0xff, 0xff,
    0xff, 0xff, 0xff, 0xff, 0xff, 0xff, 0xff, 0xff, 0xff, 0xff, 0xff, 0xff, 0xff, 0xff, 0xff, 0xe9,
    0xee, 0xff, 0xff, 0xff, 0xff, 0xff, 0xff, 0xff, 0xe5, 0xff, 0xff, 0xe0, 0x00, 0x00, 0x00, 0x00,
    0x00, 0x00, 0x00, 0x42, 0xff, 0xff, 0xf0, 0xee, 0xff, 0xff, 0xff, 0xff, 0xf6, 0xf2, 0xff, 0xff,
    0xff, 0xf0, 0xf5, 0xff, 0xff, 0xff, 0xff, 0xff, 0xff, 0xff, 0xff, 0xff, 0xff, 0xff, 0xff, 0xff,
    0xff, 0xff, 0xff, 0xff, 0xff, 0xff, 0xff, 0xff, 0xff, 0xff, 0xee, 0xff, 0xff, 0xff, 0xff, 0xff,
    0xff, 0xff, 0xff, 0xff, 0xff, 0xff, 0xff, 0xff, 0xff, 0xff, 0xff, 0xff, 0xff, 0xff, 0xff, 0xff,
    0xe2, 0xff, 0xff, 0xff, 0xff, 0xff, 0xff, 0xff, 0xeb, 0xf5, 0xff, 0xff, 0x55, 0x00, 0x00, 0x00,
    0x00, 0x00, 0x00, 0xa3, 0xff, 0xff, 0xe6, 0xff, 0xff, 0xff, 0xff, 0xff, 0xf0, 0xf5, 0xff, 0xff,
    0xff, 0xec, 0xff, 0xff, 0xff, 0xff, 0xff, 0xff, 0xff, 0xff, 0xff, 0xff, 0xff, 0xff, 0xff, 0xff,
    0xff, 0xff, 0xff, 0xff, 0xff, 0xff, 0xff, 0xff, 0xff, 0xff, 0xed, 0xff, 0xff, 0xff, 0xff, 0xff,
    0xff, 0xff, 0xff, 0xff, 0xff, 0xff, 0xff, 0xff, 0xff, 0xff, 0xff, 0xff, 0xff, 0xff, 0xff, 0xff,
    0xf1, 0xeb, 0xff, 0xff, 0xff, 0xff, 0xff, 0xff, 0xf9, 0xe9, 0xff, 0xff, 0xb7, 0x00, 0x00, 0x00,
    0x00, 0x00, 0x11, 0xed, 0xff, 0xf6, 0xeb, 0xff, 0xff, 0xff, 0xff, 0xff, 0xef, 0xff, 0xff, 0xff,
    0xff, 0xf0, 0xff, 0xff, 0xff, 0xff, 0xff, 0xff, 0xff, 0xff, 0xff, 0xff, 0xff, 0xff, 0xff, 0xff,
    0xff, 0xff, 0xff, 0xff, 0xff, 0xff, 0xff, 0xff, 0xff, 0xff, 0xf1, 0xea, 0xff, 0xff, 0xff, 0xff,
    0xff, 0xff, 0xff, 0xff, 0xff, 0xff, 0xff, 0xff, 0xff, 0xff, 0xff, 0xff, 0xff, 0xff, 0xff, 0xff,
    0xff, 0xe5, 0xff, 0xff, 0xff, 0xff, 0xff, 0xff, 0xff, 0xe8, 0xff, 0xff, 0xf7, 0x1d, 0x00, 0x00,
    0x00, 0x00, 0x52, 0xff, 0xff, 0xee, 0xf5, 0xff, 0xff, 0xff, 0xff, 0xff, 0xee, 0xff, 0xff, 0xff,
    0xff, 0xf2, 0xff, 0xff, 0xff, 0xff, 0xff, 0xff, 0xff, 0xff, 0xff, 0xff, 0xff, 0xff, 0xff, 0xff,
    0xff, 0xff, 0xff, 0xff, 0xff, 0xff, 0xff, 0xff, 0xff, 0xff, 0xff, 0xeb, 0xff, 0xff, 0xff, 0xff,
    0xff, 0xff, 0xff, 0xff, 0xff, 0xff, 0xff, 0xff, 0xff, 0xff, 0xff, 0xff, 0xff, 0xff, 0xff, 0xff,
    0xff, 0xf0, 0xef, 0xff, 0xff, 0xff, 0xff, 0xff, 0xff, 0xf2, 0xf1, 0xff, 0xff, 0x66, 0x00, 0x00,
    0x00, 0x00, 0x9c, 0xff, 0xff, 0xe9, 0xff, 0xff, 0xff, 0xff, 0xff, 0xff, 0xee, 0xff, 0xff, 0xff,
    0xff, 0xed, 0xff, 0xff, 0xff, 0xff, 0xff, 0xff, 0xff, 0xff, 0xff, 0xff, 0xff, 0xff, 0xff, 0xff,
    0xff, 0xff, 0xff, 0xff, 0xff, 0xff, 0xff, 0xff, 0xff, 0xff, 0xff, 0xf1, 0xff, 0xff, 0xff, 0xff,
    0xff, 0xff, 0xff, 0xff, 0xff, 0xff, 0xff, 0xff, 0xff, 0xff, 0xff, 0xff, 0xff, 0xff, 0xff, 0xff,
    0xff, 0xff, 0xe7, 0xff, 0xff, 0xff, 0xff, 0xff, 0xff, 0xff, 0xea, 0xff, 0xff, 0xb0, 0x00, 0x00,
    0x00, 0x00, 0xd9, 0xff, 0xf8, 0xec, 0xff, 0xff, 0xff, 0xff, 0xff, 0xff, 0xf0, 0xff, 0xff, 0xff,
    0xff, 0xeb, 0xf7, 0xff, 0xff, 0xff, 0xff, 0xff, 0xff, 0xff, 0xff, 0xff, 0xff, 0xff, 0xff, 0xff,
    0xff, 0xff, 0xff, 0xff, 0xff, 0xff, 0xff, 0xff, 0xff, 0xff, 0xff, 0xe6, 0xff, 0xff, 0xff, 0xff,
    0xff, 0xff, 0xff, 0xff, 0xff, 0xff, 0xff, 0xff, 0xff, 0xff, 0xff, 0xff, 0xff, 0xff, 0xff, 0xff,
    0xff, 0xff, 0xeb, 0xf8, 0xff, 0xff, 0xff, 0xff, 0xff, 0xff, 0xea, 0xff, 0xff, 0xe8, 0x00, 0x00,
    0x00, 0x24, 0xff, 0xff, 0xf2, 0xf2, 0xff, 0xff, 0xff, 0xff, 0xff, 0xff, 0xf2, 0xff, 0xff, 0xff,
    0xff, 0xf7, 0xe5, 0xff, 0xff, 0xff, 0xff, 0xff, 0xff, 0xff, 0xff, 0xff, 0xff, 0xff, 0xff, 0xff,
    0xff, 0xff, 0xff, 0xff, 0xff, 0xff, 0xff, 0xff, 0xff, 0xff, 0xe1, 0xf9, 0xff, 0xff, 0xff, 0xff,
    0xff, 0xff, 0xff, 0xff, 0xff, 0xff, 0xff, 0xff, 0xff, 0xff, 0xff, 0xff, 0xff, 0xff, 0xff, 0xff,
    0xff, 0xff, 0xf6, 0xef, 0xff, 0xff, 0xff, 0xff, 0xff, 0xff, 0xf0, 0xf5, 0xff, 0xff, 0x34, 0x00,
    0x00, 0x51, 0xff, 0xff, 0xee, 0xff, 0xff, 0xff, 0xff, 0xff, 0xff, 0xff, 0xf2, 0xff, 0xff, 0xff,
    0xff, 0xff, 0xe7, 0xeb, 0xff, 0xff, 0xff, 0xff, 0xff, 0xff, 0xff, 0xff, 0xff, 0xff, 0xff, 0xff,
    0xff, 0xff, 0xff, 0xff, 0xff, 0xff, 0xff, 0xff, 0xff, 0xf8, 0xde, 0xf0, 0xff, 0xff, 0xff, 0xff,
    0xff, 0xff, 0xff, 0xff, 0xff, 0xff, 0xff, 0xff, 0xff, 0xff, 0xff, 0xff, 0xff, 0xff, 0xff, 0xff,
    0xff, 0xff, 0xff, 0xeb, 0xff, 0xff, 0xff, 0xff, 0xff, 0xff, 0xf7, 0xf1, 0xff, 0xff, 0x64, 0x00,
    0x00, 0x7e, 0xff, 0xff, 0xed, 0xff, 0xff, 0xff, 0xff, 0xff, 0xff, 0xff, 0xf2, 0xff, 0xff, 0xff,
    0xff, 0xff, 0xff, 0xe2, 0xe7, 0xff, 0xff, 0xff, 0xff, 0xff, 0xff, 0xff, 0xff, 0xff, 0xff, 0xff,
    0xff, 0xff, 0xff, 0xff, 0xff, 0xff, 0xff, 0xff, 0xff, 0xff, 0xff, 0xec, 0xe1, 0xf1, 0xff, 0xff,
    0xff, 0xff, 0xff, 0xff, 0xff, 0xff, 0xff, 0xff, 0xff, 0xff, 0xff, 0xff, 0xff, 0xff, 0xff, 0xff,
    0xff, 0xff, 0xff, 0xec, 0xff, 0xff, 0xff, 0xff, 0xff, 0xff, 0xff, 0xed, 0xff, 0xff, 0x92, 0x00,
    0x00, 0xa5, 0xff, 0xff, 0xee, 0xff, 0xff, 0xff, 0xff, 0xff, 0xff, 0xff, 0xf2, 0xff, 0xff, 0xff,
    0xff, 0xff, 0xff, 0xff, 0xec, 0xe3, 0xf5, 0xff, 0xff, 0xff, 0xff, 0xff, 0xff, 0xff, 0xff, 0xff,
    0xff, 0xff, 0xff, 0xff, 0xff, 0xff, 0xff, 0xff, 0xff, 0xff, 0xff, 0xff, 0xff, 0xe3, 0xe7, 0xff,
    0xff, 0xff, 0xff, 0xff, 0xff, 0xff, 0xff, 0xff, 0xff, 0xff, 0xff, 0xff, 0xff, 0xff, 0xff, 0xff,
    0xff, 0xff, 0xff, 0xf0, 0xf9, 0xff, 0xff, 0xff, 0xff, 0xff, 0xff, 0xed, 0xff, 0xff, 0xb7, 0x00,
    0x00, 0xc2, 0xff, 0xf8, 0xf0, 0xff, 0xff, 0xff, 0xff, 0xff, 0xff, 0xff, 0xee, 0xff, 0xff, 0xff,
    0xff, 0xff, 0xff, 0xff, 0xff, 0xf6, 0xec, 0xff, 0xff, 0xff, 0xff, 0xff, 0xff, 0xff, 0xff, 0xff,
    0xff, 0xff, 0xff, 0xff, 0xff, 0xff, 0xff, 0xff, 0xff, 0xff, 0xff, 0xff, 0xff, 0xff, 0xe4, 0xe9,
    0xff, 0xff, 0xff, 0xff, 0xff, 0xff, 0xff, 0xff, 0xff, 0xff, 0xff, 0xff, 0xff, 0xff, 0xff, 0xff,
    0xff, 0xff, 0xff, 0xf3, 0xf5, 0xff, 0xff, 0xff, 0xff, 0xff, 0xff, 0xf0, 0xff, 0xff, 0xd2, 0x00,
    0x00, 0xd6, 0xff, 0xf6, 0xf1, 0xff, 0xff, 0xff, 0xff, 0xff, 0xff, 0xff, 0xef, 0xff, 0xff, 0xff,
    0xff, 0xff, 0xff, 0xff, 0xff, 0xf1, 0xf5, 0xff, 0xff, 0xff, 0xff, 0xff, 0xff, 0xff, 0xff, 0xff,
    0xff, 0xff, 0xff, 0xff, 0xff, 0xff, 0xff, 0xff, 0xff, 0xff, 0xff, 0xff, 0xff, 0xff, 0xff, 0xe3,
    0xf6, 0xff, 0xff, 0xff, 0xff, 0xff, 0xff, 0xff, 0xff, 0xff, 0xff, 0xff, 0xff, 0xff, 0xff, 0xff,
    0xff, 0xff, 0xff, 0xf7, 0xf4, 0xff, 0xff, 0xff, 0xff, 0xff, 0xff, 0xf0, 0xf9, 0xff, 0xe4, 0x0d,
    0x0e, 0xe4, 0xff, 0xf6, 0xf6, 0xff, 0xff, 0xff, 0xff, 0xff, 0xff, 0xff, 0xee, 0xff, 0xff, 0xff,
    0xff, 0xff, 0xff, 0xff, 0xff, 0xec, 0xff, 0xff, 0xff, 0xff, 0xff, 0xff, 0xff, 0xff, 0xff, 0xff,
    0xff, 0xff, 0xff, 0xff, 0xff, 0xff, 0xff, 0xff, 0xff, 0xff, 0xff, 0xff, 0xff, 0xff, 0xff, 0xf9,
    0xeb, 0xff, 0xff, 0xff, 0xff, 0xff, 0xff, 0xff, 0xff, 0xff, 0xff, 0xff, 0xff, 0xff, 0xff, 0xff,
    0xff, 0xff, 0xff, 0xf9, 0xf2, 0xff, 0xff, 0xff, 0xff, 0xff, 0xff, 0xf3, 0xff, 0xff, 0xf0, 0x1b,
    0x15, 0xeb, 0xff, 0xf7, 0xf6, 0xff, 0xff, 0xff, 0xff, 0xff, 0xff, 0xff, 0xf0, 0xf9, 0xff, 0xff,
    0xff, 0xff, 0xff, 0xff, 0xff, 0xf2, 0xff, 0xff, 0xff, 0xff, 0xff, 0xff, 0xff, 0xff, 0xff, 0xff,
    0xff, 0xff, 0xff, 0xff, 0xff, 0xff, 0xff, 0xff, 0xff, 0xff, 0xff, 0xff, 0xff, 0xff, 0xff, 0xff,
    0xf0, 0xff, 0xff, 0xff, 0xff, 0xff, 0xff, 0xff, 0xff, 0xff, 0xff, 0xff, 0xff, 0xff, 0xff, 0xff,
    0xff, 0xff, 0xff, 0xff, 0xf2, 0xff, 0xff, 0xff, 0xff, 0xff, 0xff, 0xf3, 0xff, 0xff, 0xf2, 0x1e,
    0x1c, 0xf1, 0xff, 0xf7, 0xf6, 0xff, 0xff, 0xff, 0xff, 0xff, 0xff, 0xff, 0xf3, 0xf4, 0xff, 0xff,
    0xff, 0xff, 0xff, 0xff, 0xff, 0xf2, 0xff, 0xff, 0xff, 0xff, 0xff, 0xff, 0xff, 0xff, 0xff, 0xff,
    0xff, 0xff, 0xff, 0xff, 0xff, 0xff, 0xff, 0xff, 0xff, 0xff, 0xff, 0xff, 0xff, 0xff, 0xff, 0xff,
    0xf3, 0xff, 0xff, 0xff, 0xef, 0xe3, 0xf1, 0xe8, 0xe7, 0xff, 0xff, 0xff, 0xff, 0xff, 0xff, 0xff,
    0xff, 0xff, 0xff, 0xff, 0xf3, 0xff, 0xff, 0xff, 0xff, 0xff, 0xff, 0xf3, 0xff, 0xff, 0xf2, 0x1e,
    0x1d, 0xf1, 0xff, 0xf7, 0xf6, 0xff, 0xff, 0xff, 0xff, 0xff, 0xff, 0xff, 0xf8, 0xed, 0xff, 0xff,
    0xff, 0xff, 0xff, 0xff, 0xff, 0xf2, 0xff, 0xff, 0xff, 0xff, 0xff, 0xff, 0xff, 0xff, 0xff, 0xff,
    0xff, 0xff, 0xff, 0xff, 0xff, 0xff, 0xff, 0xff, 0xff, 0xff, 0xff, 0xff, 0xff, 0xff, 0xff, 0xff,
    0xf0, 0xf0, 0xed, 0xec, 0xe1, 0xff, 0xff, 0xff, 0xee, 0xdd, 0xff, 0xff, 0xff, 0xff, 0xff, 0xff,
    0xff, 0xff, 0xff, 0xff, 0xf2, 0xff, 0xff, 0xff, 0xff, 0xff, 0xff, 0xf3, 0xff, 0xff, 0xf2, 0x1e,
    0x16, 0xec, 0xff, 0xf7, 0xf6, 0xff, 0xff, 0xff, 0xff, 0xff, 0xff, 0xff, 0xff, 0xec, 0xff, 0xff,
    0xff, 0xff, 0xff, 0xff, 0xff, 0xf2, 0xff, 0xff, 0xff, 0xff, 0xff, 0xff, 0xff, 0xff, 0xff, 0xff,
    0xff, 0xff, 0xff, 0xff, 0xff, 0xff, 0xff, 0xff, 0xff, 0xff, 0xff, 0xff, 0xff, 0xff, 0xff, 0xff,
    0xf3, 0xe6, 0xff, 0xff, 0xff, 0xff, 0xff, 0xff, 0xff, 0xf0, 0xe3, 0xff, 0xff, 0xff, 0xff, 0xff,
    0xff, 0xff, 0xff, 0xff, 0xf1, 0xff, 0xff, 0xff, 0xff, 0xff, 0xff, 0xf3, 0xff, 0xff, 0xf2, 0x1e,
    0x0e, 0xe5, 0xff, 0xf6, 0xf5, 0xff, 0xff, 0xff, 0xff, 0xff, 0xff, 0xff, 0xff, 0xeb, 0xf9, 0xff,
    0xff, 0xff, 0xff, 0xff, 0xff, 0xf0, 0xff, 0xff, 0xff, 0xff, 0xff, 0xff, 0xff, 0xff, 0xff, 0xff,
    0xff, 0xff, 0xff, 0xff, 0xff, 0xff, 0xff, 0xff, 0xff, 0xff, 0xff, 0xff, 0xff, 0xff, 0xff, 0xff,
    0xff, 0xff, 0xff, 0xff, 0xff, 0xff, 0xff, 0xff, 0xff, 0xff, 0xe8, 0xf0, 0xff, 0xff, 0xff, 0xff,
    0xff, 0xff, 0xff, 0xf5, 0xf3, 0xff, 0xff, 0xff, 0xff, 0xff, 0xff, 0xf3, 0xff, 0xff, 0xf1, 0x1c,
    0x00, 0xd8, 0xff, 0xf6, 0xf1, 0xff, 0xff, 0xff, 0xff, 0xff, 0xff, 0xff, 0xff, 0xf4, 0xef, 0xff,
    0xff, 0xff, 0xff, 0xff, 0xff, 0xf0, 0xff, 0xff, 0xff, 0xff, 0xff, 0xff, 0xff, 0xff, 0xff, 0xff,
    0xff, 0xff, 0xff, 0xff, 0xff, 0xff, 0xff, 0xff, 0xff, 0xff, 0xff, 0xff, 0xff, 0xff, 0xff, 0xff,
    0xff, 0xff, 0xff, 0xff, 0xff, 0xff, 0xff, 0xff, 0xff, 0xff, 0xff, 0xe3, 0xff, 0xff, 0xff, 0xff,
    0xff, 0xff, 0xff, 0xf1, 0xf7, 0xff, 0xff, 0xff, 0xff, 0xff, 0xff, 0xf0, 0xff, 0xff, 0xe5, 0x0e,
    0x00, 0xc4, 0xff, 0xf8, 0xf0, 0xff, 0xff, 0xff, 0xff, 0xff, 0xff, 0xff, 0xff, 0xff, 0xe8, 0xff,
    0xff, 0xff, 0xff, 0xff, 0xff, 0xef, 0xf7, 0xff, 0xff, 0xff, 0xff, 0xff, 0xff, 0xff, 0xff, 0xff,
    0xff, 0xff, 0xff, 0xff, 0xff, 0xff, 0xff, 0xff, 0xff, 0xff, 0xff, 0xff, 0xff, 0xff, 0xff, 0xff,
    0xff, 0xff, 0xff, 0xff, 0xff, 0xff, 0xff, 0xff, 0xff, 0xff, 0xff, 0xee, 0xf2, 0xff, 0xff, 0xff,
    0xff, 0xff, 0xff, 0xf4, 0xff, 0xff, 0xff, 0xff, 0xff, 0xff, 0xff, 0xef, 0xff, 0xff, 0xd4, 0x00,
    0x00, 0xa7, 0xff, 0xff, 0xed, 0xff, 0xff, 0xff, 0xff, 0xff, 0xff, 0xff, 0xff, 0xff, 0xe9, 0xf7,
    0xff, 0xff, 0xff, 0xff, 0xff, 0xf5, 0xf2, 0xff, 0xff, 0xff, 0xff, 0xff, 0xff, 0xff, 0xff, 0xff,
    0xff, 0xff, 0xff, 0xff, 0xff, 0xff, 0xff, 0xff, 0xff, 0xff, 0xff, 0xff, 0xff, 0xff, 0xff, 0xff,
    0xff, 0xff, 0xff, 0xff, 0xff, 0xff, 0xff, 0xff, 0xff, 0xff, 0xff, 0xff, 0xe9, 0xff, 0xff, 0xff,
    0xff, 0xff, 0xff, 0xed, 0xff, 0xff, 0xff, 0xff, 0xff, 0xff, 0xff, 0xed, 0xff, 0xff, 0xba, 0x00,
    0x00, 0x82, 0xff, 0xff, 0xec, 0xff, 0xff, 0xff, 0xff, 0xff, 0xff, 0xff, 0xff, 0xff, 0xf8, 0xe8,
    0xff, 0xff, 0xff, 0xff, 0xff, 0xff, 0xe9, 0xff, 0xff, 0xff, 0xff, 0xff, 0xff, 0xff, 0xff, 0xff,
    0xff, 0xff, 0xff, 0xff, 0xff, 0xff, 0xff, 0xff, 0xff, 0xff, 0xff, 0xff, 0xff, 0xff, 0xff, 0xff,
    0xff, 0xff, 0xff, 0xff, 0xff, 0xff, 0xff, 0xff, 0xff, 0xff, 0xff, 0xff, 0xec, 0xff, 0xff, 0xff,
    0xff, 0xff, 0xff, 0xea, 0xff, 0xff, 0xff, 0xff, 0xff, 0xff, 0xff, 0xee, 0xff, 0xff, 0x95, 0x00,
    0x00, 0x55, 0xff, 0xff, 0xef, 0xf9, 0xff, 0xff, 0xff, 0xff, 0xff, 0xff, 0xff, 0xff, 0xff, 0xe5,
    0xf9, 0xff, 0xff, 0xff, 0xff, 0xff, 0xea, 0xff, 0xff, 0xff, 0xff, 0xff, 0xff, 0xff, 0xff, 0xff,
    0xff, 0xff, 0xff, 0xff, 0xff, 0xff, 0xff, 0xff, 0xff, 0xff, 0xff, 0xff, 0xff, 0xff, 0xff, 0xff,
    0xff, 0xff, 0xff, 0xff, 0xff, 0xff, 0xff, 0xff, 0xff, 0xff, 0xff, 0xff, 0xf0, 0xff, 0xff, 0xff,
    0xff, 0xff, 0xf3, 0xed, 0xff, 0xff, 0xff, 0xff, 0xff, 0xff, 0xf6, 0xf0, 0xff, 0xff, 0x68, 0x00,
    0x00, 0x27, 0xff, 0xff, 0xf3, 0xf3, 0xff, 0xff, 0xff, 0xff, 0xff, 0xff, 0xff, 0xff, 0xff, 0xf6,
    0xe8, 0xff, 0xff, 0xff, 0xff, 0xff, 0xf1, 0xf0, 0xff, 0xff, 0xff, 0xff, 0xff, 0xff, 0xff, 0xff,
    0xff, 0xff, 0xff, 0xff, 0xff, 0xff, 0xff, 0xff, 0xff, 0xff, 0xff, 0xff, 0xff, 0xff, 0xff, 0xff,
    0xff, 0xff, 0xff, 0xff, 0xff, 0xff, 0xff, 0xff, 0xff, 0xff, 0xff, 0xff, 0xf4, 0xff, 0xff, 0xff,
    0xff, 0xff, 0xe5, 0xff, 0xff, 0xff, 0xff, 0xff, 0xff, 0xff, 0xef, 0xf6, 0xff, 0xff, 0x37, 0x00,
    0x00, 0x00, 0xdd, 0xff, 0xf8, 0xec, 0xff, 0xff, 0xff, 0xff, 0xff, 0xff, 0xff, 0xff, 0xff, 0xff,
    0xe5, 0xf7, 0xff, 0xff, 0xff, 0xff, 0xff, 0xe5, 0xff, 0xff, 0xff, 0xff, 0xff, 0xff, 0xff, 0xff,
    0xff, 0xff, 0xff, 0xff, 0xff, 0xff, 0xff, 0xff, 0xff, 0xff, 0xff, 0xff, 0xff, 0xff, 0xff, 0xff,
    0xff, 0xff, 0xff, 0xff, 0xff, 0xff, 0xff, 0xff, 0xff, 0xff, 0xff, 0xff, 0xeb, 0xff, 0xff, 0xff,
    0xff, 0xf2, 0xe9, 0xff, 0xff, 0xff, 0xff, 0xff, 0xff, 0xff, 0xea, 0xff, 0xff, 0xeb, 0x0d, 0x00,
    0x00, 0x00, 0xa2, 0xff, 0xff, 0xea, 0xff, 0xff, 0xff, 0xff, 0xff, 0xff, 0xff, 0xff, 0xff, 0xff,
    0xf8, 0xe3, 0xff, 0xff, 0xff, 0xff, 0xff, 0xeb, 0xf3, 0xff, 0xff, 0xff, 0xff, 0xff, 0xff, 0xff,
    0xff, 0xff, 0xff, 0xff, 0xff, 0xff, 0xff, 0xff, 0xff, 0xff, 0xff, 0xff, 0xff, 0xff, 0xff, 0xff,
    0xff, 0xff, 0xff, 0xff, 0xff, 0xff, 0xff, 0xff, 0xff, 0xff, 0xff, 0xff, 0xe9, 0xff, 0xff, 0xff,
    0xff, 0xe0, 0xff, 0xff, 0xff, 0xff, 0xff, 0xff, 0xff, 0xff, 0xeb, 0xff, 0xff, 0xb5, 0x00, 0x00,
    0x00, 0x00, 0x58, 0xff, 0xff, 0xee, 0xf5, 0xff, 0xff, 0xff, 0xff, 0xff, 0xff, 0xff, 0xff, 0xff,
    0xff, 0xea, 0xee, 0xff, 0xff, 0xff, 0xff, 0xff, 0xe2, 0xff, 0xff, 0xff, 0xff, 0xff, 0xff, 0xff,
    0xff, 0xff, 0xff, 0xff, 0xff, 0xff, 0xff, 0xff, 0xff, 0xff, 0xff, 0xff, 0xff, 0xff, 0xff, 0xff,
    0xff, 0xff, 0xff, 0xff, 0xff, 0xff, 0xff, 0xff, 0xff, 0xff, 0xff, 0xed, 0xf0, 0xff, 0xff, 0xff,
    0xe2, 0xf2, 0xff, 0xff, 0xff, 0xff, 0xff, 0xff, 0xff, 0xf0, 0xf1, 0xff, 0xff, 0x6c, 0x00, 0x00,
    0x00, 0x00, 0x14, 0xf1, 0xff, 0xf7, 0xe9, 0xff, 0xff, 0xff, 0xff, 0xff, 0xff, 0xff, 0xff, 0xff,
    0xff, 0xff, 0xdf, 0xf9, 0xff, 0xff, 0xff, 0xff, 0xed, 0xec, 0xff, 0xff, 0xff, 0xff, 0xff, 0xff,
    0xff, 0xff, 0xff, 0xff, 0xff, 0xff, 0xff, 0xff, 0xff, 0xff, 0xff, 0xff, 0xff, 0xff, 0xff, 0xff,
    0xff, 0xff, 0xff, 0xff, 0xff, 0xff, 0xff, 0xff, 0xff, 0xff, 0xff, 0xe3, 0xff, 0xff, 0xff, 0xe4,
    0xe8, 0xff, 0xff, 0xff, 0xff, 0xff, 0xff, 0xff, 0xff, 0xe8, 0xff, 0xff, 0xf9, 0x21, 0x00, 0x00,
    0x00, 0x00, 0x00, 0xaa, 0xff, 0xff, 0xe7, 0xff, 0xff, 0xff, 0xff, 0xff, 0xff, 0xff, 0xff, 0xff,
    0xff, 0xff, 0xf8, 0xdf, 0xff, 0xff, 0xff, 0xff, 0xff, 0xe1, 0xf8, 0xff, 0xff, 0xff, 0xff, 0xff,
    0xff, 0xff, 0xff, 0xff, 0xff, 0xff, 0xff, 0xff, 0xff, 0xff, 0xff, 0xff, 0xff, 0xff, 0xff, 0xff,
    0xff, 0xff, 0xff, 0xff, 0xff, 0xff, 0xff, 0xff, 0xff, 0xff, 0xe7, 0xf1, 0xff, 0xff, 0xe4, 0xe6,
    0xff, 0xff, 0xff, 0xff, 0xff, 0xff, 0xff, 0xff, 0xf8, 0xe9, 0xff, 0xff, 0xbd, 0x00, 0x00, 0x00,
    0x00, 0x00, 0x00, 0x49, 0xff, 0xff, 0xf1, 0xee, 0xff, 0xff, 0xff, 0xff, 0xff, 0xff, 0xff, 0xff,
    0xff, 0xff, 0xff, 0xee, 0xe3, 0xff, 0xff, 0xff, 0xff, 0xf9, 0xde, 0xff, 0xff, 0xff, 0xff, 0xff,
    0xff, 0xff, 0xff, 0xff, 0xff, 0xff, 0xff, 0xff, 0xff, 0xff, 0xff, 0xff, 0xff, 0xff, 0xff, 0xff,
    0xff, 0xff, 0xff, 0xff, 0xff, 0xff, 0xff, 0xff, 0xff, 0xf3, 0xe4, 0xff, 0xff, 0xe2, 0xe8, 0xff,
    0xff, 0xff, 0xff, 0xff, 0xff, 0xff, 0xff, 0xff, 0xea, 0xf6, 0xff, 0xff, 0x5d, 0x00, 0x00, 0x00,
    0x00, 0x00, 0x00, 0x00, 0xd8, 0xff, 0xff, 0xe4, 0xff, 0xff, 0xff, 0xff, 0xff, 0xff, 0xff, 0xff,
    0xff, 0xff, 0xff, 0xff, 0xe7, 0xe8, 0xff, 0xff, 0xff, 0xff, 0xf0, 0xe0, 0xff, 0xff, 0xff, 0xff,
    0xff, 0xff, 0xff, 0xff, 0xff, 0xff, 0xff, 0xff, 0xff, 0xff, 0xff, 0xff, 0xff, 0xff, 0xff, 0xff,
    0xff, 0xff, 0xff, 0xff, 0xff, 0xff, 0xff, 0xff, 0xff, 0xe0, 0xff, 0xed, 0xe0, 0xf1, 0xff, 0xff,
    0xff, 0xff, 0xff, 0xff, 0xff, 0xff, 0xff, 0xff, 0xe3, 0xff, 0xff, 0xe6, 0x0c, 0x00, 0x00, 0x00,
    0x00, 0x00, 0x00, 0x00, 0x6b, 0xff, 0xff, 0xef, 0xed, 0xff, 0xff, 0xff, 0xff, 0xff, 0xff, 0xff,
    0xff, 0xff, 0xff, 0xff, 0xff, 0xe3, 0xe9, 0xff, 0xff, 0xff, 0xff, 0xeb, 0xe0, 0xff, 0xff, 0xff,
    0xff, 0xff, 0xff, 0xff, 0xff, 0xff, 0xff, 0xff, 0xff, 0xff, 0xff, 0xff, 0xff, 0xff, 0xff, 0xff,
    0xff, 0xff, 0xff, 0xff, 0xff, 0xff, 0xff, 0xf9, 0xd5, 0xe9, 0xe4, 0xeb, 0xff, 0xff, 0xff, 0xff,
    0xff, 0xff, 0xff, 0xff, 0xff, 0xff, 0xff, 0xc6, 0xf3, 0xff, 0xff, 0x7f, 0x00, 0x00, 0x00, 0x00,
    0x00, 0x00, 0x00, 0x00, 0x0c, 0xe4, 0xff, 0xff, 0xe2, 0xff, 0xff, 0xff, 0xff, 0xff, 0xff, 0xff,
    0xff, 0xff, 0xff, 0xff, 0xff, 0xff, 0xe2, 0xe8, 0xff, 0xff, 0xff, 0xff, 0xeb, 0xe0, 0xff, 0xff,
    0xff, 0xff, 0xff, 0xff, 0xff, 0xff, 0xff, 0xff, 0xff, 0xff, 0xff, 0xff, 0xff, 0xff, 0xff, 0xff,
    0xff, 0xff, 0xff, 0xff, 0xff, 0xff, 0xff, 0xf8, 0xe7, 0xf6, 0xff, 0xff, 0xff, 0xff, 0xff, 0xff,
    0xff, 0xff, 0xff, 0xff, 0xff, 0xf8, 0xce, 0xda, 0xff, 0xff, 0xef, 0x16, 0x00, 0x00, 0x00, 0x00,
    0x00, 0x00, 0x00, 0x00, 0x00, 0x6a, 0xff, 0xff, 0xf3, 0xe7, 0xff, 0xff, 0xff, 0xff, 0xff, 0xff,
    0xff, 0xff, 0xff, 0xff, 0xff, 0xff, 0xff, 0xe6, 0xe3, 0xff, 0xff, 0xff, 0xff, 0xeb, 0xe0, 0xff,
    0xff, 0xff, 0xff, 0xff, 0xff, 0xff, 0xff, 0xff, 0xff, 0xff, 0xff, 0xff, 0xff, 0xff, 0xff, 0xff,
    0xff, 0xff, 0xff, 0xff, 0xff, 0xff, 0xff, 0xff, 0xff, 0xff, 0xff, 0xff, 0xff, 0xff, 0xff, 0xff,
    0xff, 0xff, 0xff, 0xff, 0xed, 0xda, 0xdd, 0xff, 0xff, 0xff, 0x7f, 0x00, 0x00, 0x00, 0x00, 0x00,
    0x00, 0x00, 0x00, 0x00, 0x00, 0x00, 0xd6, 0xff, 0xff, 0xe4, 0xf5, 0xff, 0xff, 0xff, 0xff, 0xff,
    0xff, 0xff, 0xff, 0xff, 0xff, 0xff, 0xff, 0xff, 0xea, 0xe0, 0xff, 0xff, 0xff, 0xff, 0xef, 0xde,
    0xf7, 0xff, 0xff, 0xff, 0xff, 0xff, 0xff, 0xff, 0xff, 0xff, 0xff, 0xff, 0xff, 0xff, 0xff, 0xff,
    0xff, 0xff, 0xff, 0xff, 0xff, 0xff, 0xff, 0xff, 0xff, 0xff, 0xff, 0xff, 0xff, 0xff, 0xff, 0xff,
    0xff, 0xff, 0xff, 0xe2, 0xdf, 0xef, 0xeb, 0xff, 0xff, 0xe4, 0x0d, 0x00, 0x00, 0x00, 0x00, 0x00,
    0x00, 0x00, 0x00, 0x00, 0x00, 0x00, 0x46, 0xff, 0xff, 0xff, 0xdf, 0xff, 0xff, 0xff, 0xff, 0xff,
    0xff, 0xff, 0xff, 0xff, 0xff, 0xff, 0xff, 0xff, 0xff, 0xf3, 0xde, 0xf2, 0xff, 0xff, 0xff, 0xf8,
    0xe0, 0xeb, 0xff, 0xff, 0xff, 0xff, 0xff, 0xff, 0xff, 0xff, 0xff, 0xff, 0xff, 0xff, 0xff, 0xff,
    0xff, 0xff, 0xff, 0xff, 0xff, 0xff, 0xff, 0xff, 0xff, 0xff, 0xff, 0xff, 0xff, 0xff, 0xff, 0xff,
    0xff, 0xf1, 0xd9, 0xea, 0xff, 0xe0, 0xff, 0xff, 0xff, 0x58, 0x00, 0x00, 0x00, 0x00, 0x00, 0x00,
    0x00, 0x00, 0x00, 0x00, 0x00, 0x00, 0x00, 0xa1, 0xff, 0xff, 0xf1, 0xe4, 0xff, 0xff, 0xff, 0xff,
    0xff, 0xff, 0xff, 0xff, 0xff, 0xff, 0xff, 0xff, 0xff, 0xff, 0xff, 0xef, 0xea, 0xff, 0xff, 0xff,
    0xff, 0xea, 0xe1, 0xf2, 0xff, 0xff, 0xff, 0xff, 0xff, 0xff, 0xff, 0xff, 0xff, 0xff, 0xff, 0xff,
    0xff, 0xff, 0xff, 0xff, 0xff, 0xff, 0xff, 0xff, 0xff, 0xff, 0xff, 0xff, 0xff, 0xff, 0xff, 0xf5,
    0xd6, 0xce, 0xf7, 0xff, 0xdf, 0xf6, 0xff, 0xff, 0xb4, 0x00, 0x00, 0x00, 0x00, 0x00, 0x00, 0x00,
    0x00, 0x00, 0x00, 0x00, 0x00, 0x00, 0x00, 0x10, 0xe2, 0xff, 0xff, 0xe7, 0xeb, 0xff, 0xff, 0xff,
    0xff, 0xff, 0xff, 0xff, 0xff, 0xff, 0xff, 0xff, 0xff, 0xff, 0xff, 0xff, 0xf4, 0xe1, 0xec, 0xff,
    0xff, 0xff, 0xf9, 0xe6, 0xe5, 0xf3, 0xff, 0xff, 0xff, 0xff, 0xff, 0xff, 0xff, 0xff, 0xff, 0xff,
    0xff, 0xff, 0xff, 0xff, 0xff, 0xff, 0xff, 0xff, 0xff, 0xff, 0xff, 0xff, 0xff, 0xf1, 0xe0, 0xcf,
    0xe2, 0xff, 0xff, 0xe5, 0xed, 0xff, 0xff, 0xed, 0x1b, 0x00, 0x00, 0x00, 0x00, 0x00, 0x00, 0x00,
    0x00, 0x00, 0x00, 0x00, 0x00, 0x00, 0x00, 0x00, 0x3f, 0xff, 0xff, 0xff, 0xe0, 0xf0, 0xff, 0xff,
    0xff, 0xff, 0xff, 0xff, 0xff, 0xff, 0xff, 0xff, 0xff, 0xff, 0xff, 0xff, 0xff, 0xff, 0xeb, 0xe3,
    0xee, 0xff, 0xff, 0xff, 0xf8, 0xe9, 0xe6, 0xec, 0xf7, 0xff, 0xff, 0xff, 0xff, 0xff, 0xff, 0xff,
    0xff, 0xff, 0xff, 0xff, 0xff, 0xff, 0xff, 0xff, 0xff, 0xff, 0xf5, 0xeb, 0xde, 0xd8, 0xe4, 0xff,
    0xff, 0xff, 0xea, 0xe4, 0xff, 0xff, 0xff, 0x50, 0x00, 0x00, 0x00, 0x00, 0x00, 0x00, 0x00, 0x00,
    0x00, 0x00, 0x00, 0x00, 0x00, 0x00, 0x00, 0x00, 0x00, 0x73, 0xff, 0xff, 0xff, 0xdd, 0xf3, 0xff,
    0xff, 0xff, 0xff, 0xff, 0xff, 0xff, 0xff, 0xff, 0xff, 0xff, 0xff, 0xff, 0xff, 0xff, 0xff, 0xff,
    0xed, 0xe4, 0xea, 0xf6, 0xff, 0xff, 0xff, 0xf4, 0xeb, 0xe7, 0xeb, 0xf3, 0xf6, 0xff, 0xff, 0xff,
    0xff, 0xff, 0xff, 0xff, 0xff, 0xf7, 0xf3, 0xf0, 0xeb, 0xe7, 0xdf, 0xe0, 0xea, 0xff, 0xff, 0xff,
    0xff, 0xed, 0xe0, 0xff, 0xff, 0xff, 0x85, 0x00, 0x00, 0x00, 0x00, 0x00, 0x00, 0x00, 0x00, 0x00,
    0x00, 0x00, 0x00, 0x00, 0x00, 0x00, 0x00, 0x00, 0x00, 0x00, 0x9a, 0xff, 0xff, 0xff, 0xdc, 0xf3,
    0xff, 0xff, 0xff, 0xff, 0xff, 0xff, 0xff, 0xff, 0xff, 0xff, 0xff, 0xff, 0xff, 0xff, 0xff, 0xff,
    0xff, 0xff, 0xf4, 0xe9, 0xe8, 0xeb, 0xf5, 0xff, 0xff, 0xff, 0xff, 0xf7, 0xf3, 0xf0, 0xef, 0xf2,
    0xf3, 0xf4, 0xf3, 0xf1, 0xf1, 0xeb, 0xed, 0xea, 0xe7, 0xea, 0xf3, 0xff, 0xff, 0xff, 0xff, 0xff,
    0xed, 0xdf, 0xff, 0xff, 0xff, 0xab, 0x00, 0x00, 0x00, 0x00, 0x00, 0x00, 0x00, 0x00, 0x00, 0x00,
    0x00, 0x00, 0x00, 0x00, 0x00, 0x00, 0x00, 0x00, 0x00, 0x00, 0x00, 0xb1, 0xff, 0xff, 0xff, 0xdd,
    0xef, 0xff, 0xff, 0xff, 0xff, 0xff, 0xff, 0xff, 0xff, 0xff, 0xff, 0xff, 0xff, 0xff, 0xff, 0xff,
    0xff, 0xff, 0xff, 0xff, 0xff, 0xf6, 0xef, 0xeb, 0xec, 0xec, 0xf2, 0xf6, 0xf9, 0xff, 0xf9, 0xf8,
    0xf7, 0xf6, 0xf1, 0xf1, 0xee, 0xed, 0xf0, 0xf4, 0xff, 0xff, 0xff, 0xff, 0xff, 0xff, 0xff, 0xeb,
    0xdf, 0xff, 0xff, 0xff, 0xc0, 0x00, 0x00, 0x00, 0x00, 0x00, 0x00, 0x00, 0x00, 0x00, 0x00, 0x00,
    0x00, 0x00, 0x00, 0x00, 0x00, 0x00, 0x00, 0x00, 0x00, 0x00, 0x00, 0x00, 0xb8, 0xff, 0xff, 0xff,
    0xe0, 0xe9, 0xff, 0xff, 0xff, 0xff, 0xff, 0xff, 0xff, 0xff, 0xff, 0xff, 0xff, 0xff, 0xff, 0xff,
    0xff, 0xff, 0xff, 0xff, 0xff, 0xff, 0xff, 0xff, 0xff, 0xff, 0xf8, 0xf5, 0xf5, 0xf6, 0xf6, 0xf6,
    0xf6, 0xf5, 0xf7, 0xff, 0xff, 0xff, 0xff, 0xff, 0xff, 0xff, 0xff, 0xff, 0xff, 0xff, 0xe5, 0xe3,
    0xff, 0xff, 0xff, 0xc6, 0x0e, 0x00, 0x00, 0x00, 0x00, 0x00, 0x00, 0x00, 0x00, 0x00, 0x00, 0x00,
    0x00, 0x00, 0x00, 0x00, 0x00, 0x00, 0x00, 0x00, 0x00, 0x00, 0x00, 0x00, 0x00, 0xb1, 0xff, 0xff,
    0xff, 0xe7, 0xe2, 0xff, 0xff, 0xff, 0xff, 0xff, 0xff, 0xff, 0xff, 0xff, 0xff, 0xff, 0xff, 0xff,
    0xff, 0xff, 0xff, 0xff, 0xff, 0xff, 0xff, 0xff, 0xff, 0xff, 0xff, 0xff, 0xff, 0xff, 0xff, 0xff,
    0xff, 0xff, 0xff, 0xff, 0xff, 0xff, 0xff, 0xff, 0xff, 0xff, 0xff, 0xff, 0xff, 0xdf, 0xec, 0xff,
    0xff, 0xff, 0xbf, 0x0e, 0x00, 0x00, 0x00, 0x00, 0x00, 0x00, 0x00, 0x00, 0x00, 0x00, 0x00, 0x00,
    0x00, 0x00, 0x00, 0x00, 0x00, 0x00, 0x00, 0x00, 0x00, 0x00, 0x00, 0x00, 0x00, 0x00, 0x9c, 0xff,
    0xff, 0xff, 0xf1, 0xdf, 0xf1, 0xff, 0xff, 0xff, 0xff, 0xff, 0xff, 0xff, 0xff, 0xff, 0xff, 0xff,
    0xff, 0xff, 0xff, 0xff, 0xff, 0xff, 0xff, 0xff, 0xff, 0xff, 0xff, 0xff, 0xff, 0xff, 0xff, 0xff,
    0xff, 0xff, 0xff, 0xff, 0xff, 0xff, 0xff, 0xff, 0xff, 0xff, 0xff, 0xef, 0xde, 0xf5, 0xff, 0xff,
    0xff, 0xaa, 0x00, 0x00, 0x00, 0x00, 0x00, 0x00, 0x00, 0x00, 0x00, 0x00, 0x00, 0x00, 0x00, 0x00,
    0x00, 0x00, 0x00, 0x00, 0x00, 0x00, 0x00, 0x00, 0x00, 0x00, 0x00, 0x00, 0x00, 0x00, 0x00, 0x77,
    0xff, 0xff, 0xff, 0xff, 0xe4, 0xe5, 0xf9, 0xff, 0xff, 0xff, 0xff, 0xff, 0xff, 0xff, 0xff, 0xff,
    0xff, 0xff, 0xff, 0xff, 0xff, 0xff, 0xff, 0xff, 0xff, 0xff, 0xff, 0xff, 0xff, 0xff, 0xff, 0xff,
    0xff, 0xff, 0xff, 0xff, 0xff, 0xff, 0xff, 0xff, 0xff, 0xf7, 0xe3, 0xe7, 0xff, 0xff, 0xff, 0xff,
    0x85, 0x00, 0x00, 0x00, 0x00, 0x00, 0x00, 0x00, 0x00, 0x00, 0x00, 0x00, 0x00, 0x00, 0x00, 0x00,
    0x00, 0x00, 0x00, 0x00, 0x00, 0x00, 0x00, 0x00, 0x00, 0x00, 0x00, 0x00, 0x00, 0x00, 0x00, 0x00,
    0x47, 0xe2, 0xff, 0xff, 0xff, 0xf3, 0xe2, 0xea, 0xff, 0xff, 0xff, 0xff, 0xff, 0xff, 0xff, 0xff,
    0xff, 0xff, 0xff, 0xff, 0xff, 0xff, 0xff, 0xff, 0xff, 0xff, 0xff, 0xff, 0xff, 0xff, 0xff, 0xff,
    0xff, 0xff, 0xff, 0xff, 0xff, 0xff, 0xff, 0xf8, 0xe7, 0xe3, 0xf5, 0xff, 0xff, 0xff, 0xea, 0x53,
    0x00, 0x00, 0x00, 0x00, 0x00, 0x00, 0x00, 0x00, 0x00, 0x00, 0x00, 0x00, 0x00, 0x00, 0x00, 0x00,
    0x00, 0x00, 0x00, 0x00, 0x00, 0x00, 0x00, 0x00, 0x00, 0x00, 0x00, 0x00, 0x00, 0x00, 0x00, 0x00,
    0x00, 0x17, 0xa4, 0xff, 0xff, 0xff, 0xff, 0xf0, 0xe3, 0xea, 0xf8, 0xff, 0xff, 0xff, 0xff, 0xff,
    0xff, 0xff, 0xff, 0xff, 0xff, 0xff, 0xff, 0xff, 0xff, 0xff, 0xff, 0xff, 0xff, 0xff, 0xff, 0xff,
    0xff, 0xff, 0xff, 0xff, 0xff, 0xf6, 0xe8, 0xe4, 0xf3, 0xff, 0xff, 0xff, 0xff, 0xb0, 0x1f, 0x00,
    0x00, 0x00, 0x00, 0x00, 0x00, 0x00, 0x00, 0x00, 0x00, 0x00, 0x00, 0x00, 0x00, 0x00, 0x00, 0x00,
    0x00, 0x00, 0x00, 0x00, 0x00, 0x00, 0x00, 0x00, 0x00, 0x00, 0x00, 0x00, 0x00, 0x00, 0x00, 0x00,
    0x00, 0x00, 0x00, 0x51, 0xd6, 0xff, 0xff, 0xff, 0xff, 0xf2, 0xe7, 0xe7, 0xf0, 0xff, 0xff, 0xff,
    0xff, 0xff, 0xff, 0xff, 0xff, 0xff, 0xff, 0xff, 0xff, 0xff, 0xff, 0xff, 0xff, 0xff, 0xff, 0xff,
    0xff, 0xff, 0xff, 0xf0, 0xe6, 0xe7, 0xf4, 0xff, 0xff, 0xff, 0xff, 0xde, 0x5c, 0x00, 0x00, 0x00,
    0x00, 0x00, 0x00, 0x00, 0x00, 0x00, 0x00, 0x00, 0x00, 0x00, 0x00, 0x00, 0x00, 0x00, 0x00, 0x00,
    0x00, 0x00, 0x00, 0x00, 0x00, 0x00, 0x00, 0x00, 0x00, 0x00, 0x00, 0x00, 0x00, 0x00, 0x00, 0x00,
    0x00, 0x00, 0x00, 0x00, 0x00, 0x75, 0xe5, 0xff, 0xff, 0xff, 0xff, 0xf9, 0xee, 0xe9, 0xe9, 0xef,
    0xf5, 0xff, 0xff, 0xff, 0xff, 0xff, 0xff, 0xff, 0xff, 0xff, 0xff, 0xff, 0xff, 0xff, 0xff, 0xf5,
    0xee, 0xe8, 0xe9, 0xf0, 0xff, 0xff, 0xff, 0xff, 0xff, 0xeb, 0x80, 0x10, 0x00, 0x00, 0x00, 0x00,
    0x00, 0x00, 0x00, 0x00, 0x00, 0x00, 0x00, 0x00, 0x00, 0x00, 0x00, 0x00, 0x00, 0x00, 0x00, 0x00,
    0x00, 0x00, 0x00, 0x00, 0x00, 0x00, 0x00, 0x00, 0x00, 0x00, 0x00, 0x00, 0x00, 0x00, 0x00, 0x00,
    0x00, 0x00, 0x00, 0x00, 0x00, 0x00, 0x14, 0x77, 0xdb, 0xff, 0xff, 0xff, 0xff, 0xff, 0xff, 0xf5,
    0xf0, 0xec, 0xed, 0xed, 0xf0, 0xf1, 0xf3, 0xf6, 0xf6, 0xf3, 0xf1, 0xef, 0xed, 0xed, 0xed, 0xf0,
    0xf5, 0xff, 0xff, 0xff, 0xff, 0xff, 0xff, 0xe1, 0x80, 0x19, 0x00, 0x00, 0x00, 0x00, 0x00, 0x00,
    0x00, 0x00, 0x00, 0x00, 0x00, 0x00, 0x00, 0x00, 0x00, 0x00, 0x00, 0x00, 0x00, 0x00, 0x00, 0x00,
    0x00, 0x00, 0x00, 0x00, 0x00, 0x00, 0x00, 0x00, 0x00, 0x00, 0x00, 0x00, 0x00, 0x00, 0x00, 0x00,
    0x00, 0x00, 0x00, 0x00, 0x00, 0x00, 0x00, 0x00, 0x00, 0x57, 0xb3, 0xf4, 0xff, 0xff, 0xff, 0xff,
    0xff, 0xff, 0xff, 0xff, 0xf9, 0xf8, 0xf6, 0xf7, 0xf7, 0xf6, 0xf9, 0xf9, 0xff, 0xff, 0xff, 0xff,
    0xff, 0xff, 0xff, 0xff, 0xf8, 0xba, 0x5e, 0x0e, 0x00, 0x00, 0x00, 0x00, 0x00, 0x00, 0x00, 0x00,
    0x00, 0x00, 0x00, 0x00, 0x00, 0x00, 0x00, 0x00, 0x00, 0x00, 0x00, 0x00, 0x00, 0x00, 0x00, 0x00,
    0x00, 0x00, 0x00, 0x00, 0x00, 0x00, 0x00, 0x00, 0x00, 0x00, 0x00, 0x00, 0x00, 0x00, 0x00, 0x00,
    0x00, 0x00, 0x00, 0x00, 0x00, 0x00, 0x00, 0x00, 0x00, 0x00, 0x00, 0x20, 0x66, 0xae, 0xe5, 0xff,
    0xff, 0xff, 0xff, 0xff, 0xff, 0xff, 0xff, 0xff, 0xff, 0xff, 0xff, 0xff, 0xff, 0xff, 0xff, 0xff,
    0xff, 0xe8, 0xb3, 0x6c, 0x25, 0x00, 0x00, 0x00, 0x00, 0x00, 0x00, 0x00, 0x00, 0x00, 0x00, 0x00,
    0x00, 0x00, 0x00, 0x00, 0x00, 0x00, 0x00, 0x00, 0x00, 0x00, 0x00, 0x00, 0x00, 0x00, 0x00, 0x00,
    0x00, 0x00, 0x00, 0x00, 0x00, 0x00, 0x00, 0x00, 0x00, 0x00, 0x00, 0x00, 0x00, 0x00, 0x00, 0x00,
    0x00, 0x00, 0x00, 0x00, 0x00, 0x00, 0x00, 0x00, 0x00, 0x00, 0x00, 0x00, 0x00, 0x00, 0x0c, 0x34,
    0x64, 0x92, 0xb6, 0xd1, 0xe3, 0xef, 0xf2, 0xf2, 0xf2, 0xf2, 0xf0, 0xe4, 0xd3, 0xb9, 0x95, 0x68,
    0x38, 0x0f, 0x00, 0x00, 0x00, 0x00, 0x00, 0x00, 0x00, 0x00, 0x00, 0x00, 0x00, 0x00, 0x00, 0x00,
    0x00, 0x00, 0x00, 0x00, 0x00, 0x00, 0x00, 0x00, 0x00, 0x00, 0x00, 0x00, 0x00, 0x00, 0x00, 0x00,
    0x00, 0x00, 0x00, 0x00, 0x00, 0x00, 0x00, 0x00, 0x00, 0x00, 0x00, 0x00, 0x00, 0x00, 0x00, 0x00,
    0x00, 0x00, 0x00, 0x00, 0x00, 0x00, 0x00, 0x00, 0x00, 0x00, 0x00, 0x00, 0x00, 0x00, 0x00, 0x00,
    0x00, 0x00, 0x00, 0x00, 0x0d, 0x1a, 0x1e, 0x1e, 0x1e, 0x1e, 0x1b, 0x0e, 0x00, 0x00, 0x00, 0x00,
    0x00, 0x00, 0x00, 0x00, 0x00, 0x00, 0x00, 0x00, 0x00, 0x00, 0x00, 0x00, 0x00, 0x00, 0x00, 0x00,
    0x00, 0x00, 0x00, 0x00, 0x00, 0x00, 0x00, 0x00, 0x00, 0x00, 0x00, 0x00, 0x00, 0x00, 0x00, 0x00,
};

const lv_image_dsc_t img_src_boot_logo = {
    .header.magic = LV_IMAGE_HEADER_MAGIC,
    .header.cf = LV_COLOR_FORMAT_RGB565A8,
    .header.flags = 0,
    .header.w = BOOT_LOGO_W,
    .header.h = BOOT_LOGO_H,
    .header.stride = BOOT_LOGO_W * 2,
    .data_size = sizeof(img_src_boot_logo_map),
    .data = img_src_boot_logo_map,
};
