/*******************************************************************************
 * Size: 15 px
 * Bpp: 2
 * Opts: --size 15 --bpp 2 --format lvgl --no-compress --no-prefilter --no-kerning --lv-include lvgl/lvgl.h --lv-font-name helm_ui_15 -o /home/jinsc/SDK/vela/openvela/vendor/my_vendor/boards/sf32lb52/my_vendor/ui/bicycle/src/lvgl_page/fonts/helm_ui_15.c --font /home/jinsc/SDK/SGl/PingFangSC/PingFangSC-Semibold.ttf --autohint-strong -r 0x20-0x7E --symbols  !"#$%&'()*+,-./0123456789:;<=>?@ABCDEFGHIJKLMNOPQRSTUVWXYZ[\]^_`abcdefghijklmnopqrstuvwxyz{|}~°±·×÷—…℃←↑→↓●✓、。一三上下不与东严个中为义书了二于五产亮仅仍从仪件份休会传伸位低体余作保信值倾偏停储充先光入全公六共关其具内再写准出击分划列删到制前剖剩功加动勾勿化北区十升单南占卡卫即卷厂历压原去参反发取变口可史右号合同名后向听启周命唤器四回固图圆圈在地均坏坐坡堆备复外夜大失头始字存完定对导将小就尽屏峰工左已带常平并序应度延建开式强归当录形往径待心快态思急总恢惠感成或手打扫找折护拔拟择拿持挂指按据掉接推描搜播操支收放效数文斗斜断新方无日时星显普暂更最月有期未本机束条来板极查标栈校检概模次歌止正此步比气水汇池没沿法波测海消清源滤灰点照爬片版牙特状率环现用由电留白盘目直看眠知短码硬磁示离秒移程稍空站第等算箱米粗系索累红约线组终经绑结统继绪续维绿编网罗置老耗背能自航英苹荐菜蓝蜂螺行衔表被西规视览解计议记设试请读谷败资起超足路跳踏轨转载辑输达过运近返还这连迹送适逆选途通速道配醒里重量针钟锁键长闭闲间陀附降除零静面页顺频颗验骑高鸣黑！（），：；？ --font /home/jinsc/SDK/vela/openvela/vendor/my_vendor/boards/sf32lb52/my_vendor/ui/bicycle/fonts/SourceHanSansCN-Bold.ttf --autohint-strong --symbols ✓
 ******************************************************************************/

#ifdef LV_LVGL_H_INCLUDE_SIMPLE
#include "lvgl.h"
#else
#include "lvgl/lvgl.h"
#endif

#ifndef HELM_UI_15
#define HELM_UI_15 1
#endif

#if HELM_UI_15

/*-----------------
 *    BITMAPS
 *----------------*/

/*Store the image of the glyphs*/
static LV_ATTRIBUTE_LARGE_CONST const uint8_t glyph_bitmap[] = {
    /* U+0020 " " */

    /* U+0021 "!" */
    0xbb, 0xbb, 0xbb, 0xbb, 0xf, 0xb0,

    /* U+0022 "\"" */
    0x2d, 0xb8, 0xfe, 0xf0, 0xa1, 0xc3, 0x4e, 0x34,
    0xa0, 0x0, 0x0,

    /* U+0023 "#" */
    0x3, 0x4e, 0x0, 0xc3, 0x40, 0x70, 0xd0, 0xff,
    0xfe, 0xb, 0x1c, 0x3, 0x8b, 0x0, 0xd3, 0x82,
    0xff, 0xfc, 0x2d, 0x79, 0x7, 0xc, 0x2, 0xc7,
    0x0,

    /* U+0024 "$" */
    0x0, 0xc0, 0x2, 0xfe, 0x2, 0xee, 0xf0, 0xf3,
    0x1d, 0x3c, 0xc0, 0xb, 0xf0, 0x0, 0x7f, 0xd0,
    0x3, 0xbd, 0x24, 0xc3, 0x8f, 0x30, 0xe2, 0xee,
    0xf4, 0x2f, 0xf4, 0x0, 0xc0, 0x0, 0x30, 0x0,

    /* U+0025 "%" */
    0x2e, 0x0, 0x30, 0x2e, 0xe0, 0x34, 0xf, 0x3c,
    0x1c, 0x3, 0x8f, 0xd, 0x0, 0xb3, 0x8a, 0x0,
    0xf, 0xc3, 0xb, 0x80, 0x2, 0x8b, 0x38, 0x1,
    0xc3, 0xcf, 0x0, 0xd0, 0xf3, 0xc0, 0x70, 0x2e,
    0xe0, 0x30, 0x2, 0xf0,

    /* U+0026 "&" */
    0xb, 0xe0, 0x0, 0x7a, 0xe0, 0x2, 0xc3, 0xc0,
    0xb, 0x4f, 0x0, 0xf, 0xf0, 0x0, 0x7f, 0xf,
    0x7, 0x8f, 0x3c, 0x3c, 0xf, 0xe0, 0xf0, 0xf,
    0x2, 0xf6, 0xff, 0x1, 0xff, 0x5f, 0x0,

    /* U+0027 "'" */
    0x2d, 0x3f, 0xa, 0xd, 0x34, 0x0,

    /* U+0028 "(" */
    0xe, 0x2c, 0x38, 0x74, 0xb0, 0xf0, 0xf0, 0xf0,
    0xf0, 0xb0, 0x74, 0x38, 0x2c, 0xe,

    /* U+0029 ")" */
    0x38, 0x7, 0x40, 0xf0, 0x2c, 0x7, 0x40, 0xe0,
    0x38, 0xe, 0x3, 0x81, 0xd0, 0xb0, 0x3c, 0x1d,
    0xe, 0x0,

    /* U+002A "*" */
    0x3, 0x80, 0x3, 0x80, 0xb7, 0xed, 0x1f, 0xe4,
    0xf, 0xe0, 0x2c, 0x74, 0x4, 0x10,

    /* U+002B "+" */
    0x3, 0x80, 0x3, 0x80, 0x3, 0x80, 0x3, 0xc0,
    0xff, 0xff, 0x57, 0xd5, 0x3, 0x80, 0x3, 0x80,

    /* U+002C "," */
    0x0, 0x3e, 0x2f, 0xa, 0x1d, 0x24,

    /* U+002D "-" */
    0x0, 0x0, 0xff, 0xff, 0x55, 0x55,

    /* U+002E "." */
    0xe, 0xe0,

    /* U+002F "/" */
    0x0, 0x2c, 0x0, 0x38, 0x0, 0x70, 0x0, 0xb0,
    0x0, 0xd0, 0x1, 0xc0, 0x3, 0x80, 0x3, 0x40,
    0xb, 0x0, 0xe, 0x0, 0x1c, 0x0, 0x2c, 0x0,
    0x34, 0x0, 0x70, 0x0,

    /* U+0030 "0" */
    0xb, 0xe0, 0x3d, 0xb8, 0x74, 0x2c, 0xf0, 0xe,
    0xf0, 0xe, 0xe0, 0xe, 0xf0, 0xe, 0xf0, 0xe,
    0x74, 0x2c, 0x3d, 0xb8, 0xb, 0xe0,

    /* U+0031 "1" */
    0x3, 0x8b, 0xeb, 0xb8, 0xe, 0x3, 0x80, 0xe0,
    0x38, 0xe, 0x3, 0x80, 0xe0, 0x38,

    /* U+0032 "2" */
    0xb, 0xe0, 0x3d, 0x7c, 0xb0, 0xe, 0xf0, 0xe,
    0x0, 0x1d, 0x0, 0x7c, 0x2, 0xf0, 0x1f, 0x40,
    0x3c, 0x0, 0xb9, 0x55, 0xff, 0xfe,

    /* U+0033 "3" */
    0xb, 0xf4, 0x3e, 0x7d, 0x74, 0xe, 0x50, 0xe,
    0x0, 0x2d, 0x2, 0xf4, 0x0, 0x7d, 0x50, 0xe,
    0xb0, 0xe, 0x3d, 0x7c, 0xb, 0xe0,

    /* U+0034 "4" */
    0x0, 0x78, 0x0, 0x3e, 0x0, 0x3b, 0x80, 0x2c,
    0xe0, 0x1c, 0x38, 0xd, 0xe, 0xe, 0x3, 0xc3,
    0xff, 0xfd, 0x55, 0x7d, 0x0, 0xe, 0x0, 0x3,
    0x80,

    /* U+0035 "5" */
    0x1f, 0xff, 0x47, 0x55, 0x41, 0xc0, 0x0, 0xb0,
    0x0, 0x2e, 0xfd, 0xf, 0x97, 0xc1, 0x40, 0x38,
    0x0, 0xe, 0x3c, 0x7, 0x87, 0x9b, 0xc0, 0x7f,
    0x80,

    /* U+0036 "6" */
    0xb, 0xe0, 0x3e, 0x7c, 0x74, 0x1d, 0xb0, 0x0,
    0xfb, 0xf4, 0xfd, 0x7c, 0xf0, 0xe, 0xf0, 0xe,
    0xb0, 0x1e, 0x3d, 0xbc, 0xb, 0xe0,

    /* U+0037 "7" */
    0xff, 0xfd, 0x55, 0xf0, 0x3, 0x80, 0x2c, 0x0,
    0xf0, 0x7, 0x40, 0x2c, 0x0, 0xe0, 0x7, 0x40,
    0x3c, 0x0, 0xe0, 0x0,

    /* U+0038 "8" */
    0xb, 0xe0, 0x3d, 0x7c, 0xb0, 0xe, 0xb0, 0xe,
    0x78, 0x2d, 0x2f, 0xf8, 0x79, 0x6d, 0xf0, 0xf,
    0xf0, 0xf, 0xbd, 0x7e, 0x1f, 0xf4,

    /* U+0039 "9" */
    0x1f, 0xe0, 0x7d, 0xb8, 0xf0, 0x1d, 0xf0, 0xe,
    0xf0, 0xe, 0xb8, 0x3e, 0x2f, 0xee, 0x1, 0xd,
    0xb0, 0x2c, 0x7d, 0xb8, 0x1f, 0xd0,

    /* U+003A ":" */
    0xee, 0x0, 0x0, 0xee,

    /* U+003B ";" */
    0x38, 0xe0, 0x0, 0x0, 0x3, 0x8e, 0x8, 0x92,
    0x0,

    /* U+003C "<" */
    0x0, 0x5, 0x0, 0x7d, 0xb, 0xe0, 0xbd, 0x0,
    0xf8, 0x0, 0x1f, 0xd0, 0x1, 0xbd, 0x0, 0x9,
    0x0, 0x0,

    /* U+003D "=" */
    0x0, 0x0, 0xff, 0xff, 0x55, 0x55, 0x0, 0x0,
    0xff, 0xff, 0x55, 0x55,

    /* U+003E ">" */
    0x80, 0x0, 0xf9, 0x0, 0x1f, 0xd0, 0x1, 0xbd,
    0x0, 0x7d, 0xb, 0xe0, 0xbe, 0x0, 0xd0, 0x0,
    0x0, 0x0,

    /* U+003F "?" */
    0x1f, 0xd1, 0xe7, 0xdf, 0x3, 0xa4, 0xe, 0x0,
    0xb4, 0xf, 0x40, 0x70, 0x2, 0x80, 0x0, 0x0,
    0x38, 0x0, 0xd0, 0x0,

    /* U+0040 "@" */
    0x2, 0xff, 0x40, 0x1f, 0xa6, 0xe0, 0x3d, 0xbe,
    0xf4, 0xb7, 0xeb, 0x9c, 0xf7, 0x83, 0x4c, 0xfb,
    0x7, 0xc, 0xfb, 0xb, 0x18, 0xbb, 0xe, 0x30,
    0x3f, 0xfb, 0xd4, 0x1f, 0xa6, 0xb8, 0x2, 0xff,
    0x90,

    /* U+0041 "A" */
    0x0, 0xf4, 0x0, 0x7, 0xe0, 0x0, 0x3e, 0xc0,
    0x0, 0xe7, 0x40, 0xb, 0xf, 0x0, 0x3c, 0x2c,
    0x1, 0xe0, 0x78, 0xb, 0xff, 0xf0, 0x3d, 0x56,
    0xd1, 0xd0, 0x3, 0x8f, 0x0, 0xf, 0x0,

    /* U+0042 "B" */
    0xff, 0xf8, 0x3d, 0x5b, 0x8e, 0x0, 0xf3, 0x80,
    0x3c, 0xf0, 0x1e, 0x3f, 0xff, 0xf, 0x55, 0xf3,
    0x80, 0xe, 0xe0, 0x3, 0xbd, 0x57, 0xdf, 0xff,
    0xd0,

    /* U+0043 "C" */
    0x7, 0xfd, 0x2, 0xf5, 0xb8, 0x78, 0x2, 0xdb,
    0x0, 0x4, 0xf0, 0x0, 0xf, 0x0, 0x0, 0xf0,
    0x0, 0xb, 0x0, 0xd, 0x78, 0x2, 0xd2, 0xe5,
    0xb8, 0x7, 0xfd, 0x0,

    /* U+0044 "D" */
    0xff, 0xf4, 0x3d, 0x5f, 0x8e, 0x0, 0xb7, 0x80,
    0xe, 0xe0, 0x3, 0xf8, 0x0, 0xbe, 0x0, 0x3f,
    0x80, 0xe, 0xe0, 0xb, 0x7d, 0x5f, 0x8f, 0xff,
    0x40,

    /* U+0045 "E" */
    0xff, 0xfe, 0xf5, 0x54, 0xe0, 0x0, 0xe0, 0x0,
    0xf0, 0x0, 0xff, 0xfe, 0xf5, 0x54, 0xe0, 0x0,
    0xe0, 0x0, 0xf5, 0x55, 0xff, 0xff,

    /* U+0046 "F" */
    0xff, 0xfe, 0xf5, 0x54, 0xe0, 0x0, 0xe0, 0x0,
    0xf0, 0x0, 0xff, 0xfc, 0xf5, 0x54, 0xe0, 0x0,
    0xe0, 0x0, 0xe0, 0x0, 0xe0, 0x0,

    /* U+0047 "G" */
    0x7, 0xfd, 0x2, 0xf5, 0xbc, 0x78, 0x1, 0xdb,
    0x0, 0x4, 0xf0, 0x0, 0xf, 0x3, 0xfe, 0xf0,
    0x5, 0xeb, 0x0, 0xe, 0x78, 0x0, 0xe2, 0xf9,
    0xbe, 0x6, 0xfe, 0x40,

    /* U+0048 "H" */
    0xe0, 0x2, 0xf8, 0x0, 0xbe, 0x0, 0x2f, 0x80,
    0xb, 0xf0, 0x3, 0xff, 0xff, 0xff, 0x55, 0x7f,
    0x80, 0xb, 0xe0, 0x2, 0xf8, 0x0, 0xbe, 0x0,
    0x2c,

    /* U+0049 "I" */
    0xee, 0xee, 0xee, 0xee, 0xee, 0xe0,

    /* U+004A "J" */
    0x0, 0x38, 0x0, 0xe0, 0x3, 0x80, 0xe, 0x0,
    0x38, 0x0, 0xe0, 0x3, 0xa8, 0xe, 0xf0, 0x3a,
    0xfb, 0xc2, 0xfd, 0x0,

    /* U+004B "K" */
    0xe0, 0xb, 0x4e, 0x2, 0xd0, 0xe0, 0xb4, 0xe,
    0x2d, 0x0, 0xeb, 0x80, 0xf, 0xfc, 0x0, 0xf5,
    0xe0, 0xf, 0xb, 0x80, 0xe0, 0x3d, 0xe, 0x0,
    0xf4, 0xe0, 0x3, 0xc0,

    /* U+004C "L" */
    0xe0, 0x0, 0xe0, 0x0, 0xe0, 0x0, 0xe0, 0x0,
    0xe0, 0x0, 0xe0, 0x0, 0xe0, 0x0, 0xe0, 0x0,
    0xe0, 0x0, 0xfa, 0xa9, 0xff, 0xfe,

    /* U+004D "M" */
    0xf0, 0x0, 0x2e, 0xf8, 0x0, 0x3e, 0xfc, 0x0,
    0x7e, 0xfe, 0x0, 0xfe, 0xef, 0x1, 0xde, 0xe7,
    0x42, 0xce, 0xe3, 0xc3, 0x8e, 0xe1, 0xdb, 0xe,
    0xe0, 0xfe, 0xe, 0xe0, 0xbd, 0xe, 0xe0, 0x3c,
    0xe,

    /* U+004E "N" */
    0xf0, 0x3, 0xbe, 0x0, 0xef, 0xd0, 0x3b, 0xfc,
    0xe, 0xe3, 0x83, 0xb8, 0xb4, 0xee, 0xf, 0x3b,
    0x80, 0xee, 0xe0, 0x2f, 0xb8, 0x3, 0xee, 0x0,
    0x38,

    /* U+004F "O" */
    0x6, 0xfe, 0x0, 0xbe, 0x6f, 0x47, 0x80, 0xf,
    0x2c, 0x0, 0x1d, 0xf0, 0x0, 0x3b, 0xc0, 0x0,
    0xef, 0x0, 0x3, 0xac, 0x0, 0x1d, 0x78, 0x0,
    0xf0, 0xbe, 0x6f, 0x40, 0x6f, 0xe0, 0x0,

    /* U+0050 "P" */
    0xff, 0xf4, 0xf5, 0x7d, 0xe0, 0xf, 0xe0, 0xf,
    0xe0, 0xf, 0xf0, 0x2e, 0xff, 0xf8, 0xf5, 0x40,
    0xe0, 0x0, 0xe0, 0x0, 0xe0, 0x0,

    /* U+0051 "Q" */
    0x6, 0xfe, 0x0, 0xbe, 0x6f, 0x7, 0x80, 0xf,
    0x2c, 0x0, 0x1d, 0xf0, 0x0, 0x3b, 0xc0, 0x0,
    0xef, 0x0, 0x43, 0xac, 0x3, 0xdd, 0x78, 0x7,
    0xf0, 0x7e, 0x6f, 0x80, 0x6f, 0xeb, 0x40, 0x0,
    0x8,

    /* U+0052 "R" */
    0xff, 0xf8, 0x3d, 0x5b, 0x8e, 0x0, 0xf3, 0x80,
    0x3c, 0xf0, 0x1e, 0x3f, 0xfe, 0xf, 0x56, 0xd3,
    0x80, 0x3c, 0xe0, 0xf, 0x38, 0x2, 0xce, 0x0,
    0xb4,

    /* U+0053 "S" */
    0x7, 0xfe, 0x1, 0xe5, 0xbc, 0x3c, 0x2, 0xd3,
    0xc0, 0x4, 0x1f, 0x90, 0x0, 0x6f, 0xe0, 0x0,
    0x1b, 0xd6, 0x40, 0xe, 0x7c, 0x0, 0xe3, 0xf5,
    0xbc, 0x7, 0xfe, 0x0,

    /* U+0054 "T" */
    0xff, 0xff, 0xd5, 0xf5, 0x50, 0x2c, 0x0, 0xb,
    0x0, 0x2, 0xc0, 0x0, 0xb0, 0x0, 0x2c, 0x0,
    0xb, 0x0, 0x2, 0xc0, 0x0, 0xb0, 0x0, 0x2c,
    0x0,

    /* U+0055 "U" */
    0xe0, 0x2, 0xf8, 0x0, 0xbe, 0x0, 0x2f, 0x80,
    0xb, 0xe0, 0x2, 0xf8, 0x0, 0xbe, 0x0, 0x2f,
    0xc0, 0xf, 0xb0, 0x3, 0x8f, 0x9b, 0xc0, 0xbf,
    0x80,

    /* U+0056 "V" */
    0xf0, 0x1, 0xe7, 0x40, 0x2d, 0x3c, 0x3, 0xc2,
    0xc0, 0x38, 0x1d, 0xb, 0x40, 0xf0, 0xf0, 0xb,
    0xe, 0x0, 0x76, 0xc0, 0x3, 0xfc, 0x0, 0x2f,
    0x80, 0x1, 0xf0, 0x0,

    /* U+0057 "W" */
    0xf0, 0xf, 0x0, 0xf2, 0xd0, 0x3d, 0x3, 0xc3,
    0x81, 0xf8, 0x1e, 0xf, 0xb, 0xb0, 0xb0, 0x2c,
    0x39, 0xc3, 0xc0, 0x74, 0xd3, 0x4e, 0x0, 0xe7,
    0xe, 0x74, 0x3, 0xec, 0x2e, 0xc0, 0xb, 0xe0,
    0x7f, 0x0, 0x1f, 0x40, 0xf8, 0x0, 0x3c, 0x3,
    0xd0, 0x0,

    /* U+0058 "X" */
    0x7c, 0x3, 0xd2, 0xd0, 0x78, 0xf, 0xf, 0x0,
    0x7b, 0xd0, 0x2, 0xf8, 0x0, 0x1f, 0x0, 0x3,
    0xfc, 0x0, 0xb6, 0xe0, 0xf, 0xf, 0x3, 0xc0,
    0x3c, 0xb8, 0x2, 0xe0,

    /* U+0059 "Y" */
    0x3c, 0x0, 0x78, 0x7c, 0x3, 0xc0, 0xb4, 0x2d,
    0x0, 0xf1, 0xe0, 0x1, 0xef, 0x0, 0x2, 0xf4,
    0x0, 0x3, 0xc0, 0x0, 0xe, 0x0, 0x0, 0x38,
    0x0, 0x0, 0xe0, 0x0, 0x3, 0x80, 0x0,

    /* U+005A "Z" */
    0xff, 0xff, 0x15, 0x5b, 0xc0, 0x3, 0xc0, 0x2,
    0xd0, 0x1, 0xe0, 0x0, 0xf0, 0x0, 0xf0, 0x0,
    0x74, 0x0, 0x38, 0x0, 0x3d, 0x55, 0x5f, 0xff,
    0xfc,

    /* U+005B "[" */
    0x0, 0x3f, 0xcf, 0x53, 0x80, 0xe0, 0x38, 0xe,
    0x3, 0x80, 0xe0, 0x38, 0xe, 0x3, 0x80, 0xe0,
    0x3c, 0xf, 0xf1, 0x54,

    /* U+005C "\\" */
    0x70, 0x0, 0x34, 0x0, 0x2c, 0x0, 0x1c, 0x0,
    0xe, 0x0, 0xb, 0x0, 0x3, 0x40, 0x3, 0x80,
    0x1, 0xc0, 0x0, 0xd0, 0x0, 0xb0, 0x0, 0x70,
    0x0, 0x38, 0x0, 0x2c,

    /* U+005D "]" */
    0x0, 0x1f, 0xe1, 0x78, 0xe, 0x3, 0x80, 0xe0,
    0x38, 0xe, 0x3, 0x80, 0xe0, 0x38, 0xe, 0x3,
    0x80, 0xe7, 0xf8, 0x54,

    /* U+005E "^" */
    0x3, 0xc0, 0x7, 0xe0, 0xe, 0x70, 0x1c, 0x38,
    0x38, 0x1c,

    /* U+005F "_" */
    0x0, 0x0, 0xff, 0xff, 0x55, 0x55,

    /* U+0060 "`" */
    0x2c, 0x2, 0xc0,

    /* U+0061 "a" */
    0x1f, 0xe1, 0xe6, 0xe5, 0x3, 0xcb, 0xff, 0xb9,
    0x7f, 0xc0, 0xff, 0x9f, 0xcf, 0xeb,

    /* U+0062 "b" */
    0xe0, 0x0, 0xe0, 0x0, 0xe0, 0x0, 0xe7, 0xe0,
    0xfd, 0xbc, 0xf0, 0x1d, 0xf0, 0xe, 0xf0, 0xe,
    0xf0, 0x1d, 0xfd, 0xbc, 0xeb, 0xe0,

    /* U+0063 "c" */
    0x1f, 0xe0, 0x3d, 0xbc, 0xb0, 0x1c, 0xf0, 0x0,
    0xf0, 0x0, 0xb0, 0x2c, 0x3d, 0xb8, 0x1f, 0xe0,

    /* U+0064 "d" */
    0x0, 0xe, 0x0, 0xe, 0x0, 0xe, 0x1f, 0xce,
    0x7d, 0xbe, 0xb0, 0x1e, 0xf0, 0xe, 0xf0, 0xe,
    0xb0, 0x1e, 0x3d, 0xbe, 0x1f, 0xde,

    /* U+0065 "e" */
    0xf, 0xe0, 0x3d, 0x7c, 0xb0, 0xe, 0xff, 0xff,
    0xf5, 0x55, 0xf0, 0xa, 0x3d, 0x7d, 0x1f, 0xe0,

    /* U+0066 "f" */
    0x7, 0xc0, 0xf4, 0xe, 0xf, 0xfc, 0x5f, 0x40,
    0xe0, 0xe, 0x0, 0xe0, 0xe, 0x0, 0xe0, 0xe,
    0x0,

    /* U+0067 "g" */
    0x1f, 0xde, 0x7d, 0xbe, 0xf0, 0x1e, 0xf0, 0xe,
    0xf0, 0xe, 0xf0, 0x1e, 0x7d, 0xbe, 0x1f, 0xde,
    0x10, 0xe, 0x79, 0x7c, 0x1f, 0xf4,

    /* U+0068 "h" */
    0xe0, 0x3, 0x80, 0xe, 0x0, 0x39, 0xf8, 0xf9,
    0xf7, 0xc0, 0xef, 0x3, 0xb8, 0xe, 0xe0, 0x3b,
    0x80, 0xee, 0x3, 0x80,

    /* U+0069 "i" */
    0xff, 0xb, 0xbb, 0xbb, 0xbb, 0xb0,

    /* U+006A "j" */
    0xf, 0xf, 0x0, 0xb, 0xb, 0xb, 0xb, 0xb,
    0xb, 0xb, 0xb, 0xf, 0x1f, 0x3d,

    /* U+006B "k" */
    0xe0, 0x0, 0xe0, 0x0, 0xe0, 0x0, 0xe0, 0xb8,
    0xe2, 0xe0, 0xeb, 0x80, 0xff, 0x0, 0xfb, 0x80,
    0xf2, 0xd0, 0xe0, 0xf0, 0xe0, 0x3c,

    /* U+006C "l" */
    0xee, 0xee, 0xee, 0xee, 0xee, 0xe0,

    /* U+006D "m" */
    0xfb, 0xe2, 0xf4, 0xf9, 0xfe, 0x7d, 0xf0, 0x3c,
    0xe, 0xe0, 0x38, 0xe, 0xe0, 0x38, 0xe, 0xe0,
    0x38, 0xe, 0xe0, 0x38, 0xe, 0xe0, 0x38, 0xe,

    /* U+006E "n" */
    0xfb, 0xe3, 0xf6, 0xef, 0x3, 0xf8, 0xb, 0xe0,
    0x2f, 0x80, 0xbe, 0x2, 0xf8, 0xb,

    /* U+006F "o" */
    0x1f, 0xe0, 0x3d, 0xbc, 0xb0, 0x1d, 0xf0, 0xe,
    0xf0, 0xe, 0xb0, 0x1d, 0x3d, 0xbc, 0xf, 0xe0,

    /* U+0070 "p" */
    0xeb, 0xe0, 0xfd, 0xbc, 0xf0, 0x1d, 0xf0, 0xe,
    0xf0, 0xe, 0xf0, 0x1d, 0xfd, 0xbc, 0xe7, 0xe0,
    0xe0, 0x0, 0xe0, 0x0, 0xe0, 0x0,

    /* U+0071 "q" */
    0x1f, 0xde, 0x3d, 0xbe, 0xb0, 0x1e, 0xf0, 0xe,
    0xf0, 0xe, 0xb0, 0x1e, 0x7d, 0xbe, 0x1f, 0xce,
    0x0, 0xe, 0x0, 0xe, 0x0, 0xe,

    /* U+0072 "r" */
    0x0, 0x3e, 0xef, 0xd7, 0xc0, 0xf0, 0x38, 0xe,
    0x3, 0x80, 0xe0, 0x0,

    /* U+0073 "s" */
    0xb, 0xf4, 0x3d, 0x7c, 0x3c, 0x4, 0x1f, 0xe0,
    0x1, 0xbd, 0x24, 0xe, 0x3d, 0x6e, 0xb, 0xf8,

    /* U+0074 "t" */
    0x4, 0xb, 0x2, 0xc3, 0xff, 0x7d, 0x4b, 0x2,
    0xc0, 0xb0, 0x2c, 0xb, 0x50, 0xfc,

    /* U+0075 "u" */
    0xe0, 0x2f, 0x80, 0xbe, 0x2, 0xf8, 0xb, 0xe0,
    0x2f, 0xc0, 0xfb, 0x5b, 0xcb, 0xef,

    /* U+0076 "v" */
    0xb0, 0x2d, 0x74, 0x3c, 0x38, 0x38, 0x2c, 0x74,
    0x1d, 0xf0, 0xf, 0xe0, 0xb, 0xc0, 0x3, 0xc0,

    /* U+0077 "w" */
    0xf0, 0x38, 0x1d, 0x74, 0x7c, 0x2c, 0x38, 0xbd,
    0x3c, 0x3c, 0xde, 0x34, 0x1d, 0xcb, 0x70, 0xf,
    0xc7, 0xf0, 0xf, 0x83, 0xd0, 0x7, 0x43, 0xc0,

    /* U+0078 "x" */
    0x38, 0x2d, 0x2d, 0x78, 0xf, 0xf0, 0x3, 0xc0,
    0x7, 0xe0, 0xe, 0xb0, 0x3c, 0x3c, 0xb4, 0x1e,

    /* U+0079 "y" */
    0xb0, 0xe, 0x74, 0x2c, 0x3c, 0x3c, 0x2c, 0x74,
    0xe, 0xb0, 0xb, 0xe0, 0x7, 0xd0, 0x3, 0xc0,
    0x3, 0x80, 0xb, 0x0, 0xf, 0x0,

    /* U+007A "z" */
    0xff, 0xfd, 0x57, 0xe0, 0x1f, 0x0, 0xf0, 0xf,
    0x0, 0xf4, 0xb, 0xd5, 0x7f, 0xff,

    /* U+007B "{" */
    0x0, 0x0, 0x7e, 0xf, 0x40, 0xe0, 0xe, 0x0,
    0xe0, 0xe, 0x3, 0xc0, 0x7c, 0x0, 0xe0, 0xe,
    0x0, 0xe0, 0xe, 0x0, 0xf0, 0x7, 0xe0, 0x4,

    /* U+007C "|" */
    0xee, 0xee, 0xee, 0xee, 0xee, 0xee, 0xee, 0xe0,

    /* U+007D "}" */
    0x0, 0xb, 0xc0, 0x1e, 0x0, 0xe0, 0xe, 0x0,
    0xe0, 0xf, 0x0, 0x78, 0x7, 0xc0, 0xf0, 0xe,
    0x0, 0xe0, 0xe, 0x1, 0xe0, 0xbd, 0x1, 0x0,

    /* U+007E "~" */
    0x0, 0x0, 0x3f, 0x58, 0xb7, 0xf8, 0x0, 0x0,

    /* U+00B0 "°" */
    0x0, 0x7d, 0xeb, 0xd7, 0x7d, 0x0,

    /* U+00B1 "±" */
    0x3, 0x80, 0x3, 0xc0, 0xff, 0xff, 0x57, 0xd5,
    0x3, 0x80, 0x3, 0x80, 0x55, 0x55, 0xff, 0xff,

    /* U+00B7 "·" */
    0xe, 0xd0,

    /* U+00D7 "×" */
    0x10, 0x1, 0xf, 0x3, 0xc0, 0xf3, 0xc0, 0xf,
    0xc0, 0x3, 0xf0, 0x3, 0xdf, 0x3, 0xc0, 0xf0,
    0x80, 0x8,

    /* U+00F7 "÷" */
    0x3, 0x80, 0x3, 0x80, 0x0, 0x0, 0x0, 0x0,
    0xff, 0xff, 0x55, 0x55, 0x3, 0x80, 0x3, 0x40,

    /* U+2014 "—" */
    0x0, 0x0, 0x0, 0x3, 0xff, 0xff, 0xff, 0xf5,
    0x55, 0x55, 0x55, 0x40,

    /* U+2026 "…" */
    0x0, 0x0, 0x0, 0x38, 0xb, 0x1, 0xcd, 0x1,
    0xc0, 0x30,

    /* U+2103 "℃" */
    0x7d, 0x0, 0x0, 0xc, 0x30, 0x6a, 0x40, 0x7d,
    0x3d, 0x5f, 0x0, 0xf, 0x0, 0x38, 0x1, 0xd0,
    0x1, 0x40, 0x2c, 0x0, 0x0, 0x2, 0xc0, 0x0,
    0x0, 0x2c, 0x0, 0x0, 0x1, 0xd0, 0x3, 0xc0,
    0xf, 0x0, 0x78, 0x0, 0x7e, 0xaf, 0x0, 0x1,
    0xbf, 0x80,

    /* U+2190 "←" */
    0x1, 0x0, 0x0, 0x0, 0x1d, 0x0, 0x0, 0x1,
    0xd0, 0x0, 0x0, 0x1f, 0xff, 0xff, 0xfe, 0x2d,
    0x0, 0x0, 0x0, 0x2c, 0x0, 0x0, 0x0, 0x14,
    0x0, 0x0, 0x0,

    /* U+2191 "↑" */
    0x0, 0x0, 0x1d, 0x0, 0xfc, 0xe, 0xec, 0x63,
    0x24, 0xc, 0x0, 0x30, 0x0, 0xc0, 0x3, 0x0,
    0xc, 0x0, 0x30, 0x0, 0xc0, 0x3, 0x0, 0xc,
    0x0, 0x30, 0x0,

    /* U+2192 "→" */
    0x0, 0x0, 0x1, 0x0, 0x0, 0x0, 0x1d, 0x0,
    0x0, 0x0, 0x1d, 0x2f, 0xff, 0xff, 0xfd, 0x0,
    0x0, 0x1, 0xe0, 0x0, 0x0, 0xe, 0x0, 0x0,
    0x0, 0x50, 0x0,

    /* U+2193 "↓" */
    0x3, 0x0, 0xc, 0x0, 0x30, 0x0, 0xc0, 0x3,
    0x0, 0xc, 0x0, 0x30, 0x0, 0xc0, 0x3, 0x0,
    0xc, 0x5, 0x31, 0x4e, 0xec, 0xf, 0xc0, 0x1d,
    0x0, 0x0, 0x0,

    /* U+25CF "●" */
    0x0, 0x0, 0x0, 0x0, 0x7f, 0xf4, 0x0, 0xbf,
    0xff, 0x80, 0x7f, 0xff, 0xf4, 0x3f, 0xff, 0xff,
    0xf, 0xff, 0xff, 0xc3, 0xff, 0xff, 0xf0, 0xff,
    0xff, 0xfc, 0x3f, 0xff, 0xff, 0x7, 0xff, 0xff,
    0x40, 0xbf, 0xff, 0x80, 0x7, 0xff, 0x40, 0x0,
    0x0, 0x0, 0x0,

    /* U+2713 "✓" */
    0x0, 0x0, 0x10, 0x0, 0x2, 0xe0, 0x0, 0x1f,
    0x0, 0x0, 0xf0, 0x0, 0xb, 0x40, 0x0, 0x38,
    0x1, 0x2, 0xc0, 0x2c, 0xe, 0x0, 0x38, 0xb0,
    0x0, 0xb3, 0x80, 0x0, 0xfd, 0x0, 0x2, 0xf0,
    0x0, 0x1, 0x0, 0x0,

    /* U+3001 "、" */
    0x0, 0xe, 0x1, 0xe0, 0x1d, 0x1, 0x0,

    /* U+3002 "。" */
    0x0, 0x1, 0xf4, 0x30, 0xc3, 0x5c, 0x1f, 0x40,

    /* U+4E00 "一" */
    0x6a, 0xaa, 0xaa, 0xab, 0xff, 0xff, 0xff,

    /* U+4E09 "三" */
    0x2a, 0xaa, 0xaa, 0x43, 0xff, 0xff, 0xf8, 0x0,
    0x0, 0x0, 0x0, 0x0, 0x0, 0x0, 0x0, 0x0,
    0x0, 0x0, 0x0, 0x0, 0x0, 0xf, 0xff, 0xfe,
    0x0, 0x6a, 0xaa, 0x90, 0x0, 0x0, 0x0, 0x0,
    0x0, 0x0, 0x0, 0x0, 0x0, 0x0, 0xa, 0xaa,
    0xaa, 0xa9, 0xff, 0xff, 0xff, 0xe0,

    /* U+4E0A "上" */
    0x0, 0xe, 0x0, 0x0, 0x0, 0x38, 0x0, 0x0,
    0x0, 0xe0, 0x0, 0x0, 0x3, 0x80, 0x0, 0x0,
    0xf, 0xff, 0xc0, 0x0, 0x3e, 0xaa, 0x0, 0x0,
    0xe0, 0x0, 0x0, 0x3, 0x80, 0x0, 0x0, 0xe,
    0x0, 0x0, 0x0, 0x38, 0x0, 0x0, 0x0, 0xe0,
    0x0, 0xa, 0xab, 0xea, 0xa8, 0x3f, 0xff, 0xff,
    0xf4,

    /* U+4E0B "下" */
    0x3f, 0xff, 0xff, 0xf0, 0xaa, 0xbe, 0xaa, 0x80,
    0x0, 0xb0, 0x0, 0x0, 0x2, 0xc0, 0x0, 0x0,
    0xb, 0xe0, 0x0, 0x0, 0x2e, 0xf8, 0x0, 0x0,
    0xb0, 0xfc, 0x0, 0x2, 0xc0, 0xb0, 0x0, 0xb,
    0x0, 0x0, 0x0, 0x2c, 0x0, 0x0, 0x0, 0xb0,
    0x0, 0x0, 0x2, 0xc0, 0x0, 0x0, 0xb, 0x0,
    0x0, 0x0, 0x2c, 0x0, 0x0,

    /* U+4E0D "不" */
    0x3f, 0xff, 0xff, 0xf0, 0xaa, 0xaf, 0xaa, 0x80,
    0x0, 0x38, 0x0, 0x0, 0x3, 0xd0, 0x0, 0x0,
    0x2f, 0x44, 0x0, 0x2, 0xfd, 0xb4, 0x0, 0x2f,
    0x74, 0xb8, 0x3, 0xf1, 0xd0, 0xb8, 0x3e, 0x7,
    0x40, 0xf0, 0x90, 0x1d, 0x0, 0x40, 0x0, 0x74,
    0x0, 0x0, 0x1, 0xd0, 0x0, 0x0, 0x7, 0x40,
    0x0, 0x0, 0x1d, 0x0, 0x0,

    /* U+4E0E "与" */
    0x0, 0x0, 0x0, 0x0, 0x1c, 0x0, 0x0, 0x1,
    0xea, 0xaa, 0x80, 0x2f, 0xff, 0xfd, 0x2, 0xc0,
    0x0, 0x0, 0x3c, 0x0, 0x0, 0x3, 0xff, 0xff,
    0xc0, 0x5, 0x55, 0x6c, 0x0, 0x0, 0x2, 0xc2,
    0xaa, 0xaa, 0x2c, 0x3f, 0xff, 0xf6, 0xc0, 0x0,
    0x0, 0x2c, 0x0, 0x0, 0x3, 0x80, 0x0, 0x15,
    0xb4, 0x0, 0x3, 0xfe, 0x0, 0x0, 0x0, 0x0,

    /* U+4E1C "东" */
    0x0, 0x0, 0x0, 0x0, 0x0, 0xf0, 0x0, 0x2,
    0xab, 0xea, 0xa9, 0xf, 0xff, 0xff, 0xfc, 0x1,
    0xd0, 0x0, 0x0, 0xf, 0x4, 0x0, 0x0, 0xf0,
    0x38, 0x0, 0x3, 0xff, 0xff, 0xf0, 0x5, 0x57,
    0xd5, 0x40, 0x0, 0xe, 0x0, 0x0, 0x3c, 0x38,
    0xf0, 0x2, 0xd0, 0xe0, 0xf0, 0x3e, 0x3, 0x81,
    0xf0, 0xe0, 0x6e, 0x1, 0xc0, 0x3, 0xf0, 0x0,
    0x0,

    /* U+4E25 "严" */
    0xf, 0xff, 0xff, 0xf0, 0x19, 0xba, 0xd9, 0x40,
    0x34, 0xd7, 0x2c, 0x0, 0xb3, 0x5c, 0xd0, 0x1,
    0x5d, 0xb2, 0x0, 0x3f, 0xff, 0xff, 0xc0, 0xf5,
    0x55, 0x55, 0x3, 0x80, 0x0, 0x0, 0xe, 0x0,
    0x0, 0x0, 0x38, 0x0, 0x0, 0x1, 0xd0, 0x0,
    0x0, 0xb, 0x0, 0x0, 0x0, 0x38, 0x0, 0x0,
    0x0, 0x40, 0x0, 0x0, 0x0,

    /* U+4E2A "个" */
    0x0, 0x7, 0xc0, 0x0, 0x0, 0x3f, 0x80, 0x0,
    0x3, 0xc7, 0x80, 0x0, 0x7c, 0xb, 0x80, 0xb,
    0xc1, 0xb, 0xd0, 0xf8, 0xe, 0x7, 0xe1, 0x40,
    0x38, 0x2, 0x0, 0x0, 0xe0, 0x0, 0x0, 0x3,
    0x80, 0x0, 0x0, 0xe, 0x0, 0x0, 0x0, 0x38,
    0x0, 0x0, 0x0, 0xe0, 0x0, 0x0, 0x3, 0x80,
    0x0, 0x0, 0xe, 0x0, 0x0,

    /* U+4E2D "中" */
    0x0, 0xe, 0x0, 0x0, 0x0, 0xe0, 0x0, 0xbf,
    0xff, 0xff, 0xcb, 0xaa, 0xfa, 0xac, 0xb0, 0xe,
    0x1, 0xcb, 0x0, 0xe0, 0x1c, 0xb0, 0xe, 0x1,
    0xcb, 0xff, 0xff, 0xfc, 0xba, 0xaf, 0xaa, 0xc1,
    0x0, 0xe0, 0x4, 0x0, 0xe, 0x0, 0x0, 0x0,
    0xe0, 0x0, 0x0, 0xe, 0x0, 0x0, 0x0, 0xe0,
    0x0,

    /* U+4E3A "为" */
    0x1, 0xe, 0x0, 0x0, 0xb4, 0xe0, 0x0, 0x3,
    0xce, 0x0, 0x1, 0xaa, 0xfa, 0xa9, 0x2f, 0xff,
    0xff, 0xf0, 0x1, 0xd0, 0xf, 0x0, 0x1c, 0x0,
    0xf0, 0x2, 0xdd, 0xf, 0x0, 0x38, 0xf0, 0xe0,
    0xb, 0x3, 0x8e, 0x1, 0xe0, 0x10, 0xe0, 0x7c,
    0x0, 0xd, 0x2f, 0x0, 0x27, 0xc2, 0x80, 0x3,
    0xf4, 0x0, 0x0, 0x0, 0x0,

    /* U+4E49 "义" */
    0x0, 0x0, 0x0, 0x0, 0x0, 0xb4, 0x5, 0x0,
    0x0, 0xf0, 0x38, 0x3, 0x81, 0xe1, 0xd0, 0xb,
    0x2, 0x4b, 0x0, 0xf, 0x0, 0x38, 0x0, 0x2d,
    0x2, 0xd0, 0x0, 0x3c, 0xe, 0x0, 0x0, 0x3c,
    0xf0, 0x0, 0x0, 0x7f, 0x40, 0x0, 0x1, 0xfd,
    0x0, 0x0, 0x2f, 0xbf, 0x0, 0xb, 0xf0, 0x2f,
    0x90, 0xfd, 0x0, 0xb, 0xc1, 0x40, 0x0, 0x0,
    0x0,

    /* U+4E66 "书" */
    0x0, 0x0, 0x0, 0x0, 0x0, 0x38, 0xe, 0x0,
    0x0, 0xe0, 0x1f, 0x3, 0xff, 0xff, 0xc4, 0xa,
    0xaf, 0xaf, 0x0, 0x0, 0x38, 0x2c, 0x0, 0x0,
    0xe0, 0xf0, 0xf, 0xff, 0xff, 0xfc, 0x2a, 0xaf,
    0xaa, 0xf0, 0x0, 0x38, 0x3, 0x80, 0x0, 0xe0,
    0xe, 0x0, 0x3, 0x81, 0xb4, 0x0, 0xe, 0xf,
    0x80, 0x0, 0x38, 0x0, 0x0, 0x0, 0xe0, 0x0,
    0x0,

    /* U+4E86 "了" */
    0xbf, 0xff, 0xff, 0x6a, 0xaa, 0xaf, 0x0, 0x0,
    0x7c, 0x0, 0x2, 0xe0, 0x0, 0xf, 0x40, 0x0,
    0xd, 0x0, 0x0, 0xd, 0x0, 0x0, 0xd, 0x0,
    0x0, 0xd, 0x0, 0x0, 0xd, 0x0, 0x0, 0xd,
    0x0, 0x0, 0xd, 0x0, 0x2, 0xad, 0x0, 0x2,
    0xfc, 0x0,

    /* U+4E8C "二" */
    0xf, 0xff, 0xff, 0x80, 0xaa, 0xaa, 0xa4, 0x0,
    0x0, 0x0, 0x0, 0x0, 0x0, 0x0, 0x0, 0x0,
    0x0, 0x0, 0x0, 0x0, 0x0, 0x0, 0x0, 0x0,
    0x0, 0x0, 0x0, 0x0, 0x0, 0x0, 0x0, 0x6,
    0xaa, 0xaa, 0xaa, 0xbf, 0xff, 0xff, 0xf0,

    /* U+4E8E "于" */
    0x1f, 0xff, 0xff, 0xc0, 0x2a, 0xae, 0xaa, 0x0,
    0x0, 0x34, 0x0, 0x0, 0x0, 0xd0, 0x0, 0x0,
    0x3, 0x40, 0x0, 0xff, 0xff, 0xff, 0xc2, 0xaa,
    0xba, 0xaa, 0x0, 0x0, 0xd0, 0x0, 0x0, 0x3,
    0x40, 0x0, 0x0, 0xd, 0x0, 0x0, 0x0, 0x34,
    0x0, 0x0, 0x0, 0xd0, 0x0, 0x0, 0x5b, 0x40,
    0x0, 0x3, 0xfc, 0x0, 0x0,

    /* U+4E94 "五" */
    0x2f, 0xff, 0xff, 0xe0, 0x6a, 0xbe, 0xaa, 0x40,
    0x0, 0xd0, 0x0, 0x0, 0x7, 0x40, 0x0, 0x0,
    0x2c, 0x0, 0x0, 0x3f, 0xff, 0xfc, 0x0, 0x6b,
    0xea, 0xf0, 0x0, 0xd, 0x2, 0xc0, 0x0, 0x74,
    0xb, 0x0, 0x2, 0xc0, 0x2c, 0x0, 0xb, 0x0,
    0xb0, 0xa, 0xbe, 0xab, 0xe8, 0x3f, 0xff, 0xff,
    0xf4,

    /* U+4EA7 "产" */
    0x0, 0x1, 0x0, 0x0, 0x0, 0x38, 0x0, 0xf,
    0xff, 0xff, 0xf0, 0x5b, 0x96, 0xe5, 0x0, 0x34,
    0x1c, 0x0, 0x6b, 0xeb, 0xe9, 0xf, 0xff, 0xff,
    0xf0, 0xe0, 0x0, 0x0, 0xe, 0x0, 0x0, 0x0,
    0xe0, 0x0, 0x0, 0xe, 0x0, 0x0, 0x0, 0xd0,
    0x0, 0x0, 0x2c, 0x0, 0x0, 0x3, 0x80, 0x0,
    0x0, 0x0, 0x0, 0x0, 0x0,

    /* U+4EAE "亮" */
    0x0, 0x5, 0x0, 0x0, 0x55, 0x6d, 0x55, 0x43,
    0xff, 0xff, 0xff, 0x0, 0x55, 0x55, 0x40, 0x3,
    0xff, 0xff, 0x0, 0xf, 0x0, 0x3c, 0x0, 0x3f,
    0xff, 0xf0, 0x5, 0x55, 0x55, 0x54, 0x3f, 0xff,
    0xff, 0xf0, 0xe0, 0x55, 0x42, 0xc1, 0xb, 0xff,
    0x81, 0x0, 0x2c, 0xe, 0x0, 0x0, 0xe0, 0x38,
    0x30, 0x1f, 0x0, 0xe2, 0xc3, 0xe0, 0x2, 0xfe,
    0x0, 0x0, 0x0, 0x0,

    /* U+4EC5 "仅" */
    0x1, 0x80, 0x0, 0x0, 0x2, 0xcf, 0xff, 0xf0,
    0x3, 0x8b, 0xaa, 0xf0, 0xb, 0x3, 0x40, 0xf0,
    0xf, 0x3, 0x80, 0xe0, 0x2f, 0x2, 0xc1, 0xd0,
    0x7f, 0x1, 0xd2, 0xc0, 0x2b, 0x0, 0xe3, 0x80,
    0xb, 0x0, 0x7f, 0x0, 0xb, 0x0, 0x3e, 0x0,
    0xb, 0x0, 0x3e, 0x0, 0xb, 0x0, 0xfb, 0x80,
    0xb, 0x3, 0xd2, 0xe0, 0xb, 0x1f, 0x40, 0xbc,
    0xb, 0xd, 0x0, 0x14, 0x0, 0x0, 0x0, 0x0,

    /* U+4ECD "仍" */
    0x1, 0x0, 0x0, 0x0, 0xd, 0xff, 0xfd, 0x0,
    0xb2, 0xba, 0xb4, 0x3, 0x81, 0xd1, 0xc0, 0x1e,
    0x7, 0x47, 0x0, 0xf8, 0x1d, 0x2c, 0xb, 0xe0,
    0x70, 0xff, 0x17, 0x81, 0xc1, 0x6c, 0xe, 0xb,
    0x0, 0x70, 0x38, 0x3c, 0x2, 0xc0, 0xe0, 0xe0,
    0xb, 0x3, 0x8b, 0x40, 0x2c, 0xe, 0x3c, 0x0,
    0xe0, 0x3b, 0xd0, 0x5b, 0x40, 0xea, 0x2, 0xfc,
    0x0, 0x0, 0x0, 0x0,

    /* U+4ECE "从" */
    0x0, 0x0, 0x0, 0x0, 0xb, 0x0, 0xb0, 0x0,
    0x2c, 0x2, 0xc0, 0x0, 0xb0, 0xb, 0x0, 0x2,
    0xc0, 0x2c, 0x0, 0xf, 0x0, 0xf0, 0x0, 0x38,
    0x3, 0xc0, 0x0, 0xf0, 0xf, 0x40, 0x3, 0xf0,
    0x7f, 0x0, 0x2d, 0xf2, 0xec, 0x0, 0xf1, 0xdf,
    0x38, 0x7, 0x41, 0xb4, 0xb0, 0x3c, 0x7, 0xc0,
    0xf2, 0xd0, 0x3c, 0x1, 0xd1, 0x0, 0x10, 0x1,
    0x0,

    /* U+4EEA "仪" */
    0x0, 0x0, 0x0, 0x0, 0x3, 0x3, 0x0, 0x0,
    0x2c, 0xe, 0xe, 0x0, 0xe6, 0x1d, 0x34, 0xb,
    0x2c, 0x35, 0xd0, 0x3c, 0x34, 0xb, 0x3, 0xf0,
    0xf0, 0x38, 0xf, 0xc1, 0xd1, 0xd0, 0xb, 0x3,
    0xcf, 0x0, 0x2c, 0x3, 0xf4, 0x0, 0xb0, 0xb,
    0xc0, 0x2, 0xc0, 0x7f, 0x80, 0xb, 0x7, 0xdb,
    0x80, 0x2c, 0xfc, 0xb, 0xd0, 0xb2, 0x40, 0x3,
    0x0, 0x0, 0x0, 0x0,

    /* U+4EF6 "件" */
    0x0, 0x0, 0x0, 0x0, 0x28, 0x7, 0x0, 0x3,
    0x9c, 0x70, 0x0, 0xb2, 0xeb, 0xa8, 0xe, 0x3f,
    0xff, 0xd3, 0xe7, 0x7, 0x0, 0xbe, 0xb0, 0x70,
    0x9, 0xe1, 0x7, 0x0, 0xe, 0x6a, 0xba, 0xa0,
    0xeb, 0xff, 0xff, 0xe, 0x0, 0x70, 0x0, 0xe0,
    0x7, 0x0, 0xe, 0x0, 0x70, 0x0, 0xe0, 0x7,
    0x0, 0xe, 0x0, 0x70, 0x0,

    /* U+4EFD "份" */
    0x0, 0x0, 0x0, 0x0, 0x7, 0x4e, 0x2c, 0x0,
    0x2c, 0x38, 0x70, 0x0, 0xe2, 0xc0, 0xf0, 0xf,
    0x1e, 0x1, 0xe0, 0x7c, 0xf0, 0x2, 0xd3, 0xf7,
    0xea, 0xab, 0x4e, 0xc3, 0xff, 0xf0, 0xb, 0x1,
    0xd2, 0xc0, 0x2c, 0x7, 0xb, 0x0, 0xb0, 0x3c,
    0x2c, 0x2, 0xc0, 0xe0, 0xb0, 0xb, 0xf, 0x2,
    0xc0, 0x2c, 0xf4, 0x5e, 0x0, 0xb2, 0x43, 0xf0,
    0x0, 0x0, 0x0, 0x0,

    /* U+4F11 "休" */
    0x0, 0x0, 0x0, 0x0, 0x7, 0x2, 0xc0, 0x0,
    0x2c, 0xb, 0x0, 0x0, 0xda, 0xbe, 0xa4, 0xb,
    0x3f, 0xff, 0xe0, 0x7c, 0xf, 0xf0, 0x3, 0xf0,
    0x3b, 0x90, 0xe, 0xc2, 0xad, 0xc0, 0xb, 0xc,
    0xb3, 0x80, 0x2c, 0xb2, 0xc7, 0x40, 0xb7, 0xb,
    0xf, 0x2, 0xe8, 0x2c, 0xc, 0xb, 0x0, 0xb0,
    0x0, 0x2c, 0x2, 0xc0, 0x0, 0xb0, 0xb, 0x0,
    0x0,

    /* U+4F1A "会" */
    0x0, 0x7, 0xc0, 0x0, 0x0, 0x7b, 0xd0, 0x0,
    0xb, 0x82, 0xe0, 0x1, 0xf4, 0x2, 0xf4, 0x3e,
    0xff, 0xff, 0xf8, 0x91, 0x55, 0x54, 0x90, 0x0,
    0x0, 0x0, 0x3, 0xff, 0xff, 0xfc, 0xa, 0xbe,
    0xaa, 0xa0, 0x1, 0xd0, 0x74, 0x0, 0xf, 0x0,
    0xf0, 0x0, 0xf5, 0x6b, 0xf0, 0x7, 0xff, 0xa9,
    0xd0, 0x0, 0x0, 0x1, 0x0,

    /* U+4F20 "传" */
    0x0, 0x0, 0x0, 0x0, 0x7, 0x2, 0xc0, 0x0,
    0x3d, 0xaf, 0xaa, 0x1, 0xeb, 0xff, 0xfc, 0xf,
    0x1, 0xc0, 0x0, 0xbd, 0xff, 0xff, 0xe7, 0xf1,
    0xb9, 0x55, 0x4a, 0xc1, 0xc0, 0x0, 0xb, 0xb,
    0xff, 0xf0, 0x2c, 0x15, 0x5b, 0x80, 0xb0, 0x10,
    0x3c, 0x2, 0xc1, 0xf7, 0xc0, 0xb, 0x1, 0xfd,
    0x0, 0x2c, 0x0, 0x7e, 0x0, 0xb0, 0x0, 0x34,
    0x0, 0x0, 0x0, 0x0,

    /* U+4F38 "伸" */
    0x0, 0x0, 0x0, 0x0, 0x28, 0xb, 0x0, 0x3,
    0x80, 0xb0, 0x0, 0xb3, 0xff, 0xff, 0xe, 0x39,
    0xb5, 0xb3, 0xe3, 0x4b, 0xb, 0xbe, 0x3f, 0xff,
    0xf5, 0xe3, 0x9b, 0x5b, 0xe, 0x34, 0xb0, 0xb0,
    0xe3, 0xff, 0xff, 0xe, 0x39, 0xb5, 0xb0, 0xe0,
    0xb, 0x0, 0xe, 0x0, 0xb0, 0x0, 0xe0, 0xb,
    0x0, 0xe, 0x0, 0xb0, 0x0, 0x0, 0x0, 0x0,

    /* U+4F4D "位" */
    0x0, 0x0, 0x0, 0x0, 0x7, 0x42, 0xc0, 0x0,
    0x3c, 0x7, 0x40, 0x1, 0xdf, 0xff, 0xfc, 0xf,
    0x15, 0x55, 0x50, 0xbc, 0x10, 0x6, 0x7, 0xf0,
    0xe0, 0x1c, 0xa, 0xc2, 0xc0, 0xb0, 0xb, 0x7,
    0x3, 0x80, 0x2c, 0xd, 0xd, 0x0, 0xb0, 0x34,
    0x70, 0x2, 0xc0, 0xe3, 0xc0, 0xb, 0x2a, 0xaf,
    0xa4, 0x2c, 0xff, 0xff, 0xe0, 0xb0, 0x0, 0x0,
    0x0,

    /* U+4F4E "低" */
    0x0, 0x0, 0x0, 0x0, 0x7, 0x0, 0x6f, 0x80,
    0x3d, 0xff, 0xf4, 0x1, 0xdb, 0x53, 0x40, 0xf,
    0x2c, 0xe, 0x0, 0x7c, 0xb0, 0x38, 0x3, 0xf2,
    0xff, 0xff, 0x4a, 0xcb, 0x57, 0xd4, 0xb, 0x2c,
    0xb, 0x0, 0x2c, 0xb0, 0x2c, 0x0, 0xb2, 0xc0,
    0x70, 0x2, 0xcb, 0x0, 0xda, 0xb, 0x2e, 0x76,
    0xa8, 0x2c, 0xfc, 0xf7, 0xd0, 0xb2, 0x40, 0xcb,
    0x0, 0x0, 0x0, 0x0,

    /* U+4F53 "体" */
    0x0, 0x0, 0x0, 0x0, 0xa, 0x2, 0xc0, 0x0,
    0x3c, 0xb, 0x0, 0x1, 0xdf, 0xff, 0xfc, 0xe,
    0x2b, 0xfe, 0xa0, 0xb8, 0xf, 0xf4, 0x7, 0xe0,
    0x7b, 0x70, 0x1b, 0x83, 0xac, 0xd0, 0xe, 0x1c,
    0xb2, 0xc0, 0x38, 0xe2, 0xc3, 0x80, 0xef, 0xbf,
    0xf7, 0x43, 0xa5, 0xbe, 0x88, 0xe, 0x0, 0xb0,
    0x0, 0x38, 0x2, 0xc0, 0x0, 0xe0, 0xb, 0x0,
    0x0,

    /* U+4F59 "余" */
    0x0, 0x7, 0xc0, 0x0, 0x0, 0xbb, 0xe0, 0x0,
    0x2f, 0x42, 0xf4, 0xb, 0xf5, 0x56, 0xfd, 0x39,
    0xff, 0xff, 0x74, 0x0, 0xe, 0x0, 0x0, 0xaa,
    0xbe, 0xaa, 0x7, 0xff, 0xff, 0xfc, 0x0, 0x3,
    0x80, 0x0, 0x3, 0x4e, 0x2c, 0x0, 0x2c, 0x38,
    0x3c, 0x2, 0xd0, 0xe0, 0x78, 0x1e, 0x17, 0x80,
    0xb0, 0x10, 0xfc, 0x0, 0x0,

    /* U+4F5C "作" */
    0x0, 0x41, 0x40, 0x0, 0x7, 0x4e, 0x0, 0x0,
    0x3c, 0xba, 0xaa, 0x1, 0xd3, 0xff, 0xfd, 0xf,
    0x2d, 0xe0, 0x0, 0xbc, 0xf3, 0x80, 0x7, 0xfb,
    0xf, 0xfe, 0xa, 0xc4, 0x3e, 0xa4, 0xb, 0x0,
    0xe0, 0x0, 0x2c, 0x3, 0x80, 0x0, 0xb0, 0xf,
    0xfe, 0x2, 0xc0, 0x3e, 0xa4, 0xb, 0x0, 0xe0,
    0x0, 0x2c, 0x3, 0x80, 0x0, 0xb0, 0xe, 0x0,
    0x0,

    /* U+4FDD "保" */
    0x0, 0x40, 0x0, 0x0, 0xb, 0x3f, 0xff, 0x0,
    0x3c, 0xfa, 0xbc, 0x1, 0xd3, 0x80, 0xb0, 0xf,
    0xe, 0x2, 0xc0, 0xbc, 0x3f, 0xff, 0x7, 0xf0,
    0xab, 0xa8, 0xa, 0xca, 0xae, 0xa8, 0xb, 0x3f,
    0xff, 0xf4, 0x2c, 0xe, 0xec, 0x0, 0xb0, 0xb7,
    0x74, 0x2, 0xc7, 0x4c, 0x74, 0xb, 0x78, 0x30,
    0xf4, 0x2c, 0xc0, 0xc0, 0xc0, 0xb0, 0x3, 0x0,
    0x0,

    /* U+4FE1 "信" */
    0x0, 0x0, 0x0, 0x0, 0x34, 0xe, 0x0, 0x7,
    0xaa, 0xfa, 0xa0, 0xff, 0xff, 0xff, 0x1e, 0x5,
    0x55, 0x3, 0xe2, 0xff, 0xf8, 0xbe, 0x5, 0x55,
    0x5, 0xe2, 0xff, 0xf8, 0xe, 0x0, 0x0, 0x0,
    0xe3, 0xff, 0xfc, 0xe, 0x3d, 0x56, 0xc0, 0xe3,
    0x80, 0x1c, 0xe, 0x3d, 0x56, 0xc0, 0xe3, 0xff,
    0xfc, 0xe, 0x38, 0x1, 0xc0,

    /* U+503C "值" */
    0x0, 0x0, 0x0, 0x0, 0xa, 0x1, 0xd0, 0x0,
    0x3b, 0xff, 0xff, 0x1, 0xc0, 0x1d, 0x0, 0xf,
    0xf, 0xff, 0xc0, 0x7c, 0x39, 0x5b, 0x3, 0xf0,
    0xe0, 0x1c, 0xe, 0xc3, 0xff, 0xf0, 0xb, 0xe,
    0x1, 0xc0, 0x2c, 0x3f, 0xff, 0x0, 0xb0, 0xe0,
    0x2c, 0x2, 0xc3, 0xff, 0xf0, 0xb, 0x1e, 0x56,
    0xd0, 0x2e, 0xff, 0xff, 0xd0, 0xb0, 0x0, 0x0,
    0x0,

    /* U+503E "倾" */
    0x0, 0x0, 0x0, 0x0, 0xe, 0xc3, 0xff, 0xe0,
    0x77, 0xa, 0xfa, 0x43, 0x9c, 0x2, 0xc0, 0x1e,
    0x74, 0xbf, 0xf4, 0xf9, 0xfa, 0xc5, 0xd7, 0xe7,
    0x4b, 0x77, 0x43, 0x9c, 0x2d, 0xdd, 0xe, 0x70,
    0xb7, 0x74, 0x39, 0xc2, 0xdd, 0xd0, 0xe7, 0xfb,
    0xb3, 0x43, 0xaf, 0x43, 0x90, 0xe, 0x50, 0x2d,
    0xe0, 0x38, 0x7, 0xe1, 0xd0, 0xe0, 0x1d, 0x2,
    0x40, 0x0, 0x0, 0x0,

    /* U+504F "偏" */
    0x0, 0x0, 0x10, 0x0, 0xd, 0x1, 0xd0, 0x0,
    0xb7, 0xff, 0xff, 0x3, 0x8e, 0x55, 0x6c, 0x1d,
    0x34, 0x0, 0xb0, 0xf4, 0xff, 0xff, 0xc7, 0xd3,
    0x0, 0x0, 0x3, 0x4f, 0xff, 0xfc, 0xd, 0x7b,
    0x37, 0x70, 0x35, 0xec, 0xcd, 0xc0, 0xdb, 0xbf,
    0xff, 0x3, 0x7a, 0xcd, 0xdc, 0xe, 0xdb, 0x33,
    0x70, 0x3f, 0x2c, 0xcd, 0xc0, 0xe8, 0xa3, 0x3e,
    0x0,

    /* U+505C "停" */
    0x0, 0x0, 0x0, 0x0, 0xe, 0x3, 0x80, 0x0,
    0x7f, 0xff, 0xff, 0x2, 0xc5, 0x55, 0x54, 0xe,
    0x1f, 0xff, 0xc0, 0xb8, 0x70, 0xb, 0x7, 0xe1,
    0xff, 0xfc, 0x1b, 0x85, 0x55, 0x54, 0xe, 0xbf,
    0xff, 0xf0, 0x3a, 0xc0, 0x1, 0xc0, 0xe7, 0xff,
    0xfe, 0x3, 0x80, 0x1c, 0x0, 0xe, 0x0, 0x70,
    0x0, 0x38, 0xb, 0xc0, 0x0, 0xe0, 0x3e, 0x0,
    0x0,

    /* U+50A8 "储" */
    0x0, 0x0, 0x0, 0x0, 0xd, 0xd0, 0x34, 0x10,
    0x73, 0xdb, 0xff, 0x83, 0x83, 0x43, 0xac, 0x1e,
    0x0, 0xe, 0xe0, 0xfb, 0xf3, 0xff, 0xe7, 0xeb,
    0xc5, 0xf9, 0x4b, 0x8b, 0xb, 0xd4, 0xe, 0x2d,
    0xff, 0xf0, 0x38, 0xb2, 0xd1, 0xc0, 0xe2, 0xe3,
    0xff, 0x3, 0x8b, 0xdd, 0x1c, 0xe, 0x2d, 0x39,
    0xb0, 0x38, 0xa0, 0xff, 0xc0, 0xe0, 0x3, 0x47,
    0x0,

    /* U+5145 "充" */
    0x0, 0x0, 0x0, 0x0, 0x0, 0x2c, 0x0, 0x1,
    0x55, 0xb9, 0x55, 0xf, 0xff, 0xff, 0xfc, 0x0,
    0x74, 0x4, 0x0, 0x3, 0xc0, 0x74, 0x0, 0x2c,
    0x0, 0xf0, 0x2, 0xff, 0xff, 0xf0, 0x6, 0xf9,
    0xf1, 0xc0, 0x1, 0xc3, 0xc0, 0x0, 0xb, 0xf,
    0x0, 0x0, 0x38, 0x3c, 0x8, 0x3, 0xc0, 0xb0,
    0x34, 0x7d, 0x2, 0xe6, 0xc2, 0xc0, 0x3, 0xfe,
    0x0, 0x0, 0x0, 0x0,

    /* U+5148 "先" */
    0x2, 0x43, 0x40, 0x0, 0xe, 0xd, 0x0, 0x0,
    0xbf, 0xff, 0xfc, 0x7, 0xea, 0xea, 0xa0, 0x2c,
    0x3, 0x40, 0x0, 0xaa, 0xae, 0xaa, 0x83, 0xff,
    0xff, 0xff, 0x0, 0x1d, 0x1d, 0x0, 0x0, 0x70,
    0x74, 0x0, 0x3, 0xc1, 0xd0, 0x0, 0x1e, 0x7,
    0x43, 0x41, 0xf0, 0x1d, 0x1c, 0x2f, 0x40, 0x3e,
    0xb0, 0xf0, 0x0, 0xbf, 0x80, 0x0, 0x0, 0x0,
    0x0,

    /* U+5149 "光" */
    0x0, 0x7, 0x40, 0x0, 0x3c, 0x1d, 0xf, 0x0,
    0x78, 0x74, 0x74, 0x0, 0xb1, 0xd3, 0xc0, 0x0,
    0x47, 0x44, 0x0, 0xff, 0xff, 0xff, 0xc2, 0xab,
    0xaf, 0xaa, 0x0, 0x1c, 0x2c, 0x0, 0x0, 0xb0,
    0xb0, 0x0, 0x3, 0xc2, 0xc0, 0x80, 0x2d, 0xb,
    0x3, 0x43, 0xe0, 0x2d, 0x6c, 0x3e, 0x0, 0x7f,
    0xf0, 0x40, 0x0, 0x0, 0x0,

    /* U+5165 "入" */
    0x0, 0x0, 0x0, 0x0, 0x1, 0xd0, 0x0, 0x0,
    0x2, 0xc0, 0x0, 0x0, 0x3, 0xc0, 0x0, 0x0,
    0xb, 0x40, 0x0, 0x0, 0x3e, 0x0, 0x0, 0x0,
    0xec, 0x0, 0x0, 0xb, 0x38, 0x0, 0x0, 0x38,
    0x70, 0x0, 0x3, 0xc0, 0xf0, 0x0, 0x2d, 0x1,
    0xe0, 0x2, 0xe0, 0x2, 0xd0, 0x3e, 0x0, 0x3,
    0xe0, 0xe0, 0x0, 0x2, 0xc0, 0x0, 0x0, 0x0,
    0x0,

    /* U+5168 "全" */
    0x0, 0x7, 0x80, 0x0, 0x0, 0xbb, 0xc0, 0x0,
    0xf, 0x43, 0xd0, 0x2, 0xf4, 0x2, 0xe0, 0x3f,
    0xaa, 0xab, 0xf4, 0x8b, 0xff, 0xfc, 0x80, 0x0,
    0x34, 0x0, 0x0, 0x0, 0xd0, 0x0, 0x7, 0xff,
    0xff, 0x80, 0xa, 0xae, 0xa9, 0x0, 0x0, 0x34,
    0x0, 0x6, 0xaa, 0xfa, 0xa8, 0x2f, 0xff, 0xff,
    0xf0,

    /* U+516C "公" */
    0x0, 0x0, 0x0, 0x0, 0x2, 0x80, 0xd0, 0x0,
    0xe, 0x3, 0xc0, 0x0, 0x70, 0x7, 0x40, 0x3,
    0xc0, 0xf, 0x0, 0x2c, 0x0, 0x1e, 0x1, 0xe0,
    0xb0, 0x2e, 0xf, 0x3, 0x80, 0x3c, 0x10, 0x2c,
    0x0, 0x10, 0x0, 0xd0, 0xb0, 0x0, 0xf, 0x1,
    0xd0, 0x0, 0xb4, 0x3, 0xc0, 0xb, 0xea, 0xff,
    0x40, 0x2f, 0xfa, 0x5f, 0x0, 0x0, 0x0, 0x14,
    0x0,

    /* U+516D "六" */
    0x0, 0x0, 0x0, 0x0, 0x0, 0x74, 0x0, 0x0,
    0x0, 0xb8, 0x0, 0x0, 0x0, 0xb0, 0x0, 0x2a,
    0xaa, 0xaa, 0xa0, 0xff, 0xff, 0xff, 0xc0, 0x0,
    0x0, 0x0, 0x0, 0x14, 0x5, 0x0, 0x0, 0xf0,
    0x2c, 0x0, 0x7, 0x40, 0x3c, 0x0, 0x3c, 0x0,
    0x74, 0x2, 0xd0, 0x0, 0xf0, 0x2e, 0x0, 0x1,
    0xe0, 0xf0, 0x0, 0x3, 0xc0, 0x0, 0x0, 0x0,
    0x0,

    /* U+5171 "共" */
    0x0, 0xb0, 0x1c, 0x0, 0x2, 0xc0, 0x70, 0x0,
    0xaf, 0xaa, 0xe9, 0x3, 0xff, 0xff, 0xfc, 0x0,
    0xb0, 0x1c, 0x0, 0x2, 0xc0, 0x70, 0x0, 0xb,
    0x1, 0xc0, 0xf, 0xff, 0xff, 0xfe, 0x2a, 0xaa,
    0xaa, 0xa4, 0x1, 0xd0, 0xb4, 0x0, 0x2f, 0x0,
    0xf8, 0x7, 0xe0, 0x0, 0xbc, 0x2d, 0x0, 0x0,
    0xb0, 0x0, 0x0, 0x0, 0x0,

    /* U+5173 "关" */
    0x0, 0x0, 0x4, 0x0, 0x7, 0x80, 0x74, 0x0,
    0xb, 0x3, 0xc0, 0x2, 0xae, 0xaf, 0xa0, 0xf,
    0xff, 0xff, 0xc0, 0x0, 0x1d, 0x0, 0x0, 0x0,
    0x70, 0x0, 0xa, 0xab, 0xea, 0xa8, 0x3f, 0xff,
    0xff, 0xf0, 0x0, 0x3f, 0x0, 0x0, 0x3, 0xcf,
    0x0, 0x0, 0x3d, 0x1f, 0x0, 0xb, 0xd0, 0x1f,
    0x90, 0xf8, 0x0, 0xb, 0xc0, 0x0, 0x0, 0x1,
    0x0,

    /* U+5176 "其" */
    0x7, 0x40, 0x3c, 0xb, 0xff, 0xff, 0xfd, 0x5b,
    0x95, 0x7d, 0x40, 0x74, 0x3, 0xc0, 0x7, 0xff,
    0xfc, 0x0, 0x74, 0x3, 0xc0, 0x7, 0xff, 0xfc,
    0x0, 0x74, 0x3, 0xc0, 0x57, 0x95, 0x7d, 0x4f,
    0xff, 0xff, 0xfe, 0x1, 0x80, 0x64, 0x1, 0xbc,
    0xb, 0xe0, 0xbd, 0x0, 0x7, 0xc1, 0x0, 0x0,
    0x4,

    /* U+5177 "具" */
    0x3, 0xff, 0xff, 0x0, 0xe, 0x55, 0x6c, 0x0,
    0x34, 0x0, 0x70, 0x0, 0xff, 0xff, 0xc0, 0x3,
    0x40, 0x7, 0x0, 0xf, 0xff, 0xfc, 0x0, 0x34,
    0x0, 0x70, 0x0, 0xff, 0xff, 0xc0, 0x3, 0x40,
    0x7, 0x0, 0x6e, 0x55, 0x6e, 0x43, 0xff, 0xff,
    0xff, 0x0, 0xbc, 0xf, 0x90, 0x2f, 0x80, 0x7,
    0xf0, 0x60, 0x0, 0x1, 0x40,

    /* U+5185 "内" */
    0x0, 0xe, 0x0, 0x0, 0x3, 0x80, 0xb, 0xff,
    0xff, 0xfa, 0xea, 0xba, 0xae, 0xb0, 0x1c, 0x3,
    0xac, 0xf, 0x80, 0xeb, 0x7, 0xf8, 0x3a, 0xc3,
    0xcb, 0x4e, 0xb3, 0xd0, 0xf7, 0xad, 0xd0, 0xd,
    0xeb, 0x0, 0x0, 0x3a, 0xc0, 0x0, 0xe, 0xb0,
    0x0, 0xbf, 0xac, 0x0, 0x1f, 0x80,

    /* U+518D "再" */
    0xbf, 0xff, 0xff, 0xc5, 0x55, 0xf5, 0x54, 0x0,
    0xe, 0x0, 0x1, 0xff, 0xff, 0xf0, 0x1d, 0x5e,
    0x5b, 0x1, 0xd5, 0xe5, 0xb0, 0x1f, 0xff, 0xff,
    0x1, 0xc0, 0xe0, 0xb0, 0x6e, 0x6f, 0x5f, 0x4f,
    0xff, 0xff, 0xfe, 0x1c, 0x0, 0xb, 0x1, 0xc0,
    0x0, 0xb0, 0x1c, 0x0, 0x1f, 0x1, 0xc0, 0x3,
    0xd0, 0x0, 0x0, 0x0, 0x0,

    /* U+5199 "写" */
    0xbf, 0xff, 0xff, 0xed, 0x95, 0x55, 0xfb, 0x2c,
    0x0, 0x3d, 0x4f, 0x55, 0x55, 0x3, 0xff, 0xf8,
    0x1, 0xc0, 0x0, 0x0, 0xb5, 0x55, 0x50, 0x3f,
    0xff, 0xfc, 0x0, 0x0, 0xb, 0x3f, 0xff, 0xf2,
    0xca, 0xaa, 0xa8, 0xb0, 0x0, 0x0, 0x3c, 0x0,
    0x1, 0x6e, 0x0, 0x0, 0xfe, 0x0,

    /* U+51C6 "准" */
    0x0, 0x0, 0x10, 0x0, 0x90, 0x38, 0xf0, 0x3,
    0xc0, 0xd1, 0xc0, 0x3, 0x8b, 0xff, 0xfc, 0xb,
    0x3d, 0x7d, 0x50, 0x2, 0xf0, 0xb0, 0x0, 0xf,
    0xff, 0xff, 0x0, 0x1b, 0x5b, 0x54, 0x7, 0x2c,
    0x2c, 0x0, 0x3c, 0xbf, 0xff, 0xc0, 0xe2, 0xd6,
    0xd5, 0x7, 0x4b, 0xb, 0x0, 0x3c, 0x2d, 0x6d,
    0x50, 0xe0, 0xbf, 0xff, 0xd2, 0x42, 0xc0, 0x0,
    0x0,

    /* U+51FA "出" */
    0x14, 0xe, 0x5, 0xf, 0x3, 0x82, 0xc3, 0xc0,
    0xe0, 0xb0, 0xf0, 0x38, 0x2c, 0x3e, 0xaf, 0xaf,
    0xf, 0xff, 0xff, 0xc0, 0x0, 0xe0, 0x0, 0x0,
    0x38, 0x0, 0xb0, 0xe, 0x3, 0xec, 0x3, 0x80,
    0xfb, 0x0, 0xe0, 0x3e, 0xea, 0xbe, 0xaf, 0xbf,
    0xff, 0xff, 0xec, 0x0, 0x0, 0xf0,

    /* U+51FB "击" */
    0x0, 0x7, 0x40, 0x0, 0x15, 0x5d, 0x55, 0x0,
    0xff, 0xff, 0xfc, 0x0, 0x1, 0xd0, 0x0, 0x0,
    0x7, 0x40, 0x0, 0xaa, 0xae, 0xaa, 0x83, 0xff,
    0xff, 0xff, 0x0, 0x1, 0xd0, 0x0, 0xa, 0x7,
    0x42, 0x80, 0x38, 0x1d, 0xb, 0x0, 0xe0, 0x74,
    0x2c, 0x3, 0xd6, 0xe5, 0xf0, 0xf, 0xff, 0xff,
    0xc0, 0x38, 0x0, 0xb, 0x0,

    /* U+5206 "分" */
    0x0, 0x0, 0x0, 0x0, 0x1, 0x80, 0xc0, 0x0,
    0xf, 0x3, 0x80, 0x0, 0xb4, 0x7, 0x40, 0xb,
    0x80, 0xf, 0x40, 0xb8, 0x0, 0xf, 0x47, 0x95,
    0x55, 0x6f, 0x1, 0xff, 0xff, 0xc0, 0x0, 0x3c,
    0xb, 0x0, 0x0, 0xd0, 0x2c, 0x0, 0xb, 0x0,
    0xb0, 0x0, 0x38, 0x3, 0x80, 0x3, 0xc0, 0xe,
    0x0, 0x7d, 0x15, 0xf4, 0x1, 0xc0, 0xff, 0x80,
    0x0, 0x0, 0x0, 0x0,

    /* U+5212 "划" */
    0x0, 0x0, 0x0, 0x0, 0xb3, 0x80, 0xb, 0xb,
    0x1d, 0x2c, 0xb0, 0x70, 0x42, 0xcb, 0xb, 0xaf,
    0x6c, 0xb3, 0xff, 0xa2, 0xcb, 0x17, 0x46, 0x2c,
    0xb0, 0x34, 0xf2, 0xcb, 0x3, 0xad, 0x2c, 0xb0,
    0x2f, 0x82, 0xcb, 0x2, 0xf0, 0x2c, 0xb0, 0xbe,
    0x1c, 0xb, 0x3f, 0xb2, 0xc0, 0xb3, 0x83, 0xf8,
    0x5f, 0x0, 0xf, 0xf, 0xe0, 0x0, 0x0, 0x0,

    /* U+5217 "列" */
    0x3f, 0xff, 0x40, 0xb2, 0xbe, 0xa3, 0xcb, 0x3,
    0x40, 0x3c, 0xb0, 0x7f, 0xe3, 0xcb, 0xb, 0xaf,
    0x3c, 0xb1, 0xd0, 0xe3, 0xcb, 0x3f, 0xd, 0x3c,
    0xb3, 0x7f, 0xc3, 0xcb, 0x0, 0xb8, 0x3c, 0xb0,
    0xf, 0x3, 0xcb, 0x2, 0xe0, 0x0, 0xb0, 0xbc,
    0x0, 0xb, 0x3f, 0x0, 0x5, 0xf2, 0x80, 0x0,
    0xfd, 0x0, 0x0, 0x0, 0x0,

    /* U+5220 "删" */
    0x1f, 0xcf, 0xd0, 0x70, 0x77, 0x37, 0x69, 0xc1,
    0xcc, 0xcd, 0xa7, 0x7, 0x33, 0x36, 0x9c, 0x1c,
    0xcc, 0xda, 0x70, 0xfb, 0xbb, 0xe9, 0xc3, 0xff,
    0xff, 0xa7, 0x7, 0x33, 0x36, 0x9c, 0x2c, 0xcc,
    0xda, 0x70, 0xa3, 0x73, 0x69, 0xc3, 0x8d, 0xcd,
    0x7, 0xd, 0x3b, 0x34, 0x1c, 0x31, 0xe8, 0xd0,
    0xb0, 0x8f, 0x5f, 0x1f, 0x80, 0x0, 0x0, 0x0,
    0x0,

    /* U+5230 "到" */
    0x3f, 0xff, 0x80, 0xb1, 0x7d, 0x95, 0xcb, 0x7,
    0x4d, 0x1c, 0xb0, 0xe0, 0xf1, 0xcb, 0x3f, 0xff,
    0x9c, 0xb3, 0xa9, 0x29, 0xcb, 0x0, 0xe0, 0x1c,
    0xb1, 0x5f, 0x51, 0xcb, 0x2f, 0xff, 0x1c, 0xb0,
    0xe, 0x1, 0xcb, 0x0, 0xe0, 0x0, 0xb0, 0xf,
    0xb8, 0xb, 0x2f, 0xff, 0x49, 0xf3, 0xe5, 0x0,
    0xfe,

    /* U+5236 "制" */
    0x8, 0xb0, 0x0, 0xb1, 0xef, 0x51, 0xcb, 0x3f,
    0xff, 0x9c, 0xb3, 0x4b, 0x1, 0xcb, 0x25, 0xf5,
    0x5c, 0xb3, 0xff, 0xfd, 0xcb, 0x0, 0xb0, 0x1c,
    0xb2, 0xff, 0xfd, 0xcb, 0x2d, 0xf7, 0xdc, 0xb2,
    0xcb, 0x2d, 0xcb, 0x2c, 0xb2, 0xc0, 0xb2, 0xcb,
    0xb8, 0xb, 0x4, 0xb1, 0x5, 0xf0, 0xb, 0x0,
    0xfe,

    /* U+524D "前" */
    0x0, 0x0, 0x0, 0x0, 0x1d, 0x3, 0xc0, 0x6a,
    0xfa, 0xbe, 0xab, 0xff, 0xff, 0xff, 0x0, 0x0,
    0x0, 0x42, 0xff, 0xc1, 0x1c, 0x2c, 0x1c, 0xb1,
    0xc2, 0xea, 0xcb, 0x1c, 0x2f, 0xfc, 0xb1, 0xc2,
    0xc1, 0xcb, 0x1c, 0x2f, 0xfc, 0xb1, 0xc2, 0xea,
    0xcb, 0x1c, 0x2c, 0x1c, 0x1, 0xc2, 0xcb, 0xc1,
    0xbc, 0x2c, 0xb8, 0x1f, 0x40,

    /* U+5256 "剖" */
    0x0, 0x0, 0x0, 0x0, 0xe, 0x0, 0xb, 0x3f,
    0xff, 0x9c, 0xb1, 0x55, 0x51, 0xcb, 0xe, 0xb,
    0x1c, 0xb0, 0x70, 0xe1, 0xcb, 0x3f, 0xff, 0xdc,
    0xb1, 0x55, 0x55, 0xcb, 0x5, 0x55, 0x1c, 0xb0,
    0xff, 0xf5, 0xcb, 0xd, 0x3, 0x5c, 0xb0, 0xd0,
    0x34, 0xb, 0xf, 0xff, 0x40, 0xb0, 0xe5, 0xb4,
    0x5f, 0xd, 0x3, 0x4f, 0xe0,

    /* U+5269 "剩" */
    0x0, 0x0, 0x0, 0x1, 0xff, 0xf4, 0xb, 0x0,
    0xba, 0x40, 0xb3, 0xff, 0xfc, 0xdb, 0x16, 0xb6,
    0x4d, 0xb1, 0xbb, 0xb4, 0xdb, 0x3f, 0xbb, 0xdd,
    0xb0, 0xbb, 0xb4, 0xdb, 0x3f, 0xbb, 0xed, 0xb2,
    0x6f, 0x7c, 0xdb, 0x2, 0xfc, 0xd, 0xb0, 0xbf,
    0xf4, 0xdb, 0x3d, 0xb3, 0xc0, 0xb3, 0x4b, 0x0,
    0x2f, 0x0, 0xb0, 0x3, 0xd0,

    /* U+529F "功" */
    0x0, 0x0, 0xb0, 0x7, 0xff, 0xb, 0x0, 0x6f,
    0xa6, 0xfa, 0x90, 0xb0, 0xff, 0xfe, 0xb, 0x0,
    0xb0, 0xe0, 0xb0, 0xb, 0xe, 0xb, 0x0, 0xf0,
    0xe0, 0xb0, 0xe, 0xe, 0xb, 0x0, 0xd0, 0xe0,
    0xbb, 0x1c, 0xd, 0x7f, 0xe3, 0xc0, 0xd7, 0x90,
    0x74, 0xd, 0x0, 0xf, 0x17, 0xd0, 0x1, 0xc2,
    0xf8, 0x0, 0x0, 0x0, 0x0,

    /* U+52A0 "加" */
    0x3, 0x80, 0x0, 0x0, 0x38, 0x6, 0xaa, 0x3f,
    0xfe, 0xba, 0xf2, 0xbe, 0xeb, 0xb, 0x3, 0x8e,
    0xb0, 0xb0, 0x38, 0xeb, 0xb, 0x3, 0x4e, 0xb0,
    0xb0, 0x74, 0xeb, 0xb, 0xb, 0xe, 0xb0, 0xb0,
    0xf0, 0xdb, 0xb, 0xe, 0xd, 0xb0, 0xb2, 0xd0,
    0xdb, 0xff, 0x7c, 0x2d, 0xba, 0xf3, 0x4f, 0x8b,
    0xb, 0x0, 0x0, 0x0, 0x0,

    /* U+52A8 "动" */
    0xa, 0xa8, 0x2c, 0x0, 0x7f, 0xf0, 0xb0, 0x0,
    0x0, 0xb, 0xea, 0x40, 0x0, 0x2f, 0xfe, 0x2a,
    0xa9, 0x2c, 0x38, 0xff, 0xf8, 0xb0, 0xe0, 0x74,
    0x2, 0xc3, 0x82, 0xc9, 0xf, 0xe, 0xf, 0x3c,
    0x38, 0x38, 0x34, 0x74, 0xd0, 0xe1, 0xdb, 0xe7,
    0x3, 0x4f, 0xfa, 0xfc, 0xd, 0x29, 0x2, 0xd5,
    0xb4, 0x0, 0xa, 0x2f, 0x80, 0x0, 0x0, 0x0,
    0x0,

    /* U+52FE "勾" */
    0x1, 0x40, 0x0, 0x0, 0xe0, 0x0, 0x0, 0x7a,
    0xaa, 0xa4, 0x3f, 0xff, 0xfe, 0x2d, 0x0, 0x3,
    0xae, 0x28, 0x0, 0xe6, 0xe, 0x0, 0x38, 0x7,
    0x4c, 0xe, 0x3, 0xc3, 0x43, 0x80, 0xd0, 0xb0,
    0xe0, 0xf6, 0xfd, 0x38, 0x7f, 0xeb, 0xcd, 0x5,
    0x0, 0x3, 0x40, 0x0, 0x56, 0xc0, 0x0, 0x1f,
    0xe0, 0x0, 0x0, 0x0,

    /* U+52FF "勿" */
    0x0, 0x0, 0x0, 0x0, 0xe, 0x0, 0x0, 0x1,
    0xd0, 0x0, 0x0, 0x3f, 0xff, 0xfe, 0xf, 0xae,
    0xba, 0xe3, 0xd2, 0xc7, 0xe, 0x14, 0x34, 0xb0,
    0xe0, 0xf, 0xe, 0xe, 0x2, 0xd1, 0xd0, 0xe0,
    0xb8, 0x3c, 0xe, 0x3e, 0x7, 0x40, 0xe1, 0x41,
    0xe0, 0xd, 0x0, 0xbc, 0x0, 0xd0, 0x3e, 0x5,
    0x7c, 0x3, 0x40, 0xbf, 0x80, 0x0, 0x0, 0x0,

    /* U+5316 "化" */
    0x0, 0x0, 0x0, 0x0, 0x1, 0xdb, 0x0, 0x0,
    0xf, 0x2c, 0x0, 0x0, 0x78, 0xb0, 0x38, 0x3,
    0xc2, 0xc3, 0xd0, 0x3e, 0xb, 0x7d, 0x3, 0xf8,
    0x2f, 0xc0, 0xd, 0xe2, 0xf8, 0x0, 0x13, 0xaf,
    0xc0, 0x0, 0xe, 0x1b, 0x0, 0x0, 0x38, 0x2c,
    0x0, 0x0, 0xe0, 0xb0, 0xd, 0x3, 0x82, 0xc0,
    0x34, 0xe, 0xb, 0x96, 0xc0, 0x38, 0xf, 0xfe,
    0x0,

    /* U+5317 "北" */
    0x0, 0x38, 0xb0, 0x0, 0x0, 0xe2, 0xc0, 0x0,
    0x3, 0x8b, 0x0, 0x5, 0x5e, 0x2c, 0x2c, 0x3f,
    0xf8, 0xbb, 0xd0, 0x0, 0xe2, 0xf4, 0x0, 0x3,
    0x8b, 0x0, 0x0, 0xe, 0x2c, 0x0, 0x0, 0x38,
    0xb0, 0x0, 0x0, 0xe2, 0xc0, 0x40, 0x1f, 0x8b,
    0x3, 0x4b, 0xfe, 0x2c, 0xd, 0x39, 0x38, 0xb9,
    0xb4, 0x0, 0xe0, 0xff, 0x80,

    /* U+533A "区" */
    0xbf, 0xff, 0xff, 0x8b, 0xaa, 0xaa, 0xa4, 0xb0,
    0x40, 0x28, 0xb, 0x2e, 0x3, 0xc0, 0xb0, 0xb8,
    0xb4, 0xb, 0x2, 0xfe, 0x0, 0xb0, 0xb, 0xc0,
    0xb, 0x1, 0xff, 0x0, 0xb0, 0xbd, 0x7c, 0xb,
    0x3f, 0x1, 0xe0, 0xb2, 0x40, 0x4, 0xb, 0xaa,
    0xaa, 0xa8, 0xbf, 0xff, 0xff, 0xc0,

    /* U+5341 "十" */
    0x0, 0x7, 0x40, 0x0, 0x0, 0x1d, 0x0, 0x0,
    0x0, 0x74, 0x0, 0x0, 0x1, 0xd0, 0x0, 0x2a,
    0xab, 0xaa, 0xa0, 0xff, 0xff, 0xff, 0xd0, 0x0,
    0x74, 0x0, 0x0, 0x1, 0xd0, 0x0, 0x0, 0x7,
    0x40, 0x0, 0x0, 0x1d, 0x0, 0x0, 0x0, 0x74,
    0x0, 0x0, 0x1, 0xd0, 0x0, 0x0, 0x7, 0x40,
    0x0, 0x0, 0x1d, 0x0, 0x0,

    /* U+5347 "升" */
    0x0, 0x0, 0x0, 0x0, 0x0, 0x6c, 0xb0, 0x2,
    0xff, 0x92, 0xc0, 0x6, 0x7c, 0xb, 0x0, 0x0,
    0xf0, 0x2c, 0x0, 0x3, 0xc0, 0xb0, 0x3, 0xff,
    0xff, 0xff, 0xa, 0xbe, 0xaf, 0xa8, 0x0, 0xe0,
    0x2c, 0x0, 0x3, 0x40, 0xb0, 0x0, 0x1c, 0x2,
    0xc0, 0x0, 0xf0, 0xb, 0x0, 0xb, 0x40, 0x2c,
    0x0, 0xb8, 0x0, 0xb0, 0x2, 0x80, 0x2, 0xc0,
    0x0, 0x0, 0x0, 0x0,

    /* U+5355 "单" */
    0x0, 0x0, 0x0, 0x0, 0x3, 0xc0, 0xf0, 0x0,
    0x7, 0x43, 0x40, 0x2, 0xff, 0xff, 0xe0, 0xb,
    0x5b, 0x97, 0x80, 0x2d, 0x6e, 0x5e, 0x0, 0xbf,
    0xff, 0xf8, 0x2, 0xc1, 0xd0, 0xe0, 0xb, 0xff,
    0xff, 0x80, 0x15, 0x6e, 0x55, 0x2, 0xaa, 0xba,
    0xaa, 0xf, 0xff, 0xff, 0xfc, 0x0, 0x7, 0x40,
    0x0, 0x0, 0x1d, 0x0, 0x0, 0x0, 0x74, 0x0,
    0x0,

    /* U+5357 "南" */
    0x0, 0x1, 0x0, 0x0, 0x0, 0xe, 0x0, 0x3,
    0xff, 0xff, 0xff, 0x5, 0x56, 0xd5, 0x54, 0x5,
    0x5f, 0x55, 0x40, 0xbf, 0xff, 0xff, 0x82, 0xc1,
    0x2, 0xe, 0xb, 0xe, 0x2c, 0x38, 0x2c, 0xfd,
    0xfc, 0xe0, 0xb0, 0x1d, 0x3, 0x82, 0xc5, 0xb9,
    0x4e, 0xb, 0x7f, 0xff, 0x78, 0x2c, 0x7, 0x40,
    0xe0, 0xb0, 0x1d, 0x1b, 0x42, 0xc0, 0x74, 0xbc,
    0x0, 0x0, 0x0, 0x0,

    /* U+5360 "占" */
    0x0, 0xe0, 0x0, 0x0, 0xe0, 0x0, 0x0, 0xff,
    0xff, 0x0, 0xe5, 0x55, 0x0, 0xe0, 0x0, 0x0,
    0xe0, 0x0, 0xff, 0xff, 0xf8, 0xfa, 0xaa, 0xb8,
    0xe0, 0x0, 0x38, 0xe0, 0x0, 0x38, 0xe0, 0x0,
    0x38, 0xff, 0xff, 0xf8, 0xf5, 0x55, 0x78, 0xe0,
    0x0, 0x38, 0x0, 0x0, 0x0,

    /* U+5361 "卡" */
    0x0, 0xe, 0x0, 0x0, 0x0, 0x3e, 0xa8, 0x0,
    0x0, 0xff, 0xf4, 0x0, 0x3, 0x80, 0x0, 0x2a,
    0xaf, 0xaa, 0xa0, 0xff, 0xff, 0xff, 0xc0, 0x0,
    0xe0, 0x0, 0x0, 0x3, 0xc0, 0x0, 0x0, 0xf,
    0xe0, 0x0, 0x0, 0x3a, 0xf8, 0x0, 0x0, 0xe0,
    0xb8, 0x0, 0x3, 0x80, 0x40, 0x0, 0xe, 0x0,
    0x0, 0x0, 0x38, 0x0, 0x0,

    /* U+536B "卫" */
    0x3f, 0xff, 0xfe, 0x1, 0x5b, 0x95, 0xe0, 0x0,
    0x34, 0xe, 0x0, 0x3, 0x40, 0xe0, 0x0, 0x34,
    0xe, 0x0, 0x3, 0x40, 0xe0, 0x0, 0x34, 0xe,
    0x0, 0x3, 0x40, 0xe0, 0x0, 0x34, 0x5e, 0x0,
    0x3, 0x4f, 0xc0, 0x0, 0x34, 0x0, 0x0, 0x3,
    0x40, 0x0, 0x55, 0xb9, 0x55, 0x4f, 0xff, 0xff,
    0xfc,

    /* U+5373 "即" */
    0x2f, 0xfd, 0x3f, 0xf2, 0xd5, 0xd3, 0xef, 0x2c,
    0xd, 0x38, 0xb2, 0xff, 0xd3, 0x8b, 0x2d, 0x5d,
    0x38, 0xb2, 0xc0, 0xd3, 0x8b, 0x2f, 0xfd, 0x38,
    0xb2, 0xd5, 0x43, 0x8b, 0x2c, 0x4, 0x38, 0xb2,
    0xc2, 0xc3, 0x8b, 0x2c, 0x6e, 0x3b, 0xf2, 0xff,
    0xb3, 0x94, 0x3f, 0x43, 0x38, 0x1, 0x0, 0x3,
    0x80,

    /* U+5377 "卷" */
    0x0, 0x2, 0x40, 0x0, 0xe, 0xd, 0x1c, 0x0,
    0x1c, 0x70, 0xe0, 0x3, 0xff, 0xff, 0xf0, 0x5,
    0x6e, 0x55, 0x40, 0x55, 0xb5, 0x55, 0x43, 0xff,
    0xff, 0xff, 0x0, 0x7c, 0xb, 0x40, 0x7, 0xe5,
    0x5f, 0x40, 0xff, 0xff, 0xff, 0xc3, 0x4d, 0x2,
    0xc6, 0x0, 0x34, 0xbf, 0x10, 0x0, 0xd0, 0x1,
    0xc0, 0x3, 0x95, 0x5f, 0x0, 0xf, 0xff, 0xf8,
    0x0,

    /* U+5382 "厂" */
    0xf, 0xff, 0xff, 0xf0, 0xfa, 0xaa, 0xa9, 0xe,
    0x0, 0x0, 0x0, 0xe0, 0x0, 0x0, 0xe, 0x0,
    0x0, 0x0, 0xe0, 0x0, 0x0, 0xe, 0x0, 0x0,
    0x0, 0xd0, 0x0, 0x0, 0xd, 0x0, 0x0, 0x1,
    0xc0, 0x0, 0x0, 0x2c, 0x0, 0x0, 0x3, 0x80,
    0x0, 0x0, 0x30, 0x0, 0x0, 0x0, 0x0, 0x0,
    0x0,

    /* U+5386 "历" */
    0x2f, 0xff, 0xff, 0xf2, 0xea, 0xaa, 0xa9, 0x2c,
    0x1, 0x80, 0x2, 0xc0, 0x2c, 0x0, 0x2c, 0x56,
    0xd5, 0x42, 0xdf, 0xff, 0xfc, 0x2c, 0x3, 0xc2,
    0xc2, 0xc0, 0x38, 0x2c, 0x2c, 0x7, 0x42, 0xc3,
    0xc0, 0xb0, 0x2c, 0x38, 0x1e, 0x2, 0xc3, 0x47,
    0xc0, 0x38, 0xb2, 0xf0, 0x1b, 0x46, 0x28, 0x7,
    0xe0, 0x0, 0x0, 0x0, 0x0,

    /* U+538B "压" */
    0x2f, 0xff, 0xff, 0xf0, 0xba, 0xaa, 0xaa, 0x42,
    0xc0, 0x18, 0x0, 0xb, 0x0, 0xb0, 0x0, 0x2c,
    0x2, 0xc0, 0x0, 0xb2, 0xaf, 0xaa, 0x2, 0xdf,
    0xff, 0xfd, 0xb, 0x0, 0xb0, 0x0, 0x3c, 0x2,
    0xcf, 0x0, 0xe0, 0xb, 0x1e, 0x3, 0x40, 0x2c,
    0x2c, 0x1d, 0xaa, 0xfa, 0xa8, 0xb3, 0xff, 0xff,
    0xf0, 0x0, 0x0, 0x0, 0x0,

    /* U+539F "原" */
    0x2f, 0xff, 0xff, 0xf0, 0xba, 0xab, 0xaa, 0x42,
    0xc1, 0x6d, 0x54, 0xb, 0x2f, 0xff, 0xf0, 0x2c,
    0xb0, 0x2, 0xc0, 0xb2, 0xff, 0xff, 0x2, 0xcb,
    0x0, 0x2c, 0xb, 0x2d, 0x55, 0xb0, 0x2c, 0xbf,
    0xff, 0xc0, 0xf0, 0x43, 0x84, 0x3, 0x87, 0x8e,
    0x38, 0xd, 0x3c, 0x38, 0x74, 0x72, 0xd5, 0xe0,
    0xf0, 0x81, 0x1f, 0x40, 0x40, 0x0, 0x0, 0x0,
    0x0,

    /* U+53BB "去" */
    0x0, 0x7, 0x40, 0x0, 0x0, 0x1d, 0x0, 0x1,
    0xff, 0xff, 0xfd, 0x2, 0xaa, 0xea, 0xa0, 0x0,
    0x7, 0x40, 0x0, 0x0, 0x1d, 0x0, 0x3, 0xff,
    0xff, 0xff, 0xa, 0xaf, 0xaa, 0xa8, 0x0, 0x38,
    0x2c, 0x0, 0x3, 0xc0, 0x78, 0x0, 0x2d, 0x0,
    0xb4, 0x2, 0xf5, 0xab, 0xf0, 0xf, 0xff, 0xa9,
    0xe0, 0x0, 0x0, 0x1, 0x0,

    /* U+53C2 "参" */
    0x0, 0x4, 0x0, 0x0, 0x1, 0xe0, 0x90, 0x0,
    0x2e, 0x7, 0xe0, 0x2, 0xff, 0xff, 0xe0, 0x0,
    0xf, 0x1, 0x40, 0xff, 0xff, 0xff, 0xc1, 0x6f,
    0x67, 0xe5, 0x2, 0xf6, 0xd2, 0xe4, 0x3e, 0x7d,
    0x71, 0xf0, 0x4b, 0x8b, 0x8d, 0x40, 0x6, 0xf4,
    0xf0, 0x0, 0xfe, 0x1f, 0x0, 0x0, 0xb, 0xe0,
    0x0, 0xb, 0xf8, 0x0, 0x0, 0x19, 0x0, 0x0,
    0x0,

    /* U+53CD "反" */
    0x0, 0x0, 0x0, 0x0, 0x5, 0x5a, 0xbf, 0x0,
    0x7f, 0xfe, 0x94, 0x1, 0xc0, 0x0, 0x0, 0x7,
    0x0, 0x0, 0x0, 0x1f, 0xff, 0xff, 0x0, 0x7b,
    0xd5, 0x7c, 0x2, 0xcb, 0x0, 0xe0, 0xb, 0xe,
    0xb, 0x0, 0x38, 0x1d, 0x78, 0x0, 0xe0, 0x2f,
    0x80, 0x7, 0x0, 0xff, 0x40, 0x3c, 0x6f, 0x4f,
    0xd0, 0xd7, 0xe0, 0x7, 0xd0, 0x4, 0x0, 0x1,
    0x0,

    /* U+53D1 "发" */
    0x0, 0x4, 0x0, 0x0, 0x1c, 0x38, 0x74, 0x0,
    0xb0, 0xd0, 0xb8, 0x3, 0x87, 0x40, 0x90, 0x1f,
    0xff, 0xff, 0xf0, 0x15, 0xf5, 0x55, 0x40, 0x7,
    0x80, 0x0, 0x0, 0x2f, 0xff, 0xd0, 0x0, 0xfd,
    0x5b, 0x0, 0xb, 0xb8, 0x38, 0x0, 0x78, 0xbb,
    0xc0, 0x3, 0xc0, 0xfe, 0x0, 0x3c, 0x2f, 0xbf,
    0x80, 0xd3, 0xf4, 0x1f, 0xc0, 0x5, 0x0, 0x1,
    0x0,

    /* U+53D6 "取" */
    0x3f, 0xff, 0x0, 0x0, 0xb9, 0xb7, 0xff, 0xc1,
    0xd2, 0xcb, 0xaf, 0x7, 0x9b, 0x1c, 0x2c, 0x1f,
    0xfc, 0x30, 0xe0, 0x74, 0xb0, 0xd3, 0x41, 0xd2,
    0xc2, 0xdc, 0x7, 0xff, 0x7, 0xf0, 0x1d, 0x2c,
    0xf, 0x40, 0x74, 0xb8, 0x3c, 0x2, 0xff, 0xf6,
    0xfc, 0xf, 0xff, 0x1f, 0x78, 0x10, 0x2d, 0xf0,
    0xb4, 0x0, 0xb2, 0x0, 0x80, 0x0, 0x0, 0x0,
    0x0,

    /* U+53D8 "变" */
    0x0, 0x0, 0x0, 0x0, 0x0, 0x2c, 0x0, 0x3,
    0xff, 0xff, 0xff, 0xa, 0xaf, 0xbe, 0xa8, 0x6,
    0x38, 0xb3, 0x40, 0xbc, 0xe2, 0xcb, 0x83, 0x83,
    0x8b, 0x7, 0x1, 0x59, 0x59, 0x40, 0xf, 0xff,
    0xff, 0x40, 0xb, 0x40, 0x7c, 0x0, 0xb, 0x8b,
    0xc0, 0x0, 0x7, 0xf8, 0x0, 0x5, 0xff, 0xfd,
    0x40, 0xff, 0x40, 0x6f, 0xd1, 0x40, 0x0, 0x5,
    0x0,

    /* U+53E3 "口" */
    0xaa, 0xaa, 0xa9, 0xff, 0xff, 0xfe, 0xe0, 0x0,
    0xe, 0xe0, 0x0, 0xe, 0xe0, 0x0, 0xe, 0xe0,
    0x0, 0xe, 0xe0, 0x0, 0xe, 0xe0, 0x0, 0xe,
    0xe0, 0x0, 0xe, 0xe0, 0x0, 0xe, 0xff, 0xff,
    0xfe, 0xfa, 0xaa, 0xae, 0xe0, 0x0, 0xe,

    /* U+53EF "可" */
    0xff, 0xff, 0xff, 0xea, 0xaa, 0xaa, 0xf9, 0x0,
    0x0, 0xe, 0x0, 0x0, 0x0, 0xe0, 0x1f, 0xff,
    0xe, 0x1, 0xd0, 0xb0, 0xe0, 0x1c, 0xb, 0xe,
    0x1, 0xc0, 0xb0, 0xe0, 0x1f, 0xff, 0xe, 0x1,
    0xd5, 0x50, 0xe0, 0x1c, 0x0, 0xe, 0x0, 0x0,
    0x0, 0xe0, 0x0, 0x1, 0x5e, 0x0, 0x0, 0x2f,
    0xc0,

    /* U+53F2 "史" */
    0x0, 0x3, 0x80, 0x0, 0x2a, 0xaf, 0xaa, 0x40,
    0xff, 0xff, 0xfe, 0x3, 0x80, 0xe0, 0x38, 0xe,
    0x3, 0x80, 0xe0, 0x3e, 0xaf, 0xab, 0x80, 0xff,
    0xff, 0xfe, 0x0, 0x40, 0xd0, 0x0, 0xb, 0x47,
    0x0, 0x0, 0xf, 0xbc, 0x0, 0x0, 0xb, 0xe0,
    0x0, 0x0, 0x3f, 0xf4, 0x0, 0x1f, 0xe2, 0xff,
    0xa4, 0xf8, 0x0, 0x6f, 0xe0, 0x0, 0x0, 0x0,
    0x0,

    /* U+53F3 "右" */
    0x0, 0x5, 0x0, 0x0, 0x0, 0x38, 0x0, 0x2,
    0xaa, 0xfa, 0xaa, 0xf, 0xff, 0xff, 0xfc, 0x0,
    0x3c, 0x0, 0x0, 0x1, 0xd0, 0x0, 0x0, 0xf,
    0x0, 0x0, 0x0, 0xbf, 0xff, 0xf0, 0xb, 0xf5,
    0x57, 0xc0, 0xbb, 0xc0, 0xb, 0x7, 0x8f, 0x0,
    0x2c, 0x4, 0x3c, 0x0, 0xb0, 0x0, 0xfa, 0xab,
    0xc0, 0x3, 0xff, 0xff, 0x0, 0xf, 0x0, 0x2c,
    0x0,

    /* U+53F7 "号" */
    0x7, 0xff, 0xff, 0x0, 0x75, 0x55, 0xf0, 0x7,
    0x0, 0xf, 0x0, 0x7f, 0xff, 0xf0, 0x6, 0xaa,
    0xa9, 0x6, 0xaa, 0xaa, 0xaa, 0xbf, 0xff, 0xff,
    0xf0, 0x2c, 0x0, 0x0, 0x3, 0xff, 0xff, 0x0,
    0x15, 0x55, 0xf0, 0x0, 0x0, 0xb, 0x0, 0x0,
    0x0, 0xe0, 0x0, 0x1, 0x6d, 0x0, 0x0, 0x3f,
    0x80,

    /* U+5408 "合" */
    0x0, 0xb, 0x80, 0x0, 0x0, 0xbb, 0x80, 0x0,
    0xf, 0x47, 0xc0, 0x1, 0xf4, 0x7, 0xd0, 0x3f,
    0xaa, 0xab, 0xf1, 0xdb, 0xff, 0xfa, 0xc0, 0x0,
    0x0, 0x0, 0x2, 0xff, 0xff, 0xe0, 0xb, 0x55,
    0x57, 0x80, 0x2c, 0x0, 0xe, 0x0, 0xb0, 0x0,
    0x38, 0x2, 0xd5, 0x55, 0xe0, 0xb, 0xff, 0xff,
    0x80, 0x2c, 0x0, 0xe, 0x0,

    /* U+540C "同" */
    0xbf, 0xff, 0xff, 0xee, 0xaa, 0xaa, 0xfb, 0x0,
    0x0, 0x2e, 0xcf, 0xff, 0xdb, 0xb1, 0x55, 0x52,
    0xec, 0x15, 0x50, 0xbb, 0x2f, 0xfe, 0x2e, 0xcb,
    0x3, 0x8b, 0xb2, 0xc0, 0xe2, 0xec, 0xb5, 0x78,
    0xbb, 0x2f, 0xfe, 0x2e, 0xc0, 0x0, 0xb, 0xb0,
    0x0, 0x2b, 0xec, 0x0, 0xf, 0xd0,

    /* U+540D "名" */
    0x0, 0x4, 0x0, 0x0, 0x1, 0xe0, 0x0, 0x0,
    0x7f, 0xff, 0xc0, 0x2f, 0x55, 0x7c, 0x2f, 0x90,
    0xb, 0x40, 0x83, 0xd2, 0xd0, 0x0, 0xb, 0xf4,
    0x0, 0x6, 0xf8, 0x0, 0x2f, 0xff, 0xff, 0xe3,
    0xee, 0x55, 0x5e, 0x0, 0xe0, 0x0, 0xe0, 0xe,
    0x0, 0xe, 0x0, 0xff, 0xff, 0xe0, 0xf, 0xaa,
    0xae, 0x0, 0xe0, 0x0, 0xe0,

    /* U+540E "后" */
    0x0, 0x0, 0x0, 0x0, 0x15, 0x5a, 0xff, 0x0,
    0xff, 0xfe, 0x94, 0x3, 0x80, 0x0, 0x0, 0xe,
    0x0, 0x0, 0x0, 0x3f, 0xff, 0xff, 0xc0, 0xfa,
    0xaa, 0xaa, 0x3, 0x80, 0x0, 0x0, 0xd, 0xbf,
    0xff, 0xc0, 0x76, 0xea, 0xaf, 0x1, 0xcb, 0x0,
    0x2c, 0xb, 0x2c, 0x0, 0xb0, 0x38, 0xba, 0xab,
    0xc1, 0xd2, 0xff, 0xff, 0x2, 0xb, 0x0, 0x2c,
    0x0,

    /* U+5411 "向" */
    0x0, 0x14, 0x0, 0x0, 0xe, 0x0, 0x6, 0xab,
    0xaa, 0xa6, 0xff, 0xff, 0xfe, 0xb0, 0x0, 0x3,
    0xac, 0x0, 0x0, 0xeb, 0x2f, 0xfe, 0x3a, 0xcb,
    0x57, 0x8e, 0xb2, 0xc0, 0xe3, 0xac, 0xb0, 0x38,
    0xeb, 0x2f, 0xfe, 0x3a, 0xc1, 0x55, 0xe, 0xb0,
    0x0, 0x3, 0xac, 0x0, 0xa, 0xeb, 0x0, 0x3,
    0xf0, 0x0, 0x0, 0x0,

    /* U+542C "听" */
    0x0, 0x0, 0x0, 0x0, 0x0, 0x5, 0xb8, 0xff,
    0x8f, 0xf9, 0xe, 0x38, 0xe0, 0x0, 0xe3, 0x8e,
    0x0, 0xe, 0x38, 0xf5, 0x54, 0xe3, 0x8f, 0xff,
    0xde, 0x38, 0xe2, 0xc0, 0xe3, 0x8d, 0x2c, 0xe,
    0x38, 0xd2, 0xc0, 0xff, 0x9c, 0x2c, 0xe, 0x53,
    0xc2, 0xc0, 0x40, 0x74, 0x2c, 0x0, 0xf, 0x2,
    0xc0, 0x0, 0x40, 0x2c, 0x0,

    /* U+542F "启" */
    0x0, 0x6, 0x0, 0x0, 0x0, 0x74, 0x0, 0xf,
    0xff, 0xff, 0xc0, 0xf5, 0x55, 0x6c, 0xe, 0x0,
    0x1, 0xc0, 0xf5, 0x55, 0x6c, 0xf, 0xff, 0xff,
    0xc0, 0xe0, 0x0, 0x0, 0xe, 0x55, 0x55, 0x40,
    0xdf, 0xff, 0xfc, 0x1d, 0xe0, 0x2, 0xc2, 0xce,
    0x0, 0x2c, 0x3c, 0xf5, 0x57, 0xc7, 0x4f, 0xff,
    0xfc, 0x20, 0xe0, 0x2, 0xc0, 0x0, 0x0, 0x0,

    /* U+5468 "周" */
    0xf, 0xff, 0xff, 0xe0, 0xf5, 0x79, 0x5e, 0xe,
    0x17, 0x94, 0xe0, 0xe7, 0xff, 0xce, 0xe, 0x3,
    0x80, 0xe0, 0xef, 0xff, 0xde, 0xe, 0x55, 0x54,
    0xe0, 0xe0, 0x0, 0xe, 0xd, 0x7f, 0xfc, 0xe0,
    0xd7, 0x2, 0xce, 0x1c, 0x7f, 0xfc, 0xe2, 0xc1,
    0x55, 0x4e, 0x38, 0x0, 0x5, 0xe2, 0x0, 0x0,
    0xfc, 0x0, 0x0, 0x0, 0x0,

    /* U+547D "命" */
    0x0, 0xb, 0x80, 0x0, 0x0, 0xbb, 0x80, 0x0,
    0x1f, 0x47, 0xd0, 0x7, 0xf9, 0x5b, 0xf4, 0x3d,
    0xbf, 0xf9, 0xf0, 0x0, 0x0, 0x0, 0x0, 0xff,
    0xcf, 0xfc, 0x3, 0x9b, 0x39, 0xb0, 0xe, 0x2c,
    0xd1, 0xc0, 0x38, 0xb3, 0x47, 0x0, 0xff, 0xcd,
    0x2c, 0x3, 0x9b, 0x37, 0xe0, 0x0, 0x0, 0xd0,
    0x0, 0x0, 0x3, 0x40, 0x0,

    /* U+5524 "唤" */
    0x0, 0x0, 0x0, 0x0, 0x0, 0x74, 0x0, 0xff,
    0xf, 0xfe, 0xe, 0xb3, 0xc2, 0xc0, 0xeb, 0xf5,
    0x79, 0xe, 0xb7, 0xff, 0xf4, 0xeb, 0x34, 0xd3,
    0x4e, 0xb3, 0x4d, 0x34, 0xeb, 0x39, 0xd3, 0x8e,
    0xbb, 0xff, 0xfc, 0xeb, 0x3, 0xf4, 0xf, 0xf0,
    0xb6, 0xc0, 0xe0, 0x2e, 0xf, 0x40, 0xf, 0x40,
    0x3c, 0x0, 0x40, 0x0, 0x40,

    /* U+5668 "器" */
    0xf, 0xfc, 0xff, 0xc0, 0x34, 0xb3, 0x87, 0x0,
    0xe6, 0xcf, 0x6c, 0x3, 0xff, 0x2f, 0xf0, 0x0,
    0xe, 0xb, 0x0, 0xff, 0xff, 0xff, 0xc1, 0x5f,
    0x97, 0xd5, 0x1, 0xf4, 0x3, 0xd0, 0x3f, 0x40,
    0x7, 0xf0, 0xbf, 0xf3, 0xff, 0x80, 0xe1, 0xcd,
    0x1c, 0x3, 0x8b, 0x38, 0x70, 0xf, 0xfc, 0xff,
    0xc0, 0x38, 0x73, 0x47, 0x0,

    /* U+56DB "四" */
    0xff, 0xff, 0xff, 0xbd, 0x79, 0xe5, 0xee, 0xe,
    0x38, 0x3b, 0x83, 0x8e, 0xe, 0xe0, 0xe3, 0x83,
    0xb8, 0x34, 0xe0, 0xee, 0x1d, 0x38, 0x3b, 0x8f,
    0xf, 0x5e, 0xef, 0x2, 0xff, 0xb8, 0x0, 0x0,
    0xee, 0x0, 0x0, 0x3b, 0xff, 0xff, 0xfe, 0xf5,
    0x55, 0x57, 0xb8, 0x0, 0x0, 0xe0,

    /* U+56DE "回" */
    0xbf, 0xff, 0xff, 0xed, 0x55, 0x55, 0xbb, 0x0,
    0x0, 0x2e, 0xc1, 0x55, 0xb, 0xb2, 0xff, 0xe2,
    0xec, 0xb0, 0x38, 0xbb, 0x2c, 0xe, 0x2e, 0xcb,
    0x3, 0x8b, 0xb2, 0xff, 0xe2, 0xec, 0x15, 0x50,
    0xbb, 0x0, 0x0, 0x2e, 0xd5, 0x55, 0x5b, 0xbf,
    0xff, 0xff, 0xec, 0x0, 0x0, 0xb0,

    /* U+56FA "固" */
    0xbf, 0xff, 0xff, 0xed, 0x56, 0x95, 0xfb, 0x0,
    0xe0, 0x2e, 0xc5, 0x7d, 0x5b, 0xb7, 0xff, 0xfe,
    0xec, 0x3, 0x80, 0xbb, 0x1f, 0xff, 0x2e, 0xc7,
    0x2, 0xcb, 0xb1, 0xc0, 0x72, 0xec, 0x7f, 0xfc,
    0xbb, 0x1a, 0xaa, 0x2e, 0xd5, 0x55, 0x5f, 0xbf,
    0xff, 0xff, 0xec, 0x0, 0x0, 0xb0,

    /* U+56FE "图" */
    0xff, 0xff, 0xff, 0xb9, 0x55, 0x55, 0xee, 0xa,
    0x0, 0x3b, 0x87, 0xff, 0x8e, 0xeb, 0xe2, 0xc3,
    0xb9, 0x4f, 0xd0, 0xee, 0xaf, 0xbe, 0x7b, 0xa9,
    0xe1, 0x9e, 0xe0, 0x1b, 0x43, 0xb8, 0xb9, 0x40,
    0xee, 0x6, 0xfc, 0x3b, 0x95, 0x57, 0x5e, 0xff,
    0xff, 0xff, 0xb8, 0x0, 0x0, 0xe0,

    /* U+5706 "圆" */
    0xff, 0xff, 0xff, 0xbd, 0x55, 0x55, 0xee, 0x1f,
    0xfd, 0x3b, 0x87, 0x7, 0x4e, 0xe1, 0xff, 0xd3,
    0xb8, 0x15, 0x50, 0xee, 0x3f, 0xff, 0x3b, 0x8e,
    0x32, 0xce, 0xe3, 0x9c, 0xb3, 0xb8, 0xae, 0xf8,
    0xee, 0x7e, 0x2f, 0x3b, 0x9e, 0x55, 0xde, 0xff,
    0xff, 0xff, 0xb8, 0x0, 0x0, 0xe0,

    /* U+5708 "圈" */
    0xff, 0xff, 0xff, 0x78, 0x45, 0x10, 0xdd, 0x33,
    0x9c, 0x37, 0x7f, 0xff, 0xcd, 0xd0, 0xb4, 0x3,
    0x7b, 0xff, 0xfd, 0xde, 0x6d, 0x6d, 0x37, 0x5f,
    0xff, 0xcd, 0xff, 0xc3, 0x7f, 0x79, 0xb7, 0xd0,
    0xdd, 0x2e, 0xae, 0x37, 0x82, 0xa9, 0xd, 0xff,
    0xff, 0xff, 0x74, 0x0, 0x0, 0xd0,

    /* U+5728 "在" */
    0x0, 0x4, 0x0, 0x0, 0x0, 0x74, 0x0, 0x2,
    0xab, 0xea, 0xaa, 0xf, 0xff, 0xff, 0xfc, 0x0,
    0xf0, 0x0, 0x0, 0xb, 0x41, 0xc0, 0x0, 0x78,
    0x7, 0x0, 0x7, 0xd6, 0xae, 0xa4, 0x3f, 0x2f,
    0xff, 0xe0, 0xec, 0x1, 0xc0, 0x0, 0x70, 0x7,
    0x0, 0x1, 0xc0, 0x1c, 0x0, 0x7, 0x6a, 0xba,
    0xa0, 0x1d, 0xff, 0xff, 0xc0, 0x70, 0x0, 0x0,
    0x0,

    /* U+5730 "地" */
    0x7, 0x0, 0x1c, 0x0, 0x7, 0x0, 0x1c, 0x0,
    0x7, 0x7, 0x1c, 0x14, 0x2b, 0x97, 0xaf, 0xf8,
    0x3f, 0xff, 0xfd, 0x34, 0x7, 0x1f, 0x5c, 0x34,
    0x7, 0x7, 0x1c, 0x34, 0x7, 0x7, 0x1d, 0xb4,
    0x7, 0x17, 0x1d, 0xe0, 0x7, 0xf7, 0x1c, 0x0,
    0x2f, 0xe7, 0x8, 0x1c, 0x3e, 0x7, 0x0, 0x2c,
    0x10, 0x7, 0x95, 0x78, 0x0, 0x3, 0xff, 0xf4,

    /* U+5747 "均" */
    0x0, 0x0, 0x0, 0x0, 0xe0, 0x2c, 0x0, 0xe,
    0x3, 0xc0, 0x0, 0xe0, 0x7f, 0xff, 0x2f, 0x8f,
    0x55, 0xb7, 0xfe, 0xd0, 0xb, 0xe, 0x1d, 0xe0,
    0xb0, 0xe0, 0x7, 0x8b, 0xe, 0x0, 0x10, 0xb0,
    0xe0, 0x1, 0xdb, 0xf, 0x90, 0xbc, 0xb6, 0xfe,
    0xbe, 0xb, 0x7e, 0x46, 0x0, 0xb0, 0x0, 0x1,
    0x6e, 0x0, 0x0, 0x3f, 0xc0, 0x0, 0x0, 0x0,

    /* U+574F "坏" */
    0xb, 0x1f, 0xff, 0xf0, 0x2c, 0x2a, 0xfa, 0x80,
    0xb0, 0x3, 0xc0, 0xb, 0xe4, 0x1e, 0x0, 0x7f,
    0xe0, 0xf9, 0x0, 0x2c, 0xb, 0xfd, 0x0, 0xb0,
    0x7b, 0xbc, 0x2, 0xc7, 0xce, 0x3c, 0xb, 0x2c,
    0x38, 0x74, 0x2c, 0x40, 0xe0, 0x41, 0xff, 0x3,
    0x80, 0xf, 0xe0, 0xe, 0x0, 0x10, 0x0, 0x38,
    0x0, 0x0, 0x0, 0xe0, 0x0,

    /* U+5750 "坐" */
    0x0, 0x7, 0x40, 0x0, 0x28, 0x74, 0x70, 0x3,
    0x87, 0x4b, 0x0, 0x74, 0x74, 0xe0, 0xf, 0xc7,
    0x6f, 0x82, 0xcb, 0x77, 0x9e, 0x34, 0x37, 0x70,
    0x50, 0x0, 0x74, 0x0, 0x1f, 0xff, 0xff, 0xd0,
    0x55, 0x75, 0x54, 0x0, 0x7, 0x40, 0x2, 0xaa,
    0xba, 0xa9, 0x3f, 0xff, 0xff, 0xf0,

    /* U+5761 "坡" */
    0x0, 0x0, 0x0, 0x0, 0x38, 0x0, 0xe0, 0x0,
    0xe0, 0x57, 0xd5, 0x3, 0x87, 0xff, 0xfc, 0x1f,
    0x5c, 0x38, 0xf2, 0xff, 0x70, 0xe2, 0x80, 0xe1,
    0xd7, 0xd4, 0x3, 0x87, 0xff, 0xf4, 0xe, 0x1d,
    0xc2, 0xc0, 0x38, 0xb3, 0x8e, 0x0, 0xfb, 0x87,
    0xf0, 0x1f, 0xee, 0xf, 0x80, 0x64, 0x70, 0xbf,
    0x80, 0x3, 0xef, 0x4b, 0xd0, 0x0, 0x20, 0x2,
    0x0,

    /* U+5806 "堆" */
    0x0, 0x0, 0x0, 0x0, 0x2c, 0xe, 0x38, 0x0,
    0xb0, 0x34, 0xb0, 0x2, 0xc2, 0xff, 0xfc, 0x2f,
    0x9f, 0xaf, 0xa1, 0xff, 0xfc, 0x2c, 0x0, 0xb3,
    0xff, 0xff, 0x2, 0xc6, 0xd6, 0xd4, 0xb, 0xb,
    0xb, 0x0, 0x2c, 0x6f, 0xff, 0xc0, 0xbf, 0xb5,
    0xb5, 0x1f, 0xf6, 0xc2, 0xc0, 0x38, 0xb, 0x5f,
    0x50, 0x0, 0x2f, 0xff, 0xd0, 0x0, 0xb0, 0x0,
    0x0,

    /* U+5907 "备" */
    0x0, 0x10, 0x0, 0x0, 0x2, 0xe5, 0x54, 0x0,
    0x2f, 0xff, 0xf0, 0x2, 0xf8, 0xb, 0x40, 0x1d,
    0x3d, 0xf4, 0x0, 0x0, 0xbf, 0x80, 0x1, 0xbf,
    0x9b, 0xfa, 0xf, 0xe5, 0x56, 0xfc, 0x7, 0xff,
    0xff, 0x40, 0x1c, 0xc, 0xd, 0x0, 0x7f, 0xff,
    0xf4, 0x1, 0xc1, 0xd0, 0xd0, 0x7, 0x7, 0x43,
    0x40, 0x1f, 0xff, 0xfd, 0x0, 0x70, 0x0, 0x34,
    0x0,

    /* U+590D "复" */
    0x0, 0x40, 0x0, 0x0, 0xb, 0x55, 0x55, 0x0,
    0x3f, 0xff, 0xfe, 0x3, 0xd5, 0x55, 0x40, 0x3f,
    0xff, 0xff, 0x80, 0x9e, 0x0, 0xe, 0x0, 0x3f,
    0xff, 0xf8, 0x0, 0xe0, 0x0, 0xe0, 0x3, 0xff,
    0xff, 0x80, 0x2, 0xd0, 0x0, 0x0, 0x7f, 0xff,
    0xf8, 0xb, 0xfd, 0x3, 0xc0, 0x4, 0x2f, 0xbc,
    0x0, 0x16, 0xbf, 0xf9, 0x42, 0xfe, 0x81, 0xbf,
    0x0, 0x0, 0x0, 0x0,

    /* U+5916 "外" */
    0x0, 0x0, 0x0, 0x0, 0x7, 0x40, 0xb0, 0x0,
    0x2e, 0xa6, 0xc0, 0x0, 0xff, 0xeb, 0x0, 0x7,
    0x3, 0x6c, 0x0, 0x38, 0x1d, 0xb8, 0x3, 0xd0,
    0xb2, 0xfc, 0xd, 0xf7, 0xcb, 0x7c, 0x0, 0xfd,
    0x2c, 0x74, 0x0, 0xf0, 0xb0, 0x40, 0xf, 0x42,
    0xc0, 0x0, 0xb8, 0xb, 0x0, 0xf, 0x80, 0x2c,
    0x0, 0xf8, 0x0, 0xb0, 0x0, 0x40, 0x2, 0xc0,
    0x0,

    /* U+591C "夜" */
    0x0, 0x5, 0x0, 0x0, 0x0, 0x2c, 0x0, 0x3,
    0xff, 0xff, 0xff, 0xa, 0xaa, 0xaa, 0xa8, 0x3,
    0xc2, 0xc0, 0x0, 0xe, 0xf, 0xff, 0x40, 0xb0,
    0xb5, 0x6d, 0x7, 0xc7, 0x9c, 0xb0, 0x3f, 0x3e,
    0x3f, 0x80, 0xfc, 0xad, 0x3c, 0x0, 0xb0, 0x2e,
    0xe0, 0x2, 0xc0, 0x3f, 0x0, 0xb, 0x7, 0xff,
    0x40, 0x2c, 0xfd, 0x2f, 0xc0, 0xb2, 0x80, 0xa,
    0x0,

    /* U+5927 "大" */
    0x0, 0x7, 0x40, 0x0, 0x0, 0x1d, 0x0, 0x0,
    0x0, 0x70, 0x0, 0xa, 0xaa, 0xea, 0xa8, 0x3f,
    0xff, 0xff, 0xf0, 0x0, 0x3e, 0x0, 0x0, 0x0,
    0xfc, 0x0, 0x0, 0xb, 0x38, 0x0, 0x0, 0x38,
    0x74, 0x0, 0x3, 0xc0, 0xb0, 0x0, 0x3d, 0x0,
    0xf0, 0x7, 0xd0, 0x0, 0xf4, 0x3d, 0x0, 0x0,
    0xf0, 0x40, 0x0, 0x0, 0x40,

    /* U+5931 "失" */
    0x1, 0x47, 0x40, 0x0, 0xe, 0x1d, 0x0, 0x0,
    0xbf, 0xff, 0xfc, 0x7, 0xaa, 0xea, 0xa0, 0x3c,
    0x7, 0x40, 0x0, 0x40, 0x1c, 0x0, 0x3, 0xff,
    0xff, 0xff, 0xa, 0xab, 0xfa, 0xa8, 0x0, 0x1e,
    0xd0, 0x0, 0x0, 0xf2, 0xc0, 0x0, 0xf, 0x43,
    0xd0, 0x6, 0xf4, 0x2, 0xf4, 0x3e, 0x0, 0x1,
    0xf0, 0x0, 0x0, 0x0, 0x0,

    /* U+5934 "头" */
    0x0, 0x0, 0xd0, 0x0, 0xb, 0x83, 0x40, 0x0,
    0x7, 0x8d, 0x0, 0x3, 0x80, 0x34, 0x0, 0xb,
    0xd0, 0xd0, 0x0, 0x2, 0x47, 0x40, 0x2, 0xaa,
    0xae, 0xaa, 0xf, 0xff, 0xff, 0xfc, 0x0, 0x7,
    0x40, 0x0, 0x0, 0x3c, 0x70, 0x0, 0x7, 0xd1,
    0xf4, 0x1, 0xfc, 0x0, 0xf4, 0x3f, 0x40, 0x0,
    0xf0, 0x10, 0x0, 0x0, 0x0,

    /* U+59CB "始" */
    0x0, 0x0, 0x0, 0x0, 0x38, 0x1, 0xc0, 0x0,
    0xe0, 0xf, 0x0, 0x7, 0x90, 0x74, 0xf0, 0x7f,
    0xd3, 0x81, 0xd0, 0xb3, 0x7e, 0xaf, 0xc2, 0xcd,
    0xff, 0xab, 0xe, 0x70, 0x0, 0x4, 0x3a, 0xc7,
    0xff, 0xe0, 0xfe, 0x1d, 0x57, 0x80, 0xf8, 0x70,
    0xe, 0x2, 0xf1, 0xc0, 0x38, 0x1e, 0xf7, 0x55,
    0xe0, 0xf1, 0x1f, 0xff, 0x82, 0x0, 0x70, 0xe,
    0x0, 0x0, 0x0, 0x0,

    /* U+5B57 "字" */
    0x0, 0x5, 0x0, 0x0, 0x0, 0x2c, 0x0, 0x3,
    0xff, 0xff, 0xff, 0xf, 0x55, 0x55, 0x7c, 0x38,
    0x0, 0x0, 0xb0, 0x9b, 0xff, 0xf9, 0x80, 0x5,
    0x5b, 0xd0, 0x0, 0x0, 0xb8, 0x0, 0x0, 0x3,
    0x80, 0x0, 0xff, 0xff, 0xff, 0xc2, 0xaa, 0xba,
    0xaa, 0x0, 0x0, 0xd0, 0x0, 0x0, 0x3, 0x40,
    0x0, 0x0, 0x6d, 0x0, 0x0, 0x3, 0xf0, 0x0,
    0x0,

    /* U+5B58 "存" */
    0x0, 0x10, 0x0, 0x0, 0x0, 0xe0, 0x0, 0x3,
    0xff, 0xff, 0xff, 0xa, 0xbe, 0xaa, 0xa8, 0x1,
    0xd0, 0x0, 0x0, 0xf, 0x3f, 0xff, 0x0, 0xb4,
    0x55, 0xbc, 0xb, 0xc0, 0x7, 0xc0, 0x7f, 0x0,
    0x38, 0x0, 0xac, 0xff, 0xff, 0xc0, 0xb2, 0xab,
    0xea, 0x2, 0xc0, 0xe, 0x0, 0xb, 0x0, 0x38,
    0x0, 0x2c, 0xa, 0xe0, 0x0, 0xb0, 0x3f, 0x0,
    0x0,

    /* U+5B8C "完" */
    0x0, 0x1, 0x0, 0x0, 0x0, 0x2c, 0x0, 0x3,
    0xff, 0xff, 0xff, 0xf, 0xaa, 0xaa, 0xbc, 0x38,
    0x0, 0x0, 0xb0, 0x9f, 0xff, 0xf9, 0x80, 0x1a,
    0xaa, 0x90, 0xa, 0xaa, 0xaa, 0xa8, 0x3f, 0xff,
    0xff, 0xf0, 0x1, 0xd2, 0xc0, 0x0, 0x7, 0xb,
    0x0, 0x0, 0x3c, 0x2c, 0xd, 0x2, 0xd0, 0x70,
    0x34, 0x7e, 0x1, 0xe6, 0xc3, 0xd0, 0x3, 0xfe,
    0x0, 0x0, 0x0, 0x0,

    /* U+5B9A "定" */
    0x0, 0x5, 0x0, 0x0, 0x0, 0x3c, 0x0, 0x3,
    0xff, 0xff, 0xfe, 0xe, 0x55, 0x55, 0x78, 0x38,
    0x0, 0x0, 0xe0, 0x9f, 0xff, 0xf9, 0x40, 0x15,
    0xf5, 0x50, 0x0, 0x42, 0xc0, 0x0, 0x3, 0x4b,
    0x55, 0x0, 0x1c, 0x2f, 0xfd, 0x0, 0xb0, 0xb0,
    0x0, 0x3, 0xe2, 0xc0, 0x0, 0x2d, 0xeb, 0x0,
    0x1, 0xe0, 0xfe, 0x95, 0x83, 0x0, 0x6f, 0xff,
    0x0, 0x0, 0x0, 0x0,

    /* U+5BF9 "对" */
    0x0, 0x0, 0x3, 0x80, 0xbf, 0xd0, 0xe, 0x2,
    0xab, 0x6a, 0xbe, 0x0, 0xd, 0xff, 0xfc, 0x38,
    0x34, 0x3, 0x80, 0x75, 0xc0, 0xe, 0x0, 0xbf,
    0x38, 0x38, 0x0, 0xf4, 0x74, 0xe0, 0x2, 0xe0,
    0xb3, 0x80, 0x1f, 0xd0, 0x4e, 0x1, 0xe3, 0x80,
    0x38, 0x1f, 0x0, 0x0, 0xe0, 0x30, 0x0, 0x5b,
    0x80, 0x0, 0x2, 0xfc, 0x0,

    /* U+5BFC "导" */
    0x1f, 0xff, 0xff, 0x1, 0xe5, 0x55, 0xf0, 0x1e,
    0x55, 0x5f, 0x1, 0xff, 0xff, 0xf0, 0x1d, 0x0,
    0x0, 0x91, 0xe5, 0x55, 0x5e, 0xf, 0xff, 0xff,
    0xd0, 0x0, 0x1, 0x40, 0xff, 0xff, 0xff, 0xf6,
    0xaa, 0xab, 0xea, 0x2, 0xc0, 0x3c, 0x0, 0x1f,
    0x3, 0xc0, 0x0, 0x71, 0x7c, 0x0, 0x0, 0x3f,
    0x40,

    /* U+5C06 "将" */
    0x0, 0x0, 0x0, 0x0, 0xb, 0x3, 0xd5, 0x41,
    0x2c, 0x3f, 0xff, 0x1c, 0xb7, 0xd0, 0x78, 0x3a,
    0xdd, 0xd7, 0xc0, 0xbb, 0x2, 0xfc, 0x0, 0x6c,
    0xbf, 0x40, 0x0, 0xb1, 0x90, 0xe0, 0x3, 0xdf,
    0xff, 0xf4, 0x3f, 0x2a, 0xaf, 0x87, 0xfc, 0x30,
    0x38, 0x1c, 0xb0, 0xf0, 0xe0, 0x2, 0xc0, 0xc3,
    0x80, 0xb, 0x0, 0x5e, 0x0, 0x2c, 0x3, 0xf0,
    0x0,

    /* U+5C0F "小" */
    0x0, 0x3, 0x80, 0x0, 0x0, 0xe, 0x0, 0x0,
    0x0, 0x38, 0x0, 0x0, 0x0, 0xe0, 0x40, 0x7,
    0x43, 0x83, 0x80, 0x2c, 0xe, 0xf, 0x0, 0xf0,
    0x38, 0x1d, 0x3, 0x80, 0xe0, 0x38, 0x2d, 0x3,
    0x80, 0xb0, 0xf0, 0xe, 0x1, 0xd3, 0x40, 0x38,
    0x3, 0x40, 0x0, 0xe0, 0x0, 0x0, 0x6b, 0x80,
    0x0, 0x2, 0xfc, 0x0, 0x0,

    /* U+5C31 "就" */
    0x0, 0x0, 0x0, 0x0, 0x7, 0x0, 0xe6, 0x3,
    0xff, 0xf3, 0x8e, 0x5, 0x55, 0x4e, 0x14, 0x0,
    0x0, 0xbe, 0xa0, 0x7f, 0xf7, 0xff, 0xc1, 0xc0,
    0xd3, 0xb4, 0x7, 0xff, 0x4d, 0xd0, 0x1, 0xd0,
    0x37, 0x40, 0x77, 0xb1, 0xcd, 0x2, 0xdd, 0xd7,
    0x35, 0xe, 0x77, 0xac, 0xda, 0x35, 0xd5, 0xe3,
    0x68, 0x47, 0xb, 0xe, 0xd0, 0x7c, 0x28, 0x2f,
    0x0, 0x0, 0x0, 0x0,

    /* U+5C3D "尽" */
    0xb, 0xff, 0xff, 0xe0, 0x2e, 0xaa, 0xab, 0x80,
    0xb0, 0x0, 0xe, 0x2, 0xd5, 0x55, 0x78, 0xb,
    0xff, 0xff, 0xe0, 0x2c, 0x0, 0x34, 0x0, 0xb1,
    0x80, 0xf0, 0x3, 0xc7, 0xe1, 0xc0, 0xe, 0x1,
    0xf3, 0xc0, 0x74, 0x0, 0x47, 0x83, 0xcf, 0x90,
    0x7, 0x8d, 0xb, 0xf8, 0x5, 0x10, 0x1, 0xfd,
    0x0, 0x0, 0x0, 0x20, 0x0,

    /* U+5C4F "屏" */
    0xf, 0xff, 0xff, 0xf0, 0x3d, 0x55, 0x57, 0xc0,
    0xe5, 0x55, 0x5f, 0x3, 0xff, 0xff, 0xfc, 0xe,
    0x9, 0x3, 0x40, 0x38, 0x3c, 0x2d, 0x0, 0xef,
    0xff, 0xff, 0x3, 0x46, 0xd6, 0xd4, 0xd, 0xb,
    0xb, 0x0, 0x7b, 0xff, 0xff, 0xe2, 0xc5, 0xe5,
    0xb5, 0xf, 0xb, 0x42, 0xc0, 0x38, 0xf8, 0xb,
    0x0, 0x83, 0x80, 0x2c, 0x0, 0x0, 0x0, 0x0,
    0x0,

    /* U+5CF0 "峰" */
    0x0, 0x0, 0x0, 0x0, 0xc, 0x3, 0xc0, 0x1,
    0x71, 0x2f, 0xfd, 0xd, 0xdd, 0xf0, 0xb0, 0x37,
    0x72, 0xbf, 0x40, 0xdd, 0xc6, 0xfe, 0x43, 0x77,
    0xfe, 0x6f, 0x4d, 0xdd, 0x9b, 0x54, 0x37, 0x77,
    0xff, 0xf0, 0xdd, 0xc0, 0xb0, 0x3, 0x77, 0x3f,
    0xfd, 0xe, 0xfc, 0x5b, 0x54, 0x3e, 0xbb, 0xff,
    0xf4, 0x0, 0x0, 0xb0, 0x0, 0x0, 0x2, 0xc0,
    0x0,

    /* U+5DE5 "工" */
    0xa, 0xaa, 0xaa, 0x80, 0x7f, 0xff, 0xff, 0x40,
    0x0, 0x34, 0x0, 0x0, 0x0, 0xd0, 0x0, 0x0,
    0x3, 0x40, 0x0, 0x0, 0xd, 0x0, 0x0, 0x0,
    0x34, 0x0, 0x0, 0x0, 0xd0, 0x0, 0x0, 0x3,
    0x40, 0x0, 0x0, 0xd, 0x0, 0x0, 0x0, 0x34,
    0x0, 0xa, 0xaa, 0xea, 0xa8, 0x3f, 0xff, 0xff,
    0xf0,

    /* U+5DE6 "左" */
    0x0, 0x8, 0x0, 0x0, 0x0, 0x70, 0x0, 0x2,
    0xab, 0xea, 0xaa, 0xf, 0xff, 0xff, 0xfc, 0x0,
    0x38, 0x0, 0x0, 0x1, 0xc0, 0x0, 0x0, 0xf,
    0x0, 0x0, 0x0, 0x7f, 0xff, 0xf0, 0x3, 0xea,
    0xfa, 0x80, 0x2d, 0x3, 0x80, 0x2, 0xe0, 0xe,
    0x0, 0xf, 0x0, 0x38, 0x0, 0x21, 0xaa, 0xfa,
    0xa0, 0xb, 0xff, 0xff, 0xc0,

    /* U+5DF2 "已" */
    0x7f, 0xff, 0xff, 0x2, 0xaa, 0xaa, 0xf0, 0x0,
    0x0, 0xb, 0x2, 0x40, 0x0, 0xb0, 0x38, 0x0,
    0xb, 0x3, 0xea, 0xaa, 0xf0, 0x3f, 0xff, 0xff,
    0x3, 0x80, 0x0, 0x0, 0x38, 0x0, 0x0, 0x3,
    0x80, 0x0, 0xe, 0x38, 0x0, 0x0, 0xd3, 0xd5,
    0x55, 0x6d, 0x1f, 0xff, 0xff, 0xc0, 0x0, 0x0,
    0x0,

    /* U+5E26 "带" */
    0x0, 0x0, 0x0, 0x0, 0xd, 0x1c, 0x1c, 0x2,
    0xba, 0xfa, 0xfa, 0xf, 0xff, 0xff, 0xfc, 0x3,
    0x47, 0x7, 0x0, 0x55, 0x59, 0x55, 0x3, 0xff,
    0xff, 0xff, 0xe, 0x1, 0xd0, 0x3c, 0x39, 0x5b,
    0x95, 0xa0, 0xf, 0xff, 0xfc, 0x0, 0x34, 0x70,
    0xb0, 0x0, 0xd1, 0xc2, 0xc0, 0x3, 0x47, 0x3f,
    0x0, 0x4, 0x1c, 0x50, 0x0, 0x0, 0x70, 0x0,
    0x0,

    /* U+5E38 "常" */
    0x8, 0x2c, 0x18, 0x3, 0x8b, 0xf, 0xf, 0xff,
    0xff, 0xff, 0x95, 0x55, 0x5f, 0xeb, 0xff, 0xfa,
    0xc2, 0xc0, 0xe, 0x0, 0xbf, 0xff, 0x80, 0x1a,
    0xfa, 0x90, 0x15, 0x7d, 0x55, 0xf, 0xff, 0xff,
    0xc3, 0x42, 0xc0, 0xb0, 0xd0, 0xb0, 0x7c, 0x34,
    0x2c, 0x3e, 0x0, 0xb, 0x0, 0x0,

    /* U+5E73 "平" */
    0x2f, 0xff, 0xff, 0xe0, 0x6a, 0xae, 0xaa, 0x40,
    0x20, 0x70, 0x24, 0x2, 0xc1, 0xc0, 0xe0, 0x3,
    0x87, 0xb, 0x40, 0xb, 0x1c, 0x3c, 0x0, 0x0,
    0x70, 0x0, 0xf, 0xff, 0xff, 0xfc, 0x2a, 0xab,
    0xaa, 0xa0, 0x0, 0x1c, 0x0, 0x0, 0x0, 0x70,
    0x0, 0x0, 0x1, 0xc0, 0x0, 0x0, 0x7, 0x0,
    0x0, 0x0, 0x1c, 0x0, 0x0,

    /* U+5E76 "并" */
    0x0, 0x0, 0x0, 0x0, 0x38, 0x3, 0xc0, 0x2,
    0xc0, 0x78, 0x2, 0xae, 0xaf, 0xa4, 0x7f, 0xff,
    0xff, 0xc0, 0x1c, 0x7, 0x0, 0x1, 0xc0, 0x70,
    0x0, 0x1c, 0x7, 0x0, 0xff, 0xff, 0xff, 0xea,
    0xbe, 0xab, 0xa9, 0x3, 0x80, 0x70, 0x0, 0xb4,
    0x7, 0x0, 0x1f, 0x0, 0x70, 0x7, 0xc0, 0x7,
    0x0, 0x70, 0x0, 0x70, 0x0, 0x0, 0x0, 0x0,

    /* U+5E8F "序" */
    0x0, 0x1, 0x0, 0x0, 0x55, 0xb5, 0x54, 0x2f,
    0xff, 0xff, 0xe2, 0xc0, 0x0, 0x0, 0x2c, 0xff,
    0xff, 0x2, 0xc0, 0x41, 0xe0, 0x2c, 0x1e, 0xb8,
    0x2, 0xc0, 0x3e, 0x0, 0x2e, 0xff, 0xff, 0xd2,
    0xd5, 0x7d, 0x6c, 0x38, 0x2, 0xc3, 0x83, 0x80,
    0x2c, 0xb0, 0x34, 0x2, 0xc0, 0xb, 0x1, 0x7c,
    0x0, 0x20, 0x3f, 0x40, 0x0,

    /* U+5E94 "应" */
    0x0, 0x1, 0x0, 0x0, 0x0, 0x74, 0x0, 0x2f,
    0xff, 0xff, 0xf2, 0xea, 0xaa, 0xa9, 0x2c, 0x1,
    0x0, 0x2, 0xc0, 0x70, 0x2c, 0x2d, 0xd3, 0x43,
    0x82, 0xce, 0x38, 0x34, 0x2c, 0xb2, 0xc7, 0x3,
    0xc7, 0x1c, 0xf0, 0x38, 0x34, 0x4e, 0x3, 0x81,
    0x1, 0xc0, 0x76, 0xaa, 0xbe, 0x97, 0x3f, 0xff,
    0xff, 0x10, 0x0, 0x0, 0x0,

    /* U+5EA6 "度" */
    0x0, 0x1, 0x0, 0x0, 0x15, 0x5e, 0x55, 0x2,
    0xff, 0xff, 0xff, 0xb, 0x9, 0x2, 0x40, 0x2d,
    0x79, 0x5e, 0x50, 0xbf, 0xff, 0xff, 0xc2, 0xc3,
    0x80, 0xe0, 0xb, 0xf, 0xff, 0x80, 0x2c, 0x15,
    0x54, 0x0, 0xb7, 0xff, 0xfe, 0x3, 0x87, 0xc1,
    0xf0, 0xd, 0x7, 0xef, 0x0, 0x70, 0x1f, 0xf9,
    0x1, 0xdf, 0xf4, 0xbf, 0xc0, 0x14, 0x0, 0x5,
    0x0,

    /* U+5EF6 "延" */
    0x0, 0x0, 0x0, 0x40, 0xff, 0x55, 0xbf, 0x81,
    0x7c, 0xff, 0xd0, 0x0, 0xe0, 0x7, 0x0, 0xb,
    0x0, 0x1c, 0x0, 0x78, 0x1c, 0x75, 0x2, 0xfd,
    0x71, 0xfd, 0x0, 0x35, 0xc7, 0x0, 0x34, 0xc7,
    0x1c, 0x0, 0xbb, 0x1c, 0xb0, 0x0, 0xf8, 0x7f,
    0xff, 0x2, 0xe0, 0x55, 0x54, 0x1f, 0xe0, 0x0,
    0x0, 0xf7, 0xfe, 0x95, 0x43, 0x0, 0x6f, 0xff,
    0x40, 0x0, 0x0, 0x0,

    /* U+5EFA "建" */
    0x3f, 0xc0, 0xb0, 0x0, 0x5f, 0x2f, 0xff, 0x80,
    0x74, 0xb, 0xe, 0x3, 0xcb, 0xff, 0xfd, 0x2d,
    0x0, 0xb0, 0xe0, 0xff, 0x2f, 0xff, 0x80, 0x1c,
    0xb, 0x0, 0x9, 0x73, 0xff, 0xf8, 0x2e, 0xc0,
    0xb0, 0x0, 0x7d, 0xbf, 0xff, 0xc0, 0xf0, 0xb,
    0x0, 0x3, 0xf0, 0x18, 0x0, 0x3f, 0xfe, 0x55,
    0x50, 0xe0, 0xbf, 0xff, 0xd0, 0x0, 0x0, 0x0,
    0x0,

    /* U+5F00 "开" */
    0x1f, 0xff, 0xff, 0xd0, 0x2b, 0xea, 0xba, 0x0,
    0xf, 0x1, 0xc0, 0x0, 0x3c, 0x7, 0x0, 0x0,
    0xf0, 0x1c, 0x0, 0xab, 0xea, 0xba, 0x83, 0xff,
    0xff, 0xff, 0x0, 0x38, 0x7, 0x0, 0x0, 0xd0,
    0x1c, 0x0, 0x7, 0x0, 0x70, 0x0, 0x3c, 0x1,
    0xc0, 0x2, 0xe0, 0x7, 0x0, 0x2f, 0x0, 0x1c,
    0x0, 0xb0, 0x0, 0x70, 0x0, 0x0, 0x0, 0x0,
    0x0,

    /* U+5F0F "式" */
    0x0, 0x0, 0xe3, 0x40, 0x0, 0x3, 0x8b, 0x3,
    0xff, 0xff, 0xff, 0xa, 0xaa, 0xbe, 0xa8, 0x0,
    0x0, 0xf0, 0x0, 0x0, 0x2, 0xc0, 0x3, 0xff,
    0xeb, 0x0, 0x1, 0xb5, 0x1d, 0x0, 0x1, 0xc0,
    0x34, 0x0, 0x7, 0x0, 0xf0, 0x0, 0x1d, 0xb2,
    0xc3, 0xa, 0xff, 0xc3, 0x9c, 0x3e, 0x90, 0xb,
    0xf0, 0x0, 0x0, 0xf, 0x40, 0x0, 0x0, 0x0,
    0x0,

    /* U+5F3A "强" */
    0x3f, 0xd7, 0xff, 0xe0, 0x5b, 0x5d, 0x57, 0x80,
    0xd, 0x75, 0x5e, 0x6, 0xb5, 0xff, 0xf8, 0x3e,
    0x80, 0x2c, 0x0, 0xe0, 0x3f, 0xff, 0xc3, 0x94,
    0xe2, 0xc7, 0xf, 0xfb, 0x8b, 0x1c, 0x0, 0xdf,
    0xff, 0xf0, 0x3, 0x40, 0xb1, 0x40, 0xd, 0x2,
    0xce, 0x0, 0x34, 0xb, 0x7c, 0x6, 0xdf, 0xff,
    0xf4, 0x7e, 0x3a, 0x94, 0xd0, 0x0, 0x0, 0x0,
    0x0,

    /* U+5F52 "归" */
    0x0, 0xe1, 0x55, 0x53, 0x8e, 0x7f, 0xff, 0x38,
    0xe0, 0x0, 0xb3, 0x8e, 0x0, 0xb, 0x38, 0xe0,
    0x0, 0xb3, 0x8e, 0x15, 0x5f, 0x38, 0xe3, 0xff,
    0xf3, 0x8e, 0x0, 0xb, 0x10, 0xd0, 0x0, 0xb0,
    0x2d, 0x0, 0xb, 0x3, 0xc0, 0x0, 0xb0, 0xb8,
    0xbf, 0xff, 0x2f, 0x6, 0xaa, 0xf1, 0xc0, 0x0,
    0xb, 0x0, 0x0, 0x0, 0x0,

    /* U+5F53 "当" */
    0x0, 0xf, 0x0, 0xb, 0x3, 0xc1, 0xd0, 0xe0,
    0xf0, 0xf0, 0x28, 0x3c, 0x34, 0x2a, 0xaf, 0xaa,
    0x4f, 0xff, 0xff, 0xe0, 0x0, 0x0, 0x38, 0x0,
    0x0, 0xe, 0x1f, 0xff, 0xff, 0x81, 0x55, 0x55,
    0xe0, 0x0, 0x0, 0x38, 0xaa, 0xaa, 0xae, 0x3f,
    0xff, 0xff, 0x80, 0x0, 0x0, 0xe0,

    /* U+5F55 "录" */
    0x7, 0xff, 0xfd, 0x0, 0x5, 0x55, 0x74, 0x0,
    0x15, 0x55, 0xd0, 0x0, 0xff, 0xff, 0x40, 0x0,
    0x0, 0xd, 0x0, 0xff, 0xff, 0xff, 0xc1, 0x55,
    0xb9, 0x65, 0x3, 0xc1, 0xc0, 0xe0, 0x3, 0xcb,
    0x9f, 0x0, 0x1, 0xff, 0xe0, 0x0, 0x1f, 0x77,
    0xd0, 0x7, 0xe1, 0xc3, 0xe0, 0x3d, 0x1b, 0x2,
    0xf0, 0x40, 0xfc, 0x0, 0x0,

    /* U+5F62 "形" */
    0x0, 0x0, 0x0, 0x0, 0xff, 0xff, 0x7, 0x81,
    0xba, 0xe4, 0xbc, 0x1, 0xc3, 0x4f, 0x80, 0x7,
    0xd, 0x24, 0x0, 0x1c, 0x34, 0x1, 0xc2, 0xfa,
    0xe8, 0x1f, 0xf, 0xff, 0xf3, 0xf0, 0xb, 0xd,
    0x1d, 0x0, 0x2c, 0x34, 0x0, 0x90, 0xf0, 0xd0,
    0x7, 0x83, 0x83, 0x40, 0x7c, 0x1d, 0xd, 0xb,
    0xc0, 0xf0, 0x34, 0xf8, 0x1, 0x40, 0xd3, 0x40,
    0x0, 0x0, 0x0, 0x0,

    /* U+5F80 "往" */
    0x0, 0x0, 0x0, 0x0, 0xe, 0x3, 0x80, 0x0,
    0xb0, 0xb, 0x0, 0xf, 0x4f, 0xff, 0xfc, 0x74,
    0x5a, 0xba, 0xa0, 0x4b, 0x0, 0xd0, 0x0, 0x74,
    0x3, 0x40, 0x7, 0xc0, 0x1d, 0x0, 0x3f, 0x2f,
    0xff, 0xe0, 0xac, 0x1, 0xd0, 0x0, 0xb0, 0x3,
    0x40, 0x2, 0xc0, 0xd, 0x0, 0xb, 0x0, 0x34,
    0x0, 0x2d, 0xff, 0xff, 0xd0, 0xb7, 0xff, 0xff,
    0x40,

    /* U+5F84 "径" */
    0x1, 0x0, 0x0, 0x0, 0xe, 0x7f, 0xfe, 0x0,
    0xf0, 0xaa, 0xb4, 0xf, 0x40, 0x3, 0xc0, 0x74,
    0x40, 0x3d, 0x0, 0xb, 0x7, 0xfd, 0x0, 0x75,
    0xfc, 0x2e, 0x7, 0xcb, 0x40, 0x28, 0x3f, 0x5,
    0x55, 0x40, 0xac, 0x7f, 0xff, 0x0, 0xb0, 0x7,
    0x40, 0x2, 0xc0, 0x1d, 0x0, 0xb, 0x0, 0x74,
    0x0, 0x2c, 0x6a, 0xea, 0x80, 0xb3, 0xff, 0xff,
    0x0, 0x0, 0x0, 0x0,

    /* U+5F85 "待" */
    0x0, 0x0, 0x0, 0x0, 0xd, 0x1, 0xd0, 0x0,
    0xb1, 0xff, 0xfd, 0xb, 0x41, 0x6e, 0x50, 0x75,
    0x80, 0x74, 0x0, 0xf, 0xff, 0xff, 0xc0, 0xb5,
    0x55, 0x55, 0xb, 0xc0, 0x1, 0x90, 0x7f, 0x3f,
    0xff, 0xf0, 0x6c, 0x15, 0x5d, 0x0, 0xb0, 0xe0,
    0x74, 0x2, 0xc1, 0xe1, 0xd0, 0xb, 0x2, 0x47,
    0x40, 0x2c, 0x1, 0x6c, 0x0, 0xb0, 0xb, 0xf0,
    0x0, 0x0, 0x0, 0x0,

    /* U+5FC3 "心" */
    0x0, 0x0, 0x0, 0x0, 0x0, 0x3c, 0x0, 0x0,
    0x0, 0x78, 0x0, 0x0, 0x4, 0xb4, 0x0, 0x0,
    0xb0, 0xe0, 0x0, 0x26, 0xc0, 0xe, 0x0, 0xdb,
    0x0, 0x3c, 0x7, 0x6c, 0x0, 0x74, 0x1c, 0xb0,
    0x0, 0xe0, 0xf2, 0xc0, 0x26, 0xc3, 0x8b, 0x0,
    0xd7, 0x5d, 0x2c, 0x3, 0x48, 0x0, 0xba, 0xac,
    0x0, 0x0, 0xff, 0xe0, 0x0,

    /* U+5FEB "快" */
    0xb, 0x0, 0xb0, 0x0, 0x2c, 0x2, 0xc0, 0x1,
    0xb8, 0xff, 0xfc, 0xe, 0xf9, 0x6d, 0xb0, 0x3b,
    0xb0, 0xb1, 0xc1, 0xed, 0xc2, 0xc7, 0x7, 0xb1,
    0xaf, 0xae, 0x2, 0xcf, 0xff, 0xfc, 0xb, 0x0,
    0xf8, 0x0, 0x2c, 0xb, 0x74, 0x0, 0xb0, 0x38,
    0xf0, 0x2, 0xc3, 0xc0, 0xf0, 0xb, 0x7c, 0x1,
    0xf0, 0x2c, 0x80, 0x1, 0x80,

    /* U+6001 "态" */
    0x0, 0x5, 0x0, 0x0, 0x0, 0x3c, 0x0, 0x3,
    0xff, 0xff, 0xfd, 0xa, 0xaf, 0xfa, 0xa0, 0x0,
    0x3c, 0xe0, 0x0, 0x3, 0xd2, 0xe0, 0x0, 0xbf,
    0x82, 0xf4, 0x2f, 0xdb, 0x81, 0xfc, 0x74, 0x9,
    0x0, 0xa0, 0x0, 0x4, 0x0, 0x1, 0x8d, 0x74,
    0x38, 0xb, 0x34, 0xf0, 0xb0, 0x38, 0xd1, 0x4d,
    0xe1, 0xc3, 0xea, 0xb2, 0xc1, 0xb, 0xff, 0x80,
    0x0,

    /* U+601D "思" */
    0xb, 0xff, 0xff, 0x0, 0x2d, 0x6e, 0x7c, 0x0,
    0xb0, 0x70, 0xb0, 0x2, 0xff, 0xff, 0xc0, 0xb,
    0x5b, 0x5b, 0x0, 0x2c, 0x1c, 0x2c, 0x0, 0xbf,
    0xff, 0xf0, 0x1, 0xaa, 0xaa, 0x80, 0x0, 0x2,
    0x0, 0x0, 0x33, 0x8e, 0xd, 0x1, 0xce, 0x2c,
    0x2c, 0xf, 0x38, 0x3, 0x78, 0x74, 0xf5, 0x6c,
    0xf0, 0x82, 0xff, 0xe0, 0x0,

    /* U+6025 "急" */
    0x0, 0x0, 0x0, 0x0, 0x1, 0xe0, 0x0, 0x0,
    0x1f, 0xff, 0xc0, 0x1, 0xe0, 0x2c, 0x0, 0x2f,
    0xff, 0xff, 0x80, 0x95, 0x55, 0x5e, 0x0, 0x3f,
    0xff, 0xf8, 0x0, 0x55, 0x55, 0xe0, 0x7, 0xff,
    0xff, 0x80, 0x5, 0x55, 0x54, 0x0, 0x0, 0x10,
    0x0, 0x3, 0xac, 0xf0, 0xb0, 0x1d, 0xb0, 0xc9,
    0xf0, 0xf2, 0xd5, 0x79, 0xd1, 0x43, 0xff, 0xc1,
    0x0,

    /* U+603B "总" */
    0x0, 0x40, 0x8, 0x0, 0x7, 0x80, 0xb0, 0x0,
    0xb, 0x3, 0x80, 0x2, 0xff, 0xff, 0xe0, 0xb,
    0x55, 0x57, 0x80, 0x2c, 0x0, 0xe, 0x0, 0xb0,
    0x0, 0x38, 0x2, 0xff, 0xff, 0xe0, 0x5, 0x55,
    0x55, 0x40, 0x0, 0x9, 0x0, 0x1, 0xca, 0x3c,
    0x1d, 0xb, 0x38, 0xb0, 0x3c, 0x38, 0xe0, 0x4e,
    0xb1, 0xc3, 0xd5, 0xb8, 0xd1, 0x7, 0xff, 0xc0,
    0x0,

    /* U+6062 "恢" */
    0x0, 0x0, 0x0, 0x0, 0x2c, 0xd, 0x0, 0x0,
    0xb0, 0x79, 0x55, 0x6, 0xdb, 0xff, 0xfc, 0x3b,
    0xcb, 0x8, 0x0, 0xef, 0x78, 0x34, 0x7, 0xb5,
    0xdd, 0xda, 0x1e, 0xc7, 0x77, 0x38, 0xb, 0x3e,
    0xdc, 0xd0, 0x2c, 0xde, 0xbb, 0x0, 0xbf, 0x13,
    0xf0, 0x2, 0xf0, 0x2d, 0xd0, 0xb, 0x1, 0xe2,
    0xc0, 0x2c, 0x2e, 0x3, 0xc0, 0xb0, 0xa0, 0x2,
    0x0, 0x0, 0x0, 0x0,

    /* U+60E0 "惠" */
    0x0, 0x7, 0x40, 0x0, 0xff, 0xff, 0xff, 0xc0,
    0x6a, 0xba, 0xa4, 0x3, 0xd6, 0xe5, 0xf0, 0xf,
    0xff, 0xff, 0xc0, 0x39, 0x5d, 0x5b, 0x0, 0xff,
    0xff, 0xfc, 0x0, 0x55, 0xe5, 0xf0, 0x3f, 0xff,
    0xfe, 0xf0, 0x0, 0x0, 0x1, 0x80, 0xce, 0x38,
    0x2c, 0xb, 0x38, 0x72, 0x78, 0x38, 0xf5, 0x6d,
    0x70, 0x41, 0xff, 0xf0, 0x0,

    /* U+611F "感" */
    0x0, 0x0, 0x2c, 0xc0, 0x3f, 0xff, 0xff, 0xc0,
    0xe5, 0x56, 0xd5, 0x3, 0xbf, 0xfb, 0x34, 0xe,
    0x55, 0x4e, 0xc0, 0x36, 0xff, 0x3f, 0x1, 0xdb,
    0x2c, 0xb6, 0x4f, 0x2f, 0xf3, 0xed, 0x38, 0xaa,
    0xe9, 0xf0, 0x38, 0x4b, 0x0, 0x0, 0xd7, 0x1e,
    0xe, 0x7, 0x1c, 0x22, 0xec, 0x3c, 0x79, 0x5e,
    0x34, 0x50, 0xff, 0xf4, 0x0,

    /* U+6210 "成" */
    0x0, 0x0, 0x0, 0x0, 0x0, 0x3, 0xcd, 0x0,
    0x0, 0xf, 0x2c, 0x3, 0xff, 0xff, 0xfd, 0xe,
    0x55, 0xf5, 0x50, 0x38, 0x2, 0xc1, 0x0, 0xf5,
    0x47, 0x1d, 0x3, 0xff, 0x1d, 0xb0, 0xe, 0x2c,
    0x3b, 0x80, 0x38, 0xb0, 0xfc, 0x0, 0xd2, 0xc2,
    0xd1, 0x7, 0x7e, 0x1f, 0x8e, 0x2c, 0x51, 0xeb,
    0x34, 0xe0, 0x2f, 0xf, 0xc3, 0x0, 0xe0, 0xe,
    0x0, 0x0, 0x0, 0x0,

    /* U+6216 "或" */
    0x0, 0x0, 0xe2, 0x40, 0xaa, 0xab, 0xef, 0x83,
    0xff, 0xff, 0xff, 0x0, 0x0, 0x38, 0x0, 0x2f,
    0xfd, 0xf0, 0xc0, 0xb5, 0xb6, 0xc7, 0x2, 0xc1,
    0xdb, 0x3c, 0xb, 0x5b, 0x5d, 0xd0, 0x2f, 0xfd,
    0x7f, 0x0, 0x0, 0x4, 0xf4, 0x0, 0x5b, 0xe3,
    0xc3, 0xf, 0xf9, 0x7f, 0x8c, 0x24, 0x3, 0xdb,
    0xf0, 0x0, 0xd, 0xb, 0x40, 0x0, 0x0, 0x0,
    0x0,

    /* U+624B "手" */
    0x0, 0x0, 0x0, 0x0, 0x1, 0x5a, 0xf0, 0x3f,
    0xff, 0xa5, 0x0, 0x0, 0xf0, 0x0, 0x0, 0xf,
    0x0, 0x3, 0xff, 0xff, 0xf4, 0x1a, 0xaf, 0xaa,
    0x0, 0x0, 0xf0, 0x0, 0xaa, 0xaf, 0xaa, 0x9f,
    0xff, 0xff, 0xfe, 0x0, 0xf, 0x0, 0x0, 0x0,
    0xf0, 0x0, 0x0, 0xf, 0x0, 0x0, 0x5, 0xf0,
    0x0, 0x0, 0xfd, 0x0, 0x0,

    /* U+6253 "打" */
    0x7, 0x0, 0x0, 0x0, 0x70, 0xbf, 0xff, 0x6b,
    0xa5, 0x5f, 0x5b, 0xff, 0x0, 0xe0, 0x7, 0x0,
    0xe, 0x0, 0x70, 0x0, 0xe0, 0x7, 0xb0, 0xe,
    0x2, 0xfe, 0x0, 0xe0, 0xbf, 0x40, 0xe, 0x0,
    0x70, 0x0, 0xe0, 0x7, 0x0, 0xe, 0x0, 0x70,
    0x0, 0xe0, 0x1b, 0x1, 0x6e, 0x3, 0xf0, 0x1f,
    0xc0,

    /* U+626B "扫" */
    0x3, 0x40, 0x0, 0x0, 0x34, 0xbf, 0xff, 0x1b,
    0x95, 0x55, 0xf3, 0xff, 0x0, 0xb, 0x3, 0x40,
    0x0, 0xb0, 0x35, 0x2a, 0xaf, 0x7, 0xf3, 0xff,
    0xf3, 0xf8, 0x0, 0xb, 0x27, 0x40, 0x0, 0xb0,
    0x34, 0x0, 0xb, 0x3, 0x40, 0x0, 0xb0, 0x34,
    0xff, 0xff, 0x7, 0x46, 0xaa, 0xf1, 0xf0, 0x0,
    0xb, 0x0, 0x0, 0x0, 0x0,

    /* U+627E "找" */
    0x0, 0x0, 0x0, 0x0, 0x3, 0x40, 0xe3, 0x40,
    0x3, 0x40, 0xe3, 0xc0, 0x2b, 0xa0, 0xe0, 0x0,
    0x3f, 0xf0, 0xfb, 0xf0, 0x3, 0x4f, 0xff, 0x90,
    0x3, 0x4a, 0xf0, 0x50, 0x3, 0xf0, 0xb0, 0xf0,
    0x1f, 0xe0, 0x72, 0xc0, 0x3f, 0x40, 0x3f, 0x80,
    0x13, 0x40, 0x3e, 0x0, 0x3, 0x41, 0xfc, 0x28,
    0x3, 0x4f, 0xdf, 0x3c, 0x1b, 0x49, 0x7, 0xf4,
    0x2f, 0x0, 0x1, 0xe0,

    /* U+6298 "折" */
    0x0, 0x0, 0x0, 0x0, 0xd, 0x1, 0x5b, 0x40,
    0x34, 0x7f, 0xe4, 0xb, 0xf9, 0xc0, 0x0, 0x3f,
    0xf7, 0x0, 0x0, 0xd, 0x1e, 0xaa, 0x80, 0x34,
    0x7f, 0xff, 0x40, 0xfd, 0xc2, 0xc0, 0x2f, 0xe7,
    0xb, 0x0, 0xfd, 0x2c, 0x2c, 0x0, 0x34, 0xb0,
    0xb0, 0x0, 0xd3, 0x82, 0xc0, 0x3, 0x5c, 0xb,
    0x0, 0xbd, 0xf0, 0x2c, 0x2, 0xe1, 0x40, 0xb0,
    0x0,

    /* U+62A4 "护" */
    0x0, 0x0, 0x0, 0x0, 0x1d, 0x0, 0xb0, 0x0,
    0x74, 0x16, 0xe5, 0xa, 0xe6, 0xff, 0xfe, 0x3f,
    0xfb, 0x0, 0x38, 0x1d, 0x2c, 0x0, 0xe0, 0x75,
    0xbf, 0xff, 0x81, 0xfe, 0xea, 0xa9, 0x3f, 0xdb,
    0x0, 0x0, 0xfd, 0x2c, 0x0, 0x0, 0x74, 0xf0,
    0x0, 0x1, 0xd3, 0x80, 0x0, 0x7, 0x5d, 0x0,
    0x0, 0x6d, 0xf0, 0x0, 0x3, 0xf2, 0x40, 0x0,
    0x0, 0x0, 0x0, 0x0,

    /* U+62D4 "拔" */
    0x0, 0x0, 0x0, 0x0, 0x1c, 0x7, 0x1c, 0x0,
    0x70, 0x1c, 0x3c, 0xb, 0xe5, 0xfa, 0xa8, 0x3f,
    0xef, 0xff, 0xf4, 0x1c, 0xb, 0x0, 0x0, 0x71,
    0x2f, 0xfe, 0x2, 0xfc, 0xfd, 0x78, 0x3f, 0x83,
    0xf0, 0xd0, 0xfc, 0xe, 0xdb, 0x0, 0x70, 0x73,
    0xf8, 0x1, 0xc3, 0x87, 0xc0, 0x7, 0xd, 0x2f,
    0x80, 0x6c, 0xf7, 0xeb, 0xc3, 0xe2, 0x5d, 0x7,
    0x0, 0x0, 0x0, 0x0,

    /* U+62DF "拟" */
    0x7, 0x4, 0x0, 0xe0, 0x1c, 0x38, 0x3, 0x41,
    0xb9, 0xeb, 0xd, 0xf, 0xfb, 0x8d, 0x34, 0x7,
    0xe, 0x3c, 0xd0, 0x1c, 0x38, 0x77, 0x0, 0x7a,
    0xe0, 0x2c, 0x6, 0xf7, 0x80, 0xb0, 0x3f, 0x4e,
    0x3, 0x80, 0x5c, 0x3e, 0x9f, 0x0, 0x71, 0xfe,
    0xfd, 0x1, 0xc3, 0x4b, 0x2c, 0x1b, 0x0, 0xb4,
    0x34, 0xbc, 0x2, 0x40, 0x90, 0x0, 0x0, 0x0,
    0x0,

    /* U+62E9 "择" */
    0x7, 0x4b, 0xff, 0xe0, 0x1d, 0x1f, 0x5b, 0x82,
    0xb9, 0x1d, 0x2c, 0xf, 0xfc, 0x2f, 0xd0, 0x7,
    0x40, 0xbf, 0x40, 0x1d, 0x3f, 0xef, 0xe0, 0x7a,
    0xa0, 0x46, 0x4f, 0xe1, 0xff, 0xfc, 0x3b, 0x41,
    0x6d, 0x50, 0x1d, 0x0, 0xb0, 0x0, 0x74, 0xff,
    0xff, 0x81, 0xd1, 0x5b, 0x54, 0x1b, 0x0, 0x2c,
    0x0, 0xbc, 0x0, 0xb0, 0x0,

    /* U+62FF "拿" */
    0x0, 0x1b, 0xd0, 0x0, 0x1b, 0xe6, 0xf9, 0x3,
    0xe6, 0xaa, 0x6f, 0x0, 0xff, 0xff, 0xc0, 0x3,
    0x40, 0x7, 0x0, 0xf, 0xff, 0xfc, 0x0, 0x0,
    0x55, 0xa4, 0x2, 0xff, 0xff, 0x90, 0x6, 0xab,
    0x95, 0x40, 0x15, 0x6e, 0x55, 0x3, 0xff, 0xff,
    0xff, 0x0, 0x0, 0xe0, 0x0, 0x0, 0x17, 0x40,
    0x0, 0x0, 0xfc, 0x0, 0x0,

    /* U+6301 "持" */
    0x0, 0x0, 0x0, 0x0, 0x1d, 0x0, 0xb0, 0x0,
    0x74, 0x7f, 0xff, 0xf, 0xf4, 0x5f, 0x54, 0x3f,
    0xe0, 0x2c, 0x0, 0x1d, 0x3f, 0xff, 0xd0, 0x74,
    0x55, 0x55, 0x1, 0xe9, 0x55, 0xa4, 0x3f, 0xdf,
    0xff, 0xf8, 0xfd, 0x4, 0xf, 0x0, 0x74, 0x74,
    0x38, 0x1, 0xd0, 0xf0, 0xe0, 0x7, 0x40, 0xc3,
    0x80, 0x6c, 0x0, 0x5e, 0x2, 0xf0, 0x3, 0xf4,
    0x0, 0x0, 0x0, 0x0,

    /* U+6302 "挂" */
    0x7, 0x0, 0x2c, 0x0, 0x1c, 0x15, 0xf5, 0x42,
    0xb9, 0xbf, 0xff, 0xf, 0xf8, 0xb, 0x0, 0x7,
    0xa, 0xbe, 0xa4, 0x1c, 0x7f, 0xff, 0xe0, 0x7d,
    0x1, 0x80, 0xf, 0xe0, 0xb, 0x0, 0x3f, 0xb,
    0xff, 0xf0, 0x1c, 0x15, 0xf5, 0x40, 0x70, 0x2,
    0xc0, 0x1, 0xc6, 0xaf, 0xa9, 0x1b, 0x2f, 0xff,
    0xfc, 0xf8, 0x0, 0x0, 0x0,

    /* U+6307 "指" */
    0x3, 0x47, 0x0, 0x90, 0xd, 0x1e, 0xbf, 0x41,
    0xb9, 0x7e, 0x41, 0xf, 0xfd, 0xc0, 0xd, 0x3,
    0x47, 0xff, 0xf0, 0xd, 0x41, 0x55, 0x0, 0x7f,
    0x7f, 0xff, 0xf, 0xe1, 0xe5, 0x6c, 0x3b, 0x47,
    0x40, 0xb0, 0xd, 0x1f, 0xff, 0xc0, 0x34, 0x75,
    0x5b, 0x0, 0xd1, 0xe5, 0x6c, 0x2b, 0x47, 0xff,
    0xf0, 0xb8, 0x1d, 0x2, 0xc0, 0x0, 0x0, 0x0,
    0x0,

    /* U+6309 "按" */
    0x0, 0x0, 0x0, 0x0, 0x2c, 0x1, 0xd0, 0x0,
    0xb0, 0xab, 0xea, 0xb, 0xe7, 0xff, 0xfc, 0x7f,
    0xdd, 0x50, 0xb0, 0x2c, 0x13, 0x80, 0x40, 0xb0,
    0x5e, 0x55, 0x2, 0xfb, 0xff, 0xfd, 0x7f, 0x83,
    0x83, 0x81, 0xfc, 0x1d, 0xd, 0x0, 0xb0, 0xbc,
    0xb0, 0x2, 0xc0, 0x7f, 0x80, 0xb, 0x0, 0xbf,
    0x40, 0x7c, 0x6f, 0x9f, 0x83, 0xd3, 0xe0, 0xb,
    0x0, 0x0, 0x0, 0x0,

    /* U+636E "据" */
    0xb, 0xf, 0xff, 0xf0, 0x2c, 0x39, 0x57, 0xc2,
    0xf9, 0xe5, 0x5f, 0xf, 0xf7, 0xff, 0xfc, 0xb,
    0xe, 0x1d, 0x0, 0x2c, 0x39, 0xb9, 0x40, 0xbd,
    0xff, 0xff, 0x4f, 0xe7, 0x43, 0x0, 0x7f, 0x1d,
    0x5d, 0x40, 0x2c, 0xb7, 0xff, 0x40, 0xb3, 0xdc,
    0xd, 0x2, 0xce, 0x75, 0x74, 0x1f, 0xb1, 0xff,
    0xd0, 0xf8, 0x87, 0x3, 0x40, 0x0, 0x0, 0x0,
    0x0,

    /* U+6389 "掉" */
    0x0, 0x0, 0x0, 0x0, 0x1d, 0x0, 0xe0, 0x0,
    0x74, 0x3, 0xff, 0x4a, 0xe4, 0xe, 0x0, 0x3f,
    0xeb, 0xff, 0xd0, 0x1d, 0x2c, 0x3, 0x40, 0x74,
    0xbf, 0xfd, 0x1, 0xfa, 0xc0, 0x34, 0x2f, 0xdb,
    0x0, 0xd0, 0xfd, 0x2f, 0xff, 0x40, 0x74, 0x2,
    0xc0, 0x1, 0xdb, 0xff, 0xfe, 0x7, 0x5a, 0xbe,
    0xa4, 0xac, 0x0, 0xb0, 0x2, 0xf0, 0x2, 0xc0,
    0x0, 0x0, 0x0, 0x0,

    /* U+63A5 "接" */
    0x0, 0x0, 0x0, 0x0, 0x2c, 0x1, 0xd0, 0x0,
    0xb0, 0xff, 0xff, 0xb, 0xe1, 0xa5, 0xe0, 0x7f,
    0xc3, 0x87, 0x40, 0x2c, 0x1b, 0xbe, 0x40, 0xb1,
    0xff, 0xff, 0x2, 0xf0, 0x34, 0x0, 0x7f, 0x6f,
    0xff, 0xf5, 0xfc, 0x6f, 0xaf, 0x80, 0xb0, 0x74,
    0x38, 0x2, 0xc1, 0xfa, 0xc0, 0xb, 0x0, 0xbf,
    0x0, 0x7c, 0x1f, 0xef, 0x83, 0xe1, 0xf8, 0xb,
    0x0, 0x0, 0x0, 0x0,

    /* U+63A8 "推" */
    0x0, 0x0, 0x0, 0x0, 0x1d, 0x7, 0x38, 0x0,
    0x74, 0x3c, 0xb0, 0xa, 0xe5, 0xfb, 0xe8, 0x3f,
    0xef, 0xff, 0xf0, 0x1d, 0xbd, 0x2c, 0x0, 0x76,
    0xbf, 0xff, 0x1, 0xf9, 0xe7, 0xd4, 0x3f, 0x87,
    0x4b, 0x0, 0xad, 0x1f, 0xff, 0xc0, 0x74, 0x79,
    0xf5, 0x1, 0xd1, 0xd2, 0xc0, 0x7, 0x47, 0xaf,
    0xa0, 0xad, 0x1f, 0xff, 0xd2, 0xe0, 0x74, 0x0,
    0x0,

    /* U+63CF "描" */
    0x7, 0x41, 0xc1, 0xc0, 0x1d, 0x1b, 0x9b, 0x51,
    0xb9, 0xff, 0xff, 0xcf, 0xf8, 0x70, 0x70, 0x7,
    0x41, 0xd6, 0xd0, 0x1d, 0x6f, 0xff, 0xd0, 0x7e,
    0xb1, 0xc3, 0x4f, 0xe2, 0xc7, 0xd, 0x2b, 0x4b,
    0xff, 0xf4, 0x1d, 0x2d, 0xb9, 0xd0, 0x74, 0xb1,
    0xc3, 0x41, 0xd2, 0xdb, 0x9d, 0x2f, 0xb, 0xff,
    0xf4, 0xb8, 0x2c, 0x0, 0xd0,

    /* U+641C "搜" */
    0xb, 0xf, 0x77, 0xf0, 0x2c, 0x70, 0xd1, 0xc1,
    0xf5, 0xc3, 0x47, 0xf, 0xf7, 0xdd, 0xfc, 0xb,
    0x1c, 0x34, 0x70, 0x2c, 0x7f, 0xff, 0xc0, 0xbd,
    0x3, 0x80, 0xb, 0xe1, 0x5e, 0x54, 0x3f, 0x1f,
    0xff, 0xf0, 0x2c, 0x1d, 0x7, 0x80, 0xb0, 0x2d,
    0x7c, 0x2, 0xc0, 0x3f, 0xc0, 0x1f, 0x1b, 0xff,
    0xe4, 0xf8, 0xf9, 0x7, 0xd0, 0x0, 0x0, 0x0,
    0x0,

    /* U+64AD "播" */
    0x0, 0x0, 0x0, 0x0, 0x2c, 0x7f, 0xfe, 0x40,
    0xb0, 0x13, 0x8, 0xf, 0xf2, 0xcc, 0xb0, 0x3f,
    0xdb, 0x77, 0xd0, 0x2c, 0xbf, 0xff, 0xc0, 0xb4,
    0x7b, 0x79, 0x2, 0xff, 0x40, 0x3d, 0x7f, 0x5f,
    0xff, 0xe0, 0xfc, 0x34, 0xd3, 0x40, 0xb0, 0xd3,
    0x4d, 0x2, 0xc3, 0xff, 0xf4, 0xb, 0xd, 0x34,
    0xd0, 0xbc, 0x3f, 0xff, 0x43, 0xd0, 0xd0, 0xd,
    0x0,

    /* U+64CD "操" */
    0xb, 0x7, 0xff, 0xc0, 0x2c, 0x1c, 0xf, 0x3,
    0xfc, 0x7f, 0xfc, 0xf, 0xf0, 0x55, 0x50, 0xb,
    0x2f, 0xdf, 0xf0, 0x2c, 0xb3, 0x70, 0xc0, 0xbe,
    0xed, 0xeb, 0xb, 0xf7, 0xf3, 0xfc, 0x1f, 0x3f,
    0xff, 0xf4, 0x2c, 0x5f, 0xfd, 0x40, 0xb0, 0x77,
    0x7c, 0x2, 0xcb, 0x8d, 0x3c, 0x1f, 0x38, 0x34,
    0x74, 0xf4, 0x40, 0xd0, 0x0,

    /* U+652F "支" */
    0x0, 0x7, 0x40, 0x0, 0xaa, 0xae, 0xaa, 0x83,
    0xff, 0xff, 0xff, 0x0, 0x1, 0xd0, 0x0, 0x0,
    0x7, 0x40, 0x0, 0x3f, 0xff, 0xfd, 0x0, 0x3d,
    0x55, 0xf0, 0x0, 0x74, 0x7, 0x80, 0x0, 0xb4,
    0x78, 0x0, 0x0, 0xbb, 0x80, 0x0, 0x1, 0xfd,
    0x0, 0x0, 0xbf, 0x6f, 0x90, 0x3f, 0x90, 0xb,
    0xf0, 0x50, 0x0, 0x1, 0x40,

    /* U+6536 "收" */
    0x0, 0x0, 0x0, 0x0, 0x2, 0xc2, 0xc0, 0x0,
    0x4b, 0xe, 0x0, 0xb, 0x2c, 0x3f, 0xfc, 0x2c,
    0xb2, 0xea, 0xe0, 0xb2, 0xcf, 0x7, 0x2, 0xcb,
    0xbd, 0x1c, 0xb, 0x2d, 0xac, 0xb0, 0x2c, 0xb0,
    0x77, 0x80, 0xb2, 0xc0, 0xfd, 0x3, 0xff, 0x1,
    0xf0, 0xf, 0x6c, 0xb, 0xc0, 0x0, 0xb0, 0xbb,
    0xc0, 0x2, 0xcf, 0x83, 0xc0, 0xb, 0x34, 0x3,
    0x0, 0x0, 0x0, 0x0,

    /* U+653E "放" */
    0x0, 0x0, 0x0, 0x0, 0x1d, 0x1, 0xc0, 0x0,
    0x3c, 0xb, 0x0, 0x1f, 0xff, 0x3f, 0xfc, 0x2f,
    0xa9, 0xe6, 0xe0, 0x38, 0xf, 0x7, 0x0, 0xff,
    0xbd, 0x2c, 0x3, 0x9d, 0x6c, 0xf0, 0xd, 0x34,
    0x77, 0x40, 0x34, 0xd0, 0xfc, 0x1, 0xc3, 0x41,
    0xe0, 0xb, 0xd, 0xf, 0xc0, 0x38, 0x34, 0xbb,
    0xc1, 0xd6, 0xdf, 0x87, 0xc3, 0x3e, 0x34, 0x7,
    0x0, 0x0, 0x0, 0x0,

    /* U+6548 "效" */
    0x0, 0x0, 0x0, 0x0, 0xb, 0x0, 0xf0, 0x3,
    0xff, 0xf3, 0x80, 0xa, 0xaa, 0x8f, 0xfd, 0x6,
    0x34, 0xba, 0xe4, 0x38, 0xb7, 0xc3, 0x42, 0xc0,
    0xaf, 0x1c, 0xd, 0xd, 0x7d, 0xb0, 0xb, 0x74,
    0x2f, 0x80, 0xf, 0xc0, 0x3c, 0x0, 0x1f, 0x40,
    0xf0, 0x1, 0xff, 0xf, 0xe0, 0x1f, 0x9, 0xf5,
    0xe0, 0xf0, 0x1f, 0x42, 0xe1, 0x0, 0x10, 0x1,
    0x0,

    /* U+6570 "数" */
    0x0, 0x0, 0x0, 0x0, 0x53, 0x54, 0xe0, 0x1,
    0xdd, 0xd3, 0x80, 0x6, 0x7a, 0x4f, 0xfc, 0x3f,
    0xff, 0x7a, 0xe0, 0x2f, 0xd2, 0xc3, 0x42, 0xde,
    0xdf, 0x4c, 0xc, 0x30, 0x7e, 0x70, 0x17, 0xd5,
    0x5e, 0xc0, 0xff, 0xf8, 0x3e, 0x0, 0xf0, 0xd0,
    0xb0, 0x3, 0xef, 0x3, 0xe0, 0x7, 0xfc, 0x3d,
    0xe0, 0xfd, 0x7b, 0xc2, 0xd2, 0x40, 0x4, 0x1,
    0x0,

    /* U+6587 "文" */
    0x0, 0x4, 0x0, 0x0, 0x0, 0x38, 0x0, 0x0,
    0x0, 0xb0, 0x0, 0xf, 0xff, 0xff, 0xfc, 0x2b,
    0xea, 0xaf, 0xa0, 0xb, 0x0, 0x38, 0x0, 0xe,
    0x2, 0xc0, 0x0, 0x2c, 0xe, 0x0, 0x0, 0x3c,
    0xf0, 0x0, 0x0, 0x3f, 0x40, 0x0, 0x0, 0xfd,
    0x0, 0x0, 0x1f, 0x7e, 0x0, 0x7, 0xf0, 0x2f,
    0x80, 0xfd, 0x0, 0xb, 0xc1, 0x0, 0x0, 0x1,
    0x0,

    /* U+6597 "斗" */
    0x0, 0x0, 0xe, 0x0, 0x3, 0xc0, 0x38, 0x0,
    0x7, 0xd0, 0xe0, 0x0, 0x3, 0xd3, 0x80, 0xb,
    0x42, 0xe, 0x0, 0xf, 0x80, 0x38, 0x0, 0xb,
    0x80, 0xe0, 0x0, 0x9, 0x3, 0x80, 0x0, 0x1,
    0x6f, 0xf0, 0xaf, 0xff, 0xfe, 0x43, 0xfa, 0x50,
    0xe0, 0x0, 0x0, 0x3, 0x80, 0x0, 0x0, 0xe,
    0x0, 0x0, 0x0, 0x38, 0x0,

    /* U+659C "斜" */
    0x0, 0x0, 0x0, 0x0, 0x7, 0x80, 0x3, 0x80,
    0x7b, 0xc7, 0x4e, 0x7, 0x83, 0xcf, 0x78, 0x7d,
    0x5a, 0x8, 0xe0, 0x7f, 0xf0, 0x43, 0x80, 0xd,
    0xb, 0x4e, 0x5, 0xb9, 0x4b, 0x78, 0x3f, 0xfe,
    0x4, 0xe0, 0x3, 0x40, 0x7, 0xd0, 0xde, 0xdb,
    0xff, 0x8b, 0x37, 0x99, 0x78, 0x38, 0xd7, 0x0,
    0xe1, 0xdb, 0x48, 0x3, 0x80, 0x7c, 0x0, 0xe,
    0x0,

    /* U+65AD "断" */
    0x0, 0x0, 0x0, 0x0, 0xd5, 0xd9, 0xff, 0x83,
    0xb7, 0x77, 0x50, 0xd, 0xee, 0xdc, 0x0, 0x35,
    0x70, 0x70, 0x0, 0xef, 0xfd, 0xff, 0xd3, 0x5f,
    0x97, 0x6d, 0xd, 0x3f, 0x1c, 0xb0, 0x37, 0xff,
    0x72, 0xc0, 0xfd, 0xd9, 0xcb, 0x3, 0x47, 0xb,
    0x2c, 0xd, 0x1c, 0x38, 0xb0, 0x3f, 0xfd, 0xd2,
    0xc0, 0x55, 0x5b, 0xb, 0x0, 0x0, 0x4, 0x2c,
    0x0,

    /* U+65B0 "新" */
    0x0, 0x40, 0x0, 0x0, 0xb, 0x40, 0x5b, 0xc3,
    0xff, 0xf7, 0xf9, 0x2, 0x56, 0x5d, 0x0, 0xe,
    0x2c, 0x74, 0x0, 0xbe, 0xf9, 0xe5, 0x43, 0xff,
    0xf7, 0xff, 0x40, 0x74, 0x1d, 0x38, 0x3f, 0xff,
    0x74, 0xe0, 0x17, 0x95, 0xc3, 0x80, 0xde, 0xcb,
    0xe, 0x7, 0x77, 0x6c, 0x38, 0x2c, 0xde, 0xe0,
    0xe0, 0xe7, 0x47, 0x3, 0x81, 0x3c, 0x8, 0xe,
    0x0, 0x0, 0x0, 0x0,

    /* U+65B9 "方" */
    0x0, 0x1, 0x0, 0x0, 0x0, 0x2c, 0x0, 0x2,
    0xaa, 0xbe, 0xaa, 0xf, 0xff, 0xff, 0xfc, 0x0,
    0x34, 0x0, 0x0, 0x0, 0xd0, 0x0, 0x0, 0x3,
    0x95, 0x54, 0x0, 0x1f, 0xff, 0xe0, 0x0, 0xb0,
    0x3, 0x40, 0x3, 0xc0, 0xd, 0x0, 0xd, 0x0,
    0x34, 0x0, 0xf0, 0x0, 0xd0, 0xb, 0x40, 0x7,
    0x0, 0xb8, 0x1, 0x7c, 0x2, 0x80, 0xf, 0xd0,
    0x0, 0x0, 0x0, 0x0,

    /* U+65E0 "无" */
    0xf, 0xff, 0xff, 0xc0, 0x2a, 0xbe, 0xa9, 0x0,
    0x0, 0xe0, 0x0, 0x0, 0x3, 0x80, 0x0, 0x0,
    0xd, 0x0, 0x0, 0xff, 0xff, 0xff, 0xc2, 0xab,
    0xef, 0xaa, 0x0, 0xb, 0x38, 0x0, 0x0, 0x38,
    0xe0, 0x0, 0x2, 0xd3, 0x80, 0x0, 0x1f, 0xe,
    0x3, 0x1, 0xf0, 0x38, 0x1c, 0x2f, 0x40, 0xf5,
    0xf0, 0xe0, 0x1, 0xff, 0x40, 0x0, 0x0, 0x0,
    0x0,

    /* U+65E5 "日" */
    0xff, 0xff, 0xef, 0xaa, 0xae, 0xe0, 0x0, 0xee,
    0x0, 0xe, 0xe0, 0x0, 0xef, 0xaa, 0xae, 0xff,
    0xff, 0xee, 0x0, 0xe, 0xe0, 0x0, 0xee, 0x0,
    0xe, 0xe0, 0x0, 0xef, 0xff, 0xfe, 0xfa, 0xaa,
    0xee, 0x0, 0xe, 0x0, 0x0, 0x0,

    /* U+65F6 "时" */
    0x0, 0x0, 0xe, 0xf, 0xf8, 0x0, 0xe0, 0xe7,
    0x9a, 0xaf, 0x8e, 0x3b, 0xff, 0xfc, 0xe3, 0x80,
    0xe, 0xf, 0xf8, 0x80, 0xe0, 0xf7, 0x8e, 0xe,
    0xe, 0x38, 0xb0, 0xe0, 0xe3, 0x83, 0x8e, 0xe,
    0x78, 0x10, 0xe0, 0xff, 0x80, 0xe, 0xe, 0x34,
    0x0, 0xe0, 0x40, 0x1, 0x5e, 0x0, 0x0, 0x3f,
    0xc0,

    /* U+661F "星" */
    0xb, 0xff, 0xff, 0x40, 0xb0, 0x0, 0x34, 0xb,
    0xff, 0xff, 0x40, 0xb0, 0x0, 0x34, 0xb, 0x0,
    0x3, 0x40, 0xbf, 0xff, 0xf4, 0x1, 0x0, 0x0,
    0x0, 0xff, 0xff, 0xfd, 0x1d, 0x57, 0x95, 0x43,
    0x80, 0x38, 0x0, 0x33, 0xff, 0xff, 0xc0, 0x0,
    0x38, 0x0, 0x15, 0x57, 0x95, 0x53, 0xff, 0xff,
    0xff,

    /* U+663E "显" */
    0xb, 0xff, 0xff, 0x80, 0x2d, 0x55, 0x5e, 0x0,
    0xb5, 0x55, 0x78, 0x2, 0xff, 0xff, 0xe0, 0xb,
    0x0, 0x3, 0x80, 0x2f, 0xff, 0xfe, 0x0, 0x15,
    0x55, 0x54, 0x0, 0x0, 0x0, 0x0, 0x8, 0x38,
    0xb0, 0x90, 0x74, 0xe2, 0xc7, 0x40, 0xb3, 0x8b,
    0x38, 0x0, 0x8e, 0x2c, 0xc0, 0x2a, 0xbe, 0xfa,
    0xa0, 0xff, 0xff, 0xff, 0xc0,

    /* U+666E "普" */
    0x0, 0x40, 0x10, 0x0, 0x3, 0xc0, 0xf0, 0x2,
    0xff, 0xff, 0xfe, 0x6, 0x9f, 0x7d, 0xa4, 0xb,
    0x2c, 0xe3, 0x80, 0xd, 0xb3, 0x9d, 0x3, 0xff,
    0xff, 0xff, 0x5, 0x55, 0x55, 0x54, 0x7, 0xff,
    0xff, 0x40, 0x1d, 0x0, 0x1d, 0x0, 0x74, 0x0,
    0x74, 0x1, 0xff, 0xff, 0xd0, 0x7, 0x40, 0x7,
    0x40, 0x1f, 0xff, 0xfd, 0x0, 0x70, 0x0, 0x34,
    0x0,

    /* U+6682 "暂" */
    0x9, 0x0, 0x1, 0x4f, 0xff, 0xcf, 0xf8, 0x7d,
    0x55, 0xd0, 0x7, 0x78, 0x1d, 0x54, 0x7f, 0xf9,
    0xff, 0xc0, 0x39, 0x2c, 0xb0, 0xbf, 0xfb, 0x8b,
    0x6, 0xbd, 0x74, 0xb0, 0x2, 0x42, 0x6, 0x1,
    0xff, 0xff, 0xf0, 0x1d, 0x0, 0xf, 0x1, 0xff,
    0xff, 0xf0, 0x1d, 0x0, 0xf, 0x1, 0xff, 0xff,
    0xf0, 0x1c, 0x0, 0xb, 0x0,

    /* U+66F4 "更" */
    0x3f, 0xff, 0xff, 0xf0, 0x55, 0x6e, 0x55, 0x40,
    0x55, 0xb9, 0x54, 0x3, 0xff, 0xff, 0xf0, 0xf,
    0x7, 0x42, 0xc0, 0x3f, 0xff, 0xff, 0x0, 0xf0,
    0x74, 0x3c, 0x3, 0xd6, 0xe5, 0xf0, 0xf, 0xff,
    0xff, 0xc0, 0x9, 0x2c, 0x0, 0x0, 0x2f, 0xe0,
    0x0, 0x0, 0x2f, 0xd0, 0x0, 0x1b, 0xfb, 0xfe,
    0x90, 0xf9, 0x0, 0x6f, 0xd0, 0x0, 0x0, 0x0,
    0x0,

    /* U+6700 "最" */
    0x7, 0xff, 0xff, 0x80, 0x1d, 0x0, 0xe, 0x0,
    0x7f, 0xff, 0xf8, 0x1, 0xc0, 0x0, 0xe0, 0x7,
    0xff, 0xff, 0x80, 0x0, 0x0, 0x0, 0x3, 0xff,
    0xff, 0xff, 0x3, 0x97, 0x9a, 0xa0, 0xe, 0x5e,
    0xb6, 0xd0, 0x3f, 0xf8, 0xeb, 0x0, 0xe0, 0xe1,
    0xf4, 0xb, 0xff, 0xd7, 0xe0, 0x3f, 0xae, 0xfe,
    0xf0, 0x0, 0x3a, 0x81, 0x80, 0x0, 0x0, 0x0,
    0x0,

    /* U+6708 "月" */
    0x2f, 0xff, 0xf8, 0xba, 0xaa, 0xe2, 0xc0, 0x3,
    0x8b, 0x0, 0xe, 0x2f, 0xff, 0xf8, 0xb0, 0x0,
    0xe2, 0xc0, 0x3, 0x8b, 0x55, 0x5e, 0x2f, 0xff,
    0xf8, 0xb0, 0x0, 0xe3, 0x80, 0x3, 0x8d, 0x0,
    0xe, 0xb0, 0x1, 0xba, 0x80, 0xf, 0xc0, 0x0,
    0x0, 0x0,

    /* U+6709 "有" */
    0x0, 0x8, 0x0, 0x0, 0x0, 0xb0, 0x0, 0x3,
    0xff, 0xff, 0xff, 0xa, 0xbe, 0xaa, 0xa8, 0x0,
    0xf0, 0x0, 0x0, 0xb, 0xff, 0xfd, 0x0, 0xbe,
    0x55, 0x74, 0xb, 0xf9, 0x55, 0xd0, 0x38, 0xff,
    0xff, 0x40, 0x43, 0x80, 0xd, 0x0, 0xf, 0xff,
    0xf4, 0x0, 0x39, 0x55, 0xd0, 0x0, 0xe0, 0x3,
    0x40, 0x3, 0x80, 0x6d, 0x0, 0xe, 0x3, 0xf0,
    0x0,

    /* U+671F "期" */
    0xd, 0xd, 0x7f, 0xf3, 0xff, 0xf7, 0x9f, 0x2e,
    0x6e, 0x70, 0xb0, 0xe6, 0xd7, 0x9f, 0xf, 0xfd,
    0x7f, 0xf0, 0xd0, 0xd7, 0xb, 0xf, 0xfd, 0x70,
    0xb0, 0xe6, 0xd7, 0xff, 0x2e, 0x6e, 0xbf, 0xf3,
    0xff, 0xfb, 0xb, 0x5, 0x10, 0xe0, 0xb0, 0xe3,
    0x8d, 0xb, 0x3c, 0x1f, 0xc1, 0xf3, 0x40, 0xa8,
    0x3e, 0x0, 0x0, 0x0, 0x0,

    /* U+672A "未" */
    0x0, 0x7, 0x40, 0x0, 0x2a, 0xae, 0xaa, 0x0,
    0xff, 0xff, 0xfd, 0x0, 0x1, 0xd0, 0x0, 0x0,
    0x7, 0x40, 0x0, 0xaa, 0xae, 0xaa, 0x83, 0xff,
    0xff, 0xff, 0x0, 0xe, 0xec, 0x0, 0x0, 0xb7,
    0x78, 0x0, 0x7, 0x5d, 0x74, 0x0, 0xb8, 0x74,
    0xb8, 0xf, 0x81, 0xd0, 0xbc, 0x38, 0x7, 0x40,
    0xb0, 0x0, 0x1d, 0x0, 0x0,

    /* U+672C "本" */
    0x0, 0x7, 0x40, 0x0, 0x0, 0x1d, 0x0, 0x2,
    0xaa, 0xba, 0xaa, 0xf, 0xff, 0xff, 0xfc, 0x0,
    0x3f, 0xf0, 0x0, 0x1, 0xdd, 0xd0, 0x0, 0xe,
    0x75, 0xc0, 0x0, 0xf1, 0xd3, 0xc0, 0xf, 0x7,
    0x43, 0xc1, 0xf7, 0xff, 0xfb, 0xc3, 0xa, 0xba,
    0x82, 0x0, 0x1, 0xd0, 0x0, 0x0, 0x7, 0x40,
    0x0, 0x0, 0x1d, 0x0, 0x0,

    /* U+673A "机" */
    0x3, 0x83, 0xff, 0x0, 0xe, 0xf, 0x7c, 0x2,
    0xbe, 0x38, 0xb0, 0xf, 0xfd, 0xe2, 0xc0, 0x7,
    0x83, 0x8b, 0x0, 0x2f, 0x4e, 0x2c, 0x0, 0xff,
    0x78, 0xb0, 0xb, 0xed, 0xd2, 0xc0, 0x37, 0x83,
    0x4b, 0x0, 0xce, 0xd, 0x2c, 0x80, 0x38, 0xb0,
    0xb3, 0x40, 0xe3, 0xc2, 0xcd, 0x3, 0x9e, 0xb,
    0xb4, 0xe, 0x30, 0xf, 0xc0, 0x0, 0x0, 0x0,
    0x0,

    /* U+675F "束" */
    0x0, 0x7, 0x40, 0x0, 0xff, 0xff, 0xff, 0xc2,
    0xaa, 0xba, 0xa9, 0x1, 0x56, 0xe5, 0x50, 0xf,
    0xff, 0xff, 0xc0, 0x38, 0x1d, 0xb, 0x0, 0xe0,
    0x74, 0x2c, 0x3, 0xff, 0xff, 0xf0, 0x1, 0x7f,
    0xf5, 0x0, 0x2, 0xdd, 0xe0, 0x0, 0x2d, 0x74,
    0xe0, 0x7, 0xd1, 0xd1, 0xf4, 0x3c, 0x7, 0x40,
    0xf4, 0x40, 0x1d, 0x0, 0x40,

    /* U+6761 "条" */
    0x0, 0x10, 0x0, 0x0, 0x1, 0xe5, 0x54, 0x0,
    0x1f, 0xff, 0xf0, 0x1, 0xf8, 0xb, 0x40, 0x1e,
    0x7d, 0xf4, 0x0, 0x10, 0x7f, 0x80, 0x0, 0x1f,
    0xef, 0xe4, 0xf, 0xe4, 0x6, 0xfc, 0x19, 0x5b,
    0x95, 0x80, 0x3f, 0xff, 0xff, 0x0, 0x0, 0x74,
    0x0, 0x0, 0xb1, 0xd3, 0x80, 0xb, 0x87, 0x4b,
    0xc0, 0xf4, 0x6d, 0x7, 0x81, 0x43, 0xf0, 0x4,
    0x0,

    /* U+6765 "来" */
    0x0, 0x7, 0x40, 0x0, 0x6a, 0xae, 0xaa, 0x42,
    0xff, 0xff, 0xfe, 0x0, 0x81, 0xd1, 0x80, 0x3,
    0xc7, 0x4f, 0x0, 0x7, 0x1d, 0x74, 0x3, 0xff,
    0xff, 0xff, 0xa, 0xaf, 0xfe, 0xa8, 0x0, 0x3b,
    0xb4, 0x0, 0x3, 0x9d, 0xb0, 0x0, 0x7c, 0x74,
    0xf4, 0xb, 0xc1, 0xd0, 0xf8, 0x78, 0x7, 0x40,
    0xb0, 0x0, 0x1d, 0x0, 0x0,

    /* U+677F "板" */
    0xb, 0x0, 0x5a, 0xd0, 0x2c, 0x3f, 0xf9, 0x6,
    0xf9, 0xe0, 0x0, 0x2f, 0xfb, 0x80, 0x0, 0xf,
    0xf, 0xff, 0xd0, 0x3e, 0x3f, 0xab, 0x41, 0xfe,
    0xea, 0x1c, 0xf, 0xd7, 0x9c, 0xb0, 0xbb, 0xd,
    0x3b, 0x82, 0x6c, 0x34, 0xbc, 0x0, 0xb1, 0xc1,
    0xf0, 0x2, 0xcf, 0x1f, 0xf0, 0xb, 0x3a, 0xf1,
    0xf0, 0x2c, 0x8a, 0x1, 0x80, 0x0, 0x0, 0x0,
    0x0,

    /* U+6781 "极" */
    0x3, 0x8f, 0xff, 0xc0, 0xe, 0x2f, 0xaf, 0x2,
    0xbe, 0x2c, 0x38, 0xa, 0xf8, 0xf0, 0xd0, 0x7,
    0xc3, 0xc7, 0xf0, 0x3f, 0x8f, 0x46, 0xc0, 0xff,
    0x7e, 0xe, 0xa, 0xe8, 0xec, 0x34, 0x37, 0x87,
    0x3e, 0xc0, 0x8e, 0x2c, 0x7e, 0x0, 0x38, 0xe0,
    0xf4, 0x0, 0xe7, 0x5f, 0xf4, 0x3, 0xbe, 0xf4,
    0xf4, 0xe, 0x93, 0x0, 0x80, 0x0, 0x0, 0x0,
    0x0,

    /* U+67E5 "查" */
    0x0, 0x7, 0x40, 0x0, 0xbf, 0xff, 0xff, 0xc0,
    0x57, 0xff, 0x94, 0x1, 0xb4, 0xd7, 0x90, 0x3e,
    0x3, 0x42, 0xf0, 0x4f, 0xff, 0xfd, 0x40, 0x39,
    0x55, 0xb0, 0x0, 0xe0, 0x1, 0xc0, 0x3, 0xff,
    0xff, 0x0, 0xe, 0x55, 0x6c, 0x0, 0x3f, 0xff,
    0xf0, 0x5, 0x55, 0x55, 0x54, 0x3f, 0xff, 0xff,
    0xf0, 0x0, 0x0, 0x0, 0x0,

    /* U+6807 "标" */
    0xb, 0xf, 0xff, 0xc0, 0x2c, 0x15, 0x55, 0x3,
    0xfe, 0x0, 0x0, 0xf, 0xf4, 0x0, 0x0, 0xf,
    0x2f, 0xff, 0xf0, 0x3e, 0x6a, 0xea, 0x82, 0xfd,
    0x3, 0x40, 0xf, 0xda, 0xcd, 0xb0, 0xbb, 0xe,
    0x35, 0xc1, 0x6c, 0x34, 0xd3, 0x40, 0xb1, 0xc3,
    0x4e, 0x2, 0xce, 0xd, 0x2c, 0xb, 0x11, 0xb4,
    0x60, 0x2c, 0xb, 0xc0, 0x0,

    /* U+6808 "栈" */
    0x0, 0x0, 0x0, 0x0, 0xd, 0x2, 0xcd, 0x0,
    0x34, 0xb, 0x2c, 0x6, 0xe4, 0x2c, 0x60, 0x3f,
    0xf6, 0xff, 0xd0, 0x2d, 0x3f, 0xd4, 0x0, 0xfc,
    0xb, 0x5, 0x7, 0xf8, 0x7f, 0xfc, 0x3b, 0xbf,
    0xf9, 0x41, 0xdd, 0x40, 0xd7, 0x42, 0x34, 0x3,
    0xfc, 0x0, 0xd0, 0xb, 0xc4, 0x3, 0x41, 0xfe,
    0x38, 0xd, 0x3f, 0x6e, 0xd0, 0x34, 0x90, 0x2e,
    0x0,

    /* U+6821 "校" */
    0x0, 0x0, 0x0, 0x0, 0xe, 0x0, 0xd0, 0x0,
    0x38, 0x57, 0xd5, 0x6, 0xf7, 0xff, 0xfc, 0x3f,
    0xf1, 0x42, 0x40, 0x1e, 0xf, 0xf, 0x0, 0xbc,
    0x74, 0xe, 0x3, 0xff, 0xd0, 0xbd, 0x2f, 0xbe,
    0xc3, 0x60, 0xde, 0x43, 0x6c, 0x3, 0x38, 0xb,
    0xe0, 0x0, 0xe0, 0xf, 0x40, 0x3, 0x80, 0xff,
    0x40, 0xe, 0x2f, 0x4f, 0xd0, 0x38, 0xe0, 0x7,
    0x0, 0x0, 0x0, 0x0,

    /* U+68C0 "检" */
    0xb, 0x0, 0x78, 0x0, 0x2c, 0x3, 0xf0, 0x1,
    0xb4, 0x2c, 0xf0, 0xf, 0xf6, 0xd0, 0xf0, 0xf,
    0x2f, 0xff, 0xf0, 0x3f, 0x41, 0x54, 0x82, 0xfd,
    0x5a, 0x1c, 0xf, 0xc3, 0xac, 0x70, 0x7b, 0xb,
    0x72, 0xc0, 0x6c, 0x1c, 0xde, 0x0, 0xb0, 0x30,
    0x70, 0x2, 0xc6, 0xab, 0xe8, 0xb, 0x2f, 0xff,
    0xf0, 0x2c, 0x0, 0x0, 0x0,

    /* U+6982 "概" */
    0xd, 0x3f, 0x3f, 0xe0, 0x34, 0xdc, 0x5e, 0x47,
    0xfb, 0x32, 0x78, 0x7, 0x9f, 0xc9, 0xd0, 0xd,
    0x37, 0x37, 0x40, 0x7c, 0xcc, 0xee, 0x43, 0xfb,
    0x73, 0xff, 0xf, 0xff, 0xc6, 0xd4, 0xad, 0xb0,
    0xb, 0x2, 0x74, 0xcc, 0x3e, 0x0, 0xd3, 0x3d,
    0xf8, 0x3, 0x5f, 0xfe, 0xa9, 0xd, 0x74, 0xf2,
    0xb4, 0x34, 0x7, 0x7, 0xc0,

    /* U+6A21 "模" */
    0x7, 0x2, 0x87, 0x0, 0x1c, 0xff, 0xff, 0xc1,
    0xb5, 0x7d, 0xb5, 0xf, 0xf5, 0xa6, 0xd0, 0xb,
    0xf, 0xaa, 0xd0, 0x3e, 0x3f, 0xff, 0x42, 0xfd,
    0xe5, 0x5d, 0xe, 0xd7, 0xff, 0xf4, 0x77, 0x0,
    0x34, 0x0, 0x5c, 0xff, 0xff, 0xd0, 0x71, 0x5f,
    0xe5, 0x1, 0xc0, 0xbb, 0xd0, 0x7, 0x1f, 0x83,
    0xe0, 0x1c, 0x74, 0x2, 0xc0, 0x0, 0x0, 0x0,
    0x0,

    /* U+6B21 "次" */
    0x0, 0x0, 0x0, 0x0, 0x40, 0x1c, 0x0, 0x3,
    0x80, 0xb0, 0x0, 0xb, 0x43, 0xff, 0xfc, 0xf,
    0xf, 0xaa, 0xe0, 0x4, 0xb1, 0x87, 0x40, 0x7,
    0x8b, 0x2c, 0x0, 0x4, 0x2c, 0xa0, 0x7, 0x0,
    0xf0, 0x0, 0x3c, 0x3, 0xe0, 0x0, 0xe0, 0x2f,
    0xc0, 0xb, 0x1, 0xf3, 0xc0, 0x3c, 0x1f, 0x7,
    0xc1, 0xd2, 0xf0, 0x7, 0xc0, 0x2, 0x0, 0x6,
    0x0,

    /* U+6B4C "歌" */
    0x0, 0x0, 0x10, 0x0, 0xff, 0xf9, 0xc0, 0x1,
    0x56, 0xdb, 0xaa, 0xb, 0xf7, 0x3f, 0xfc, 0x28,
    0xdd, 0xd0, 0xb0, 0xbf, 0x7b, 0x37, 0x80, 0x0,
    0x98, 0xdd, 0xf, 0xff, 0xc7, 0x10, 0x15, 0x6d,
    0x1c, 0x0, 0xbf, 0x70, 0xb8, 0x2, 0x8d, 0xc3,
    0xf0, 0xb, 0xf7, 0xd, 0xd0, 0x0, 0x1c, 0xb1,
    0xc0, 0x0, 0x7b, 0x42, 0xc0, 0xf, 0xa4, 0x3,
    0x0, 0x0, 0x0, 0x0,

    /* U+6B62 "止" */
    0x0, 0x2, 0xc0, 0x0, 0x0, 0xb, 0x0, 0x0,
    0x24, 0x2c, 0x0, 0x0, 0xe0, 0xb0, 0x0, 0x3,
    0x82, 0xea, 0x80, 0xe, 0xb, 0xff, 0x40, 0x38,
    0x2c, 0x0, 0x0, 0xe0, 0xb0, 0x0, 0x3, 0x82,
    0xc0, 0x0, 0xe, 0xb, 0x0, 0x0, 0x38, 0x2c,
    0x0, 0xa, 0xfa, 0xfa, 0xa8, 0x3f, 0xff, 0xff,
    0xf0,

    /* U+6B63 "正" */
    0x3f, 0xff, 0xff, 0xc2, 0xaa, 0xfa, 0xa4, 0x0,
    0xb, 0x0, 0x0, 0x0, 0xb0, 0x0, 0x5, 0xb,
    0x0, 0x0, 0xe0, 0xba, 0x90, 0xe, 0xb, 0xff,
    0x0, 0xe0, 0xb0, 0x0, 0xe, 0xb, 0x0, 0x0,
    0xe0, 0xb0, 0x0, 0xe, 0xb, 0x0, 0xa, 0xfa,
    0xfa, 0xa9, 0xff, 0xff, 0xff, 0xe0,

    /* U+6B64 "此" */
    0x0, 0xb0, 0xb0, 0x0, 0x2, 0xc2, 0xc0, 0x0,
    0x4b, 0xb, 0x0, 0xb, 0x2c, 0x2c, 0x3c, 0x2c,
    0xba, 0xbb, 0xc0, 0xb2, 0xfe, 0xf4, 0x2, 0xcb,
    0xb, 0x0, 0xb, 0x2c, 0x2c, 0x0, 0x2c, 0xb0,
    0xb0, 0x0, 0xb2, 0xc2, 0xc1, 0xc2, 0xcb, 0xbb,
    0x7, 0x1f, 0xff, 0xae, 0xbc, 0xba, 0x40, 0x3f,
    0xd0, 0x0, 0x0, 0x0, 0x0,

    /* U+6B65 "步" */
    0x0, 0x7, 0x40, 0x0, 0xd, 0x1e, 0x55, 0x0,
    0x34, 0x7f, 0xf8, 0x0, 0xd1, 0xd0, 0x0, 0x2b,
    0xab, 0xaa, 0xa0, 0xff, 0xff, 0xff, 0xc0, 0x4,
    0x34, 0x0, 0x0, 0xb0, 0xd0, 0xb0, 0xb, 0x43,
    0x43, 0x80, 0xb8, 0xd, 0x3c, 0x1, 0x80, 0x17,
    0xd0, 0x0, 0x0, 0xbd, 0x0, 0xa, 0xbf, 0x80,
    0x0, 0x3f, 0x90, 0x0, 0x0, 0x0, 0x0, 0x0,
    0x0,

    /* U+6BD4 "比" */
    0x0, 0x0, 0x0, 0x0, 0xb0, 0xb, 0x0, 0x2,
    0xc0, 0x2c, 0x0, 0xb, 0x0, 0xb0, 0x0, 0x2c,
    0x2, 0xc2, 0xd0, 0xbf, 0xfb, 0xbe, 0x42, 0xea,
    0x6f, 0x40, 0xb, 0x0, 0xb0, 0x0, 0x2c, 0x2,
    0xc0, 0x0, 0xb0, 0xb, 0x0, 0x2, 0xc0, 0x2c,
    0x7, 0xb, 0x6, 0xb0, 0x2c, 0x3f, 0xfe, 0xea,
    0xe0, 0xb9, 0x3, 0xff, 0x40, 0x0, 0x0, 0x0,
    0x0,

    /* U+6C14 "气" */
    0x0, 0x40, 0x0, 0x0, 0x7, 0x40, 0x0, 0x0,
    0x3f, 0xff, 0xfe, 0x2, 0xea, 0xaa, 0xa4, 0x2e,
    0xaa, 0xaa, 0x80, 0xe3, 0xff, 0xfe, 0x1, 0x55,
    0x55, 0x50, 0x3, 0xff, 0xff, 0xc0, 0x0, 0x0,
    0x7, 0x0, 0x0, 0x0, 0x1c, 0x0, 0x0, 0x0,
    0x70, 0x0, 0x0, 0x0, 0xc7, 0x0, 0x0, 0x3,
    0x6c, 0x0, 0x0, 0xf, 0xe0, 0x0, 0x0, 0xf,
    0x0, 0x0, 0x0, 0x0,

    /* U+6C34 "水" */
    0x0, 0x3, 0x40, 0x0, 0x0, 0xd, 0x0, 0x0,
    0x0, 0x34, 0x8, 0xa, 0xa4, 0xe0, 0xb4, 0x3f,
    0xf3, 0xcb, 0x40, 0x2, 0xcf, 0xf4, 0x0, 0xd,
    0x3f, 0x40, 0x0, 0xb0, 0xdf, 0x0, 0x3, 0x83,
    0x4e, 0x0, 0x2c, 0xd, 0x2d, 0x2, 0xd0, 0x34,
    0x2e, 0x1e, 0x0, 0xd0, 0x2d, 0x10, 0x1b, 0x40,
    0x20, 0x0, 0xfc, 0x0, 0x0,

    /* U+6C47 "汇" */
    0x0, 0x0, 0x0, 0x3, 0xc2, 0xff, 0xff, 0x1f,
    0x6e, 0xaa, 0x90, 0x32, 0xc0, 0x0, 0x10, 0x2c,
    0x0, 0x7, 0xc2, 0xc0, 0x0, 0x1f, 0x2c, 0x0,
    0x0, 0x12, 0xc0, 0x0, 0x0, 0x2c, 0x0, 0x0,
    0x72, 0xc0, 0x0, 0xf, 0x2c, 0x0, 0x1, 0xd2,
    0xc0, 0x0, 0x3c, 0x2e, 0xaa, 0xa7, 0x82, 0xff,
    0xff, 0x0, 0x0, 0x0, 0x0,

    /* U+6C60 "池" */
    0x0, 0x0, 0xb0, 0x0, 0xf0, 0x2, 0xc0, 0x1,
    0xf2, 0xcb, 0x5, 0x0, 0x8b, 0x2e, 0xf8, 0x34,
    0x2f, 0xf9, 0xd0, 0xf6, 0xfa, 0xc3, 0x40, 0x96,
    0xcb, 0xd, 0x0, 0xb, 0x2c, 0xb4, 0x7, 0x2c,
    0xb3, 0xc0, 0x3c, 0xb2, 0xc0, 0x0, 0xe2, 0xc6,
    0x3, 0x4b, 0xb, 0x0, 0x1c, 0x3c, 0x1e, 0x55,
    0xf0, 0xd0, 0x3f, 0xff, 0x80, 0x0, 0x0, 0x0,
    0x0,

    /* U+6CA1 "没" */
    0x0, 0x0, 0x0, 0x0, 0xf0, 0x2f, 0xfc, 0x1,
    0xf0, 0xb5, 0xf0, 0x0, 0xc2, 0xc2, 0xc0, 0x10,
    0xe, 0xb, 0x51, 0xf1, 0xf0, 0x1f, 0xc1, 0xe2,
    0x0, 0x0, 0x1, 0xf, 0xff, 0xf0, 0x1, 0x1f,
    0x57, 0xc0, 0x1c, 0x1c, 0x1e, 0x0, 0xf0, 0x3d,
    0xf0, 0x7, 0x40, 0x3f, 0x0, 0x3c, 0x1b, 0xff,
    0x40, 0xd1, 0xf8, 0x1f, 0xd0, 0x1, 0x0, 0x1,
    0x0,

    /* U+6CBF "沿" */
    0x4, 0x0, 0x0, 0x0, 0x78, 0xf, 0xfe, 0x0,
    0xbc, 0x79, 0x78, 0x0, 0x61, 0xc0, 0xe0, 0x10,
    0xb, 0x3, 0x80, 0xf4, 0x78, 0xf, 0x90, 0xf7,
    0xc0, 0x2f, 0x80, 0x85, 0x0, 0x0, 0x0, 0xf,
    0xff, 0xd0, 0xf, 0x39, 0x57, 0x40, 0x74, 0xe0,
    0xd, 0x3, 0xc3, 0x80, 0x34, 0x1e, 0xf, 0xaa,
    0xd0, 0xf4, 0x3f, 0xff, 0x40, 0x80, 0xe0, 0xd,
    0x0,

    /* U+6CD5 "法" */
    0x0, 0x0, 0x0, 0x0, 0xa0, 0x2, 0xc0, 0x2,
    0xe0, 0xb, 0x0, 0x1, 0xcf, 0xff, 0xf8, 0x10,
    0x2a, 0xfa, 0x91, 0xe0, 0x2, 0xc0, 0x2, 0xe0,
    0xb, 0x0, 0x2, 0x3f, 0xff, 0xfc, 0x0, 0x6b,
    0xea, 0xa0, 0x1c, 0xe, 0x4, 0x0, 0xf0, 0x70,
    0x38, 0x3, 0x83, 0x80, 0xb0, 0x2c, 0x2d, 0x6f,
    0xe0, 0xe0, 0xff, 0xeb, 0xc1, 0x1, 0x40, 0x6,
    0x0,

    /* U+6CE2 "波" */
    0x28, 0x0, 0x38, 0x0, 0xb8, 0x55, 0xe5, 0x40,
    0x73, 0xff, 0xff, 0x0, 0xe, 0xe, 0x38, 0x78,
    0x38, 0x38, 0x90, 0x78, 0xe5, 0xe5, 0x0, 0x53,
    0xff, 0xfc, 0x0, 0xd, 0xb0, 0xb0, 0xb, 0x35,
    0xd3, 0x40, 0x39, 0xc2, 0xfc, 0x1, 0xdb, 0x3,
    0xe0, 0xf, 0x38, 0x7f, 0xe0, 0x3a, 0xdf, 0xc2,
    0xf0, 0x41, 0x24, 0x0, 0x80,

    /* U+6D4B "测" */
    0x0, 0x0, 0x0, 0x3, 0x8f, 0xfd, 0x7, 0x1d,
    0xd0, 0xde, 0x70, 0xd, 0xdd, 0xe7, 0x20, 0xdd,
    0xde, 0x73, 0xcd, 0xdd, 0xe7, 0xc, 0xdd, 0xde,
    0x70, 0xd, 0xdd, 0xe7, 0x8, 0xdd, 0xde, 0x70,
    0xdd, 0xcd, 0xe7, 0x1c, 0x1c, 0xe, 0x72, 0xc1,
    0xc0, 0x7, 0x38, 0x3b, 0x80, 0x73, 0x4f, 0x1d,
    0xb, 0x71, 0xc0, 0xa7, 0xe0, 0x0, 0x0, 0x0,

    /* U+6D77 "海" */
    0x0, 0x5, 0x0, 0x0, 0x70, 0x3d, 0x55, 0x40,
    0xf2, 0xff, 0xff, 0x40, 0x9e, 0x0, 0x0, 0x0,
    0xbf, 0xff, 0xe0, 0xf4, 0x76, 0x97, 0x80, 0xf1,
    0xcb, 0x8e, 0x0, 0x1b, 0x5e, 0x7d, 0x0, 0xff,
    0xff, 0xf8, 0xc, 0xe3, 0x83, 0x40, 0x73, 0x83,
    0x4d, 0x3, 0xcf, 0xff, 0xfe, 0x1d, 0x15, 0x56,
    0xe0, 0xb0, 0x0, 0x5f, 0x1, 0x40, 0x3, 0xf4,
    0x0,

    /* U+6D88 "消" */
    0x0, 0x0, 0x0, 0x0, 0x70, 0x10, 0xe0, 0x41,
    0xf6, 0xc3, 0x8b, 0x0, 0x93, 0x8e, 0x38, 0x24,
    0x1a, 0xbe, 0xa0, 0xf4, 0xbf, 0xff, 0xc0, 0xf2,
    0xc0, 0x7, 0x1, 0x8b, 0x0, 0x2c, 0x0, 0x2f,
    0xff, 0xf0, 0xd, 0xb0, 0x1, 0xc0, 0x72, 0xff,
    0xff, 0x3, 0xcb, 0x0, 0x2c, 0x1d, 0x2c, 0x0,
    0x70, 0xf0, 0xb0, 0x17, 0xc2, 0x42, 0xc0, 0xbe,
    0x0, 0x0, 0x0, 0x0,

    /* U+6E05 "清" */
    0x14, 0x0, 0x0, 0x3, 0xd7, 0xff, 0xfe, 0x1f,
    0x0, 0xf0, 0x0, 0x50, 0xf, 0x0, 0x0, 0x3f,
    0xff, 0xc7, 0x85, 0x5f, 0x55, 0x1e, 0xaa, 0xaa,
    0xa0, 0x2, 0xff, 0xfc, 0x4, 0x2c, 0x3, 0xc0,
    0xe2, 0xff, 0xfc, 0xd, 0x2c, 0x3, 0xc2, 0xc2,
    0xff, 0xfc, 0x3c, 0x2c, 0x3, 0xc7, 0x42, 0xc0,
    0x78, 0x20, 0x2c, 0xf, 0x40,

    /* U+6E90 "源" */
    0x0, 0x0, 0x0, 0x0, 0xb0, 0xff, 0xff, 0xd1,
    0xf3, 0x96, 0xd5, 0x0, 0xde, 0xb, 0x0, 0x0,
    0x3a, 0xff, 0xe0, 0xe0, 0xea, 0x3, 0x81, 0xf3,
    0xaf, 0xfe, 0x0, 0x8d, 0xa0, 0x38, 0x0, 0x36,
    0xff, 0xe0, 0xd, 0xd0, 0x74, 0x0, 0xb7, 0x29,
    0xc8, 0x3, 0xac, 0xe7, 0x38, 0x1d, 0xe7, 0x1c,
    0x70, 0xf3, 0x68, 0x70, 0xd2, 0x4c, 0xb, 0xc0,
    0x0, 0x0, 0x0, 0x0,

    /* U+6EE4 "滤" */
    0x4, 0x0, 0x0, 0x0, 0xf8, 0x2, 0xff, 0x80,
    0xf4, 0xb, 0x0, 0x0, 0xc0, 0x3c, 0x0, 0x0,
    0x3f, 0xff, 0xf0, 0xe0, 0xc3, 0x96, 0x81, 0xe3,
    0xbf, 0xe5, 0x1, 0x4d, 0x78, 0x34, 0x0, 0x70,
    0xbf, 0xc0, 0x2d, 0xc0, 0x0, 0x0, 0xeb, 0x2,
    0xc0, 0x3, 0x6a, 0x77, 0xa4, 0x2c, 0xdd, 0xd0,
    0x70, 0xe7, 0x73, 0x4e, 0xd2, 0x58, 0x4b, 0xf1,
    0x0, 0x0, 0x0, 0x0,

    /* U+7070 "灰" */
    0x0, 0xb0, 0x0, 0x0, 0x6b, 0xea, 0xaa, 0x83,
    0xff, 0xff, 0xff, 0x0, 0x34, 0x24, 0x0, 0x1,
    0xc0, 0xe0, 0x0, 0xb, 0x63, 0x87, 0x0, 0x36,
    0xce, 0x2c, 0x2, 0xce, 0x38, 0xd0, 0x2d, 0x71,
    0xf6, 0x1, 0xe0, 0xb, 0xe0, 0x2, 0x0, 0xb5,
    0xd0, 0x0, 0x1f, 0x42, 0xe0, 0x7, 0xf0, 0x1,
    0xf4, 0x9, 0x0, 0x0, 0x80,

    /* U+70B9 "点" */
    0x0, 0xb, 0x0, 0x0, 0x0, 0x2f, 0xff, 0x80,
    0x0, 0xb5, 0x55, 0x0, 0x2, 0xc0, 0x0, 0xb,
    0xff, 0xff, 0xc0, 0x2d, 0x55, 0x5f, 0x0, 0xb0,
    0x0, 0x2c, 0x2, 0xd5, 0x55, 0xb0, 0xb, 0xff,
    0xff, 0xc0, 0x10, 0x0, 0x1, 0x0, 0xe3, 0xe,
    0x2c, 0xb, 0xd, 0x3c, 0x38, 0x38, 0x38, 0x74,
    0x70, 0x40, 0x50, 0x40, 0x40,

    /* U+7167 "照" */
    0xbf, 0xdf, 0xff, 0xcb, 0x6c, 0x6e, 0x7c, 0xb1,
    0xc3, 0xc3, 0x8b, 0x1d, 0xf1, 0xf4, 0xbf, 0xc8,
    0x9, 0xb, 0x6c, 0xff, 0xf8, 0xb1, 0xce, 0x57,
    0x8b, 0x1c, 0xe0, 0x38, 0xbf, 0xcf, 0xff, 0x81,
    0x54, 0x55, 0x60, 0x34, 0x92, 0x87, 0x7, 0x4e,
    0x2c, 0x38, 0xb0, 0xb1, 0xd1, 0xc1, 0x5, 0x4,
    0x4,

    /* U+722C "爬" */
    0x0, 0x5, 0x0, 0x0, 0x2f, 0xfe, 0xff, 0xc1,
    0xfe, 0xdb, 0xbb, 0x7, 0x37, 0x6c, 0xcc, 0x1c,
    0xdd, 0xb3, 0x30, 0x73, 0x76, 0xdd, 0xc1, 0xcd,
    0xdb, 0xff, 0x7, 0x37, 0x6c, 0x0, 0x1c, 0xdd,
    0xb0, 0x34, 0xb3, 0x7a, 0xd5, 0xd2, 0xcd, 0xb7,
    0xff, 0xe, 0x35, 0xc0, 0x0, 0x34, 0xd3, 0xd0,
    0x1, 0xc3, 0x43, 0xfa, 0x52, 0xd, 0x1, 0xbf,
    0x40, 0x0, 0x0, 0x0,

    /* U+7247 "片" */
    0x0, 0x0, 0x0, 0x0, 0xe0, 0xe, 0x0, 0xe,
    0x0, 0xe0, 0x0, 0xe0, 0xe, 0x0, 0xf, 0xff,
    0xff, 0xd0, 0xfa, 0xaa, 0xa8, 0xe, 0x0, 0x0,
    0x0, 0xe0, 0x0, 0x0, 0xf, 0xff, 0xf8, 0x0,
    0xea, 0xab, 0x80, 0x1c, 0x0, 0x38, 0x2, 0xc0,
    0x3, 0x80, 0x38, 0x0, 0x38, 0xb, 0x0, 0x3,
    0x80, 0x10, 0x0, 0x38, 0x0,

    /* U+7248 "版" */
    0x0, 0x0, 0x0, 0x0, 0xb3, 0x0, 0x5b, 0x82,
    0xcc, 0x3f, 0xf9, 0xb, 0x30, 0xd0, 0x0, 0x2d,
    0xd3, 0x40, 0x0, 0xbf, 0xdf, 0xff, 0xc2, 0xc0,
    0x3f, 0x9f, 0xb, 0x0, 0xed, 0x38, 0x2f, 0xd3,
    0x78, 0xd0, 0xbb, 0x4d, 0xbb, 0x3, 0xcd, 0x70,
    0xf8, 0xe, 0x36, 0xc3, 0xd0, 0x34, 0xdf, 0x2f,
    0xc1, 0xc3, 0xfb, 0xe7, 0xc1, 0xd, 0x8d, 0x7,
    0x0, 0x0, 0x0, 0x0,

    /* U+7259 "牙" */
    0x3f, 0xff, 0xff, 0xc2, 0xaa, 0xab, 0xa4, 0xd,
    0x0, 0x34, 0x0, 0xd0, 0x3, 0x40, 0x1c, 0x0,
    0x34, 0x1, 0xff, 0xff, 0xfe, 0x1a, 0xab, 0xfa,
    0x90, 0x0, 0xb7, 0x40, 0x0, 0x2d, 0x34, 0x0,
    0xb, 0x43, 0x40, 0x3, 0xd0, 0x34, 0x2, 0xf4,
    0x3, 0x40, 0xb8, 0x5, 0xb4, 0x1, 0x0, 0xff,
    0x0,

    /* U+7279 "特" */
    0x0, 0x0, 0x0, 0x0, 0xf, 0x0, 0xb0, 0x3,
    0x7c, 0x3f, 0xfd, 0xe, 0xf4, 0x5f, 0x50, 0x3f,
    0xf0, 0x3c, 0x1, 0xcf, 0x3f, 0xff, 0xcb, 0x3c,
    0x55, 0x55, 0x14, 0xf0, 0x55, 0x94, 0x3, 0xff,
    0xff, 0xf1, 0xff, 0x44, 0x1e, 0x7, 0xbc, 0x74,
    0x34, 0x0, 0xf0, 0xf0, 0xd0, 0x3, 0xc0, 0x83,
    0x40, 0xf, 0x0, 0x6d, 0x0, 0x3c, 0x3, 0xf0,
    0x0,

    /* U+72B6 "状" */
    0x0, 0x0, 0x0, 0x0, 0x3, 0x80, 0xe6, 0x1,
    0x4e, 0x3, 0x9d, 0xe, 0x38, 0xe, 0x28, 0x1c,
    0xe6, 0xbe, 0xa0, 0x3b, 0xbf, 0xff, 0xc0, 0x4e,
    0x3, 0xc0, 0x0, 0x38, 0x1f, 0x0, 0x2, 0xe0,
    0xbd, 0x0, 0x2f, 0x83, 0xac, 0x3, 0xde, 0x1d,
    0x70, 0xd, 0x38, 0xf0, 0xf0, 0x0, 0xe7, 0x41,
    0xe0, 0x3, 0xbc, 0x2, 0xd0, 0xe, 0x80, 0x2,
    0x0, 0x0, 0x0, 0x0,

    /* U+7387 "率" */
    0x0, 0x5, 0x0, 0x0, 0x0, 0x2c, 0x0, 0x3,
    0xff, 0xff, 0xff, 0x6, 0x57, 0x95, 0x64, 0x2e,
    0x2c, 0xb2, 0xd0, 0x2d, 0xff, 0xe, 0x0, 0x10,
    0xb6, 0x10, 0x2, 0xdb, 0xae, 0xf0, 0x2d, 0x7f,
    0xfc, 0xe0, 0x0, 0x1d, 0x0, 0x7, 0xff, 0xff,
    0xff, 0x45, 0x56, 0xe5, 0x54, 0x0, 0x7, 0x40,
    0x0, 0x0, 0x1d, 0x0, 0x0, 0x0, 0x74, 0x0,
    0x0,

    /* U+73AF "环" */
    0x2a, 0xab, 0xff, 0xf4, 0xff, 0xda, 0xba, 0x80,
    0x74, 0x2, 0xc0, 0x1, 0xd0, 0xf, 0x0, 0x7,
    0x40, 0x7d, 0x0, 0xff, 0xc3, 0xfe, 0x1, 0xb9,
    0x2e, 0xdd, 0x1, 0xd1, 0xdb, 0x2c, 0x7, 0x4e,
    0x2c, 0x34, 0x1e, 0xc0, 0xb0, 0x2, 0xfe, 0x2,
    0xc0, 0xe, 0x40, 0xb, 0x0, 0x0, 0x0, 0x2c,
    0x0, 0x0, 0x0, 0xb0, 0x0,

    /* U+73B0 "现" */
    0x15, 0x57, 0xff, 0xe0, 0xff, 0xde, 0xab, 0x80,
    0x74, 0x70, 0xe, 0x1, 0xd1, 0xc9, 0x38, 0x7,
    0x47, 0x38, 0xe0, 0xff, 0xdc, 0xe3, 0x81, 0xb9,
    0x73, 0x8e, 0x1, 0xd1, 0xcd, 0x38, 0x7, 0x41,
    0x34, 0x90, 0x1f, 0xc1, 0xf4, 0x2, 0xfe, 0xf,
    0xe1, 0xf, 0x80, 0xb7, 0x8a, 0x0, 0xf, 0x4f,
    0x78, 0x0, 0xb4, 0x2f, 0xd0, 0x0, 0x0, 0x0,
    0x0,

    /* U+7528 "用" */
    0xf, 0xff, 0xff, 0xe0, 0xfa, 0xbe, 0xae, 0xe,
    0x3, 0x80, 0xe0, 0xe0, 0x38, 0xe, 0xf, 0xff,
    0xff, 0xe0, 0xe0, 0x38, 0xe, 0xe, 0x3, 0x80,
    0xe0, 0xf5, 0x7d, 0x5e, 0xf, 0xff, 0xff, 0xe0,
    0xd0, 0x38, 0xe, 0x1d, 0x3, 0x80, 0xe2, 0xc0,
    0x38, 0xe, 0x38, 0x3, 0x86, 0xe3, 0x40, 0x34,
    0xfc, 0x0, 0x0, 0x0, 0x0,

    /* U+7531 "由" */
    0x0, 0x2c, 0x0, 0x0, 0x2c, 0x0, 0xbf, 0xff,
    0xff, 0xb5, 0x7d, 0x5f, 0xb0, 0x2c, 0xb, 0xb0,
    0x2c, 0xb, 0xb5, 0x7d, 0x5f, 0xbf, 0xff, 0xff,
    0xb0, 0x2c, 0xb, 0xb0, 0x2c, 0xb, 0xb0, 0x2c,
    0xb, 0xbf, 0xff, 0xff, 0xba, 0xaa, 0xaf, 0xb0,
    0x0, 0xb,

    /* U+7535 "电" */
    0x0, 0x38, 0x0, 0x15, 0x5e, 0x55, 0xf, 0xff,
    0xff, 0xc3, 0x80, 0xe0, 0xb0, 0xe0, 0x38, 0x2c,
    0x3f, 0xff, 0xff, 0xe, 0x57, 0x96, 0xc3, 0x80,
    0xe0, 0xb0, 0xff, 0xff, 0xfc, 0x3d, 0x5f, 0x55,
    0x9, 0x3, 0x80, 0x24, 0x0, 0xe0, 0xe, 0x0,
    0x3d, 0x5b, 0x40, 0x7, 0xff, 0xc0,

    /* U+7559 "留" */
    0x0, 0x14, 0x0, 0x0, 0xaf, 0xef, 0xfe, 0x2e,
    0x91, 0xba, 0xe2, 0xc3, 0x43, 0x4e, 0x2c, 0x38,
    0xb0, 0xe2, 0xef, 0xce, 0x1d, 0x3f, 0x9e, 0xcf,
    0xc1, 0x95, 0x99, 0xa4, 0xf, 0xff, 0xff, 0xc0,
    0xf0, 0x38, 0x2c, 0xf, 0xff, 0xff, 0xc0, 0xf5,
    0x79, 0x6c, 0xf, 0x57, 0x96, 0xc0, 0xff, 0xff,
    0xfc, 0xf, 0x0, 0x2, 0xc0, 0x0, 0x0, 0x0,

    /* U+767D "白" */
    0x0, 0x40, 0x0, 0x3, 0xc0, 0x0, 0x1e, 0x0,
    0x3f, 0xff, 0xff, 0xe5, 0x55, 0x6f, 0x80, 0x0,
    0xbe, 0x0, 0x2, 0xfd, 0x55, 0x5f, 0xff, 0xff,
    0xff, 0x80, 0x0, 0xbe, 0x0, 0x2, 0xf8, 0x0,
    0xb, 0xff, 0xff, 0xff, 0xea, 0xaa, 0xfe, 0x0,
    0x2, 0xc0, 0x0, 0x0,

    /* U+76D8 "盘" */
    0x0, 0xd, 0x0, 0x0, 0x7f, 0xff, 0xd0, 0x7,
    0x5d, 0x5d, 0x0, 0x71, 0xe0, 0xd0, 0xb, 0x7,
    0x1d, 0xb, 0xff, 0xff, 0xfc, 0x1f, 0x69, 0x5e,
    0x41, 0xe2, 0xe1, 0xd0, 0x3c, 0x6, 0x7c, 0x1,
    0x95, 0x56, 0x90, 0x2f, 0xff, 0xff, 0x2, 0xcb,
    0x2c, 0x70, 0x2c, 0xb2, 0xc7, 0x6, 0xdb, 0x6d,
    0xb4, 0xff, 0xff, 0xff, 0xe0,

    /* U+76EE "目" */
    0xff, 0xff, 0xff, 0xea, 0xaa, 0xfe, 0x0, 0x2,
    0xf8, 0x0, 0xb, 0xff, 0xff, 0xff, 0xd5, 0x55,
    0xfe, 0x0, 0x2, 0xf9, 0x55, 0x5b, 0xff, 0xff,
    0xff, 0x80, 0x0, 0xbe, 0x0, 0x2, 0xff, 0xff,
    0xff, 0xfa, 0xaa, 0xbf, 0x80, 0x0, 0xb0,

    /* U+76F4 "直" */
    0x0, 0x2, 0x0, 0x0, 0x55, 0x6e, 0x55, 0x43,
    0xff, 0xff, 0xff, 0x0, 0x2, 0xc0, 0x0, 0x3,
    0xff, 0xff, 0x0, 0xe, 0x55, 0x6c, 0x0, 0x34,
    0x0, 0xb0, 0x0, 0xff, 0xff, 0xc0, 0x3, 0x40,
    0xb, 0x0, 0xf, 0xff, 0xfc, 0x0, 0x34, 0x0,
    0xb0, 0x0, 0xff, 0xff, 0xc0, 0x3, 0x40, 0x7,
    0x0, 0x6e, 0x55, 0x6d, 0x43, 0xff, 0xff, 0xff,
    0x0,

    /* U+770B "看" */
    0x0, 0x0, 0x5a, 0x80, 0x3f, 0xff, 0xf9, 0x0,
    0x55, 0xb4, 0x0, 0x7, 0xff, 0xff, 0xf4, 0x5,
    0x6d, 0x55, 0x40, 0xff, 0xff, 0xff, 0xc1, 0x5f,
    0x55, 0x55, 0x0, 0xff, 0xff, 0xf0, 0x1f, 0xd5,
    0x57, 0xc0, 0xfb, 0xff, 0xff, 0x2, 0x2d, 0x55,
    0x7c, 0x0, 0xbf, 0xff, 0xf0, 0x2, 0xd5, 0x57,
    0xc0, 0xb, 0xff, 0xff, 0x0, 0x2c, 0x0, 0x2c,
    0x0,

    /* U+7720 "眠" */
    0xff, 0x3f, 0xff, 0x8f, 0xb3, 0x95, 0x78, 0xd3,
    0x38, 0x3, 0x8e, 0xb3, 0xea, 0xb8, 0xff, 0x3f,
    0xff, 0x4d, 0x33, 0x83, 0x40, 0xe7, 0x3e, 0xba,
    0x8f, 0xf3, 0xff, 0xfc, 0xe7, 0x38, 0x38, 0xd,
    0x33, 0x82, 0x80, 0xff, 0x38, 0x6c, 0xde, 0xb3,
    0xfe, 0xdd, 0x91, 0x7f, 0x8f, 0xc0, 0x2, 0x40,
    0x38,

    /* U+77E5 "知" */
    0x0, 0x0, 0x0, 0x0, 0x70, 0x0, 0x0, 0xf,
    0x55, 0x7f, 0xf1, 0xff, 0xf7, 0xaf, 0x3c, 0xf0,
    0x70, 0xb2, 0x4f, 0x7, 0xb, 0x15, 0xf5, 0x70,
    0xb3, 0xff, 0xf7, 0xb, 0x1, 0xd0, 0x70, 0xb0,
    0x2f, 0x7, 0xb, 0x3, 0xfc, 0x70, 0xb0, 0xf4,
    0xe7, 0x5b, 0x2e, 0x6, 0x7f, 0xf3, 0x80, 0x7,
    0xb, 0x0, 0x0, 0x0, 0x0,

    /* U+77ED "短" */
    0x5, 0x0, 0x0, 0x0, 0x2c, 0xf, 0xff, 0xe0,
    0xfa, 0x55, 0x55, 0x47, 0xfe, 0x0, 0x0, 0x3d,
    0xd3, 0xff, 0xf0, 0x57, 0xf, 0x56, 0xc1, 0x6d,
    0x3c, 0xb, 0xf, 0xfe, 0xf5, 0x6c, 0x2, 0xc3,
    0xff, 0xf0, 0xf, 0x42, 0x2, 0x40, 0x7f, 0x4d,
    0xd, 0x3, 0xca, 0x3c, 0x70, 0x3d, 0xa, 0xab,
    0xe4, 0x50, 0x3f, 0xff, 0xf0,

    /* U+7801 "码" */
    0x0, 0x0, 0x0, 0x0, 0xff, 0xdf, 0xff, 0x42,
    0xba, 0x15, 0x5d, 0x2, 0xc0, 0x60, 0x70, 0xe,
    0x2, 0xc1, 0xc0, 0x39, 0x4e, 0xb, 0x2, 0xff,
    0x38, 0x2c, 0xf, 0x6c, 0xff, 0xfd, 0x7d, 0x71,
    0x55, 0xb4, 0x35, 0xc0, 0x0, 0xd0, 0xd7, 0xbf,
    0xf7, 0x3, 0xac, 0x55, 0x5c, 0xf, 0xf0, 0x0,
    0x70, 0x35, 0xc0, 0x5b, 0xc0, 0x0, 0x2, 0xfc,
    0x0,

    /* U+786C "硬" */
    0x3f, 0xfb, 0xff, 0xf4, 0x7d, 0x45, 0xb5, 0x40,
    0xe0, 0x16, 0xd5, 0x3, 0x40, 0xff, 0xfc, 0x1d,
    0x3, 0x5c, 0x70, 0xbf, 0xcf, 0xff, 0xc3, 0xdb,
    0x35, 0xcb, 0x1f, 0x6c, 0xd7, 0x2c, 0x1d, 0xb3,
    0xff, 0xf0, 0x36, 0xc4, 0xb0, 0x0, 0xdb, 0x2f,
    0x80, 0x3, 0xfc, 0x3e, 0x0, 0xd, 0xb, 0xef,
    0x94, 0x0, 0x38, 0xb, 0xe0, 0x0, 0x0, 0x0,
    0x0,

    /* U+78C1 "磁" */
    0x0, 0x1, 0x1, 0x40, 0xff, 0x4e, 0xe, 0x2,
    0xe8, 0x2c, 0x74, 0x3, 0x47, 0xff, 0xfd, 0x1c,
    0x7, 0x57, 0x90, 0xb0, 0xc, 0xd, 0x3, 0xfc,
    0xb5, 0x72, 0x1f, 0x33, 0x7a, 0x9c, 0xbc, 0xee,
    0xde, 0xe0, 0x73, 0x6f, 0x2f, 0x1, 0xcc, 0x34,
    0x38, 0x7, 0x32, 0xf5, 0xe8, 0x1f, 0xee, 0xef,
    0xb0, 0x77, 0x7b, 0xfe, 0xc0, 0x0, 0x0, 0x0,
    0x0,

    /* U+793A "示" */
    0xb, 0xff, 0xff, 0x80, 0x1a, 0xaa, 0xa9, 0x0,
    0x0, 0x0, 0x0, 0x0, 0x0, 0x0, 0x0, 0x3f,
    0xff, 0xff, 0xf0, 0xaa, 0xae, 0xaa, 0x80, 0x0,
    0x74, 0x0, 0x0, 0xd1, 0xd2, 0xc0, 0x7, 0x47,
    0x47, 0x40, 0x2c, 0x1d, 0xf, 0x0, 0xe0, 0x74,
    0x1d, 0xb, 0x1, 0xd0, 0x38, 0x38, 0x5b, 0x40,
    0xb0, 0x1, 0xfc, 0x0, 0x0,

    /* U+79BB "离" */
    0x0, 0x4, 0x0, 0x15, 0x5b, 0x95, 0x5f, 0xff,
    0xff, 0xfc, 0x62, 0x47, 0x24, 0x1c, 0xbf, 0x8d,
    0x7, 0x7e, 0xf7, 0x41, 0xee, 0x5e, 0xd0, 0x7f,
    0xff, 0xf4, 0x15, 0x79, 0x55, 0x1f, 0xff, 0xff,
    0xd7, 0xe, 0x1c, 0x35, 0xc7, 0x57, 0x8d, 0x73,
    0xff, 0xf3, 0x5c, 0x54, 0xa, 0xd7, 0x0, 0x1,
    0xf0,

    /* U+79D2 "秒" */
    0x5, 0xb0, 0x38, 0x0, 0xff, 0x80, 0xe0, 0x0,
    0x74, 0x37, 0xbc, 0xa, 0xe9, 0xde, 0x74, 0x3f,
    0xfb, 0x38, 0xf0, 0x1d, 0x38, 0xe1, 0xc0, 0xfd,
    0xd3, 0x80, 0x7, 0xf9, 0xe, 0x38, 0x3b, 0x74,
    0x26, 0xc1, 0xdd, 0x40, 0x1e, 0x1, 0x34, 0x1,
    0xf0, 0x0, 0xd0, 0x7f, 0x0, 0x3, 0x6f, 0xd0,
    0x0, 0xd, 0x74, 0x0, 0x0, 0x0, 0x0, 0x0,
    0x0,

    /* U+79FB "移" */
    0x0, 0x0, 0x0, 0x0, 0x6f, 0xc1, 0xf5, 0x3,
    0xfd, 0x1f, 0xfe, 0x0, 0xe2, 0xf0, 0x74, 0x2b,
    0xe5, 0xb7, 0x80, 0xff, 0xd1, 0xf8, 0x0, 0x78,
    0x7f, 0xa0, 0x3, 0xf8, 0x97, 0xd4, 0x1f, 0xb4,
    0xbf, 0xf8, 0xee, 0x7f, 0x81, 0xd7, 0x38, 0x66,
    0xf, 0x4, 0xe0, 0xf, 0xf0, 0x3, 0x80, 0x7f,
    0x0, 0xe, 0x3f, 0xe0, 0x0, 0x38, 0xb4, 0x0,
    0x0, 0x0, 0x0, 0x0,

    /* U+7A0B "程" */
    0x0, 0x0, 0x0, 0x0, 0xaf, 0xdf, 0xff, 0x83,
    0xf9, 0x39, 0x5e, 0x0, 0xd0, 0xd0, 0x38, 0x7,
    0x43, 0x95, 0xe0, 0xff, 0xcf, 0xff, 0x81, 0xb9,
    0x0, 0x0, 0x3, 0xf2, 0xff, 0xfc, 0x1f, 0xf5,
    0x6d, 0x50, 0xed, 0x85, 0xb5, 0x7, 0x34, 0x3f,
    0xfe, 0x0, 0xd0, 0xb, 0x0, 0x3, 0x45, 0x7d,
    0x50, 0xd, 0x3f, 0xff, 0xe0, 0x34, 0x0, 0x0,
    0x0,

    /* U+7A0D "稍" */
    0x0, 0x0, 0x0, 0x0, 0x5b, 0xc4, 0x38, 0x43,
    0xfd, 0x38, 0xe3, 0x40, 0xe0, 0xb3, 0xac, 0x17,
    0x91, 0x5e, 0x50, 0xff, 0xcf, 0xff, 0xd0, 0x78,
    0x38, 0x7, 0x42, 0xf0, 0xe0, 0x1d, 0xf, 0xf3,
    0xff, 0xf4, 0xee, 0x8e, 0x0, 0xd3, 0x38, 0x3f,
    0xff, 0x44, 0xe0, 0xe0, 0x1d, 0x3, 0x83, 0x80,
    0x34, 0xe, 0xe, 0x6, 0xd0, 0x38, 0x38, 0x3f,
    0x0, 0x0, 0x0, 0x0,

    /* U+7A7A "空" */
    0x0, 0x10, 0x0, 0x0, 0xf, 0x0, 0xf, 0xff,
    0xff, 0xff, 0xd5, 0x55, 0x5f, 0xe0, 0x81, 0x82,
    0xd2, 0xf0, 0xbe, 0x13, 0xe0, 0x2, 0xf0, 0x80,
    0x0, 0x4, 0x2f, 0xff, 0xfe, 0x5, 0x5f, 0x55,
    0x40, 0x2, 0xc0, 0x0, 0x0, 0xb0, 0x0, 0x6a,
    0xbe, 0xaa, 0x7f, 0xff, 0xff, 0xf0,

    /* U+7AD9 "站" */
    0x3, 0x40, 0x2c, 0x0, 0xe, 0x0, 0xb0, 0x3,
    0xff, 0xc2, 0xff, 0x85, 0x55, 0xb, 0xa9, 0x18,
    0x34, 0x2c, 0x0, 0xb0, 0xd0, 0xb0, 0x1, 0xc7,
    0x3f, 0xff, 0x3, 0x1c, 0xf5, 0x6c, 0xd, 0xb3,
    0x80, 0xb0, 0x37, 0x8e, 0x2, 0xc0, 0x5f, 0xb8,
    0xb, 0xf, 0xf9, 0xff, 0xfc, 0x14, 0x3, 0xd5,
    0xb0, 0x0, 0xe, 0x2, 0xc0, 0x0, 0x0, 0x0,
    0x0,

    /* U+7B2C "第" */
    0x0, 0x0, 0x0, 0x2, 0xe5, 0x1e, 0x55, 0x3f,
    0xfb, 0xff, 0xeb, 0x2c, 0x74, 0xe0, 0x16, 0x96,
    0x5a, 0x42, 0xff, 0xff, 0xf8, 0x0, 0xe, 0x3,
    0x82, 0xff, 0xff, 0xf8, 0x3d, 0x5e, 0x55, 0x3,
    0xd5, 0xe5, 0x54, 0x3f, 0xff, 0xff, 0xc0, 0x1f,
    0xe0, 0x1c, 0x1f, 0x8e, 0x17, 0xcb, 0xd0, 0xe3,
    0xf4, 0x10, 0xe, 0x0, 0x0,

    /* U+7B49 "等" */
    0x0, 0x0, 0x0, 0x0, 0x2c, 0x2, 0xc0, 0x0,
    0xff, 0xdf, 0xff, 0xf, 0x74, 0xb3, 0xc0, 0x24,
    0x91, 0x42, 0x0, 0x2f, 0xff, 0xfe, 0x0, 0x15,
    0xb9, 0x50, 0x5, 0x56, 0xe5, 0x54, 0x3f, 0xff,
    0xff, 0xf0, 0x0, 0x0, 0x78, 0x1, 0xff, 0xff,
    0xfe, 0x0, 0x10, 0x3, 0x80, 0x2, 0xd0, 0xe,
    0x0, 0x3, 0xc1, 0xb4, 0x0, 0x0, 0x1f, 0xc0,
    0x0,

    /* U+7B97 "算" */
    0x7, 0x0, 0x70, 0x0, 0x3f, 0xf7, 0xff, 0xc2,
    0xdb, 0x2d, 0xb0, 0xe, 0x18, 0x30, 0x80, 0xb,
    0xff, 0xff, 0x80, 0x2e, 0xaa, 0xae, 0x0, 0xba,
    0xaa, 0xb8, 0x2, 0xff, 0xff, 0xe0, 0xb, 0x55,
    0x57, 0x80, 0x2f, 0xff, 0xfe, 0x0, 0xb, 0x2,
    0xc0, 0xf, 0xff, 0xff, 0xfc, 0x16, 0xe5, 0x6d,
    0x50, 0x3f, 0x0, 0xb0, 0x0, 0xe0, 0x2, 0xc0,
    0x0, 0x0, 0x0, 0x0,

    /* U+7BB1 "箱" */
    0x0, 0x0, 0x10, 0x0, 0x2d, 0x54, 0xe5, 0x40,
    0xff, 0xfb, 0xff, 0x4f, 0x3c, 0x39, 0xc0, 0x18,
    0x70, 0xc3, 0x40, 0x7, 0xb, 0xff, 0x83, 0xff,
    0xed, 0x5e, 0xf, 0xff, 0xb0, 0x38, 0x3, 0xd2,
    0xff, 0xe0, 0x3f, 0xeb, 0x3, 0x83, 0xed, 0xef,
    0xfe, 0xd, 0xb0, 0xb0, 0x38, 0x12, 0xc2, 0xd5,
    0xe0, 0xb, 0xb, 0xff, 0x80, 0x2c, 0x2c, 0xe,
    0x0,

    /* U+7C73 "米" */
    0x0, 0x7, 0x40, 0x0, 0x1c, 0x1d, 0xe, 0x0,
    0x38, 0x74, 0x74, 0x0, 0xb1, 0xd3, 0x80, 0x0,
    0x47, 0x44, 0x0, 0xff, 0xff, 0xff, 0xc2, 0xab,
    0xff, 0xaa, 0x0, 0xe, 0xec, 0x0, 0x0, 0xf7,
    0x6c, 0x0, 0xf, 0x1d, 0x3c, 0x1, 0xf4, 0x74,
    0x3d, 0x1f, 0x41, 0xd0, 0x3d, 0x20, 0x7, 0x40,
    0x20, 0x0, 0x1d, 0x0, 0x0,

    /* U+7C97 "粗" */
    0x3, 0x93, 0xff, 0xd0, 0xce, 0xaf, 0x5b, 0x43,
    0x7b, 0x78, 0xd, 0xa, 0xec, 0xe0, 0x74, 0x13,
    0x83, 0xff, 0xd0, 0xff, 0xdf, 0x5b, 0x41, 0xb9,
    0x38, 0xd, 0x3, 0xf4, 0xe0, 0x74, 0x1f, 0xb7,
    0xff, 0xd0, 0xee, 0x9f, 0x57, 0x43, 0x38, 0x38,
    0xd, 0x0, 0xe1, 0xf5, 0x78, 0x3, 0x8f, 0xff,
    0xf4, 0xe, 0x0, 0x0, 0x0,

    /* U+7CFB "系" */
    0x0, 0x5, 0x6b, 0xc0, 0x3f, 0xff, 0xa9, 0x0,
    0x2, 0xc0, 0x80, 0x0, 0x7c, 0x1f, 0x0, 0x3,
    0xff, 0xe0, 0x0, 0x0, 0x7d, 0x38, 0x0, 0xb,
    0x80, 0xb4, 0x3, 0xff, 0xff, 0xf0, 0x5, 0x57,
    0x80, 0xe0, 0x2, 0xe, 0x20, 0x0, 0x3c, 0x38,
    0xf4, 0x3, 0xd0, 0xe0, 0xf4, 0x3d, 0x17, 0x80,
    0xf0, 0x40, 0xbc, 0x0, 0x40,

    /* U+7D22 "索" */
    0x0, 0xb, 0x0, 0x0, 0x3f, 0xff, 0xff, 0x0,
    0x0, 0xb0, 0x0, 0xf, 0xff, 0xff, 0xfc, 0x39,
    0x6e, 0x55, 0xb0, 0xe2, 0xd1, 0xd2, 0xc0, 0x2f,
    0xff, 0x40, 0x0, 0xb, 0xe3, 0x80, 0x1, 0xf8,
    0xf, 0x40, 0x3f, 0xff, 0xef, 0x0, 0x4, 0x71,
    0x4, 0x1, 0xf5, 0xcf, 0xd0, 0x3f, 0x1b, 0x7,
    0xe0, 0x50, 0xf8, 0x1, 0x40,

    /* U+7D2F "累" */
    0xf, 0xff, 0xff, 0x40, 0xe0, 0xb0, 0x74, 0xf,
    0xff, 0xff, 0x40, 0xe0, 0xb0, 0x74, 0xf, 0xff,
    0xff, 0x40, 0x7, 0xc1, 0x0, 0x1, 0xf0, 0x78,
    0x0, 0x7f, 0xfd, 0x40, 0x1, 0xbd, 0xf, 0x2,
    0xff, 0xff, 0xfc, 0x0, 0x8b, 0x0, 0x40, 0x7d,
    0xb3, 0xe0, 0x3f, 0x5f, 0xb, 0xc2, 0x43, 0xe0,
    0x8,

    /* U+7EA2 "红" */
    0x0, 0x0, 0x0, 0x0, 0x1d, 0x1a, 0xaa, 0x40,
    0xb0, 0xbf, 0xff, 0x3, 0x44, 0xb, 0x0, 0x2c,
    0xb0, 0x2c, 0x1, 0xfb, 0x80, 0xb0, 0x7, 0xfc,
    0x2, 0xc0, 0x1, 0xd0, 0xb, 0x0, 0xe, 0x10,
    0x2c, 0x0, 0xff, 0xc0, 0xb0, 0x3, 0xe4, 0x2,
    0xc0, 0x0, 0x14, 0xb, 0x0, 0x2f, 0xea, 0xbe,
    0xa1, 0xf8, 0x3f, 0xff, 0xc0, 0x0, 0x0, 0x0,
    0x0,

    /* U+7EA6 "约" */
    0x0, 0x0, 0x0, 0x0, 0x34, 0xb, 0x0, 0xb,
    0x0, 0xe0, 0x0, 0xe1, 0x1f, 0xff, 0x1c, 0xb7,
    0xea, 0xf3, 0xee, 0xb4, 0xb, 0x3f, 0xca, 0x0,
    0xb0, 0x38, 0xc, 0xb, 0xf, 0x0, 0xf0, 0xb2,
    0xef, 0x7, 0x8b, 0x3f, 0x90, 0x2c, 0xb1, 0x0,
    0x0, 0xb, 0x6, 0xf4, 0x0, 0xb3, 0xfe, 0x1,
    0x5e, 0x24, 0x0, 0x2f, 0xc0, 0x0, 0x0, 0x0,

    /* U+7EBF "线" */
    0x0, 0x0, 0x0, 0x0, 0xd, 0x2, 0xcc, 0x0,
    0x74, 0xb, 0x3c, 0x3, 0xc0, 0x2c, 0x60, 0xd,
    0x66, 0xff, 0xe0, 0xb3, 0xaf, 0xd4, 0x3, 0xfc,
    0xb, 0x5, 0x5, 0xe1, 0x7f, 0xfc, 0xb, 0xf,
    0xf9, 0x40, 0x7a, 0xc0, 0xd3, 0x83, 0xf9, 0x3,
    0xfc, 0x4, 0x0, 0xb, 0xc8, 0x5, 0xf0, 0xbe,
    0x38, 0xff, 0x6f, 0xaf, 0xc2, 0x40, 0x64, 0x2e,
    0x0,

    /* U+7EC4 "组" */
    0x1, 0x0, 0x0, 0x0, 0xb0, 0xbf, 0xfc, 0xe,
    0xb, 0xab, 0xc1, 0xc5, 0xb0, 0x2c, 0x38, 0xeb,
    0x2, 0xcb, 0xfc, 0xbf, 0xfc, 0x6b, 0x8b, 0x57,
    0xc0, 0xb0, 0xb0, 0x2c, 0x1d, 0xab, 0x3, 0xc7,
    0xfd, 0xbf, 0xfc, 0x24, 0xb, 0x57, 0xc0, 0x1e,
    0xb0, 0x2c, 0x7f, 0xaf, 0xab, 0xe6, 0x43, 0xff,
    0xff,

    /* U+7EC8 "终" */
    0x0, 0x0, 0x40, 0x0, 0x2c, 0x3, 0x40, 0x0,
    0xe0, 0x2f, 0xfd, 0x7, 0x51, 0xea, 0xf0, 0x2c,
    0xef, 0xc3, 0x81, 0xff, 0x33, 0xfc, 0x7, 0xf4,
    0x7, 0xe0, 0x2, 0xc1, 0xfa, 0xf4, 0xd, 0x6f,
    0x80, 0xf4, 0xff, 0x13, 0xe4, 0x3, 0x90, 0x1,
    0xf8, 0x0, 0x15, 0xd0, 0x0, 0x2f, 0xe7, 0xfd,
    0x0, 0xf8, 0x0, 0x7f, 0x0, 0x0, 0x0, 0x4,
    0x0,

    /* U+7ECF "经" */
    0x1, 0x0, 0x0, 0x0, 0x1d, 0x2f, 0xff, 0x0,
    0xb0, 0x6a, 0xbc, 0x3, 0x40, 0x2, 0xd0, 0x2c,
    0xf0, 0x2f, 0x0, 0xfb, 0x47, 0xfe, 0x3, 0xfc,
    0xfd, 0x1f, 0x1, 0xd3, 0x80, 0x1c, 0xe, 0x16,
    0xaa, 0x90, 0xff, 0xaf, 0xff, 0x83, 0xe4, 0x3,
    0xc0, 0x0, 0x28, 0xf, 0x0, 0x2f, 0xda, 0xbe,
    0xa1, 0xe4, 0x3f, 0xff, 0xc0, 0x0, 0x0, 0x0,
    0x0,

    /* U+7ED1 "绑" */
    0x0, 0x0, 0x0, 0x0, 0x38, 0x2c, 0x7f, 0xc0,
    0xd1, 0xb5, 0xeb, 0x7, 0xf, 0xfb, 0x2c, 0x29,
    0xcb, 0x1c, 0xd0, 0xef, 0x6d, 0x77, 0x7, 0xf6,
    0xfd, 0xec, 0x2, 0xc2, 0xc7, 0x74, 0x1d, 0x1b,
    0x5c, 0xb0, 0xfe, 0xff, 0xb0, 0xc2, 0x90, 0xe1,
    0xc3, 0x1, 0xa7, 0x47, 0xbc, 0x7f, 0xbc, 0x1d,
    0x1, 0xe1, 0xe0, 0x70, 0x0, 0x2, 0x1, 0xc0,
    0x0,

    /* U+7ED3 "结" */
    0x0, 0x0, 0x0, 0x0, 0xd, 0x0, 0xb0, 0x0,
    0xb0, 0xab, 0xea, 0x3, 0x83, 0xff, 0xfd, 0x2c,
    0xb0, 0x2c, 0x0, 0xfb, 0x45, 0xf5, 0x43, 0xbc,
    0xbf, 0xff, 0x1, 0xc0, 0x0, 0x0, 0xe, 0x67,
    0xff, 0xe0, 0xff, 0xde, 0x57, 0x82, 0x90, 0x74,
    0xe, 0x0, 0x19, 0xd0, 0x38, 0x2f, 0xf7, 0x95,
    0xe0, 0xf9, 0x1f, 0xff, 0x80, 0x0, 0x74, 0xe,
    0x0,

    /* U+7EDF "统" */
    0x1, 0x0, 0x10, 0x0, 0x1d, 0x0, 0xe0, 0x0,
    0xb1, 0xff, 0xff, 0x3, 0x85, 0xb9, 0x94, 0x1c,
    0xf2, 0xc3, 0x40, 0xfb, 0x4d, 0xf, 0x7, 0xfc,
    0xff, 0xfd, 0x5, 0xd3, 0xfa, 0x7c, 0xb, 0x1,
    0x45, 0x0, 0x7a, 0x8e, 0x38, 0x3, 0xfd, 0x38,
    0xe0, 0x9, 0x4, 0xd3, 0x84, 0x6, 0xfb, 0xe,
    0x38, 0xfe, 0xb8, 0x3d, 0xd2, 0x42, 0x80, 0x7f,
    0x0, 0x0, 0x0, 0x0,

    /* U+7EE7 "继" */
    0x0, 0x0, 0x0, 0x0, 0x1c, 0x34, 0x2c, 0x0,
    0xb0, 0xe9, 0xb3, 0x43, 0x43, 0xaa, 0xdc, 0x1c,
    0xae, 0x3b, 0x60, 0xe7, 0x79, 0x6d, 0x43, 0xfc,
    0xef, 0xff, 0x1, 0xc3, 0x87, 0xd0, 0xe, 0xe,
    0x3f, 0xd0, 0xff, 0xba, 0xed, 0xc3, 0xe4, 0xed,
    0xb1, 0x0, 0x17, 0x82, 0xc0, 0x2f, 0xee, 0x5b,
    0x50, 0xe4, 0x3f, 0xff, 0xd0, 0x0, 0x0, 0x0,
    0x0,

    /* U+7EEA "绪" */
    0x0, 0x0, 0x0, 0x0, 0xc, 0x0, 0xd0, 0x40,
    0xb0, 0x7f, 0xfb, 0x43, 0x94, 0x5e, 0x7c, 0x1c,
    0xf0, 0x37, 0xc0, 0xff, 0x7f, 0xff, 0xe3, 0xfc,
    0x57, 0xe5, 0x0, 0xd0, 0x7f, 0x54, 0xf, 0xf,
    0xff, 0xf0, 0xbf, 0xaf, 0x2, 0xc2, 0xe4, 0x2f,
    0xff, 0x0, 0x1c, 0xb0, 0x3c, 0x1f, 0xf2, 0xd5,
    0xf0, 0xf9, 0xb, 0xff, 0xc0, 0x0, 0x2c, 0xb,
    0x0,

    /* U+7EED "续" */
    0x0, 0x0, 0x0, 0x0, 0xd, 0xf, 0xff, 0xc0,
    0x70, 0x16, 0xd5, 0x3, 0xc0, 0x7, 0x40, 0xc,
    0xbf, 0xff, 0xf4, 0xff, 0x8b, 0x79, 0xd1, 0xbc,
    0x1e, 0xeb, 0x1, 0xc2, 0xd3, 0x80, 0x1f, 0x92,
    0x8e, 0x0, 0xff, 0x7f, 0xff, 0xf1, 0x40, 0x56,
    0xe5, 0x40, 0x68, 0xf, 0xd0, 0x2f, 0xd2, 0xf6,
    0xf0, 0x50, 0x2f, 0x0, 0xe0, 0x0, 0x0, 0x0,
    0x0,

    /* U+7EF4 "维" */
    0x1, 0x0, 0x0, 0x0, 0xd, 0x7, 0x38, 0x0,
    0xb0, 0x3c, 0xb0, 0x3, 0x80, 0xff, 0xfd, 0x1c,
    0xfb, 0x9b, 0x50, 0xff, 0xbe, 0x2c, 0x3, 0xbd,
    0xff, 0xff, 0x1, 0xc0, 0xe6, 0xd4, 0xe, 0x63,
    0x8b, 0x0, 0xbf, 0x8f, 0xff, 0xc2, 0x90, 0x39,
    0xb5, 0x0, 0x4, 0xe2, 0xc0, 0x1b, 0xf3, 0x9b,
    0x54, 0xfe, 0xf, 0xff, 0xe1, 0x0, 0x38, 0x0,
    0x0,

    /* U+7EFF "绿" */
    0x0, 0x0, 0x0, 0x0, 0x2c, 0x3f, 0xff, 0x0,
    0xe0, 0x55, 0x7c, 0x7, 0x0, 0xaa, 0xe0, 0x38,
    0xe7, 0xff, 0x81, 0xff, 0x15, 0x5e, 0x47, 0xf6,
    0xff, 0xff, 0x3, 0xc0, 0xd, 0x10, 0x1d, 0x5d,
    0x3c, 0xe1, 0xff, 0x2e, 0xff, 0x7, 0xe0, 0x2f,
    0xf4, 0x0, 0x2, 0xdd, 0xb0, 0x1b, 0xfd, 0x34,
    0xf2, 0xf9, 0x91, 0xd0, 0xc0, 0x0, 0x2f, 0x0,
    0x0,

    /* U+7F16 "编" */
    0x0, 0x0, 0x10, 0x0, 0x2c, 0x0, 0xd0, 0x0,
    0xe0, 0xff, 0xff, 0x7, 0x7, 0x55, 0x6c, 0x38,
    0xed, 0x0, 0x71, 0xff, 0x7f, 0xff, 0xc2, 0xb5,
    0xd0, 0x0, 0x3, 0x87, 0xff, 0xfc, 0x2e, 0xdf,
    0x77, 0x70, 0xff, 0xbc, 0xcc, 0xc1, 0x42, 0xbf,
    0xff, 0x0, 0x9d, 0xdd, 0xdc, 0x3f, 0xb3, 0x33,
    0x30, 0xf6, 0x8c, 0xcd, 0xc0, 0x5, 0x33, 0x3e,
    0x0,

    /* U+7F51 "网" */
    0xbf, 0xff, 0xff, 0xee, 0xaa, 0xaa, 0xfb, 0x2,
    0x1, 0x6e, 0xc1, 0xc0, 0xeb, 0xbe, 0x7b, 0x3a,
    0xed, 0xfc, 0xfd, 0xbb, 0x2e, 0x1f, 0x2e, 0xc7,
    0xc3, 0xcb, 0xb2, 0xf8, 0xfa, 0xec, 0xe7, 0xbb,
    0xbb, 0xb0, 0x78, 0xee, 0xd8, 0x2c, 0xb, 0xb0,
    0x1, 0x1b, 0xec, 0x0, 0x3, 0xd0,

    /* U+7F57 "罗" */
    0x2f, 0xff, 0xff, 0xe2, 0xd7, 0x9b, 0x5e, 0x2c,
    0x38, 0xb0, 0xe2, 0xd7, 0x9b, 0x5e, 0x2f, 0xff,
    0xff, 0xe0, 0x3, 0x80, 0x0, 0x0, 0xff, 0xff,
    0x80, 0x3d, 0x55, 0xb4, 0x2f, 0x10, 0xf, 0x2,
    0x83, 0xd3, 0xd0, 0x0, 0xb, 0xf4, 0x0, 0x6,
    0xf8, 0x0, 0x3f, 0xf8, 0x0, 0x0, 0x50, 0x0,
    0x0,

    /* U+7F6E "置" */
    0x3f, 0xff, 0xff, 0x43, 0x8b, 0x1c, 0x34, 0x3f,
    0xff, 0xff, 0x41, 0x55, 0xe5, 0x50, 0xbf, 0xff,
    0xff, 0xd0, 0x56, 0xe5, 0x40, 0xf, 0xaa, 0xad,
    0x0, 0xff, 0xff, 0xd0, 0xf, 0x55, 0x5d, 0x0,
    0xf5, 0x56, 0xd0, 0xf, 0xff, 0xfd, 0x0, 0xe0,
    0x0, 0xd0, 0xe, 0x0, 0xe, 0xf, 0xff, 0xff,
    0xfe,

    /* U+8001 "老" */
    0x0, 0xe, 0x0, 0x0, 0x1a, 0xbe, 0xa2, 0x80,
    0xff, 0xff, 0xed, 0x0, 0x3, 0x82, 0xe0, 0x2a,
    0xaf, 0xaf, 0xa4, 0xff, 0xff, 0xff, 0xe0, 0x0,
    0xbd, 0x0, 0x0, 0x1f, 0x80, 0x0, 0x7, 0xf0,
    0x1b, 0xd0, 0xff, 0xff, 0xfe, 0x1, 0x4b, 0xa5,
    0x0, 0x0, 0x2c, 0x0, 0x1c, 0x0, 0xb9, 0x56,
    0xf0, 0x0, 0xff, 0xff, 0x40,

    /* U+8017 "耗" */
    0x0, 0x0, 0x0, 0x0, 0xe, 0x0, 0x5b, 0x2,
    0xff, 0xbf, 0xe0, 0x5, 0xe4, 0x4e, 0x0, 0x7,
    0x90, 0x38, 0x40, 0xbf, 0xc6, 0xff, 0x40, 0x38,
    0x3f, 0x90, 0xf, 0xfe, 0xe, 0x4, 0x17, 0x90,
    0x7f, 0xf0, 0x1f, 0x2f, 0xfe, 0x40, 0xff, 0xa7,
    0x80, 0xf, 0xee, 0xe, 0x4, 0x37, 0x80, 0x38,
    0x34, 0x4e, 0x0, 0xf6, 0xc0, 0x38, 0x2, 0xfe,
    0x0,

    /* U+80CC "背" */
    0x0, 0x0, 0x0, 0x0, 0x0, 0xa3, 0x81, 0x2,
    0xff, 0x8f, 0xfe, 0x6, 0xae, 0x3e, 0x40, 0x0,
    0x38, 0xe0, 0x34, 0xff, 0xe3, 0xff, 0xd2, 0x56,
    0x46, 0xa9, 0x0, 0xff, 0xff, 0xe0, 0x3, 0x80,
    0x3, 0x80, 0xf, 0xff, 0xfe, 0x0, 0x38, 0x0,
    0x38, 0x0, 0xff, 0xff, 0xe0, 0x3, 0x80, 0x3,
    0x80, 0xe, 0x0, 0x5e, 0x0, 0x38, 0x3, 0xf0,
    0x0,

    /* U+80FD "能" */
    0x0, 0x0, 0x0, 0x0, 0xe, 0x1, 0xc0, 0x0,
    0xb1, 0xc7, 0xaf, 0x7, 0x47, 0x9f, 0x94, 0x3f,
    0xff, 0xb0, 0x20, 0x40, 0xa, 0xc0, 0xd1, 0xff,
    0xd7, 0xff, 0xb, 0xff, 0x8f, 0xf8, 0x2f, 0xfe,
    0x10, 0x50, 0xb0, 0x39, 0xff, 0xc2, 0xc0, 0xe7,
    0xf9, 0xb, 0xff, 0x9c, 0x4, 0x2c, 0xe, 0x70,
    0x34, 0xb0, 0x75, 0xd5, 0xc2, 0xc7, 0xc3, 0xfe,
    0x0,

    /* U+81EA "自" */
    0x0, 0x0, 0x0, 0x3, 0xc0, 0x6, 0xaf, 0xaa,
    0xaf, 0xff, 0xff, 0xb0, 0x0, 0x2e, 0xd5, 0x55,
    0xfb, 0xff, 0xff, 0xec, 0x0, 0xb, 0xb0, 0x0,
    0x2e, 0xff, 0xff, 0xfb, 0x55, 0x56, 0xec, 0x0,
    0xb, 0xbf, 0xff, 0xfe, 0xd5, 0x55, 0xfb, 0x0,
    0x2, 0xc0,

    /* U+822A "航" */
    0x0, 0x40, 0x4, 0x0, 0x7, 0x40, 0xb0, 0x1,
    0xff, 0xda, 0xea, 0x7, 0xab, 0xbf, 0xfc, 0x1e,
    0x9c, 0x0, 0x0, 0x77, 0xb3, 0xfd, 0x1, 0xc6,
    0xcf, 0xb4, 0xf, 0xff, 0x34, 0xd0, 0x2d, 0x6c,
    0xd3, 0x40, 0x75, 0x73, 0x4d, 0x2, 0xed, 0xcd,
    0x34, 0xb, 0x3b, 0x34, 0xd4, 0x38, 0xad, 0xc3,
    0x78, 0xd1, 0xbe, 0xe, 0xe3, 0xf, 0xb4, 0x2f,
    0x40, 0x0, 0x0, 0x0,

    /* U+82F1 "英" */
    0x0, 0xf0, 0x3c, 0x0, 0xff, 0xff, 0xff, 0xc2,
    0xaf, 0xab, 0xea, 0x0, 0x38, 0x8a, 0x0, 0x1,
    0x5b, 0x95, 0x0, 0x2f, 0xff, 0xfd, 0x0, 0xb0,
    0x70, 0x34, 0x2, 0xc2, 0xc0, 0xd0, 0x3f, 0xff,
    0xff, 0xf0, 0x55, 0xbf, 0x95, 0x40, 0x7, 0xcb,
    0x40, 0x1, 0xbc, 0xb, 0xd0, 0x3f, 0x80, 0x7,
    0xf0, 0x50, 0x0, 0x1, 0x40,

    /* U+82F9 "苹" */
    0x0, 0xf0, 0x3c, 0x0, 0xff, 0xff, 0xff, 0xc1,
    0x5f, 0x57, 0xd5, 0x2, 0xbe, 0xaf, 0xa0, 0xf,
    0xff, 0xff, 0xc0, 0x4, 0x1d, 0x9, 0x0, 0x74,
    0x74, 0x74, 0x0, 0xb1, 0xd3, 0x80, 0x2a, 0xab,
    0xaa, 0xa0, 0xff, 0xff, 0xff, 0xc0, 0x0, 0x74,
    0x0, 0x0, 0x1, 0xd0, 0x0, 0x0, 0x7, 0x40,
    0x0, 0x0, 0x1d, 0x0, 0x0,

    /* U+8350 "荐" */
    0x0, 0xf0, 0x3c, 0x0, 0xff, 0xff, 0xff, 0xc1,
    0x5f, 0x57, 0xd5, 0x0, 0xb, 0x0, 0x0, 0x3f,
    0xff, 0xff, 0xf0, 0x17, 0xd5, 0x55, 0x40, 0x2d,
    0x7f, 0xfc, 0x2, 0xf0, 0x57, 0xe0, 0x3f, 0xc0,
    0x2d, 0x0, 0x9f, 0xbf, 0xff, 0xc0, 0x3c, 0x56,
    0xd5, 0x0, 0xf0, 0xb, 0x0, 0x3, 0xc1, 0x7c,
    0x0, 0xf, 0x7, 0xe0, 0x0,

    /* U+83DC "菜" */
    0x3f, 0xff, 0xff, 0xf0, 0xff, 0xff, 0xff, 0xc0,
    0xf, 0x2, 0xc0, 0x3, 0xff, 0xff, 0xf0, 0x5,
    0x56, 0x42, 0x0, 0x1c, 0x2c, 0x1d, 0x0, 0x34,
    0x74, 0xf0, 0x0, 0x90, 0x41, 0x0, 0x3f, 0xff,
    0xff, 0xf0, 0x56, 0xff, 0xe5, 0x40, 0xf, 0x77,
    0xc0, 0x2, 0xf1, 0xd3, 0xe0, 0x3e, 0x7, 0x42,
    0xf0, 0x40, 0x1d, 0x1, 0x40,

    /* U+84DD "蓝" */
    0x0, 0xf0, 0x3c, 0x0, 0xff, 0xff, 0xff, 0xc1,
    0x5f, 0x57, 0xd5, 0x0, 0x18, 0x18, 0x0, 0x1c,
    0xb0, 0xfa, 0x90, 0x72, 0xcf, 0xff, 0x81, 0xcb,
    0x74, 0xd0, 0x7, 0x2c, 0x42, 0xe0, 0x5, 0xa5,
    0x56, 0x40, 0x3f, 0xff, 0xff, 0x0, 0xe3, 0x8b,
    0x2c, 0x3, 0x8e, 0x2c, 0xb0, 0x1f, 0x7d, 0xf7,
    0xd1, 0xff, 0xff, 0xff, 0xd0,

    /* U+8702 "蜂" */
    0x0, 0x0, 0x0, 0x0, 0x1d, 0x3, 0xc0, 0x0,
    0x74, 0x2f, 0xfc, 0xf, 0xfe, 0xf4, 0xf0, 0x37,
    0x71, 0x7f, 0x0, 0xdd, 0xc7, 0xff, 0x83, 0x77,
    0xb9, 0x1f, 0x4d, 0xdc, 0xaf, 0xa8, 0x3f, 0xf1,
    0x6d, 0x50, 0x2d, 0xf, 0xff, 0x40, 0x77, 0x2b,
    0xe9, 0x1, 0xdc, 0x5b, 0x54, 0x1b, 0xff, 0xff,
    0xf5, 0xfd, 0xd0, 0xb0, 0x1, 0x1, 0x2, 0xc0,
    0x0,

    /* U+87BA "螺" */
    0x7, 0x43, 0xff, 0xf0, 0x1d, 0xd, 0x72, 0xc3,
    0xff, 0x3f, 0xff, 0xd, 0xec, 0xd7, 0x1c, 0x37,
    0x73, 0xff, 0xf0, 0xdd, 0xc2, 0xd6, 0x3, 0x77,
    0x3f, 0xb8, 0xf, 0xfc, 0x6f, 0x64, 0x1b, 0x62,
    0xfa, 0xf0, 0x1d, 0xca, 0xb9, 0x90, 0x7b, 0x24,
    0xc9, 0xb, 0xfe, 0xc3, 0x2c, 0x3d, 0x1e, 0x1c,
    0x34, 0x0, 0x31, 0xe0, 0x50,

    /* U+884C "行" */
    0x0, 0x40, 0x0, 0x0, 0xf, 0x2f, 0xff, 0xc0,
    0xb4, 0x6a, 0xa9, 0xb, 0x80, 0x0, 0x0, 0x38,
    0xa0, 0x0, 0x0, 0x47, 0xbf, 0xff, 0xd0, 0x3c,
    0xaa, 0xfa, 0x3, 0xe0, 0x2, 0xc0, 0x3f, 0x80,
    0xb, 0x0, 0x8e, 0x0, 0x2c, 0x0, 0x38, 0x0,
    0xb0, 0x0, 0xe0, 0x2, 0xc0, 0x3, 0x80, 0xb,
    0x0, 0xe, 0x1, 0x7c, 0x0, 0x38, 0xf, 0xe0,
    0x0, 0x0, 0x0, 0x0,

    /* U+8854 "衔" */
    0x0, 0x0, 0x0, 0x0, 0xd, 0x1c, 0x5, 0x40,
    0xb0, 0xf5, 0x7f, 0x4b, 0x4b, 0xfc, 0x0, 0x34,
    0x38, 0x0, 0x0, 0xe, 0x3f, 0xef, 0xe0, 0xb0,
    0x7d, 0x6f, 0x47, 0xc0, 0xe0, 0x38, 0x3f, 0x3f,
    0xf0, 0xe0, 0x6c, 0x5f, 0x43, 0x80, 0xb0, 0x38,
    0xe, 0x2, 0xc0, 0xe0, 0x38, 0xb, 0x3, 0xb0,
    0xe0, 0x2c, 0xf, 0xd3, 0x80, 0xb0, 0x24, 0x7c,
    0x0, 0x0, 0x0, 0x0,

    /* U+8868 "表" */
    0x0, 0x7, 0x40, 0x0, 0xbf, 0xff, 0xff, 0x80,
    0x55, 0x75, 0x54, 0x2, 0xff, 0xff, 0xe0, 0x6,
    0xaf, 0xea, 0x40, 0x55, 0x6e, 0x55, 0x43, 0xff,
    0xff, 0xff, 0x0, 0x1f, 0xb0, 0x10, 0x1, 0xf0,
    0xe3, 0xc0, 0xbf, 0x1, 0xfc, 0x3, 0x9c, 0x2,
    0xd0, 0x0, 0x7b, 0xd2, 0xe0, 0x3, 0xfd, 0x1,
    0xf0, 0x5, 0x0, 0x0, 0x0,

    /* U+88AB "被" */
    0x0, 0x0, 0x0, 0x0, 0x30, 0x0, 0xe0, 0x0,
    0xe1, 0xab, 0xe9, 0x1f, 0xf7, 0xff, 0xf8, 0x17,
    0xdc, 0x38, 0xd0, 0xd, 0x70, 0xe2, 0x0, 0xb1,
    0xd7, 0xd4, 0x7, 0xbf, 0xff, 0xf0, 0x3f, 0xed,
    0xc2, 0xc2, 0xff, 0xf3, 0x8e, 0x0, 0xea, 0xc7,
    0xb0, 0x3, 0x8e, 0xf, 0x80, 0xe, 0x34, 0xbf,
    0x40, 0x3a, 0xdf, 0x8f, 0xc0, 0xe1, 0x34, 0xa,
    0x0, 0x0, 0x0, 0x0,

    /* U+897F "西" */
    0xff, 0xff, 0xff, 0xea, 0xaf, 0xae, 0xa9, 0x0,
    0xb1, 0xc0, 0x1, 0x5f, 0x6e, 0x54, 0x3f, 0xff,
    0xff, 0xc3, 0x4b, 0x1c, 0x3c, 0x34, 0xe1, 0xc3,
    0xc3, 0x4d, 0x1c, 0x3c, 0x37, 0xc0, 0xff, 0xc3,
    0xf4, 0x1, 0x7c, 0x34, 0x0, 0x3, 0xc3, 0x95,
    0x55, 0x7c, 0x3f, 0xff, 0xff, 0xc3, 0x40, 0x0,
    0x3c,

    /* U+89C4 "规" */
    0x3, 0xc3, 0xff, 0xe0, 0x6f, 0x9f, 0x57, 0x83,
    0xff, 0xb8, 0xe, 0x0, 0xf0, 0xe3, 0x38, 0x3,
    0xc3, 0x9c, 0xe0, 0xff, 0xfe, 0x73, 0x82, 0xbe,
    0x79, 0xce, 0x0, 0xe0, 0xe7, 0x38, 0x3, 0xe1,
    0x6c, 0x50, 0x1d, 0xe0, 0xf8, 0x0, 0xb2, 0xc7,
    0xb1, 0x3, 0x80, 0x76, 0xca, 0x2c, 0xb, 0x8b,
    0x78, 0xe0, 0x78, 0x1f, 0xc0, 0x0, 0x0, 0x0,
    0x0,

    /* U+89C6 "视" */
    0x5, 0x0, 0x0, 0x0, 0x2c, 0x2f, 0xff, 0x2,
    0xb9, 0xba, 0xbc, 0x1f, 0xfe, 0xc0, 0xb0, 0x0,
    0xeb, 0x3a, 0xc0, 0xb, 0x2c, 0xeb, 0x0, 0x74,
    0xb3, 0xac, 0x7, 0xe2, 0xcd, 0xb0, 0x7f, 0xeb,
    0x36, 0xc1, 0xed, 0x99, 0xd6, 0x0, 0xb0, 0xb,
    0xc0, 0x2, 0xc0, 0x3b, 0x4, 0xb, 0x3, 0xdc,
    0x70, 0x2c, 0xbc, 0x3f, 0xc0, 0xb2, 0x80, 0xa9,
    0x0, 0x0, 0x0, 0x0,

    /* U+89C8 "览" */
    0x0, 0x0, 0x0, 0x0, 0xb2, 0xc3, 0xea, 0x82,
    0xcb, 0x1f, 0xfe, 0xb, 0x2d, 0xe3, 0x40, 0x1c,
    0xb2, 0xb, 0x80, 0x2, 0xc0, 0x8, 0x0, 0x3f,
    0xff, 0xe0, 0x0, 0xf5, 0x57, 0x80, 0x3, 0x80,
    0xe, 0x0, 0xe, 0x2c, 0x38, 0x0, 0x38, 0xb4,
    0xe0, 0x0, 0x53, 0xf2, 0x58, 0x0, 0x3e, 0xc0,
    0x70, 0x1b, 0xc7, 0x97, 0xc3, 0xf4, 0xf, 0xfd,
    0x0, 0x0, 0x0, 0x0,

    /* U+89E3 "解" */
    0x8, 0x0, 0x0, 0x0, 0xff, 0x6f, 0xfd, 0x2e,
    0xf0, 0x75, 0xd3, 0x5f, 0x7, 0xd, 0xbf, 0xfc,
    0xe1, 0xc3, 0xba, 0xec, 0xf8, 0x37, 0xc, 0x40,
    0x3, 0xff, 0xce, 0xe4, 0x37, 0x5d, 0xff, 0xe3,
    0x70, 0xe4, 0xe0, 0x3f, 0xfd, 0x5e, 0x53, 0x75,
    0xff, 0xff, 0x33, 0xc, 0xe, 0xb, 0x35, 0xc0,
    0xe0, 0x53, 0xf8, 0xe, 0x0, 0x0, 0x0, 0x0,

    /* U+8BA1 "计" */
    0x8, 0x0, 0x34, 0x0, 0x3c, 0x0, 0xd0, 0x0,
    0x34, 0x3, 0x40, 0x0, 0x0, 0xd, 0x0, 0xbf,
    0x3f, 0xff, 0xf1, 0xbc, 0xaa, 0xfa, 0x80, 0xb0,
    0x3, 0x40, 0x2, 0xc0, 0xd, 0x0, 0xb, 0x0,
    0x34, 0x0, 0x2c, 0x0, 0xd0, 0x0, 0xbe, 0x3,
    0x40, 0x2, 0xf0, 0xd, 0x0, 0xb, 0x0, 0x34,
    0x0, 0x0, 0x0, 0xd0, 0x0,

    /* U+8BAE "议" */
    0x0, 0x0, 0x40, 0x0, 0x38, 0x3, 0x82, 0x40,
    0x78, 0x8b, 0xe, 0x0, 0x57, 0x4e, 0x34, 0x0,
    0xe, 0x1, 0xc1, 0xfc, 0x2c, 0xb, 0x2, 0xb0,
    0x34, 0x38, 0x1, 0xc0, 0xb2, 0xc0, 0x7, 0x0,
    0xee, 0x0, 0x1c, 0x2, 0xf0, 0x0, 0x75, 0xb,
    0xc0, 0x1, 0xf8, 0xbb, 0xd0, 0xb, 0x9f, 0x83,
    0xe0, 0x14, 0xf4, 0x2, 0xd0, 0x0, 0x0, 0x1,
    0x0,

    /* U+8BB0 "记" */
    0x4, 0x0, 0x0, 0x0, 0x78, 0x3f, 0xff, 0x80,
    0x78, 0x6a, 0xae, 0x0, 0x40, 0x0, 0x38, 0x0,
    0x0, 0x0, 0xe2, 0xfc, 0x1a, 0xab, 0x81, 0xb0,
    0xbf, 0xfe, 0x2, 0xc2, 0xc0, 0x0, 0xb, 0xb,
    0x0, 0x0, 0x2c, 0x2c, 0x0, 0x0, 0xb2, 0xb0,
    0x3, 0x82, 0xfe, 0xc0, 0xd, 0xb, 0xcb, 0x95,
    0xb4, 0x28, 0xf, 0xff, 0xc0, 0x0, 0x0, 0x0,
    0x0,

    /* U+8BBE "设" */
    0x0, 0x0, 0x0, 0x0, 0x34, 0xf, 0xfd, 0x0,
    0xb8, 0x39, 0xb4, 0x0, 0x90, 0xd0, 0xd0, 0x0,
    0xb, 0x3, 0x91, 0xfc, 0xb4, 0xf, 0xc6, 0xf0,
    0x40, 0x0, 0x2, 0xc3, 0xff, 0xf0, 0xb, 0xb,
    0xab, 0xc0, 0x2c, 0xf, 0xe, 0x0, 0xb1, 0xe,
    0xf0, 0x2, 0xf8, 0x2f, 0x40, 0xb, 0xc2, 0xff,
    0x40, 0x28, 0xfe, 0xb, 0xd0, 0x1, 0x40, 0x2,
    0x0,

    /* U+8BD5 "试" */
    0x0, 0x0, 0x0, 0x0, 0x34, 0x0, 0x77, 0x0,
    0xb4, 0x1, 0xc9, 0x0, 0x5f, 0xff, 0xfc, 0x0,
    0x1a, 0xae, 0xa1, 0xfc, 0x0, 0x74, 0x6, 0xf0,
    0x55, 0xd0, 0x2, 0xcb, 0xfb, 0x40, 0xb, 0x7,
    0x4d, 0x0, 0x2c, 0x1c, 0x38, 0x0, 0xb4, 0x70,
    0xe1, 0x2, 0xf1, 0xd6, 0xcd, 0xb, 0xdf, 0xf7,
    0x70, 0x3c, 0x79, 0xf, 0xc0, 0x0, 0x0, 0x1d,
    0x0,

    /* U+8BF7 "请" */
    0x8, 0x0, 0x0, 0x0, 0x3c, 0xbf, 0xff, 0xc0,
    0x7c, 0x7, 0x40, 0x0, 0xa0, 0x1d, 0x0, 0x0,
    0xf, 0xff, 0xd1, 0xa8, 0x56, 0xe5, 0x46, 0xf2,
    0xaa, 0xaa, 0x2, 0xc3, 0xff, 0xf4, 0xb, 0xe,
    0x1, 0xd0, 0x2c, 0x3f, 0xff, 0x40, 0xb4, 0xe0,
    0x1d, 0x2, 0xf7, 0xff, 0xf4, 0xb, 0x8e, 0x1,
    0xd0, 0x2c, 0x38, 0x1b, 0x40, 0x0, 0xe0, 0x78,
    0x0,

    /* U+8BFB "读" */
    0x4, 0x0, 0x0, 0x0, 0x3c, 0x7f, 0xff, 0x80,
    0x38, 0x57, 0x95, 0x0, 0x46, 0xae, 0xa8, 0x0,
    0x3f, 0xff, 0xf1, 0xfc, 0x8, 0xa3, 0x82, 0xf0,
    0x3e, 0xcd, 0x2, 0xcb, 0x5b, 0x10, 0xb, 0xb,
    0x2c, 0x0, 0x2c, 0xff, 0xff, 0xc0, 0xb9, 0x5b,
    0x95, 0x2, 0xf0, 0x3f, 0x80, 0xf, 0x7, 0xd7,
    0xd0, 0x10, 0xfc, 0x2, 0xc0, 0x0, 0x0, 0x0,
    0x0,

    /* U+8C37 "谷" */
    0x0, 0x0, 0x0, 0x0, 0x2, 0xc1, 0xd0, 0x0,
    0x3d, 0x2, 0xf0, 0x7, 0xd0, 0x41, 0xf0, 0x8,
    0xf, 0xc0, 0xc0, 0x1, 0xf7, 0xd0, 0x0, 0x2f,
    0x3, 0xe0, 0xf, 0xd0, 0x1, 0xfc, 0x2b, 0xff,
    0xff, 0xa0, 0xe, 0x55, 0x6c, 0x0, 0x38, 0x0,
    0xb0, 0x0, 0xe0, 0x2, 0xc0, 0x3, 0x95, 0x5b,
    0x0, 0xf, 0xff, 0xfc, 0x0, 0x38, 0x0, 0xb0,
    0x0,

    /* U+8D25 "败" */
    0x0, 0x0, 0x10, 0x0, 0xff, 0xf0, 0xd0, 0x3,
    0x96, 0xc7, 0x0, 0xd, 0x57, 0x2f, 0xfd, 0x36,
    0x9c, 0xfa, 0xe0, 0xda, 0x77, 0x83, 0x43, 0x69,
    0xff, 0x1c, 0xd, 0xa7, 0x5c, 0xb0, 0x36, 0x9c,
    0x3b, 0x80, 0xde, 0x70, 0x7d, 0x2, 0x75, 0x80,
    0xf0, 0x1, 0xec, 0xb, 0xe0, 0x1e, 0x78, 0xba,
    0xf0, 0xf0, 0x77, 0x82, 0xc0, 0x0, 0x0, 0x0,
    0x0,

    /* U+8D44 "资" */
    0x0, 0x4, 0x0, 0x0, 0xb4, 0x3d, 0x55, 0x0,
    0xb3, 0xff, 0xfe, 0x0, 0x1d, 0x3c, 0x34, 0x7,
    0x2, 0xf4, 0x80, 0xbc, 0x7e, 0xbd, 0x2, 0x8b,
    0xd0, 0x7f, 0x1, 0x69, 0x55, 0x54, 0xb, 0xff,
    0xff, 0x80, 0x2c, 0x8, 0xe, 0x0, 0xb0, 0x70,
    0x38, 0x2, 0xc2, 0xc0, 0xe0, 0x0, 0x2e, 0xb9,
    0x0, 0xaf, 0xe1, 0xbf, 0x81, 0xa4, 0x0, 0x9,
    0x0,

    /* U+8D77 "起" */
    0x1, 0xc0, 0x55, 0x40, 0x5b, 0x53, 0xff, 0x82,
    0xff, 0xd0, 0xe, 0x0, 0x70, 0x0, 0x38, 0x16,
    0xd4, 0xbf, 0xe0, 0xff, 0xfb, 0xea, 0x40, 0xe,
    0xe, 0x0, 0x7, 0x34, 0x38, 0x0, 0x2c, 0xfd,
    0xe0, 0x70, 0xb3, 0x93, 0xeb, 0xc3, 0xdd, 0xb,
    0xfd, 0xf, 0xf4, 0x0, 0x0, 0x77, 0xfa, 0x55,
    0x50, 0xc1, 0xbf, 0xff, 0xc0, 0x0, 0x0, 0x0,
    0x0,

    /* U+8D85 "超" */
    0x2, 0xc3, 0xff, 0xe0, 0x5f, 0x56, 0xe7, 0x83,
    0xff, 0xc7, 0xe, 0x0, 0xb0, 0x3c, 0x38, 0x3,
    0xc2, 0xd5, 0xd0, 0xff, 0xfa, 0x2f, 0x1, 0x6d,
    0x5, 0x54, 0x6, 0x70, 0xbf, 0xf4, 0x2d, 0xfe,
    0xc0, 0xd0, 0xb7, 0x5b, 0x3, 0x43, 0xfc, 0x2f,
    0xfd, 0xe, 0xf4, 0x15, 0x50, 0x72, 0xfe, 0xa5,
    0xa0, 0x81, 0xbf, 0xff, 0xc0, 0x0, 0x0, 0x0,
    0x0,

    /* U+8DB3 "足" */
    0x3, 0xff, 0xff, 0x80, 0xf, 0xaa, 0xae, 0x0,
    0x38, 0x0, 0x38, 0x0, 0xe0, 0x0, 0xe0, 0x3,
    0xff, 0xff, 0x80, 0x5, 0x5f, 0x55, 0x0, 0x18,
    0x2c, 0x0, 0x0, 0xb0, 0xba, 0xa4, 0x3, 0x82,
    0xff, 0xf0, 0x1f, 0xb, 0x0, 0x0, 0xbd, 0x2c,
    0x0, 0x3, 0xad, 0xb0, 0x0, 0x2c, 0x2f, 0xe5,
    0x54, 0xd0, 0x1b, 0xff, 0xd0, 0x0, 0x0, 0x0,
    0x0,

    /* U+8DEF "路" */
    0x0, 0x0, 0x40, 0x0, 0xff, 0xc3, 0xc0, 0x3,
    0x9b, 0x2f, 0xfc, 0xe, 0x1d, 0xf0, 0xe0, 0x38,
    0xbf, 0xeb, 0x0, 0xff, 0xc1, 0xf4, 0x1, 0x79,
    0xb, 0xe0, 0x4, 0xe2, 0xf5, 0xf8, 0x37, 0xef,
    0x55, 0xe0, 0xdf, 0x8f, 0xff, 0x3, 0x78, 0x38,
    0x2c, 0xd, 0xe4, 0xd0, 0xb0, 0x3b, 0xf3, 0x96,
    0xc2, 0xfe, 0xf, 0xff, 0x6, 0x40, 0x34, 0x2c,
    0x0,

    /* U+8DF3 "跳" */
    0x3f, 0xd0, 0xde, 0x0, 0xd3, 0x43, 0x78, 0x83,
    0x4e, 0xcd, 0xeb, 0xd, 0x37, 0xb7, 0xb8, 0x3f,
    0xd7, 0xdf, 0xc0, 0x1d, 0x3, 0x78, 0x2, 0x70,
    0x2d, 0xfc, 0xd, 0xfa, 0xf7, 0xfc, 0x37, 0x6e,
    0xde, 0x30, 0xdc, 0x17, 0x38, 0x3, 0x74, 0x2c,
    0xe3, 0x4d, 0xf4, 0xe3, 0x8d, 0x3f, 0x8b, 0xf,
    0xb0, 0xd0, 0x38, 0x1f, 0x80, 0x0, 0x0, 0x0,
    0x0,

    /* U+8E0F "踏" */
    0x3f, 0xd0, 0x1c, 0x0, 0xe7, 0x40, 0x70, 0xd3,
    0x4e, 0xfe, 0xdf, 0xd, 0x34, 0xb7, 0xf0, 0x3f,
    0xd7, 0x5d, 0xd0, 0x1d, 0xb6, 0xf2, 0xd3, 0x75,
    0x96, 0x56, 0xd, 0xfa, 0xff, 0xf8, 0x37, 0x9b,
    0x0, 0xe0, 0xdd, 0x2f, 0xff, 0x83, 0x75, 0xba,
    0xae, 0xf, 0xfa, 0xd5, 0x78, 0x7f, 0x4b, 0xff,
    0xe0, 0x40, 0x2c, 0x3, 0x80,

    /* U+8F68 "轨" */
    0x0, 0x0, 0x0, 0x0, 0x38, 0xb, 0x0, 0x5,
    0xe5, 0x2c, 0x0, 0x3f, 0xfc, 0xb5, 0x40, 0x3c,
    0x7, 0xff, 0x0, 0xd9, 0xb, 0x1c, 0x7, 0x38,
    0x2c, 0x70, 0x2f, 0xfd, 0xb1, 0xc0, 0x17, 0x92,
    0xc7, 0x0, 0xe, 0xe, 0x1c, 0x1, 0xbf, 0xb8,
    0x70, 0x3f, 0xfa, 0xd1, 0xdc, 0x53, 0x8b, 0x7,
    0x70, 0xe, 0x78, 0x1e, 0xc0, 0x39, 0xc0, 0x3e,
    0x0, 0x0, 0x0, 0x0,

    /* U+8F6C "转" */
    0x0, 0x0, 0x10, 0x0, 0x34, 0x0, 0xd0, 0x6,
    0xe9, 0x6b, 0xa9, 0x3f, 0xfe, 0xff, 0xf8, 0x38,
    0x0, 0xb0, 0x0, 0xd9, 0x17, 0xd5, 0x4b, 0x34,
    0xff, 0xff, 0x2f, 0xfc, 0x70, 0x0, 0x3, 0x83,
    0xff, 0xd0, 0xe, 0x85, 0x5b, 0x4b, 0xff, 0x44,
    0x3c, 0x3f, 0xe0, 0xbb, 0xc0, 0x3, 0x40, 0xbe,
    0x0, 0xd, 0x0, 0x3e, 0x0, 0x34, 0x0, 0x34,
    0x0, 0x0, 0x0, 0x0,

    /* U+8F7D "载" */
    0x0, 0x0, 0x0, 0x0, 0x2, 0xc0, 0xd9, 0x1,
    0xff, 0xf7, 0x6d, 0x0, 0x2c, 0xe, 0x10, 0x3f,
    0xff, 0xff, 0xf0, 0x5a, 0x55, 0xf5, 0x41, 0x7d,
    0x53, 0x8c, 0xb, 0xff, 0xeb, 0x70, 0xf, 0x0,
    0x1e, 0xc0, 0x3f, 0xfd, 0x3d, 0x0, 0x7, 0x40,
    0xf1, 0x1, 0x6f, 0xdb, 0xcd, 0x2f, 0xff, 0xbf,
    0xb0, 0x55, 0xd7, 0xcb, 0xc0, 0x7, 0x4c, 0xe,
    0x0, 0x0, 0x0, 0x0,

    /* U+8F91 "辑" */
    0x1, 0x0, 0x0, 0x0, 0x1c, 0x7, 0xff, 0xc2,
    0xfa, 0x5c, 0xf, 0xf, 0xff, 0x7a, 0xbc, 0x1e,
    0x55, 0xff, 0xe0, 0x76, 0xf, 0xff, 0xe2, 0xdd,
    0x2d, 0x5e, 0xf, 0xfe, 0x70, 0x38, 0x1a, 0xe5,
    0xff, 0xe0, 0x7, 0x7, 0x3, 0x81, 0xbf, 0xdf,
    0xfe, 0xf, 0xf8, 0x70, 0x39, 0x1, 0xc7, 0xff,
    0xf8, 0x7, 0x1e, 0x97, 0x80, 0x1c, 0x0, 0xe,
    0x0, 0x0, 0x0, 0x0,

    /* U+8F93 "输" */
    0x0, 0x0, 0x0, 0x0, 0x28, 0x0, 0xf0, 0x0,
    0xf0, 0xf, 0xb0, 0xf, 0xfc, 0xf0, 0xb4, 0x1d,
    0x1f, 0xff, 0xf4, 0xb6, 0x20, 0x0, 0x43, 0xac,
    0xbf, 0x57, 0xf, 0xfe, 0xdd, 0xdc, 0x17, 0xdb,
    0xb7, 0x70, 0xb, 0x6e, 0xdd, 0xc2, 0xbf, 0xb7,
    0x77, 0xf, 0xf2, 0xfd, 0xdc, 0x2, 0xcb, 0x34,
    0x70, 0xb, 0x2c, 0xd2, 0xc0, 0x2c, 0xbb, 0x2e,
    0x0,

    /* U+8FBE "达" */
    0x28, 0x0, 0xb0, 0x0, 0x78, 0x3, 0xc0, 0x0,
    0x70, 0xf, 0x0, 0x0, 0xf, 0xff, 0xf4, 0x2a,
    0x1, 0xf4, 0x1, 0xfc, 0x7, 0xd0, 0x0, 0x70,
    0x3e, 0xc0, 0x1, 0xc1, 0xd3, 0x80, 0x7, 0xe,
    0x7, 0x80, 0x1d, 0xf0, 0xb, 0x40, 0xb5, 0x0,
    0x8, 0x7, 0xb0, 0x0, 0x0, 0x38, 0xb9, 0x55,
    0x60, 0xc0, 0x7f, 0xff, 0xc0, 0x0, 0x0, 0x0,
    0x0,

    /* U+8FC7 "过" */
    0x0, 0x0, 0x0, 0x0, 0xa0, 0x0, 0x2c, 0x1,
    0xf0, 0x0, 0xb0, 0x1, 0xcf, 0xff, 0xfc, 0x0,
    0x1a, 0xaf, 0xa0, 0x54, 0x0, 0x2c, 0x7, 0xf0,
    0xf0, 0xb0, 0x1, 0xc1, 0xe2, 0xc0, 0x7, 0x2,
    0x8b, 0x0, 0x1c, 0x0, 0x2c, 0x0, 0x70, 0x0,
    0xb0, 0x2, 0xd0, 0x3f, 0xc0, 0x1f, 0xc0, 0x14,
    0x0, 0xe2, 0xe9, 0x55, 0x93, 0x1, 0xff, 0xff,
    0x0, 0x0, 0x0, 0x0,

    /* U+8FD0 "运" */
    0x0, 0x0, 0x0, 0x0, 0xb0, 0x3f, 0xff, 0x0,
    0xf0, 0x55, 0x54, 0x0, 0xc0, 0x0, 0x0, 0x0,
    0x15, 0x55, 0x50, 0x54, 0xff, 0xff, 0xc3, 0xf4,
    0x2d, 0x0, 0x1, 0xd0, 0xf0, 0xc0, 0x3, 0x47,
    0x43, 0x80, 0xd, 0x3c, 0x1b, 0x0, 0x36, 0xff,
    0xfe, 0x1, 0xd2, 0x54, 0x28, 0xf, 0xc0, 0x0,
    0x0, 0xf2, 0xe5, 0x55, 0x83, 0x42, 0xff, 0xff,
    0x0, 0x0, 0x0, 0x0,

    /* U+8FD1 "近" */
    0x4, 0x0, 0x6, 0x40, 0xb4, 0x3f, 0xfe, 0x0,
    0xb4, 0xd0, 0x0, 0x0, 0x83, 0x40, 0x0, 0x0,
    0xe, 0x55, 0x50, 0x54, 0x3f, 0xff, 0x83, 0xf4,
    0xd0, 0xe0, 0x1, 0xd3, 0x3, 0x80, 0x3, 0x5c,
    0xe, 0x0, 0xd, 0xb0, 0x38, 0x0, 0x37, 0x40,
    0xe0, 0x1, 0xd8, 0x3, 0x80, 0xf, 0xc0, 0x4,
    0x0, 0xf2, 0xe5, 0x55, 0x83, 0x42, 0xff, 0xff,
    0x0, 0x0, 0x0, 0x0,

    /* U+8FD4 "返" */
    0x4, 0x0, 0x5, 0x80, 0xb4, 0x3f, 0xff, 0x40,
    0xb4, 0xe4, 0x0, 0x0, 0x83, 0x40, 0x0, 0x0,
    0xf, 0xff, 0xe0, 0x54, 0x39, 0x57, 0x43, 0xf4,
    0xd8, 0x1c, 0x1, 0xd7, 0x7d, 0xe0, 0x3, 0x5c,
    0x2f, 0x0, 0xd, 0xb0, 0xbe, 0x0, 0x37, 0x8f,
    0x6e, 0x1, 0xe8, 0xf4, 0x2c, 0xf, 0xc0, 0x0,
    0x0, 0xf2, 0xe5, 0x55, 0x83, 0x41, 0xff, 0xff,
    0x0, 0x0, 0x0, 0x0,

    /* U+8FD8 "还" */
    0x0, 0x0, 0x0, 0x0, 0xb4, 0xff, 0xff, 0xc0,
    0xf5, 0xab, 0xa9, 0x0, 0xc0, 0x2c, 0x0, 0x0,
    0x0, 0xf5, 0x0, 0x54, 0xf, 0xed, 0x3, 0xf4,
    0xff, 0x3c, 0x1, 0xdf, 0x6c, 0x3c, 0x3, 0x74,
    0xb0, 0x70, 0xd, 0x2, 0xc0, 0x0, 0x34, 0xb,
    0x0, 0x2, 0xd0, 0x2c, 0x0, 0x1f, 0xc0, 0x0,
    0x0, 0xf2, 0xe5, 0x55, 0x83, 0x42, 0xff, 0xff,
    0x0, 0x0, 0x0, 0x0,

    /* U+8FD9 "这" */
    0x0, 0x0, 0x50, 0x0, 0xb0, 0x2, 0xc0, 0x0,
    0xf1, 0xab, 0xaa, 0x0, 0xcb, 0xff, 0xfc, 0x0,
    0x0, 0x3, 0x80, 0x54, 0x2c, 0x1d, 0x3, 0xf4,
    0x7c, 0xb0, 0x1, 0xd0, 0x7f, 0x40, 0x3, 0x40,
    0x7d, 0x0, 0xd, 0x7, 0xfd, 0x0, 0x35, 0xfc,
    0x3e, 0x1, 0xdb, 0x40, 0x34, 0xf, 0xc0, 0x0,
    0x0, 0xf2, 0xe5, 0x55, 0x83, 0x41, 0xff, 0xff,
    0x0, 0x0, 0x0, 0x0,

    /* U+8FDE "连" */
    0x0, 0x0, 0x80, 0x0, 0xb0, 0xb, 0x40, 0x0,
    0xf7, 0xff, 0xff, 0x0, 0xc6, 0xd5, 0x54, 0x0,
    0xf, 0x38, 0x0, 0xa8, 0xb9, 0xe5, 0x43, 0xf5,
    0xff, 0xfe, 0x0, 0xd0, 0xe, 0x0, 0x3, 0x6a,
    0xbe, 0xa0, 0xd, 0xaa, 0xfa, 0x80, 0x34, 0x3,
    0x80, 0x2, 0xd0, 0xe, 0x0, 0x1e, 0xc0, 0x0,
    0x0, 0xf2, 0xe5, 0x55, 0x93, 0x41, 0xff, 0xff,
    0x40, 0x0, 0x0, 0x0,

    /* U+8FF9 "迹" */
    0x0, 0x0, 0x50, 0x0, 0xf0, 0x2, 0xc0, 0x0,
    0xf3, 0xff, 0xff, 0x0, 0xca, 0xbb, 0xa8, 0x0,
    0x1, 0xcd, 0x0, 0x54, 0xa7, 0x37, 0x47, 0xf2,
    0xac, 0xde, 0x1, 0xcd, 0xb3, 0x6c, 0x7, 0xb3,
    0x8d, 0x70, 0x1c, 0x5d, 0x34, 0xc0, 0x70, 0xf1,
    0xd0, 0x2, 0xc3, 0x1f, 0x0, 0x1f, 0xc0, 0x0,
    0x0, 0xe3, 0xe5, 0x55, 0x83, 0x2, 0xff, 0xff,
    0x0, 0x0, 0x0, 0x0,

    /* U+9001 "送" */
    0x0, 0x1, 0x1, 0x0, 0xb0, 0x1d, 0xe, 0x0,
    0xf0, 0x38, 0xb0, 0x0, 0xc3, 0xff, 0xf4, 0x0,
    0x5, 0xb9, 0x40, 0x54, 0x0, 0xd0, 0x7, 0xf1,
    0x5b, 0x95, 0x5, 0xcb, 0xff, 0xfc, 0x7, 0x0,
    0xf0, 0x0, 0x1c, 0xb, 0x7c, 0x0, 0x70, 0xf8,
    0x3d, 0x2, 0xd7, 0x40, 0x38, 0x1f, 0xc0, 0x0,
    0x0, 0xe2, 0xe5, 0x55, 0x83, 0x2, 0xff, 0xff,
    0x0, 0x0, 0x0, 0x0,

    /* U+9002 "适" */
    0x0, 0x0, 0x0, 0x0, 0xb0, 0x55, 0xbf, 0x1,
    0xf2, 0xff, 0xe4, 0x0, 0xd0, 0xe, 0x0, 0x0,
    0x15, 0x79, 0x50, 0x54, 0xff, 0xff, 0xc7, 0xf0,
    0x3, 0x80, 0x6, 0xc1, 0x5e, 0x50, 0x7, 0xf,
    0xff, 0xc0, 0x1c, 0x38, 0xb, 0x0, 0x70, 0xe5,
    0x6c, 0x1, 0xc3, 0xff, 0xf0, 0xf, 0xc0, 0x0,
    0x0, 0xe3, 0xe5, 0x55, 0x83, 0x2, 0xff, 0xff,
    0x0, 0x0, 0x0, 0x0,

    /* U+9006 "逆" */
    0x0, 0x0, 0x1, 0x0, 0xb0, 0xd, 0xd, 0x1,
    0xf0, 0x3c, 0xb0, 0x0, 0xdf, 0xff, 0xfc, 0x0,
    0x5, 0x79, 0x50, 0x54, 0x70, 0xd3, 0x47, 0xf1,
    0xc3, 0x4d, 0x1, 0xc7, 0x5e, 0x74, 0x7, 0x1f,
    0xff, 0xd0, 0x1c, 0x3, 0xc0, 0x0, 0x70, 0x2d,
    0x0, 0x2, 0xd1, 0xe0, 0x0, 0x1f, 0xc1, 0x0,
    0x0, 0xe3, 0xe5, 0x55, 0x83, 0x2, 0xff, 0xff,
    0x0, 0x0, 0x0, 0x0,

    /* U+9009 "选" */
    0x18, 0x6, 0x38, 0x0, 0x78, 0x3d, 0xf5, 0x0,
    0x75, 0xff, 0xfd, 0x0, 0xb, 0xe, 0x0, 0x15,
    0xa, 0xbe, 0xa1, 0xfc, 0x7f, 0xff, 0xc0, 0x70,
    0x1c, 0xe0, 0x1, 0xc0, 0xb3, 0x80, 0x7, 0x3,
    0x8e, 0x20, 0x1c, 0x7c, 0x39, 0xd0, 0xb6, 0xc0,
    0xbf, 0x7, 0xf0, 0x0, 0x0, 0x38, 0xb9, 0x55,
    0x64, 0xc0, 0xbf, 0xff, 0xc0, 0x0, 0x0, 0x0,
    0x0,

    /* U+9014 "途" */
    0x0, 0x0, 0x0, 0x0, 0x60, 0x2, 0xe0, 0x1,
    0xf0, 0x2d, 0xe0, 0x0, 0xd7, 0xc1, 0xf8, 0x0,
    0x3f, 0xff, 0xb0, 0x54, 0x5, 0xe4, 0x7, 0xf0,
    0x57, 0x95, 0x1, 0xc7, 0xff, 0xfc, 0x7, 0x4,
    0x75, 0x40, 0x1c, 0x34, 0xdb, 0x0, 0x72, 0xc7,
    0x4f, 0x2, 0xd5, 0xbc, 0x18, 0x1f, 0xc0, 0x40,
    0x0, 0xe2, 0xe5, 0x55, 0x93, 0x2, 0xff, 0xff,
    0x40, 0x0, 0x0, 0x0,

    /* U+901A "通" */
    0x0, 0x0, 0x0, 0x0, 0xb0, 0xff, 0xff, 0x0,
    0xf4, 0x1d, 0xb8, 0x0, 0x80, 0x7f, 0x40, 0x0,
    0x1f, 0xff, 0xd0, 0xa8, 0x71, 0xd3, 0x43, 0xf1,
    0xff, 0xfd, 0x1, 0xc7, 0x1d, 0x34, 0x7, 0x1c,
    0x74, 0xd0, 0x1c, 0x7f, 0xff, 0x40, 0x71, 0xc3,
    0x4d, 0x2, 0xd7, 0xd, 0xf0, 0x1f, 0xc0, 0x0,
    0x0, 0xe3, 0xe5, 0x55, 0x83, 0x2, 0xff, 0xff,
    0x0, 0x0, 0x0, 0x0,

    /* U+901F "速" */
    0x0, 0x0, 0x0, 0x0, 0x60, 0x0, 0xd0, 0x1,
    0xf2, 0xff, 0xff, 0x0, 0xd0, 0x1d, 0x0, 0x0,
    0x1f, 0xff, 0xe0, 0x54, 0x74, 0xd3, 0x87, 0xf1,
    0xd7, 0x4e, 0x1, 0xc7, 0xff, 0xf8, 0x7, 0x1,
    0xf5, 0x0, 0x1c, 0xe, 0xde, 0x0, 0x72, 0xf3,
    0x5e, 0x1, 0xca, 0xd, 0x14, 0xf, 0xc0, 0x34,
    0x0, 0xf3, 0xe5, 0x55, 0x83, 0x42, 0xff, 0xff,
    0x0, 0x0, 0x0, 0x0,

    /* U+9053 "道" */
    0x0, 0x0, 0x0, 0x0, 0x60, 0x1c, 0xd, 0x1,
    0xe2, 0xbe, 0xfa, 0x1, 0xdf, 0xff, 0xfc, 0x0,
    0x5, 0xf5, 0x40, 0x0, 0x3f, 0xff, 0x7, 0xf4,
    0xd0, 0x1c, 0x6, 0xd3, 0xff, 0xf0, 0x3, 0x4e,
    0x55, 0xc0, 0xd, 0x3f, 0xff, 0x0, 0x34, 0xe5,
    0x6c, 0x1, 0xd3, 0xff, 0xf0, 0x1f, 0xc0, 0x0,
    0x0, 0xe2, 0xe5, 0x55, 0x83, 0x2, 0xff, 0xff,
    0x0, 0x0, 0x0, 0x0,

    /* U+914D "配" */
    0x0, 0x0, 0x0, 0xf, 0xff, 0xef, 0xfc, 0x6e,
    0xe5, 0x56, 0xc1, 0xdd, 0x0, 0x2c, 0xbf, 0xfc,
    0x2, 0xca, 0xde, 0xc0, 0x2c, 0xad, 0xee, 0xff,
    0xca, 0xce, 0xee, 0xa8, 0xbc, 0xfe, 0xc0, 0xb,
    0x42, 0xec, 0x0, 0xbf, 0xfe, 0xc0, 0x9b, 0x56,
    0xec, 0xe, 0xb5, 0x7e, 0xc0, 0xeb, 0xff, 0xee,
    0x6d, 0xa0, 0x2c, 0xff, 0xc0, 0x0, 0x0, 0x0,

    /* U+9192 "醒" */
    0x0, 0x0, 0x0, 0x1, 0xff, 0xf7, 0xff, 0xc1,
    0xbe, 0x5c, 0xb, 0x6, 0xb8, 0x7f, 0xfc, 0x3f,
    0xfd, 0xc0, 0xb0, 0xdb, 0xb7, 0xff, 0xc3, 0xae,
    0xc0, 0x0, 0xe, 0xbb, 0x32, 0x40, 0x3d, 0xbe,
    0xff, 0xf0, 0xe0, 0xbd, 0x38, 0x3, 0xff, 0xcf,
    0xfe, 0xd, 0x7, 0x17, 0x90, 0x34, 0x2c, 0xe,
    0x0, 0xff, 0xf6, 0xbe, 0x83, 0x41, 0xaf, 0xff,
    0x40,

    /* U+91CC "里" */
    0xf, 0xff, 0xff, 0xc0, 0x3d, 0x6e, 0x5f, 0x0,
    0xe0, 0x74, 0x2c, 0x3, 0xff, 0xff, 0xf0, 0xf,
    0x5b, 0x97, 0xc0, 0x38, 0x1d, 0xb, 0x0, 0xff,
    0xff, 0xfc, 0x1, 0x56, 0xe5, 0x50, 0x0, 0x7,
    0x40, 0x0, 0xbf, 0xff, 0xff, 0x80, 0x55, 0x75,
    0x54, 0xa, 0xaa, 0xea, 0xa8, 0x3f, 0xff, 0xff,
    0xf0,

    /* U+91CD "重" */
    0x0, 0x0, 0x15, 0x0, 0x3f, 0xff, 0xfd, 0x0,
    0x0, 0x74, 0x0, 0xf, 0xff, 0xff, 0xfc, 0x5,
    0x5b, 0x55, 0x40, 0x3f, 0xff, 0xff, 0x0, 0xe0,
    0x74, 0x2c, 0x3, 0xff, 0xff, 0xf0, 0xe, 0x7,
    0x42, 0xc0, 0x3f, 0xff, 0xff, 0x0, 0x15, 0x75,
    0x50, 0x7, 0xff, 0xff, 0xf4, 0x0, 0x7, 0x40,
    0x0, 0x55, 0x6e, 0x55, 0x43, 0xff, 0xff, 0xff,
    0x0,

    /* U+91CF "量" */
    0x1f, 0xff, 0xff, 0x1, 0xff, 0xff, 0xf0, 0x1e,
    0x55, 0x5f, 0x0, 0x55, 0x55, 0x50, 0xff, 0xff,
    0xff, 0xe1, 0x55, 0x55, 0x50, 0x2e, 0xaf, 0xab,
    0x2, 0xff, 0xff, 0xf0, 0x2d, 0x5e, 0x5b, 0x1,
    0x55, 0xe5, 0x50, 0x3f, 0xff, 0xff, 0x40, 0x0,
    0xe0, 0x0, 0x0, 0xe, 0x0, 0xf, 0xff, 0xff,
    0xfe,

    /* U+9488 "针" */
    0xa, 0x0, 0x2c, 0x0, 0x3f, 0xc0, 0xb0, 0x1,
    0xd5, 0x2, 0xc0, 0xe, 0x0, 0xb, 0x0, 0x7f,
    0xe6, 0xbe, 0xa0, 0x2f, 0x7f, 0xff, 0xd0, 0x34,
    0x2, 0xc0, 0xf, 0xfd, 0xb, 0x0, 0x17, 0x90,
    0x2c, 0x0, 0xd, 0x0, 0xb0, 0x0, 0x34, 0x2,
    0xc0, 0x0, 0xec, 0xb, 0x0, 0x7, 0xe0, 0x2c,
    0x0, 0x4, 0x0, 0xb0, 0x0,

    /* U+949F "钟" */
    0x0, 0x0, 0x0, 0x0, 0xe0, 0x2, 0xc0, 0xf,
    0xf0, 0x2c, 0x2, 0xd5, 0x7f, 0xff, 0x38, 0x7,
    0xbd, 0xb7, 0xff, 0x72, 0xcb, 0x7, 0x97, 0x2c,
    0xb0, 0x34, 0x72, 0xcb, 0x3f, 0xfb, 0xff, 0xf1,
    0x79, 0x7b, 0xef, 0x3, 0x41, 0x2c, 0x10, 0x34,
    0x2, 0xc0, 0x3, 0xb8, 0x2c, 0x0, 0x7e, 0x2,
    0xc0, 0x1, 0x0, 0x2c, 0x0,

    /* U+9501 "锁" */
    0xd, 0x6, 0x2c, 0x20, 0x7f, 0xcd, 0xb3, 0xc2,
    0xd5, 0x2a, 0xcd, 0xe, 0x1, 0xaf, 0xa8, 0x7f,
    0xe7, 0xaa, 0xf0, 0x2e, 0x1c, 0x62, 0xc0, 0x74,
    0x72, 0xcb, 0xf, 0xfd, 0xcb, 0x2c, 0x1b, 0x97,
    0x3c, 0xb0, 0x1d, 0x1c, 0xe2, 0xc0, 0x74, 0x1b,
    0x75, 0x1, 0xfc, 0xb8, 0xf8, 0xb, 0x8b, 0x80,
    0xb4, 0x0, 0x4, 0x0, 0x40,

    /* U+952E "键" */
    0x0, 0x0, 0x0, 0x0, 0x34, 0x0, 0x1d, 0x41,
    0xfc, 0xfd, 0xff, 0xb, 0x50, 0xe5, 0xdd, 0x34,
    0x3, 0x7f, 0xfc, 0xff, 0x2c, 0x1d, 0xc0, 0xb8,
    0xfe, 0xff, 0x1, 0xc0, 0x71, 0xd0, 0x3f, 0xe9,
    0xef, 0xf4, 0x6d, 0xbe, 0x1c, 0x0, 0x70, 0xfb,
    0xff, 0x81, 0xc1, 0xd1, 0xd0, 0x7, 0xeb, 0xc2,
    0x0, 0x2f, 0xbf, 0xe9, 0x50, 0x61, 0xc2, 0xff,
    0xc0, 0x0, 0x0, 0x0,

    /* U+957F "长" */
    0x1, 0xd0, 0x2, 0x0, 0x7, 0x40, 0x3d, 0x0,
    0x1d, 0xb, 0xc0, 0x0, 0x75, 0xf8, 0x0, 0x1,
    0xd1, 0x0, 0x0, 0xab, 0xaa, 0xaa, 0x83, 0xff,
    0xff, 0xff, 0x0, 0x74, 0x38, 0x0, 0x1, 0xd0,
    0x70, 0x0, 0x7, 0x40, 0xf0, 0x0, 0x1d, 0x1,
    0xf0, 0x0, 0x7a, 0xd1, 0xf8, 0x2, 0xfe, 0x40,
    0xf0, 0x1, 0x40, 0x0, 0x0,

    /* U+95ED "闭" */
    0x5, 0x0, 0x0, 0x3, 0xc3, 0xff, 0xf0, 0x34,
    0x55, 0x6c, 0x4a, 0x9, 0xb, 0xb0, 0x3, 0x82,
    0xec, 0xaa, 0xf9, 0xbb, 0x3f, 0xff, 0xae, 0xc0,
    0x2e, 0xb, 0xb0, 0x1f, 0x82, 0xec, 0x2d, 0xe0,
    0xbb, 0x7d, 0x38, 0x2e, 0xcc, 0xe, 0xb, 0xb0,
    0x2f, 0x42, 0xec, 0x1, 0x41, 0xfb, 0x0, 0x0,
    0xf4,

    /* U+95F2 "闲" */
    0x9, 0x0, 0x0, 0x3, 0xc3, 0xff, 0xf0, 0x74,
    0x55, 0x6c, 0x44, 0x10, 0x7, 0x70, 0xd, 0x1,
    0xdc, 0x3, 0x80, 0x77, 0x3f, 0xff, 0x5d, 0xc5,
    0xf9, 0x47, 0x70, 0x3f, 0x41, 0xdc, 0x3b, 0xf4,
    0x77, 0x3c, 0xd7, 0x5d, 0xdd, 0x34, 0xa7, 0x71,
    0xd, 0x1, 0xdc, 0x3, 0x41, 0xf7, 0x0, 0x0,
    0xf4,

    /* U+95F4 "间" */
    0x5, 0x0, 0x0, 0x3, 0xc3, 0xff, 0xf0, 0x74,
    0x55, 0x6c, 0x4e, 0x0, 0xb, 0xb0, 0x55, 0x42,
    0xec, 0x7f, 0xf4, 0xbb, 0x1c, 0xd, 0x2e, 0xc7,
    0x57, 0x4b, 0xb1, 0xff, 0xd2, 0xec, 0x70, 0x34,
    0xbb, 0x1d, 0x5d, 0x2e, 0xc7, 0xff, 0x4b, 0xb0,
    0x0, 0x2, 0xec, 0x0, 0x5, 0xfb, 0x0, 0x1,
    0xf4,

    /* U+9640 "陀" */
    0x0, 0x0, 0x40, 0x3f, 0xf0, 0x74, 0xf, 0x7d,
    0x6f, 0x57, 0x8e, 0xff, 0xff, 0xe7, 0x74, 0x2,
    0xfa, 0xcd, 0x0, 0xbe, 0xf0, 0xe0, 0x13, 0xad,
    0x38, 0xbc, 0xe3, 0xcf, 0xf4, 0x38, 0x73, 0xd0,
    0xe, 0x6c, 0xe0, 0x13, 0xbe, 0x38, 0xb, 0xe0,
    0xe, 0x2, 0xf8, 0x3, 0xea, 0xee, 0x0, 0xbf,
    0xf0,

    /* U+9644 "附" */
    0x0, 0x0, 0x0, 0xf, 0xf8, 0xe0, 0xb0, 0xe7,
    0x4c, 0xb, 0xe, 0x32, 0xc0, 0xb0, 0xe7, 0x3b,
    0xff, 0xce, 0xe7, 0x9a, 0xf8, 0xed, 0xf8, 0xb,
    0xe, 0xea, 0xac, 0xb0, 0xe7, 0x28, 0xdb, 0xe,
    0x36, 0x8f, 0xb0, 0xe7, 0x68, 0x5b, 0xf, 0xf2,
    0x80, 0xb0, 0xe0, 0x28, 0xb, 0xe, 0x2, 0x86,
    0xf0, 0xe0, 0x28, 0x3e, 0x0, 0x0, 0x0, 0x0,

    /* U+964D "降" */
    0x0, 0x1, 0x0, 0xf, 0xf8, 0xb8, 0x0, 0xe7,
    0x5f, 0xff, 0x4d, 0x7b, 0xe0, 0xb0, 0xdb, 0x7b,
    0xad, 0xd, 0xe0, 0x3f, 0xc0, 0xec, 0x7f, 0xaf,
    0xce, 0xe6, 0x46, 0x68, 0xd7, 0x3f, 0xff, 0x4d,
    0x35, 0x4b, 0x0, 0xe7, 0x7c, 0xb0, 0xe, 0xf7,
    0xff, 0xfc, 0xd0, 0x15, 0xb5, 0x4d, 0x0, 0x7,
    0x0, 0xd0, 0x0, 0x70, 0x0, 0x0, 0x0, 0x0,

    /* U+9664 "除" */
    0xff, 0x81, 0xf0, 0xf, 0x78, 0x3b, 0x80, 0xe7,
    0x1f, 0x1e, 0xe, 0xbb, 0xe5, 0xfc, 0xee, 0x6f,
    0xfd, 0x8e, 0xd0, 0xe, 0x0, 0xef, 0x2a, 0xfa,
    0x4e, 0x77, 0xff, 0xfc, 0xe3, 0x40, 0xe0, 0xf,
    0xba, 0xce, 0xb0, 0xee, 0x38, 0xe7, 0x4e, 0xb,
    0xe, 0x3c, 0xe0, 0xa6, 0xe1, 0x4e, 0x0, 0x7c,
    0x0,

    /* U+96F6 "零" */
    0xf, 0xff, 0xff, 0x80, 0x15, 0x6d, 0x54, 0x3,
    0xff, 0xff, 0xfe, 0xe, 0xa9, 0xda, 0x78, 0x36,
    0xa7, 0x69, 0xd0, 0xf, 0xee, 0xf8, 0x0, 0x7,
    0xee, 0x0, 0x2, 0xfa, 0x5f, 0x90, 0x7e, 0x4b,
    0x47, 0xf0, 0xf, 0xff, 0xf0, 0x0, 0x1, 0x7,
    0x80, 0x0, 0x2f, 0xf4, 0x0, 0x0, 0x7, 0xf0,
    0x0, 0x0, 0x1, 0x80, 0x0,

    /* U+9759 "静" */
    0x0, 0x0, 0x0, 0x0, 0xff, 0xf1, 0xff, 0x40,
    0x3c, 0x1d, 0x3c, 0xb, 0xfe, 0xe1, 0xe0, 0x1b,
    0xe5, 0xff, 0xf0, 0xff, 0xf5, 0xf6, 0xc1, 0x55,
    0x56, 0xdb, 0xf, 0xff, 0xbf, 0xfe, 0x38, 0x2c,
    0x2c, 0x70, 0xff, 0xf2, 0xfb, 0xc3, 0x83, 0xdf,
    0xff, 0xf, 0xff, 0xb, 0x0, 0x38, 0x2c, 0x2c,
    0x0, 0xe0, 0xe1, 0xf0, 0x3, 0x87, 0x4f, 0x80,
    0x0, 0x0, 0x0, 0x0,

    /* U+9762 "面" */
    0x3f, 0xff, 0xff, 0xf4, 0xaa, 0xae, 0xaa, 0x80,
    0x0, 0xb0, 0x0, 0xb, 0xff, 0xff, 0xf8, 0x2d,
    0xb5, 0x79, 0xe0, 0xb1, 0xc0, 0xd3, 0x82, 0xc7,
    0xff, 0x4e, 0xb, 0x1d, 0x5d, 0x38, 0x2c, 0x70,
    0x34, 0xe0, 0xb1, 0xff, 0xd3, 0x82, 0xc7, 0x3,
    0x4e, 0xb, 0x6d, 0x5e, 0x78, 0x2f, 0xff, 0xff,
    0xe0, 0xb0, 0x0, 0x3, 0x80,

    /* U+9875 "页" */
    0x3f, 0xff, 0xff, 0xf0, 0x55, 0x6e, 0x55, 0x40,
    0x0, 0xb0, 0x0, 0x1, 0xff, 0xff, 0xd0, 0x7,
    0xaa, 0xab, 0x40, 0x1c, 0xc, 0xd, 0x0, 0x70,
    0x74, 0x34, 0x1, 0xc1, 0xd0, 0xd0, 0x7, 0xb,
    0x3, 0x40, 0x1c, 0x3c, 0xd, 0x0, 0x12, 0xda,
    0x50, 0x0, 0x7e, 0x2f, 0xd0, 0x2f, 0xd0, 0xb,
    0xe0, 0x24, 0x0, 0x2, 0x0,

    /* U+987A "顺" */
    0x34, 0x3b, 0xff, 0xf4, 0xdd, 0xe5, 0xf5, 0x43,
    0x77, 0x57, 0xd5, 0xd, 0xdd, 0xff, 0xfc, 0x37,
    0x77, 0x84, 0xb0, 0xdd, 0xde, 0x72, 0xc3, 0x77,
    0x79, 0xcb, 0xd, 0xdd, 0xe7, 0x2c, 0x37, 0x77,
    0xac, 0xb0, 0xdd, 0xde, 0xf2, 0xc3, 0x77, 0x43,
    0xa4, 0xd, 0xdd, 0x3d, 0xf4, 0x70, 0x3b, 0xf0,
    0xf0, 0xc0, 0xde, 0x1, 0xc0, 0x0, 0x0, 0x0,
    0x0,

    /* U+9891 "频" */
    0x1, 0xc2, 0xff, 0xf4, 0xb7, 0xf5, 0x7d, 0x42,
    0xdf, 0xc0, 0xe0, 0xb, 0x70, 0x7f, 0xfc, 0x7f,
    0xfd, 0xd5, 0xb0, 0xaa, 0xa7, 0x39, 0xc0, 0x1c,
    0x5c, 0xe7, 0x7, 0x73, 0xb3, 0x9c, 0x3d, 0xed,
    0xcd, 0x70, 0xd7, 0xe7, 0x75, 0xc0, 0xf, 0x2,
    0xd8, 0x2, 0xf0, 0x2e, 0x78, 0x3e, 0x3, 0xe0,
    0x74, 0x0, 0x4, 0x0, 0x40,

    /* U+9897 "颗" */
    0x0, 0x0, 0x0, 0x0, 0xbf, 0xfb, 0xff, 0xf2,
    0xed, 0xe5, 0xb5, 0x4b, 0x77, 0x42, 0xc0, 0x2f,
    0xfd, 0xff, 0xf4, 0xb7, 0x37, 0xd5, 0xd2, 0xff,
    0xdf, 0x73, 0x40, 0x74, 0x3d, 0xcd, 0x16, 0xe5,
    0xf7, 0x34, 0xff, 0xff, 0xdc, 0xd0, 0x7e, 0xf,
    0xb3, 0x43, 0xbb, 0x83, 0x90, 0x2d, 0xc9, 0x3d,
    0xe0, 0xd7, 0xb, 0xd1, 0xe0, 0x1c, 0x28, 0x2,
    0x40, 0x0, 0x0, 0x0,

    /* U+9A8C "验" */
    0x3f, 0xf0, 0x3c, 0x0, 0x57, 0x81, 0xe8, 0x0,
    0x4e, 0xd, 0x34, 0xb, 0x34, 0xf0, 0xb4, 0x28,
    0xdf, 0xff, 0xf4, 0xe3, 0x61, 0x54, 0x83, 0xad,
    0x2, 0x49, 0xf, 0xfd, 0xce, 0x38, 0x0, 0x73,
    0xac, 0xd0, 0xbd, 0xcb, 0x7b, 0x7, 0x97, 0x18,
    0x3c, 0x0, 0x2d, 0xaa, 0xf8, 0x4, 0xef, 0xff,
    0xf4, 0x2f, 0x0, 0x0, 0x0,

    /* U+9A91 "骑" */
    0x3f, 0xe0, 0x2c, 0x0, 0x57, 0xaf, 0xff, 0xc1,
    0x4e, 0x7, 0xe0, 0xb, 0x35, 0xbd, 0xf8, 0x38,
    0xd6, 0x40, 0x60, 0xd7, 0x2f, 0xff, 0xd3, 0xff,
    0x55, 0x5e, 0xf, 0xfc, 0x0, 0x34, 0x0, 0x77,
    0xfc, 0xd1, 0xad, 0xcd, 0x73, 0x46, 0x47, 0x3f,
    0xcd, 0x0, 0x1c, 0x0, 0x34, 0xa, 0xf0, 0x5,
    0xd0, 0x1e, 0x0, 0x2f, 0x0,

    /* U+9AD8 "高" */
    0x0, 0x1, 0x0, 0x0, 0x0, 0x2d, 0x0, 0x3,
    0xff, 0xff, 0xff, 0x0, 0x55, 0x55, 0x40, 0x3,
    0xff, 0xff, 0x0, 0xe, 0x0, 0x2c, 0x0, 0x3f,
    0xff, 0xf0, 0x1, 0x55, 0x55, 0x50, 0x2f, 0xff,
    0xff, 0xe0, 0xb1, 0x55, 0x53, 0x82, 0xcb, 0xff,
    0x8e, 0xb, 0x2c, 0xe, 0x38, 0x2c, 0xbf, 0xf8,
    0xe0, 0xb0, 0x0, 0x17, 0x82, 0xc0, 0x0, 0xbc,
    0x0,

    /* U+9E23 "鸣" */
    0x0, 0x0, 0x40, 0x15, 0x40, 0x70, 0xf, 0xf8,
    0xff, 0xf3, 0x8e, 0x3a, 0x6c, 0xe3, 0x8e, 0xdb,
    0x38, 0xe3, 0x96, 0xce, 0x38, 0xe3, 0xe3, 0x8e,
    0x39, 0xa4, 0xe3, 0x8f, 0xff, 0xf8, 0xe0, 0x0,
    0xbe, 0x39, 0xaa, 0x9f, 0xfe, 0xbf, 0xf7, 0xe3,
    0x80, 0x2, 0xd0, 0x0, 0x5, 0xe0, 0x0, 0x3,
    0xe0,

    /* U+9ED1 "黑" */
    0xf, 0xff, 0xff, 0xc0, 0x39, 0x5d, 0xab, 0x0,
    0xde, 0x32, 0xdc, 0x3, 0x6c, 0xcd, 0x70, 0xe,
    0x67, 0x56, 0xc0, 0x3f, 0xff, 0xff, 0x0, 0x55,
    0x75, 0x54, 0x3, 0xff, 0xff, 0xf0, 0x15, 0x5b,
    0x95, 0x50, 0xff, 0xff, 0xff, 0xc0, 0x41, 0x4,
    0x4, 0x3, 0x4d, 0x38, 0xb0, 0x2c, 0x38, 0x70,
    0xf0, 0x50, 0x50, 0x40, 0x0,

    /* U+FF01 "！" */
    0x28, 0x3c, 0x3c, 0x3c, 0x3c, 0x3c, 0x38, 0x38,
    0x0, 0x3c, 0x3c,

    /* U+FF08 "（" */
    0xe, 0x1c, 0x38, 0x74, 0xb0, 0xf0, 0xf0, 0xf0,
    0xf0, 0xb0, 0x74, 0x38, 0x1c, 0xe,

    /* U+FF09 "）" */
    0xb0, 0x34, 0x2c, 0x1d, 0xe, 0xf, 0xf, 0xf,
    0xf, 0xe, 0x1d, 0x2c, 0x34, 0xb0,

    /* U+FF0C "，" */
    0x1, 0xe7, 0xc7, 0x35, 0x80,

    /* U+FF1A "：" */
    0x0, 0xf3, 0x80, 0x0, 0x3, 0x8f, 0x0,

    /* U+FF1B "；" */
    0x0, 0x3c, 0x38, 0x0, 0x0, 0x0, 0x3c, 0x3c,
    0xc, 0x1c, 0x30, 0x0,

    /* U+FF1F "？" */
    0x1f, 0xe0, 0xfa, 0xeb, 0x3, 0xd8, 0xf, 0x0,
    0xb8, 0x7, 0x80, 0x38, 0x1, 0xd0, 0x0, 0x0,
    0x1d, 0x0, 0x74, 0x0
};


/*---------------------
 *  GLYPH DESCRIPTION
 *--------------------*/

static const lv_font_fmt_txt_glyph_dsc_t glyph_dsc[] = {
    {.bitmap_index = 0, .adv_w = 0, .box_w = 0, .box_h = 0, .ofs_x = 0, .ofs_y = 0} /* id = 0 reserved */,
    {.bitmap_index = 0, .adv_w = 80, .box_w = 0, .box_h = 0, .ofs_x = 0, .ofs_y = 0},
    {.bitmap_index = 0, .adv_w = 80, .box_w = 2, .box_h = 11, .ofs_x = 1, .ofs_y = 0},
    {.bitmap_index = 6, .adv_w = 128, .box_w = 7, .box_h = 6, .ofs_x = 0, .ofs_y = 5},
    {.bitmap_index = 17, .adv_w = 144, .box_w = 9, .box_h = 11, .ofs_x = 0, .ofs_y = 0},
    {.bitmap_index = 42, .adv_w = 144, .box_w = 9, .box_h = 14, .ofs_x = 0, .ofs_y = -2},
    {.bitmap_index = 74, .adv_w = 239, .box_w = 13, .box_h = 11, .ofs_x = 1, .ofs_y = 0},
    {.bitmap_index = 110, .adv_w = 180, .box_w = 11, .box_h = 11, .ofs_x = 1, .ofs_y = 0},
    {.bitmap_index = 141, .adv_w = 70, .box_w = 4, .box_h = 6, .ofs_x = 0, .ofs_y = 5},
    {.bitmap_index = 147, .adv_w = 80, .box_w = 4, .box_h = 14, .ofs_x = 1, .ofs_y = -2},
    {.bitmap_index = 161, .adv_w = 80, .box_w = 5, .box_h = 14, .ofs_x = 0, .ofs_y = -2},
    {.bitmap_index = 179, .adv_w = 124, .box_w = 8, .box_h = 7, .ofs_x = 0, .ofs_y = 4},
    {.bitmap_index = 193, .adv_w = 145, .box_w = 8, .box_h = 8, .ofs_x = 1, .ofs_y = 0},
    {.bitmap_index = 209, .adv_w = 66, .box_w = 4, .box_h = 6, .ofs_x = 0, .ofs_y = -3},
    {.bitmap_index = 215, .adv_w = 145, .box_w = 8, .box_h = 3, .ofs_x = 1, .ofs_y = 2},
    {.bitmap_index = 221, .adv_w = 66, .box_w = 2, .box_h = 3, .ofs_x = 1, .ofs_y = 0},
    {.bitmap_index = 223, .adv_w = 120, .box_w = 8, .box_h = 14, .ofs_x = 0, .ofs_y = -1},
    {.bitmap_index = 251, .adv_w = 144, .box_w = 8, .box_h = 11, .ofs_x = 1, .ofs_y = 0},
    {.bitmap_index = 273, .adv_w = 144, .box_w = 5, .box_h = 11, .ofs_x = 1, .ofs_y = 0},
    {.bitmap_index = 287, .adv_w = 144, .box_w = 8, .box_h = 11, .ofs_x = 1, .ofs_y = 0},
    {.bitmap_index = 309, .adv_w = 144, .box_w = 8, .box_h = 11, .ofs_x = 0, .ofs_y = 0},
    {.bitmap_index = 331, .adv_w = 144, .box_w = 9, .box_h = 11, .ofs_x = 1, .ofs_y = 0},
    {.bitmap_index = 356, .adv_w = 144, .box_w = 9, .box_h = 11, .ofs_x = 0, .ofs_y = 0},
    {.bitmap_index = 381, .adv_w = 144, .box_w = 8, .box_h = 11, .ofs_x = 1, .ofs_y = 0},
    {.bitmap_index = 403, .adv_w = 144, .box_w = 7, .box_h = 11, .ofs_x = 1, .ofs_y = 0},
    {.bitmap_index = 423, .adv_w = 144, .box_w = 8, .box_h = 11, .ofs_x = 1, .ofs_y = 0},
    {.bitmap_index = 445, .adv_w = 144, .box_w = 8, .box_h = 11, .ofs_x = 1, .ofs_y = 0},
    {.bitmap_index = 467, .adv_w = 66, .box_w = 2, .box_h = 8, .ofs_x = 1, .ofs_y = 0},
    {.bitmap_index = 471, .adv_w = 66, .box_w = 3, .box_h = 11, .ofs_x = 0, .ofs_y = -3},
    {.bitmap_index = 480, .adv_w = 145, .box_w = 8, .box_h = 9, .ofs_x = 1, .ofs_y = -1},
    {.bitmap_index = 498, .adv_w = 145, .box_w = 8, .box_h = 6, .ofs_x = 1, .ofs_y = 1},
    {.bitmap_index = 510, .adv_w = 145, .box_w = 8, .box_h = 9, .ofs_x = 1, .ofs_y = -1},
    {.bitmap_index = 528, .adv_w = 134, .box_w = 7, .box_h = 11, .ofs_x = 1, .ofs_y = 0},
    {.bitmap_index = 548, .adv_w = 208, .box_w = 12, .box_h = 11, .ofs_x = 1, .ofs_y = 0},
    {.bitmap_index = 581, .adv_w = 163, .box_w = 11, .box_h = 11, .ofs_x = 0, .ofs_y = 0},
    {.bitmap_index = 612, .adv_w = 166, .box_w = 9, .box_h = 11, .ofs_x = 1, .ofs_y = 0},
    {.bitmap_index = 637, .adv_w = 176, .box_w = 10, .box_h = 11, .ofs_x = 1, .ofs_y = 0},
    {.bitmap_index = 665, .adv_w = 173, .box_w = 9, .box_h = 11, .ofs_x = 1, .ofs_y = 0},
    {.bitmap_index = 690, .adv_w = 154, .box_w = 8, .box_h = 11, .ofs_x = 1, .ofs_y = 0},
    {.bitmap_index = 712, .adv_w = 140, .box_w = 8, .box_h = 11, .ofs_x = 1, .ofs_y = 0},
    {.bitmap_index = 734, .adv_w = 181, .box_w = 10, .box_h = 11, .ofs_x = 1, .ofs_y = 0},
    {.bitmap_index = 762, .adv_w = 177, .box_w = 9, .box_h = 11, .ofs_x = 1, .ofs_y = 0},
    {.bitmap_index = 787, .adv_w = 62, .box_w = 2, .box_h = 11, .ofs_x = 1, .ofs_y = 0},
    {.bitmap_index = 793, .adv_w = 129, .box_w = 7, .box_h = 11, .ofs_x = 1, .ofs_y = 0},
    {.bitmap_index = 813, .adv_w = 171, .box_w = 10, .box_h = 11, .ofs_x = 1, .ofs_y = 0},
    {.bitmap_index = 841, .adv_w = 142, .box_w = 8, .box_h = 11, .ofs_x = 1, .ofs_y = 0},
    {.bitmap_index = 863, .adv_w = 217, .box_w = 12, .box_h = 11, .ofs_x = 1, .ofs_y = 0},
    {.bitmap_index = 896, .adv_w = 176, .box_w = 9, .box_h = 11, .ofs_x = 1, .ofs_y = 0},
    {.bitmap_index = 921, .adv_w = 186, .box_w = 11, .box_h = 11, .ofs_x = 1, .ofs_y = 0},
    {.bitmap_index = 952, .adv_w = 157, .box_w = 8, .box_h = 11, .ofs_x = 1, .ofs_y = 0},
    {.bitmap_index = 974, .adv_w = 186, .box_w = 11, .box_h = 12, .ofs_x = 1, .ofs_y = -1},
    {.bitmap_index = 1007, .adv_w = 167, .box_w = 9, .box_h = 11, .ofs_x = 1, .ofs_y = 0},
    {.bitmap_index = 1032, .adv_w = 156, .box_w = 10, .box_h = 11, .ofs_x = 0, .ofs_y = 0},
    {.bitmap_index = 1060, .adv_w = 148, .box_w = 9, .box_h = 11, .ofs_x = 1, .ofs_y = 0},
    {.bitmap_index = 1085, .adv_w = 176, .box_w = 9, .box_h = 11, .ofs_x = 1, .ofs_y = 0},
    {.bitmap_index = 1110, .adv_w = 158, .box_w = 10, .box_h = 11, .ofs_x = 0, .ofs_y = 0},
    {.bitmap_index = 1138, .adv_w = 229, .box_w = 15, .box_h = 11, .ofs_x = 0, .ofs_y = 0},
    {.bitmap_index = 1180, .adv_w = 159, .box_w = 10, .box_h = 11, .ofs_x = 0, .ofs_y = 0},
    {.bitmap_index = 1208, .adv_w = 166, .box_w = 11, .box_h = 11, .ofs_x = -1, .ofs_y = 0},
    {.bitmap_index = 1239, .adv_w = 153, .box_w = 9, .box_h = 11, .ofs_x = 1, .ofs_y = 0},
    {.bitmap_index = 1264, .adv_w = 80, .box_w = 5, .box_h = 16, .ofs_x = 1, .ofs_y = -2},
    {.bitmap_index = 1284, .adv_w = 120, .box_w = 8, .box_h = 14, .ofs_x = 0, .ofs_y = -1},
    {.bitmap_index = 1312, .adv_w = 80, .box_w = 5, .box_h = 16, .ofs_x = 0, .ofs_y = -2},
    {.bitmap_index = 1332, .adv_w = 131, .box_w = 8, .box_h = 5, .ofs_x = 0, .ofs_y = 6},
    {.bitmap_index = 1342, .adv_w = 120, .box_w = 8, .box_h = 3, .ofs_x = 0, .ofs_y = -3},
    {.bitmap_index = 1348, .adv_w = 80, .box_w = 5, .box_h = 2, .ofs_x = 0, .ofs_y = 9},
    {.bitmap_index = 1351, .adv_w = 137, .box_w = 7, .box_h = 8, .ofs_x = 1, .ofs_y = 0},
    {.bitmap_index = 1365, .adv_w = 144, .box_w = 8, .box_h = 11, .ofs_x = 1, .ofs_y = 0},
    {.bitmap_index = 1387, .adv_w = 135, .box_w = 8, .box_h = 8, .ofs_x = 1, .ofs_y = 0},
    {.bitmap_index = 1403, .adv_w = 144, .box_w = 8, .box_h = 11, .ofs_x = 1, .ofs_y = 0},
    {.bitmap_index = 1425, .adv_w = 136, .box_w = 8, .box_h = 8, .ofs_x = 1, .ofs_y = 0},
    {.bitmap_index = 1441, .adv_w = 91, .box_w = 6, .box_h = 11, .ofs_x = 1, .ofs_y = 0},
    {.bitmap_index = 1458, .adv_w = 144, .box_w = 8, .box_h = 11, .ofs_x = 1, .ofs_y = -3},
    {.bitmap_index = 1480, .adv_w = 138, .box_w = 7, .box_h = 11, .ofs_x = 1, .ofs_y = 0},
    {.bitmap_index = 1500, .adv_w = 66, .box_w = 2, .box_h = 11, .ofs_x = 1, .ofs_y = 0},
    {.bitmap_index = 1506, .adv_w = 66, .box_w = 4, .box_h = 14, .ofs_x = -1, .ofs_y = -3},
    {.bitmap_index = 1520, .adv_w = 133, .box_w = 8, .box_h = 11, .ofs_x = 1, .ofs_y = 0},
    {.bitmap_index = 1542, .adv_w = 61, .box_w = 2, .box_h = 11, .ofs_x = 1, .ofs_y = 0},
    {.bitmap_index = 1548, .adv_w = 212, .box_w = 12, .box_h = 8, .ofs_x = 1, .ofs_y = 0},
    {.bitmap_index = 1572, .adv_w = 139, .box_w = 7, .box_h = 8, .ofs_x = 1, .ofs_y = 0},
    {.bitmap_index = 1586, .adv_w = 144, .box_w = 8, .box_h = 8, .ofs_x = 1, .ofs_y = 0},
    {.bitmap_index = 1602, .adv_w = 144, .box_w = 8, .box_h = 11, .ofs_x = 1, .ofs_y = -3},
    {.bitmap_index = 1624, .adv_w = 144, .box_w = 8, .box_h = 11, .ofs_x = 1, .ofs_y = -3},
    {.bitmap_index = 1646, .adv_w = 90, .box_w = 5, .box_h = 9, .ofs_x = 1, .ofs_y = 0},
    {.bitmap_index = 1658, .adv_w = 126, .box_w = 8, .box_h = 8, .ofs_x = 0, .ofs_y = 0},
    {.bitmap_index = 1674, .adv_w = 87, .box_w = 5, .box_h = 11, .ofs_x = 1, .ofs_y = 0},
    {.bitmap_index = 1688, .adv_w = 140, .box_w = 7, .box_h = 8, .ofs_x = 1, .ofs_y = 0},
    {.bitmap_index = 1702, .adv_w = 121, .box_w = 8, .box_h = 8, .ofs_x = 0, .ofs_y = 0},
    {.bitmap_index = 1718, .adv_w = 186, .box_w = 12, .box_h = 8, .ofs_x = 0, .ofs_y = 0},
    {.bitmap_index = 1742, .adv_w = 129, .box_w = 8, .box_h = 8, .ofs_x = 0, .ofs_y = 0},
    {.bitmap_index = 1758, .adv_w = 126, .box_w = 8, .box_h = 11, .ofs_x = 0, .ofs_y = -3},
    {.bitmap_index = 1780, .adv_w = 121, .box_w = 7, .box_h = 8, .ofs_x = 1, .ofs_y = 0},
    {.bitmap_index = 1794, .adv_w = 80, .box_w = 6, .box_h = 16, .ofs_x = 0, .ofs_y = -2},
    {.bitmap_index = 1818, .adv_w = 51, .box_w = 2, .box_h = 15, .ofs_x = 1, .ofs_y = -2},
    {.bitmap_index = 1826, .adv_w = 80, .box_w = 6, .box_h = 16, .ofs_x = 0, .ofs_y = -2},
    {.bitmap_index = 1850, .adv_w = 120, .box_w = 8, .box_h = 4, .ofs_x = 0, .ofs_y = 3},
    {.bitmap_index = 1858, .adv_w = 81, .box_w = 4, .box_h = 6, .ofs_x = 1, .ofs_y = 8},
    {.bitmap_index = 1864, .adv_w = 145, .box_w = 8, .box_h = 8, .ofs_x = 1, .ofs_y = 0},
    {.bitmap_index = 1880, .adv_w = 120, .box_w = 2, .box_h = 3, .ofs_x = 3, .ofs_y = 4},
    {.bitmap_index = 1882, .adv_w = 145, .box_w = 9, .box_h = 8, .ofs_x = 0, .ofs_y = 0},
    {.bitmap_index = 1900, .adv_w = 145, .box_w = 8, .box_h = 8, .ofs_x = 1, .ofs_y = 0},
    {.bitmap_index = 1916, .adv_w = 240, .box_w = 15, .box_h = 3, .ofs_x = 0, .ofs_y = 4},
    {.bitmap_index = 1928, .adv_w = 240, .box_w = 13, .box_h = 3, .ofs_x = 1, .ofs_y = 0},
    {.bitmap_index = 1938, .adv_w = 222, .box_w = 14, .box_h = 12, .ofs_x = 0, .ofs_y = 0},
    {.bitmap_index = 1980, .adv_w = 240, .box_w = 15, .box_h = 7, .ofs_x = 0, .ofs_y = 2},
    {.bitmap_index = 2007, .adv_w = 240, .box_w = 7, .box_h = 15, .ofs_x = 4, .ofs_y = -2},
    {.bitmap_index = 2034, .adv_w = 240, .box_w = 15, .box_h = 7, .ofs_x = 0, .ofs_y = 2},
    {.bitmap_index = 2061, .adv_w = 240, .box_w = 7, .box_h = 15, .ofs_x = 4, .ofs_y = -3},
    {.bitmap_index = 2088, .adv_w = 240, .box_w = 13, .box_h = 13, .ofs_x = 1, .ofs_y = -1},
    {.bitmap_index = 2131, .adv_w = 174, .box_w = 11, .box_h = 13, .ofs_x = 0, .ofs_y = -1},
    {.bitmap_index = 2167, .adv_w = 240, .box_w = 5, .box_h = 5, .ofs_x = 1, .ofs_y = -2},
    {.bitmap_index = 2174, .adv_w = 240, .box_w = 6, .box_h = 5, .ofs_x = 1, .ofs_y = -2},
    {.bitmap_index = 2182, .adv_w = 240, .box_w = 14, .box_h = 2, .ofs_x = 0, .ofs_y = 5},
    {.bitmap_index = 2189, .adv_w = 240, .box_w = 14, .box_h = 13, .ofs_x = 1, .ofs_y = -1},
    {.bitmap_index = 2235, .adv_w = 240, .box_w = 15, .box_h = 13, .ofs_x = 0, .ofs_y = -1},
    {.bitmap_index = 2284, .adv_w = 240, .box_w = 15, .box_h = 14, .ofs_x = 0, .ofs_y = -2},
    {.bitmap_index = 2337, .adv_w = 240, .box_w = 15, .box_h = 14, .ofs_x = 0, .ofs_y = -2},
    {.bitmap_index = 2390, .adv_w = 240, .box_w = 14, .box_h = 16, .ofs_x = 0, .ofs_y = -3},
    {.bitmap_index = 2446, .adv_w = 240, .box_w = 15, .box_h = 15, .ofs_x = 0, .ofs_y = -2},
    {.bitmap_index = 2503, .adv_w = 240, .box_w = 15, .box_h = 14, .ofs_x = 0, .ofs_y = -2},
    {.bitmap_index = 2556, .adv_w = 240, .box_w = 15, .box_h = 14, .ofs_x = 0, .ofs_y = -2},
    {.bitmap_index = 2609, .adv_w = 240, .box_w = 14, .box_h = 14, .ofs_x = 1, .ofs_y = -2},
    {.bitmap_index = 2658, .adv_w = 240, .box_w = 14, .box_h = 15, .ofs_x = 0, .ofs_y = -3},
    {.bitmap_index = 2711, .adv_w = 240, .box_w = 15, .box_h = 15, .ofs_x = 0, .ofs_y = -2},
    {.bitmap_index = 2768, .adv_w = 240, .box_w = 15, .box_h = 15, .ofs_x = 0, .ofs_y = -2},
    {.bitmap_index = 2825, .adv_w = 240, .box_w = 12, .box_h = 14, .ofs_x = 1, .ofs_y = -2},
    {.bitmap_index = 2867, .adv_w = 240, .box_w = 14, .box_h = 11, .ofs_x = 0, .ofs_y = 0},
    {.bitmap_index = 2906, .adv_w = 240, .box_w = 15, .box_h = 14, .ofs_x = 0, .ofs_y = -2},
    {.bitmap_index = 2959, .adv_w = 240, .box_w = 15, .box_h = 13, .ofs_x = 0, .ofs_y = -1},
    {.bitmap_index = 3008, .adv_w = 240, .box_w = 14, .box_h = 15, .ofs_x = 0, .ofs_y = -2},
    {.bitmap_index = 3061, .adv_w = 240, .box_w = 15, .box_h = 16, .ofs_x = 0, .ofs_y = -3},
    {.bitmap_index = 3121, .adv_w = 240, .box_w = 16, .box_h = 16, .ofs_x = 0, .ofs_y = -3},
    {.bitmap_index = 3185, .adv_w = 240, .box_w = 15, .box_h = 16, .ofs_x = 0, .ofs_y = -3},
    {.bitmap_index = 3245, .adv_w = 240, .box_w = 15, .box_h = 15, .ofs_x = 0, .ofs_y = -2},
    {.bitmap_index = 3302, .adv_w = 240, .box_w = 15, .box_h = 16, .ofs_x = 0, .ofs_y = -3},
    {.bitmap_index = 3362, .adv_w = 240, .box_w = 14, .box_h = 15, .ofs_x = 0, .ofs_y = -2},
    {.bitmap_index = 3415, .adv_w = 240, .box_w = 15, .box_h = 16, .ofs_x = 0, .ofs_y = -3},
    {.bitmap_index = 3475, .adv_w = 240, .box_w = 15, .box_h = 15, .ofs_x = 0, .ofs_y = -2},
    {.bitmap_index = 3532, .adv_w = 240, .box_w = 15, .box_h = 14, .ofs_x = 0, .ofs_y = -2},
    {.bitmap_index = 3585, .adv_w = 240, .box_w = 15, .box_h = 16, .ofs_x = 0, .ofs_y = -3},
    {.bitmap_index = 3645, .adv_w = 240, .box_w = 14, .box_h = 16, .ofs_x = 0, .ofs_y = -3},
    {.bitmap_index = 3701, .adv_w = 240, .box_w = 15, .box_h = 15, .ofs_x = 0, .ofs_y = -2},
    {.bitmap_index = 3758, .adv_w = 240, .box_w = 15, .box_h = 16, .ofs_x = 0, .ofs_y = -3},
    {.bitmap_index = 3818, .adv_w = 240, .box_w = 15, .box_h = 15, .ofs_x = 0, .ofs_y = -2},
    {.bitmap_index = 3875, .adv_w = 240, .box_w = 15, .box_h = 14, .ofs_x = 0, .ofs_y = -2},
    {.bitmap_index = 3928, .adv_w = 240, .box_w = 15, .box_h = 15, .ofs_x = 0, .ofs_y = -2},
    {.bitmap_index = 3985, .adv_w = 240, .box_w = 15, .box_h = 15, .ofs_x = 0, .ofs_y = -2},
    {.bitmap_index = 4042, .adv_w = 240, .box_w = 14, .box_h = 15, .ofs_x = 0, .ofs_y = -2},
    {.bitmap_index = 4095, .adv_w = 240, .box_w = 15, .box_h = 15, .ofs_x = 0, .ofs_y = -2},
    {.bitmap_index = 4152, .adv_w = 240, .box_w = 15, .box_h = 16, .ofs_x = 0, .ofs_y = -3},
    {.bitmap_index = 4212, .adv_w = 240, .box_w = 15, .box_h = 15, .ofs_x = 0, .ofs_y = -2},
    {.bitmap_index = 4269, .adv_w = 240, .box_w = 15, .box_h = 15, .ofs_x = 0, .ofs_y = -2},
    {.bitmap_index = 4326, .adv_w = 240, .box_w = 15, .box_h = 15, .ofs_x = 0, .ofs_y = -2},
    {.bitmap_index = 4383, .adv_w = 240, .box_w = 15, .box_h = 16, .ofs_x = 0, .ofs_y = -3},
    {.bitmap_index = 4443, .adv_w = 240, .box_w = 15, .box_h = 15, .ofs_x = 0, .ofs_y = -3},
    {.bitmap_index = 4500, .adv_w = 240, .box_w = 15, .box_h = 14, .ofs_x = 0, .ofs_y = -2},
    {.bitmap_index = 4553, .adv_w = 240, .box_w = 15, .box_h = 15, .ofs_x = 0, .ofs_y = -2},
    {.bitmap_index = 4610, .adv_w = 240, .box_w = 15, .box_h = 13, .ofs_x = 0, .ofs_y = -1},
    {.bitmap_index = 4659, .adv_w = 240, .box_w = 15, .box_h = 15, .ofs_x = 0, .ofs_y = -2},
    {.bitmap_index = 4716, .adv_w = 240, .box_w = 15, .box_h = 15, .ofs_x = 0, .ofs_y = -2},
    {.bitmap_index = 4773, .adv_w = 240, .box_w = 15, .box_h = 14, .ofs_x = 0, .ofs_y = -2},
    {.bitmap_index = 4826, .adv_w = 240, .box_w = 15, .box_h = 15, .ofs_x = 0, .ofs_y = -2},
    {.bitmap_index = 4883, .adv_w = 240, .box_w = 14, .box_h = 14, .ofs_x = 1, .ofs_y = -2},
    {.bitmap_index = 4932, .adv_w = 240, .box_w = 15, .box_h = 14, .ofs_x = 0, .ofs_y = -2},
    {.bitmap_index = 4985, .adv_w = 240, .box_w = 13, .box_h = 14, .ofs_x = 1, .ofs_y = -2},
    {.bitmap_index = 5031, .adv_w = 240, .box_w = 14, .box_h = 15, .ofs_x = 1, .ofs_y = -3},
    {.bitmap_index = 5084, .adv_w = 240, .box_w = 13, .box_h = 14, .ofs_x = 1, .ofs_y = -2},
    {.bitmap_index = 5130, .adv_w = 240, .box_w = 15, .box_h = 15, .ofs_x = 0, .ofs_y = -2},
    {.bitmap_index = 5187, .adv_w = 240, .box_w = 13, .box_h = 14, .ofs_x = 1, .ofs_y = -2},
    {.bitmap_index = 5233, .adv_w = 240, .box_w = 15, .box_h = 14, .ofs_x = 0, .ofs_y = -2},
    {.bitmap_index = 5286, .adv_w = 240, .box_w = 15, .box_h = 16, .ofs_x = 0, .ofs_y = -3},
    {.bitmap_index = 5346, .adv_w = 240, .box_w = 14, .box_h = 16, .ofs_x = 0, .ofs_y = -3},
    {.bitmap_index = 5402, .adv_w = 240, .box_w = 14, .box_h = 15, .ofs_x = 0, .ofs_y = -3},
    {.bitmap_index = 5455, .adv_w = 240, .box_w = 15, .box_h = 15, .ofs_x = 0, .ofs_y = -3},
    {.bitmap_index = 5512, .adv_w = 240, .box_w = 14, .box_h = 14, .ofs_x = 0, .ofs_y = -2},
    {.bitmap_index = 5561, .adv_w = 240, .box_w = 14, .box_h = 14, .ofs_x = 0, .ofs_y = -2},
    {.bitmap_index = 5610, .adv_w = 240, .box_w = 14, .box_h = 15, .ofs_x = 0, .ofs_y = -2},
    {.bitmap_index = 5663, .adv_w = 240, .box_w = 14, .box_h = 15, .ofs_x = 0, .ofs_y = -2},
    {.bitmap_index = 5716, .adv_w = 240, .box_w = 14, .box_h = 15, .ofs_x = 0, .ofs_y = -2},
    {.bitmap_index = 5769, .adv_w = 240, .box_w = 14, .box_h = 15, .ofs_x = 0, .ofs_y = -3},
    {.bitmap_index = 5822, .adv_w = 240, .box_w = 14, .box_h = 15, .ofs_x = 0, .ofs_y = -3},
    {.bitmap_index = 5875, .adv_w = 240, .box_w = 15, .box_h = 15, .ofs_x = 0, .ofs_y = -3},
    {.bitmap_index = 5932, .adv_w = 240, .box_w = 13, .box_h = 16, .ofs_x = 1, .ofs_y = -3},
    {.bitmap_index = 5984, .adv_w = 240, .box_w = 14, .box_h = 16, .ofs_x = 0, .ofs_y = -3},
    {.bitmap_index = 6040, .adv_w = 240, .box_w = 15, .box_h = 15, .ofs_x = 0, .ofs_y = -2},
    {.bitmap_index = 6097, .adv_w = 240, .box_w = 15, .box_h = 14, .ofs_x = 0, .ofs_y = -2},
    {.bitmap_index = 6150, .adv_w = 240, .box_w = 14, .box_h = 13, .ofs_x = 1, .ofs_y = -1},
    {.bitmap_index = 6196, .adv_w = 240, .box_w = 15, .box_h = 14, .ofs_x = 0, .ofs_y = -2},
    {.bitmap_index = 6249, .adv_w = 240, .box_w = 15, .box_h = 16, .ofs_x = 0, .ofs_y = -3},
    {.bitmap_index = 6309, .adv_w = 240, .box_w = 15, .box_h = 15, .ofs_x = 0, .ofs_y = -2},
    {.bitmap_index = 6366, .adv_w = 240, .box_w = 15, .box_h = 16, .ofs_x = 0, .ofs_y = -3},
    {.bitmap_index = 6426, .adv_w = 240, .box_w = 12, .box_h = 15, .ofs_x = 2, .ofs_y = -3},
    {.bitmap_index = 6471, .adv_w = 240, .box_w = 15, .box_h = 14, .ofs_x = 0, .ofs_y = -2},
    {.bitmap_index = 6524, .adv_w = 240, .box_w = 14, .box_h = 14, .ofs_x = 1, .ofs_y = -2},
    {.bitmap_index = 6573, .adv_w = 240, .box_w = 14, .box_h = 14, .ofs_x = 0, .ofs_y = -2},
    {.bitmap_index = 6622, .adv_w = 240, .box_w = 15, .box_h = 15, .ofs_x = 0, .ofs_y = -2},
    {.bitmap_index = 6679, .adv_w = 240, .box_w = 14, .box_h = 14, .ofs_x = 0, .ofs_y = -2},
    {.bitmap_index = 6728, .adv_w = 240, .box_w = 14, .box_h = 15, .ofs_x = 0, .ofs_y = -3},
    {.bitmap_index = 6781, .adv_w = 240, .box_w = 15, .box_h = 14, .ofs_x = 0, .ofs_y = -2},
    {.bitmap_index = 6834, .adv_w = 240, .box_w = 15, .box_h = 15, .ofs_x = 0, .ofs_y = -3},
    {.bitmap_index = 6891, .adv_w = 240, .box_w = 15, .box_h = 14, .ofs_x = 0, .ofs_y = -2},
    {.bitmap_index = 6944, .adv_w = 240, .box_w = 15, .box_h = 15, .ofs_x = 0, .ofs_y = -2},
    {.bitmap_index = 7001, .adv_w = 240, .box_w = 15, .box_h = 15, .ofs_x = 0, .ofs_y = -2},
    {.bitmap_index = 7058, .adv_w = 240, .box_w = 15, .box_h = 15, .ofs_x = 0, .ofs_y = -2},
    {.bitmap_index = 7115, .adv_w = 240, .box_w = 15, .box_h = 15, .ofs_x = 0, .ofs_y = -3},
    {.bitmap_index = 7172, .adv_w = 240, .box_w = 15, .box_h = 15, .ofs_x = 0, .ofs_y = -2},
    {.bitmap_index = 7229, .adv_w = 240, .box_w = 12, .box_h = 13, .ofs_x = 2, .ofs_y = -2},
    {.bitmap_index = 7268, .adv_w = 240, .box_w = 14, .box_h = 14, .ofs_x = 1, .ofs_y = -2},
    {.bitmap_index = 7317, .adv_w = 240, .box_w = 15, .box_h = 15, .ofs_x = 0, .ofs_y = -3},
    {.bitmap_index = 7374, .adv_w = 240, .box_w = 15, .box_h = 15, .ofs_x = 0, .ofs_y = -2},
    {.bitmap_index = 7431, .adv_w = 240, .box_w = 14, .box_h = 14, .ofs_x = 0, .ofs_y = -2},
    {.bitmap_index = 7480, .adv_w = 240, .box_w = 15, .box_h = 14, .ofs_x = 0, .ofs_y = -2},
    {.bitmap_index = 7533, .adv_w = 240, .box_w = 13, .box_h = 14, .ofs_x = 1, .ofs_y = -2},
    {.bitmap_index = 7579, .adv_w = 240, .box_w = 14, .box_h = 15, .ofs_x = 0, .ofs_y = -2},
    {.bitmap_index = 7632, .adv_w = 240, .box_w = 15, .box_h = 15, .ofs_x = 0, .ofs_y = -2},
    {.bitmap_index = 7689, .adv_w = 240, .box_w = 13, .box_h = 16, .ofs_x = 1, .ofs_y = -3},
    {.bitmap_index = 7741, .adv_w = 240, .box_w = 14, .box_h = 15, .ofs_x = 1, .ofs_y = -2},
    {.bitmap_index = 7794, .adv_w = 240, .box_w = 14, .box_h = 16, .ofs_x = 0, .ofs_y = -3},
    {.bitmap_index = 7850, .adv_w = 240, .box_w = 14, .box_h = 15, .ofs_x = 0, .ofs_y = -3},
    {.bitmap_index = 7903, .adv_w = 240, .box_w = 15, .box_h = 14, .ofs_x = 0, .ofs_y = -2},
    {.bitmap_index = 7956, .adv_w = 240, .box_w = 14, .box_h = 15, .ofs_x = 1, .ofs_y = -2},
    {.bitmap_index = 8009, .adv_w = 240, .box_w = 15, .box_h = 14, .ofs_x = 0, .ofs_y = -2},
    {.bitmap_index = 8062, .adv_w = 240, .box_w = 13, .box_h = 14, .ofs_x = 1, .ofs_y = -2},
    {.bitmap_index = 8108, .adv_w = 240, .box_w = 13, .box_h = 14, .ofs_x = 1, .ofs_y = -2},
    {.bitmap_index = 8154, .adv_w = 240, .box_w = 13, .box_h = 14, .ofs_x = 1, .ofs_y = -2},
    {.bitmap_index = 8200, .adv_w = 240, .box_w = 13, .box_h = 14, .ofs_x = 1, .ofs_y = -2},
    {.bitmap_index = 8246, .adv_w = 240, .box_w = 13, .box_h = 14, .ofs_x = 1, .ofs_y = -2},
    {.bitmap_index = 8292, .adv_w = 240, .box_w = 13, .box_h = 14, .ofs_x = 1, .ofs_y = -2},
    {.bitmap_index = 8338, .adv_w = 240, .box_w = 15, .box_h = 15, .ofs_x = 0, .ofs_y = -2},
    {.bitmap_index = 8395, .adv_w = 240, .box_w = 16, .box_h = 14, .ofs_x = 0, .ofs_y = -2},
    {.bitmap_index = 8451, .adv_w = 240, .box_w = 14, .box_h = 16, .ofs_x = 0, .ofs_y = -3},
    {.bitmap_index = 8507, .adv_w = 240, .box_w = 15, .box_h = 14, .ofs_x = 0, .ofs_y = -2},
    {.bitmap_index = 8560, .adv_w = 240, .box_w = 14, .box_h = 13, .ofs_x = 0, .ofs_y = -1},
    {.bitmap_index = 8606, .adv_w = 240, .box_w = 15, .box_h = 15, .ofs_x = 0, .ofs_y = -2},
    {.bitmap_index = 8663, .adv_w = 240, .box_w = 15, .box_h = 15, .ofs_x = 0, .ofs_y = -2},
    {.bitmap_index = 8720, .adv_w = 240, .box_w = 15, .box_h = 15, .ofs_x = 0, .ofs_y = -2},
    {.bitmap_index = 8777, .adv_w = 240, .box_w = 15, .box_h = 16, .ofs_x = 0, .ofs_y = -3},
    {.bitmap_index = 8837, .adv_w = 240, .box_w = 15, .box_h = 15, .ofs_x = 0, .ofs_y = -2},
    {.bitmap_index = 8894, .adv_w = 240, .box_w = 15, .box_h = 15, .ofs_x = 0, .ofs_y = -2},
    {.bitmap_index = 8951, .adv_w = 240, .box_w = 15, .box_h = 14, .ofs_x = 0, .ofs_y = -2},
    {.bitmap_index = 9004, .adv_w = 240, .box_w = 15, .box_h = 14, .ofs_x = 0, .ofs_y = -2},
    {.bitmap_index = 9057, .adv_w = 240, .box_w = 15, .box_h = 14, .ofs_x = 0, .ofs_y = -2},
    {.bitmap_index = 9110, .adv_w = 240, .box_w = 15, .box_h = 16, .ofs_x = 0, .ofs_y = -3},
    {.bitmap_index = 9170, .adv_w = 240, .box_w = 15, .box_h = 15, .ofs_x = 0, .ofs_y = -2},
    {.bitmap_index = 9227, .adv_w = 240, .box_w = 15, .box_h = 15, .ofs_x = 0, .ofs_y = -2},
    {.bitmap_index = 9284, .adv_w = 240, .box_w = 15, .box_h = 16, .ofs_x = 0, .ofs_y = -3},
    {.bitmap_index = 9344, .adv_w = 240, .box_w = 15, .box_h = 16, .ofs_x = 0, .ofs_y = -3},
    {.bitmap_index = 9404, .adv_w = 240, .box_w = 15, .box_h = 14, .ofs_x = 0, .ofs_y = -2},
    {.bitmap_index = 9457, .adv_w = 240, .box_w = 14, .box_h = 14, .ofs_x = 0, .ofs_y = -2},
    {.bitmap_index = 9506, .adv_w = 240, .box_w = 15, .box_h = 15, .ofs_x = 0, .ofs_y = -2},
    {.bitmap_index = 9563, .adv_w = 240, .box_w = 15, .box_h = 14, .ofs_x = 0, .ofs_y = -2},
    {.bitmap_index = 9616, .adv_w = 240, .box_w = 15, .box_h = 16, .ofs_x = 0, .ofs_y = -3},
    {.bitmap_index = 9676, .adv_w = 240, .box_w = 15, .box_h = 14, .ofs_x = 0, .ofs_y = -2},
    {.bitmap_index = 9729, .adv_w = 240, .box_w = 15, .box_h = 15, .ofs_x = 0, .ofs_y = -3},
    {.bitmap_index = 9786, .adv_w = 240, .box_w = 15, .box_h = 15, .ofs_x = 0, .ofs_y = -2},
    {.bitmap_index = 9843, .adv_w = 240, .box_w = 15, .box_h = 13, .ofs_x = 0, .ofs_y = -1},
    {.bitmap_index = 9892, .adv_w = 240, .box_w = 15, .box_h = 14, .ofs_x = 0, .ofs_y = -1},
    {.bitmap_index = 9945, .adv_w = 240, .box_w = 14, .box_h = 14, .ofs_x = 1, .ofs_y = -2},
    {.bitmap_index = 9994, .adv_w = 240, .box_w = 15, .box_h = 15, .ofs_x = 0, .ofs_y = -2},
    {.bitmap_index = 10051, .adv_w = 240, .box_w = 13, .box_h = 14, .ofs_x = 1, .ofs_y = -2},
    {.bitmap_index = 10097, .adv_w = 240, .box_w = 15, .box_h = 14, .ofs_x = 0, .ofs_y = -2},
    {.bitmap_index = 10150, .adv_w = 240, .box_w = 14, .box_h = 16, .ofs_x = 1, .ofs_y = -3},
    {.bitmap_index = 10206, .adv_w = 240, .box_w = 14, .box_h = 15, .ofs_x = 0, .ofs_y = -2},
    {.bitmap_index = 10259, .adv_w = 240, .box_w = 14, .box_h = 15, .ofs_x = 0, .ofs_y = -2},
    {.bitmap_index = 10312, .adv_w = 240, .box_w = 15, .box_h = 15, .ofs_x = 0, .ofs_y = -2},
    {.bitmap_index = 10369, .adv_w = 240, .box_w = 15, .box_h = 16, .ofs_x = 0, .ofs_y = -3},
    {.bitmap_index = 10429, .adv_w = 240, .box_w = 15, .box_h = 15, .ofs_x = 0, .ofs_y = -3},
    {.bitmap_index = 10486, .adv_w = 240, .box_w = 15, .box_h = 15, .ofs_x = 0, .ofs_y = -3},
    {.bitmap_index = 10543, .adv_w = 240, .box_w = 15, .box_h = 15, .ofs_x = 0, .ofs_y = -3},
    {.bitmap_index = 10600, .adv_w = 240, .box_w = 15, .box_h = 15, .ofs_x = 0, .ofs_y = -3},
    {.bitmap_index = 10657, .adv_w = 240, .box_w = 14, .box_h = 15, .ofs_x = 0, .ofs_y = -3},
    {.bitmap_index = 10710, .adv_w = 240, .box_w = 13, .box_h = 14, .ofs_x = 1, .ofs_y = -2},
    {.bitmap_index = 10756, .adv_w = 240, .box_w = 15, .box_h = 14, .ofs_x = 0, .ofs_y = -2},
    {.bitmap_index = 10809, .adv_w = 240, .box_w = 15, .box_h = 16, .ofs_x = 0, .ofs_y = -3},
    {.bitmap_index = 10869, .adv_w = 240, .box_w = 15, .box_h = 15, .ofs_x = 0, .ofs_y = -2},
    {.bitmap_index = 10926, .adv_w = 240, .box_w = 15, .box_h = 16, .ofs_x = 0, .ofs_y = -3},
    {.bitmap_index = 10986, .adv_w = 240, .box_w = 15, .box_h = 16, .ofs_x = 0, .ofs_y = -3},
    {.bitmap_index = 11046, .adv_w = 240, .box_w = 15, .box_h = 14, .ofs_x = 0, .ofs_y = -1},
    {.bitmap_index = 11099, .adv_w = 240, .box_w = 15, .box_h = 14, .ofs_x = 0, .ofs_y = -2},
    {.bitmap_index = 11152, .adv_w = 240, .box_w = 15, .box_h = 15, .ofs_x = 0, .ofs_y = -2},
    {.bitmap_index = 11209, .adv_w = 240, .box_w = 15, .box_h = 14, .ofs_x = 0, .ofs_y = -2},
    {.bitmap_index = 11262, .adv_w = 240, .box_w = 15, .box_h = 15, .ofs_x = 0, .ofs_y = -2},
    {.bitmap_index = 11319, .adv_w = 240, .box_w = 15, .box_h = 15, .ofs_x = 0, .ofs_y = -2},
    {.bitmap_index = 11376, .adv_w = 240, .box_w = 15, .box_h = 16, .ofs_x = 0, .ofs_y = -3},
    {.bitmap_index = 11436, .adv_w = 240, .box_w = 15, .box_h = 14, .ofs_x = 0, .ofs_y = -2},
    {.bitmap_index = 11489, .adv_w = 240, .box_w = 15, .box_h = 14, .ofs_x = 0, .ofs_y = -2},
    {.bitmap_index = 11542, .adv_w = 240, .box_w = 15, .box_h = 16, .ofs_x = 0, .ofs_y = -3},
    {.bitmap_index = 11602, .adv_w = 240, .box_w = 15, .box_h = 15, .ofs_x = 0, .ofs_y = -3},
    {.bitmap_index = 11659, .adv_w = 240, .box_w = 14, .box_h = 15, .ofs_x = 1, .ofs_y = -2},
    {.bitmap_index = 11712, .adv_w = 240, .box_w = 14, .box_h = 14, .ofs_x = 0, .ofs_y = -2},
    {.bitmap_index = 11761, .adv_w = 240, .box_w = 14, .box_h = 15, .ofs_x = 0, .ofs_y = -3},
    {.bitmap_index = 11814, .adv_w = 240, .box_w = 16, .box_h = 15, .ofs_x = 0, .ofs_y = -2},
    {.bitmap_index = 11874, .adv_w = 240, .box_w = 15, .box_h = 15, .ofs_x = 0, .ofs_y = -2},
    {.bitmap_index = 11931, .adv_w = 240, .box_w = 15, .box_h = 16, .ofs_x = 0, .ofs_y = -3},
    {.bitmap_index = 11991, .adv_w = 240, .box_w = 15, .box_h = 16, .ofs_x = 0, .ofs_y = -3},
    {.bitmap_index = 12051, .adv_w = 240, .box_w = 15, .box_h = 15, .ofs_x = 0, .ofs_y = -3},
    {.bitmap_index = 12108, .adv_w = 240, .box_w = 15, .box_h = 14, .ofs_x = 0, .ofs_y = -2},
    {.bitmap_index = 12161, .adv_w = 240, .box_w = 15, .box_h = 14, .ofs_x = 0, .ofs_y = -2},
    {.bitmap_index = 12214, .adv_w = 240, .box_w = 15, .box_h = 16, .ofs_x = 0, .ofs_y = -3},
    {.bitmap_index = 12274, .adv_w = 240, .box_w = 15, .box_h = 14, .ofs_x = 0, .ofs_y = -2},
    {.bitmap_index = 12327, .adv_w = 240, .box_w = 15, .box_h = 15, .ofs_x = 0, .ofs_y = -3},
    {.bitmap_index = 12384, .adv_w = 240, .box_w = 15, .box_h = 16, .ofs_x = 0, .ofs_y = -3},
    {.bitmap_index = 12444, .adv_w = 240, .box_w = 15, .box_h = 15, .ofs_x = 0, .ofs_y = -3},
    {.bitmap_index = 12501, .adv_w = 240, .box_w = 15, .box_h = 16, .ofs_x = 0, .ofs_y = -3},
    {.bitmap_index = 12561, .adv_w = 240, .box_w = 15, .box_h = 16, .ofs_x = 0, .ofs_y = -3},
    {.bitmap_index = 12621, .adv_w = 240, .box_w = 15, .box_h = 15, .ofs_x = 0, .ofs_y = -2},
    {.bitmap_index = 12678, .adv_w = 240, .box_w = 15, .box_h = 14, .ofs_x = 0, .ofs_y = -2},
    {.bitmap_index = 12731, .adv_w = 240, .box_w = 15, .box_h = 15, .ofs_x = 0, .ofs_y = -3},
    {.bitmap_index = 12788, .adv_w = 240, .box_w = 15, .box_h = 15, .ofs_x = 0, .ofs_y = -2},
    {.bitmap_index = 12845, .adv_w = 240, .box_w = 15, .box_h = 14, .ofs_x = 0, .ofs_y = -2},
    {.bitmap_index = 12898, .adv_w = 240, .box_w = 15, .box_h = 14, .ofs_x = 0, .ofs_y = -2},
    {.bitmap_index = 12951, .adv_w = 240, .box_w = 15, .box_h = 16, .ofs_x = 0, .ofs_y = -3},
    {.bitmap_index = 13011, .adv_w = 240, .box_w = 15, .box_h = 16, .ofs_x = 0, .ofs_y = -3},
    {.bitmap_index = 13071, .adv_w = 240, .box_w = 15, .box_h = 15, .ofs_x = 0, .ofs_y = -2},
    {.bitmap_index = 13128, .adv_w = 240, .box_w = 15, .box_h = 15, .ofs_x = 0, .ofs_y = -2},
    {.bitmap_index = 13185, .adv_w = 240, .box_w = 15, .box_h = 15, .ofs_x = 0, .ofs_y = -2},
    {.bitmap_index = 13242, .adv_w = 240, .box_w = 15, .box_h = 14, .ofs_x = 0, .ofs_y = -2},
    {.bitmap_index = 13295, .adv_w = 240, .box_w = 15, .box_h = 15, .ofs_x = 0, .ofs_y = -2},
    {.bitmap_index = 13352, .adv_w = 240, .box_w = 15, .box_h = 15, .ofs_x = 0, .ofs_y = -2},
    {.bitmap_index = 13409, .adv_w = 240, .box_w = 15, .box_h = 16, .ofs_x = 0, .ofs_y = -3},
    {.bitmap_index = 13469, .adv_w = 240, .box_w = 15, .box_h = 16, .ofs_x = 0, .ofs_y = -3},
    {.bitmap_index = 13529, .adv_w = 240, .box_w = 15, .box_h = 15, .ofs_x = 0, .ofs_y = -3},
    {.bitmap_index = 13586, .adv_w = 240, .box_w = 10, .box_h = 15, .ofs_x = 3, .ofs_y = -3},
    {.bitmap_index = 13624, .adv_w = 240, .box_w = 14, .box_h = 14, .ofs_x = 1, .ofs_y = -2},
    {.bitmap_index = 13673, .adv_w = 240, .box_w = 14, .box_h = 14, .ofs_x = 0, .ofs_y = -2},
    {.bitmap_index = 13722, .adv_w = 240, .box_w = 15, .box_h = 14, .ofs_x = 0, .ofs_y = -2},
    {.bitmap_index = 13775, .adv_w = 240, .box_w = 15, .box_h = 15, .ofs_x = 0, .ofs_y = -2},
    {.bitmap_index = 13832, .adv_w = 240, .box_w = 14, .box_h = 15, .ofs_x = 1, .ofs_y = -2},
    {.bitmap_index = 13885, .adv_w = 240, .box_w = 15, .box_h = 15, .ofs_x = 0, .ofs_y = -3},
    {.bitmap_index = 13942, .adv_w = 240, .box_w = 15, .box_h = 15, .ofs_x = 0, .ofs_y = -3},
    {.bitmap_index = 13999, .adv_w = 240, .box_w = 11, .box_h = 15, .ofs_x = 2, .ofs_y = -3},
    {.bitmap_index = 14041, .adv_w = 240, .box_w = 15, .box_h = 15, .ofs_x = 0, .ofs_y = -2},
    {.bitmap_index = 14098, .adv_w = 240, .box_w = 14, .box_h = 15, .ofs_x = 0, .ofs_y = -3},
    {.bitmap_index = 14151, .adv_w = 240, .box_w = 15, .box_h = 14, .ofs_x = 0, .ofs_y = -2},
    {.bitmap_index = 14204, .adv_w = 240, .box_w = 15, .box_h = 14, .ofs_x = 0, .ofs_y = -2},
    {.bitmap_index = 14257, .adv_w = 240, .box_w = 15, .box_h = 15, .ofs_x = 0, .ofs_y = -3},
    {.bitmap_index = 14314, .adv_w = 240, .box_w = 15, .box_h = 14, .ofs_x = 0, .ofs_y = -2},
    {.bitmap_index = 14367, .adv_w = 240, .box_w = 15, .box_h = 15, .ofs_x = 0, .ofs_y = -2},
    {.bitmap_index = 14424, .adv_w = 240, .box_w = 15, .box_h = 14, .ofs_x = 0, .ofs_y = -2},
    {.bitmap_index = 14477, .adv_w = 240, .box_w = 15, .box_h = 15, .ofs_x = 0, .ofs_y = -3},
    {.bitmap_index = 14534, .adv_w = 240, .box_w = 15, .box_h = 15, .ofs_x = 0, .ofs_y = -3},
    {.bitmap_index = 14591, .adv_w = 240, .box_w = 15, .box_h = 14, .ofs_x = 0, .ofs_y = -2},
    {.bitmap_index = 14644, .adv_w = 240, .box_w = 15, .box_h = 14, .ofs_x = 0, .ofs_y = -2},
    {.bitmap_index = 14697, .adv_w = 240, .box_w = 15, .box_h = 15, .ofs_x = 0, .ofs_y = -2},
    {.bitmap_index = 14754, .adv_w = 240, .box_w = 15, .box_h = 16, .ofs_x = 0, .ofs_y = -3},
    {.bitmap_index = 14814, .adv_w = 240, .box_w = 15, .box_h = 14, .ofs_x = 0, .ofs_y = -2},
    {.bitmap_index = 14867, .adv_w = 240, .box_w = 15, .box_h = 14, .ofs_x = 0, .ofs_y = -2},
    {.bitmap_index = 14920, .adv_w = 240, .box_w = 15, .box_h = 15, .ofs_x = 0, .ofs_y = -3},
    {.bitmap_index = 14977, .adv_w = 240, .box_w = 15, .box_h = 15, .ofs_x = 0, .ofs_y = -2},
    {.bitmap_index = 15034, .adv_w = 240, .box_w = 15, .box_h = 16, .ofs_x = 0, .ofs_y = -3},
    {.bitmap_index = 15094, .adv_w = 240, .box_w = 15, .box_h = 13, .ofs_x = 0, .ofs_y = -1},
    {.bitmap_index = 15143, .adv_w = 240, .box_w = 14, .box_h = 13, .ofs_x = 1, .ofs_y = -1},
    {.bitmap_index = 15189, .adv_w = 240, .box_w = 15, .box_h = 14, .ofs_x = 0, .ofs_y = -2},
    {.bitmap_index = 15242, .adv_w = 240, .box_w = 15, .box_h = 15, .ofs_x = 0, .ofs_y = -3},
    {.bitmap_index = 15299, .adv_w = 240, .box_w = 15, .box_h = 15, .ofs_x = 0, .ofs_y = -2},
    {.bitmap_index = 15356, .adv_w = 240, .box_w = 15, .box_h = 16, .ofs_x = 0, .ofs_y = -3},
    {.bitmap_index = 15416, .adv_w = 240, .box_w = 15, .box_h = 14, .ofs_x = 0, .ofs_y = -2},
    {.bitmap_index = 15469, .adv_w = 240, .box_w = 14, .box_h = 15, .ofs_x = 0, .ofs_y = -2},
    {.bitmap_index = 15522, .adv_w = 240, .box_w = 15, .box_h = 15, .ofs_x = 0, .ofs_y = -3},
    {.bitmap_index = 15579, .adv_w = 240, .box_w = 15, .box_h = 15, .ofs_x = 0, .ofs_y = -2},
    {.bitmap_index = 15636, .adv_w = 240, .box_w = 15, .box_h = 15, .ofs_x = 0, .ofs_y = -2},
    {.bitmap_index = 15693, .adv_w = 240, .box_w = 15, .box_h = 15, .ofs_x = 0, .ofs_y = -2},
    {.bitmap_index = 15750, .adv_w = 240, .box_w = 15, .box_h = 14, .ofs_x = 0, .ofs_y = -2},
    {.bitmap_index = 15803, .adv_w = 240, .box_w = 14, .box_h = 16, .ofs_x = 0, .ofs_y = -3},
    {.bitmap_index = 15859, .adv_w = 240, .box_w = 15, .box_h = 15, .ofs_x = 0, .ofs_y = -2},
    {.bitmap_index = 15916, .adv_w = 240, .box_w = 15, .box_h = 16, .ofs_x = 0, .ofs_y = -3},
    {.bitmap_index = 15976, .adv_w = 240, .box_w = 14, .box_h = 15, .ofs_x = 0, .ofs_y = -2},
    {.bitmap_index = 16029, .adv_w = 240, .box_w = 15, .box_h = 16, .ofs_x = 0, .ofs_y = -3},
    {.bitmap_index = 16089, .adv_w = 240, .box_w = 15, .box_h = 16, .ofs_x = 0, .ofs_y = -3},
    {.bitmap_index = 16149, .adv_w = 240, .box_w = 15, .box_h = 14, .ofs_x = 0, .ofs_y = -2},
    {.bitmap_index = 16202, .adv_w = 240, .box_w = 15, .box_h = 14, .ofs_x = 0, .ofs_y = -2},
    {.bitmap_index = 16255, .adv_w = 240, .box_w = 14, .box_h = 14, .ofs_x = 1, .ofs_y = -2},
    {.bitmap_index = 16304, .adv_w = 240, .box_w = 15, .box_h = 16, .ofs_x = 0, .ofs_y = -3},
    {.bitmap_index = 16364, .adv_w = 240, .box_w = 14, .box_h = 15, .ofs_x = 1, .ofs_y = -2},
    {.bitmap_index = 16417, .adv_w = 240, .box_w = 15, .box_h = 16, .ofs_x = 0, .ofs_y = -3},
    {.bitmap_index = 16477, .adv_w = 240, .box_w = 14, .box_h = 14, .ofs_x = 1, .ofs_y = -2},
    {.bitmap_index = 16526, .adv_w = 240, .box_w = 15, .box_h = 15, .ofs_x = 0, .ofs_y = -2},
    {.bitmap_index = 16583, .adv_w = 240, .box_w = 15, .box_h = 16, .ofs_x = 0, .ofs_y = -3},
    {.bitmap_index = 16643, .adv_w = 240, .box_w = 15, .box_h = 15, .ofs_x = 0, .ofs_y = -2},
    {.bitmap_index = 16700, .adv_w = 240, .box_w = 15, .box_h = 14, .ofs_x = 0, .ofs_y = -2},
    {.bitmap_index = 16753, .adv_w = 240, .box_w = 15, .box_h = 15, .ofs_x = 0, .ofs_y = -3},
    {.bitmap_index = 16810, .adv_w = 240, .box_w = 14, .box_h = 15, .ofs_x = 0, .ofs_y = -3},
    {.bitmap_index = 16863, .adv_w = 240, .box_w = 12, .box_h = 14, .ofs_x = 1, .ofs_y = -2},
    {.bitmap_index = 16905, .adv_w = 240, .box_w = 13, .box_h = 14, .ofs_x = 2, .ofs_y = -2},
    {.bitmap_index = 16951, .adv_w = 240, .box_w = 14, .box_h = 16, .ofs_x = 0, .ofs_y = -3},
    {.bitmap_index = 17007, .adv_w = 240, .box_w = 11, .box_h = 16, .ofs_x = 2, .ofs_y = -3},
    {.bitmap_index = 17051, .adv_w = 240, .box_w = 14, .box_h = 15, .ofs_x = 1, .ofs_y = -2},
    {.bitmap_index = 17104, .adv_w = 240, .box_w = 11, .box_h = 14, .ofs_x = 2, .ofs_y = -2},
    {.bitmap_index = 17143, .adv_w = 240, .box_w = 15, .box_h = 15, .ofs_x = 0, .ofs_y = -2},
    {.bitmap_index = 17200, .adv_w = 240, .box_w = 15, .box_h = 15, .ofs_x = 0, .ofs_y = -2},
    {.bitmap_index = 17257, .adv_w = 240, .box_w = 14, .box_h = 14, .ofs_x = 1, .ofs_y = -2},
    {.bitmap_index = 17306, .adv_w = 240, .box_w = 14, .box_h = 15, .ofs_x = 0, .ofs_y = -2},
    {.bitmap_index = 17359, .adv_w = 240, .box_w = 15, .box_h = 14, .ofs_x = 0, .ofs_y = -1},
    {.bitmap_index = 17412, .adv_w = 240, .box_w = 15, .box_h = 15, .ofs_x = 0, .ofs_y = -2},
    {.bitmap_index = 17469, .adv_w = 240, .box_w = 15, .box_h = 15, .ofs_x = 0, .ofs_y = -3},
    {.bitmap_index = 17526, .adv_w = 240, .box_w = 15, .box_h = 15, .ofs_x = 0, .ofs_y = -2},
    {.bitmap_index = 17583, .adv_w = 240, .box_w = 15, .box_h = 14, .ofs_x = 0, .ofs_y = -2},
    {.bitmap_index = 17636, .adv_w = 240, .box_w = 13, .box_h = 15, .ofs_x = 1, .ofs_y = -2},
    {.bitmap_index = 17685, .adv_w = 240, .box_w = 15, .box_h = 15, .ofs_x = 0, .ofs_y = -3},
    {.bitmap_index = 17742, .adv_w = 240, .box_w = 15, .box_h = 16, .ofs_x = 0, .ofs_y = -3},
    {.bitmap_index = 17802, .adv_w = 240, .box_w = 15, .box_h = 15, .ofs_x = 0, .ofs_y = -2},
    {.bitmap_index = 17859, .adv_w = 240, .box_w = 15, .box_h = 16, .ofs_x = 0, .ofs_y = -3},
    {.bitmap_index = 17919, .adv_w = 240, .box_w = 13, .box_h = 14, .ofs_x = 1, .ofs_y = -1},
    {.bitmap_index = 17965, .adv_w = 240, .box_w = 15, .box_h = 15, .ofs_x = 0, .ofs_y = -3},
    {.bitmap_index = 18022, .adv_w = 240, .box_w = 14, .box_h = 15, .ofs_x = 1, .ofs_y = -2},
    {.bitmap_index = 18075, .adv_w = 240, .box_w = 15, .box_h = 15, .ofs_x = 0, .ofs_y = -2},
    {.bitmap_index = 18132, .adv_w = 240, .box_w = 15, .box_h = 16, .ofs_x = 0, .ofs_y = -3},
    {.bitmap_index = 18192, .adv_w = 240, .box_w = 15, .box_h = 15, .ofs_x = 0, .ofs_y = -2},
    {.bitmap_index = 18249, .adv_w = 240, .box_w = 15, .box_h = 14, .ofs_x = 0, .ofs_y = -2},
    {.bitmap_index = 18302, .adv_w = 240, .box_w = 15, .box_h = 14, .ofs_x = 0, .ofs_y = -2},
    {.bitmap_index = 18355, .adv_w = 240, .box_w = 15, .box_h = 14, .ofs_x = 0, .ofs_y = -2},
    {.bitmap_index = 18408, .adv_w = 240, .box_w = 15, .box_h = 14, .ofs_x = 0, .ofs_y = -2},
    {.bitmap_index = 18461, .adv_w = 240, .box_w = 14, .box_h = 14, .ofs_x = 0, .ofs_y = -2},
    {.bitmap_index = 18510, .adv_w = 240, .box_w = 15, .box_h = 15, .ofs_x = 0, .ofs_y = -2},
    {.bitmap_index = 18567, .adv_w = 240, .box_w = 14, .box_h = 16, .ofs_x = 0, .ofs_y = -3},
    {.bitmap_index = 18623, .adv_w = 240, .box_w = 15, .box_h = 15, .ofs_x = 0, .ofs_y = -2},
    {.bitmap_index = 18680, .adv_w = 240, .box_w = 14, .box_h = 14, .ofs_x = 0, .ofs_y = -1},
    {.bitmap_index = 18729, .adv_w = 240, .box_w = 15, .box_h = 15, .ofs_x = 0, .ofs_y = -2},
    {.bitmap_index = 18786, .adv_w = 240, .box_w = 15, .box_h = 15, .ofs_x = 0, .ofs_y = -2},
    {.bitmap_index = 18843, .adv_w = 240, .box_w = 15, .box_h = 15, .ofs_x = 0, .ofs_y = -2},
    {.bitmap_index = 18900, .adv_w = 240, .box_w = 15, .box_h = 15, .ofs_x = 0, .ofs_y = -2},
    {.bitmap_index = 18957, .adv_w = 240, .box_w = 15, .box_h = 16, .ofs_x = 0, .ofs_y = -3},
    {.bitmap_index = 19017, .adv_w = 240, .box_w = 15, .box_h = 15, .ofs_x = 0, .ofs_y = -2},
    {.bitmap_index = 19074, .adv_w = 240, .box_w = 15, .box_h = 15, .ofs_x = 0, .ofs_y = -2},
    {.bitmap_index = 19131, .adv_w = 240, .box_w = 15, .box_h = 15, .ofs_x = 0, .ofs_y = -2},
    {.bitmap_index = 19188, .adv_w = 240, .box_w = 15, .box_h = 15, .ofs_x = 0, .ofs_y = -2},
    {.bitmap_index = 19245, .adv_w = 240, .box_w = 15, .box_h = 15, .ofs_x = 0, .ofs_y = -2},
    {.bitmap_index = 19302, .adv_w = 240, .box_w = 15, .box_h = 15, .ofs_x = 0, .ofs_y = -2},
    {.bitmap_index = 19359, .adv_w = 240, .box_w = 13, .box_h = 14, .ofs_x = 1, .ofs_y = -2},
    {.bitmap_index = 19405, .adv_w = 240, .box_w = 14, .box_h = 14, .ofs_x = 0, .ofs_y = -2},
    {.bitmap_index = 19454, .adv_w = 240, .box_w = 14, .box_h = 14, .ofs_x = 1, .ofs_y = -2},
    {.bitmap_index = 19503, .adv_w = 240, .box_w = 15, .box_h = 14, .ofs_x = 0, .ofs_y = -2},
    {.bitmap_index = 19556, .adv_w = 240, .box_w = 15, .box_h = 15, .ofs_x = 0, .ofs_y = -2},
    {.bitmap_index = 19613, .adv_w = 240, .box_w = 15, .box_h = 15, .ofs_x = 0, .ofs_y = -2},
    {.bitmap_index = 19670, .adv_w = 240, .box_w = 15, .box_h = 15, .ofs_x = 0, .ofs_y = -2},
    {.bitmap_index = 19727, .adv_w = 240, .box_w = 11, .box_h = 15, .ofs_x = 2, .ofs_y = -2},
    {.bitmap_index = 19769, .adv_w = 240, .box_w = 15, .box_h = 16, .ofs_x = 0, .ofs_y = -3},
    {.bitmap_index = 19829, .adv_w = 240, .box_w = 15, .box_h = 14, .ofs_x = 0, .ofs_y = -2},
    {.bitmap_index = 19882, .adv_w = 240, .box_w = 15, .box_h = 14, .ofs_x = 0, .ofs_y = -2},
    {.bitmap_index = 19935, .adv_w = 240, .box_w = 15, .box_h = 14, .ofs_x = 0, .ofs_y = -2},
    {.bitmap_index = 19988, .adv_w = 240, .box_w = 15, .box_h = 14, .ofs_x = 0, .ofs_y = -2},
    {.bitmap_index = 20041, .adv_w = 240, .box_w = 15, .box_h = 14, .ofs_x = 0, .ofs_y = -2},
    {.bitmap_index = 20094, .adv_w = 240, .box_w = 15, .box_h = 15, .ofs_x = 0, .ofs_y = -2},
    {.bitmap_index = 20151, .adv_w = 240, .box_w = 15, .box_h = 14, .ofs_x = 0, .ofs_y = -2},
    {.bitmap_index = 20204, .adv_w = 240, .box_w = 15, .box_h = 16, .ofs_x = 0, .ofs_y = -3},
    {.bitmap_index = 20264, .adv_w = 240, .box_w = 15, .box_h = 16, .ofs_x = 0, .ofs_y = -3},
    {.bitmap_index = 20324, .adv_w = 240, .box_w = 15, .box_h = 14, .ofs_x = 0, .ofs_y = -2},
    {.bitmap_index = 20377, .adv_w = 240, .box_w = 15, .box_h = 16, .ofs_x = 0, .ofs_y = -3},
    {.bitmap_index = 20437, .adv_w = 240, .box_w = 14, .box_h = 14, .ofs_x = 1, .ofs_y = -2},
    {.bitmap_index = 20486, .adv_w = 240, .box_w = 15, .box_h = 15, .ofs_x = 0, .ofs_y = -3},
    {.bitmap_index = 20543, .adv_w = 240, .box_w = 15, .box_h = 16, .ofs_x = 0, .ofs_y = -3},
    {.bitmap_index = 20603, .adv_w = 240, .box_w = 15, .box_h = 16, .ofs_x = 0, .ofs_y = -3},
    {.bitmap_index = 20663, .adv_w = 240, .box_w = 14, .box_h = 16, .ofs_x = 0, .ofs_y = -3},
    {.bitmap_index = 20719, .adv_w = 240, .box_w = 15, .box_h = 14, .ofs_x = 0, .ofs_y = -2},
    {.bitmap_index = 20772, .adv_w = 240, .box_w = 15, .box_h = 15, .ofs_x = 0, .ofs_y = -2},
    {.bitmap_index = 20829, .adv_w = 240, .box_w = 15, .box_h = 15, .ofs_x = 0, .ofs_y = -2},
    {.bitmap_index = 20886, .adv_w = 240, .box_w = 15, .box_h = 15, .ofs_x = 0, .ofs_y = -2},
    {.bitmap_index = 20943, .adv_w = 240, .box_w = 15, .box_h = 15, .ofs_x = 0, .ofs_y = -2},
    {.bitmap_index = 21000, .adv_w = 240, .box_w = 15, .box_h = 15, .ofs_x = 0, .ofs_y = -2},
    {.bitmap_index = 21057, .adv_w = 240, .box_w = 15, .box_h = 15, .ofs_x = 0, .ofs_y = -2},
    {.bitmap_index = 21114, .adv_w = 240, .box_w = 15, .box_h = 15, .ofs_x = 0, .ofs_y = -2},
    {.bitmap_index = 21171, .adv_w = 240, .box_w = 15, .box_h = 15, .ofs_x = 0, .ofs_y = -2},
    {.bitmap_index = 21228, .adv_w = 240, .box_w = 15, .box_h = 15, .ofs_x = 0, .ofs_y = -2},
    {.bitmap_index = 21285, .adv_w = 240, .box_w = 15, .box_h = 15, .ofs_x = 0, .ofs_y = -3},
    {.bitmap_index = 21342, .adv_w = 240, .box_w = 15, .box_h = 15, .ofs_x = 0, .ofs_y = -3},
    {.bitmap_index = 21399, .adv_w = 240, .box_w = 15, .box_h = 15, .ofs_x = 0, .ofs_y = -3},
    {.bitmap_index = 21456, .adv_w = 240, .box_w = 15, .box_h = 15, .ofs_x = 0, .ofs_y = -2},
    {.bitmap_index = 21513, .adv_w = 240, .box_w = 15, .box_h = 15, .ofs_x = 0, .ofs_y = -3},
    {.bitmap_index = 21570, .adv_w = 240, .box_w = 15, .box_h = 14, .ofs_x = 0, .ofs_y = -2},
    {.bitmap_index = 21623, .adv_w = 240, .box_w = 15, .box_h = 16, .ofs_x = 0, .ofs_y = -3},
    {.bitmap_index = 21683, .adv_w = 240, .box_w = 15, .box_h = 16, .ofs_x = 0, .ofs_y = -3},
    {.bitmap_index = 21743, .adv_w = 240, .box_w = 15, .box_h = 16, .ofs_x = 0, .ofs_y = -3},
    {.bitmap_index = 21803, .adv_w = 240, .box_w = 15, .box_h = 16, .ofs_x = 0, .ofs_y = -3},
    {.bitmap_index = 21863, .adv_w = 240, .box_w = 15, .box_h = 15, .ofs_x = 0, .ofs_y = -2},
    {.bitmap_index = 21920, .adv_w = 240, .box_w = 15, .box_h = 15, .ofs_x = 0, .ofs_y = -3},
    {.bitmap_index = 21977, .adv_w = 240, .box_w = 15, .box_h = 16, .ofs_x = 0, .ofs_y = -3},
    {.bitmap_index = 22037, .adv_w = 240, .box_w = 15, .box_h = 16, .ofs_x = 0, .ofs_y = -3},
    {.bitmap_index = 22097, .adv_w = 240, .box_w = 15, .box_h = 16, .ofs_x = 0, .ofs_y = -3},
    {.bitmap_index = 22157, .adv_w = 240, .box_w = 15, .box_h = 16, .ofs_x = 0, .ofs_y = -3},
    {.bitmap_index = 22217, .adv_w = 240, .box_w = 15, .box_h = 16, .ofs_x = 0, .ofs_y = -3},
    {.bitmap_index = 22277, .adv_w = 240, .box_w = 15, .box_h = 16, .ofs_x = 0, .ofs_y = -3},
    {.bitmap_index = 22337, .adv_w = 240, .box_w = 15, .box_h = 16, .ofs_x = 0, .ofs_y = -3},
    {.bitmap_index = 22397, .adv_w = 240, .box_w = 15, .box_h = 16, .ofs_x = 0, .ofs_y = -3},
    {.bitmap_index = 22457, .adv_w = 240, .box_w = 15, .box_h = 16, .ofs_x = 0, .ofs_y = -3},
    {.bitmap_index = 22517, .adv_w = 240, .box_w = 15, .box_h = 16, .ofs_x = 0, .ofs_y = -3},
    {.bitmap_index = 22577, .adv_w = 240, .box_w = 15, .box_h = 16, .ofs_x = 0, .ofs_y = -3},
    {.bitmap_index = 22637, .adv_w = 240, .box_w = 15, .box_h = 15, .ofs_x = 0, .ofs_y = -3},
    {.bitmap_index = 22694, .adv_w = 240, .box_w = 15, .box_h = 16, .ofs_x = 0, .ofs_y = -3},
    {.bitmap_index = 22754, .adv_w = 240, .box_w = 15, .box_h = 16, .ofs_x = 0, .ofs_y = -3},
    {.bitmap_index = 22814, .adv_w = 240, .box_w = 15, .box_h = 16, .ofs_x = 0, .ofs_y = -3},
    {.bitmap_index = 22874, .adv_w = 240, .box_w = 15, .box_h = 16, .ofs_x = 0, .ofs_y = -3},
    {.bitmap_index = 22934, .adv_w = 240, .box_w = 14, .box_h = 16, .ofs_x = 1, .ofs_y = -3},
    {.bitmap_index = 22990, .adv_w = 240, .box_w = 15, .box_h = 15, .ofs_x = 0, .ofs_y = -2},
    {.bitmap_index = 23047, .adv_w = 240, .box_w = 15, .box_h = 13, .ofs_x = 0, .ofs_y = -1},
    {.bitmap_index = 23096, .adv_w = 240, .box_w = 15, .box_h = 15, .ofs_x = 0, .ofs_y = -2},
    {.bitmap_index = 23153, .adv_w = 240, .box_w = 14, .box_h = 14, .ofs_x = 1, .ofs_y = -2},
    {.bitmap_index = 23202, .adv_w = 240, .box_w = 15, .box_h = 14, .ofs_x = 0, .ofs_y = -2},
    {.bitmap_index = 23255, .adv_w = 240, .box_w = 14, .box_h = 15, .ofs_x = 0, .ofs_y = -2},
    {.bitmap_index = 23308, .adv_w = 240, .box_w = 15, .box_h = 14, .ofs_x = 0, .ofs_y = -2},
    {.bitmap_index = 23361, .adv_w = 240, .box_w = 15, .box_h = 16, .ofs_x = 0, .ofs_y = -3},
    {.bitmap_index = 23421, .adv_w = 240, .box_w = 15, .box_h = 14, .ofs_x = 0, .ofs_y = -2},
    {.bitmap_index = 23474, .adv_w = 240, .box_w = 13, .box_h = 15, .ofs_x = 1, .ofs_y = -2},
    {.bitmap_index = 23523, .adv_w = 240, .box_w = 13, .box_h = 15, .ofs_x = 1, .ofs_y = -2},
    {.bitmap_index = 23572, .adv_w = 240, .box_w = 13, .box_h = 15, .ofs_x = 1, .ofs_y = -2},
    {.bitmap_index = 23621, .adv_w = 240, .box_w = 13, .box_h = 15, .ofs_x = 1, .ofs_y = -2},
    {.bitmap_index = 23670, .adv_w = 240, .box_w = 14, .box_h = 16, .ofs_x = 1, .ofs_y = -3},
    {.bitmap_index = 23726, .adv_w = 240, .box_w = 14, .box_h = 16, .ofs_x = 1, .ofs_y = -3},
    {.bitmap_index = 23782, .adv_w = 240, .box_w = 14, .box_h = 14, .ofs_x = 1, .ofs_y = -2},
    {.bitmap_index = 23831, .adv_w = 240, .box_w = 15, .box_h = 14, .ofs_x = 0, .ofs_y = -2},
    {.bitmap_index = 23884, .adv_w = 240, .box_w = 15, .box_h = 16, .ofs_x = 0, .ofs_y = -3},
    {.bitmap_index = 23944, .adv_w = 240, .box_w = 15, .box_h = 14, .ofs_x = 0, .ofs_y = -2},
    {.bitmap_index = 23997, .adv_w = 240, .box_w = 15, .box_h = 14, .ofs_x = 0, .ofs_y = -2},
    {.bitmap_index = 24050, .adv_w = 240, .box_w = 15, .box_h = 15, .ofs_x = 0, .ofs_y = -3},
    {.bitmap_index = 24107, .adv_w = 240, .box_w = 15, .box_h = 14, .ofs_x = 0, .ofs_y = -2},
    {.bitmap_index = 24160, .adv_w = 240, .box_w = 15, .box_h = 16, .ofs_x = 0, .ofs_y = -3},
    {.bitmap_index = 24220, .adv_w = 240, .box_w = 15, .box_h = 14, .ofs_x = 0, .ofs_y = -2},
    {.bitmap_index = 24273, .adv_w = 240, .box_w = 15, .box_h = 14, .ofs_x = 0, .ofs_y = -2},
    {.bitmap_index = 24326, .adv_w = 240, .box_w = 15, .box_h = 15, .ofs_x = 0, .ofs_y = -2},
    {.bitmap_index = 24383, .adv_w = 240, .box_w = 13, .box_h = 15, .ofs_x = 1, .ofs_y = -2},
    {.bitmap_index = 24432, .adv_w = 240, .box_w = 15, .box_h = 14, .ofs_x = 0, .ofs_y = -2},
    {.bitmap_index = 24485, .adv_w = 240, .box_w = 4, .box_h = 11, .ofs_x = 2, .ofs_y = 0},
    {.bitmap_index = 24496, .adv_w = 240, .box_w = 4, .box_h = 14, .ofs_x = 10, .ofs_y = -2},
    {.bitmap_index = 24510, .adv_w = 240, .box_w = 4, .box_h = 14, .ofs_x = 1, .ofs_y = -2},
    {.bitmap_index = 24524, .adv_w = 240, .box_w = 3, .box_h = 6, .ofs_x = 1, .ofs_y = -3},
    {.bitmap_index = 24529, .adv_w = 240, .box_w = 3, .box_h = 9, .ofs_x = 2, .ofs_y = 1},
    {.bitmap_index = 24536, .adv_w = 240, .box_w = 4, .box_h = 12, .ofs_x = 2, .ofs_y = -2},
    {.bitmap_index = 24548, .adv_w = 240, .box_w = 7, .box_h = 11, .ofs_x = 0, .ofs_y = 0}
};

/*---------------------
 *  CHARACTER MAPPING
 *--------------------*/

static const uint16_t unicode_list_1[] = {
    0x0, 0x1, 0x7, 0x27, 0x47, 0x1f64, 0x1f76, 0x2053,
    0x20e0, 0x20e1, 0x20e2, 0x20e3, 0x251f, 0x2663, 0x2f51, 0x2f52,
    0x4d50, 0x4d59, 0x4d5a, 0x4d5b, 0x4d5d, 0x4d5e, 0x4d6c, 0x4d75,
    0x4d7a, 0x4d7d, 0x4d8a, 0x4d99, 0x4db6, 0x4dd6, 0x4ddc, 0x4dde,
    0x4de4, 0x4df7, 0x4dfe, 0x4e15, 0x4e1d, 0x4e1e, 0x4e3a, 0x4e46,
    0x4e4d, 0x4e61, 0x4e6a, 0x4e70, 0x4e88, 0x4e9d, 0x4e9e, 0x4ea3,
    0x4ea9, 0x4eac, 0x4f2d, 0x4f31, 0x4f8c, 0x4f8e, 0x4f9f, 0x4fac,
    0x4ff8, 0x5095, 0x5098, 0x5099, 0x50b5, 0x50b8, 0x50bc, 0x50bd,
    0x50c1, 0x50c3, 0x50c6, 0x50c7, 0x50d5, 0x50dd, 0x50e9, 0x5116,
    0x514a, 0x514b, 0x5156, 0x5162, 0x5167, 0x5170, 0x5180, 0x5186,
    0x519d, 0x51a6, 0x51b9, 0x51ef, 0x51f0, 0x51f8, 0x524e, 0x524f,
    0x5266, 0x5267, 0x528a, 0x5291, 0x5297, 0x52a5, 0x52a7, 0x52b0,
    0x52b1, 0x52bb, 0x52c3, 0x52c7, 0x52d2, 0x52d6, 0x52db, 0x52ef,
    0x530b, 0x5312, 0x531d, 0x5321, 0x5326, 0x5328, 0x5333, 0x533f,
    0x5342, 0x5343, 0x5347, 0x5358, 0x535c, 0x535d, 0x535e, 0x5361,
    0x537c, 0x537f, 0x53b8, 0x53cd, 0x5474, 0x55b8, 0x562b, 0x562e,
    0x564a, 0x564e, 0x5656, 0x5658, 0x5678, 0x5680, 0x5697, 0x569f,
    0x56a0, 0x56b1, 0x5756, 0x5857, 0x585d, 0x5866, 0x586c, 0x5877,
    0x5881, 0x5884, 0x591b, 0x5aa7, 0x5aa8, 0x5adc, 0x5aea, 0x5b49,
    0x5b4c, 0x5b56, 0x5b5f, 0x5b81, 0x5b8d, 0x5b9f, 0x5c40, 0x5d35,
    0x5d36, 0x5d42, 0x5d76, 0x5d88, 0x5dc3, 0x5dc6, 0x5ddf, 0x5de4,
    0x5df6, 0x5e46, 0x5e4a, 0x5e50, 0x5e5f, 0x5e8a, 0x5ea2, 0x5ea3,
    0x5ea5, 0x5eb2, 0x5ed0, 0x5ed4, 0x5ed5, 0x5f13, 0x5f3b, 0x5f51,
    0x5f6d, 0x5f75, 0x5f8b, 0x5fb2, 0x6030, 0x606f, 0x6160, 0x6166,
    0x619b, 0x61a3, 0x61bb, 0x61ce, 0x61e8, 0x61f4, 0x6224, 0x622f,
    0x6239, 0x624f, 0x6251, 0x6252, 0x6257, 0x6259, 0x62be, 0x62d9,
    0x62f5, 0x62f8, 0x631f, 0x636c, 0x63fd, 0x641d, 0x647f, 0x6486,
    0x648e, 0x6498, 0x64c0, 0x64d7, 0x64e7, 0x64ec, 0x64fd, 0x6500,
    0x6509, 0x6530, 0x6535, 0x6546, 0x656f, 0x658e, 0x65be, 0x65d2,
    0x6644, 0x6650, 0x6658, 0x6659, 0x666f, 0x667a, 0x667c, 0x668a,
    0x66af, 0x66b1, 0x66b5, 0x66cf, 0x66d1, 0x6735, 0x6757, 0x6758,
    0x6771, 0x6810, 0x68d2, 0x6971, 0x6a71, 0x6a9c, 0x6ab2, 0x6ab3,
    0x6ab4, 0x6ab5, 0x6b24, 0x6b64, 0x6b84, 0x6b97, 0x6bb0, 0x6bf1,
    0x6c0f, 0x6c25, 0x6c32, 0x6c9b, 0x6cc7, 0x6cd8, 0x6d55, 0x6de0,
    0x6e34, 0x6fc0, 0x7009, 0x70b7, 0x717c, 0x7197, 0x7198, 0x71a9,
    0x71c9, 0x7206, 0x72d7, 0x72ff, 0x7300, 0x7478, 0x7481, 0x7485,
    0x74a9, 0x75cd, 0x7628, 0x763e, 0x7644, 0x765b, 0x7670, 0x7735,
    0x773d, 0x7751, 0x77bc, 0x7811, 0x788a, 0x790b, 0x7922, 0x794b,
    0x795b, 0x795d, 0x79ca, 0x7a29, 0x7a7c, 0x7a99, 0x7ae7, 0x7b01,
    0x7bc3, 0x7be7, 0x7c4b, 0x7c72, 0x7c7f, 0x7df2, 0x7df6, 0x7e0f,
    0x7e14, 0x7e18, 0x7e1f, 0x7e21, 0x7e23, 0x7e2f, 0x7e37, 0x7e3a,
    0x7e3d, 0x7e44, 0x7e4f, 0x7e66, 0x7ea1, 0x7ea7, 0x7ebe, 0x7f51,
    0x7f67, 0x801c, 0x804d, 0x813a, 0x817a, 0x8241, 0x8249, 0x82a0,
    0x832c, 0x842d, 0x8652, 0x870a, 0x879c, 0x87a4, 0x87b8, 0x87fb,
    0x88cf, 0x8914, 0x8916, 0x8918, 0x8933, 0x8af1, 0x8afe, 0x8b00,
    0x8b0e, 0x8b25, 0x8b47, 0x8b4b, 0x8b87, 0x8c75, 0x8c94, 0x8cc7,
    0x8cd5, 0x8d03, 0x8d3f, 0x8d43, 0x8d5f, 0x8eb8, 0x8ebc, 0x8ecd,
    0x8ee1, 0x8ee3, 0x8f0e, 0x8f17, 0x8f20, 0x8f21, 0x8f24, 0x8f28,
    0x8f29, 0x8f2e, 0x8f49, 0x8f51, 0x8f52, 0x8f56, 0x8f59, 0x8f64,
    0x8f6a, 0x8f6f, 0x8fa3, 0x909d, 0x90e2, 0x911c, 0x911d, 0x911f,
    0x93d8, 0x93ef, 0x9451, 0x947e, 0x94cf, 0x953d, 0x9542, 0x9544,
    0x9590, 0x9594, 0x959d, 0x95b4, 0x9646, 0x96a9, 0x96b2, 0x97c5,
    0x97ca, 0x97e1, 0x97e7, 0x99dc, 0x99e1, 0x9a28, 0x9d73, 0x9e21,
    0xfe51, 0xfe58, 0xfe59, 0xfe5c, 0xfe6a, 0xfe6b, 0xfe6f
};

/*Collect the unicode lists and glyph_id offsets*/
static const lv_font_fmt_txt_cmap_t cmaps[] =
{
    {
        .range_start = 32, .range_length = 95, .glyph_id_start = 1,
        .unicode_list = NULL, .glyph_id_ofs_list = NULL, .list_length = 0, .type = LV_FONT_FMT_TXT_CMAP_FORMAT0_TINY
    },
    {
        .range_start = 176, .range_length = 65136, .glyph_id_start = 96,
        .unicode_list = unicode_list_1, .glyph_id_ofs_list = NULL, .list_length = 431, .type = LV_FONT_FMT_TXT_CMAP_SPARSE_TINY
    }
};



/*--------------------
 *  ALL CUSTOM DATA
 *--------------------*/

#if LVGL_VERSION_MAJOR == 8
/*Store all the custom data of the font*/
static  lv_font_fmt_txt_glyph_cache_t cache;
#endif

#if LVGL_VERSION_MAJOR >= 8
static const lv_font_fmt_txt_dsc_t font_dsc = {
#else
static lv_font_fmt_txt_dsc_t font_dsc = {
#endif
    .glyph_bitmap = glyph_bitmap,
    .glyph_dsc = glyph_dsc,
    .cmaps = cmaps,
    .kern_dsc = NULL,
    .kern_scale = 0,
    .cmap_num = 2,
    .bpp = 2,
    .kern_classes = 0,
    .bitmap_format = 0,
#if LVGL_VERSION_MAJOR == 8
    .cache = &cache
#endif
};



/*-----------------
 *  PUBLIC FONT
 *----------------*/

/*Initialize a public general font descriptor*/
#if LVGL_VERSION_MAJOR >= 8
const lv_font_t helm_ui_15 = {
#else
lv_font_t helm_ui_15 = {
#endif
    .get_glyph_dsc = lv_font_get_glyph_dsc_fmt_txt,    /*Function pointer to get glyph's data*/
    .get_glyph_bitmap = lv_font_get_bitmap_fmt_txt,    /*Function pointer to get glyph's bitmap*/
    .line_height = 17,          /*The maximum line height required by the font*/
    .base_line = 3,             /*Baseline measured from the bottom of the line*/
#if !(LVGL_VERSION_MAJOR == 6 && LVGL_VERSION_MINOR == 0)
    .subpx = LV_FONT_SUBPX_NONE,
#endif
#if LV_VERSION_CHECK(7, 4, 0) || LVGL_VERSION_MAJOR >= 8
    .underline_position = -1,
    .underline_thickness = 1,
#endif
    .dsc = &font_dsc,          /*The custom font data. Will be accessed by `get_glyph_bitmap/dsc` */
#if LV_VERSION_CHECK(8, 2, 0) || LVGL_VERSION_MAJOR >= 9
    .fallback = NULL,
#endif
    .user_data = NULL,
};



#endif /*#if HELM_UI_15*/

