/*******************************************************************************
 * Size: 56 px
 * Bpp: 2
 * Opts: --size 56 --bpp 2 --format lvgl --no-compress --no-prefilter --no-kerning --lv-include lvgl/lvgl.h --lv-font-name helm_num_56 -o /home/jinsc/SDK/vela/openvela/vendor/my_vendor/boards/sf32lb52/my_vendor/ui/bicycle/src/lvgl_page/fonts/helm_num_56.c --font /home/jinsc/SDK/SGl/PingFangSC/PingFangSC-Semibold.ttf --autohint-strong -r 0x20-0x7E --symbols 0123456789.:-/+%
 ******************************************************************************/

#ifdef LV_LVGL_H_INCLUDE_SIMPLE
#include "lvgl.h"
#else
#include "lvgl/lvgl.h"
#endif

#ifndef HELM_NUM_56
#define HELM_NUM_56 1
#endif

#if HELM_NUM_56

/*-----------------
 *    BITMAPS
 *----------------*/

/*Store the image of the glyphs*/
static LV_ATTRIBUTE_LARGE_CONST const uint8_t glyph_bitmap[] = {
    /* U+0020 " " */

    /* U+0021 "!" */
    0x7f, 0xff, 0x5f, 0xff, 0xd7, 0xff, 0xf4, 0xff,
    0xfc, 0x3f, 0xff, 0xf, 0xff, 0xc3, 0xff, 0xf0,
    0xff, 0xfc, 0x3f, 0xff, 0xf, 0xff, 0xc3, 0xff,
    0xf0, 0xff, 0xfc, 0x3f, 0xff, 0xb, 0xff, 0x82,
    0xff, 0xe0, 0xbf, 0xf8, 0x2f, 0xfe, 0xb, 0xff,
    0x81, 0xff, 0xd0, 0x7f, 0xf4, 0x1f, 0xfd, 0x7,
    0xff, 0x41, 0xff, 0xd0, 0x3f, 0xf0, 0xf, 0xfc,
    0x3, 0xff, 0x0, 0xff, 0xc0, 0x3f, 0xf0, 0xf,
    0xfc, 0x0, 0x0, 0x0, 0x0, 0x0, 0x2f, 0xe0,
    0x3f, 0xff, 0x2f, 0xff, 0xef, 0xff, 0xff, 0xff,
    0xff, 0xff, 0xff, 0xef, 0xff, 0xe3, 0xff, 0xf0,
    0x2f, 0xe0,

    /* U+0022 "\"" */
    0x2, 0xfe, 0x0, 0x0, 0xbf, 0x80, 0xf, 0xff,
    0xd0, 0x3, 0xff, 0xf4, 0x2f, 0xff, 0xf0, 0xb,
    0xff, 0xfc, 0x3f, 0xff, 0xf8, 0xf, 0xff, 0xfe,
    0x3f, 0xff, 0xfc, 0xf, 0xff, 0xff, 0x2f, 0xff,
    0xfc, 0xb, 0xff, 0xff, 0xf, 0xff, 0xfc, 0x3,
    0xff, 0xff, 0x2, 0xff, 0xfc, 0x0, 0xbf, 0xff,
    0x0, 0x7, 0xfc, 0x0, 0x1, 0xff, 0x0, 0xb,
    0xf8, 0x0, 0x2, 0xfe, 0x0, 0xf, 0xf4, 0x0,
    0x3, 0xfd, 0x0, 0x2f, 0xf0, 0x0, 0xb, 0xfc,
    0x0, 0x7f, 0xe0, 0x0, 0x1f, 0xf8, 0x0, 0xff,
    0xc0, 0x0, 0x3f, 0xf0, 0x7, 0xff, 0x40, 0x1,
    0xff, 0xd0, 0x2f, 0xfe, 0x0, 0xb, 0xff, 0x80,
    0x2f, 0xf8, 0x0, 0xb, 0xfe, 0x0, 0xf, 0xd0,
    0x0, 0x3, 0xf4, 0x0, 0x6, 0x0, 0x0, 0x1,
    0x80, 0x0,

    /* U+0023 "#" */
    0x0, 0x0, 0x6, 0xa8, 0x0, 0x2, 0xa9, 0x0,
    0x0, 0x0, 0xf, 0xfc, 0x0, 0xb, 0xfe, 0x0,
    0x0, 0x0, 0xf, 0xfc, 0x0, 0xf, 0xfd, 0x0,
    0x0, 0x0, 0xf, 0xfc, 0x0, 0xf, 0xfc, 0x0,
    0x0, 0x0, 0x1f, 0xfc, 0x0, 0xf, 0xfc, 0x0,
    0x0, 0x0, 0x2f, 0xf8, 0x0, 0x1f, 0xfc, 0x0,
    0x0, 0x0, 0x2f, 0xf4, 0x0, 0x1f, 0xf8, 0x0,
    0x0, 0x0, 0x3f, 0xf4, 0x0, 0x2f, 0xf8, 0x0,
    0x0, 0x0, 0x3f, 0xf0, 0x0, 0x2f, 0xf4, 0x0,
    0x3, 0xff, 0xff, 0xff, 0xff, 0xff, 0xff, 0xfc,
    0x3, 0xff, 0xff, 0xff, 0xff, 0xff, 0xff, 0xfc,
    0x3, 0xff, 0xff, 0xff, 0xff, 0xff, 0xff, 0xfc,
    0x3, 0xff, 0xff, 0xff, 0xff, 0xff, 0xff, 0xf8,
    0x7, 0xff, 0xff, 0xff, 0xff, 0xff, 0xff, 0xf8,
    0x1, 0x55, 0xff, 0xd5, 0x55, 0xbf, 0xe5, 0x50,
    0x0, 0x0, 0xff, 0xc0, 0x0, 0xff, 0xd0, 0x0,
    0x0, 0x1, 0xff, 0xc0, 0x0, 0xff, 0xc0, 0x0,
    0x0, 0x1, 0xff, 0x80, 0x0, 0xff, 0xc0, 0x0,
    0x0, 0x2, 0xff, 0x80, 0x1, 0xff, 0xc0, 0x0,
    0x0, 0x3, 0xff, 0x40, 0x1, 0xff, 0x80, 0x0,
    0x0, 0x3, 0xff, 0x0, 0x2, 0xff, 0x80, 0x0,
    0x0, 0x3, 0xff, 0x0, 0x3, 0xff, 0x40, 0x0,
    0x0, 0x7, 0xff, 0x0, 0x3, 0xff, 0x0, 0x0,
    0x0, 0x7, 0xfe, 0x0, 0x3, 0xff, 0x0, 0x0,
    0x0, 0xb, 0xfe, 0x0, 0x7, 0xff, 0x0, 0x0,
    0x0, 0xf, 0xfd, 0x0, 0x7, 0xfe, 0x0, 0x0,
    0x5, 0x5f, 0xfd, 0x55, 0x5b, 0xfe, 0x55, 0x40,
    0x3f, 0xff, 0xff, 0xff, 0xff, 0xff, 0xff, 0xc0,
    0x3f, 0xff, 0xff, 0xff, 0xff, 0xff, 0xff, 0xc0,
    0x7f, 0xff, 0xff, 0xff, 0xff, 0xff, 0xff, 0x80,
    0x7f, 0xff, 0xff, 0xff, 0xff, 0xff, 0xff, 0x80,
    0xbf, 0xff, 0xff, 0xff, 0xff, 0xff, 0xff, 0x40,
    0x0, 0x3f, 0xf4, 0x0, 0x1f, 0xf8, 0x0, 0x0,
    0x0, 0x3f, 0xf0, 0x0, 0x2f, 0xf8, 0x0, 0x0,
    0x0, 0x3f, 0xf0, 0x0, 0x3f, 0xf4, 0x0, 0x0,
    0x0, 0x7f, 0xf0, 0x0, 0x3f, 0xf4, 0x0, 0x0,
    0x0, 0x7f, 0xf0, 0x0, 0x3f, 0xf0, 0x0, 0x0,
    0x0, 0xbf, 0xe0, 0x0, 0x7f, 0xf0, 0x0, 0x0,
    0x0, 0xbf, 0xd0, 0x0, 0x7f, 0xf0, 0x0, 0x0,
    0x0, 0xff, 0xd0, 0x0, 0xbf, 0xe0, 0x0, 0x0,
    0x0, 0xff, 0xc0, 0x0, 0xbf, 0xd0, 0x0, 0x0,

    /* U+0024 "$" */
    0x0, 0x0, 0x0, 0x3f, 0xc0, 0x0, 0x0, 0x0,
    0x0, 0x0, 0x3, 0xfc, 0x0, 0x0, 0x0, 0x0,
    0x0, 0x0, 0x3f, 0xc0, 0x0, 0x0, 0x0, 0x0,
    0x0, 0x3, 0xfc, 0x0, 0x0, 0x0, 0x0, 0x0,
    0x0, 0x3f, 0xc0, 0x0, 0x0, 0x0, 0x0, 0x6,
    0xff, 0xff, 0xf9, 0x0, 0x0, 0x0, 0xb, 0xff,
    0xff, 0xff, 0xfe, 0x0, 0x0, 0x3, 0xff, 0xff,
    0xff, 0xff, 0xfc, 0x0, 0x1, 0xff, 0xff, 0xff,
    0xff, 0xff, 0xf0, 0x0, 0x3f, 0xff, 0xff, 0xff,
    0xff, 0xff, 0xc0, 0xf, 0xff, 0xfe, 0x7f, 0xdb,
    0xff, 0xfd, 0x0, 0xff, 0xfe, 0x3, 0xfc, 0xb,
    0xff, 0xf0, 0x2f, 0xff, 0x40, 0x3f, 0xc0, 0x2f,
    0xff, 0x43, 0xff, 0xf0, 0x3, 0xfc, 0x0, 0xff,
    0xf8, 0x3f, 0xfe, 0x0, 0x3f, 0xc0, 0xb, 0xff,
    0xc3, 0xff, 0xe0, 0x3, 0xfc, 0x0, 0x7f, 0xfc,
    0x3f, 0xfe, 0x0, 0x3f, 0xc0, 0x1, 0x55, 0x43,
    0xff, 0xf0, 0x3, 0xfc, 0x0, 0x0, 0x0, 0x2f,
    0xff, 0x80, 0x3f, 0xc0, 0x0, 0x0, 0x1, 0xff,
    0xfe, 0x3, 0xfc, 0x0, 0x0, 0x0, 0xf, 0xff,
    0xfd, 0x3f, 0xc0, 0x0, 0x0, 0x0, 0x7f, 0xff,
    0xff, 0xfc, 0x0, 0x0, 0x0, 0x2, 0xff, 0xff,
    0xff, 0xc0, 0x0, 0x0, 0x0, 0xb, 0xff, 0xff,
    0xff, 0xd0, 0x0, 0x0, 0x0, 0x1f, 0xff, 0xff,
    0xff, 0xe4, 0x0, 0x0, 0x0, 0x2f, 0xff, 0xff,
    0xff, 0xf4, 0x0, 0x0, 0x0, 0x1b, 0xff, 0xff,
    0xff, 0xf0, 0x0, 0x0, 0x0, 0x7, 0xff, 0xff,
    0xff, 0xc0, 0x0, 0x0, 0x0, 0x3f, 0xff, 0xff,
    0xff, 0x0, 0x0, 0x0, 0x3, 0xfc, 0x7f, 0xff,
    0xf8, 0x0, 0x0, 0x0, 0x3f, 0xc0, 0x7f, 0xff,
    0xc0, 0x0, 0x0, 0x3, 0xfc, 0x0, 0xff, 0xfd,
    0x15, 0x54, 0x0, 0x3f, 0xc0, 0x7, 0xff, 0xe7,
    0xff, 0xc0, 0x3, 0xfc, 0x0, 0x3f, 0xff, 0x7f,
    0xfc, 0x0, 0x3f, 0xc0, 0x2, 0xff, 0xf3, 0xff,
    0xd0, 0x3, 0xfc, 0x0, 0x2f, 0xff, 0x3f, 0xfe,
    0x0, 0x3f, 0xc0, 0x3, 0xff, 0xf2, 0xff, 0xf0,
    0x3, 0xfc, 0x0, 0x3f, 0xfe, 0x1f, 0xff, 0x80,
    0x3f, 0xc0, 0xf, 0xff, 0xd0, 0xff, 0xfe, 0x3,
    0xfc, 0x7, 0xff, 0xfc, 0x7, 0xff, 0xfe, 0x7f,
    0xdb, 0xff, 0xff, 0x80, 0x2f, 0xff, 0xff, 0xff,
    0xff, 0xff, 0xf0, 0x0, 0xff, 0xff, 0xff, 0xff,
    0xff, 0xfc, 0x0, 0x2, 0xff, 0xff, 0xff, 0xff,
    0xff, 0x0, 0x0, 0x7, 0xff, 0xff, 0xff, 0xff,
    0x40, 0x0, 0x0, 0x6, 0xff, 0xff, 0xf9, 0x0,
    0x0, 0x0, 0x0, 0x0, 0x3f, 0xc0, 0x0, 0x0,
    0x0, 0x0, 0x0, 0x3, 0xfc, 0x0, 0x0, 0x0,
    0x0, 0x0, 0x0, 0x3f, 0xc0, 0x0, 0x0, 0x0,
    0x0, 0x0, 0x3, 0xfc, 0x0, 0x0, 0x0, 0x0,
    0x0, 0x0, 0x3f, 0xc0, 0x0, 0x0, 0x0,

    /* U+0025 "%" */
    0x0, 0x0, 0x0, 0x0, 0x0, 0x0, 0x0, 0x0,
    0xbf, 0xd0, 0x0, 0x0, 0x0, 0x7, 0xff, 0x90,
    0x0, 0x0, 0x0, 0x0, 0xff, 0xc0, 0x0, 0x0,
    0x0, 0xbf, 0xff, 0xfd, 0x0, 0x0, 0x0, 0x2,
    0xff, 0x0, 0x0, 0x0, 0x3, 0xff, 0xff, 0xff,
    0x40, 0x0, 0x0, 0x3, 0xfe, 0x0, 0x0, 0x0,
    0xb, 0xff, 0xff, 0xff, 0xd0, 0x0, 0x0, 0xb,
    0xfc, 0x0, 0x0, 0x0, 0x1f, 0xff, 0x42, 0xff,
    0xf0, 0x0, 0x0, 0xf, 0xf8, 0x0, 0x0, 0x0,
    0x3f, 0xfd, 0x0, 0xff, 0xf4, 0x0, 0x0, 0x2f,
    0xf0, 0x0, 0x0, 0x0, 0x7f, 0xfc, 0x0, 0xbf,
    0xfc, 0x0, 0x0, 0x3f, 0xe0, 0x0, 0x0, 0x0,
    0xbf, 0xfc, 0x0, 0x7f, 0xfc, 0x0, 0x0, 0xff,
    0xc0, 0x0, 0x0, 0x0, 0xff, 0xf8, 0x0, 0x3f,
    0xfd, 0x0, 0x1, 0xff, 0x80, 0x0, 0x0, 0x0,
    0xff, 0xf8, 0x0, 0x3f, 0xfd, 0x0, 0x3, 0xff,
    0x0, 0x0, 0x0, 0x0, 0xff, 0xf8, 0x0, 0x3f,
    0xfd, 0x0, 0x7, 0xfd, 0x0, 0x0, 0x0, 0x0,
    0xff, 0xf8, 0x0, 0x3f, 0xfd, 0x0, 0xf, 0xfc,
    0x0, 0x0, 0x0, 0x0, 0xff, 0xf8, 0x0, 0x3f,
    0xfd, 0x0, 0x1f, 0xf4, 0x0, 0x0, 0x0, 0x0,
    0xff, 0xf8, 0x0, 0x3f, 0xfd, 0x0, 0x3f, 0xf0,
    0x0, 0x0, 0x0, 0x0, 0xbf, 0xfc, 0x0, 0x7f,
    0xfc, 0x0, 0x7f, 0xd0, 0x0, 0x0, 0x0, 0x0,
    0x7f, 0xfc, 0x0, 0xbf, 0xfc, 0x0, 0xff, 0xc0,
    0x0, 0x0, 0x0, 0x0, 0x3f, 0xfd, 0x0, 0xff,
    0xf4, 0x2, 0xff, 0x40, 0x0, 0x0, 0x0, 0x0,
    0x1f, 0xff, 0x43, 0xff, 0xf0, 0x3, 0xfe, 0x0,
    0x0, 0x0, 0x0, 0x0, 0xf, 0xff, 0xff, 0xff,
    0xd0, 0xb, 0xfc, 0x0, 0x6, 0xff, 0xe0, 0x0,
    0x3, 0xff, 0xff, 0xff, 0x40, 0xf, 0xf8, 0x0,
    0x7f, 0xff, 0xfe, 0x0, 0x0, 0xbf, 0xff, 0xfd,
    0x0, 0x2f, 0xf0, 0x1, 0xff, 0xff, 0xff, 0xc0,
    0x0, 0x7, 0xff, 0x90, 0x0, 0x3f, 0xe0, 0x7,
    0xff, 0xff, 0xff, 0xf0, 0x0, 0x0, 0x0, 0x0,
    0x0, 0xbf, 0xc0, 0xf, 0xff, 0x81, 0xff, 0xf4,
    0x0, 0x0, 0x0, 0x0, 0x1, 0xff, 0x80, 0x1f,
    0xff, 0x0, 0x7f, 0xfc, 0x0, 0x0, 0x0, 0x0,
    0x3, 0xff, 0x0, 0x3f, 0xfe, 0x0, 0x3f, 0xfd,
    0x0, 0x0, 0x0, 0x0, 0x7, 0xfd, 0x0, 0x3f,
    0xfd, 0x0, 0x3f, 0xfe, 0x0, 0x0, 0x0, 0x0,
    0xf, 0xfc, 0x0, 0x7f, 0xfc, 0x0, 0x2f, 0xff,
    0x0, 0x0, 0x0, 0x0, 0x1f, 0xf4, 0x0, 0x7f,
    0xfc, 0x0, 0x2f, 0xff, 0x0, 0x0, 0x0, 0x0,
    0x3f, 0xf0, 0x0, 0x7f, 0xfc, 0x0, 0x2f, 0xff,
    0x0, 0x0, 0x0, 0x0, 0x7f, 0xd0, 0x0, 0x7f,
    0xfc, 0x0, 0x2f, 0xff, 0x0, 0x0, 0x0, 0x0,
    0xff, 0xc0, 0x0, 0x7f, 0xfc, 0x0, 0x2f, 0xff,
    0x0, 0x0, 0x0, 0x1, 0xff, 0x40, 0x0, 0x7f,
    0xfc, 0x0, 0x2f, 0xff, 0x0, 0x0, 0x0, 0x3,
    0xff, 0x0, 0x0, 0x3f, 0xfd, 0x0, 0x3f, 0xfe,
    0x0, 0x0, 0x0, 0xb, 0xfc, 0x0, 0x0, 0x3f,
    0xfe, 0x0, 0x3f, 0xfd, 0x0, 0x0, 0x0, 0xf,
    0xf8, 0x0, 0x0, 0x1f, 0xff, 0x0, 0x7f, 0xfc,
    0x0, 0x0, 0x0, 0x2f, 0xf0, 0x0, 0x0, 0xf,
    0xff, 0x81, 0xff, 0xf4, 0x0, 0x0, 0x0, 0x3f,
    0xe0, 0x0, 0x0, 0x7, 0xff, 0xff, 0xff, 0xf0,
    0x0, 0x0, 0x0, 0xbf, 0xc0, 0x0, 0x0, 0x1,
    0xff, 0xff, 0xff, 0xc0, 0x0, 0x0, 0x0, 0xff,
    0x80, 0x0, 0x0, 0x0, 0x7f, 0xff, 0xfe, 0x0,
    0x0, 0x0, 0x2, 0xff, 0x0, 0x0, 0x0, 0x0,
    0x6, 0xff, 0xe0, 0x0, 0x0, 0x0, 0x7, 0xfe,
    0x0, 0x0, 0x0, 0x0, 0x0, 0x0, 0x0, 0x0,

    /* U+0026 "&" */
    0x0, 0x0, 0x1, 0xbf, 0xf9, 0x0, 0x0, 0x0,
    0x0, 0x0, 0x0, 0x0, 0xbf, 0xff, 0xff, 0x80,
    0x0, 0x0, 0x0, 0x0, 0x0, 0x1f, 0xff, 0xff,
    0xff, 0xc0, 0x0, 0x0, 0x0, 0x0, 0x1, 0xff,
    0xff, 0xff, 0xff, 0xc0, 0x0, 0x0, 0x0, 0x0,
    0xf, 0xff, 0xff, 0xff, 0xff, 0xc0, 0x0, 0x0,
    0x0, 0x0, 0xbf, 0xff, 0x55, 0xff, 0xff, 0x40,
    0x0, 0x0, 0x0, 0x3, 0xff, 0xf0, 0x0, 0xbf,
    0xfe, 0x0, 0x0, 0x0, 0x0, 0x1f, 0xff, 0x40,
    0x0, 0xff, 0xfc, 0x0, 0x0, 0x0, 0x0, 0x7f,
    0xfc, 0x0, 0x2, 0xff, 0xf0, 0x0, 0x0, 0x0,
    0x1, 0xff, 0xf0, 0x0, 0xb, 0xff, 0xc0, 0x0,
    0x0, 0x0, 0x7, 0xff, 0xd0, 0x0, 0x2f, 0xff,
    0x0, 0x0, 0x0, 0x0, 0xf, 0xff, 0xc0, 0x0,
    0xff, 0xf8, 0x0, 0x0, 0x0, 0x0, 0x3f, 0xff,
    0x40, 0xf, 0xff, 0xd0, 0x0, 0x0, 0x0, 0x0,
    0x7f, 0xff, 0x0, 0xbf, 0xff, 0x0, 0x0, 0x0,
    0x0, 0x0, 0xff, 0xff, 0xf, 0xff, 0xf0, 0x0,
    0x0, 0x0, 0x0, 0x0, 0xff, 0xff, 0xff, 0xff,
    0x40, 0x0, 0x0, 0x0, 0x0, 0x1, 0xff, 0xff,
    0xff, 0xf4, 0x0, 0x0, 0x0, 0x0, 0x0, 0x1,
    0xff, 0xff, 0xff, 0x0, 0x0, 0x0, 0x0, 0x0,
    0x0, 0x3, 0xff, 0xff, 0xd0, 0x0, 0x2f, 0xff,
    0x0, 0x0, 0x0, 0xbf, 0xff, 0xfd, 0x0, 0x0,
    0xbf, 0xfc, 0x0, 0x0, 0x1f, 0xff, 0xff, 0xfd,
    0x0, 0x2, 0xff, 0xf0, 0x0, 0x2, 0xff, 0xff,
    0xff, 0xfd, 0x0, 0xb, 0xff, 0xc0, 0x0, 0x3f,
    0xff, 0xf7, 0xff, 0xfc, 0x0, 0x3f, 0xfe, 0x0,
    0x2, 0xff, 0xfe, 0x3, 0xff, 0xfc, 0x0, 0xff,
    0xf8, 0x0, 0x1f, 0xff, 0xd0, 0x3, 0xff, 0xfc,
    0x3, 0xff, 0xd0, 0x0, 0xff, 0xfe, 0x0, 0x7,
    0xff, 0xfc, 0x1f, 0xff, 0x0, 0x7, 0xff, 0xf0,
    0x0, 0x7, 0xff, 0xfc, 0xff, 0xfc, 0x0, 0x2f,
    0xff, 0x0, 0x0, 0x7, 0xff, 0xff, 0xff, 0xe0,
    0x0, 0xff, 0xfc, 0x0, 0x0, 0x7, 0xff, 0xff,
    0xff, 0x40, 0x3, 0xff, 0xe0, 0x0, 0x0, 0x7,
    0xff, 0xff, 0xfc, 0x0, 0xf, 0xff, 0x80, 0x0,
    0x0, 0xb, 0xff, 0xff, 0xe0, 0x0, 0x3f, 0xfe,
    0x0, 0x0, 0x0, 0xb, 0xff, 0xff, 0x0, 0x0,
    0xff, 0xfc, 0x0, 0x0, 0x0, 0xb, 0xff, 0xfc,
    0x0, 0x2, 0xff, 0xf4, 0x0, 0x0, 0x0, 0x2f,
    0xff, 0xf4, 0x0, 0x7, 0xff, 0xf0, 0x0, 0x0,
    0x2, 0xff, 0xff, 0xf0, 0x0, 0xf, 0xff, 0xf4,
    0x0, 0x0, 0x7f, 0xff, 0xff, 0xf0, 0x0, 0x1f,
    0xff, 0xfe, 0x55, 0x6f, 0xff, 0xff, 0xff, 0xf0,
    0x0, 0x2f, 0xff, 0xff, 0xff, 0xff, 0xff, 0xff,
    0xff, 0xf0, 0x0, 0x2f, 0xff, 0xff, 0xff, 0xff,
    0xff, 0x1f, 0xff, 0xe0, 0x0, 0x1f, 0xff, 0xff,
    0xff, 0xff, 0xe0, 0x1f, 0xff, 0xe0, 0x0, 0x7,
    0xff, 0xff, 0xff, 0xf8, 0x0, 0x2f, 0xff, 0xe0,
    0x0, 0x0, 0x6f, 0xff, 0xe4, 0x0, 0x0, 0x2f,
    0xff, 0xd0,

    /* U+0027 "'" */
    0x2, 0xfe, 0x0, 0x3f, 0xff, 0x42, 0xff, 0xff,
    0xf, 0xff, 0xfe, 0x3f, 0xff, 0xfc, 0xbf, 0xff,
    0xf0, 0xff, 0xff, 0xc0, 0xbf, 0xff, 0x0, 0x7,
    0xfc, 0x0, 0x2f, 0xe0, 0x0, 0xff, 0x40, 0xb,
    0xfc, 0x0, 0x7f, 0xe0, 0x3, 0xff, 0x0, 0x7f,
    0xf4, 0xb, 0xff, 0x80, 0x2f, 0xf8, 0x0, 0x3f,
    0x40, 0x0, 0x60, 0x0, 0x0,

    /* U+0028 "(" */
    0x0, 0x0, 0x7f, 0xf0, 0x0, 0x3, 0xff, 0x40,
    0x0, 0x2f, 0xfc, 0x0, 0x1, 0xff, 0xd0, 0x0,
    0xf, 0xff, 0x0, 0x0, 0xbf, 0xf4, 0x0, 0x3,
    0xff, 0xc0, 0x0, 0x2f, 0xfe, 0x0, 0x0, 0xff,
    0xf0, 0x0, 0x7, 0xff, 0x80, 0x0, 0x3f, 0xfd,
    0x0, 0x1, 0xff, 0xf0, 0x0, 0xb, 0xff, 0x80,
    0x0, 0x3f, 0xfd, 0x0, 0x1, 0xff, 0xf0, 0x0,
    0xb, 0xff, 0xc0, 0x0, 0x3f, 0xfe, 0x0, 0x0,
    0xff, 0xf4, 0x0, 0x3, 0xff, 0xc0, 0x0, 0x1f,
    0xff, 0x0, 0x0, 0xbf, 0xfc, 0x0, 0x2, 0xff,
    0xf0, 0x0, 0xf, 0xff, 0x80, 0x0, 0x3f, 0xfe,
    0x0, 0x0, 0xff, 0xf8, 0x0, 0x3, 0xff, 0xe0,
    0x0, 0xf, 0xff, 0x80, 0x0, 0x3f, 0xfe, 0x0,
    0x0, 0xff, 0xf8, 0x0, 0x3, 0xff, 0xe0, 0x0,
    0xf, 0xff, 0x80, 0x0, 0x2f, 0xff, 0x0, 0x0,
    0xbf, 0xfc, 0x0, 0x1, 0xff, 0xf0, 0x0, 0x7,
    0xff, 0xc0, 0x0, 0xf, 0xff, 0x40, 0x0, 0x3f,
    0xfe, 0x0, 0x0, 0xbf, 0xfc, 0x0, 0x1, 0xff,
    0xf0, 0x0, 0x3, 0xff, 0xd0, 0x0, 0xb, 0xff,
    0x80, 0x0, 0x1f, 0xff, 0x0, 0x0, 0x3f, 0xfd,
    0x0, 0x0, 0x7f, 0xfc, 0x0, 0x0, 0xff, 0xf0,
    0x0, 0x2, 0xff, 0xe0, 0x0, 0x3, 0xff, 0xc0,
    0x0, 0xb, 0xff, 0x40, 0x0, 0xf, 0xff, 0x0,
    0x0, 0x1f, 0xfd, 0x0, 0x0, 0x2f, 0xfc, 0x0,
    0x0, 0x3f, 0xf8, 0x0, 0x0, 0x7f, 0xf0,

    /* U+0029 ")" */
    0xbf, 0xf0, 0x0, 0x0, 0xff, 0xe0, 0x0, 0x1,
    0xff, 0xc0, 0x0, 0x3, 0xff, 0xc0, 0x0, 0x7,
    0xff, 0x40, 0x0, 0xf, 0xff, 0x0, 0x0, 0x1f,
    0xfe, 0x0, 0x0, 0x3f, 0xfc, 0x0, 0x0, 0xbf,
    0xf8, 0x0, 0x1, 0xff, 0xf0, 0x0, 0x3, 0xff,
    0xd0, 0x0, 0xb, 0xff, 0xc0, 0x0, 0xf, 0xff,
    0x0, 0x0, 0x3f, 0xfd, 0x0, 0x0, 0xbf, 0xf8,
    0x0, 0x1, 0xff, 0xf0, 0x0, 0x3, 0xff, 0xd0,
    0x0, 0xf, 0xff, 0x40, 0x0, 0x2f, 0xfe, 0x0,
    0x0, 0xbf, 0xfc, 0x0, 0x1, 0xff, 0xf0, 0x0,
    0x7, 0xff, 0xc0, 0x0, 0xf, 0xff, 0x40, 0x0,
    0x3f, 0xfd, 0x0, 0x0, 0xff, 0xf4, 0x0, 0x3,
    0xff, 0xd0, 0x0, 0xf, 0xff, 0x40, 0x0, 0x3f,
    0xfd, 0x0, 0x0, 0xff, 0xf4, 0x0, 0x3, 0xff,
    0xd0, 0x0, 0xf, 0xff, 0x40, 0x0, 0x7f, 0xfc,
    0x0, 0x1, 0xff, 0xf0, 0x0, 0xb, 0xff, 0xc0,
    0x0, 0x3f, 0xfe, 0x0, 0x0, 0xff, 0xf8, 0x0,
    0x3, 0xff, 0xd0, 0x0, 0x1f, 0xff, 0x0, 0x0,
    0xbf, 0xfc, 0x0, 0x3, 0xff, 0xd0, 0x0, 0x1f,
    0xff, 0x0, 0x0, 0xbf, 0xfc, 0x0, 0x3, 0xff,
    0xd0, 0x0, 0x1f, 0xff, 0x0, 0x0, 0xbf, 0xf8,
    0x0, 0x3, 0xff, 0xc0, 0x0, 0x2f, 0xfe, 0x0,
    0x0, 0xff, 0xf0, 0x0, 0x7, 0xff, 0x40, 0x0,
    0x3f, 0xfc, 0x0, 0x1, 0xff, 0xc0, 0x0, 0xf,
    0xfd, 0x0, 0x0, 0xbf, 0xf0, 0x0, 0x0,

    /* U+002A "*" */
    0x0, 0x0, 0x3, 0xff, 0x0, 0x0, 0x0, 0x0,
    0x0, 0xf, 0xfc, 0x0, 0x0, 0x0, 0x0, 0x0,
    0x3f, 0xf0, 0x0, 0x0, 0x0, 0x0, 0x0, 0xff,
    0xc0, 0x0, 0x0, 0x0, 0x0, 0x3, 0xff, 0x0,
    0x0, 0x0, 0x0, 0x0, 0xf, 0xfc, 0x0, 0x0,
    0x0, 0x40, 0x0, 0x3f, 0xf0, 0x0, 0x4, 0x7,
    0xe0, 0x0, 0xff, 0xc0, 0x2, 0xf4, 0x2f, 0xf9,
    0x3, 0xff, 0x1, 0xbf, 0xe0, 0xff, 0xff, 0x4f,
    0xfc, 0x7f, 0xff, 0xc7, 0xff, 0xff, 0xff, 0xff,
    0xff, 0xff, 0x5f, 0xff, 0xff, 0xff, 0xff, 0xff,
    0xfd, 0x1, 0xbf, 0xff, 0xff, 0xff, 0xf9, 0x0,
    0x0, 0x7, 0xff, 0xff, 0xf4, 0x0, 0x0, 0x0,
    0x1, 0xff, 0xfd, 0x0, 0x0, 0x0, 0x0, 0xf,
    0xff, 0xfc, 0x0, 0x0, 0x0, 0x0, 0xff, 0xff,
    0xfc, 0x0, 0x0, 0x0, 0xf, 0xff, 0x3f, 0xfc,
    0x0, 0x0, 0x0, 0xbf, 0xf0, 0x3f, 0xf8, 0x0,
    0x0, 0xb, 0xff, 0x40, 0x7f, 0xf8, 0x0, 0x0,
    0xbf, 0xfc, 0x0, 0xff, 0xf8, 0x0, 0x7, 0xff,
    0xc0, 0x0, 0xff, 0xf4, 0x0, 0xb, 0xfd, 0x0,
    0x1, 0xff, 0x80, 0x0, 0x7, 0xe0, 0x0, 0x2,
    0xf4, 0x0, 0x0, 0x3, 0x0, 0x0, 0x3, 0x0,
    0x0, 0x0, 0x0, 0x0, 0x0, 0x0, 0x0, 0x0,

    /* U+002B "+" */
    0x0, 0x0, 0x0, 0xff, 0xc0, 0x0, 0x0, 0x0,
    0x0, 0x0, 0xff, 0xc0, 0x0, 0x0, 0x0, 0x0,
    0x0, 0xff, 0xc0, 0x0, 0x0, 0x0, 0x0, 0x0,
    0xff, 0xc0, 0x0, 0x0, 0x0, 0x0, 0x0, 0xff,
    0xc0, 0x0, 0x0, 0x0, 0x0, 0x0, 0xff, 0xc0,
    0x0, 0x0, 0x0, 0x0, 0x0, 0xff, 0xc0, 0x0,
    0x0, 0x0, 0x0, 0x0, 0xff, 0xc0, 0x0, 0x0,
    0x0, 0x0, 0x0, 0xff, 0xc0, 0x0, 0x0, 0x0,
    0x0, 0x0, 0xff, 0xc0, 0x0, 0x0, 0x0, 0x0,
    0x0, 0xff, 0xc0, 0x0, 0x0, 0x0, 0x0, 0x0,
    0xff, 0xc0, 0x0, 0x0, 0xff, 0xff, 0xff, 0xff,
    0xff, 0xff, 0xff, 0xff, 0xff, 0xff, 0xff, 0xff,
    0xff, 0xff, 0xff, 0xff, 0xff, 0xff, 0xff, 0xff,
    0xff, 0xff, 0xff, 0xff, 0xff, 0xff, 0xff, 0xff,
    0xff, 0xff, 0xff, 0xff, 0xff, 0xff, 0xff, 0x55,
    0x55, 0x55, 0xff, 0xd5, 0x55, 0x55, 0x0, 0x0,
    0x0, 0xff, 0xc0, 0x0, 0x0, 0x0, 0x0, 0x0,
    0xff, 0xc0, 0x0, 0x0, 0x0, 0x0, 0x0, 0xff,
    0xc0, 0x0, 0x0, 0x0, 0x0, 0x0, 0xff, 0xc0,
    0x0, 0x0, 0x0, 0x0, 0x0, 0xff, 0xc0, 0x0,
    0x0, 0x0, 0x0, 0x0, 0xff, 0xc0, 0x0, 0x0,
    0x0, 0x0, 0x0, 0xff, 0xc0, 0x0, 0x0, 0x0,
    0x0, 0x0, 0xff, 0xc0, 0x0, 0x0, 0x0, 0x0,
    0x0, 0xff, 0xc0, 0x0, 0x0, 0x0, 0x0, 0x0,
    0xff, 0xc0, 0x0, 0x0, 0x0, 0x0, 0x0, 0xff,
    0xc0, 0x0, 0x0,

    /* U+002C "," */
    0x2, 0xfe, 0x0, 0x3f, 0xff, 0x42, 0xff, 0xff,
    0xf, 0xff, 0xfe, 0x3f, 0xff, 0xfc, 0xbf, 0xff,
    0xf0, 0xff, 0xff, 0xc0, 0xbf, 0xff, 0x0, 0x7,
    0xfc, 0x0, 0x2f, 0xe0, 0x0, 0xff, 0x40, 0xb,
    0xfc, 0x0, 0x7f, 0xe0, 0x3, 0xff, 0x0, 0x7f,
    0xf4, 0xb, 0xff, 0x80, 0x2f, 0xf8, 0x0, 0x3f,
    0x40, 0x0, 0x60, 0x0, 0x0,

    /* U+002D "-" */
    0x55, 0x55, 0x55, 0x55, 0x55, 0x55, 0x55, 0xff,
    0xff, 0xff, 0xff, 0xff, 0xff, 0xff, 0xff, 0xff,
    0xff, 0xff, 0xff, 0xff, 0xff, 0xff, 0xff, 0xff,
    0xff, 0xff, 0xff, 0xff, 0xff, 0xff, 0xff, 0xff,
    0xff, 0xff, 0xff, 0xff, 0xff, 0xff, 0xff, 0xff,
    0xff, 0xff,

    /* U+002E "." */
    0xb, 0xf8, 0xf, 0xff, 0xcb, 0xff, 0xfb, 0xff,
    0xff, 0xff, 0xff, 0xff, 0xff, 0xfb, 0xff, 0xf8,
    0xff, 0xfc, 0xb, 0xf8, 0x0,

    /* U+002F "/" */
    0x0, 0x0, 0x0, 0x0, 0x0, 0xff, 0xd0, 0x0,
    0x0, 0x0, 0x0, 0x2f, 0xfc, 0x0, 0x0, 0x0,
    0x0, 0x3, 0xff, 0x80, 0x0, 0x0, 0x0, 0x0,
    0x7f, 0xf0, 0x0, 0x0, 0x0, 0x0, 0xb, 0xff,
    0x0, 0x0, 0x0, 0x0, 0x0, 0xff, 0xd0, 0x0,
    0x0, 0x0, 0x0, 0x1f, 0xfc, 0x0, 0x0, 0x0,
    0x0, 0x3, 0xff, 0x80, 0x0, 0x0, 0x0, 0x0,
    0x3f, 0xf4, 0x0, 0x0, 0x0, 0x0, 0xb, 0xff,
    0x0, 0x0, 0x0, 0x0, 0x0, 0xff, 0xe0, 0x0,
    0x0, 0x0, 0x0, 0x1f, 0xfc, 0x0, 0x0, 0x0,
    0x0, 0x2, 0xff, 0xc0, 0x0, 0x0, 0x0, 0x0,
    0x3f, 0xf4, 0x0, 0x0, 0x0, 0x0, 0x7, 0xff,
    0x0, 0x0, 0x0, 0x0, 0x0, 0xff, 0xe0, 0x0,
    0x0, 0x0, 0x0, 0xf, 0xfd, 0x0, 0x0, 0x0,
    0x0, 0x2, 0xff, 0xc0, 0x0, 0x0, 0x0, 0x0,
    0x3f, 0xf8, 0x0, 0x0, 0x0, 0x0, 0x7, 0xff,
    0x0, 0x0, 0x0, 0x0, 0x0, 0xbf, 0xf0, 0x0,
    0x0, 0x0, 0x0, 0xf, 0xfd, 0x0, 0x0, 0x0,
    0x0, 0x1, 0xff, 0xc0, 0x0, 0x0, 0x0, 0x0,
    0x3f, 0xf8, 0x0, 0x0, 0x0, 0x0, 0x3, 0xff,
    0x40, 0x0, 0x0, 0x0, 0x0, 0xbf, 0xf0, 0x0,
    0x0, 0x0, 0x0, 0xf, 0xfe, 0x0, 0x0, 0x0,
    0x0, 0x1, 0xff, 0xc0, 0x0, 0x0, 0x0, 0x0,
    0x2f, 0xfc, 0x0, 0x0, 0x0, 0x0, 0x3, 0xff,
    0x40, 0x0, 0x0, 0x0, 0x0, 0x7f, 0xf0, 0x0,
    0x0, 0x0, 0x0, 0xf, 0xfe, 0x0, 0x0, 0x0,
    0x0, 0x0, 0xff, 0xd0, 0x0, 0x0, 0x0, 0x0,
    0x2f, 0xfc, 0x0, 0x0, 0x0, 0x0, 0x3, 0xff,
    0x80, 0x0, 0x0, 0x0, 0x0, 0x7f, 0xf0, 0x0,
    0x0, 0x0, 0x0, 0xb, 0xff, 0x0, 0x0, 0x0,
    0x0, 0x0, 0xff, 0xd0, 0x0, 0x0, 0x0, 0x0,
    0x1f, 0xfc, 0x0, 0x0, 0x0, 0x0, 0x3, 0xff,
    0x80, 0x0, 0x0, 0x0, 0x0, 0x3f, 0xf4, 0x0,
    0x0, 0x0, 0x0, 0xb, 0xff, 0x0, 0x0, 0x0,
    0x0, 0x0, 0xff, 0xe0, 0x0, 0x0, 0x0, 0x0,
    0x1f, 0xfc, 0x0, 0x0, 0x0, 0x0, 0x2, 0xff,
    0xc0, 0x0, 0x0, 0x0, 0x0, 0x3f, 0xf4, 0x0,
    0x0, 0x0, 0x0, 0x7, 0xff, 0x0, 0x0, 0x0,
    0x0, 0x0, 0xff, 0xe0, 0x0, 0x0, 0x0, 0x0,
    0xf, 0xfd, 0x0, 0x0, 0x0, 0x0, 0x2, 0xff,
    0xc0, 0x0, 0x0, 0x0, 0x0, 0x3f, 0xf8, 0x0,
    0x0, 0x0, 0x0, 0x7, 0xff, 0x0, 0x0, 0x0,
    0x0, 0x0,

    /* U+0030 "0" */
    0x0, 0x0, 0x6, 0xff, 0xe4, 0x0, 0x0, 0x0,
    0x0, 0x2f, 0xff, 0xff, 0xe0, 0x0, 0x0, 0x0,
    0x7f, 0xff, 0xff, 0xff, 0x40, 0x0, 0x0, 0x7f,
    0xff, 0xff, 0xff, 0xf4, 0x0, 0x0, 0x7f, 0xff,
    0xff, 0xff, 0xff, 0x40, 0x0, 0x3f, 0xff, 0xe5,
    0x6f, 0xff, 0xf0, 0x0, 0x2f, 0xff, 0x80, 0x0,
    0xbf, 0xfe, 0x0, 0x1f, 0xff, 0x80, 0x0, 0xb,
    0xff, 0xc0, 0xf, 0xff, 0xc0, 0x0, 0x0, 0xff,
    0xfc, 0x3, 0xff, 0xd0, 0x0, 0x0, 0x1f, 0xff,
    0x2, 0xff, 0xf0, 0x0, 0x0, 0x3, 0xff, 0xe0,
    0xff, 0xf8, 0x0, 0x0, 0x0, 0xbf, 0xfc, 0x3f,
    0xfd, 0x0, 0x0, 0x0, 0x1f, 0xff, 0x1f, 0xff,
    0x0, 0x0, 0x0, 0x3, 0xff, 0xd7, 0xff, 0xc0,
    0x0, 0x0, 0x0, 0xff, 0xf6, 0xff, 0xf0, 0x0,
    0x0, 0x0, 0x3f, 0xfe, 0xff, 0xf8, 0x0, 0x0,
    0x0, 0xb, 0xff, 0xff, 0xfe, 0x0, 0x0, 0x0,
    0x2, 0xff, 0xff, 0xff, 0x80, 0x0, 0x0, 0x0,
    0xbf, 0xff, 0xff, 0xe0, 0x0, 0x0, 0x0, 0x2f,
    0xff, 0xff, 0xf8, 0x0, 0x0, 0x0, 0xb, 0xff,
    0xff, 0xfe, 0x0, 0x0, 0x0, 0x2, 0xff, 0xff,
    0xff, 0x80, 0x0, 0x0, 0x0, 0xbf, 0xff, 0xff,
    0xe0, 0x0, 0x0, 0x0, 0x2f, 0xff, 0xff, 0xf8,
    0x0, 0x0, 0x0, 0xb, 0xff, 0xef, 0xff, 0x0,
    0x0, 0x0, 0x3, 0xff, 0xeb, 0xff, 0xc0, 0x0,
    0x0, 0x0, 0xff, 0xf9, 0xff, 0xf0, 0x0, 0x0,
    0x0, 0x3f, 0xfd, 0x3f, 0xfc, 0x0, 0x0, 0x0,
    0xf, 0xff, 0xf, 0xff, 0x80, 0x0, 0x0, 0xb,
    0xff, 0xc2, 0xff, 0xf0, 0x0, 0x0, 0x3, 0xff,
    0xe0, 0x7f, 0xfc, 0x0, 0x0, 0x0, 0xff, 0xf4,
    0xf, 0xff, 0x80, 0x0, 0x0, 0xbf, 0xfc, 0x1,
    0xff, 0xf4, 0x0, 0x0, 0x7f, 0xfd, 0x0, 0x3f,
    0xff, 0x40, 0x0, 0x7f, 0xff, 0x0, 0x7, 0xff,
    0xf9, 0x1, 0xbf, 0xff, 0x40, 0x0, 0xbf, 0xff,
    0xff, 0xff, 0xff, 0x80, 0x0, 0xb, 0xff, 0xff,
    0xff, 0xff, 0x80, 0x0, 0x0, 0xbf, 0xff, 0xff,
    0xff, 0x80, 0x0, 0x0, 0x7, 0xff, 0xff, 0xff,
    0x40, 0x0, 0x0, 0x0, 0x1b, 0xff, 0xf9, 0x0,
    0x0, 0x0, 0x0, 0x0, 0x0, 0x0, 0x0, 0x0,
    0x0,

    /* U+0031 "1" */
    0x0, 0x0, 0xf, 0xfe, 0x0, 0x0, 0x3f, 0xfe,
    0x0, 0x1, 0xff, 0xfe, 0x0, 0xb, 0xff, 0xfe,
    0x0, 0x7f, 0xff, 0xfe, 0xb, 0xff, 0xff, 0xfe,
    0xff, 0xff, 0xff, 0xfe, 0xff, 0xff, 0xff, 0xfe,
    0xff, 0xff, 0x7f, 0xfe, 0xff, 0xfc, 0x3f, 0xfe,
    0xff, 0xd0, 0x3f, 0xfe, 0xfd, 0x0, 0x3f, 0xfe,
    0x90, 0x0, 0x3f, 0xfe, 0x0, 0x0, 0x3f, 0xfe,
    0x0, 0x0, 0x3f, 0xfe, 0x0, 0x0, 0x3f, 0xfe,
    0x0, 0x0, 0x3f, 0xfe, 0x0, 0x0, 0x3f, 0xfe,
    0x0, 0x0, 0x3f, 0xfe, 0x0, 0x0, 0x3f, 0xfe,
    0x0, 0x0, 0x3f, 0xfe, 0x0, 0x0, 0x3f, 0xfe,
    0x0, 0x0, 0x3f, 0xfe, 0x0, 0x0, 0x3f, 0xfe,
    0x0, 0x0, 0x3f, 0xfe, 0x0, 0x0, 0x3f, 0xfe,
    0x0, 0x0, 0x3f, 0xfe, 0x0, 0x0, 0x3f, 0xfe,
    0x0, 0x0, 0x3f, 0xfe, 0x0, 0x0, 0x3f, 0xfe,
    0x0, 0x0, 0x3f, 0xfe, 0x0, 0x0, 0x3f, 0xfe,
    0x0, 0x0, 0x3f, 0xfe, 0x0, 0x0, 0x3f, 0xfe,
    0x0, 0x0, 0x3f, 0xfe, 0x0, 0x0, 0x3f, 0xfe,
    0x0, 0x0, 0x3f, 0xfe, 0x0, 0x0, 0x3f, 0xfe,
    0x0, 0x0, 0x3f, 0xfe, 0x0, 0x0, 0x3f, 0xfe,

    /* U+0032 "2" */
    0x0, 0x0, 0x6, 0xff, 0xf9, 0x0, 0x0, 0x0,
    0x0, 0xbf, 0xff, 0xff, 0xd0, 0x0, 0x0, 0xb,
    0xff, 0xff, 0xff, 0xfc, 0x0, 0x0, 0x3f, 0xff,
    0xff, 0xff, 0xff, 0x40, 0x0, 0xff, 0xff, 0xff,
    0xff, 0xff, 0xd0, 0x2, 0xff, 0xff, 0x55, 0x6f,
    0xff, 0xf0, 0x7, 0xff, 0xf4, 0x0, 0x2, 0xff,
    0xf8, 0xf, 0xff, 0xc0, 0x0, 0x0, 0xbf, 0xfc,
    0x1f, 0xff, 0x40, 0x0, 0x0, 0x3f, 0xfd, 0x2f,
    0xff, 0x0, 0x0, 0x0, 0x3f, 0xfe, 0x3f, 0xfe,
    0x0, 0x0, 0x0, 0x2f, 0xff, 0x3f, 0xfd, 0x0,
    0x0, 0x0, 0x2f, 0xff, 0x7f, 0xfc, 0x0, 0x0,
    0x0, 0x2f, 0xff, 0x7f, 0xfc, 0x0, 0x0, 0x0,
    0x2f, 0xff, 0x7f, 0xfc, 0x0, 0x0, 0x0, 0x3f,
    0xfe, 0x0, 0x0, 0x0, 0x0, 0x0, 0xbf, 0xfd,
    0x0, 0x0, 0x0, 0x0, 0x0, 0xff, 0xfc, 0x0,
    0x0, 0x0, 0x0, 0x3, 0xff, 0xf8, 0x0, 0x0,
    0x0, 0x0, 0xb, 0xff, 0xf0, 0x0, 0x0, 0x0,
    0x0, 0x3f, 0xff, 0xe0, 0x0, 0x0, 0x0, 0x0,
    0xff, 0xff, 0xc0, 0x0, 0x0, 0x0, 0x7, 0xff,
    0xff, 0x0, 0x0, 0x0, 0x0, 0x3f, 0xff, 0xfc,
    0x0, 0x0, 0x0, 0x1, 0xff, 0xff, 0xf0, 0x0,
    0x0, 0x0, 0xb, 0xff, 0xff, 0x80, 0x0, 0x0,
    0x0, 0x3f, 0xff, 0xfd, 0x0, 0x0, 0x0, 0x1,
    0xff, 0xff, 0xf0, 0x0, 0x0, 0x0, 0xb, 0xff,
    0xff, 0x40, 0x0, 0x0, 0x0, 0x3f, 0xff, 0xfc,
    0x0, 0x0, 0x0, 0x0, 0xff, 0xff, 0xe0, 0x0,
    0x0, 0x0, 0x2, 0xff, 0xff, 0x40, 0x0, 0x0,
    0x0, 0x7, 0xff, 0xfc, 0x0, 0x0, 0x0, 0x0,
    0xf, 0xff, 0xf0, 0x0, 0x0, 0x0, 0x0, 0x1f,
    0xff, 0xd0, 0x0, 0x0, 0x0, 0x0, 0x3f, 0xff,
    0x80, 0x0, 0x0, 0x0, 0x0, 0x7f, 0xff, 0xff,
    0xff, 0xff, 0xff, 0xff, 0xbf, 0xff, 0xff, 0xff,
    0xff, 0xff, 0xff, 0xff, 0xff, 0xff, 0xff, 0xff,
    0xff, 0xff, 0xff, 0xff, 0xff, 0xff, 0xff, 0xff,
    0xff, 0xff, 0xff, 0xff, 0xff, 0xff, 0xff, 0xff,
    0x15, 0x55, 0x55, 0x55, 0x55, 0x55, 0x55,

    /* U+0033 "3" */
    0x0, 0x0, 0x6, 0xff, 0xfa, 0x40, 0x0, 0x0,
    0x0, 0xb, 0xff, 0xff, 0xff, 0x80, 0x0, 0x0,
    0xb, 0xff, 0xff, 0xff, 0xff, 0x40, 0x0, 0x2,
    0xff, 0xff, 0xff, 0xff, 0xfe, 0x0, 0x0, 0xff,
    0xff, 0xff, 0xff, 0xff, 0xf4, 0x0, 0x2f, 0xff,
    0xf9, 0x55, 0xbf, 0xff, 0xc0, 0x3, 0xff, 0xf4,
    0x0, 0x0, 0xff, 0xfe, 0x0, 0xbf, 0xfd, 0x0,
    0x0, 0x3, 0xff, 0xf0, 0xf, 0xff, 0x80, 0x0,
    0x0, 0x1f, 0xff, 0x41, 0xff, 0xf0, 0x0, 0x0,
    0x0, 0xff, 0xf4, 0x2f, 0xff, 0x0, 0x0, 0x0,
    0xf, 0xff, 0x43, 0xff, 0xe0, 0x0, 0x0, 0x0,
    0xff, 0xf4, 0x5, 0x54, 0x0, 0x0, 0x0, 0xf,
    0xff, 0x40, 0x0, 0x0, 0x0, 0x0, 0x1, 0xff,
    0xf0, 0x0, 0x0, 0x0, 0x0, 0x0, 0x3f, 0xff,
    0x0, 0x0, 0x0, 0x0, 0x0, 0xb, 0xff, 0xd0,
    0x0, 0x0, 0x0, 0x0, 0x1b, 0xff, 0xf8, 0x0,
    0x0, 0x0, 0xf, 0xff, 0xff, 0xfe, 0x0, 0x0,
    0x0, 0x0, 0xff, 0xff, 0xfe, 0x0, 0x0, 0x0,
    0x0, 0xf, 0xff, 0xff, 0x80, 0x0, 0x0, 0x0,
    0x0, 0xff, 0xff, 0xff, 0x80, 0x0, 0x0, 0x0,
    0xf, 0xff, 0xff, 0xff, 0x40, 0x0, 0x0, 0x0,
    0x15, 0x5b, 0xff, 0xfd, 0x0, 0x0, 0x0, 0x0,
    0x0, 0xb, 0xff, 0xf0, 0x0, 0x0, 0x0, 0x0,
    0x0, 0x2f, 0xff, 0x80, 0x0, 0x0, 0x0, 0x0,
    0x0, 0xff, 0xfc, 0x0, 0x0, 0x0, 0x0, 0x0,
    0x7, 0xff, 0xd0, 0x0, 0x0, 0x0, 0x0, 0x0,
    0x3f, 0xfd, 0xbf, 0xfc, 0x0, 0x0, 0x0, 0x3,
    0xff, 0xd7, 0xff, 0xc0, 0x0, 0x0, 0x0, 0x3f,
    0xfd, 0x7f, 0xfd, 0x0, 0x0, 0x0, 0x3, 0xff,
    0xd3, 0xff, 0xe0, 0x0, 0x0, 0x0, 0x7f, 0xfc,
    0x2f, 0xff, 0x0, 0x0, 0x0, 0xf, 0xff, 0xc1,
    0xff, 0xfc, 0x0, 0x0, 0x2, 0xff, 0xf8, 0xf,
    0xff, 0xf0, 0x0, 0x0, 0xff, 0xff, 0x0, 0x7f,
    0xff, 0xe4, 0x1, 0xbf, 0xff, 0xd0, 0x2, 0xff,
    0xff, 0xff, 0xff, 0xff, 0xf8, 0x0, 0xb, 0xff,
    0xff, 0xff, 0xff, 0xfe, 0x0, 0x0, 0x1f, 0xff,
    0xff, 0xff, 0xff, 0x40, 0x0, 0x0, 0x2f, 0xff,
    0xff, 0xff, 0x80, 0x0, 0x0, 0x0, 0x1b, 0xff,
    0xfe, 0x40, 0x0, 0x0, 0x0, 0x0, 0x0, 0x0,
    0x0, 0x0, 0x0,

    /* U+0034 "4" */
    0x0, 0x0, 0x0, 0x0, 0x0, 0xff, 0xf8, 0x0,
    0x0, 0x0, 0x0, 0x0, 0x3, 0xff, 0xf8, 0x0,
    0x0, 0x0, 0x0, 0x0, 0xb, 0xff, 0xf8, 0x0,
    0x0, 0x0, 0x0, 0x0, 0x2f, 0xff, 0xf8, 0x0,
    0x0, 0x0, 0x0, 0x0, 0x7f, 0xff, 0xf8, 0x0,
    0x0, 0x0, 0x0, 0x0, 0xff, 0xff, 0xf8, 0x0,
    0x0, 0x0, 0x0, 0x3, 0xff, 0xff, 0xf8, 0x0,
    0x0, 0x0, 0x0, 0xb, 0xff, 0xff, 0xf8, 0x0,
    0x0, 0x0, 0x0, 0x1f, 0xfe, 0xff, 0xf8, 0x0,
    0x0, 0x0, 0x0, 0x7f, 0xfc, 0xff, 0xf8, 0x0,
    0x0, 0x0, 0x0, 0xff, 0xf0, 0xff, 0xf8, 0x0,
    0x0, 0x0, 0x3, 0xff, 0xd0, 0xff, 0xf8, 0x0,
    0x0, 0x0, 0xb, 0xff, 0x40, 0xff, 0xf8, 0x0,
    0x0, 0x0, 0x1f, 0xfe, 0x0, 0xff, 0xf8, 0x0,
    0x0, 0x0, 0x3f, 0xfc, 0x0, 0xff, 0xf8, 0x0,
    0x0, 0x0, 0xff, 0xf0, 0x0, 0xff, 0xf8, 0x0,
    0x0, 0x3, 0xff, 0xd0, 0x0, 0xff, 0xf8, 0x0,
    0x0, 0xb, 0xff, 0x80, 0x0, 0xff, 0xf8, 0x0,
    0x0, 0x1f, 0xfe, 0x0, 0x0, 0xff, 0xf8, 0x0,
    0x0, 0x3f, 0xfc, 0x0, 0x0, 0xff, 0xf8, 0x0,
    0x0, 0xff, 0xf0, 0x0, 0x0, 0xff, 0xf8, 0x0,
    0x2, 0xff, 0xd0, 0x0, 0x0, 0xff, 0xf8, 0x0,
    0xb, 0xff, 0x80, 0x0, 0x0, 0xff, 0xf8, 0x0,
    0x1f, 0xff, 0x0, 0x0, 0x0, 0xff, 0xf8, 0x0,
    0x3f, 0xfc, 0x0, 0x0, 0x0, 0xff, 0xf8, 0x0,
    0xbf, 0xf4, 0x0, 0x0, 0x0, 0xff, 0xf8, 0x0,
    0xbf, 0xff, 0xff, 0xff, 0xff, 0xff, 0xff, 0xff,
    0xbf, 0xff, 0xff, 0xff, 0xff, 0xff, 0xff, 0xff,
    0xbf, 0xff, 0xff, 0xff, 0xff, 0xff, 0xff, 0xff,
    0xbf, 0xff, 0xff, 0xff, 0xff, 0xff, 0xff, 0xff,
    0xbf, 0xff, 0xff, 0xff, 0xff, 0xff, 0xff, 0xff,
    0x15, 0x55, 0x55, 0x55, 0x55, 0xff, 0xf9, 0x55,
    0x0, 0x0, 0x0, 0x0, 0x0, 0xff, 0xf8, 0x0,
    0x0, 0x0, 0x0, 0x0, 0x0, 0xff, 0xf8, 0x0,
    0x0, 0x0, 0x0, 0x0, 0x0, 0xff, 0xf8, 0x0,
    0x0, 0x0, 0x0, 0x0, 0x0, 0xff, 0xf8, 0x0,
    0x0, 0x0, 0x0, 0x0, 0x0, 0xff, 0xf8, 0x0,
    0x0, 0x0, 0x0, 0x0, 0x0, 0xff, 0xf8, 0x0,
    0x0, 0x0, 0x0, 0x0, 0x0, 0xff, 0xf8, 0x0,
    0x0, 0x0, 0x0, 0x0, 0x0, 0xff, 0xf8, 0x0,

    /* U+0035 "5" */
    0x2, 0xff, 0xff, 0xff, 0xff, 0xff, 0xfe, 0x0,
    0x3f, 0xff, 0xff, 0xff, 0xff, 0xff, 0xe0, 0x3,
    0xff, 0xff, 0xff, 0xff, 0xff, 0xfe, 0x0, 0x3f,
    0xff, 0xff, 0xff, 0xff, 0xff, 0xe0, 0x3, 0xff,
    0xff, 0xff, 0xff, 0xff, 0xfe, 0x0, 0x3f, 0xf9,
    0x55, 0x55, 0x55, 0x55, 0x40, 0x7, 0xff, 0x40,
    0x0, 0x0, 0x0, 0x0, 0x0, 0x7f, 0xf4, 0x0,
    0x0, 0x0, 0x0, 0x0, 0x7, 0xff, 0x40, 0x0,
    0x0, 0x0, 0x0, 0x0, 0xbf, 0xf0, 0x0, 0x0,
    0x0, 0x0, 0x0, 0xb, 0xff, 0x0, 0x0, 0x0,
    0x0, 0x0, 0x0, 0xff, 0xf0, 0x0, 0x0, 0x0,
    0x0, 0x0, 0xf, 0xff, 0x0, 0x0, 0x0, 0x0,
    0x0, 0x0, 0xff, 0xf0, 0x6, 0xff, 0xe4, 0x0,
    0x0, 0xf, 0xfe, 0xb, 0xff, 0xff, 0xf8, 0x0,
    0x0, 0xff, 0xe3, 0xff, 0xff, 0xff, 0xf4, 0x0,
    0x1f, 0xff, 0xff, 0xff, 0xff, 0xff, 0xe0, 0x1,
    0xff, 0xff, 0xff, 0xff, 0xff, 0xff, 0x40, 0x1f,
    0xff, 0xff, 0x95, 0x6f, 0xff, 0xfc, 0x2, 0xff,
    0xff, 0x0, 0x0, 0x1f, 0xff, 0xf0, 0x2f, 0xff,
    0x80, 0x0, 0x0, 0x7f, 0xff, 0x43, 0xff, 0xf0,
    0x0, 0x0, 0x2, 0xff, 0xf8, 0x15, 0x54, 0x0,
    0x0, 0x0, 0xf, 0xff, 0xc0, 0x0, 0x0, 0x0,
    0x0, 0x0, 0xbf, 0xfc, 0x0, 0x0, 0x0, 0x0,
    0x0, 0x7, 0xff, 0xd0, 0x0, 0x0, 0x0, 0x0,
    0x0, 0x3f, 0xfd, 0x0, 0x0, 0x0, 0x0, 0x0,
    0x3, 0xff, 0xd0, 0x0, 0x0, 0x0, 0x0, 0x0,
    0x3f, 0xfd, 0x0, 0x0, 0x0, 0x0, 0x0, 0x3,
    0xff, 0xd7, 0xff, 0xc0, 0x0, 0x0, 0x0, 0x7f,
    0xfd, 0x7f, 0xfc, 0x0, 0x0, 0x0, 0xb, 0xff,
    0xc3, 0xff, 0xd0, 0x0, 0x0, 0x0, 0xff, 0xfc,
    0x3f, 0xff, 0x0, 0x0, 0x0, 0x2f, 0xff, 0x41,
    0xff, 0xf8, 0x0, 0x0, 0x7, 0xff, 0xf0, 0xf,
    0xff, 0xe0, 0x0, 0x2, 0xff, 0xfd, 0x0, 0x7f,
    0xff, 0xe5, 0x56, 0xff, 0xff, 0x80, 0x1, 0xff,
    0xff, 0xff, 0xff, 0xff, 0xe0, 0x0, 0x7, 0xff,
    0xff, 0xff, 0xff, 0xf8, 0x0, 0x0, 0xf, 0xff,
    0xff, 0xff, 0xfd, 0x0, 0x0, 0x0, 0x1f, 0xff,
    0xff, 0xfd, 0x0, 0x0, 0x0, 0x0, 0x6, 0xff,
    0xe4, 0x0, 0x0, 0x0,

    /* U+0036 "6" */
    0x0, 0x0, 0x2, 0xff, 0xf9, 0x0, 0x0, 0x0,
    0x0, 0x1f, 0xff, 0xff, 0xfd, 0x0, 0x0, 0x0,
    0x2f, 0xff, 0xff, 0xff, 0xf0, 0x0, 0x0, 0x2f,
    0xff, 0xff, 0xff, 0xff, 0x0, 0x0, 0x2f, 0xff,
    0xff, 0xff, 0xff, 0xf0, 0x0, 0x1f, 0xff, 0xe5,
    0x5b, 0xff, 0xfe, 0x0, 0xf, 0xff, 0x80, 0x0,
    0x2f, 0xff, 0xc0, 0xf, 0xff, 0x80, 0x0, 0x2,
    0xff, 0xf4, 0x7, 0xff, 0x80, 0x0, 0x0, 0x3f,
    0xfe, 0x3, 0xff, 0xc0, 0x0, 0x0, 0xb, 0xff,
    0xc0, 0xff, 0xe0, 0x0, 0x0, 0x0, 0xaa, 0xa0,
    0xbf, 0xf0, 0x0, 0x0, 0x0, 0x0, 0x0, 0x3f,
    0xfc, 0x0, 0x0, 0x0, 0x0, 0x0, 0xf, 0xfd,
    0x0, 0x0, 0x0, 0x0, 0x0, 0x7, 0xff, 0x40,
    0x1b, 0xff, 0xe4, 0x0, 0x1, 0xff, 0xc0, 0x7f,
    0xff, 0xff, 0xd0, 0x0, 0xbf, 0xf0, 0xbf, 0xff,
    0xff, 0xff, 0x0, 0x3f, 0xfc, 0xff, 0xff, 0xff,
    0xff, 0xf0, 0xf, 0xff, 0xbf, 0xff, 0xff, 0xff,
    0xff, 0x3, 0xff, 0xff, 0xfd, 0x55, 0xff, 0xff,
    0xe0, 0xff, 0xff, 0xf0, 0x0, 0x3, 0xff, 0xfd,
    0x3f, 0xff, 0xf0, 0x0, 0x0, 0x2f, 0xff, 0x8f,
    0xff, 0xf0, 0x0, 0x0, 0x3, 0xff, 0xf3, 0xff,
    0xf8, 0x0, 0x0, 0x0, 0x7f, 0xfd, 0xff, 0xfc,
    0x0, 0x0, 0x0, 0xf, 0xff, 0xbf, 0xff, 0x0,
    0x0, 0x0, 0x3, 0xff, 0xff, 0xff, 0x80, 0x0,
    0x0, 0x0, 0xbf, 0xfe, 0xff, 0xe0, 0x0, 0x0,
    0x0, 0x2f, 0xff, 0x7f, 0xf8, 0x0, 0x0, 0x0,
    0xb, 0xff, 0xdf, 0xfe, 0x0, 0x0, 0x0, 0x2,
    0xff, 0xf3, 0xff, 0xc0, 0x0, 0x0, 0x0, 0xff,
    0xfc, 0xbf, 0xf0, 0x0, 0x0, 0x0, 0x3f, 0xfe,
    0x1f, 0xfe, 0x0, 0x0, 0x0, 0x2f, 0xff, 0x43,
    0xff, 0xc0, 0x0, 0x0, 0xf, 0xff, 0xc0, 0x7f,
    0xfc, 0x0, 0x0, 0xf, 0xff, 0xd0, 0xf, 0xff,
    0xd0, 0x0, 0x1f, 0xff, 0xf0, 0x1, 0xff, 0xff,
    0x95, 0x7f, 0xff, 0xf0, 0x0, 0x2f, 0xff, 0xff,
    0xff, 0xff, 0xf4, 0x0, 0x2, 0xff, 0xff, 0xff,
    0xff, 0xf4, 0x0, 0x0, 0x1f, 0xff, 0xff, 0xff,
    0xf0, 0x0, 0x0, 0x0, 0xbf, 0xff, 0xff, 0xd0,
    0x0, 0x0, 0x0, 0x1, 0xbf, 0xfe, 0x40, 0x0,
    0x0,

    /* U+0037 "7" */
    0xff, 0xff, 0xff, 0xff, 0xff, 0xff, 0xff, 0xff,
    0xff, 0xff, 0xff, 0xff, 0xff, 0xff, 0xff, 0xff,
    0xff, 0xff, 0xff, 0xff, 0xff, 0xff, 0xff, 0xff,
    0xff, 0xff, 0xff, 0xff, 0xff, 0xff, 0xff, 0xff,
    0xff, 0xff, 0xff, 0xff, 0xff, 0xff, 0xff, 0xff,
    0xf0, 0x0, 0x0, 0x0, 0x0, 0xf, 0xff, 0x80,
    0x0, 0x0, 0x0, 0x0, 0x3f, 0xfc, 0x0, 0x0,
    0x0, 0x0, 0x2, 0xff, 0xe0, 0x0, 0x0, 0x0,
    0x0, 0xf, 0xff, 0x40, 0x0, 0x0, 0x0, 0x0,
    0x7f, 0xfc, 0x0, 0x0, 0x0, 0x0, 0x3, 0xff,
    0xe0, 0x0, 0x0, 0x0, 0x0, 0x1f, 0xff, 0x0,
    0x0, 0x0, 0x0, 0x0, 0xbf, 0xfc, 0x0, 0x0,
    0x0, 0x0, 0x3, 0xff, 0xd0, 0x0, 0x0, 0x0,
    0x0, 0x2f, 0xff, 0x0, 0x0, 0x0, 0x0, 0x0,
    0xff, 0xf8, 0x0, 0x0, 0x0, 0x0, 0x7, 0xff,
    0xc0, 0x0, 0x0, 0x0, 0x0, 0x3f, 0xff, 0x0,
    0x0, 0x0, 0x0, 0x0, 0xff, 0xf4, 0x0, 0x0,
    0x0, 0x0, 0xb, 0xff, 0xc0, 0x0, 0x0, 0x0,
    0x0, 0x3f, 0xfe, 0x0, 0x0, 0x0, 0x0, 0x1,
    0xff, 0xf0, 0x0, 0x0, 0x0, 0x0, 0xf, 0xff,
    0xc0, 0x0, 0x0, 0x0, 0x0, 0x7f, 0xfd, 0x0,
    0x0, 0x0, 0x0, 0x2, 0xff, 0xf0, 0x0, 0x0,
    0x0, 0x0, 0xf, 0xff, 0x80, 0x0, 0x0, 0x0,
    0x0, 0xbf, 0xfc, 0x0, 0x0, 0x0, 0x0, 0x3,
    0xff, 0xf0, 0x0, 0x0, 0x0, 0x0, 0x1f, 0xff,
    0x40, 0x0, 0x0, 0x0, 0x0, 0xff, 0xfc, 0x0,
    0x0, 0x0, 0x0, 0x3, 0xff, 0xe0, 0x0, 0x0,
    0x0, 0x0, 0x2f, 0xff, 0x0, 0x0, 0x0, 0x0,
    0x0, 0xff, 0xfc, 0x0, 0x0, 0x0, 0x0, 0x7,
    0xff, 0xd0, 0x0, 0x0, 0x0, 0x0, 0x3f, 0xff,
    0x0, 0x0, 0x0, 0x0, 0x1, 0xff, 0xf8, 0x0,
    0x0, 0x0, 0x0, 0xb, 0xff, 0xc0, 0x0, 0x0,
    0x0, 0x0, 0x3f, 0xff, 0x0, 0x0, 0x0, 0x0,
    0x1, 0xff, 0xf4, 0x0, 0x0, 0x0, 0x0, 0x6,
    0xaa, 0x80, 0x0, 0x0, 0x0,

    /* U+0038 "8" */
    0x0, 0x0, 0x6, 0xff, 0xf9, 0x0, 0x0, 0x0,
    0x0, 0x1f, 0xff, 0xff, 0xff, 0x40, 0x0, 0x0,
    0x1f, 0xff, 0xff, 0xff, 0xff, 0x40, 0x0, 0xb,
    0xff, 0xff, 0xff, 0xff, 0xfd, 0x0, 0x1, 0xff,
    0xff, 0xff, 0xff, 0xff, 0xf4, 0x0, 0x7f, 0xff,
    0xf9, 0x56, 0xff, 0xff, 0xd0, 0xf, 0xff, 0xf4,
    0x0, 0x1, 0xff, 0xff, 0x1, 0xff, 0xfc, 0x0,
    0x0, 0x3, 0xff, 0xf4, 0x2f, 0xff, 0x40, 0x0,
    0x0, 0x1f, 0xff, 0x83, 0xff, 0xf0, 0x0, 0x0,
    0x0, 0xff, 0xfc, 0x3f, 0xfe, 0x0, 0x0, 0x0,
    0xb, 0xff, 0xc3, 0xff, 0xe0, 0x0, 0x0, 0x0,
    0xbf, 0xfc, 0x3f, 0xfe, 0x0, 0x0, 0x0, 0xb,
    0xff, 0xc3, 0xff, 0xf0, 0x0, 0x0, 0x0, 0xff,
    0xf8, 0x1f, 0xff, 0x0, 0x0, 0x0, 0xf, 0xff,
    0x40, 0xff, 0xfc, 0x0, 0x0, 0x3, 0xff, 0xf0,
    0xb, 0xff, 0xf0, 0x0, 0x0, 0xff, 0xfd, 0x0,
    0x2f, 0xff, 0xf9, 0x56, 0xff, 0xff, 0x80, 0x0,
    0xbf, 0xff, 0xff, 0xff, 0xff, 0xd0, 0x0, 0x0,
    0xbf, 0xff, 0xff, 0xff, 0xe0, 0x0, 0x0, 0x1b,
    0xff, 0xff, 0xff, 0xfe, 0x40, 0x0, 0xb, 0xff,
    0xff, 0xff, 0xff, 0xfe, 0x0, 0x3, 0xff, 0xff,
    0xff, 0xff, 0xff, 0xfc, 0x0, 0xbf, 0xff, 0xd0,
    0x0, 0x7f, 0xff, 0xe0, 0x1f, 0xff, 0xd0, 0x0,
    0x0, 0x7f, 0xff, 0x43, 0xff, 0xf0, 0x0, 0x0,
    0x0, 0xff, 0xfc, 0x7f, 0xfd, 0x0, 0x0, 0x0,
    0x7, 0xff, 0xdb, 0xff, 0xc0, 0x0, 0x0, 0x0,
    0x3f, 0xfe, 0xff, 0xf8, 0x0, 0x0, 0x0, 0x2,
    0xff, 0xff, 0xff, 0x80, 0x0, 0x0, 0x0, 0x2f,
    0xff, 0xff, 0xf8, 0x0, 0x0, 0x0, 0x2, 0xff,
    0xff, 0xff, 0x80, 0x0, 0x0, 0x0, 0x2f, 0xff,
    0xbf, 0xfc, 0x0, 0x0, 0x0, 0x3, 0xff, 0xe7,
    0xff, 0xe0, 0x0, 0x0, 0x0, 0x7f, 0xfd, 0x3f,
    0xff, 0x40, 0x0, 0x0, 0x1f, 0xff, 0xc2, 0xff,
    0xfe, 0x0, 0x0, 0xb, 0xff, 0xf8, 0xf, 0xff,
    0xfe, 0x55, 0x5b, 0xff, 0xff, 0x0, 0x3f, 0xff,
    0xff, 0xff, 0xff, 0xff, 0xc0, 0x1, 0xff, 0xff,
    0xff, 0xff, 0xff, 0xf4, 0x0, 0x2, 0xff, 0xff,
    0xff, 0xff, 0xf8, 0x0, 0x0, 0x6, 0xff, 0xff,
    0xff, 0xf9, 0x0, 0x0, 0x0, 0x1, 0xbf, 0xff,
    0xe4, 0x0, 0x0,

    /* U+0039 "9" */
    0x0, 0x0, 0x1b, 0xff, 0xe4, 0x0, 0x0, 0x0,
    0x0, 0xbf, 0xff, 0xff, 0xe0, 0x0, 0x0, 0x1,
    0xff, 0xff, 0xff, 0xff, 0x40, 0x0, 0x1, 0xff,
    0xff, 0xff, 0xff, 0xf8, 0x0, 0x1, 0xff, 0xff,
    0xff, 0xff, 0xff, 0x80, 0x1, 0xff, 0xff, 0xd5,
    0x5f, 0xff, 0xf4, 0x0, 0xff, 0xff, 0x40, 0x0,
    0x3f, 0xff, 0x0, 0xbf, 0xff, 0x0, 0x0, 0x2,
    0xff, 0xe0, 0x3f, 0xff, 0x0, 0x0, 0x0, 0x3f,
    0xfc, 0x1f, 0xff, 0x40, 0x0, 0x0, 0x7, 0xff,
    0x4b, 0xff, 0xc0, 0x0, 0x0, 0x0, 0xff, 0xe3,
    0xff, 0xe0, 0x0, 0x0, 0x0, 0x2f, 0xfc, 0xff,
    0xf8, 0x0, 0x0, 0x0, 0xb, 0xff, 0x3f, 0xfe,
    0x0, 0x0, 0x0, 0x2, 0xff, 0xdf, 0xff, 0x80,
    0x0, 0x0, 0x0, 0xbf, 0xfb, 0xff, 0xe0, 0x0,
    0x0, 0x0, 0x2f, 0xff, 0xff, 0xfc, 0x0, 0x0,
    0x0, 0xf, 0xff, 0xef, 0xff, 0x0, 0x0, 0x0,
    0x7, 0xff, 0xf7, 0xff, 0xe0, 0x0, 0x0, 0x3,
    0xff, 0xfc, 0xff, 0xfe, 0x0, 0x0, 0x1, 0xff,
    0xff, 0x1f, 0xff, 0xe0, 0x0, 0x2, 0xff, 0xff,
    0xc3, 0xff, 0xff, 0x40, 0x7, 0xff, 0xff, 0xf0,
    0x3f, 0xff, 0xff, 0xff, 0xff, 0xff, 0xfc, 0x7,
    0xff, 0xff, 0xff, 0xff, 0xcf, 0xff, 0x0, 0x3f,
    0xff, 0xff, 0xff, 0xc3, 0xff, 0x80, 0x2, 0xff,
    0xff, 0xff, 0x80, 0xff, 0xe0, 0x0, 0xb, 0xff,
    0xfe, 0x0, 0x3f, 0xf4, 0x0, 0x0, 0x0, 0x0,
    0x0, 0x1f, 0xfc, 0x0, 0x0, 0x0, 0x0, 0x0,
    0xb, 0xff, 0x0, 0x0, 0x0, 0x0, 0x0, 0x3,
    0xff, 0x81, 0x55, 0x40, 0x0, 0x0, 0x1, 0xff,
    0xd0, 0xff, 0xf4, 0x0, 0x0, 0x0, 0xff, 0xf0,
    0x3f, 0xff, 0x0, 0x0, 0x0, 0x7f, 0xf4, 0xb,
    0xff, 0xd0, 0x0, 0x0, 0x7f, 0xfc, 0x0, 0xff,
    0xfd, 0x0, 0x0, 0x7f, 0xfd, 0x0, 0x2f, 0xff,
    0xf4, 0x1, 0xff, 0xfe, 0x0, 0x3, 0xff, 0xff,
    0xff, 0xff, 0xff, 0x0, 0x0, 0x7f, 0xff, 0xff,
    0xff, 0xff, 0x0, 0x0, 0x7, 0xff, 0xff, 0xff,
    0xff, 0x0, 0x0, 0x0, 0x2f, 0xff, 0xff, 0xfe,
    0x0, 0x0, 0x0, 0x0, 0x6f, 0xff, 0xf4, 0x0,
    0x0, 0x0, 0x0, 0x0, 0x0, 0x0, 0x0, 0x0,
    0x0,

    /* U+003A ":" */
    0xb, 0xf8, 0xf, 0xff, 0xcb, 0xff, 0xfb, 0xff,
    0xff, 0xff, 0xff, 0xff, 0xff, 0xfb, 0xff, 0xf8,
    0xff, 0xfc, 0xb, 0xf8, 0x0, 0x0, 0x0, 0x0,
    0x0, 0x0, 0x0, 0x0, 0x0, 0x0, 0x0, 0x0,
    0x0, 0x0, 0x0, 0x0, 0x0, 0x0, 0x0, 0x0,
    0x0, 0x0, 0x0, 0x0, 0x0, 0xb, 0xf8, 0xf,
    0xff, 0xcb, 0xff, 0xfb, 0xff, 0xff, 0xff, 0xff,
    0xff, 0xff, 0xfb, 0xff, 0xf8, 0xff, 0xfc, 0xb,
    0xf8, 0x0,

    /* U+003B ";" */
    0x2, 0xfe, 0x0, 0x3f, 0xff, 0x2, 0xff, 0xfe,
    0xf, 0xff, 0xfc, 0x3f, 0xff, 0xf0, 0xff, 0xff,
    0xc2, 0xff, 0xfe, 0x3, 0xff, 0xf0, 0x2, 0xfe,
    0x0, 0x0, 0x0, 0x0, 0x0, 0x0, 0x0, 0x0,
    0x0, 0x0, 0x0, 0x0, 0x0, 0x0, 0x0, 0x0,
    0x0, 0x0, 0x0, 0x0, 0x0, 0x0, 0x0, 0x0,
    0x0, 0x0, 0x0, 0x0, 0x0, 0x0, 0x0, 0x0,
    0x0, 0x0, 0xb, 0xf8, 0x0, 0xff, 0xfd, 0xb,
    0xff, 0xfc, 0x3f, 0xff, 0xf8, 0xff, 0xff, 0xf2,
    0xff, 0xff, 0xc3, 0xff, 0xff, 0x2, 0xff, 0xfc,
    0x0, 0x2f, 0xf0, 0x0, 0xff, 0x80, 0x3, 0xfd,
    0x0, 0x2f, 0xf0, 0x1, 0xff, 0x80, 0x1f, 0xfc,
    0x1, 0xff, 0xd0, 0x2f, 0xfe, 0x0, 0xbf, 0xe0,
    0x0, 0xfd, 0x0, 0x1, 0x80, 0x0,

    /* U+003C "<" */
    0x0, 0x0, 0x0, 0x0, 0x0, 0x0, 0x0, 0x0,
    0x0, 0x0, 0x0, 0x0, 0x0, 0x1, 0xe0, 0x0,
    0x0, 0x0, 0x0, 0x0, 0xb, 0xf8, 0x0, 0x0,
    0x0, 0x0, 0x0, 0x2f, 0xfe, 0x0, 0x0, 0x0,
    0x0, 0x1, 0xff, 0xff, 0x80, 0x0, 0x0, 0x0,
    0xb, 0xff, 0xff, 0xe0, 0x0, 0x0, 0x0, 0x2f,
    0xff, 0xff, 0xf4, 0x0, 0x0, 0x1, 0xff, 0xff,
    0xff, 0xd0, 0x0, 0x0, 0x7, 0xff, 0xff, 0xfe,
    0x0, 0x0, 0x0, 0x2f, 0xff, 0xff, 0xf8, 0x0,
    0x0, 0x1, 0xff, 0xff, 0xff, 0xd0, 0x0, 0x0,
    0x7, 0xff, 0xff, 0xfe, 0x0, 0x0, 0x0, 0x2f,
    0xff, 0xff, 0xf8, 0x0, 0x0, 0x0, 0x3f, 0xff,
    0xff, 0xd0, 0x0, 0x0, 0x0, 0xf, 0xff, 0xfe,
    0x0, 0x0, 0x0, 0x0, 0x3, 0xff, 0xfd, 0x0,
    0x0, 0x0, 0x0, 0x0, 0xff, 0xff, 0xf4, 0x0,
    0x0, 0x0, 0x0, 0x3f, 0xff, 0xff, 0xe0, 0x0,
    0x0, 0x0, 0x1, 0xff, 0xff, 0xff, 0x80, 0x0,
    0x0, 0x0, 0x6, 0xff, 0xff, 0xff, 0x40, 0x0,
    0x0, 0x0, 0xb, 0xff, 0xff, 0xfe, 0x0, 0x0,
    0x0, 0x0, 0x1f, 0xff, 0xff, 0xf9, 0x0, 0x0,
    0x0, 0x0, 0x7f, 0xff, 0xff, 0xf4, 0x0, 0x0,
    0x0, 0x0, 0xbf, 0xff, 0xff, 0xe0, 0x0, 0x0,
    0x0, 0x1, 0xff, 0xff, 0xff, 0x40, 0x0, 0x0,
    0x0, 0x7, 0xff, 0xff, 0xe0, 0x0, 0x0, 0x0,
    0x0, 0xb, 0xff, 0xf8, 0x0, 0x0, 0x0, 0x0,
    0x0, 0x2f, 0xfe, 0x0, 0x0, 0x0, 0x0, 0x0,
    0x0, 0x7f, 0x80, 0x0, 0x0, 0x0, 0x0, 0x0,
    0x0, 0x90, 0x0, 0x0, 0x0, 0x0, 0x0, 0x0,
    0x0,

    /* U+003D "=" */
    0xff, 0xff, 0xff, 0xff, 0xff, 0xff, 0xff, 0xff,
    0xff, 0xff, 0xff, 0xff, 0xff, 0xff, 0xff, 0xff,
    0xff, 0xff, 0xff, 0xff, 0xff, 0xff, 0xff, 0xff,
    0xff, 0xff, 0xff, 0xff, 0xff, 0xff, 0xff, 0xff,
    0xff, 0xff, 0xff, 0x55, 0x55, 0x55, 0x55, 0x55,
    0x55, 0x55, 0x0, 0x0, 0x0, 0x0, 0x0, 0x0,
    0x0, 0x0, 0x0, 0x0, 0x0, 0x0, 0x0, 0x0,
    0x0, 0x0, 0x0, 0x0, 0x0, 0x0, 0x0, 0x0,
    0x0, 0x0, 0x0, 0x0, 0x0, 0x0, 0x0, 0x0,
    0x0, 0x0, 0x0, 0x0, 0x0, 0x55, 0x55, 0x55,
    0x55, 0x55, 0x55, 0x55, 0xff, 0xff, 0xff, 0xff,
    0xff, 0xff, 0xff, 0xff, 0xff, 0xff, 0xff, 0xff,
    0xff, 0xff, 0xff, 0xff, 0xff, 0xff, 0xff, 0xff,
    0xff, 0xff, 0xff, 0xff, 0xff, 0xff, 0xff, 0xff,
    0xff, 0xff, 0xff, 0xff, 0xff, 0xff, 0xff,

    /* U+003E ">" */
    0x0, 0x0, 0x0, 0x0, 0x0, 0x0, 0x0, 0x38,
    0x0, 0x0, 0x0, 0x0, 0x0, 0x0, 0xf, 0xf4,
    0x0, 0x0, 0x0, 0x0, 0x0, 0x3, 0xff, 0xd0,
    0x0, 0x0, 0x0, 0x0, 0x0, 0xff, 0xff, 0x80,
    0x0, 0x0, 0x0, 0x0, 0x3f, 0xff, 0xfe, 0x40,
    0x0, 0x0, 0x0, 0xf, 0xff, 0xff, 0xfd, 0x0,
    0x0, 0x0, 0x0, 0x2f, 0xff, 0xff, 0xf8, 0x0,
    0x0, 0x0, 0x0, 0x7f, 0xff, 0xff, 0xe4, 0x0,
    0x0, 0x0, 0x1, 0xbf, 0xff, 0xff, 0xd0, 0x0,
    0x0, 0x0, 0x2, 0xff, 0xff, 0xff, 0x80, 0x0,
    0x0, 0x0, 0x7, 0xff, 0xff, 0xfe, 0x0, 0x0,
    0x0, 0x0, 0x1b, 0xff, 0xff, 0xfd, 0x0, 0x0,
    0x0, 0x0, 0x2f, 0xff, 0xff, 0xd0, 0x0, 0x0,
    0x0, 0x0, 0x7f, 0xff, 0xf8, 0x0, 0x0, 0x0,
    0x0, 0x2, 0xff, 0xfe, 0x0, 0x0, 0x0, 0x0,
    0xb, 0xff, 0xff, 0x80, 0x0, 0x0, 0x0, 0x6f,
    0xff, 0xff, 0xd0, 0x0, 0x0, 0x1, 0xff, 0xff,
    0xff, 0x80, 0x0, 0x0, 0xb, 0xff, 0xff, 0xfe,
    0x0, 0x0, 0x0, 0x6f, 0xff, 0xff, 0xf4, 0x0,
    0x0, 0x1, 0xff, 0xff, 0xff, 0x90, 0x0, 0x0,
    0xb, 0xff, 0xff, 0xfe, 0x0, 0x0, 0x0, 0x7f,
    0xff, 0xff, 0xf4, 0x0, 0x0, 0x0, 0xff, 0xff,
    0xff, 0x90, 0x0, 0x0, 0x0, 0x3f, 0xff, 0xfe,
    0x0, 0x0, 0x0, 0x0, 0xf, 0xff, 0xf4, 0x0,
    0x0, 0x0, 0x0, 0x3, 0xff, 0x90, 0x0, 0x0,
    0x0, 0x0, 0x0, 0xfe, 0x0, 0x0, 0x0, 0x0,
    0x0, 0x0, 0x34, 0x0, 0x0, 0x0, 0x0, 0x0,
    0x0, 0x0, 0x0, 0x0, 0x0, 0x0, 0x0, 0x0,
    0x0,

    /* U+003F "?" */
    0x0, 0x0, 0x6f, 0xff, 0x90, 0x0, 0x0, 0x0,
    0x7f, 0xff, 0xff, 0xe4, 0x0, 0x0, 0x3f, 0xff,
    0xff, 0xff, 0xe0, 0x0, 0x1f, 0xff, 0xff, 0xff,
    0xff, 0x80, 0x7, 0xff, 0xff, 0xff, 0xff, 0xfe,
    0x0, 0xff, 0xff, 0x95, 0x6f, 0xff, 0xf0, 0x2f,
    0xff, 0xc0, 0x0, 0x3f, 0xff, 0x83, 0xff, 0xf0,
    0x0, 0x0, 0xff, 0xfc, 0x7f, 0xfd, 0x0, 0x0,
    0xb, 0xff, 0xdb, 0xff, 0xc0, 0x0, 0x0, 0x3f,
    0xfd, 0xff, 0xf8, 0x0, 0x0, 0x3, 0xff, 0xdf,
    0xff, 0x80, 0x0, 0x0, 0x3f, 0xfd, 0xff, 0xf8,
    0x0, 0x0, 0x3, 0xff, 0xd0, 0x0, 0x0, 0x0,
    0x0, 0xbf, 0xfc, 0x0, 0x0, 0x0, 0x0, 0xf,
    0xff, 0xc0, 0x0, 0x0, 0x0, 0x3, 0xff, 0xf8,
    0x0, 0x0, 0x0, 0x0, 0xff, 0xff, 0x0, 0x0,
    0x0, 0x0, 0x3f, 0xff, 0xe0, 0x0, 0x0, 0x0,
    0xf, 0xff, 0xf8, 0x0, 0x0, 0x0, 0x3, 0xff,
    0xfe, 0x0, 0x0, 0x0, 0x0, 0xff, 0xff, 0x40,
    0x0, 0x0, 0x0, 0x3f, 0xff, 0xd0, 0x0, 0x0,
    0x0, 0xb, 0xff, 0xf0, 0x0, 0x0, 0x0, 0x0,
    0xff, 0xfc, 0x0, 0x0, 0x0, 0x0, 0x1f, 0xff,
    0x80, 0x0, 0x0, 0x0, 0x2, 0xff, 0xf0, 0x0,
    0x0, 0x0, 0x0, 0x3f, 0xff, 0x0, 0x0, 0x0,
    0x0, 0x3, 0xff, 0xe0, 0x0, 0x0, 0x0, 0x0,
    0x3f, 0xfe, 0x0, 0x0, 0x0, 0x0, 0x1, 0x55,
    0x40, 0x0, 0x0, 0x0, 0x0, 0x0, 0x0, 0x0,
    0x0, 0x0, 0x0, 0x0, 0x0, 0x0, 0x0, 0x0,
    0x0, 0x0, 0xb, 0xf8, 0x0, 0x0, 0x0, 0x0,
    0x3, 0xff, 0xf0, 0x0, 0x0, 0x0, 0x0, 0xbf,
    0xff, 0x80, 0x0, 0x0, 0x0, 0xf, 0xff, 0xfc,
    0x0, 0x0, 0x0, 0x0, 0xff, 0xff, 0xc0, 0x0,
    0x0, 0x0, 0xf, 0xff, 0xfc, 0x0, 0x0, 0x0,
    0x0, 0xbf, 0xff, 0x80, 0x0, 0x0, 0x0, 0x3,
    0xff, 0xf0, 0x0, 0x0, 0x0, 0x0, 0xb, 0xf8,
    0x0, 0x0, 0x0,

    /* U+0040 "@" */
    0x0, 0x0, 0x0, 0x0, 0x6b, 0xff, 0xf9, 0x0,
    0x0, 0x0, 0x0, 0x0, 0x0, 0x0, 0xbf, 0xff,
    0xff, 0xff, 0xe0, 0x0, 0x0, 0x0, 0x0, 0x0,
    0x2f, 0xff, 0xff, 0xff, 0xff, 0xf8, 0x0, 0x0,
    0x0, 0x0, 0xb, 0xff, 0xff, 0xff, 0xff, 0xff,
    0xfd, 0x0, 0x0, 0x0, 0x0, 0xff, 0xff, 0x94,
    0x0, 0x1b, 0xff, 0xfe, 0x0, 0x0, 0x0, 0x1f,
    0xff, 0xd0, 0x0, 0x0, 0x0, 0xbf, 0xfe, 0x0,
    0x0, 0x1, 0xff, 0xf4, 0x0, 0x0, 0x0, 0x0,
    0x2f, 0xfd, 0x0, 0x0, 0xf, 0xff, 0x0, 0x0,
    0x0, 0x0, 0x0, 0x1f, 0xfc, 0x0, 0x0, 0xff,
    0xf0, 0x0, 0x0, 0x0, 0x0, 0x0, 0x1f, 0xfc,
    0x0, 0xb, 0xff, 0x0, 0x0, 0x2f, 0xfe, 0x0,
    0x0, 0x2f, 0xf4, 0x0, 0x7f, 0xf0, 0x0, 0x7,
    0xff, 0xff, 0xf, 0xfc, 0x3f, 0xf0, 0x3, 0xff,
    0x80, 0x0, 0xbf, 0xff, 0xfd, 0x7f, 0xe0, 0x7f,
    0xc0, 0x1f, 0xfc, 0x0, 0xb, 0xff, 0xff, 0xff,
    0xff, 0x40, 0xff, 0x40, 0xbf, 0xe0, 0x0, 0x7f,
    0xff, 0xff, 0xff, 0xfc, 0x2, 0xfe, 0x3, 0xff,
    0x0, 0x3, 0xff, 0xf8, 0x7, 0xff, 0xe0, 0x7,
    0xfc, 0x1f, 0xfc, 0x0, 0x3f, 0xff, 0x0, 0xb,
    0xff, 0x40, 0xf, 0xf0, 0xbf, 0xe0, 0x1, 0xff,
    0xf0, 0x0, 0xf, 0xfc, 0x0, 0x3f, 0xc2, 0xff,
    0x40, 0xb, 0xff, 0x40, 0x0, 0x3f, 0xf0, 0x0,
    0xff, 0xf, 0xfc, 0x0, 0x3f, 0xf8, 0x0, 0x1,
    0xff, 0x80, 0x3, 0xfc, 0x3f, 0xf0, 0x1, 0xff,
    0xc0, 0x0, 0xb, 0xfd, 0x0, 0xf, 0xf0, 0xff,
    0xc0, 0xb, 0xfe, 0x0, 0x0, 0x3f, 0xf0, 0x0,
    0x7f, 0x83, 0xff, 0x0, 0x3f, 0xf4, 0x0, 0x0,
    0xff, 0xc0, 0x2, 0xfd, 0xf, 0xfc, 0x0, 0xff,
    0xc0, 0x0, 0x7, 0xfe, 0x0, 0xf, 0xf0, 0x3f,
    0xf0, 0x3, 0xff, 0x0, 0x0, 0x3f, 0xf4, 0x0,
    0x7f, 0x80, 0xff, 0xc0, 0xf, 0xfc, 0x0, 0x0,
    0xff, 0xc0, 0x3, 0xfd, 0x2, 0xff, 0x40, 0x3f,
    0xf0, 0x0, 0x7, 0xfe, 0x0, 0x1f, 0xf0, 0x7,
    0xfe, 0x0, 0xbf, 0xc0, 0x0, 0x3f, 0xf4, 0x1,
    0xff, 0x0, 0xf, 0xfc, 0x1, 0xff, 0x80, 0x3,
    0xff, 0xd0, 0x1f, 0xf8, 0x0, 0x3f, 0xf0, 0x3,
    0xff, 0x80, 0x7f, 0xff, 0x82, 0xff, 0xc0, 0x0,
    0xbf, 0xe0, 0x7, 0xff, 0xff, 0xff, 0xff, 0xff,
    0xfc, 0x0, 0x0, 0xff, 0xc0, 0xb, 0xff, 0xff,
    0xf3, 0xff, 0xff, 0xc0, 0x0, 0x2, 0xff, 0x80,
    0x7, 0xff, 0xfe, 0xb, 0xff, 0xf8, 0x6, 0xa9,
    0x3, 0xff, 0x40, 0x2, 0xff, 0x90, 0x7, 0xfe,
    0x0, 0x3f, 0xf0, 0xb, 0xff, 0x40, 0x0, 0x0,
    0x0, 0x0, 0x0, 0x3, 0xff, 0x80, 0xf, 0xff,
    0x40, 0x0, 0x0, 0x0, 0x0, 0x0, 0x7f, 0xf8,
    0x0, 0xf, 0xff, 0xc0, 0x0, 0x0, 0x0, 0x0,
    0xb, 0xff, 0xc0, 0x0, 0xf, 0xff, 0xe4, 0x0,
    0x0, 0x0, 0x2, 0xff, 0xf8, 0x0, 0x0, 0xb,
    0xff, 0xfe, 0x90, 0x0, 0x16, 0xff, 0xff, 0x80,
    0x0, 0x0, 0x7, 0xff, 0xff, 0xff, 0xff, 0xff,
    0xff, 0xf4, 0x0, 0x0, 0x0, 0x2, 0xff, 0xff,
    0xff, 0xff, 0xff, 0xfd, 0x0, 0x0, 0x0, 0x0,
    0x0, 0x6f, 0xff, 0xff, 0xff, 0xfe, 0x40, 0x0,
    0x0, 0x0, 0x0, 0x0, 0x5, 0xaf, 0xff, 0xe9,
    0x0, 0x0, 0x0, 0x0,

    /* U+0041 "A" */
    0x0, 0x0, 0x0, 0x3, 0xff, 0xfc, 0x0, 0x0,
    0x0, 0x0, 0x0, 0x0, 0x0, 0x1f, 0xff, 0xf4,
    0x0, 0x0, 0x0, 0x0, 0x0, 0x0, 0x0, 0xbf,
    0xff, 0xe0, 0x0, 0x0, 0x0, 0x0, 0x0, 0x0,
    0x3, 0xff, 0xff, 0xc0, 0x0, 0x0, 0x0, 0x0,
    0x0, 0x0, 0x1f, 0xff, 0xff, 0x40, 0x0, 0x0,
    0x0, 0x0, 0x0, 0x0, 0xff, 0xff, 0xff, 0x0,
    0x0, 0x0, 0x0, 0x0, 0x0, 0x3, 0xff, 0xff,
    0xfc, 0x0, 0x0, 0x0, 0x0, 0x0, 0x0, 0x2f,
    0xff, 0xbf, 0xf8, 0x0, 0x0, 0x0, 0x0, 0x0,
    0x0, 0xff, 0xf5, 0xff, 0xf0, 0x0, 0x0, 0x0,
    0x0, 0x0, 0x7, 0xff, 0xc3, 0xff, 0xd0, 0x0,
    0x0, 0x0, 0x0, 0x0, 0x2f, 0xfe, 0xb, 0xff,
    0x80, 0x0, 0x0, 0x0, 0x0, 0x0, 0xff, 0xf4,
    0x1f, 0xff, 0x0, 0x0, 0x0, 0x0, 0x0, 0x7,
    0xff, 0xc0, 0x3f, 0xfe, 0x0, 0x0, 0x0, 0x0,
    0x0, 0x3f, 0xfe, 0x0, 0xbf, 0xfc, 0x0, 0x0,
    0x0, 0x0, 0x1, 0xff, 0xf4, 0x0, 0xff, 0xf4,
    0x0, 0x0, 0x0, 0x0, 0xb, 0xff, 0xc0, 0x3,
    0xff, 0xe0, 0x0, 0x0, 0x0, 0x0, 0x3f, 0xfe,
    0x0, 0xb, 0xff, 0xc0, 0x0, 0x0, 0x0, 0x1,
    0xff, 0xf0, 0x0, 0xf, 0xff, 0x40, 0x0, 0x0,
    0x0, 0xf, 0xff, 0xc0, 0x0, 0x3f, 0xff, 0x0,
    0x0, 0x0, 0x0, 0x3f, 0xfd, 0x0, 0x0, 0x7f,
    0xfc, 0x0, 0x0, 0x0, 0x2, 0xff, 0xf0, 0x0,
    0x0, 0xff, 0xf8, 0x0, 0x0, 0x0, 0xf, 0xff,
    0xc0, 0x0, 0x2, 0xff, 0xf0, 0x0, 0x0, 0x0,
    0x7f, 0xfd, 0x0, 0x0, 0x7, 0xff, 0xd0, 0x0,
    0x0, 0x2, 0xff, 0xf0, 0x0, 0x0, 0xf, 0xff,
    0x80, 0x0, 0x0, 0xf, 0xff, 0xd5, 0x55, 0x55,
    0x7f, 0xff, 0x0, 0x0, 0x0, 0x7f, 0xff, 0xff,
    0xff, 0xff, 0xff, 0xfd, 0x0, 0x0, 0x3, 0xff,
    0xff, 0xff, 0xff, 0xff, 0xff, 0xfc, 0x0, 0x0,
    0xf, 0xff, 0xff, 0xff, 0xff, 0xff, 0xff, 0xf4,
    0x0, 0x0, 0xbf, 0xff, 0xff, 0xff, 0xff, 0xff,
    0xff, 0xe0, 0x0, 0x3, 0xff, 0xff, 0xff, 0xff,
    0xff, 0xff, 0xff, 0xc0, 0x0, 0x1f, 0xff, 0x40,
    0x0, 0x0, 0x0, 0x1f, 0xff, 0x40, 0x0, 0xff,
    0xfc, 0x0, 0x0, 0x0, 0x0, 0x3f, 0xff, 0x0,
    0x3, 0xff, 0xe0, 0x0, 0x0, 0x0, 0x0, 0xbf,
    0xfc, 0x0, 0x2f, 0xff, 0x40, 0x0, 0x0, 0x0,
    0x1, 0xff, 0xf8, 0x0, 0xff, 0xfc, 0x0, 0x0,
    0x0, 0x0, 0x3, 0xff, 0xf0, 0x7, 0xff, 0xe0,
    0x0, 0x0, 0x0, 0x0, 0xb, 0xff, 0xd0, 0x2f,
    0xff, 0x40, 0x0, 0x0, 0x0, 0x0, 0xf, 0xff,
    0x80, 0xff, 0xfc, 0x0, 0x0, 0x0, 0x0, 0x0,
    0x3f, 0xff, 0x7, 0xff, 0xe0, 0x0, 0x0, 0x0,
    0x0, 0x0, 0xbf, 0xfd, 0x3f, 0xff, 0x0, 0x0,
    0x0, 0x0, 0x0, 0x0, 0xff, 0xfc,

    /* U+0042 "B" */
    0x55, 0x55, 0x55, 0x55, 0x50, 0x0, 0x0, 0x0,
    0x3f, 0xff, 0xff, 0xff, 0xff, 0xff, 0x80, 0x0,
    0xf, 0xff, 0xff, 0xff, 0xff, 0xff, 0xff, 0x40,
    0x3, 0xff, 0xff, 0xff, 0xff, 0xff, 0xff, 0xf8,
    0x0, 0xff, 0xff, 0xff, 0xff, 0xff, 0xff, 0xff,
    0x80, 0x3f, 0xff, 0xff, 0xff, 0xff, 0xff, 0xff,
    0xf4, 0xf, 0xff, 0x80, 0x0, 0x0, 0x7, 0xff,
    0xff, 0x3, 0xff, 0xe0, 0x0, 0x0, 0x0, 0x1f,
    0xff, 0xd0, 0xff, 0xf8, 0x0, 0x0, 0x0, 0x1,
    0xff, 0xf8, 0x3f, 0xfe, 0x0, 0x0, 0x0, 0x0,
    0x3f, 0xff, 0xf, 0xff, 0x80, 0x0, 0x0, 0x0,
    0xb, 0xff, 0xc3, 0xff, 0xe0, 0x0, 0x0, 0x0,
    0x2, 0xff, 0xf0, 0xff, 0xf8, 0x0, 0x0, 0x0,
    0x0, 0xbf, 0xfc, 0x3f, 0xfe, 0x0, 0x0, 0x0,
    0x0, 0x2f, 0xfe, 0xf, 0xff, 0x80, 0x0, 0x0,
    0x0, 0xf, 0xff, 0x43, 0xff, 0xe0, 0x0, 0x0,
    0x0, 0xb, 0xff, 0xc0, 0xff, 0xf8, 0x0, 0x0,
    0x0, 0xb, 0xff, 0xd0, 0x3f, 0xfe, 0x55, 0x55,
    0x55, 0x6f, 0xff, 0xe0, 0xf, 0xff, 0xff, 0xff,
    0xff, 0xff, 0xff, 0xe0, 0x3, 0xff, 0xff, 0xff,
    0xff, 0xff, 0xff, 0x80, 0x0, 0xff, 0xff, 0xff,
    0xff, 0xff, 0xff, 0xf8, 0x0, 0x3f, 0xff, 0xff,
    0xff, 0xff, 0xff, 0xff, 0xe0, 0xf, 0xff, 0xff,
    0xff, 0xff, 0xff, 0xff, 0xff, 0x3, 0xff, 0xe0,
    0x0, 0x0, 0x0, 0x7f, 0xff, 0xf0, 0xff, 0xf8,
    0x0, 0x0, 0x0, 0x1, 0xff, 0xfd, 0x3f, 0xfe,
    0x0, 0x0, 0x0, 0x0, 0xf, 0xff, 0xcf, 0xff,
    0x80, 0x0, 0x0, 0x0, 0x2, 0xff, 0xf3, 0xff,
    0xe0, 0x0, 0x0, 0x0, 0x0, 0x7f, 0xfd, 0xff,
    0xf8, 0x0, 0x0, 0x0, 0x0, 0xf, 0xff, 0x7f,
    0xfe, 0x0, 0x0, 0x0, 0x0, 0x3, 0xff, 0xdf,
    0xff, 0x80, 0x0, 0x0, 0x0, 0x0, 0xff, 0xf7,
    0xff, 0xe0, 0x0, 0x0, 0x0, 0x0, 0x7f, 0xfd,
    0xff, 0xf8, 0x0, 0x0, 0x0, 0x0, 0x2f, 0xff,
    0x3f, 0xfe, 0x0, 0x0, 0x0, 0x0, 0x1f, 0xff,
    0xcf, 0xff, 0x80, 0x0, 0x0, 0x0, 0x2f, 0xff,
    0xe3, 0xff, 0xe5, 0x55, 0x55, 0x56, 0xbf, 0xff,
    0xf0, 0xff, 0xff, 0xff, 0xff, 0xff, 0xff, 0xff,
    0xf8, 0x3f, 0xff, 0xff, 0xff, 0xff, 0xff, 0xff,
    0xf8, 0xf, 0xff, 0xff, 0xff, 0xff, 0xff, 0xff,
    0xf4, 0x3, 0xff, 0xff, 0xff, 0xff, 0xff, 0xff,
    0xe0, 0x0, 0xff, 0xff, 0xff, 0xff, 0xff, 0xfa,
    0x40, 0x0, 0x0,

    /* U+0043 "C" */
    0x0, 0x0, 0x0, 0x1a, 0xff, 0xfa, 0x40, 0x0,
    0x0, 0x0, 0x0, 0x1, 0xff, 0xff, 0xff, 0xfe,
    0x40, 0x0, 0x0, 0x0, 0x7, 0xff, 0xff, 0xff,
    0xff, 0xfc, 0x0, 0x0, 0x0, 0xb, 0xff, 0xff,
    0xff, 0xff, 0xff, 0xd0, 0x0, 0x0, 0xf, 0xff,
    0xff, 0xff, 0xff, 0xff, 0xfe, 0x0, 0x0, 0xf,
    0xff, 0xff, 0x95, 0x56, 0xff, 0xff, 0xe0, 0x0,
    0xf, 0xff, 0xfd, 0x0, 0x0, 0x7, 0xff, 0xfd,
    0x0, 0xb, 0xff, 0xf4, 0x0, 0x0, 0x0, 0x2f,
    0xff, 0xc0, 0x3, 0xff, 0xf4, 0x0, 0x0, 0x0,
    0x2, 0xff, 0xf4, 0x2, 0xff, 0xf8, 0x0, 0x0,
    0x0, 0x0, 0x3f, 0xff, 0x0, 0xff, 0xfc, 0x0,
    0x0, 0x0, 0x0, 0x7, 0xff, 0xd0, 0xbf, 0xfd,
    0x0, 0x0, 0x0, 0x0, 0x0, 0xff, 0xf8, 0x3f,
    0xff, 0x0, 0x0, 0x0, 0x0, 0x0, 0x2f, 0xfe,
    0xf, 0xff, 0x80, 0x0, 0x0, 0x0, 0x0, 0x0,
    0x0, 0x7, 0xff, 0xc0, 0x0, 0x0, 0x0, 0x0,
    0x0, 0x0, 0x2, 0xff, 0xf0, 0x0, 0x0, 0x0,
    0x0, 0x0, 0x0, 0x0, 0xbf, 0xfc, 0x0, 0x0,
    0x0, 0x0, 0x0, 0x0, 0x0, 0x3f, 0xfe, 0x0,
    0x0, 0x0, 0x0, 0x0, 0x0, 0x0, 0xf, 0xff,
    0x80, 0x0, 0x0, 0x0, 0x0, 0x0, 0x0, 0x3,
    0xff, 0xe0, 0x0, 0x0, 0x0, 0x0, 0x0, 0x0,
    0x0, 0xff, 0xf8, 0x0, 0x0, 0x0, 0x0, 0x0,
    0x0, 0x0, 0x3f, 0xfe, 0x0, 0x0, 0x0, 0x0,
    0x0, 0x0, 0x0, 0xf, 0xff, 0x80, 0x0, 0x0,
    0x0, 0x0, 0x0, 0x0, 0x3, 0xff, 0xe0, 0x0,
    0x0, 0x0, 0x0, 0x0, 0x0, 0x0, 0xff, 0xfc,
    0x0, 0x0, 0x0, 0x0, 0x0, 0x0, 0x0, 0x2f,
    0xff, 0x0, 0x0, 0x0, 0x0, 0x0, 0x0, 0x0,
    0x7, 0xff, 0xc0, 0x0, 0x0, 0x0, 0x0, 0x0,
    0x55, 0x50, 0xff, 0xf4, 0x0, 0x0, 0x0, 0x0,
    0x0, 0x3f, 0xfc, 0x3f, 0xff, 0x0, 0x0, 0x0,
    0x0, 0x0, 0x1f, 0xff, 0xb, 0xff, 0xc0, 0x0,
    0x0, 0x0, 0x0, 0xf, 0xff, 0x81, 0xff, 0xf8,
    0x0, 0x0, 0x0, 0x0, 0x7, 0xff, 0xd0, 0x3f,
    0xff, 0x40, 0x0, 0x0, 0x0, 0x3, 0xff, 0xf0,
    0x7, 0xff, 0xf0, 0x0, 0x0, 0x0, 0x3, 0xff,
    0xf4, 0x0, 0xbf, 0xff, 0x40, 0x0, 0x0, 0x3,
    0xff, 0xf8, 0x0, 0xf, 0xff, 0xf8, 0x0, 0x0,
    0x7, 0xff, 0xfc, 0x0, 0x0, 0xff, 0xff, 0xf9,
    0x55, 0x6f, 0xff, 0xfc, 0x0, 0x0, 0xf, 0xff,
    0xff, 0xff, 0xff, 0xff, 0xfc, 0x0, 0x0, 0x0,
    0xff, 0xff, 0xff, 0xff, 0xff, 0xfc, 0x0, 0x0,
    0x0, 0x7, 0xff, 0xff, 0xff, 0xff, 0xf8, 0x0,
    0x0, 0x0, 0x0, 0x1f, 0xff, 0xff, 0xff, 0xe0,
    0x0, 0x0, 0x0, 0x0, 0x0, 0x1b, 0xff, 0xf9,
    0x40, 0x0, 0x0, 0x0,

    /* U+0044 "D" */
    0x55, 0x55, 0x55, 0x50, 0x0, 0x0, 0x0, 0x0,
    0xf, 0xff, 0xff, 0xff, 0xff, 0xf9, 0x0, 0x0,
    0x0, 0xff, 0xff, 0xff, 0xff, 0xff, 0xfe, 0x40,
    0x0, 0xf, 0xff, 0xff, 0xff, 0xff, 0xff, 0xfe,
    0x0, 0x0, 0xff, 0xff, 0xff, 0xff, 0xff, 0xff,
    0xfd, 0x0, 0xf, 0xff, 0xff, 0xff, 0xff, 0xff,
    0xff, 0xf8, 0x0, 0xff, 0xf8, 0x0, 0x0, 0x1b,
    0xff, 0xff, 0xd0, 0xf, 0xff, 0x80, 0x0, 0x0,
    0x2, 0xff, 0xff, 0x40, 0xff, 0xf8, 0x0, 0x0,
    0x0, 0x3, 0xff, 0xfc, 0xf, 0xff, 0x80, 0x0,
    0x0, 0x0, 0xf, 0xff, 0xe0, 0xff, 0xf8, 0x0,
    0x0, 0x0, 0x0, 0x3f, 0xff, 0xf, 0xff, 0x80,
    0x0, 0x0, 0x0, 0x1, 0xff, 0xf4, 0xff, 0xf8,
    0x0, 0x0, 0x0, 0x0, 0xf, 0xff, 0xcf, 0xff,
    0x80, 0x0, 0x0, 0x0, 0x0, 0xbf, 0xfc, 0xff,
    0xf8, 0x0, 0x0, 0x0, 0x0, 0x3, 0xff, 0xdf,
    0xff, 0x80, 0x0, 0x0, 0x0, 0x0, 0x3f, 0xfe,
    0xff, 0xf8, 0x0, 0x0, 0x0, 0x0, 0x3, 0xff,
    0xef, 0xff, 0x80, 0x0, 0x0, 0x0, 0x0, 0x2f,
    0xff, 0xff, 0xf8, 0x0, 0x0, 0x0, 0x0, 0x2,
    0xff, 0xff, 0xff, 0x80, 0x0, 0x0, 0x0, 0x0,
    0x2f, 0xff, 0xff, 0xf8, 0x0, 0x0, 0x0, 0x0,
    0x2, 0xff, 0xff, 0xff, 0x80, 0x0, 0x0, 0x0,
    0x0, 0x2f, 0xff, 0xff, 0xf8, 0x0, 0x0, 0x0,
    0x0, 0x2, 0xff, 0xff, 0xff, 0x80, 0x0, 0x0,
    0x0, 0x0, 0x2f, 0xff, 0xff, 0xf8, 0x0, 0x0,
    0x0, 0x0, 0x2, 0xff, 0xff, 0xff, 0x80, 0x0,
    0x0, 0x0, 0x0, 0x3f, 0xfe, 0xff, 0xf8, 0x0,
    0x0, 0x0, 0x0, 0x3, 0xff, 0xdf, 0xff, 0x80,
    0x0, 0x0, 0x0, 0x0, 0x7f, 0xfd, 0xff, 0xf8,
    0x0, 0x0, 0x0, 0x0, 0xb, 0xff, 0xcf, 0xff,
    0x80, 0x0, 0x0, 0x0, 0x0, 0xff, 0xf8, 0xff,
    0xf8, 0x0, 0x0, 0x0, 0x0, 0x2f, 0xff, 0x4f,
    0xff, 0x80, 0x0, 0x0, 0x0, 0x7, 0xff, 0xf0,
    0xff, 0xf8, 0x0, 0x0, 0x0, 0x1, 0xff, 0xfd,
    0xf, 0xff, 0x80, 0x0, 0x0, 0x0, 0xbf, 0xff,
    0xc0, 0xff, 0xf8, 0x0, 0x0, 0x0, 0xbf, 0xff,
    0xf0, 0xf, 0xff, 0x95, 0x55, 0x56, 0xff, 0xff,
    0xfd, 0x0, 0xff, 0xff, 0xff, 0xff, 0xff, 0xff,
    0xff, 0x40, 0xf, 0xff, 0xff, 0xff, 0xff, 0xff,
    0xff, 0xc0, 0x0, 0xff, 0xff, 0xff, 0xff, 0xff,
    0xff, 0xd0, 0x0, 0xf, 0xff, 0xff, 0xff, 0xff,
    0xff, 0xd0, 0x0, 0x0, 0xff, 0xff, 0xff, 0xff,
    0xfa, 0x40, 0x0, 0x0, 0x0,

    /* U+0045 "E" */
    0x55, 0x55, 0x55, 0x55, 0x55, 0x55, 0x55, 0x4f,
    0xff, 0xff, 0xff, 0xff, 0xff, 0xff, 0xfc, 0xff,
    0xff, 0xff, 0xff, 0xff, 0xff, 0xff, 0xcf, 0xff,
    0xff, 0xff, 0xff, 0xff, 0xff, 0xfc, 0xff, 0xff,
    0xff, 0xff, 0xff, 0xff, 0xff, 0xcf, 0xff, 0xff,
    0xff, 0xff, 0xff, 0xff, 0xfc, 0xff, 0xf8, 0x0,
    0x0, 0x0, 0x0, 0x0, 0xf, 0xff, 0x80, 0x0,
    0x0, 0x0, 0x0, 0x0, 0xff, 0xf8, 0x0, 0x0,
    0x0, 0x0, 0x0, 0xf, 0xff, 0x80, 0x0, 0x0,
    0x0, 0x0, 0x0, 0xff, 0xf8, 0x0, 0x0, 0x0,
    0x0, 0x0, 0xf, 0xff, 0x80, 0x0, 0x0, 0x0,
    0x0, 0x0, 0xff, 0xf8, 0x0, 0x0, 0x0, 0x0,
    0x0, 0xf, 0xff, 0x80, 0x0, 0x0, 0x0, 0x0,
    0x0, 0xff, 0xf8, 0x0, 0x0, 0x0, 0x0, 0x0,
    0xf, 0xff, 0x80, 0x0, 0x0, 0x0, 0x0, 0x0,
    0xff, 0xf8, 0x0, 0x0, 0x0, 0x0, 0x0, 0xf,
    0xff, 0x95, 0x55, 0x55, 0x55, 0x55, 0x40, 0xff,
    0xff, 0xff, 0xff, 0xff, 0xff, 0xfe, 0xf, 0xff,
    0xff, 0xff, 0xff, 0xff, 0xff, 0xe0, 0xff, 0xff,
    0xff, 0xff, 0xff, 0xff, 0xfe, 0xf, 0xff, 0xff,
    0xff, 0xff, 0xff, 0xff, 0xe0, 0xff, 0xff, 0xff,
    0xff, 0xff, 0xff, 0xfe, 0xf, 0xff, 0x80, 0x0,
    0x0, 0x0, 0x0, 0x0, 0xff, 0xf8, 0x0, 0x0,
    0x0, 0x0, 0x0, 0xf, 0xff, 0x80, 0x0, 0x0,
    0x0, 0x0, 0x0, 0xff, 0xf8, 0x0, 0x0, 0x0,
    0x0, 0x0, 0xf, 0xff, 0x80, 0x0, 0x0, 0x0,
    0x0, 0x0, 0xff, 0xf8, 0x0, 0x0, 0x0, 0x0,
    0x0, 0xf, 0xff, 0x80, 0x0, 0x0, 0x0, 0x0,
    0x0, 0xff, 0xf8, 0x0, 0x0, 0x0, 0x0, 0x0,
    0xf, 0xff, 0x80, 0x0, 0x0, 0x0, 0x0, 0x0,
    0xff, 0xf8, 0x0, 0x0, 0x0, 0x0, 0x0, 0xf,
    0xff, 0x80, 0x0, 0x0, 0x0, 0x0, 0x0, 0xff,
    0xf8, 0x0, 0x0, 0x0, 0x0, 0x0, 0xf, 0xff,
    0x95, 0x55, 0x55, 0x55, 0x55, 0x55, 0xff, 0xff,
    0xff, 0xff, 0xff, 0xff, 0xff, 0xff, 0xff, 0xff,
    0xff, 0xff, 0xff, 0xff, 0xff, 0xff, 0xff, 0xff,
    0xff, 0xff, 0xff, 0xff, 0xff, 0xff, 0xff, 0xff,
    0xff, 0xff, 0xff, 0xff, 0xff, 0xff, 0xff, 0xff,
    0xff, 0xff, 0xff, 0xf0,

    /* U+0046 "F" */
    0x55, 0x55, 0x55, 0x55, 0x55, 0x55, 0x54, 0xff,
    0xff, 0xff, 0xff, 0xff, 0xff, 0xfe, 0xff, 0xff,
    0xff, 0xff, 0xff, 0xff, 0xfe, 0xff, 0xff, 0xff,
    0xff, 0xff, 0xff, 0xfe, 0xff, 0xff, 0xff, 0xff,
    0xff, 0xff, 0xfe, 0xff, 0xff, 0xff, 0xff, 0xff,
    0xff, 0xfe, 0xff, 0xf8, 0x0, 0x0, 0x0, 0x0,
    0x0, 0xff, 0xf8, 0x0, 0x0, 0x0, 0x0, 0x0,
    0xff, 0xf8, 0x0, 0x0, 0x0, 0x0, 0x0, 0xff,
    0xf8, 0x0, 0x0, 0x0, 0x0, 0x0, 0xff, 0xf8,
    0x0, 0x0, 0x0, 0x0, 0x0, 0xff, 0xf8, 0x0,
    0x0, 0x0, 0x0, 0x0, 0xff, 0xf8, 0x0, 0x0,
    0x0, 0x0, 0x0, 0xff, 0xf8, 0x0, 0x0, 0x0,
    0x0, 0x0, 0xff, 0xf8, 0x0, 0x0, 0x0, 0x0,
    0x0, 0xff, 0xf8, 0x0, 0x0, 0x0, 0x0, 0x0,
    0xff, 0xf8, 0x0, 0x0, 0x0, 0x0, 0x0, 0xff,
    0xf9, 0x55, 0x55, 0x55, 0x55, 0x50, 0xff, 0xff,
    0xff, 0xff, 0xff, 0xff, 0xf0, 0xff, 0xff, 0xff,
    0xff, 0xff, 0xff, 0xf0, 0xff, 0xff, 0xff, 0xff,
    0xff, 0xff, 0xf0, 0xff, 0xff, 0xff, 0xff, 0xff,
    0xff, 0xf0, 0xff, 0xff, 0xff, 0xff, 0xff, 0xff,
    0xf0, 0xff, 0xf8, 0x0, 0x0, 0x0, 0x0, 0x0,
    0xff, 0xf8, 0x0, 0x0, 0x0, 0x0, 0x0, 0xff,
    0xf8, 0x0, 0x0, 0x0, 0x0, 0x0, 0xff, 0xf8,
    0x0, 0x0, 0x0, 0x0, 0x0, 0xff, 0xf8, 0x0,
    0x0, 0x0, 0x0, 0x0, 0xff, 0xf8, 0x0, 0x0,
    0x0, 0x0, 0x0, 0xff, 0xf8, 0x0, 0x0, 0x0,
    0x0, 0x0, 0xff, 0xf8, 0x0, 0x0, 0x0, 0x0,
    0x0, 0xff, 0xf8, 0x0, 0x0, 0x0, 0x0, 0x0,
    0xff, 0xf8, 0x0, 0x0, 0x0, 0x0, 0x0, 0xff,
    0xf8, 0x0, 0x0, 0x0, 0x0, 0x0, 0xff, 0xf8,
    0x0, 0x0, 0x0, 0x0, 0x0, 0xff, 0xf8, 0x0,
    0x0, 0x0, 0x0, 0x0, 0xff, 0xf8, 0x0, 0x0,
    0x0, 0x0, 0x0, 0xff, 0xf8, 0x0, 0x0, 0x0,
    0x0, 0x0, 0xff, 0xf8, 0x0, 0x0, 0x0, 0x0,
    0x0, 0xff, 0xf8, 0x0, 0x0, 0x0, 0x0, 0x0,
    0xff, 0xf8, 0x0, 0x0, 0x0, 0x0, 0x0,

    /* U+0047 "G" */
    0x0, 0x0, 0x0, 0x1a, 0xff, 0xfe, 0x40, 0x0,
    0x0, 0x0, 0x0, 0x0, 0xbf, 0xff, 0xff, 0xff,
    0x80, 0x0, 0x0, 0x0, 0x2, 0xff, 0xff, 0xff,
    0xff, 0xfe, 0x0, 0x0, 0x0, 0x7, 0xff, 0xff,
    0xff, 0xff, 0xff, 0xf4, 0x0, 0x0, 0xb, 0xff,
    0xff, 0xff, 0xff, 0xff, 0xff, 0x40, 0x0, 0xb,
    0xff, 0xff, 0x95, 0x56, 0xff, 0xff, 0xf0, 0x0,
    0x7, 0xff, 0xfd, 0x0, 0x0, 0x7, 0xff, 0xff,
    0x0, 0x3, 0xff, 0xf8, 0x0, 0x0, 0x0, 0x1f,
    0xff, 0xe0, 0x3, 0xff, 0xf8, 0x0, 0x0, 0x0,
    0x1, 0xff, 0xfc, 0x1, 0xff, 0xfc, 0x0, 0x0,
    0x0, 0x0, 0x2f, 0xff, 0x40, 0xff, 0xfc, 0x0,
    0x0, 0x0, 0x0, 0x3, 0xff, 0xe0, 0x7f, 0xfd,
    0x0, 0x0, 0x0, 0x0, 0x0, 0xbf, 0xfc, 0x2f,
    0xff, 0x0, 0x0, 0x0, 0x0, 0x0, 0x1f, 0xff,
    0xf, 0xff, 0x80, 0x0, 0x0, 0x0, 0x0, 0x0,
    0x0, 0x7, 0xff, 0xd0, 0x0, 0x0, 0x0, 0x0,
    0x0, 0x0, 0x2, 0xff, 0xf0, 0x0, 0x0, 0x0,
    0x0, 0x0, 0x0, 0x0, 0xbf, 0xfc, 0x0, 0x0,
    0x0, 0x0, 0x0, 0x0, 0x0, 0x3f, 0xfe, 0x0,
    0x0, 0x0, 0x0, 0x0, 0x0, 0x0, 0xf, 0xff,
    0x80, 0x0, 0x0, 0x0, 0x0, 0x0, 0x0, 0x3,
    0xff, 0xe0, 0x0, 0x0, 0xb, 0xff, 0xff, 0xff,
    0xfe, 0xff, 0xf8, 0x0, 0x0, 0x2, 0xff, 0xff,
    0xff, 0xff, 0xbf, 0xfe, 0x0, 0x0, 0x0, 0xbf,
    0xff, 0xff, 0xff, 0xef, 0xff, 0x80, 0x0, 0x0,
    0x2f, 0xff, 0xff, 0xff, 0xfb, 0xff, 0xe0, 0x0,
    0x0, 0xb, 0xff, 0xff, 0xff, 0xfe, 0xbf, 0xfc,
    0x0, 0x0, 0x0, 0x55, 0x55, 0x5f, 0xff, 0xaf,
    0xff, 0x0, 0x0, 0x0, 0x0, 0x0, 0x3, 0xff,
    0xe7, 0xff, 0xc0, 0x0, 0x0, 0x0, 0x0, 0x0,
    0xff, 0xf8, 0xff, 0xf4, 0x0, 0x0, 0x0, 0x0,
    0x0, 0x3f, 0xfe, 0x3f, 0xff, 0x0, 0x0, 0x0,
    0x0, 0x0, 0xf, 0xff, 0x87, 0xff, 0xd0, 0x0,
    0x0, 0x0, 0x0, 0x3, 0xff, 0xe0, 0xff, 0xfc,
    0x0, 0x0, 0x0, 0x0, 0x0, 0xff, 0xf8, 0x2f,
    0xff, 0x80, 0x0, 0x0, 0x0, 0x0, 0x3f, 0xfe,
    0x3, 0xff, 0xf4, 0x0, 0x0, 0x0, 0x0, 0xf,
    0xff, 0x80, 0x7f, 0xff, 0x80, 0x0, 0x0, 0x0,
    0xb, 0xff, 0xe0, 0xb, 0xff, 0xfe, 0x0, 0x0,
    0x0, 0x6f, 0xff, 0xf8, 0x0, 0xbf, 0xff, 0xfe,
    0x55, 0x5a, 0xff, 0xff, 0xfe, 0x0, 0xb, 0xff,
    0xff, 0xff, 0xff, 0xff, 0xff, 0xff, 0x0, 0x0,
    0x7f, 0xff, 0xff, 0xff, 0xff, 0xff, 0xfe, 0x0,
    0x0, 0x2, 0xff, 0xff, 0xff, 0xff, 0xff, 0xf8,
    0x0, 0x0, 0x0, 0xb, 0xff, 0xff, 0xff, 0xff,
    0x90, 0x0, 0x0, 0x0, 0x0, 0x6, 0xff, 0xff,
    0xa4, 0x0, 0x0, 0x0,

    /* U+0048 "H" */
    0xff, 0xf8, 0x0, 0x0, 0x0, 0x0, 0x3, 0xff,
    0xef, 0xff, 0x80, 0x0, 0x0, 0x0, 0x0, 0x3f,
    0xfe, 0xff, 0xf8, 0x0, 0x0, 0x0, 0x0, 0x3,
    0xff, 0xef, 0xff, 0x80, 0x0, 0x0, 0x0, 0x0,
    0x3f, 0xfe, 0xff, 0xf8, 0x0, 0x0, 0x0, 0x0,
    0x3, 0xff, 0xef, 0xff, 0x80, 0x0, 0x0, 0x0,
    0x0, 0x3f, 0xfe, 0xff, 0xf8, 0x0, 0x0, 0x0,
    0x0, 0x3, 0xff, 0xef, 0xff, 0x80, 0x0, 0x0,
    0x0, 0x0, 0x3f, 0xfe, 0xff, 0xf8, 0x0, 0x0,
    0x0, 0x0, 0x3, 0xff, 0xef, 0xff, 0x80, 0x0,
    0x0, 0x0, 0x0, 0x3f, 0xfe, 0xff, 0xf8, 0x0,
    0x0, 0x0, 0x0, 0x3, 0xff, 0xef, 0xff, 0x80,
    0x0, 0x0, 0x0, 0x0, 0x3f, 0xfe, 0xff, 0xf8,
    0x0, 0x0, 0x0, 0x0, 0x3, 0xff, 0xef, 0xff,
    0x80, 0x0, 0x0, 0x0, 0x0, 0x3f, 0xfe, 0xff,
    0xf8, 0x0, 0x0, 0x0, 0x0, 0x3, 0xff, 0xef,
    0xff, 0x80, 0x0, 0x0, 0x0, 0x0, 0x3f, 0xfe,
    0xff, 0xf9, 0x55, 0x55, 0x55, 0x55, 0x57, 0xff,
    0xef, 0xff, 0xff, 0xff, 0xff, 0xff, 0xff, 0xff,
    0xfe, 0xff, 0xff, 0xff, 0xff, 0xff, 0xff, 0xff,
    0xff, 0xef, 0xff, 0xff, 0xff, 0xff, 0xff, 0xff,
    0xff, 0xfe, 0xff, 0xff, 0xff, 0xff, 0xff, 0xff,
    0xff, 0xff, 0xef, 0xff, 0xff, 0xff, 0xff, 0xff,
    0xff, 0xff, 0xfe, 0xff, 0xf8, 0x0, 0x0, 0x0,
    0x0, 0x3, 0xff, 0xef, 0xff, 0x80, 0x0, 0x0,
    0x0, 0x0, 0x3f, 0xfe, 0xff, 0xf8, 0x0, 0x0,
    0x0, 0x0, 0x3, 0xff, 0xef, 0xff, 0x80, 0x0,
    0x0, 0x0, 0x0, 0x3f, 0xfe, 0xff, 0xf8, 0x0,
    0x0, 0x0, 0x0, 0x3, 0xff, 0xef, 0xff, 0x80,
    0x0, 0x0, 0x0, 0x0, 0x3f, 0xfe, 0xff, 0xf8,
    0x0, 0x0, 0x0, 0x0, 0x3, 0xff, 0xef, 0xff,
    0x80, 0x0, 0x0, 0x0, 0x0, 0x3f, 0xfe, 0xff,
    0xf8, 0x0, 0x0, 0x0, 0x0, 0x3, 0xff, 0xef,
    0xff, 0x80, 0x0, 0x0, 0x0, 0x0, 0x3f, 0xfe,
    0xff, 0xf8, 0x0, 0x0, 0x0, 0x0, 0x3, 0xff,
    0xef, 0xff, 0x80, 0x0, 0x0, 0x0, 0x0, 0x3f,
    0xfe, 0xff, 0xf8, 0x0, 0x0, 0x0, 0x0, 0x3,
    0xff, 0xef, 0xff, 0x80, 0x0, 0x0, 0x0, 0x0,
    0x3f, 0xfe, 0xff, 0xf8, 0x0, 0x0, 0x0, 0x0,
    0x3, 0xff, 0xef, 0xff, 0x80, 0x0, 0x0, 0x0,
    0x0, 0x3f, 0xfe, 0xff, 0xf8, 0x0, 0x0, 0x0,
    0x0, 0x3, 0xff, 0xef, 0xff, 0x80, 0x0, 0x0,
    0x0, 0x0, 0x3f, 0xfe,

    /* U+0049 "I" */
    0xff, 0xfb, 0xff, 0xef, 0xff, 0xbf, 0xfe, 0xff,
    0xfb, 0xff, 0xef, 0xff, 0xbf, 0xfe, 0xff, 0xfb,
    0xff, 0xef, 0xff, 0xbf, 0xfe, 0xff, 0xfb, 0xff,
    0xef, 0xff, 0xbf, 0xfe, 0xff, 0xfb, 0xff, 0xef,
    0xff, 0xbf, 0xfe, 0xff, 0xfb, 0xff, 0xef, 0xff,
    0xbf, 0xfe, 0xff, 0xfb, 0xff, 0xef, 0xff, 0xbf,
    0xfe, 0xff, 0xfb, 0xff, 0xef, 0xff, 0xbf, 0xfe,
    0xff, 0xfb, 0xff, 0xef, 0xff, 0xbf, 0xfe, 0xff,
    0xfb, 0xff, 0xef, 0xff, 0xbf, 0xfe,

    /* U+004A "J" */
    0x0, 0x0, 0x0, 0x0, 0x3, 0xff, 0xe0, 0x0,
    0x0, 0x0, 0x0, 0x3f, 0xfe, 0x0, 0x0, 0x0,
    0x0, 0x3, 0xff, 0xe0, 0x0, 0x0, 0x0, 0x0,
    0x3f, 0xfe, 0x0, 0x0, 0x0, 0x0, 0x3, 0xff,
    0xe0, 0x0, 0x0, 0x0, 0x0, 0x3f, 0xfe, 0x0,
    0x0, 0x0, 0x0, 0x3, 0xff, 0xe0, 0x0, 0x0,
    0x0, 0x0, 0x3f, 0xfe, 0x0, 0x0, 0x0, 0x0,
    0x3, 0xff, 0xe0, 0x0, 0x0, 0x0, 0x0, 0x3f,
    0xfe, 0x0, 0x0, 0x0, 0x0, 0x3, 0xff, 0xe0,
    0x0, 0x0, 0x0, 0x0, 0x3f, 0xfe, 0x0, 0x0,
    0x0, 0x0, 0x3, 0xff, 0xe0, 0x0, 0x0, 0x0,
    0x0, 0x3f, 0xfe, 0x0, 0x0, 0x0, 0x0, 0x3,
    0xff, 0xe0, 0x0, 0x0, 0x0, 0x0, 0x3f, 0xfe,
    0x0, 0x0, 0x0, 0x0, 0x3, 0xff, 0xe0, 0x0,
    0x0, 0x0, 0x0, 0x3f, 0xfe, 0x0, 0x0, 0x0,
    0x0, 0x3, 0xff, 0xe0, 0x0, 0x0, 0x0, 0x0,
    0x3f, 0xfe, 0x0, 0x0, 0x0, 0x0, 0x3, 0xff,
    0xe0, 0x0, 0x0, 0x0, 0x0, 0x3f, 0xfe, 0x0,
    0x0, 0x0, 0x0, 0x3, 0xff, 0xe0, 0x0, 0x0,
    0x0, 0x0, 0x3f, 0xfe, 0x0, 0x0, 0x0, 0x0,
    0x3, 0xff, 0xe0, 0x0, 0x0, 0x0, 0x0, 0x3f,
    0xfe, 0x0, 0x0, 0x0, 0x0, 0x3, 0xff, 0xef,
    0xff, 0x80, 0x0, 0x0, 0x3f, 0xfd, 0xff, 0xf8,
    0x0, 0x0, 0x3, 0xff, 0xdf, 0xff, 0x80, 0x0,
    0x0, 0x3f, 0xfd, 0xff, 0xf8, 0x0, 0x0, 0x7,
    0xff, 0xdb, 0xff, 0xc0, 0x0, 0x0, 0xbf, 0xfc,
    0x7f, 0xfc, 0x0, 0x0, 0xf, 0xff, 0xc3, 0xff,
    0xf0, 0x0, 0x1, 0xff, 0xf8, 0x3f, 0xff, 0x80,
    0x0, 0x7f, 0xff, 0x41, 0xff, 0xff, 0x95, 0x7f,
    0xff, 0xf0, 0xb, 0xff, 0xff, 0xff, 0xff, 0xfd,
    0x0, 0x3f, 0xff, 0xff, 0xff, 0xff, 0x80, 0x0,
    0xbf, 0xff, 0xff, 0xff, 0xd0, 0x0, 0x1, 0xff,
    0xff, 0xff, 0xe0, 0x0, 0x0, 0x1, 0xbf, 0xff,
    0x90, 0x0, 0x0,

    /* U+004B "K" */
    0xff, 0xf8, 0x0, 0x0, 0x0, 0x0, 0x7f, 0xff,
    0xc0, 0x3f, 0xfe, 0x0, 0x0, 0x0, 0x0, 0x7f,
    0xff, 0xc0, 0xf, 0xff, 0x80, 0x0, 0x0, 0x0,
    0x7f, 0xff, 0xc0, 0x3, 0xff, 0xe0, 0x0, 0x0,
    0x0, 0x7f, 0xff, 0xc0, 0x0, 0xff, 0xf8, 0x0,
    0x0, 0x0, 0x7f, 0xff, 0x80, 0x0, 0x3f, 0xfe,
    0x0, 0x0, 0x0, 0x7f, 0xff, 0x80, 0x0, 0xf,
    0xff, 0x80, 0x0, 0x0, 0x7f, 0xff, 0x80, 0x0,
    0x3, 0xff, 0xe0, 0x0, 0x0, 0x7f, 0xff, 0x80,
    0x0, 0x0, 0xff, 0xf8, 0x0, 0x0, 0x7f, 0xff,
    0x80, 0x0, 0x0, 0x3f, 0xfe, 0x0, 0x0, 0x7f,
    0xff, 0x80, 0x0, 0x0, 0xf, 0xff, 0x80, 0x0,
    0x7f, 0xff, 0x80, 0x0, 0x0, 0x3, 0xff, 0xe0,
    0x0, 0x7f, 0xff, 0x80, 0x0, 0x0, 0x0, 0xff,
    0xf8, 0x0, 0x7f, 0xff, 0x80, 0x0, 0x0, 0x0,
    0x3f, 0xfe, 0x0, 0x3f, 0xff, 0x80, 0x0, 0x0,
    0x0, 0xf, 0xff, 0x80, 0x3f, 0xff, 0x80, 0x0,
    0x0, 0x0, 0x3, 0xff, 0xe0, 0x3f, 0xff, 0x40,
    0x0, 0x0, 0x0, 0x0, 0xff, 0xf8, 0x3f, 0xff,
    0x40, 0x0, 0x0, 0x0, 0x0, 0x3f, 0xfe, 0x3f,
    0xff, 0xc0, 0x0, 0x0, 0x0, 0x0, 0xf, 0xff,
    0xbf, 0xff, 0xfc, 0x0, 0x0, 0x0, 0x0, 0x3,
    0xff, 0xff, 0xff, 0xff, 0xc0, 0x0, 0x0, 0x0,
    0x0, 0xff, 0xff, 0xff, 0xff, 0xf8, 0x0, 0x0,
    0x0, 0x0, 0x3f, 0xff, 0xff, 0xbf, 0xff, 0x80,
    0x0, 0x0, 0x0, 0xf, 0xff, 0xff, 0x4b, 0xff,
    0xf8, 0x0, 0x0, 0x0, 0x3, 0xff, 0xff, 0x40,
    0xff, 0xff, 0x40, 0x0, 0x0, 0x0, 0xff, 0xff,
    0x40, 0xf, 0xff, 0xf4, 0x0, 0x0, 0x0, 0x3f,
    0xff, 0x40, 0x0, 0xff, 0xff, 0x0, 0x0, 0x0,
    0xf, 0xff, 0x80, 0x0, 0x1f, 0xff, 0xf0, 0x0,
    0x0, 0x3, 0xff, 0xe0, 0x0, 0x1, 0xff, 0xff,
    0x0, 0x0, 0x0, 0xff, 0xf8, 0x0, 0x0, 0x2f,
    0xff, 0xf0, 0x0, 0x0, 0x3f, 0xfe, 0x0, 0x0,
    0x3, 0xff, 0xfe, 0x0, 0x0, 0xf, 0xff, 0x80,
    0x0, 0x0, 0x3f, 0xff, 0xe0, 0x0, 0x3, 0xff,
    0xe0, 0x0, 0x0, 0x3, 0xff, 0xfd, 0x0, 0x0,
    0xff, 0xf8, 0x0, 0x0, 0x0, 0x3f, 0xff, 0xd0,
    0x0, 0x3f, 0xfe, 0x0, 0x0, 0x0, 0x7, 0xff,
    0xfd, 0x0, 0xf, 0xff, 0x80, 0x0, 0x0, 0x0,
    0xbf, 0xff, 0xc0, 0x3, 0xff, 0xe0, 0x0, 0x0,
    0x0, 0xb, 0xff, 0xfc, 0x0, 0xff, 0xf8, 0x0,
    0x0, 0x0, 0x0, 0xff, 0xff, 0xc0, 0x3f, 0xfe,
    0x0, 0x0, 0x0, 0x0, 0xf, 0xff, 0xfc, 0xf,
    0xff, 0x80, 0x0, 0x0, 0x0, 0x0, 0xff, 0xff,
    0x83, 0xff, 0xe0, 0x0, 0x0, 0x0, 0x0, 0x1f,
    0xff, 0xf8,

    /* U+004C "L" */
    0xaa, 0xa4, 0x0, 0x0, 0x0, 0x0, 0x0, 0xff,
    0xf8, 0x0, 0x0, 0x0, 0x0, 0x0, 0xff, 0xf8,
    0x0, 0x0, 0x0, 0x0, 0x0, 0xff, 0xf8, 0x0,
    0x0, 0x0, 0x0, 0x0, 0xff, 0xf8, 0x0, 0x0,
    0x0, 0x0, 0x0, 0xff, 0xf8, 0x0, 0x0, 0x0,
    0x0, 0x0, 0xff, 0xf8, 0x0, 0x0, 0x0, 0x0,
    0x0, 0xff, 0xf8, 0x0, 0x0, 0x0, 0x0, 0x0,
    0xff, 0xf8, 0x0, 0x0, 0x0, 0x0, 0x0, 0xff,
    0xf8, 0x0, 0x0, 0x0, 0x0, 0x0, 0xff, 0xf8,
    0x0, 0x0, 0x0, 0x0, 0x0, 0xff, 0xf8, 0x0,
    0x0, 0x0, 0x0, 0x0, 0xff, 0xf8, 0x0, 0x0,
    0x0, 0x0, 0x0, 0xff, 0xf8, 0x0, 0x0, 0x0,
    0x0, 0x0, 0xff, 0xf8, 0x0, 0x0, 0x0, 0x0,
    0x0, 0xff, 0xf8, 0x0, 0x0, 0x0, 0x0, 0x0,
    0xff, 0xf8, 0x0, 0x0, 0x0, 0x0, 0x0, 0xff,
    0xf8, 0x0, 0x0, 0x0, 0x0, 0x0, 0xff, 0xf8,
    0x0, 0x0, 0x0, 0x0, 0x0, 0xff, 0xf8, 0x0,
    0x0, 0x0, 0x0, 0x0, 0xff, 0xf8, 0x0, 0x0,
    0x0, 0x0, 0x0, 0xff, 0xf8, 0x0, 0x0, 0x0,
    0x0, 0x0, 0xff, 0xf8, 0x0, 0x0, 0x0, 0x0,
    0x0, 0xff, 0xf8, 0x0, 0x0, 0x0, 0x0, 0x0,
    0xff, 0xf8, 0x0, 0x0, 0x0, 0x0, 0x0, 0xff,
    0xf8, 0x0, 0x0, 0x0, 0x0, 0x0, 0xff, 0xf8,
    0x0, 0x0, 0x0, 0x0, 0x0, 0xff, 0xf8, 0x0,
    0x0, 0x0, 0x0, 0x0, 0xff, 0xf8, 0x0, 0x0,
    0x0, 0x0, 0x0, 0xff, 0xf8, 0x0, 0x0, 0x0,
    0x0, 0x0, 0xff, 0xf8, 0x0, 0x0, 0x0, 0x0,
    0x0, 0xff, 0xf8, 0x0, 0x0, 0x0, 0x0, 0x0,
    0xff, 0xf8, 0x0, 0x0, 0x0, 0x0, 0x0, 0xff,
    0xf8, 0x0, 0x0, 0x0, 0x0, 0x0, 0xff, 0xf8,
    0x0, 0x0, 0x0, 0x0, 0x0, 0xff, 0xf9, 0x55,
    0x55, 0x55, 0x55, 0x55, 0xff, 0xff, 0xff, 0xff,
    0xff, 0xff, 0xff, 0xff, 0xff, 0xff, 0xff, 0xff,
    0xff, 0xff, 0xff, 0xff, 0xff, 0xff, 0xff, 0xff,
    0xff, 0xff, 0xff, 0xff, 0xff, 0xff, 0xff, 0xff,
    0xff, 0xff, 0xff, 0xff, 0xff, 0xff, 0xff,

    /* U+004D "M" */
    0xff, 0xfe, 0x0, 0x0, 0x0, 0x0, 0x0, 0x0,
    0x7, 0xff, 0xfb, 0xff, 0xfc, 0x0, 0x0, 0x0,
    0x0, 0x0, 0x0, 0x3f, 0xff, 0xef, 0xff, 0xf8,
    0x0, 0x0, 0x0, 0x0, 0x0, 0x0, 0xff, 0xff,
    0xbf, 0xff, 0xf0, 0x0, 0x0, 0x0, 0x0, 0x0,
    0xb, 0xff, 0xfe, 0xff, 0xff, 0xd0, 0x0, 0x0,
    0x0, 0x0, 0x0, 0x3f, 0xff, 0xfb, 0xff, 0xff,
    0xc0, 0x0, 0x0, 0x0, 0x0, 0x2, 0xff, 0xff,
    0xef, 0xff, 0xff, 0x40, 0x0, 0x0, 0x0, 0x0,
    0xf, 0xff, 0xff, 0xbf, 0xff, 0xff, 0x0, 0x0,
    0x0, 0x0, 0x0, 0x7f, 0xff, 0xfe, 0xff, 0xff,
    0xfc, 0x0, 0x0, 0x0, 0x0, 0x3, 0xff, 0xff,
    0xfb, 0xff, 0xff, 0xf8, 0x0, 0x0, 0x0, 0x0,
    0xf, 0xff, 0xff, 0xef, 0xff, 0xff, 0xf0, 0x0,
    0x0, 0x0, 0x0, 0xbf, 0xff, 0xff, 0xbf, 0xff,
    0xff, 0xd0, 0x0, 0x0, 0x0, 0x3, 0xff, 0xff,
    0xfe, 0xff, 0xff, 0xff, 0xc0, 0x0, 0x0, 0x0,
    0x2f, 0xff, 0xff, 0xfb, 0xff, 0xef, 0xff, 0x40,
    0x0, 0x0, 0x0, 0xff, 0xf7, 0xff, 0xef, 0xff,
    0xaf, 0xff, 0x0, 0x0, 0x0, 0x7, 0xff, 0xcf,
    0xff, 0xbf, 0xfe, 0x3f, 0xfc, 0x0, 0x0, 0x0,
    0x3f, 0xfd, 0x3f, 0xfe, 0xff, 0xf8, 0xff, 0xf8,
    0x0, 0x0, 0x1, 0xff, 0xf0, 0xff, 0xfb, 0xff,
    0xe1, 0xff, 0xf0, 0x0, 0x0, 0xb, 0xff, 0x83,
    0xff, 0xef, 0xff, 0x83, 0xff, 0xe0, 0x0, 0x0,
    0x3f, 0xfc, 0xf, 0xff, 0xbf, 0xfe, 0x7, 0xff,
    0xc0, 0x0, 0x2, 0xff, 0xf0, 0x3f, 0xfe, 0xff,
    0xf8, 0xf, 0xff, 0x40, 0x0, 0xf, 0xff, 0x40,
    0xff, 0xfb, 0xff, 0xe0, 0x2f, 0xff, 0x0, 0x0,
    0x7f, 0xfc, 0x3, 0xff, 0xef, 0xff, 0x80, 0x3f,
    0xfd, 0x0, 0x3, 0xff, 0xd0, 0xf, 0xff, 0xbf,
    0xfe, 0x0, 0xbf, 0xf8, 0x0, 0x1f, 0xff, 0x0,
    0x3f, 0xfe, 0xff, 0xf8, 0x1, 0xff, 0xf0, 0x0,
    0xbf, 0xf8, 0x0, 0xff, 0xfb, 0xff, 0xe0, 0x3,
    0xff, 0xe0, 0x3, 0xff, 0xc0, 0x3, 0xff, 0xef,
    0xff, 0x80, 0x7, 0xff, 0xc0, 0x2f, 0xff, 0x0,
    0xf, 0xff, 0xbf, 0xfe, 0x0, 0xf, 0xff, 0x40,
    0xff, 0xf4, 0x0, 0x3f, 0xfe, 0xff, 0xf8, 0x0,
    0x2f, 0xff, 0x7, 0xff, 0xc0, 0x0, 0xff, 0xfb,
    0xff, 0xe0, 0x0, 0x3f, 0xfd, 0x3f, 0xfd, 0x0,
    0x3, 0xff, 0xef, 0xff, 0x80, 0x0, 0xbf, 0xf9,
    0xff, 0xf0, 0x0, 0xf, 0xff, 0xbf, 0xfe, 0x0,
    0x1, 0xff, 0xff, 0xff, 0x80, 0x0, 0x3f, 0xfe,
    0xff, 0xf8, 0x0, 0x3, 0xff, 0xff, 0xfc, 0x0,
    0x0, 0xff, 0xfb, 0xff, 0xe0, 0x0, 0x7, 0xff,
    0xff, 0xf0, 0x0, 0x3, 0xff, 0xef, 0xff, 0x80,
    0x0, 0xf, 0xff, 0xff, 0x40, 0x0, 0xf, 0xff,
    0xbf, 0xfe, 0x0, 0x0, 0x2f, 0xff, 0xfc, 0x0,
    0x0, 0x3f, 0xfe, 0xff, 0xf8, 0x0, 0x0, 0x3f,
    0xff, 0xe0, 0x0, 0x0, 0xff, 0xfb, 0xff, 0xe0,
    0x0, 0x0, 0xbf, 0xff, 0x0, 0x0, 0x3, 0xff,
    0xef, 0xff, 0x80, 0x0, 0x1, 0xff, 0xf8, 0x0,
    0x0, 0xf, 0xff, 0xbf, 0xfe, 0x0, 0x0, 0x3,
    0xff, 0xc0, 0x0, 0x0, 0x3f, 0xfe,

    /* U+004E "N" */
    0xff, 0xf8, 0x0, 0x0, 0x0, 0x0, 0xb, 0xff,
    0xff, 0xff, 0x40, 0x0, 0x0, 0x0, 0x2, 0xff,
    0xff, 0xff, 0xf0, 0x0, 0x0, 0x0, 0x0, 0xbf,
    0xff, 0xff, 0xff, 0x0, 0x0, 0x0, 0x0, 0x2f,
    0xff, 0xff, 0xff, 0xe0, 0x0, 0x0, 0x0, 0xb,
    0xff, 0xff, 0xff, 0xfc, 0x0, 0x0, 0x0, 0x2,
    0xff, 0xff, 0xff, 0xff, 0xc0, 0x0, 0x0, 0x0,
    0xbf, 0xff, 0xff, 0xff, 0xf8, 0x0, 0x0, 0x0,
    0x2f, 0xff, 0xff, 0xff, 0xff, 0x40, 0x0, 0x0,
    0xb, 0xff, 0xff, 0xff, 0xff, 0xf0, 0x0, 0x0,
    0x2, 0xff, 0xff, 0xff, 0xff, 0xfe, 0x0, 0x0,
    0x0, 0xbf, 0xff, 0xff, 0xef, 0xff, 0xd0, 0x0,
    0x0, 0x2f, 0xff, 0xff, 0xf9, 0xff, 0xfc, 0x0,
    0x0, 0xb, 0xff, 0xff, 0xfe, 0x2f, 0xff, 0xc0,
    0x0, 0x2, 0xff, 0xff, 0xff, 0x83, 0xff, 0xf4,
    0x0, 0x0, 0xbf, 0xff, 0xff, 0xe0, 0x3f, 0xff,
    0x0, 0x0, 0x2f, 0xff, 0xff, 0xf8, 0xb, 0xff,
    0xf0, 0x0, 0xb, 0xff, 0xff, 0xfe, 0x0, 0xff,
    0xfe, 0x0, 0x2, 0xff, 0xff, 0xff, 0x80, 0xf,
    0xff, 0xd0, 0x0, 0xbf, 0xff, 0xff, 0xe0, 0x1,
    0xff, 0xfc, 0x0, 0x2f, 0xff, 0xff, 0xf8, 0x0,
    0x2f, 0xff, 0x80, 0xb, 0xff, 0xff, 0xfe, 0x0,
    0x3, 0xff, 0xf4, 0x2, 0xff, 0xff, 0xff, 0x80,
    0x0, 0x7f, 0xff, 0x0, 0xbf, 0xff, 0xff, 0xe0,
    0x0, 0xb, 0xff, 0xf0, 0x2f, 0xff, 0xff, 0xf8,
    0x0, 0x0, 0xff, 0xfd, 0xb, 0xff, 0xff, 0xfe,
    0x0, 0x0, 0x1f, 0xff, 0xc2, 0xff, 0xff, 0xff,
    0x80, 0x0, 0x2, 0xff, 0xfc, 0xbf, 0xff, 0xff,
    0xe0, 0x0, 0x0, 0x3f, 0xff, 0xaf, 0xff, 0xff,
    0xf8, 0x0, 0x0, 0x3, 0xff, 0xff, 0xff, 0xff,
    0xfe, 0x0, 0x0, 0x0, 0x7f, 0xff, 0xff, 0xff,
    0xff, 0x80, 0x0, 0x0, 0xf, 0xff, 0xff, 0xff,
    0xff, 0xe0, 0x0, 0x0, 0x0, 0xff, 0xff, 0xff,
    0xff, 0xf8, 0x0, 0x0, 0x0, 0x1f, 0xff, 0xff,
    0xff, 0xfe, 0x0, 0x0, 0x0, 0x2, 0xff, 0xff,
    0xff, 0xff, 0x80, 0x0, 0x0, 0x0, 0x3f, 0xff,
    0xff, 0xff, 0xe0, 0x0, 0x0, 0x0, 0x7, 0xff,
    0xff, 0xff, 0xf8, 0x0, 0x0, 0x0, 0x0, 0xbf,
    0xff, 0xff, 0xfe, 0x0, 0x0, 0x0, 0x0, 0xf,
    0xff, 0xff, 0xff, 0x80, 0x0, 0x0, 0x0, 0x0,
    0xff, 0xff, 0xff, 0xe0, 0x0, 0x0, 0x0, 0x0,
    0x2f, 0xff,

    /* U+004F "O" */
    0x0, 0x0, 0x0, 0x16, 0xff, 0xfe, 0x40, 0x0,
    0x0, 0x0, 0x0, 0x0, 0xb, 0xff, 0xff, 0xff,
    0xf8, 0x0, 0x0, 0x0, 0x0, 0x2, 0xff, 0xff,
    0xff, 0xff, 0xfe, 0x0, 0x0, 0x0, 0x0, 0x7f,
    0xff, 0xff, 0xff, 0xff, 0xff, 0x40, 0x0, 0x0,
    0xb, 0xff, 0xff, 0xff, 0xff, 0xff, 0xff, 0x80,
    0x0, 0x0, 0xbf, 0xff, 0xfe, 0x55, 0x6f, 0xff,
    0xff, 0x80, 0x0, 0x7, 0xff, 0xfe, 0x0, 0x0,
    0x2, 0xff, 0xff, 0x40, 0x0, 0x7f, 0xff, 0xc0,
    0x0, 0x0, 0x0, 0xbf, 0xff, 0x40, 0x3, 0xff,
    0xf8, 0x0, 0x0, 0x0, 0x0, 0xbf, 0xff, 0x0,
    0x1f, 0xff, 0xc0, 0x0, 0x0, 0x0, 0x0, 0xbf,
    0xfd, 0x0, 0xff, 0xfc, 0x0, 0x0, 0x0, 0x0,
    0x0, 0xff, 0xfc, 0x7, 0xff, 0xd0, 0x0, 0x0,
    0x0, 0x0, 0x1, 0xff, 0xf4, 0x3f, 0xff, 0x0,
    0x0, 0x0, 0x0, 0x0, 0x3, 0xff, 0xf0, 0xff,
    0xf8, 0x0, 0x0, 0x0, 0x0, 0x0, 0xb, 0xff,
    0xc7, 0xff, 0xd0, 0x0, 0x0, 0x0, 0x0, 0x0,
    0x1f, 0xff, 0x6f, 0xff, 0x0, 0x0, 0x0, 0x0,
    0x0, 0x0, 0x3f, 0xfe, 0xbf, 0xfc, 0x0, 0x0,
    0x0, 0x0, 0x0, 0x0, 0xff, 0xfb, 0xff, 0xe0,
    0x0, 0x0, 0x0, 0x0, 0x0, 0x2, 0xff, 0xff,
    0xff, 0x80, 0x0, 0x0, 0x0, 0x0, 0x0, 0xb,
    0xff, 0xff, 0xfe, 0x0, 0x0, 0x0, 0x0, 0x0,
    0x0, 0x2f, 0xff, 0xff, 0xf8, 0x0, 0x0, 0x0,
    0x0, 0x0, 0x0, 0xbf, 0xff, 0xff, 0xe0, 0x0,
    0x0, 0x0, 0x0, 0x0, 0x2, 0xff, 0xff, 0xff,
    0x80, 0x0, 0x0, 0x0, 0x0, 0x0, 0xb, 0xff,
    0xff, 0xfe, 0x0, 0x0, 0x0, 0x0, 0x0, 0x0,
    0x2f, 0xff, 0xbf, 0xfc, 0x0, 0x0, 0x0, 0x0,
    0x0, 0x0, 0xff, 0xfa, 0xff, 0xf0, 0x0, 0x0,
    0x0, 0x0, 0x0, 0x3, 0xff, 0xe7, 0xff, 0xd0,
    0x0, 0x0, 0x0, 0x0, 0x0, 0xf, 0xff, 0x4f,
    0xff, 0x80, 0x0, 0x0, 0x0, 0x0, 0x0, 0xbf,
    0xfc, 0x3f, 0xff, 0x0, 0x0, 0x0, 0x0, 0x0,
    0x3, 0xff, 0xf0, 0x7f, 0xfd, 0x0, 0x0, 0x0,
    0x0, 0x0, 0x1f, 0xff, 0x40, 0xff, 0xfc, 0x0,
    0x0, 0x0, 0x0, 0x0, 0xff, 0xfc, 0x2, 0xff,
    0xfc, 0x0, 0x0, 0x0, 0x0, 0xb, 0xff, 0xe0,
    0x3, 0xff, 0xf8, 0x0, 0x0, 0x0, 0x0, 0xbf,
    0xff, 0x0, 0x7, 0xff, 0xf8, 0x0, 0x0, 0x0,
    0xb, 0xff, 0xf4, 0x0, 0xb, 0xff, 0xfe, 0x0,
    0x0, 0x2, 0xff, 0xff, 0x80, 0x0, 0xb, 0xff,
    0xff, 0xe5, 0x56, 0xff, 0xff, 0xf8, 0x0, 0x0,
    0xb, 0xff, 0xff, 0xff, 0xff, 0xff, 0xff, 0x80,
    0x0, 0x0, 0x7, 0xff, 0xff, 0xff, 0xff, 0xff,
    0xf4, 0x0, 0x0, 0x0, 0x2, 0xff, 0xff, 0xff,
    0xff, 0xfe, 0x0, 0x0, 0x0, 0x0, 0x0, 0xbf,
    0xff, 0xff, 0xff, 0x80, 0x0, 0x0, 0x0, 0x0,
    0x0, 0x16, 0xff, 0xfe, 0x50, 0x0, 0x0, 0x0,

    /* U+0050 "P" */
    0xff, 0xff, 0xff, 0xff, 0xff, 0x94, 0x0, 0x3,
    0xff, 0xff, 0xff, 0xff, 0xff, 0xfe, 0x0, 0xf,
    0xff, 0xff, 0xff, 0xff, 0xff, 0xff, 0x40, 0x3f,
    0xff, 0xff, 0xff, 0xff, 0xff, 0xff, 0x80, 0xff,
    0xff, 0xff, 0xff, 0xff, 0xff, 0xff, 0x83, 0xff,
    0xe5, 0x55, 0x55, 0x5b, 0xff, 0xff, 0x4f, 0xff,
    0x80, 0x0, 0x0, 0x1, 0xff, 0xff, 0x3f, 0xfe,
    0x0, 0x0, 0x0, 0x0, 0xff, 0xfc, 0xff, 0xf8,
    0x0, 0x0, 0x0, 0x1, 0xff, 0xf7, 0xff, 0xe0,
    0x0, 0x0, 0x0, 0x3, 0xff, 0xef, 0xff, 0x80,
    0x0, 0x0, 0x0, 0xb, 0xff, 0xff, 0xfe, 0x0,
    0x0, 0x0, 0x0, 0x2f, 0xff, 0xff, 0xf8, 0x0,
    0x0, 0x0, 0x0, 0xbf, 0xff, 0xff, 0xe0, 0x0,
    0x0, 0x0, 0x2, 0xff, 0xff, 0xff, 0x80, 0x0,
    0x0, 0x0, 0xb, 0xff, 0xff, 0xfe, 0x0, 0x0,
    0x0, 0x0, 0x3f, 0xfe, 0xff, 0xf8, 0x0, 0x0,
    0x0, 0x1, 0xff, 0xf7, 0xff, 0xe0, 0x0, 0x0,
    0x0, 0xf, 0xff, 0xcf, 0xff, 0x80, 0x0, 0x0,
    0x1, 0xff, 0xff, 0x3f, 0xfe, 0x55, 0x55, 0x55,
    0xbf, 0xff, 0xf4, 0xff, 0xff, 0xff, 0xff, 0xff,
    0xff, 0xff, 0x83, 0xff, 0xff, 0xff, 0xff, 0xff,
    0xff, 0xf8, 0xf, 0xff, 0xff, 0xff, 0xff, 0xff,
    0xff, 0x40, 0x3f, 0xff, 0xff, 0xff, 0xff, 0xff,
    0xe0, 0x0, 0xff, 0xff, 0xff, 0xff, 0xff, 0x94,
    0x0, 0x3, 0xff, 0xe0, 0x0, 0x0, 0x0, 0x0,
    0x0, 0xf, 0xff, 0x80, 0x0, 0x0, 0x0, 0x0,
    0x0, 0x3f, 0xfe, 0x0, 0x0, 0x0, 0x0, 0x0,
    0x0, 0xff, 0xf8, 0x0, 0x0, 0x0, 0x0, 0x0,
    0x3, 0xff, 0xe0, 0x0, 0x0, 0x0, 0x0, 0x0,
    0xf, 0xff, 0x80, 0x0, 0x0, 0x0, 0x0, 0x0,
    0x3f, 0xfe, 0x0, 0x0, 0x0, 0x0, 0x0, 0x0,
    0xff, 0xf8, 0x0, 0x0, 0x0, 0x0, 0x0, 0x3,
    0xff, 0xe0, 0x0, 0x0, 0x0, 0x0, 0x0, 0xf,
    0xff, 0x80, 0x0, 0x0, 0x0, 0x0, 0x0, 0x3f,
    0xfe, 0x0, 0x0, 0x0, 0x0, 0x0, 0x0, 0xff,
    0xf8, 0x0, 0x0, 0x0, 0x0, 0x0, 0x3, 0xff,
    0xe0, 0x0, 0x0, 0x0, 0x0, 0x0, 0xf, 0xff,
    0x80, 0x0, 0x0, 0x0, 0x0, 0x0, 0x3f, 0xfe,
    0x0, 0x0, 0x0, 0x0, 0x0, 0x0, 0xaa, 0xa4,
    0x0, 0x0, 0x0, 0x0, 0x0, 0x0,

    /* U+0051 "Q" */
    0x0, 0x0, 0x0, 0x16, 0xff, 0xfe, 0x40, 0x0,
    0x0, 0x0, 0x0, 0x0, 0xb, 0xff, 0xff, 0xff,
    0xf8, 0x0, 0x0, 0x0, 0x0, 0x2, 0xff, 0xff,
    0xff, 0xff, 0xfe, 0x0, 0x0, 0x0, 0x0, 0x7f,
    0xff, 0xff, 0xff, 0xff, 0xff, 0x40, 0x0, 0x0,
    0xb, 0xff, 0xff, 0xff, 0xff, 0xff, 0xff, 0x80,
    0x0, 0x0, 0xbf, 0xff, 0xfe, 0x55, 0x6f, 0xff,
    0xff, 0x80, 0x0, 0x7, 0xff, 0xfe, 0x0, 0x0,
    0x2, 0xff, 0xff, 0x40, 0x0, 0x7f, 0xff, 0xc0,
    0x0, 0x0, 0x0, 0xbf, 0xff, 0x0, 0x3, 0xff,
    0xf8, 0x0, 0x0, 0x0, 0x0, 0xbf, 0xff, 0x0,
    0x1f, 0xff, 0xc0, 0x0, 0x0, 0x0, 0x0, 0xbf,
    0xfd, 0x0, 0xff, 0xfc, 0x0, 0x0, 0x0, 0x0,
    0x0, 0xff, 0xfc, 0x7, 0xff, 0xd0, 0x0, 0x0,
    0x0, 0x0, 0x1, 0xff, 0xf4, 0x3f, 0xff, 0x0,
    0x0, 0x0, 0x0, 0x0, 0x3, 0xff, 0xe0, 0xff,
    0xf8, 0x0, 0x0, 0x0, 0x0, 0x0, 0xb, 0xff,
    0xc7, 0xff, 0xd0, 0x0, 0x0, 0x0, 0x0, 0x0,
    0x1f, 0xff, 0x6f, 0xff, 0x0, 0x0, 0x0, 0x0,
    0x0, 0x0, 0x3f, 0xfe, 0xbf, 0xfc, 0x0, 0x0,
    0x0, 0x0, 0x0, 0x0, 0xff, 0xfb, 0xff, 0xe0,
    0x0, 0x0, 0x0, 0x0, 0x0, 0x2, 0xff, 0xff,
    0xff, 0x80, 0x0, 0x0, 0x0, 0x0, 0x0, 0xb,
    0xff, 0xff, 0xfe, 0x0, 0x0, 0x0, 0x0, 0x0,
    0x0, 0x2f, 0xff, 0xff, 0xf8, 0x0, 0x0, 0x0,
    0x0, 0x0, 0x0, 0xbf, 0xff, 0xff, 0xe0, 0x0,
    0x0, 0x0, 0x0, 0x0, 0x2, 0xff, 0xff, 0xff,
    0x80, 0x0, 0x0, 0x0, 0x0, 0x0, 0xb, 0xff,
    0xff, 0xfe, 0x0, 0x0, 0x0, 0x0, 0x0, 0x0,
    0x2f, 0xff, 0xbf, 0xfc, 0x0, 0x0, 0x0, 0x2,
    0xc0, 0x0, 0xff, 0xfe, 0xff, 0xf0, 0x0, 0x0,
    0x0, 0x2f, 0xc0, 0x3, 0xff, 0xe7, 0xff, 0xd0,
    0x0, 0x0, 0x2, 0xff, 0xc0, 0x1f, 0xff, 0x4f,
    0xff, 0x80, 0x0, 0x0, 0xf, 0xff, 0xc0, 0xbf,
    0xfc, 0x3f, 0xff, 0x0, 0x0, 0x0, 0x1f, 0xff,
    0x83, 0xff, 0xf0, 0x7f, 0xfd, 0x0, 0x0, 0x0,
    0x2f, 0xff, 0x9f, 0xff, 0x80, 0xff, 0xfc, 0x0,
    0x0, 0x0, 0x2f, 0xff, 0xff, 0xfc, 0x2, 0xff,
    0xfc, 0x0, 0x0, 0x0, 0x3f, 0xff, 0xff, 0xf0,
    0x3, 0xff, 0xf8, 0x0, 0x0, 0x0, 0x3f, 0xff,
    0xff, 0x40, 0x7, 0xff, 0xf8, 0x0, 0x0, 0x0,
    0x3f, 0xff, 0xf8, 0x0, 0x7, 0xff, 0xfe, 0x0,
    0x0, 0x2, 0xff, 0xff, 0xc0, 0x0, 0xb, 0xff,
    0xff, 0xe5, 0x56, 0xff, 0xff, 0xfe, 0x0, 0x0,
    0xb, 0xff, 0xff, 0xff, 0xff, 0xff, 0xff, 0xfd,
    0x0, 0x0, 0x7, 0xff, 0xff, 0xff, 0xff, 0xff,
    0xff, 0xfc, 0x0, 0x0, 0x2, 0xff, 0xff, 0xff,
    0xff, 0xff, 0xff, 0xfc, 0x0, 0x0, 0x0, 0xbf,
    0xff, 0xff, 0xff, 0x91, 0xff, 0xf8, 0x0, 0x0,
    0x0, 0x16, 0xff, 0xfe, 0x90, 0x2, 0xff, 0xf4,
    0x0, 0x0, 0x0, 0x0, 0x0, 0x0, 0x0, 0x3,
    0xff, 0xc0, 0x0, 0x0, 0x0, 0x0, 0x0, 0x0,
    0x0, 0x3, 0xfc, 0x0, 0x0, 0x0, 0x0, 0x0,
    0x0, 0x0, 0x0, 0x7, 0x80, 0x0, 0x0, 0x0,
    0x0, 0x0, 0x0, 0x0, 0x0, 0x4, 0x0,

    /* U+0052 "R" */
    0xff, 0xff, 0xff, 0xff, 0xff, 0xe4, 0x0, 0x0,
    0xf, 0xff, 0xff, 0xff, 0xff, 0xff, 0xfd, 0x0,
    0x0, 0xff, 0xff, 0xff, 0xff, 0xff, 0xff, 0xf8,
    0x0, 0xf, 0xff, 0xff, 0xff, 0xff, 0xff, 0xff,
    0xf0, 0x0, 0xff, 0xff, 0xff, 0xff, 0xff, 0xff,
    0xff, 0xc0, 0xf, 0xff, 0x95, 0x55, 0x55, 0x6b,
    0xff, 0xfd, 0x0, 0xff, 0xf8, 0x0, 0x0, 0x0,
    0xb, 0xff, 0xf0, 0xf, 0xff, 0x80, 0x0, 0x0,
    0x0, 0x2f, 0xff, 0x40, 0xff, 0xf8, 0x0, 0x0,
    0x0, 0x0, 0xff, 0xf8, 0xf, 0xff, 0x80, 0x0,
    0x0, 0x0, 0xf, 0xff, 0xc0, 0xff, 0xf8, 0x0,
    0x0, 0x0, 0x0, 0xbf, 0xfc, 0xf, 0xff, 0x80,
    0x0, 0x0, 0x0, 0xb, 0xff, 0xc0, 0xff, 0xf8,
    0x0, 0x0, 0x0, 0x0, 0xbf, 0xfc, 0xf, 0xff,
    0x80, 0x0, 0x0, 0x0, 0xb, 0xff, 0xc0, 0xff,
    0xf8, 0x0, 0x0, 0x0, 0x0, 0xff, 0xf8, 0xf,
    0xff, 0x80, 0x0, 0x0, 0x0, 0x1f, 0xff, 0x40,
    0xff, 0xf8, 0x0, 0x0, 0x0, 0x3, 0xff, 0xf0,
    0xf, 0xff, 0x80, 0x0, 0x0, 0x1, 0xff, 0xfd,
    0x0, 0xff, 0xf9, 0x55, 0x55, 0x56, 0xff, 0xff,
    0x40, 0xf, 0xff, 0xff, 0xff, 0xff, 0xff, 0xff,
    0xd0, 0x0, 0xff, 0xff, 0xff, 0xff, 0xff, 0xff,
    0xe0, 0x0, 0xf, 0xff, 0xff, 0xff, 0xff, 0xff,
    0xfd, 0x0, 0x0, 0xff, 0xff, 0xff, 0xff, 0xff,
    0xff, 0xfd, 0x0, 0xf, 0xff, 0xff, 0xff, 0xff,
    0xff, 0xff, 0xf4, 0x0, 0xff, 0xf8, 0x0, 0x0,
    0x1, 0xbf, 0xff, 0xc0, 0xf, 0xff, 0x80, 0x0,
    0x0, 0x0, 0xff, 0xfd, 0x0, 0xff, 0xf8, 0x0,
    0x0, 0x0, 0x3, 0xff, 0xf0, 0xf, 0xff, 0x80,
    0x0, 0x0, 0x0, 0x2f, 0xff, 0x0, 0xff, 0xf8,
    0x0, 0x0, 0x0, 0x1, 0xff, 0xf0, 0xf, 0xff,
    0x80, 0x0, 0x0, 0x0, 0xf, 0xff, 0x40, 0xff,
    0xf8, 0x0, 0x0, 0x0, 0x0, 0xff, 0xf4, 0xf,
    0xff, 0x80, 0x0, 0x0, 0x0, 0xf, 0xff, 0x40,
    0xff, 0xf8, 0x0, 0x0, 0x0, 0x0, 0xff, 0xf8,
    0xf, 0xff, 0x80, 0x0, 0x0, 0x0, 0xb, 0xff,
    0x80, 0xff, 0xf8, 0x0, 0x0, 0x0, 0x0, 0xbf,
    0xfc, 0xf, 0xff, 0x80, 0x0, 0x0, 0x0, 0xb,
    0xff, 0xc0, 0xff, 0xf8, 0x0, 0x0, 0x0, 0x0,
    0x7f, 0xfc, 0xf, 0xff, 0x80, 0x0, 0x0, 0x0,
    0x3, 0xff, 0xd0, 0xff, 0xf8, 0x0, 0x0, 0x0,
    0x0, 0x3f, 0xff, 0xf, 0xff, 0x80, 0x0, 0x0,
    0x0, 0x1, 0xff, 0xf4, 0xaa, 0xa4, 0x0, 0x0,
    0x0, 0x0, 0x6, 0xaa, 0x40,

    /* U+0053 "S" */
    0x0, 0x0, 0x6, 0xbf, 0xff, 0x94, 0x0, 0x0,
    0x0, 0x0, 0x2f, 0xff, 0xff, 0xff, 0xe0, 0x0,
    0x0, 0x0, 0xbf, 0xff, 0xff, 0xff, 0xff, 0x80,
    0x0, 0x1, 0xff, 0xff, 0xff, 0xff, 0xff, 0xfc,
    0x0, 0x1, 0xff, 0xff, 0xff, 0xff, 0xff, 0xff,
    0xc0, 0x0, 0xff, 0xff, 0xe5, 0x55, 0xbf, 0xff,
    0xfc, 0x0, 0xff, 0xfe, 0x0, 0x0, 0x1, 0xff,
    0xff, 0x40, 0x7f, 0xfe, 0x0, 0x0, 0x0, 0xf,
    0xff, 0xf0, 0x2f, 0xff, 0x0, 0x0, 0x0, 0x0,
    0xff, 0xfd, 0xf, 0xff, 0x80, 0x0, 0x0, 0x0,
    0x1f, 0xff, 0x83, 0xff, 0xe0, 0x0, 0x0, 0x0,
    0x3, 0xff, 0xf0, 0xff, 0xf8, 0x0, 0x0, 0x0,
    0x0, 0xbf, 0xfc, 0x3f, 0xff, 0x0, 0x0, 0x0,
    0x0, 0x5, 0x55, 0xf, 0xff, 0xf0, 0x0, 0x0,
    0x0, 0x0, 0x0, 0x2, 0xff, 0xff, 0x40, 0x0,
    0x0, 0x0, 0x0, 0x0, 0x3f, 0xff, 0xfe, 0x0,
    0x0, 0x0, 0x0, 0x0, 0xb, 0xff, 0xff, 0xfe,
    0x0, 0x0, 0x0, 0x0, 0x0, 0xbf, 0xff, 0xff,
    0xfe, 0x0, 0x0, 0x0, 0x0, 0xb, 0xff, 0xff,
    0xff, 0xfe, 0x0, 0x0, 0x0, 0x0, 0x7f, 0xff,
    0xff, 0xff, 0xfe, 0x0, 0x0, 0x0, 0x1, 0xbf,
    0xff, 0xff, 0xff, 0xf8, 0x0, 0x0, 0x0, 0x1,
    0xbf, 0xff, 0xff, 0xff, 0xe0, 0x0, 0x0, 0x0,
    0x1, 0xbf, 0xff, 0xff, 0xff, 0x0, 0x0, 0x0,
    0x0, 0x1, 0xbf, 0xff, 0xff, 0xf0, 0x0, 0x0,
    0x0, 0x0, 0x1, 0xbf, 0xff, 0xfe, 0x0, 0x0,
    0x0, 0x0, 0x0, 0x1, 0xff, 0xff, 0xc0, 0x0,
    0x0, 0x0, 0x0, 0x0, 0xb, 0xff, 0xf9, 0x55,
    0x40, 0x0, 0x0, 0x0, 0x0, 0xbf, 0xff, 0xff,
    0xf4, 0x0, 0x0, 0x0, 0x0, 0xf, 0xff, 0xff,
    0xfe, 0x0, 0x0, 0x0, 0x0, 0x2, 0xff, 0xff,
    0xff, 0xc0, 0x0, 0x0, 0x0, 0x0, 0xbf, 0xfe,
    0xff, 0xf4, 0x0, 0x0, 0x0, 0x0, 0x2f, 0xff,
    0x7f, 0xff, 0x0, 0x0, 0x0, 0x0, 0xf, 0xff,
    0x8f, 0xff, 0xe0, 0x0, 0x0, 0x0, 0xf, 0xff,
    0xd1, 0xff, 0xff, 0x0, 0x0, 0x0, 0x1f, 0xff,
    0xf0, 0x3f, 0xff, 0xfd, 0x40, 0x1, 0xbf, 0xff,
    0xf4, 0x3, 0xff, 0xff, 0xff, 0xff, 0xff, 0xff,
    0xf8, 0x0, 0x3f, 0xff, 0xff, 0xff, 0xff, 0xff,
    0xf8, 0x0, 0x2, 0xff, 0xff, 0xff, 0xff, 0xff,
    0xf4, 0x0, 0x0, 0xb, 0xff, 0xff, 0xff, 0xff,
    0xd0, 0x0, 0x0, 0x0, 0x1b, 0xff, 0xff, 0xf9,
    0x0, 0x0, 0x0, 0x0, 0x0, 0x0, 0x0, 0x0,
    0x0, 0x0, 0x0,

    /* U+0054 "T" */
    0x55, 0x55, 0x55, 0x55, 0x55, 0x55, 0x55, 0x55,
    0x7f, 0xff, 0xff, 0xff, 0xff, 0xff, 0xff, 0xff,
    0xff, 0xff, 0xff, 0xff, 0xff, 0xff, 0xff, 0xff,
    0xff, 0xff, 0xff, 0xff, 0xff, 0xff, 0xff, 0xff,
    0xff, 0xff, 0xff, 0xff, 0xff, 0xff, 0xff, 0xff,
    0xff, 0xff, 0xff, 0xff, 0xff, 0xff, 0xff, 0xff,
    0xff, 0xf0, 0x0, 0x0, 0x3, 0xff, 0xe0, 0x0,
    0x0, 0x0, 0x0, 0x0, 0x0, 0xff, 0xf8, 0x0,
    0x0, 0x0, 0x0, 0x0, 0x0, 0x3f, 0xfe, 0x0,
    0x0, 0x0, 0x0, 0x0, 0x0, 0xf, 0xff, 0x80,
    0x0, 0x0, 0x0, 0x0, 0x0, 0x3, 0xff, 0xe0,
    0x0, 0x0, 0x0, 0x0, 0x0, 0x0, 0xff, 0xf8,
    0x0, 0x0, 0x0, 0x0, 0x0, 0x0, 0x3f, 0xfe,
    0x0, 0x0, 0x0, 0x0, 0x0, 0x0, 0xf, 0xff,
    0x80, 0x0, 0x0, 0x0, 0x0, 0x0, 0x3, 0xff,
    0xe0, 0x0, 0x0, 0x0, 0x0, 0x0, 0x0, 0xff,
    0xf8, 0x0, 0x0, 0x0, 0x0, 0x0, 0x0, 0x3f,
    0xfe, 0x0, 0x0, 0x0, 0x0, 0x0, 0x0, 0xf,
    0xff, 0x80, 0x0, 0x0, 0x0, 0x0, 0x0, 0x3,
    0xff, 0xe0, 0x0, 0x0, 0x0, 0x0, 0x0, 0x0,
    0xff, 0xf8, 0x0, 0x0, 0x0, 0x0, 0x0, 0x0,
    0x3f, 0xfe, 0x0, 0x0, 0x0, 0x0, 0x0, 0x0,
    0xf, 0xff, 0x80, 0x0, 0x0, 0x0, 0x0, 0x0,
    0x3, 0xff, 0xe0, 0x0, 0x0, 0x0, 0x0, 0x0,
    0x0, 0xff, 0xf8, 0x0, 0x0, 0x0, 0x0, 0x0,
    0x0, 0x3f, 0xfe, 0x0, 0x0, 0x0, 0x0, 0x0,
    0x0, 0xf, 0xff, 0x80, 0x0, 0x0, 0x0, 0x0,
    0x0, 0x3, 0xff, 0xe0, 0x0, 0x0, 0x0, 0x0,
    0x0, 0x0, 0xff, 0xf8, 0x0, 0x0, 0x0, 0x0,
    0x0, 0x0, 0x3f, 0xfe, 0x0, 0x0, 0x0, 0x0,
    0x0, 0x0, 0xf, 0xff, 0x80, 0x0, 0x0, 0x0,
    0x0, 0x0, 0x3, 0xff, 0xe0, 0x0, 0x0, 0x0,
    0x0, 0x0, 0x0, 0xff, 0xf8, 0x0, 0x0, 0x0,
    0x0, 0x0, 0x0, 0x3f, 0xfe, 0x0, 0x0, 0x0,
    0x0, 0x0, 0x0, 0xf, 0xff, 0x80, 0x0, 0x0,
    0x0, 0x0, 0x0, 0x3, 0xff, 0xe0, 0x0, 0x0,
    0x0, 0x0, 0x0, 0x0, 0xff, 0xf8, 0x0, 0x0,
    0x0, 0x0, 0x0, 0x0, 0x3f, 0xfe, 0x0, 0x0,
    0x0, 0x0, 0x0, 0x0, 0xf, 0xff, 0x80, 0x0,
    0x0, 0x0, 0x0, 0x0, 0x3, 0xff, 0xe0, 0x0,
    0x0, 0x0, 0x0, 0x0, 0x0, 0xff, 0xf8, 0x0,
    0x0, 0x0, 0x0, 0x0, 0x0, 0x2a, 0xa9, 0x0,
    0x0, 0x0, 0x0,

    /* U+0055 "U" */
    0xff, 0xf8, 0x0, 0x0, 0x0, 0x0, 0xb, 0xff,
    0xff, 0xfe, 0x0, 0x0, 0x0, 0x0, 0x2, 0xff,
    0xff, 0xff, 0x80, 0x0, 0x0, 0x0, 0x0, 0xbf,
    0xff, 0xff, 0xe0, 0x0, 0x0, 0x0, 0x0, 0x2f,
    0xff, 0xff, 0xf8, 0x0, 0x0, 0x0, 0x0, 0xb,
    0xff, 0xff, 0xfe, 0x0, 0x0, 0x0, 0x0, 0x2,
    0xff, 0xff, 0xff, 0x80, 0x0, 0x0, 0x0, 0x0,
    0xbf, 0xff, 0xff, 0xe0, 0x0, 0x0, 0x0, 0x0,
    0x2f, 0xff, 0xff, 0xf8, 0x0, 0x0, 0x0, 0x0,
    0xb, 0xff, 0xff, 0xfe, 0x0, 0x0, 0x0, 0x0,
    0x2, 0xff, 0xff, 0xff, 0x80, 0x0, 0x0, 0x0,
    0x0, 0xbf, 0xff, 0xff, 0xe0, 0x0, 0x0, 0x0,
    0x0, 0x2f, 0xff, 0xff, 0xf8, 0x0, 0x0, 0x0,
    0x0, 0xb, 0xff, 0xff, 0xfe, 0x0, 0x0, 0x0,
    0x0, 0x2, 0xff, 0xff, 0xff, 0x80, 0x0, 0x0,
    0x0, 0x0, 0xbf, 0xff, 0xff, 0xe0, 0x0, 0x0,
    0x0, 0x0, 0x2f, 0xff, 0xff, 0xf8, 0x0, 0x0,
    0x0, 0x0, 0xb, 0xff, 0xff, 0xfe, 0x0, 0x0,
    0x0, 0x0, 0x2, 0xff, 0xff, 0xff, 0x80, 0x0,
    0x0, 0x0, 0x0, 0xbf, 0xff, 0xff, 0xe0, 0x0,
    0x0, 0x0, 0x0, 0x2f, 0xff, 0xff, 0xf8, 0x0,
    0x0, 0x0, 0x0, 0xb, 0xff, 0xff, 0xfe, 0x0,
    0x0, 0x0, 0x0, 0x2, 0xff, 0xff, 0xff, 0x80,
    0x0, 0x0, 0x0, 0x0, 0xbf, 0xff, 0xff, 0xe0,
    0x0, 0x0, 0x0, 0x0, 0x2f, 0xff, 0xff, 0xf8,
    0x0, 0x0, 0x0, 0x0, 0xb, 0xff, 0xff, 0xfe,
    0x0, 0x0, 0x0, 0x0, 0x2, 0xff, 0xff, 0xff,
    0x80, 0x0, 0x0, 0x0, 0x0, 0xbf, 0xff, 0xff,
    0xe0, 0x0, 0x0, 0x0, 0x0, 0x2f, 0xff, 0xbf,
    0xfc, 0x0, 0x0, 0x0, 0x0, 0xf, 0xff, 0xaf,
    0xff, 0x0, 0x0, 0x0, 0x0, 0x3, 0xff, 0xe7,
    0xff, 0xd0, 0x0, 0x0, 0x0, 0x1, 0xff, 0xf4,
    0xff, 0xf8, 0x0, 0x0, 0x0, 0x0, 0xbf, 0xfc,
    0x2f, 0xff, 0x40, 0x0, 0x0, 0x0, 0x7f, 0xfe,
    0x3, 0xff, 0xf4, 0x0, 0x0, 0x0, 0x7f, 0xff,
    0x0, 0xbf, 0xff, 0x80, 0x0, 0x0, 0xbf, 0xff,
    0x80, 0xf, 0xff, 0xff, 0x95, 0x5b, 0xff, 0xff,
    0xc0, 0x0, 0xff, 0xff, 0xff, 0xff, 0xff, 0xff,
    0xc0, 0x0, 0xf, 0xff, 0xff, 0xff, 0xff, 0xff,
    0xc0, 0x0, 0x0, 0xbf, 0xff, 0xff, 0xff, 0xff,
    0x80, 0x0, 0x0, 0x2, 0xff, 0xff, 0xff, 0xfe,
    0x0, 0x0, 0x0, 0x0, 0x1, 0xbf, 0xff, 0xa4,
    0x0, 0x0, 0x0,

    /* U+0056 "V" */
    0x6a, 0xa8, 0x0, 0x0, 0x0, 0x0, 0x0, 0x1a,
    0xaa, 0x5f, 0xff, 0x80, 0x0, 0x0, 0x0, 0x0,
    0xf, 0xff, 0xd3, 0xff, 0xf0, 0x0, 0x0, 0x0,
    0x0, 0x3, 0xff, 0xf0, 0xbf, 0xfd, 0x0, 0x0,
    0x0, 0x0, 0x1, 0xff, 0xf8, 0x1f, 0xff, 0x80,
    0x0, 0x0, 0x0, 0x0, 0xff, 0xfc, 0x3, 0xff,
    0xf0, 0x0, 0x0, 0x0, 0x0, 0x3f, 0xff, 0x0,
    0xbf, 0xfd, 0x0, 0x0, 0x0, 0x0, 0x1f, 0xff,
    0x80, 0x1f, 0xff, 0x80, 0x0, 0x0, 0x0, 0xf,
    0xff, 0xc0, 0x3, 0xff, 0xf0, 0x0, 0x0, 0x0,
    0x3, 0xff, 0xf0, 0x0, 0xbf, 0xfd, 0x0, 0x0,
    0x0, 0x1, 0xff, 0xf4, 0x0, 0xf, 0xff, 0x80,
    0x0, 0x0, 0x0, 0xff, 0xfc, 0x0, 0x3, 0xff,
    0xf0, 0x0, 0x0, 0x0, 0x3f, 0xff, 0x0, 0x0,
    0xbf, 0xfd, 0x0, 0x0, 0x0, 0x1f, 0xff, 0x40,
    0x0, 0xf, 0xff, 0x80, 0x0, 0x0, 0xf, 0xff,
    0xc0, 0x0, 0x3, 0xff, 0xf0, 0x0, 0x0, 0x3,
    0xff, 0xe0, 0x0, 0x0, 0x7f, 0xfd, 0x0, 0x0,
    0x1, 0xff, 0xf4, 0x0, 0x0, 0xf, 0xff, 0x80,
    0x0, 0x0, 0xff, 0xfc, 0x0, 0x0, 0x3, 0xff,
    0xf0, 0x0, 0x0, 0x3f, 0xfe, 0x0, 0x0, 0x0,
    0x7f, 0xfd, 0x0, 0x0, 0x1f, 0xff, 0x40, 0x0,
    0x0, 0xf, 0xff, 0x80, 0x0, 0xf, 0xff, 0xc0,
    0x0, 0x0, 0x2, 0xff, 0xf0, 0x0, 0x3, 0xff,
    0xe0, 0x0, 0x0, 0x0, 0x7f, 0xfd, 0x0, 0x1,
    0xff, 0xf4, 0x0, 0x0, 0x0, 0xf, 0xff, 0x80,
    0x0, 0xff, 0xfc, 0x0, 0x0, 0x0, 0x2, 0xff,
    0xf0, 0x0, 0x3f, 0xfe, 0x0, 0x0, 0x0, 0x0,
    0x7f, 0xfd, 0x0, 0x1f, 0xff, 0x0, 0x0, 0x0,
    0x0, 0xf, 0xff, 0x80, 0xf, 0xff, 0xc0, 0x0,
    0x0, 0x0, 0x2, 0xff, 0xf0, 0x3, 0xff, 0xd0,
    0x0, 0x0, 0x0, 0x0, 0x3f, 0xfd, 0x1, 0xff,
    0xf0, 0x0, 0x0, 0x0, 0x0, 0xf, 0xff, 0x80,
    0xff, 0xfc, 0x0, 0x0, 0x0, 0x0, 0x2, 0xff,
    0xf0, 0x3f, 0xfd, 0x0, 0x0, 0x0, 0x0, 0x0,
    0x3f, 0xfd, 0x1f, 0xff, 0x0, 0x0, 0x0, 0x0,
    0x0, 0xf, 0xff, 0x8f, 0xff, 0x80, 0x0, 0x0,
    0x0, 0x0, 0x1, 0xff, 0xf3, 0xff, 0xd0, 0x0,
    0x0, 0x0, 0x0, 0x0, 0x3f, 0xff, 0xff, 0xf0,
    0x0, 0x0, 0x0, 0x0, 0x0, 0xf, 0xff, 0xff,
    0xf8, 0x0, 0x0, 0x0, 0x0, 0x0, 0x1, 0xff,
    0xff, 0xfd, 0x0, 0x0, 0x0, 0x0, 0x0, 0x0,
    0x3f, 0xff, 0xff, 0x0, 0x0, 0x0, 0x0, 0x0,
    0x0, 0xb, 0xff, 0xff, 0x80, 0x0, 0x0, 0x0,
    0x0, 0x0, 0x1, 0xff, 0xff, 0xd0, 0x0, 0x0,
    0x0, 0x0, 0x0, 0x0, 0x3f, 0xff, 0xf0, 0x0,
    0x0, 0x0, 0x0, 0x0, 0x0, 0xb, 0xff, 0xf8,
    0x0, 0x0, 0x0, 0x0,

    /* U+0057 "W" */
    0x6a, 0xa9, 0x0, 0x0, 0x0, 0x1, 0xaa, 0xa0,
    0x0, 0x0, 0x0, 0xa, 0xaa, 0x47, 0xff, 0xf0,
    0x0, 0x0, 0x0, 0x3f, 0xff, 0x40, 0x0, 0x0,
    0x2, 0xff, 0xfc, 0x3f, 0xff, 0x0, 0x0, 0x0,
    0x3, 0xff, 0xf8, 0x0, 0x0, 0x0, 0x3f, 0xff,
    0x83, 0xff, 0xf4, 0x0, 0x0, 0x0, 0x7f, 0xff,
    0xc0, 0x0, 0x0, 0x3, 0xff, 0xf0, 0x2f, 0xff,
    0x80, 0x0, 0x0, 0xb, 0xff, 0xfc, 0x0, 0x0,
    0x0, 0x7f, 0xff, 0x1, 0xff, 0xfc, 0x0, 0x0,
    0x0, 0xff, 0xff, 0xd0, 0x0, 0x0, 0xb, 0xff,
    0xe0, 0xf, 0xff, 0xc0, 0x0, 0x0, 0xf, 0xff,
    0xfe, 0x0, 0x0, 0x0, 0xff, 0xfd, 0x0, 0xbf,
    0xfd, 0x0, 0x0, 0x1, 0xff, 0xff, 0xf0, 0x0,
    0x0, 0xf, 0xff, 0xc0, 0x7, 0xff, 0xe0, 0x0,
    0x0, 0x3f, 0xff, 0xff, 0x0, 0x0, 0x1, 0xff,
    0xfc, 0x0, 0x3f, 0xff, 0x0, 0x0, 0x3, 0xff,
    0xff, 0xf4, 0x0, 0x0, 0x1f, 0xff, 0x80, 0x3,
    0xff, 0xf0, 0x0, 0x0, 0x7f, 0xff, 0xff, 0x80,
    0x0, 0x2, 0xff, 0xf0, 0x0, 0x2f, 0xff, 0x40,
    0x0, 0xb, 0xff, 0x7f, 0xfc, 0x0, 0x0, 0x3f,
    0xff, 0x0, 0x1, 0xff, 0xf8, 0x0, 0x0, 0xff,
    0xf2, 0xff, 0xc0, 0x0, 0x3, 0xff, 0xe0, 0x0,
    0xf, 0xff, 0xc0, 0x0, 0xf, 0xff, 0x1f, 0xfd,
    0x0, 0x0, 0x7f, 0xfd, 0x0, 0x0, 0xff, 0xfc,
    0x0, 0x1, 0xff, 0xe0, 0xff, 0xe0, 0x0, 0xb,
    0xff, 0xc0, 0x0, 0x7, 0xff, 0xd0, 0x0, 0x2f,
    0xfd, 0xf, 0xff, 0x0, 0x0, 0xff, 0xfc, 0x0,
    0x0, 0x3f, 0xfe, 0x0, 0x3, 0xff, 0xc0, 0xbf,
    0xf0, 0x0, 0xf, 0xff, 0x80, 0x0, 0x3, 0xff,
    0xf0, 0x0, 0x3f, 0xfc, 0x7, 0xff, 0x40, 0x1,
    0xff, 0xf0, 0x0, 0x0, 0x2f, 0xff, 0x0, 0x7,
    0xff, 0x80, 0x3f, 0xf8, 0x0, 0x2f, 0xff, 0x0,
    0x0, 0x1, 0xff, 0xf4, 0x0, 0xbf, 0xf4, 0x3,
    0xff, 0xc0, 0x3, 0xff, 0xe0, 0x0, 0x0, 0xf,
    0xff, 0x80, 0xf, 0xff, 0x0, 0x2f, 0xfc, 0x0,
    0x3f, 0xfd, 0x0, 0x0, 0x0, 0xff, 0xfc, 0x0,
    0xff, 0xf0, 0x1, 0xff, 0xd0, 0x7, 0xff, 0xc0,
    0x0, 0x0, 0x7, 0xff, 0xc0, 0x1f, 0xfe, 0x0,
    0xf, 0xfe, 0x0, 0xbf, 0xfc, 0x0, 0x0, 0x0,
    0x3f, 0xfd, 0x2, 0xff, 0xd0, 0x0, 0xff, 0xf0,
    0xf, 0xff, 0x80, 0x0, 0x0, 0x3, 0xff, 0xe0,
    0x3f, 0xfc, 0x0, 0xb, 0xff, 0x0, 0xff, 0xf0,
    0x0, 0x0, 0x0, 0x2f, 0xff, 0x3, 0xff, 0x80,
    0x0, 0x7f, 0xf4, 0x1f, 0xff, 0x0, 0x0, 0x0,
    0x1, 0xff, 0xf0, 0x7f, 0xf4, 0x0, 0x3, 0xff,
    0x82, 0xff, 0xe0, 0x0, 0x0, 0x0, 0xf, 0xff,
    0xb, 0xff, 0x0, 0x0, 0x3f, 0xfc, 0x3f, 0xfd,
    0x0, 0x0, 0x0, 0x0, 0xff, 0xf4, 0xff, 0xf0,
    0x0, 0x2, 0xff, 0xd3, 0xff, 0xc0, 0x0, 0x0,
    0x0, 0x7, 0xff, 0x8f, 0xfe, 0x0, 0x0, 0x1f,
    0xfe, 0x7f, 0xfc, 0x0, 0x0, 0x0, 0x0, 0x3f,
    0xfd, 0xff, 0xd0, 0x0, 0x0, 0xff, 0xfb, 0xff,
    0x80, 0x0, 0x0, 0x0, 0x3, 0xff, 0xff, 0xfc,
    0x0, 0x0, 0xf, 0xff, 0xff, 0xf4, 0x0, 0x0,
    0x0, 0x0, 0x2f, 0xff, 0xff, 0xc0, 0x0, 0x0,
    0xbf, 0xff, 0xff, 0x0, 0x0, 0x0, 0x0, 0x1,
    0xff, 0xff, 0xf8, 0x0, 0x0, 0x7, 0xff, 0xff,
    0xe0, 0x0, 0x0, 0x0, 0x0, 0xf, 0xff, 0xff,
    0x40, 0x0, 0x0, 0x3f, 0xff, 0xfd, 0x0, 0x0,
    0x0, 0x0, 0x0, 0xff, 0xff, 0xf0, 0x0, 0x0,
    0x3, 0xff, 0xff, 0xc0, 0x0, 0x0, 0x0, 0x0,
    0xb, 0xff, 0xff, 0x0, 0x0, 0x0, 0x2f, 0xff,
    0xfc, 0x0, 0x0, 0x0, 0x0, 0x0, 0x3f, 0xff,
    0xe0, 0x0, 0x0, 0x1, 0xff, 0xff, 0x80, 0x0,
    0x0, 0x0, 0x0, 0x3, 0xff, 0xfd, 0x0, 0x0,
    0x0, 0xf, 0xff, 0xf4, 0x0, 0x0, 0x0, 0x0,
    0x0, 0x2f, 0xff, 0xc0, 0x0, 0x0, 0x0, 0xff,
    0xff, 0x0, 0x0, 0x0, 0x0, 0x0, 0x1, 0xff,
    0xfc, 0x0, 0x0, 0x0, 0xb, 0xff, 0xe0, 0x0,
    0x0, 0x0,

    /* U+0058 "X" */
    0x1f, 0xff, 0xe0, 0x0, 0x0, 0x0, 0x1, 0xff,
    0xfe, 0x3, 0xff, 0xfc, 0x0, 0x0, 0x0, 0x0,
    0xff, 0xff, 0x0, 0x3f, 0xff, 0xc0, 0x0, 0x0,
    0x0, 0xbf, 0xff, 0x40, 0x7, 0xff, 0xf8, 0x0,
    0x0, 0x0, 0x7f, 0xff, 0x80, 0x0, 0xbf, 0xff,
    0x0, 0x0, 0x0, 0x3f, 0xff, 0xc0, 0x0, 0xf,
    0xff, 0xf0, 0x0, 0x0, 0x2f, 0xff, 0xc0, 0x0,
    0x1, 0xff, 0xfe, 0x0, 0x0, 0x1f, 0xff, 0xd0,
    0x0, 0x0, 0x2f, 0xff, 0xc0, 0x0, 0xf, 0xff,
    0xf0, 0x0, 0x0, 0x3, 0xff, 0xfc, 0x0, 0xb,
    0xff, 0xf0, 0x0, 0x0, 0x0, 0x7f, 0xff, 0x80,
    0x7, 0xff, 0xf4, 0x0, 0x0, 0x0, 0xb, 0xff,
    0xf0, 0x3, 0xff, 0xf8, 0x0, 0x0, 0x0, 0x0,
    0xff, 0xff, 0x2, 0xff, 0xfc, 0x0, 0x0, 0x0,
    0x0, 0xf, 0xff, 0xe1, 0xff, 0xfd, 0x0, 0x0,
    0x0, 0x0, 0x1, 0xff, 0xfd, 0xff, 0xfe, 0x0,
    0x0, 0x0, 0x0, 0x0, 0x3f, 0xff, 0xff, 0xff,
    0x0, 0x0, 0x0, 0x0, 0x0, 0x3, 0xff, 0xff,
    0xff, 0x0, 0x0, 0x0, 0x0, 0x0, 0x0, 0x7f,
    0xff, 0xff, 0x40, 0x0, 0x0, 0x0, 0x0, 0x0,
    0xb, 0xff, 0xff, 0xc0, 0x0, 0x0, 0x0, 0x0,
    0x0, 0x0, 0xff, 0xff, 0xc0, 0x0, 0x0, 0x0,
    0x0, 0x0, 0x0, 0x2f, 0xff, 0xe0, 0x0, 0x0,
    0x0, 0x0, 0x0, 0x0, 0x1f, 0xff, 0xfd, 0x0,
    0x0, 0x0, 0x0, 0x0, 0x0, 0xf, 0xff, 0xff,
    0xc0, 0x0, 0x0, 0x0, 0x0, 0x0, 0xb, 0xff,
    0xff, 0xf8, 0x0, 0x0, 0x0, 0x0, 0x0, 0x7,
    0xff, 0xff, 0xff, 0x40, 0x0, 0x0, 0x0, 0x0,
    0x3, 0xff, 0xff, 0xff, 0xf0, 0x0, 0x0, 0x0,
    0x0, 0x2, 0xff, 0xfc, 0xff, 0xff, 0x0, 0x0,
    0x0, 0x0, 0x1, 0xff, 0xfd, 0xf, 0xff, 0xe0,
    0x0, 0x0, 0x0, 0x0, 0xff, 0xfe, 0x1, 0xff,
    0xfc, 0x0, 0x0, 0x0, 0x0, 0xff, 0xff, 0x0,
    0x3f, 0xff, 0xc0, 0x0, 0x0, 0x0, 0x7f, 0xff,
    0x40, 0x3, 0xff, 0xf8, 0x0, 0x0, 0x0, 0x3f,
    0xff, 0x80, 0x0, 0x7f, 0xff, 0x40, 0x0, 0x0,
    0x3f, 0xff, 0xc0, 0x0, 0xf, 0xff, 0xf0, 0x0,
    0x0, 0x2f, 0xff, 0xd0, 0x0, 0x0, 0xff, 0xfe,
    0x0, 0x0, 0xf, 0xff, 0xe0, 0x0, 0x0, 0x1f,
    0xff, 0xd0, 0x0, 0xf, 0xff, 0xf0, 0x0, 0x0,
    0x3, 0xff, 0xfc, 0x0, 0xb, 0xff, 0xf4, 0x0,
    0x0, 0x0, 0x3f, 0xff, 0xc0, 0x7, 0xff, 0xf8,
    0x0, 0x0, 0x0, 0x7, 0xff, 0xf4, 0x3, 0xff,
    0xfc, 0x0, 0x0, 0x0, 0x0, 0xff, 0xff, 0x2,
    0xff, 0xfd, 0x0, 0x0, 0x0, 0x0, 0xf, 0xff,
    0xf1, 0xff, 0xfe, 0x0, 0x0, 0x0, 0x0, 0x1,
    0xff, 0xfe,

    /* U+0059 "Y" */
    0x6a, 0xaa, 0x0, 0x0, 0x0, 0x0, 0x0, 0x6,
    0xaa, 0x90, 0xff, 0xfe, 0x0, 0x0, 0x0, 0x0,
    0x0, 0x3f, 0xff, 0x82, 0xff, 0xfd, 0x0, 0x0,
    0x0, 0x0, 0x3, 0xff, 0xfc, 0x3, 0xff, 0xfc,
    0x0, 0x0, 0x0, 0x0, 0x1f, 0xff, 0xd0, 0x3,
    0xff, 0xf8, 0x0, 0x0, 0x0, 0x0, 0xff, 0xfe,
    0x0, 0xb, 0xff, 0xf0, 0x0, 0x0, 0x0, 0xb,
    0xff, 0xf0, 0x0, 0xf, 0xff, 0xf0, 0x0, 0x0,
    0x0, 0x7f, 0xff, 0x40, 0x0, 0x1f, 0xff, 0xd0,
    0x0, 0x0, 0x3, 0xff, 0xfc, 0x0, 0x0, 0x2f,
    0xff, 0xc0, 0x0, 0x0, 0x1f, 0xff, 0xc0, 0x0,
    0x0, 0x3f, 0xff, 0x80, 0x0, 0x0, 0xff, 0xfd,
    0x0, 0x0, 0x0, 0x7f, 0xff, 0x0, 0x0, 0xb,
    0xff, 0xf0, 0x0, 0x0, 0x0, 0xbf, 0xff, 0x0,
    0x0, 0x7f, 0xff, 0x0, 0x0, 0x0, 0x0, 0xff,
    0xfd, 0x0, 0x3, 0xff, 0xf8, 0x0, 0x0, 0x0,
    0x1, 0xff, 0xfc, 0x0, 0x2f, 0xff, 0xc0, 0x0,
    0x0, 0x0, 0x2, 0xff, 0xf8, 0x0, 0xff, 0xfc,
    0x0, 0x0, 0x0, 0x0, 0x3, 0xff, 0xf4, 0xf,
    0xff, 0xe0, 0x0, 0x0, 0x0, 0x0, 0x7, 0xff,
    0xf0, 0x7f, 0xff, 0x0, 0x0, 0x0, 0x0, 0x0,
    0xf, 0xff, 0xe3, 0xff, 0xf4, 0x0, 0x0, 0x0,
    0x0, 0x0, 0xf, 0xff, 0xef, 0xff, 0x80, 0x0,
    0x0, 0x0, 0x0, 0x0, 0x1f, 0xff, 0xff, 0xfc,
    0x0, 0x0, 0x0, 0x0, 0x0, 0x0, 0x3f, 0xff,
    0xff, 0xd0, 0x0, 0x0, 0x0, 0x0, 0x0, 0x0,
    0x3f, 0xff, 0xfe, 0x0, 0x0, 0x0, 0x0, 0x0,
    0x0, 0x0, 0xbf, 0xff, 0xf0, 0x0, 0x0, 0x0,
    0x0, 0x0, 0x0, 0x0, 0xff, 0xff, 0x40, 0x0,
    0x0, 0x0, 0x0, 0x0, 0x0, 0x1, 0xff, 0xfc,
    0x0, 0x0, 0x0, 0x0, 0x0, 0x0, 0x0, 0x3,
    0xff, 0xe0, 0x0, 0x0, 0x0, 0x0, 0x0, 0x0,
    0x0, 0xf, 0xff, 0x80, 0x0, 0x0, 0x0, 0x0,
    0x0, 0x0, 0x0, 0x3f, 0xfe, 0x0, 0x0, 0x0,
    0x0, 0x0, 0x0, 0x0, 0x0, 0xff, 0xf8, 0x0,
    0x0, 0x0, 0x0, 0x0, 0x0, 0x0, 0x3, 0xff,
    0xe0, 0x0, 0x0, 0x0, 0x0, 0x0, 0x0, 0x0,
    0xf, 0xff, 0x80, 0x0, 0x0, 0x0, 0x0, 0x0,
    0x0, 0x0, 0x3f, 0xfe, 0x0, 0x0, 0x0, 0x0,
    0x0, 0x0, 0x0, 0x0, 0xff, 0xf8, 0x0, 0x0,
    0x0, 0x0, 0x0, 0x0, 0x0, 0x3, 0xff, 0xe0,
    0x0, 0x0, 0x0, 0x0, 0x0, 0x0, 0x0, 0xf,
    0xff, 0x80, 0x0, 0x0, 0x0, 0x0, 0x0, 0x0,
    0x0, 0x3f, 0xfe, 0x0, 0x0, 0x0, 0x0, 0x0,
    0x0, 0x0, 0x0, 0xff, 0xf8, 0x0, 0x0, 0x0,
    0x0, 0x0, 0x0, 0x0, 0x3, 0xff, 0xe0, 0x0,
    0x0, 0x0, 0x0, 0x0, 0x0, 0x0, 0xf, 0xff,
    0x80, 0x0, 0x0, 0x0, 0x0, 0x0, 0x0, 0x0,
    0x3f, 0xfe, 0x0, 0x0, 0x0, 0x0, 0x0, 0x0,
    0x0, 0x0, 0xff, 0xf8, 0x0, 0x0, 0x0, 0x0,

    /* U+005A "Z" */
    0x5, 0x55, 0x55, 0x55, 0x55, 0x55, 0x55, 0x55,
    0x3, 0xff, 0xff, 0xff, 0xff, 0xff, 0xff, 0xff,
    0xc0, 0xff, 0xff, 0xff, 0xff, 0xff, 0xff, 0xff,
    0xf0, 0x3f, 0xff, 0xff, 0xff, 0xff, 0xff, 0xff,
    0xfc, 0xf, 0xff, 0xff, 0xff, 0xff, 0xff, 0xff,
    0xff, 0x3, 0xff, 0xff, 0xff, 0xff, 0xff, 0xff,
    0xff, 0xc0, 0x0, 0x0, 0x0, 0x0, 0x0, 0x3f,
    0xff, 0xd0, 0x0, 0x0, 0x0, 0x0, 0x0, 0x2f,
    0xff, 0xe0, 0x0, 0x0, 0x0, 0x0, 0x0, 0x1f,
    0xff, 0xf0, 0x0, 0x0, 0x0, 0x0, 0x0, 0x1f,
    0xff, 0xf0, 0x0, 0x0, 0x0, 0x0, 0x0, 0xf,
    0xff, 0xf4, 0x0, 0x0, 0x0, 0x0, 0x0, 0xf,
    0xff, 0xf4, 0x0, 0x0, 0x0, 0x0, 0x0, 0xb,
    0xff, 0xf8, 0x0, 0x0, 0x0, 0x0, 0x0, 0x7,
    0xff, 0xfc, 0x0, 0x0, 0x0, 0x0, 0x0, 0x3,
    0xff, 0xfc, 0x0, 0x0, 0x0, 0x0, 0x0, 0x3,
    0xff, 0xfd, 0x0, 0x0, 0x0, 0x0, 0x0, 0x2,
    0xff, 0xfe, 0x0, 0x0, 0x0, 0x0, 0x0, 0x1,
    0xff, 0xff, 0x0, 0x0, 0x0, 0x0, 0x0, 0x1,
    0xff, 0xff, 0x0, 0x0, 0x0, 0x0, 0x0, 0x0,
    0xff, 0xff, 0x40, 0x0, 0x0, 0x0, 0x0, 0x0,
    0xff, 0xff, 0x80, 0x0, 0x0, 0x0, 0x0, 0x0,
    0xbf, 0xff, 0xc0, 0x0, 0x0, 0x0, 0x0, 0x0,
    0x7f, 0xff, 0xc0, 0x0, 0x0, 0x0, 0x0, 0x0,
    0x3f, 0xff, 0xd0, 0x0, 0x0, 0x0, 0x0, 0x0,
    0x3f, 0xff, 0xe0, 0x0, 0x0, 0x0, 0x0, 0x0,
    0x2f, 0xff, 0xe0, 0x0, 0x0, 0x0, 0x0, 0x0,
    0x1f, 0xff, 0xf0, 0x0, 0x0, 0x0, 0x0, 0x0,
    0x1f, 0xff, 0xf0, 0x0, 0x0, 0x0, 0x0, 0x0,
    0xf, 0xff, 0xf4, 0x0, 0x0, 0x0, 0x0, 0x0,
    0xf, 0xff, 0xf8, 0x0, 0x0, 0x0, 0x0, 0x0,
    0xb, 0xff, 0xfc, 0x0, 0x0, 0x0, 0x0, 0x0,
    0x7, 0xff, 0xfc, 0x0, 0x0, 0x0, 0x0, 0x0,
    0x3, 0xff, 0xfd, 0x0, 0x0, 0x0, 0x0, 0x0,
    0x3, 0xff, 0xfe, 0x0, 0x0, 0x0, 0x0, 0x0,
    0x2, 0xff, 0xff, 0x0, 0x0, 0x0, 0x0, 0x0,
    0x1, 0xff, 0xff, 0x55, 0x55, 0x55, 0x55, 0x55,
    0x55, 0xff, 0xff, 0xff, 0xff, 0xff, 0xff, 0xff,
    0xff, 0xff, 0xff, 0xff, 0xff, 0xff, 0xff, 0xff,
    0xff, 0xff, 0xff, 0xff, 0xff, 0xff, 0xff, 0xff,
    0xff, 0xff, 0xff, 0xff, 0xff, 0xff, 0xff, 0xff,
    0xff, 0xff, 0xff, 0xff, 0xff, 0xff, 0xff, 0xff,
    0xff, 0xff, 0xc0,

    /* U+005B "[" */
    0xff, 0xff, 0xff, 0xfb, 0xff, 0xff, 0xff, 0xef,
    0xff, 0xff, 0xff, 0xbf, 0xff, 0xff, 0xfe, 0xff,
    0xff, 0xff, 0xfb, 0xff, 0xd5, 0x55, 0x4f, 0xff,
    0x0, 0x0, 0x3f, 0xfc, 0x0, 0x0, 0xff, 0xf0,
    0x0, 0x3, 0xff, 0xc0, 0x0, 0xf, 0xff, 0x0,
    0x0, 0x3f, 0xfc, 0x0, 0x0, 0xff, 0xf0, 0x0,
    0x3, 0xff, 0xc0, 0x0, 0xf, 0xff, 0x0, 0x0,
    0x3f, 0xfc, 0x0, 0x0, 0xff, 0xf0, 0x0, 0x3,
    0xff, 0xc0, 0x0, 0xf, 0xff, 0x0, 0x0, 0x3f,
    0xfc, 0x0, 0x0, 0xff, 0xf0, 0x0, 0x3, 0xff,
    0xc0, 0x0, 0xf, 0xff, 0x0, 0x0, 0x3f, 0xfc,
    0x0, 0x0, 0xff, 0xf0, 0x0, 0x3, 0xff, 0xc0,
    0x0, 0xf, 0xff, 0x0, 0x0, 0x3f, 0xfc, 0x0,
    0x0, 0xff, 0xf0, 0x0, 0x3, 0xff, 0xc0, 0x0,
    0xf, 0xff, 0x0, 0x0, 0x3f, 0xfc, 0x0, 0x0,
    0xff, 0xf0, 0x0, 0x3, 0xff, 0xc0, 0x0, 0xf,
    0xff, 0x0, 0x0, 0x3f, 0xfc, 0x0, 0x0, 0xff,
    0xf0, 0x0, 0x3, 0xff, 0xc0, 0x0, 0xf, 0xff,
    0x0, 0x0, 0x3f, 0xfc, 0x0, 0x0, 0xff, 0xf0,
    0x0, 0x3, 0xff, 0xc0, 0x0, 0xf, 0xff, 0x0,
    0x0, 0x3f, 0xfc, 0x0, 0x0, 0xff, 0xf0, 0x0,
    0x3, 0xff, 0xc0, 0x0, 0xf, 0xff, 0x0, 0x0,
    0x3f, 0xfd, 0x55, 0x54, 0xff, 0xff, 0xff, 0xfb,
    0xff, 0xff, 0xff, 0xef, 0xff, 0xff, 0xff, 0xbf,
    0xff, 0xff, 0xfe, 0xff, 0xff, 0xff, 0xf8,

    /* U+005C "\\" */
    0x7f, 0xf0, 0x0, 0x0, 0x0, 0x0, 0x3, 0xff,
    0x80, 0x0, 0x0, 0x0, 0x0, 0x2f, 0xfc, 0x0,
    0x0, 0x0, 0x0, 0x0, 0xff, 0xd0, 0x0, 0x0,
    0x0, 0x0, 0xf, 0xfe, 0x0, 0x0, 0x0, 0x0,
    0x0, 0x7f, 0xf0, 0x0, 0x0, 0x0, 0x0, 0x3,
    0xff, 0x40, 0x0, 0x0, 0x0, 0x0, 0x2f, 0xfc,
    0x0, 0x0, 0x0, 0x0, 0x1, 0xff, 0xc0, 0x0,
    0x0, 0x0, 0x0, 0xf, 0xfe, 0x0, 0x0, 0x0,
    0x0, 0x0, 0xbf, 0xf0, 0x0, 0x0, 0x0, 0x0,
    0x3, 0xff, 0x40, 0x0, 0x0, 0x0, 0x0, 0x3f,
    0xf8, 0x0, 0x0, 0x0, 0x0, 0x1, 0xff, 0xc0,
    0x0, 0x0, 0x0, 0x0, 0xf, 0xfd, 0x0, 0x0,
    0x0, 0x0, 0x0, 0xbf, 0xf0, 0x0, 0x0, 0x0,
    0x0, 0x7, 0xff, 0x0, 0x0, 0x0, 0x0, 0x0,
    0x3f, 0xf8, 0x0, 0x0, 0x0, 0x0, 0x2, 0xff,
    0xc0, 0x0, 0x0, 0x0, 0x0, 0xf, 0xfd, 0x0,
    0x0, 0x0, 0x0, 0x0, 0xff, 0xe0, 0x0, 0x0,
    0x0, 0x0, 0x7, 0xff, 0x0, 0x0, 0x0, 0x0,
    0x0, 0x3f, 0xf4, 0x0, 0x0, 0x0, 0x0, 0x2,
    0xff, 0xc0, 0x0, 0x0, 0x0, 0x0, 0x1f, 0xfc,
    0x0, 0x0, 0x0, 0x0, 0x0, 0xff, 0xe0, 0x0,
    0x0, 0x0, 0x0, 0xb, 0xff, 0x0, 0x0, 0x0,
    0x0, 0x0, 0x3f, 0xf4, 0x0, 0x0, 0x0, 0x0,
    0x3, 0xff, 0x80, 0x0, 0x0, 0x0, 0x0, 0x1f,
    0xfc, 0x0, 0x0, 0x0, 0x0, 0x0, 0xff, 0xd0,
    0x0, 0x0, 0x0, 0x0, 0xb, 0xff, 0x0, 0x0,
    0x0, 0x0, 0x0, 0x7f, 0xf0, 0x0, 0x0, 0x0,
    0x0, 0x3, 0xff, 0x80, 0x0, 0x0, 0x0, 0x0,
    0x2f, 0xfc, 0x0, 0x0, 0x0, 0x0, 0x0, 0xff,
    0xd0, 0x0, 0x0, 0x0, 0x0, 0xf, 0xfe, 0x0,
    0x0, 0x0, 0x0, 0x0, 0x7f, 0xf0, 0x0, 0x0,
    0x0, 0x0, 0x3, 0xff, 0x40, 0x0, 0x0, 0x0,
    0x0, 0x2f, 0xfc, 0x0, 0x0, 0x0, 0x0, 0x1,
    0xff, 0xc0, 0x0, 0x0, 0x0, 0x0, 0xf, 0xfe,
    0x0, 0x0, 0x0, 0x0, 0x0, 0xbf, 0xf0, 0x0,
    0x0, 0x0, 0x0, 0x3, 0xff, 0x40, 0x0, 0x0,
    0x0, 0x0, 0x3f, 0xf8, 0x0, 0x0, 0x0, 0x0,
    0x1, 0xff, 0xc0, 0x0, 0x0, 0x0, 0x0, 0xf,
    0xfd, 0x0, 0x0, 0x0, 0x0, 0x0, 0xbf, 0xf0,
    0x0, 0x0, 0x0, 0x0, 0x7, 0xff, 0x0, 0x0,
    0x0, 0x0, 0x0, 0x3f, 0xf8, 0x0, 0x0, 0x0,
    0x0, 0x2, 0xff, 0xc0, 0x0, 0x0, 0x0, 0x0,
    0x1f, 0xfd,

    /* U+005D "]" */
    0xff, 0xff, 0xff, 0xff, 0xff, 0xff, 0xff, 0xff,
    0xff, 0xff, 0xff, 0xff, 0xff, 0xff, 0xff, 0xff,
    0xff, 0xff, 0xfd, 0x55, 0x55, 0xff, 0xf0, 0x0,
    0x3, 0xff, 0xc0, 0x0, 0xf, 0xff, 0x0, 0x0,
    0x3f, 0xfc, 0x0, 0x0, 0xff, 0xf0, 0x0, 0x3,
    0xff, 0xc0, 0x0, 0xf, 0xff, 0x0, 0x0, 0x3f,
    0xfc, 0x0, 0x0, 0xff, 0xf0, 0x0, 0x3, 0xff,
    0xc0, 0x0, 0xf, 0xff, 0x0, 0x0, 0x3f, 0xfc,
    0x0, 0x0, 0xff, 0xf0, 0x0, 0x3, 0xff, 0xc0,
    0x0, 0xf, 0xff, 0x0, 0x0, 0x3f, 0xfc, 0x0,
    0x0, 0xff, 0xf0, 0x0, 0x3, 0xff, 0xc0, 0x0,
    0xf, 0xff, 0x0, 0x0, 0x3f, 0xfc, 0x0, 0x0,
    0xff, 0xf0, 0x0, 0x3, 0xff, 0xc0, 0x0, 0xf,
    0xff, 0x0, 0x0, 0x3f, 0xfc, 0x0, 0x0, 0xff,
    0xf0, 0x0, 0x3, 0xff, 0xc0, 0x0, 0xf, 0xff,
    0x0, 0x0, 0x3f, 0xfc, 0x0, 0x0, 0xff, 0xf0,
    0x0, 0x3, 0xff, 0xc0, 0x0, 0xf, 0xff, 0x0,
    0x0, 0x3f, 0xfc, 0x0, 0x0, 0xff, 0xf0, 0x0,
    0x3, 0xff, 0xc0, 0x0, 0xf, 0xff, 0x0, 0x0,
    0x3f, 0xfc, 0x0, 0x0, 0xff, 0xf0, 0x0, 0x3,
    0xff, 0xc0, 0x0, 0xf, 0xff, 0x0, 0x0, 0x3f,
    0xfc, 0x0, 0x0, 0xff, 0xf0, 0x0, 0x3, 0xff,
    0xd5, 0x55, 0x5f, 0xff, 0xff, 0xff, 0xff, 0xff,
    0xff, 0xff, 0xff, 0xff, 0xff, 0xff, 0xff, 0xff,
    0xff, 0xff, 0xff, 0xff, 0xff, 0xff, 0xfc,

    /* U+005E "^" */
    0x0, 0x0, 0x1a, 0xa8, 0x0, 0x0, 0x0, 0x0,
    0xf, 0xff, 0x80, 0x0, 0x0, 0x0, 0xb, 0xff,
    0xf0, 0x0, 0x0, 0x0, 0x3, 0xff, 0xfe, 0x0,
    0x0, 0x0, 0x1, 0xff, 0xff, 0xc0, 0x0, 0x0,
    0x0, 0xff, 0xff, 0xf4, 0x0, 0x0, 0x0, 0x7f,
    0xf7, 0xff, 0x0, 0x0, 0x0, 0x3f, 0xf8, 0xff,
    0xd0, 0x0, 0x0, 0x1f, 0xfc, 0x1f, 0xfc, 0x0,
    0x0, 0xf, 0xfe, 0x3, 0xff, 0x40, 0x0, 0x7,
    0xff, 0x0, 0xbf, 0xf0, 0x0, 0x2, 0xff, 0x80,
    0xf, 0xfc, 0x0, 0x0, 0xff, 0xc0, 0x2, 0xff,
    0x80, 0x0, 0xbf, 0xe0, 0x0, 0x3f, 0xf0, 0x0,
    0x3f, 0xf0, 0x0, 0xb, 0xfe, 0x0, 0x2f, 0xf8,
    0x0, 0x0, 0xff, 0xc0, 0xf, 0xfc, 0x0, 0x0,
    0x2f, 0xf8, 0x7, 0xfe, 0x0, 0x0, 0x3, 0xff,
    0x3, 0xff, 0x0, 0x0, 0x0, 0xbf, 0xd1, 0xff,
    0x80, 0x0, 0x0, 0xf, 0xfc,

    /* U+005F "_" */
    0x55, 0x55, 0x55, 0x55, 0x55, 0x55, 0x55, 0xff,
    0xff, 0xff, 0xff, 0xff, 0xff, 0xff, 0xff, 0xff,
    0xff, 0xff, 0xff, 0xff, 0xff, 0xff, 0xff, 0xff,
    0xff, 0xff, 0xff, 0xff, 0xff, 0xff, 0xff, 0xff,
    0xff, 0xff, 0xff, 0xff, 0xff, 0xff, 0xff, 0xff,
    0xff, 0xff,

    /* U+0060 "`" */
    0x6a, 0xa8, 0x0, 0xf, 0xff, 0xc0, 0x0, 0xff,
    0xf4, 0x0, 0xf, 0xff, 0x0, 0x0, 0xff, 0xe0,
    0x0, 0xf, 0xfd, 0x0, 0x0, 0xff, 0xc0, 0x0,
    0xf, 0xf8, 0x0, 0x0, 0xff, 0x0,

    /* U+0061 "a" */
    0x0, 0x0, 0x6b, 0xff, 0xe9, 0x0, 0x0, 0x0,
    0x2f, 0xff, 0xff, 0xff, 0x40, 0x0, 0x3, 0xff,
    0xff, 0xff, 0xff, 0xc0, 0x0, 0x7f, 0xff, 0xff,
    0xff, 0xff, 0xc0, 0x3, 0xff, 0xff, 0xff, 0xff,
    0xff, 0x80, 0x3f, 0xff, 0xf5, 0x56, 0xff, 0xff,
    0x40, 0xff, 0xfc, 0x0, 0x0, 0xff, 0xfe, 0xb,
    0xff, 0xc0, 0x0, 0x0, 0xff, 0xfc, 0x3f, 0xfe,
    0x0, 0x0, 0x1, 0xff, 0xf0, 0xff, 0xf0, 0x0,
    0x0, 0x3, 0xff, 0xd0, 0x0, 0x0, 0x0, 0x0,
    0xf, 0xff, 0x40, 0x0, 0x0, 0x1, 0x55, 0x7f,
    0xfd, 0x0, 0x1, 0xbf, 0xff, 0xff, 0xff, 0xf8,
    0x0, 0xbf, 0xff, 0xff, 0xff, 0xff, 0xe0, 0x1f,
    0xff, 0xff, 0xff, 0xff, 0xff, 0x81, 0xff, 0xff,
    0xff, 0xff, 0xff, 0xfe, 0x1f, 0xff, 0xff, 0xff,
    0xff, 0xff, 0xf8, 0xff, 0xff, 0xd0, 0x0, 0x3,
    0xff, 0xe7, 0xff, 0xf4, 0x0, 0x0, 0xf, 0xff,
    0xaf, 0xff, 0x40, 0x0, 0x0, 0x3f, 0xfe, 0xff,
    0xfc, 0x0, 0x0, 0x1, 0xff, 0xfb, 0xff, 0xe0,
    0x0, 0x0, 0xb, 0xff, 0xef, 0xff, 0x80, 0x0,
    0x0, 0x7f, 0xff, 0xbf, 0xff, 0x0, 0x0, 0x3,
    0xff, 0xfe, 0xbf, 0xfd, 0x0, 0x0, 0xbf, 0xff,
    0xf9, 0xff, 0xff, 0x55, 0x6f, 0xff, 0xff, 0xe3,
    0xff, 0xff, 0xff, 0xff, 0xff, 0xff, 0x87, 0xff,
    0xff, 0xff, 0xff, 0x6f, 0xfe, 0x7, 0xff, 0xff,
    0xff, 0xf4, 0xbf, 0xf8, 0x7, 0xff, 0xff, 0xfe,
    0x2, 0xff, 0xe0, 0x1, 0xbf, 0xfe, 0x40, 0x0,
    0x0, 0x0,

    /* U+0062 "b" */
    0xff, 0xf8, 0x0, 0x0, 0x0, 0x0, 0x0, 0xff,
    0xf8, 0x0, 0x0, 0x0, 0x0, 0x0, 0xff, 0xf8,
    0x0, 0x0, 0x0, 0x0, 0x0, 0xff, 0xf8, 0x0,
    0x0, 0x0, 0x0, 0x0, 0xff, 0xf8, 0x0, 0x0,
    0x0, 0x0, 0x0, 0xff, 0xf8, 0x0, 0x0, 0x0,
    0x0, 0x0, 0xff, 0xf8, 0x0, 0x0, 0x0, 0x0,
    0x0, 0xff, 0xf8, 0x0, 0x0, 0x0, 0x0, 0x0,
    0xff, 0xf8, 0x0, 0x0, 0x0, 0x0, 0x0, 0xff,
    0xf8, 0x0, 0x0, 0x0, 0x0, 0x0, 0xff, 0xf8,
    0x0, 0x0, 0x0, 0x0, 0x0, 0xff, 0xf8, 0x1,
    0xbf, 0xf9, 0x0, 0x0, 0xff, 0xf8, 0xf, 0xff,
    0xff, 0xd0, 0x0, 0xff, 0xf8, 0x7f, 0xff, 0xff,
    0xf8, 0x0, 0xff, 0xf9, 0xff, 0xff, 0xff, 0xfe,
    0x0, 0xff, 0xfb, 0xff, 0xff, 0xff, 0xff, 0x80,
    0xff, 0xff, 0xfe, 0x55, 0xbf, 0xff, 0xd0, 0xff,
    0xff, 0xf0, 0x0, 0xf, 0xff, 0xf0, 0xff, 0xff,
    0xc0, 0x0, 0x3, 0xff, 0xf4, 0xff, 0xff, 0x0,
    0x0, 0x0, 0xff, 0xfc, 0xff, 0xfd, 0x0, 0x0,
    0x0, 0xbf, 0xfc, 0xff, 0xfc, 0x0, 0x0, 0x0,
    0x3f, 0xfd, 0xff, 0xf8, 0x0, 0x0, 0x0, 0x3f,
    0xfe, 0xff, 0xf8, 0x0, 0x0, 0x0, 0x2f, 0xff,
    0xff, 0xf4, 0x0, 0x0, 0x0, 0x2f, 0xff, 0xff,
    0xf4, 0x0, 0x0, 0x0, 0x2f, 0xff, 0xff, 0xf4,
    0x0, 0x0, 0x0, 0x2f, 0xff, 0xff, 0xf4, 0x0,
    0x0, 0x0, 0x2f, 0xff, 0xff, 0xf4, 0x0, 0x0,
    0x0, 0x2f, 0xff, 0xff, 0xf8, 0x0, 0x0, 0x0,
    0x2f, 0xff, 0xff, 0xf8, 0x0, 0x0, 0x0, 0x3f,
    0xfe, 0xff, 0xfc, 0x0, 0x0, 0x0, 0x3f, 0xfd,
    0xff, 0xfd, 0x0, 0x0, 0x0, 0xbf, 0xfc, 0xff,
    0xff, 0x0, 0x0, 0x0, 0xff, 0xfc, 0xff, 0xff,
    0x80, 0x0, 0x3, 0xff, 0xf4, 0xff, 0xff, 0xe0,
    0x0, 0xf, 0xff, 0xf0, 0xff, 0xff, 0xfe, 0x55,
    0xbf, 0xff, 0xc0, 0xff, 0xff, 0xff, 0xff, 0xff,
    0xff, 0x80, 0xff, 0xfb, 0xff, 0xff, 0xff, 0xfe,
    0x0, 0xff, 0xf2, 0xff, 0xff, 0xff, 0xf8, 0x0,
    0xff, 0xf0, 0x3f, 0xff, 0xff, 0xc0, 0x0, 0x0,
    0x0, 0x6, 0xff, 0xe8, 0x0, 0x0,

    /* U+0063 "c" */
    0x0, 0x0, 0x1b, 0xff, 0xe4, 0x0, 0x0, 0x0,
    0x2, 0xff, 0xff, 0xff, 0xd0, 0x0, 0x0, 0x1f,
    0xff, 0xff, 0xff, 0xfc, 0x0, 0x0, 0x7f, 0xff,
    0xff, 0xff, 0xff, 0x0, 0x1, 0xff, 0xff, 0xff,
    0xff, 0xff, 0xc0, 0x3, 0xff, 0xfe, 0x55, 0xbf,
    0xff, 0xd0, 0xf, 0xff, 0xf0, 0x0, 0xb, 0xff,
    0xf0, 0x1f, 0xff, 0xc0, 0x0, 0x1, 0xff, 0xf4,
    0x2f, 0xff, 0x0, 0x0, 0x0, 0xff, 0xfc, 0x3f,
    0xfe, 0x0, 0x0, 0x0, 0x7f, 0xfc, 0x7f, 0xfc,
    0x0, 0x0, 0x0, 0x3f, 0xfc, 0xbf, 0xfc, 0x0,
    0x0, 0x0, 0x0, 0x0, 0xff, 0xf8, 0x0, 0x0,
    0x0, 0x0, 0x0, 0xff, 0xf8, 0x0, 0x0, 0x0,
    0x0, 0x0, 0xff, 0xf8, 0x0, 0x0, 0x0, 0x0,
    0x0, 0xff, 0xf8, 0x0, 0x0, 0x0, 0x0, 0x0,
    0xff, 0xf8, 0x0, 0x0, 0x0, 0x0, 0x0, 0xff,
    0xf8, 0x0, 0x0, 0x0, 0x0, 0x0, 0xff, 0xfc,
    0x0, 0x0, 0x0, 0x0, 0x0, 0xbf, 0xfc, 0x0,
    0x0, 0x0, 0x2a, 0xa8, 0x7f, 0xfc, 0x0, 0x0,
    0x0, 0x3f, 0xfc, 0x3f, 0xfe, 0x0, 0x0, 0x0,
    0x7f, 0xfc, 0x3f, 0xff, 0x0, 0x0, 0x0, 0xff,
    0xf8, 0x1f, 0xff, 0xc0, 0x0, 0x2, 0xff, 0xf0,
    0xf, 0xff, 0xf0, 0x0, 0xb, 0xff, 0xf0, 0x3,
    0xff, 0xfe, 0x55, 0xbf, 0xff, 0xc0, 0x1, 0xff,
    0xff, 0xff, 0xff, 0xff, 0x80, 0x0, 0xbf, 0xff,
    0xff, 0xff, 0xfe, 0x0, 0x0, 0x1f, 0xff, 0xff,
    0xff, 0xf4, 0x0, 0x0, 0x2, 0xff, 0xff, 0xff,
    0x80, 0x0, 0x0, 0x0, 0x1b, 0xff, 0xe4, 0x0,
    0x0,

    /* U+0064 "d" */
    0x0, 0x0, 0x0, 0x0, 0x0, 0x2f, 0xff, 0x0,
    0x0, 0x0, 0x0, 0x0, 0x2f, 0xff, 0x0, 0x0,
    0x0, 0x0, 0x0, 0x2f, 0xff, 0x0, 0x0, 0x0,
    0x0, 0x0, 0x2f, 0xff, 0x0, 0x0, 0x0, 0x0,
    0x0, 0x2f, 0xff, 0x0, 0x0, 0x0, 0x0, 0x0,
    0x2f, 0xff, 0x0, 0x0, 0x0, 0x0, 0x0, 0x2f,
    0xff, 0x0, 0x0, 0x0, 0x0, 0x0, 0x2f, 0xff,
    0x0, 0x0, 0x0, 0x0, 0x0, 0x2f, 0xff, 0x0,
    0x0, 0x0, 0x0, 0x0, 0x2f, 0xff, 0x0, 0x0,
    0x0, 0x0, 0x0, 0x2f, 0xff, 0x0, 0x0, 0x6f,
    0xfe, 0x40, 0x2f, 0xff, 0x0, 0x7, 0xff, 0xff,
    0xf0, 0x2f, 0xff, 0x0, 0x2f, 0xff, 0xff, 0xfd,
    0x2f, 0xff, 0x0, 0xbf, 0xff, 0xff, 0xff, 0x6f,
    0xff, 0x2, 0xff, 0xff, 0xff, 0xff, 0xef, 0xff,
    0x7, 0xff, 0xfe, 0x55, 0xbf, 0xff, 0xff, 0xf,
    0xff, 0xf0, 0x0, 0xb, 0xff, 0xff, 0x1f, 0xff,
    0xc0, 0x0, 0x2, 0xff, 0xff, 0x3f, 0xff, 0x0,
    0x0, 0x0, 0xff, 0xff, 0x3f, 0xfd, 0x0, 0x0,
    0x0, 0x7f, 0xff, 0x7f, 0xfc, 0x0, 0x0, 0x0,
    0x3f, 0xff, 0xbf, 0xfc, 0x0, 0x0, 0x0, 0x2f,
    0xff, 0xff, 0xf8, 0x0, 0x0, 0x0, 0x2f, 0xff,
    0xff, 0xf8, 0x0, 0x0, 0x0, 0x1f, 0xff, 0xff,
    0xf8, 0x0, 0x0, 0x0, 0x1f, 0xff, 0xff, 0xf8,
    0x0, 0x0, 0x0, 0x1f, 0xff, 0xff, 0xf8, 0x0,
    0x0, 0x0, 0x1f, 0xff, 0xff, 0xf8, 0x0, 0x0,
    0x0, 0x1f, 0xff, 0xff, 0xf8, 0x0, 0x0, 0x0,
    0x2f, 0xff, 0xbf, 0xfc, 0x0, 0x0, 0x0, 0x2f,
    0xff, 0x7f, 0xfc, 0x0, 0x0, 0x0, 0x3f, 0xff,
    0x3f, 0xfe, 0x0, 0x0, 0x0, 0x7f, 0xff, 0x3f,
    0xff, 0x0, 0x0, 0x0, 0xff, 0xff, 0x1f, 0xff,
    0xc0, 0x0, 0x2, 0xff, 0xff, 0xf, 0xff, 0xf0,
    0x0, 0xb, 0xff, 0xff, 0x3, 0xff, 0xfe, 0x55,
    0xbf, 0xff, 0xff, 0x2, 0xff, 0xff, 0xff, 0xff,
    0xff, 0xff, 0x0, 0xbf, 0xff, 0xff, 0xff, 0xef,
    0xff, 0x0, 0x2f, 0xff, 0xff, 0xff, 0x8f, 0xff,
    0x0, 0x3, 0xff, 0xff, 0xfc, 0xf, 0xff, 0x0,
    0x0, 0x2b, 0xff, 0x90, 0x0, 0x0,

    /* U+0065 "e" */
    0x0, 0x0, 0x1b, 0xff, 0xe4, 0x0, 0x0, 0x0,
    0x2, 0xff, 0xff, 0xff, 0x80, 0x0, 0x0, 0x1f,
    0xff, 0xff, 0xff, 0xf4, 0x0, 0x0, 0x7f, 0xff,
    0xff, 0xff, 0xfd, 0x0, 0x0, 0xff, 0xff, 0xff,
    0xff, 0xff, 0x40, 0x3, 0xff, 0xfe, 0x55, 0xbf,
    0xff, 0xc0, 0xb, 0xff, 0xe0, 0x0, 0x7, 0xff,
    0xe0, 0xf, 0xff, 0x80, 0x0, 0x1, 0xff, 0xf0,
    0x2f, 0xff, 0x0, 0x0, 0x0, 0xbf, 0xf8, 0x3f,
    0xfd, 0x0, 0x0, 0x0, 0x3f, 0xfc, 0x7f, 0xfc,
    0x0, 0x0, 0x0, 0x3f, 0xfc, 0xbf, 0xfd, 0x55,
    0x55, 0x55, 0x6f, 0xfd, 0xff, 0xff, 0xff, 0xff,
    0xff, 0xff, 0xfe, 0xff, 0xff, 0xff, 0xff, 0xff,
    0xff, 0xff, 0xff, 0xff, 0xff, 0xff, 0xff, 0xff,
    0xff, 0xff, 0xff, 0xff, 0xff, 0xff, 0xff, 0xff,
    0xff, 0xff, 0xff, 0xff, 0xff, 0xff, 0xff, 0xff,
    0xf8, 0x0, 0x0, 0x0, 0x0, 0x0, 0xff, 0xfc,
    0x0, 0x0, 0x0, 0x0, 0x0, 0xbf, 0xfc, 0x0,
    0x0, 0x0, 0x0, 0x0, 0x7f, 0xfd, 0x0, 0x0,
    0x0, 0x15, 0x54, 0x3f, 0xfe, 0x0, 0x0, 0x0,
    0x3f, 0xfd, 0x3f, 0xff, 0x0, 0x0, 0x0, 0xbf,
    0xfc, 0x1f, 0xff, 0xc0, 0x0, 0x1, 0xff, 0xf8,
    0xf, 0xff, 0xf0, 0x0, 0xb, 0xff, 0xf0, 0x3,
    0xff, 0xfe, 0x55, 0xbf, 0xff, 0xd0, 0x1, 0xff,
    0xff, 0xff, 0xff, 0xff, 0x80, 0x0, 0x7f, 0xff,
    0xff, 0xff, 0xfe, 0x0, 0x0, 0x1f, 0xff, 0xff,
    0xff, 0xf4, 0x0, 0x0, 0x2, 0xff, 0xff, 0xff,
    0x80, 0x0, 0x0, 0x0, 0x1b, 0xff, 0xe4, 0x0,
    0x0,

    /* U+0066 "f" */
    0x0, 0x0, 0x0, 0x1, 0x55, 0x0, 0x0, 0x1,
    0xff, 0xff, 0xe0, 0x0, 0x3, 0xff, 0xff, 0xf8,
    0x0, 0x3, 0xff, 0xff, 0xfe, 0x0, 0x2, 0xff,
    0xff, 0xff, 0x80, 0x0, 0xff, 0xff, 0xff, 0xe0,
    0x0, 0x7f, 0xff, 0x0, 0x0, 0x0, 0x1f, 0xff,
    0x0, 0x0, 0x0, 0x7, 0xff, 0xc0, 0x0, 0x0,
    0x2, 0xff, 0xf0, 0x0, 0x0, 0x0, 0xbf, 0xfc,
    0x0, 0x1, 0x55, 0x6f, 0xff, 0x55, 0x54, 0xff,
    0xff, 0xff, 0xff, 0xff, 0x3f, 0xff, 0xff, 0xff,
    0xff, 0xcf, 0xff, 0xff, 0xff, 0xff, 0xf3, 0xff,
    0xff, 0xff, 0xff, 0xfc, 0xff, 0xff, 0xff, 0xff,
    0xff, 0x0, 0x2, 0xff, 0xf0, 0x0, 0x0, 0x0,
    0xbf, 0xfc, 0x0, 0x0, 0x0, 0x2f, 0xff, 0x0,
    0x0, 0x0, 0xb, 0xff, 0xc0, 0x0, 0x0, 0x2,
    0xff, 0xf0, 0x0, 0x0, 0x0, 0xbf, 0xfc, 0x0,
    0x0, 0x0, 0x2f, 0xff, 0x0, 0x0, 0x0, 0xb,
    0xff, 0xc0, 0x0, 0x0, 0x2, 0xff, 0xf0, 0x0,
    0x0, 0x0, 0xbf, 0xfc, 0x0, 0x0, 0x0, 0x2f,
    0xff, 0x0, 0x0, 0x0, 0xb, 0xff, 0xc0, 0x0,
    0x0, 0x2, 0xff, 0xf0, 0x0, 0x0, 0x0, 0xbf,
    0xfc, 0x0, 0x0, 0x0, 0x2f, 0xff, 0x0, 0x0,
    0x0, 0xb, 0xff, 0xc0, 0x0, 0x0, 0x2, 0xff,
    0xf0, 0x0, 0x0, 0x0, 0xbf, 0xfc, 0x0, 0x0,
    0x0, 0x2f, 0xff, 0x0, 0x0, 0x0, 0xb, 0xff,
    0xc0, 0x0, 0x0, 0x2, 0xff, 0xf0, 0x0, 0x0,
    0x0, 0xbf, 0xfc, 0x0, 0x0, 0x0, 0x2f, 0xff,
    0x0, 0x0, 0x0, 0xb, 0xff, 0xc0, 0x0, 0x0,

    /* U+0067 "g" */
    0x0, 0x0, 0x2f, 0xfe, 0x40, 0x0, 0x0, 0x0,
    0x7, 0xff, 0xff, 0xf4, 0x2f, 0xff, 0x0, 0x2f,
    0xff, 0xff, 0xfe, 0x2f, 0xff, 0x0, 0xbf, 0xff,
    0xff, 0xff, 0xef, 0xff, 0x2, 0xff, 0xff, 0xff,
    0xff, 0xff, 0xff, 0x7, 0xff, 0xfe, 0x55, 0xbf,
    0xff, 0xff, 0xf, 0xff, 0xe0, 0x0, 0xb, 0xff,
    0xff, 0x2f, 0xff, 0x80, 0x0, 0x2, 0xff, 0xff,
    0x3f, 0xff, 0x0, 0x0, 0x0, 0xff, 0xff, 0x7f,
    0xfd, 0x0, 0x0, 0x0, 0x7f, 0xff, 0xbf, 0xfc,
    0x0, 0x0, 0x0, 0x3f, 0xff, 0xff, 0xfc, 0x0,
    0x0, 0x0, 0x3f, 0xff, 0xff, 0xf8, 0x0, 0x0,
    0x0, 0x2f, 0xff, 0xff, 0xf8, 0x0, 0x0, 0x0,
    0x2f, 0xff, 0xff, 0xf8, 0x0, 0x0, 0x0, 0x2f,
    0xff, 0xff, 0xf8, 0x0, 0x0, 0x0, 0x2f, 0xff,
    0xff, 0xf8, 0x0, 0x0, 0x0, 0x2f, 0xff, 0xff,
    0xf8, 0x0, 0x0, 0x0, 0x3f, 0xff, 0xbf, 0xfc,
    0x0, 0x0, 0x0, 0x3f, 0xff, 0x7f, 0xfc, 0x0,
    0x0, 0x0, 0x7f, 0xff, 0x3f, 0xfe, 0x0, 0x0,
    0x0, 0xff, 0xff, 0x2f, 0xff, 0x40, 0x0, 0x1,
    0xff, 0xff, 0x1f, 0xff, 0xd0, 0x0, 0x7, 0xff,
    0xff, 0xb, 0xff, 0xf9, 0x0, 0x7f, 0xff, 0xff,
    0x3, 0xff, 0xff, 0xff, 0xff, 0xff, 0xff, 0x0,
    0xff, 0xff, 0xff, 0xff, 0xef, 0xff, 0x0, 0x3f,
    0xff, 0xff, 0xff, 0x2f, 0xff, 0x0, 0xb, 0xff,
    0xff, 0xf8, 0x2f, 0xff, 0x0, 0x0, 0x7f, 0xff,
    0x90, 0x2f, 0xff, 0x0, 0x0, 0x0, 0x0, 0x0,
    0x2f, 0xff, 0x0, 0x0, 0x0, 0x0, 0x0, 0x2f,
    0xff, 0x0, 0x0, 0x0, 0x0, 0x0, 0x3f, 0xfe,
    0x1a, 0xa9, 0x0, 0x0, 0x0, 0x3f, 0xfe, 0x2f,
    0xff, 0x0, 0x0, 0x0, 0x7f, 0xfd, 0x1f, 0xff,
    0x40, 0x0, 0x0, 0xff, 0xfc, 0xf, 0xff, 0xd0,
    0x0, 0x3, 0xff, 0xf8, 0x7, 0xff, 0xfe, 0x55,
    0x7f, 0xff, 0xf0, 0x3, 0xff, 0xff, 0xff, 0xff,
    0xff, 0xd0, 0x0, 0xff, 0xff, 0xff, 0xff, 0xff,
    0x80, 0x0, 0x3f, 0xff, 0xff, 0xff, 0xfd, 0x0,
    0x0, 0x7, 0xff, 0xff, 0xff, 0xe0, 0x0, 0x0,
    0x0, 0x1b, 0xff, 0xf9, 0x0, 0x0,

    /* U+0068 "h" */
    0xff, 0xf8, 0x0, 0x0, 0x0, 0x0, 0xf, 0xff,
    0x80, 0x0, 0x0, 0x0, 0x0, 0xff, 0xf8, 0x0,
    0x0, 0x0, 0x0, 0xf, 0xff, 0x80, 0x0, 0x0,
    0x0, 0x0, 0xff, 0xf8, 0x0, 0x0, 0x0, 0x0,
    0xf, 0xff, 0x80, 0x0, 0x0, 0x0, 0x0, 0xff,
    0xf8, 0x0, 0x0, 0x0, 0x0, 0xf, 0xff, 0x80,
    0x0, 0x0, 0x0, 0x0, 0xff, 0xf8, 0x0, 0x0,
    0x0, 0x0, 0xf, 0xff, 0x80, 0x0, 0x0, 0x0,
    0x0, 0xff, 0xf8, 0x0, 0x0, 0x0, 0x0, 0xf,
    0xff, 0x80, 0x1b, 0xff, 0x90, 0x0, 0xff, 0xf8,
    0x1f, 0xff, 0xff, 0xd0, 0xf, 0xff, 0x8b, 0xff,
    0xff, 0xff, 0x40, 0xff, 0xfa, 0xff, 0xff, 0xff,
    0xfd, 0xf, 0xff, 0xff, 0xff, 0xff, 0xff, 0xf0,
    0xff, 0xff, 0xf9, 0x57, 0xff, 0xff, 0x4f, 0xff,
    0xfd, 0x0, 0x7, 0xff, 0xfc, 0xff, 0xff, 0x40,
    0x0, 0x1f, 0xff, 0xcf, 0xff, 0xe0, 0x0, 0x0,
    0xff, 0xfc, 0xff, 0xfc, 0x0, 0x0, 0x7, 0xff,
    0xdf, 0xff, 0xc0, 0x0, 0x0, 0x3f, 0xfd, 0xff,
    0xf8, 0x0, 0x0, 0x3, 0xff, 0xdf, 0xff, 0x80,
    0x0, 0x0, 0x3f, 0xfe, 0xff, 0xf8, 0x0, 0x0,
    0x3, 0xff, 0xef, 0xff, 0x80, 0x0, 0x0, 0x3f,
    0xfe, 0xff, 0xf8, 0x0, 0x0, 0x3, 0xff, 0xef,
    0xff, 0x80, 0x0, 0x0, 0x3f, 0xfe, 0xff, 0xf8,
    0x0, 0x0, 0x3, 0xff, 0xef, 0xff, 0x80, 0x0,
    0x0, 0x3f, 0xfe, 0xff, 0xf8, 0x0, 0x0, 0x3,
    0xff, 0xef, 0xff, 0x80, 0x0, 0x0, 0x3f, 0xfe,
    0xff, 0xf8, 0x0, 0x0, 0x3, 0xff, 0xef, 0xff,
    0x80, 0x0, 0x0, 0x3f, 0xfe, 0xff, 0xf8, 0x0,
    0x0, 0x3, 0xff, 0xef, 0xff, 0x80, 0x0, 0x0,
    0x3f, 0xfe, 0xff, 0xf8, 0x0, 0x0, 0x3, 0xff,
    0xef, 0xff, 0x80, 0x0, 0x0, 0x3f, 0xfe, 0xff,
    0xf8, 0x0, 0x0, 0x3, 0xff, 0xef, 0xff, 0x80,
    0x0, 0x0, 0x3f, 0xfe, 0xff, 0xf8, 0x0, 0x0,
    0x3, 0xff, 0xe0,

    /* U+0069 "i" */
    0xb, 0xf8, 0xf, 0xff, 0xcb, 0xff, 0xfb, 0xff,
    0xff, 0xff, 0xff, 0xff, 0xff, 0xfb, 0xff, 0xf8,
    0xff, 0xfc, 0xb, 0xf8, 0x0, 0x0, 0x0, 0x0,
    0x0, 0x0, 0x0, 0x3f, 0xfe, 0xf, 0xff, 0x83,
    0xff, 0xe0, 0xff, 0xf8, 0x3f, 0xfe, 0xf, 0xff,
    0x83, 0xff, 0xe0, 0xff, 0xf8, 0x3f, 0xfe, 0xf,
    0xff, 0x83, 0xff, 0xe0, 0xff, 0xf8, 0x3f, 0xfe,
    0xf, 0xff, 0x83, 0xff, 0xe0, 0xff, 0xf8, 0x3f,
    0xfe, 0xf, 0xff, 0x83, 0xff, 0xe0, 0xff, 0xf8,
    0x3f, 0xfe, 0xf, 0xff, 0x83, 0xff, 0xe0, 0xff,
    0xf8, 0x3f, 0xfe, 0xf, 0xff, 0x83, 0xff, 0xe0,
    0xff, 0xf8, 0x3f, 0xfe, 0x0,

    /* U+006A "j" */
    0x0, 0x2, 0xfe, 0x0, 0x0, 0xff, 0xfc, 0x0,
    0x2f, 0xff, 0xe0, 0x3, 0xff, 0xff, 0x0, 0x3f,
    0xff, 0xf0, 0x3, 0xff, 0xff, 0x0, 0x2f, 0xff,
    0xe0, 0x0, 0xff, 0xfc, 0x0, 0x2, 0xfe, 0x0,
    0x0, 0x0, 0x0, 0x0, 0x0, 0x0, 0x0, 0x0,
    0x0, 0x0, 0x0, 0xa, 0xaa, 0x40, 0x0, 0xff,
    0xf8, 0x0, 0xf, 0xff, 0x80, 0x0, 0xff, 0xf8,
    0x0, 0xf, 0xff, 0x80, 0x0, 0xff, 0xf8, 0x0,
    0xf, 0xff, 0x80, 0x0, 0xff, 0xf8, 0x0, 0xf,
    0xff, 0x80, 0x0, 0xff, 0xf8, 0x0, 0xf, 0xff,
    0x80, 0x0, 0xff, 0xf8, 0x0, 0xf, 0xff, 0x80,
    0x0, 0xff, 0xf8, 0x0, 0xf, 0xff, 0x80, 0x0,
    0xff, 0xf8, 0x0, 0xf, 0xff, 0x80, 0x0, 0xff,
    0xf8, 0x0, 0xf, 0xff, 0x80, 0x0, 0xff, 0xf8,
    0x0, 0xf, 0xff, 0x80, 0x0, 0xff, 0xf8, 0x0,
    0xf, 0xff, 0x80, 0x0, 0xff, 0xf8, 0x0, 0xf,
    0xff, 0x80, 0x0, 0xff, 0xf8, 0x0, 0xf, 0xff,
    0x80, 0x0, 0xff, 0xf8, 0x0, 0xf, 0xff, 0x80,
    0x0, 0xff, 0xf8, 0x0, 0xf, 0xff, 0x80, 0x0,
    0xff, 0xf4, 0x0, 0xf, 0xff, 0x40, 0x2, 0xff,
    0xf4, 0x15, 0xbf, 0xff, 0xb, 0xff, 0xff, 0xf0,
    0xbf, 0xff, 0xfd, 0xb, 0xff, 0xff, 0x80, 0xbf,
    0xff, 0xd0, 0xb, 0xff, 0x90, 0x0,

    /* U+006B "k" */
    0xff, 0xf8, 0x0, 0x0, 0x0, 0x0, 0x0, 0xff,
    0xf8, 0x0, 0x0, 0x0, 0x0, 0x0, 0xff, 0xf8,
    0x0, 0x0, 0x0, 0x0, 0x0, 0xff, 0xf8, 0x0,
    0x0, 0x0, 0x0, 0x0, 0xff, 0xf8, 0x0, 0x0,
    0x0, 0x0, 0x0, 0xff, 0xf8, 0x0, 0x0, 0x0,
    0x0, 0x0, 0xff, 0xf8, 0x0, 0x0, 0x0, 0x0,
    0x0, 0xff, 0xf8, 0x0, 0x0, 0x0, 0x0, 0x0,
    0xff, 0xf8, 0x0, 0x0, 0x0, 0x0, 0x0, 0xff,
    0xf8, 0x0, 0x0, 0x0, 0x0, 0x0, 0xff, 0xf8,
    0x0, 0x0, 0x0, 0x0, 0x0, 0xff, 0xf8, 0x0,
    0x0, 0x0, 0x0, 0x0, 0xff, 0xf8, 0x0, 0x0,
    0xf, 0xff, 0xf0, 0xff, 0xf8, 0x0, 0x0, 0x3f,
    0xff, 0xc0, 0xff, 0xf8, 0x0, 0x1, 0xff, 0xff,
    0x0, 0xff, 0xf8, 0x0, 0x7, 0xff, 0xfc, 0x0,
    0xff, 0xf8, 0x0, 0x1f, 0xff, 0xe0, 0x0, 0xff,
    0xf8, 0x0, 0x7f, 0xff, 0x80, 0x0, 0xff, 0xf8,
    0x1, 0xff, 0xfe, 0x0, 0x0, 0xff, 0xf8, 0x7,
    0xff, 0xf8, 0x0, 0x0, 0xff, 0xf8, 0x1f, 0xff,
    0xe0, 0x0, 0x0, 0xff, 0xf8, 0x7f, 0xff, 0x40,
    0x0, 0x0, 0xff, 0xf9, 0xff, 0xfd, 0x0, 0x0,
    0x0, 0xff, 0xff, 0xff, 0xf4, 0x0, 0x0, 0x0,
    0xff, 0xff, 0xff, 0xf0, 0x0, 0x0, 0x0, 0xff,
    0xff, 0xff, 0xfc, 0x0, 0x0, 0x0, 0xff, 0xff,
    0xff, 0xff, 0x0, 0x0, 0x0, 0xff, 0xff, 0xff,
    0xff, 0x80, 0x0, 0x0, 0xff, 0xff, 0xdf, 0xff,
    0xd0, 0x0, 0x0, 0xff, 0xff, 0x7, 0xff, 0xf4,
    0x0, 0x0, 0xff, 0xfc, 0x2, 0xff, 0xfc, 0x0,
    0x0, 0xff, 0xf8, 0x0, 0xff, 0xff, 0x0, 0x0,
    0xff, 0xf8, 0x0, 0x3f, 0xff, 0x80, 0x0, 0xff,
    0xf8, 0x0, 0x1f, 0xff, 0xe0, 0x0, 0xff, 0xf8,
    0x0, 0xb, 0xff, 0xf4, 0x0, 0xff, 0xf8, 0x0,
    0x3, 0xff, 0xfc, 0x0, 0xff, 0xf8, 0x0, 0x0,
    0xff, 0xff, 0x0, 0xff, 0xf8, 0x0, 0x0, 0x3f,
    0xff, 0xc0, 0xff, 0xf8, 0x0, 0x0, 0x1f, 0xff,
    0xe0, 0xff, 0xf8, 0x0, 0x0, 0xb, 0xff, 0xf4,
    0xff, 0xf8, 0x0, 0x0, 0x3, 0xff, 0xfd,

    /* U+006C "l" */
    0xff, 0xfb, 0xff, 0xef, 0xff, 0xbf, 0xfe, 0xff,
    0xfb, 0xff, 0xef, 0xff, 0xbf, 0xfe, 0xff, 0xfb,
    0xff, 0xef, 0xff, 0xbf, 0xfe, 0xff, 0xfb, 0xff,
    0xef, 0xff, 0xbf, 0xfe, 0xff, 0xfb, 0xff, 0xef,
    0xff, 0xbf, 0xfe, 0xff, 0xfb, 0xff, 0xef, 0xff,
    0xbf, 0xfe, 0xff, 0xfb, 0xff, 0xef, 0xff, 0xbf,
    0xfe, 0xff, 0xfb, 0xff, 0xef, 0xff, 0xbf, 0xfe,
    0xff, 0xfb, 0xff, 0xef, 0xff, 0xbf, 0xfe, 0xff,
    0xfb, 0xff, 0xef, 0xff, 0xbf, 0xfe, 0xff, 0xf8,

    /* U+006D "m" */
    0x0, 0x0, 0x2, 0xff, 0xe4, 0x0, 0x0, 0x6f,
    0xfd, 0x0, 0x3, 0xff, 0xe0, 0xbf, 0xff, 0xfd,
    0x0, 0x1f, 0xff, 0xff, 0x80, 0xf, 0xff, 0x8f,
    0xff, 0xff, 0xfd, 0x2, 0xff, 0xff, 0xff, 0xc0,
    0x3f, 0xfe, 0xff, 0xff, 0xff, 0xfd, 0x2f, 0xff,
    0xff, 0xff, 0xc0, 0xff, 0xff, 0xff, 0xff, 0xff,
    0xfe, 0xff, 0xff, 0xff, 0xff, 0x83, 0xff, 0xff,
    0xe5, 0x6f, 0xff, 0xff, 0xfd, 0x56, 0xff, 0xff,
    0x4f, 0xff, 0xfc, 0x0, 0xf, 0xff, 0xff, 0x80,
    0x0, 0xff, 0xfe, 0x3f, 0xff, 0xc0, 0x0, 0xf,
    0xff, 0xfc, 0x0, 0x0, 0xff, 0xfc, 0xff, 0xfd,
    0x0, 0x0, 0x2f, 0xff, 0xc0, 0x0, 0x2, 0xff,
    0xf7, 0xff, 0xf0, 0x0, 0x0, 0x7f, 0xff, 0x0,
    0x0, 0x3, 0xff, 0xdf, 0xff, 0x80, 0x0, 0x0,
    0xff, 0xf8, 0x0, 0x0, 0xf, 0xff, 0x7f, 0xfe,
    0x0, 0x0, 0x3, 0xff, 0xe0, 0x0, 0x0, 0x3f,
    0xfe, 0xff, 0xf8, 0x0, 0x0, 0xf, 0xff, 0x80,
    0x0, 0x0, 0xff, 0xfb, 0xff, 0xe0, 0x0, 0x0,
    0x3f, 0xfe, 0x0, 0x0, 0x3, 0xff, 0xef, 0xff,
    0x80, 0x0, 0x0, 0xff, 0xf8, 0x0, 0x0, 0xf,
    0xff, 0xbf, 0xfe, 0x0, 0x0, 0x3, 0xff, 0xe0,
    0x0, 0x0, 0x3f, 0xfe, 0xff, 0xf8, 0x0, 0x0,
    0xf, 0xff, 0x80, 0x0, 0x0, 0xff, 0xfb, 0xff,
    0xe0, 0x0, 0x0, 0x3f, 0xfe, 0x0, 0x0, 0x3,
    0xff, 0xef, 0xff, 0x80, 0x0, 0x0, 0xff, 0xf8,
    0x0, 0x0, 0xf, 0xff, 0xbf, 0xfe, 0x0, 0x0,
    0x3, 0xff, 0xe0, 0x0, 0x0, 0x3f, 0xfe, 0xff,
    0xf8, 0x0, 0x0, 0xf, 0xff, 0x80, 0x0, 0x0,
    0xff, 0xfb, 0xff, 0xe0, 0x0, 0x0, 0x3f, 0xfe,
    0x0, 0x0, 0x3, 0xff, 0xef, 0xff, 0x80, 0x0,
    0x0, 0xff, 0xf8, 0x0, 0x0, 0xf, 0xff, 0xbf,
    0xfe, 0x0, 0x0, 0x3, 0xff, 0xe0, 0x0, 0x0,
    0x3f, 0xfe, 0xff, 0xf8, 0x0, 0x0, 0xf, 0xff,
    0x80, 0x0, 0x0, 0xff, 0xfb, 0xff, 0xe0, 0x0,
    0x0, 0x3f, 0xfe, 0x0, 0x0, 0x3, 0xff, 0xef,
    0xff, 0x80, 0x0, 0x0, 0xff, 0xf8, 0x0, 0x0,
    0xf, 0xff, 0xbf, 0xfe, 0x0, 0x0, 0x3, 0xff,
    0xe0, 0x0, 0x0, 0x3f, 0xfe, 0xff, 0xf8, 0x0,
    0x0, 0xf, 0xff, 0x80, 0x0, 0x0, 0xff, 0xfb,
    0xff, 0xe0, 0x0, 0x0, 0x3f, 0xfe, 0x0, 0x0,
    0x3, 0xff, 0xe0,

    /* U+006E "n" */
    0x0, 0x0, 0x1, 0xbf, 0xf9, 0x0, 0xf, 0xff,
    0x81, 0xff, 0xff, 0xfd, 0x0, 0xff, 0xf8, 0xff,
    0xff, 0xff, 0xf8, 0xf, 0xff, 0xbf, 0xff, 0xff,
    0xff, 0xe0, 0xff, 0xff, 0xff, 0xff, 0xff, 0xff,
    0x4f, 0xff, 0xff, 0xd5, 0x6f, 0xff, 0xfc, 0xff,
    0xff, 0xd0, 0x0, 0x2f, 0xff, 0xcf, 0xff, 0xf4,
    0x0, 0x0, 0xff, 0xfd, 0xff, 0xfe, 0x0, 0x0,
    0x3, 0xff, 0xef, 0xff, 0xc0, 0x0, 0x0, 0x3f,
    0xff, 0xff, 0xfc, 0x0, 0x0, 0x2, 0xff, 0xff,
    0xff, 0x80, 0x0, 0x0, 0x2f, 0xff, 0xff, 0xf8,
    0x0, 0x0, 0x2, 0xff, 0xff, 0xff, 0x80, 0x0,
    0x0, 0x2f, 0xff, 0xff, 0xf8, 0x0, 0x0, 0x2,
    0xff, 0xff, 0xff, 0x80, 0x0, 0x0, 0x2f, 0xff,
    0xff, 0xf8, 0x0, 0x0, 0x2, 0xff, 0xff, 0xff,
    0x80, 0x0, 0x0, 0x2f, 0xff, 0xff, 0xf8, 0x0,
    0x0, 0x2, 0xff, 0xff, 0xff, 0x80, 0x0, 0x0,
    0x2f, 0xff, 0xff, 0xf8, 0x0, 0x0, 0x2, 0xff,
    0xff, 0xff, 0x80, 0x0, 0x0, 0x2f, 0xff, 0xff,
    0xf8, 0x0, 0x0, 0x2, 0xff, 0xff, 0xff, 0x80,
    0x0, 0x0, 0x2f, 0xff, 0xff, 0xf8, 0x0, 0x0,
    0x2, 0xff, 0xff, 0xff, 0x80, 0x0, 0x0, 0x2f,
    0xff, 0xff, 0xf8, 0x0, 0x0, 0x2, 0xff, 0xff,
    0xff, 0x80, 0x0, 0x0, 0x2f, 0xff, 0xff, 0xf8,
    0x0, 0x0, 0x2, 0xff, 0xff, 0xff, 0x80, 0x0,
    0x0, 0x2f, 0xff,

    /* U+006F "o" */
    0x0, 0x0, 0xa, 0xff, 0xe8, 0x0, 0x0, 0x0,
    0x0, 0x7f, 0xff, 0xff, 0xf4, 0x0, 0x0, 0x0,
    0xff, 0xff, 0xff, 0xff, 0xc0, 0x0, 0x0, 0xff,
    0xff, 0xff, 0xff, 0xfc, 0x0, 0x0, 0xff, 0xff,
    0xff, 0xff, 0xff, 0xc0, 0x0, 0xff, 0xff, 0xe5,
    0x6f, 0xff, 0xfc, 0x0, 0xbf, 0xff, 0x40, 0x0,
    0x7f, 0xff, 0x80, 0x3f, 0xff, 0x0, 0x0, 0x3,
    0xff, 0xf0, 0x2f, 0xff, 0x40, 0x0, 0x0, 0x7f,
    0xfe, 0xf, 0xff, 0xc0, 0x0, 0x0, 0xf, 0xff,
    0xc7, 0xff, 0xd0, 0x0, 0x0, 0x1, 0xff, 0xf6,
    0xff, 0xf0, 0x0, 0x0, 0x0, 0x3f, 0xfe, 0xff,
    0xfc, 0x0, 0x0, 0x0, 0xf, 0xff, 0xff, 0xfe,
    0x0, 0x0, 0x0, 0x2, 0xff, 0xff, 0xff, 0x80,
    0x0, 0x0, 0x0, 0xbf, 0xff, 0xff, 0xe0, 0x0,
    0x0, 0x0, 0x2f, 0xff, 0xff, 0xf8, 0x0, 0x0,
    0x0, 0xb, 0xff, 0xff, 0xfe, 0x0, 0x0, 0x0,
    0x2, 0xff, 0xff, 0xff, 0xc0, 0x0, 0x0, 0x0,
    0xff, 0xfe, 0xff, 0xf0, 0x0, 0x0, 0x0, 0x3f,
    0xfe, 0x7f, 0xfd, 0x0, 0x0, 0x0, 0x1f, 0xff,
    0x4f, 0xff, 0xc0, 0x0, 0x0, 0xf, 0xff, 0xc2,
    0xff, 0xf4, 0x0, 0x0, 0x7, 0xff, 0xe0, 0x3f,
    0xff, 0x0, 0x0, 0x3, 0xff, 0xf0, 0xb, 0xff,
    0xf4, 0x0, 0x7, 0xff, 0xf8, 0x0, 0xff, 0xff,
    0xe5, 0x6f, 0xff, 0xfc, 0x0, 0xf, 0xff, 0xff,
    0xff, 0xff, 0xfc, 0x0, 0x0, 0xff, 0xff, 0xff,
    0xff, 0xfc, 0x0, 0x0, 0xf, 0xff, 0xff, 0xff,
    0xfc, 0x0, 0x0, 0x0, 0x7f, 0xff, 0xff, 0xf4,
    0x0, 0x0, 0x0, 0x0, 0xaf, 0xfe, 0x80, 0x0,
    0x0,

    /* U+0070 "p" */
    0x0, 0x0, 0x0, 0x0, 0x0, 0x0, 0x0, 0x0,
    0x0, 0xb, 0xff, 0xf9, 0x0, 0x0, 0xff, 0xf0,
    0xbf, 0xff, 0xff, 0xd0, 0x0, 0xff, 0xf2, 0xff,
    0xff, 0xff, 0xf8, 0x0, 0xff, 0xfb, 0xff, 0xff,
    0xff, 0xff, 0x0, 0xff, 0xff, 0xff, 0xff, 0xff,
    0xff, 0x80, 0xff, 0xff, 0xfd, 0x0, 0x7f, 0xff,
    0xd0, 0xff, 0xff, 0xd0, 0x0, 0xb, 0xff, 0xf0,
    0xff, 0xff, 0x40, 0x0, 0x2, 0xff, 0xf4, 0xff,
    0xff, 0x0, 0x0, 0x0, 0xff, 0xfc, 0xff, 0xfd,
    0x0, 0x0, 0x0, 0x7f, 0xfc, 0xff, 0xfc, 0x0,
    0x0, 0x0, 0x3f, 0xfd, 0xff, 0xf8, 0x0, 0x0,
    0x0, 0x3f, 0xfe, 0xff, 0xf4, 0x0, 0x0, 0x0,
    0x2f, 0xff, 0xff, 0xf4, 0x0, 0x0, 0x0, 0x2f,
    0xff, 0xff, 0xf4, 0x0, 0x0, 0x0, 0x2f, 0xff,
    0xff, 0xf4, 0x0, 0x0, 0x0, 0x2f, 0xff, 0xff,
    0xf4, 0x0, 0x0, 0x0, 0x2f, 0xff, 0xff, 0xf4,
    0x0, 0x0, 0x0, 0x2f, 0xff, 0xff, 0xf8, 0x0,
    0x0, 0x0, 0x2f, 0xff, 0xff, 0xfc, 0x0, 0x0,
    0x0, 0x3f, 0xfe, 0xff, 0xfc, 0x0, 0x0, 0x0,
    0x3f, 0xfd, 0xff, 0xfd, 0x0, 0x0, 0x0, 0xbf,
    0xfc, 0xff, 0xff, 0x0, 0x0, 0x0, 0xff, 0xfc,
    0xff, 0xff, 0xc0, 0x0, 0x3, 0xff, 0xf4, 0xff,
    0xff, 0xf0, 0x0, 0xf, 0xff, 0xf0, 0xff, 0xff,
    0xfe, 0x55, 0xbf, 0xff, 0xd0, 0xff, 0xfb, 0xff,
    0xff, 0xff, 0xff, 0x80, 0xff, 0xf9, 0xff, 0xff,
    0xff, 0xfe, 0x0, 0xff, 0xf8, 0x7f, 0xff, 0xff,
    0xf8, 0x0, 0xff, 0xf8, 0xf, 0xff, 0xff, 0xd0,
    0x0, 0xff, 0xf8, 0x1, 0xbf, 0xf9, 0x0, 0x0,
    0xff, 0xf8, 0x0, 0x0, 0x0, 0x0, 0x0, 0xff,
    0xf8, 0x0, 0x0, 0x0, 0x0, 0x0, 0xff, 0xf8,
    0x0, 0x0, 0x0, 0x0, 0x0, 0xff, 0xf8, 0x0,
    0x0, 0x0, 0x0, 0x0, 0xff, 0xf8, 0x0, 0x0,
    0x0, 0x0, 0x0, 0xff, 0xf8, 0x0, 0x0, 0x0,
    0x0, 0x0, 0xff, 0xf8, 0x0, 0x0, 0x0, 0x0,
    0x0, 0xff, 0xf8, 0x0, 0x0, 0x0, 0x0, 0x0,
    0xff, 0xf8, 0x0, 0x0, 0x0, 0x0, 0x0, 0xff,
    0xf8, 0x0, 0x0, 0x0, 0x0, 0x0,

    /* U+0071 "q" */
    0x0, 0x0, 0x0, 0x0, 0x0, 0x0, 0x0, 0x0,
    0x0, 0x6f, 0xff, 0xe0, 0x0, 0x0, 0x0, 0x7,
    0xff, 0xff, 0xfe, 0xf, 0xff, 0x0, 0x3f, 0xff,
    0xff, 0xff, 0x8f, 0xff, 0x0, 0xff, 0xff, 0xff,
    0xff, 0xef, 0xff, 0x2, 0xff, 0xff, 0xff, 0xff,
    0xff, 0xff, 0x7, 0xff, 0xfd, 0x0, 0x7f, 0xff,
    0xff, 0xf, 0xff, 0xe0, 0x0, 0x7, 0xff, 0xff,
    0x1f, 0xff, 0x80, 0x0, 0x1, 0xff, 0xff, 0x3f,
    0xff, 0x0, 0x0, 0x0, 0xff, 0xff, 0x3f, 0xfd,
    0x0, 0x0, 0x0, 0x7f, 0xff, 0x7f, 0xfc, 0x0,
    0x0, 0x0, 0x3f, 0xff, 0xbf, 0xfc, 0x0, 0x0,
    0x0, 0x2f, 0xff, 0xff, 0xf8, 0x0, 0x0, 0x0,
    0x1f, 0xff, 0xff, 0xf8, 0x0, 0x0, 0x0, 0x1f,
    0xff, 0xff, 0xf8, 0x0, 0x0, 0x0, 0x1f, 0xff,
    0xff, 0xf8, 0x0, 0x0, 0x0, 0x1f, 0xff, 0xff,
    0xf8, 0x0, 0x0, 0x0, 0x1f, 0xff, 0xff, 0xf8,
    0x0, 0x0, 0x0, 0x1f, 0xff, 0xff, 0xf8, 0x0,
    0x0, 0x0, 0x2f, 0xff, 0xbf, 0xfc, 0x0, 0x0,
    0x0, 0x3f, 0xff, 0x7f, 0xfc, 0x0, 0x0, 0x0,
    0x3f, 0xff, 0x3f, 0xfe, 0x0, 0x0, 0x0, 0xbf,
    0xff, 0x3f, 0xff, 0x0, 0x0, 0x0, 0xff, 0xff,
    0x1f, 0xff, 0xc0, 0x0, 0x3, 0xff, 0xff, 0xf,
    0xff, 0xf0, 0x0, 0xf, 0xff, 0xff, 0x7, 0xff,
    0xfe, 0x55, 0xbf, 0xff, 0xff, 0x2, 0xff, 0xff,
    0xff, 0xff, 0xef, 0xff, 0x0, 0xbf, 0xff, 0xff,
    0xff, 0x6f, 0xff, 0x0, 0x2f, 0xff, 0xff, 0xfd,
    0x2f, 0xff, 0x0, 0x7, 0xff, 0xff, 0xf0, 0x2f,
    0xff, 0x0, 0x0, 0x6f, 0xfe, 0x40, 0x2f, 0xff,
    0x0, 0x0, 0x0, 0x0, 0x0, 0x2f, 0xff, 0x0,
    0x0, 0x0, 0x0, 0x0, 0x2f, 0xff, 0x0, 0x0,
    0x0, 0x0, 0x0, 0x2f, 0xff, 0x0, 0x0, 0x0,
    0x0, 0x0, 0x2f, 0xff, 0x0, 0x0, 0x0, 0x0,
    0x0, 0x2f, 0xff, 0x0, 0x0, 0x0, 0x0, 0x0,
    0x2f, 0xff, 0x0, 0x0, 0x0, 0x0, 0x0, 0x2f,
    0xff, 0x0, 0x0, 0x0, 0x0, 0x0, 0x2f, 0xff,
    0x0, 0x0, 0x0, 0x0, 0x0, 0x2f, 0xff, 0x0,
    0x0, 0x0, 0x0, 0x0, 0x2f, 0xff,

    /* U+0072 "r" */
    0x0, 0x0, 0x2, 0xff, 0x8f, 0xff, 0x81, 0xff,
    0xfe, 0xff, 0xf8, 0xbf, 0xff, 0xef, 0xff, 0x9f,
    0xff, 0xfe, 0xff, 0xfb, 0xff, 0xff, 0xef, 0xff,
    0xff, 0xff, 0xfe, 0xff, 0xff, 0xff, 0xff, 0xef,
    0xff, 0xff, 0x90, 0x5, 0xff, 0xff, 0xd0, 0x0,
    0xf, 0xff, 0xf4, 0x0, 0x0, 0xff, 0xfe, 0x0,
    0x0, 0xf, 0xff, 0xc0, 0x0, 0x0, 0xff, 0xfc,
    0x0, 0x0, 0xf, 0xff, 0x80, 0x0, 0x0, 0xff,
    0xf8, 0x0, 0x0, 0xf, 0xff, 0x80, 0x0, 0x0,
    0xff, 0xf8, 0x0, 0x0, 0xf, 0xff, 0x80, 0x0,
    0x0, 0xff, 0xf8, 0x0, 0x0, 0xf, 0xff, 0x80,
    0x0, 0x0, 0xff, 0xf8, 0x0, 0x0, 0xf, 0xff,
    0x80, 0x0, 0x0, 0xff, 0xf8, 0x0, 0x0, 0xf,
    0xff, 0x80, 0x0, 0x0, 0xff, 0xf8, 0x0, 0x0,
    0xf, 0xff, 0x80, 0x0, 0x0, 0xff, 0xf8, 0x0,
    0x0, 0xf, 0xff, 0x80, 0x0, 0x0, 0xff, 0xf8,
    0x0, 0x0, 0xf, 0xff, 0x80, 0x0, 0x0,

    /* U+0073 "s" */
    0x0, 0x0, 0x6f, 0xff, 0xa4, 0x0, 0x0, 0x0,
    0x7f, 0xff, 0xff, 0xfd, 0x0, 0x0, 0xf, 0xff,
    0xff, 0xff, 0xff, 0x0, 0x0, 0xff, 0xff, 0xff,
    0xff, 0xff, 0x0, 0xf, 0xff, 0xff, 0xff, 0xff,
    0xff, 0x0, 0x7f, 0xff, 0xd5, 0x57, 0xff, 0xfd,
    0x2, 0xff, 0xf4, 0x0, 0x1, 0xff, 0xfc, 0xf,
    0xff, 0x80, 0x0, 0x1, 0xff, 0xf0, 0x3f, 0xfe,
    0x0, 0x0, 0x3, 0xff, 0xd0, 0xff, 0xfc, 0x0,
    0x0, 0x1, 0x55, 0x2, 0xff, 0xfd, 0x0, 0x0,
    0x0, 0x0, 0x7, 0xff, 0xff, 0x80, 0x0, 0x0,
    0x0, 0xf, 0xff, 0xff, 0xf9, 0x0, 0x0, 0x0,
    0xf, 0xff, 0xff, 0xff, 0xe4, 0x0, 0x0, 0xb,
    0xff, 0xff, 0xff, 0xfd, 0x0, 0x0, 0x2, 0xff,
    0xff, 0xff, 0xff, 0x0, 0x0, 0x0, 0x6f, 0xff,
    0xff, 0xff, 0x40, 0x0, 0x0, 0x1, 0xbf, 0xff,
    0xff, 0x0, 0x0, 0x0, 0x0, 0xb, 0xff, 0xff,
    0x0, 0x0, 0x0, 0x0, 0x2, 0xff, 0xfc, 0x15,
    0x50, 0x0, 0x0, 0x2, 0xff, 0xf6, 0xff, 0xe0,
    0x0, 0x0, 0x3, 0xff, 0xd7, 0xff, 0xc0, 0x0,
    0x0, 0xf, 0xff, 0x4f, 0xff, 0x80, 0x0, 0x0,
    0x7f, 0xfd, 0x3f, 0xff, 0x40, 0x0, 0x7, 0xff,
    0xf0, 0x7f, 0xff, 0xe5, 0x56, 0xff, 0xff, 0x80,
    0xbf, 0xff, 0xff, 0xff, 0xff, 0xfc, 0x0, 0xff,
    0xff, 0xff, 0xff, 0xff, 0xd0, 0x0, 0xbf, 0xff,
    0xff, 0xff, 0xfd, 0x0, 0x0, 0x7f, 0xff, 0xff,
    0xff, 0x80, 0x0, 0x0, 0x6, 0xff, 0xfe, 0x90,
    0x0, 0x0,

    /* U+0074 "t" */
    0x0, 0x0, 0x5, 0x0, 0x0, 0x0, 0x7, 0xe0,
    0x0, 0x0, 0xb, 0xfe, 0x0, 0x0, 0x3, 0xff,
    0xe0, 0x0, 0x0, 0x3f, 0xfe, 0x0, 0x0, 0x3,
    0xff, 0xe0, 0x0, 0x0, 0x3f, 0xfe, 0x0, 0x0,
    0x3, 0xff, 0xe0, 0x0, 0x0, 0x3f, 0xfe, 0x0,
    0x5, 0x57, 0xff, 0xe5, 0x55, 0xff, 0xff, 0xff,
    0xff, 0xff, 0xff, 0xff, 0xff, 0xff, 0xff, 0xff,
    0xff, 0xff, 0xff, 0xff, 0xff, 0xff, 0xff, 0xff,
    0xff, 0xff, 0xff, 0xf0, 0x3, 0xff, 0xe0, 0x0,
    0x0, 0x3f, 0xfe, 0x0, 0x0, 0x3, 0xff, 0xe0,
    0x0, 0x0, 0x3f, 0xfe, 0x0, 0x0, 0x3, 0xff,
    0xe0, 0x0, 0x0, 0x3f, 0xfe, 0x0, 0x0, 0x3,
    0xff, 0xe0, 0x0, 0x0, 0x3f, 0xfe, 0x0, 0x0,
    0x3, 0xff, 0xe0, 0x0, 0x0, 0x3f, 0xfe, 0x0,
    0x0, 0x3, 0xff, 0xe0, 0x0, 0x0, 0x3f, 0xfe,
    0x0, 0x0, 0x3, 0xff, 0xe0, 0x0, 0x0, 0x3f,
    0xfe, 0x0, 0x0, 0x3, 0xff, 0xe0, 0x0, 0x0,
    0x3f, 0xfe, 0x0, 0x0, 0x3, 0xff, 0xe0, 0x0,
    0x0, 0x3f, 0xfe, 0x0, 0x0, 0x3, 0xff, 0xf5,
    0x54, 0x0, 0x2f, 0xff, 0xff, 0xd0, 0x0, 0xff,
    0xff, 0xfd, 0x0, 0xb, 0xff, 0xff, 0xd0, 0x0,
    0x2f, 0xff, 0xfd, 0x0, 0x0, 0x2f, 0xff, 0xd0,

    /* U+0075 "u" */
    0xff, 0xf8, 0x0, 0x0, 0x2, 0xff, 0xff, 0xff,
    0x80, 0x0, 0x0, 0x2f, 0xff, 0xff, 0xf8, 0x0,
    0x0, 0x2, 0xff, 0xff, 0xff, 0x80, 0x0, 0x0,
    0x2f, 0xff, 0xff, 0xf8, 0x0, 0x0, 0x2, 0xff,
    0xff, 0xff, 0x80, 0x0, 0x0, 0x2f, 0xff, 0xff,
    0xf8, 0x0, 0x0, 0x2, 0xff, 0xff, 0xff, 0x80,
    0x0, 0x0, 0x2f, 0xff, 0xff, 0xf8, 0x0, 0x0,
    0x2, 0xff, 0xff, 0xff, 0x80, 0x0, 0x0, 0x2f,
    0xff, 0xff, 0xf8, 0x0, 0x0, 0x2, 0xff, 0xff,
    0xff, 0x80, 0x0, 0x0, 0x2f, 0xff, 0xff, 0xf8,
    0x0, 0x0, 0x2, 0xff, 0xff, 0xff, 0x80, 0x0,
    0x0, 0x2f, 0xff, 0xff, 0xf8, 0x0, 0x0, 0x2,
    0xff, 0xff, 0xff, 0x80, 0x0, 0x0, 0x2f, 0xff,
    0xff, 0xf8, 0x0, 0x0, 0x2, 0xff, 0xff, 0xff,
    0x80, 0x0, 0x0, 0x2f, 0xff, 0xff, 0xf8, 0x0,
    0x0, 0x2, 0xff, 0xff, 0xff, 0x80, 0x0, 0x0,
    0x3f, 0xff, 0xff, 0xfc, 0x0, 0x0, 0xb, 0xff,
    0xfb, 0xff, 0xc0, 0x0, 0x0, 0xff, 0xff, 0xbf,
    0xfe, 0x0, 0x0, 0x3f, 0xff, 0xf7, 0xff, 0xf4,
    0x0, 0xf, 0xff, 0xff, 0x3f, 0xff, 0xf9, 0x5b,
    0xff, 0xff, 0xf1, 0xff, 0xff, 0xff, 0xff, 0xff,
    0xff, 0xf, 0xff, 0xff, 0xff, 0xfa, 0xff, 0xf0,
    0x3f, 0xff, 0xff, 0xfd, 0x2f, 0xff, 0x0, 0xbf,
    0xff, 0xff, 0x2, 0xff, 0xf0, 0x0, 0x6f, 0xfe,
    0x0, 0x0, 0x0,

    /* U+0076 "v" */
    0xbf, 0xfd, 0x0, 0x0, 0x0, 0x3f, 0xff, 0xf,
    0xff, 0x80, 0x0, 0x0, 0x1f, 0xff, 0x83, 0xff,
    0xf0, 0x0, 0x0, 0xb, 0xff, 0xc0, 0x7f, 0xfd,
    0x0, 0x0, 0x3, 0xff, 0xf0, 0xf, 0xff, 0x80,
    0x0, 0x1, 0xff, 0xf4, 0x2, 0xff, 0xf0, 0x0,
    0x0, 0xbf, 0xfc, 0x0, 0x7f, 0xfd, 0x0, 0x0,
    0x3f, 0xfe, 0x0, 0xf, 0xff, 0x80, 0x0, 0x1f,
    0xff, 0x40, 0x2, 0xff, 0xf0, 0x0, 0xb, 0xff,
    0xc0, 0x0, 0x3f, 0xfd, 0x0, 0x3, 0xff, 0xe0,
    0x0, 0xf, 0xff, 0x80, 0x1, 0xff, 0xf0, 0x0,
    0x1, 0xff, 0xf0, 0x0, 0xbf, 0xfc, 0x0, 0x0,
    0x3f, 0xfd, 0x0, 0x3f, 0xfd, 0x0, 0x0, 0xb,
    0xff, 0x80, 0x1f, 0xff, 0x0, 0x0, 0x1, 0xff,
    0xf0, 0xb, 0xff, 0x80, 0x0, 0x0, 0x3f, 0xfd,
    0x3, 0xff, 0xd0, 0x0, 0x0, 0xb, 0xff, 0x81,
    0xff, 0xf0, 0x0, 0x0, 0x1, 0xff, 0xf0, 0xbf,
    0xf8, 0x0, 0x0, 0x0, 0x3f, 0xfd, 0x3f, 0xfc,
    0x0, 0x0, 0x0, 0xb, 0xff, 0x9f, 0xff, 0x0,
    0x0, 0x0, 0x0, 0xff, 0xfb, 0xff, 0x40, 0x0,
    0x0, 0x0, 0x3f, 0xff, 0xff, 0xc0, 0x0, 0x0,
    0x0, 0x7, 0xff, 0xff, 0xf0, 0x0, 0x0, 0x0,
    0x0, 0xff, 0xff, 0xf4, 0x0, 0x0, 0x0, 0x0,
    0x2f, 0xff, 0xfc, 0x0, 0x0, 0x0, 0x0, 0x7,
    0xff, 0xfe, 0x0, 0x0, 0x0, 0x0, 0x0, 0xff,
    0xff, 0x40, 0x0, 0x0, 0x0, 0x0, 0x2f, 0xff,
    0xc0, 0x0, 0x0, 0x0, 0x0, 0x3, 0xff, 0xe0,
    0x0, 0x0, 0x0,

    /* U+0077 "w" */
    0xbf, 0xfd, 0x0, 0x0, 0x7, 0xff, 0xc0, 0x0,
    0x0, 0xff, 0xfc, 0x3f, 0xfe, 0x0, 0x0, 0xb,
    0xff, 0xc0, 0x0, 0x0, 0xff, 0xf8, 0x3f, 0xff,
    0x0, 0x0, 0xf, 0xff, 0xd0, 0x0, 0x2, 0xff,
    0xf4, 0x2f, 0xff, 0x40, 0x0, 0xf, 0xff, 0xe0,
    0x0, 0x3, 0xff, 0xf0, 0xf, 0xff, 0x80, 0x0,
    0x1f, 0xff, 0xf0, 0x0, 0x3, 0xff, 0xe0, 0xf,
    0xff, 0xc0, 0x0, 0x2f, 0xff, 0xf0, 0x0, 0x7,
    0xff, 0xd0, 0xb, 0xff, 0xc0, 0x0, 0x3f, 0xff,
    0xf4, 0x0, 0xb, 0xff, 0xc0, 0x3, 0xff, 0xd0,
    0x0, 0x3f, 0xff, 0xf8, 0x0, 0xf, 0xff, 0x80,
    0x3, 0xff, 0xe0, 0x0, 0x7f, 0xef, 0xfc, 0x0,
    0xf, 0xff, 0x40, 0x2, 0xff, 0xf0, 0x0, 0xbf,
    0xdf, 0xfc, 0x0, 0x1f, 0xff, 0x0, 0x0, 0xff,
    0xf0, 0x0, 0xff, 0xc7, 0xfd, 0x0, 0x2f, 0xfe,
    0x0, 0x0, 0xff, 0xf4, 0x1, 0xff, 0xc3, 0xff,
    0x0, 0x3f, 0xfd, 0x0, 0x0, 0xbf, 0xf8, 0x2,
    0xff, 0x43, 0xff, 0x0, 0x3f, 0xfc, 0x0, 0x0,
    0x3f, 0xfc, 0x3, 0xff, 0x2, 0xff, 0x40, 0x7f,
    0xf8, 0x0, 0x0, 0x3f, 0xfc, 0x3, 0xff, 0x1,
    0xff, 0x80, 0xbf, 0xf4, 0x0, 0x0, 0x2f, 0xfe,
    0x7, 0xfe, 0x0, 0xff, 0xc0, 0xff, 0xf0, 0x0,
    0x0, 0xf, 0xff, 0xb, 0xfd, 0x0, 0xff, 0xc1,
    0xff, 0xe0, 0x0, 0x0, 0xf, 0xff, 0xf, 0xfc,
    0x0, 0xbf, 0xd2, 0xff, 0xd0, 0x0, 0x0, 0xb,
    0xff, 0x4f, 0xfc, 0x0, 0x7f, 0xe3, 0xff, 0xc0,
    0x0, 0x0, 0x3, 0xff, 0x9f, 0xf8, 0x0, 0x3f,
    0xf3, 0xff, 0x80, 0x0, 0x0, 0x3, 0xff, 0xef,
    0xf4, 0x0, 0x3f, 0xfb, 0xff, 0x40, 0x0, 0x0,
    0x1, 0xff, 0xff, 0xf0, 0x0, 0x1f, 0xff, 0xff,
    0x0, 0x0, 0x0, 0x0, 0xff, 0xff, 0xe0, 0x0,
    0xf, 0xff, 0xfe, 0x0, 0x0, 0x0, 0x0, 0xff,
    0xff, 0xd0, 0x0, 0xf, 0xff, 0xfd, 0x0, 0x0,
    0x0, 0x0, 0x7f, 0xff, 0xc0, 0x0, 0xb, 0xff,
    0xfc, 0x0, 0x0, 0x0, 0x0, 0x3f, 0xff, 0xc0,
    0x0, 0x7, 0xff, 0xf8, 0x0, 0x0, 0x0, 0x0,
    0x3f, 0xff, 0x80, 0x0, 0x3, 0xff, 0xf4, 0x0,
    0x0, 0x0, 0x0, 0x1f, 0xff, 0x40, 0x0, 0x3,
    0xff, 0xf0, 0x0, 0x0, 0x0, 0x0, 0xf, 0xff,
    0x0, 0x0, 0x2, 0xff, 0xe0, 0x0, 0x0,

    /* U+0078 "x" */
    0xf, 0xff, 0xd0, 0x0, 0x0, 0x7f, 0xff, 0x0,
    0x7f, 0xff, 0x0, 0x0, 0xf, 0xff, 0xd0, 0x2,
    0xff, 0xf8, 0x0, 0x2, 0xff, 0xf8, 0x0, 0xf,
    0xff, 0xd0, 0x0, 0x7f, 0xff, 0x0, 0x0, 0x3f,
    0xff, 0x0, 0xf, 0xff, 0xc0, 0x0, 0x1, 0xff,
    0xfc, 0x2, 0xff, 0xf4, 0x0, 0x0, 0xb, 0xff,
    0xd0, 0x7f, 0xfe, 0x0, 0x0, 0x0, 0x3f, 0xff,
    0xf, 0xff, 0xc0, 0x0, 0x0, 0x0, 0xff, 0xfe,
    0xff, 0xf4, 0x0, 0x0, 0x0, 0x7, 0xff, 0xff,
    0xfe, 0x0, 0x0, 0x0, 0x0, 0x2f, 0xff, 0xff,
    0xc0, 0x0, 0x0, 0x0, 0x0, 0xff, 0xff, 0xf0,
    0x0, 0x0, 0x0, 0x0, 0x7, 0xff, 0xfd, 0x0,
    0x0, 0x0, 0x0, 0x0, 0x2f, 0xff, 0x80, 0x0,
    0x0, 0x0, 0x0, 0x3, 0xff, 0xfc, 0x0, 0x0,
    0x0, 0x0, 0x0, 0xff, 0xff, 0xf0, 0x0, 0x0,
    0x0, 0x0, 0x2f, 0xff, 0xff, 0x80, 0x0, 0x0,
    0x0, 0x7, 0xff, 0xff, 0xfd, 0x0, 0x0, 0x0,
    0x0, 0xff, 0xff, 0xff, 0xf0, 0x0, 0x0, 0x0,
    0x3f, 0xff, 0xf, 0xff, 0xc0, 0x0, 0x0, 0xb,
    0xff, 0xe0, 0x7f, 0xfe, 0x0, 0x0, 0x1, 0xff,
    0xfc, 0x3, 0xff, 0xf4, 0x0, 0x0, 0x3f, 0xff,
    0x0, 0xf, 0xff, 0xc0, 0x0, 0xb, 0xff, 0xe0,
    0x0, 0x7f, 0xff, 0x0, 0x1, 0xff, 0xfc, 0x0,
    0x2, 0xff, 0xf8, 0x0, 0x3f, 0xff, 0x0, 0x0,
    0xf, 0xff, 0xc0, 0xf, 0xff, 0xd0, 0x0, 0x0,
    0x7f, 0xff, 0x2, 0xff, 0xfc, 0x0, 0x0, 0x2,
    0xff, 0xf8, 0x7f, 0xff, 0x0, 0x0, 0x0, 0xf,
    0xff, 0xd0,

    /* U+0079 "y" */
    0xbf, 0xfd, 0x0, 0x0, 0x0, 0xf, 0xff, 0xc3,
    0xff, 0xf0, 0x0, 0x0, 0x1, 0xff, 0xf8, 0x2f,
    0xff, 0x0, 0x0, 0x0, 0x2f, 0xff, 0x1, 0xff,
    0xf8, 0x0, 0x0, 0x3, 0xff, 0xf0, 0xf, 0xff,
    0xc0, 0x0, 0x0, 0x7f, 0xfd, 0x0, 0x7f, 0xfd,
    0x0, 0x0, 0xb, 0xff, 0xc0, 0x3, 0xff, 0xe0,
    0x0, 0x0, 0xff, 0xf8, 0x0, 0x2f, 0xff, 0x0,
    0x0, 0x1f, 0xff, 0x0, 0x1, 0xff, 0xf4, 0x0,
    0x3, 0xff, 0xf0, 0x0, 0xf, 0xff, 0xc0, 0x0,
    0x3f, 0xfd, 0x0, 0x0, 0x7f, 0xfc, 0x0, 0xb,
    0xff, 0xc0, 0x0, 0x3, 0xff, 0xe0, 0x0, 0xff,
    0xf8, 0x0, 0x0, 0x2f, 0xff, 0x0, 0xf, 0xff,
    0x40, 0x0, 0x0, 0xff, 0xf0, 0x2, 0xff, 0xf0,
    0x0, 0x0, 0xf, 0xff, 0x80, 0x3f, 0xfd, 0x0,
    0x0, 0x0, 0x7f, 0xfc, 0x7, 0xff, 0xc0, 0x0,
    0x0, 0x3, 0xff, 0xd0, 0xbf, 0xf8, 0x0, 0x0,
    0x0, 0x2f, 0xfe, 0xf, 0xff, 0x40, 0x0, 0x0,
    0x0, 0xff, 0xf1, 0xff, 0xf0, 0x0, 0x0, 0x0,
    0xf, 0xff, 0x6f, 0xfe, 0x0, 0x0, 0x0, 0x0,
    0x7f, 0xff, 0xff, 0xc0, 0x0, 0x0, 0x0, 0x3,
    0xff, 0xff, 0xf8, 0x0, 0x0, 0x0, 0x0, 0x2f,
    0xff, 0xff, 0x40, 0x0, 0x0, 0x0, 0x0, 0xff,
    0xff, 0xf0, 0x0, 0x0, 0x0, 0x0, 0xf, 0xff,
    0xfe, 0x0, 0x0, 0x0, 0x0, 0x0, 0x7f, 0xff,
    0xc0, 0x0, 0x0, 0x0, 0x0, 0x3, 0xff, 0xfc,
    0x0, 0x0, 0x0, 0x0, 0x0, 0x2f, 0xff, 0x40,
    0x0, 0x0, 0x0, 0x0, 0x1, 0xff, 0xf0, 0x0,
    0x0, 0x0, 0x0, 0x0, 0x3f, 0xfe, 0x0, 0x0,
    0x0, 0x0, 0x0, 0x3, 0xff, 0xc0, 0x0, 0x0,
    0x0, 0x0, 0x0, 0xbf, 0xfc, 0x0, 0x0, 0x0,
    0x0, 0x0, 0xf, 0xff, 0x40, 0x0, 0x0, 0x0,
    0x0, 0x2, 0xff, 0xf0, 0x0, 0x0, 0x0, 0x0,
    0x0, 0x3f, 0xfe, 0x0, 0x0, 0x0, 0x0, 0x0,
    0x7, 0xff, 0xd0, 0x0, 0x0, 0x0, 0x0, 0x0,
    0xff, 0xfc, 0x0, 0x0, 0x0, 0x0, 0x0, 0x1f,
    0xff, 0x40, 0x0, 0x0, 0x0, 0x0, 0x2, 0xff,
    0xf0, 0x0, 0x0, 0x0, 0x0, 0x0, 0x3f, 0xfe,
    0x0, 0x0, 0x0, 0x0,

    /* U+007A "z" */
    0x15, 0x55, 0x55, 0x55, 0x55, 0x55, 0x43, 0xff,
    0xff, 0xff, 0xff, 0xff, 0xfc, 0x3f, 0xff, 0xff,
    0xff, 0xff, 0xff, 0xc3, 0xff, 0xff, 0xff, 0xff,
    0xff, 0xfc, 0x3f, 0xff, 0xff, 0xff, 0xff, 0xff,
    0xc3, 0xff, 0xff, 0xff, 0xff, 0xff, 0xf4, 0x0,
    0x0, 0x0, 0x0, 0xff, 0xfe, 0x0, 0x0, 0x0,
    0x0, 0x3f, 0xff, 0xc0, 0x0, 0x0, 0x0, 0xb,
    0xff, 0xf0, 0x0, 0x0, 0x0, 0x2, 0xff, 0xfd,
    0x0, 0x0, 0x0, 0x0, 0x7f, 0xff, 0x40, 0x0,
    0x0, 0x0, 0xf, 0xff, 0xe0, 0x0, 0x0, 0x0,
    0x3, 0xff, 0xfc, 0x0, 0x0, 0x0, 0x0, 0xff,
    0xff, 0x0, 0x0, 0x0, 0x0, 0x2f, 0xff, 0xc0,
    0x0, 0x0, 0x0, 0xb, 0xff, 0xf4, 0x0, 0x0,
    0x0, 0x1, 0xff, 0xfe, 0x0, 0x0, 0x0, 0x0,
    0x3f, 0xff, 0x80, 0x0, 0x0, 0x0, 0xf, 0xff,
    0xf0, 0x0, 0x0, 0x0, 0x3, 0xff, 0xfc, 0x0,
    0x0, 0x0, 0x0, 0xbf, 0xff, 0x40, 0x0, 0x0,
    0x0, 0x2f, 0xff, 0xd0, 0x0, 0x0, 0x0, 0x7,
    0xff, 0xf8, 0x0, 0x0, 0x0, 0x0, 0xff, 0xff,
    0x0, 0x0, 0x0, 0x0, 0x3f, 0xff, 0xd5, 0x55,
    0x55, 0x55, 0x5f, 0xff, 0xff, 0xff, 0xff, 0xff,
    0xff, 0xff, 0xff, 0xff, 0xff, 0xff, 0xff, 0xff,
    0xff, 0xff, 0xff, 0xff, 0xff, 0xff, 0xff, 0xff,
    0xff, 0xff, 0xff, 0xff, 0xff, 0xff, 0xff, 0xff,
    0xff, 0xff, 0xff,

    /* U+007B "{" */
    0x0, 0x0, 0x1b, 0xff, 0xc0, 0x0, 0x3f, 0xff,
    0xf0, 0x0, 0x3f, 0xff, 0xfc, 0x0, 0x3f, 0xff,
    0xff, 0x0, 0x1f, 0xff, 0xff, 0xc0, 0xb, 0xff,
    0xe5, 0x50, 0x3, 0xff, 0xe0, 0x0, 0x0, 0xff,
    0xf0, 0x0, 0x0, 0x3f, 0xfc, 0x0, 0x0, 0xf,
    0xff, 0x0, 0x0, 0x3, 0xff, 0xc0, 0x0, 0x0,
    0xff, 0xf0, 0x0, 0x0, 0x3f, 0xfc, 0x0, 0x0,
    0xf, 0xff, 0x0, 0x0, 0x3, 0xff, 0xc0, 0x0,
    0x0, 0xff, 0xf0, 0x0, 0x0, 0x3f, 0xfc, 0x0,
    0x0, 0xf, 0xff, 0x0, 0x0, 0x3, 0xff, 0xc0,
    0x0, 0x0, 0xff, 0xf0, 0x0, 0x0, 0x3f, 0xfc,
    0x0, 0x0, 0x1f, 0xff, 0x0, 0x0, 0xf, 0xff,
    0x40, 0x0, 0x1f, 0xff, 0xc0, 0x0, 0xff, 0xff,
    0xc0, 0x0, 0x3f, 0xff, 0xc0, 0x0, 0xf, 0xff,
    0x80, 0x0, 0x3, 0xff, 0xf8, 0x0, 0x0, 0xff,
    0xff, 0xc0, 0x0, 0x1, 0xff, 0xfc, 0x0, 0x0,
    0xf, 0xff, 0x40, 0x0, 0x1, 0xff, 0xe0, 0x0,
    0x0, 0x3f, 0xfc, 0x0, 0x0, 0xf, 0xff, 0x0,
    0x0, 0x3, 0xff, 0xc0, 0x0, 0x0, 0xff, 0xf0,
    0x0, 0x0, 0x3f, 0xfc, 0x0, 0x0, 0xf, 0xff,
    0x0, 0x0, 0x3, 0xff, 0xc0, 0x0, 0x0, 0xff,
    0xf0, 0x0, 0x0, 0x3f, 0xfc, 0x0, 0x0, 0xf,
    0xff, 0x0, 0x0, 0x3, 0xff, 0xc0, 0x0, 0x0,
    0xff, 0xf0, 0x0, 0x0, 0x3f, 0xfc, 0x0, 0x0,
    0xf, 0xff, 0x0, 0x0, 0x3, 0xff, 0xe0, 0x0,
    0x0, 0xbf, 0xfe, 0x55, 0x0, 0x1f, 0xff, 0xff,
    0xc0, 0x3, 0xff, 0xff, 0xf0, 0x0, 0x3f, 0xff,
    0xfc, 0x0, 0x3, 0xff, 0xff, 0x0, 0x0, 0x1b,
    0xff, 0xc0,

    /* U+007C "|" */
    0xaa, 0xbf, 0xff, 0xff, 0xff, 0xff, 0xff, 0xff,
    0xff, 0xff, 0xff, 0xff, 0xff, 0xff, 0xff, 0xff,
    0xff, 0xff, 0xff, 0xff, 0xff, 0xff, 0xff, 0xff,
    0xff, 0xff, 0xff, 0xff, 0xff, 0xff, 0xff, 0xff,
    0xff, 0xff, 0xff, 0xff, 0xff, 0xff, 0xff, 0xff,
    0xff, 0xff, 0xff, 0xff, 0xff, 0xff, 0xff, 0xff,
    0xff, 0xff, 0xff, 0xff, 0xff, 0xff, 0xff, 0xff,
    0xff, 0xff, 0xff, 0xff, 0xff, 0xff, 0xff, 0xff,
    0xff, 0xff, 0xff, 0xff, 0xff, 0xff, 0xff, 0xc0,

    /* U+007D "}" */
    0xbf, 0xfe, 0x40, 0x0, 0xb, 0xff, 0xff, 0x0,
    0x0, 0xbf, 0xff, 0xfc, 0x0, 0xb, 0xff, 0xff,
    0xf0, 0x0, 0xbf, 0xff, 0xff, 0x0, 0x1, 0x56,
    0xff, 0xf8, 0x0, 0x0, 0xb, 0xff, 0xc0, 0x0,
    0x0, 0x3f, 0xfc, 0x0, 0x0, 0x3, 0xff, 0xc0,
    0x0, 0x0, 0x3f, 0xfc, 0x0, 0x0, 0x3, 0xff,
    0xc0, 0x0, 0x0, 0x3f, 0xfc, 0x0, 0x0, 0x3,
    0xff, 0xc0, 0x0, 0x0, 0x3f, 0xfc, 0x0, 0x0,
    0x3, 0xff, 0xc0, 0x0, 0x0, 0x3f, 0xfc, 0x0,
    0x0, 0x3, 0xff, 0xc0, 0x0, 0x0, 0x3f, 0xfc,
    0x0, 0x0, 0x3, 0xff, 0xc0, 0x0, 0x0, 0x3f,
    0xfc, 0x0, 0x0, 0x3, 0xff, 0xc0, 0x0, 0x0,
    0x3f, 0xfd, 0x0, 0x0, 0x1, 0xff, 0xf0, 0x0,
    0x0, 0xf, 0xff, 0xd0, 0x0, 0x0, 0x3f, 0xff,
    0xf0, 0x0, 0x0, 0xff, 0xff, 0x0, 0x0, 0x2,
    0xff, 0xf0, 0x0, 0x0, 0xbf, 0xff, 0x0, 0x0,
    0x3f, 0xff, 0xf0, 0x0, 0xf, 0xff, 0xd0, 0x0,
    0x1, 0xff, 0xf0, 0x0, 0x0, 0x2f, 0xfd, 0x0,
    0x0, 0x3, 0xff, 0xc0, 0x0, 0x0, 0x3f, 0xfc,
    0x0, 0x0, 0x3, 0xff, 0xc0, 0x0, 0x0, 0x3f,
    0xfc, 0x0, 0x0, 0x3, 0xff, 0xc0, 0x0, 0x0,
    0x3f, 0xfc, 0x0, 0x0, 0x3, 0xff, 0xc0, 0x0,
    0x0, 0x3f, 0xfc, 0x0, 0x0, 0x3, 0xff, 0xc0,
    0x0, 0x0, 0x3f, 0xfc, 0x0, 0x0, 0x3, 0xff,
    0xc0, 0x0, 0x0, 0x3f, 0xfc, 0x0, 0x0, 0x3,
    0xff, 0xc0, 0x0, 0x0, 0x3f, 0xfc, 0x0, 0x0,
    0xb, 0xff, 0xc0, 0x1, 0x56, 0xff, 0xf8, 0x0,
    0xbf, 0xff, 0xff, 0x0, 0xb, 0xff, 0xff, 0xe0,
    0x0, 0xbf, 0xff, 0xfc, 0x0, 0xb, 0xff, 0xff,
    0x0, 0x0, 0xbf, 0xfe, 0x40, 0x0, 0x0,

    /* U+007E "~" */
    0x0, 0x0, 0x0, 0x0, 0x0, 0x0, 0x0, 0x0,
    0x1f, 0xfe, 0x40, 0x0, 0x1, 0x0, 0x0, 0xbf,
    0xff, 0xf4, 0x0, 0x7, 0xc0, 0x3, 0xff, 0xff,
    0xff, 0x40, 0x1f, 0xf8, 0xb, 0xff, 0xff, 0xff,
    0xf5, 0xbf, 0xfc, 0x1f, 0xff, 0xff, 0xff, 0xff,
    0xff, 0xf0, 0x3f, 0xfd, 0xb, 0xff, 0xff, 0xff,
    0xd0, 0x1f, 0xf0, 0x0, 0xbf, 0xff, 0xff, 0x80,
    0x2, 0xc0, 0x0, 0xb, 0xff, 0xfd, 0x0, 0x0,
    0x0, 0x0, 0x0, 0x6f, 0xe0, 0x0
};


/*---------------------
 *  GLYPH DESCRIPTION
 *--------------------*/

static const lv_font_fmt_txt_glyph_dsc_t glyph_dsc[] = {
    {.bitmap_index = 0, .adv_w = 0, .box_w = 0, .box_h = 0, .ofs_x = 0, .ofs_y = 0} /* id = 0 reserved */,
    {.bitmap_index = 0, .adv_w = 298, .box_w = 0, .box_h = 0, .ofs_x = 0, .ofs_y = 0},
    {.bitmap_index = 0, .adv_w = 298, .box_w = 9, .box_h = 40, .ofs_x = 5, .ofs_y = 0},
    {.bitmap_index = 90, .adv_w = 478, .box_w = 24, .box_h = 19, .ofs_x = 2, .ofs_y = 22},
    {.bitmap_index = 204, .adv_w = 538, .box_w = 32, .box_h = 41, .ofs_x = 1, .ofs_y = 0},
    {.bitmap_index = 532, .adv_w = 538, .box_w = 30, .box_h = 51, .ofs_x = 2, .ofs_y = -5},
    {.bitmap_index = 915, .adv_w = 892, .box_w = 48, .box_h = 42, .ofs_x = 4, .ofs_y = -1},
    {.bitmap_index = 1419, .adv_w = 673, .box_w = 39, .box_h = 42, .ofs_x = 2, .ofs_y = -1},
    {.bitmap_index = 1829, .adv_w = 262, .box_w = 11, .box_h = 19, .ofs_x = 2, .ofs_y = 22},
    {.bitmap_index = 1882, .adv_w = 298, .box_w = 15, .box_h = 53, .ofs_x = 2, .ofs_y = -6},
    {.bitmap_index = 2081, .adv_w = 298, .box_w = 15, .box_h = 53, .ofs_x = 2, .ofs_y = -6},
    {.bitmap_index = 2280, .adv_w = 462, .box_w = 27, .box_h = 26, .ofs_x = 1, .ofs_y = 14},
    {.bitmap_index = 2456, .adv_w = 542, .box_w = 28, .box_h = 29, .ofs_x = 3, .ofs_y = 0},
    {.bitmap_index = 2659, .adv_w = 246, .box_w = 11, .box_h = 19, .ofs_x = 2, .ofs_y = -11},
    {.bitmap_index = 2712, .adv_w = 542, .box_w = 28, .box_h = 6, .ofs_x = 3, .ofs_y = 12},
    {.bitmap_index = 2754, .adv_w = 246, .box_w = 9, .box_h = 9, .ofs_x = 3, .ofs_y = 0},
    {.bitmap_index = 2775, .adv_w = 448, .box_w = 26, .box_h = 52, .ofs_x = 1, .ofs_y = -6},
    {.bitmap_index = 3113, .adv_w = 538, .box_w = 29, .box_h = 42, .ofs_x = 2, .ofs_y = -1},
    {.bitmap_index = 3418, .adv_w = 538, .box_w = 16, .box_h = 40, .ofs_x = 6, .ofs_y = 0},
    {.bitmap_index = 3578, .adv_w = 538, .box_w = 28, .box_h = 41, .ofs_x = 3, .ofs_y = 0},
    {.bitmap_index = 3865, .adv_w = 538, .box_w = 30, .box_h = 42, .ofs_x = 2, .ofs_y = -1},
    {.bitmap_index = 4180, .adv_w = 538, .box_w = 32, .box_h = 40, .ofs_x = 1, .ofs_y = 0},
    {.bitmap_index = 4500, .adv_w = 538, .box_w = 30, .box_h = 41, .ofs_x = 2, .ofs_y = -1},
    {.bitmap_index = 4808, .adv_w = 538, .box_w = 29, .box_h = 42, .ofs_x = 2, .ofs_y = -1},
    {.bitmap_index = 5113, .adv_w = 538, .box_w = 27, .box_h = 41, .ofs_x = 3, .ofs_y = -1},
    {.bitmap_index = 5390, .adv_w = 538, .box_w = 30, .box_h = 42, .ofs_x = 2, .ofs_y = -1},
    {.bitmap_index = 5705, .adv_w = 538, .box_w = 29, .box_h = 42, .ofs_x = 2, .ofs_y = -1},
    {.bitmap_index = 6010, .adv_w = 246, .box_w = 9, .box_h = 29, .ofs_x = 3, .ofs_y = 0},
    {.bitmap_index = 6076, .adv_w = 246, .box_w = 11, .box_h = 40, .ofs_x = 2, .ofs_y = -11},
    {.bitmap_index = 6186, .adv_w = 542, .box_w = 29, .box_h = 31, .ofs_x = 3, .ofs_y = -1},
    {.bitmap_index = 6411, .adv_w = 542, .box_w = 28, .box_h = 17, .ofs_x = 3, .ofs_y = 6},
    {.bitmap_index = 6530, .adv_w = 542, .box_w = 29, .box_h = 31, .ofs_x = 3, .ofs_y = -1},
    {.bitmap_index = 6755, .adv_w = 500, .box_w = 26, .box_h = 41, .ofs_x = 3, .ofs_y = 0},
    {.bitmap_index = 7022, .adv_w = 776, .box_w = 43, .box_h = 42, .ofs_x = 3, .ofs_y = -1},
    {.bitmap_index = 7474, .adv_w = 608, .box_w = 39, .box_h = 40, .ofs_x = 0, .ofs_y = 0},
    {.bitmap_index = 7864, .adv_w = 618, .box_w = 33, .box_h = 41, .ofs_x = 4, .ofs_y = 0},
    {.bitmap_index = 8203, .adv_w = 656, .box_w = 37, .box_h = 41, .ofs_x = 2, .ofs_y = 0},
    {.bitmap_index = 8583, .adv_w = 645, .box_w = 34, .box_h = 41, .ofs_x = 4, .ofs_y = 0},
    {.bitmap_index = 8932, .adv_w = 575, .box_w = 30, .box_h = 41, .ofs_x = 4, .ofs_y = 0},
    {.bitmap_index = 9240, .adv_w = 521, .box_w = 28, .box_h = 41, .ofs_x = 4, .ofs_y = 0},
    {.bitmap_index = 9527, .adv_w = 677, .box_w = 37, .box_h = 41, .ofs_x = 2, .ofs_y = 0},
    {.bitmap_index = 9907, .adv_w = 659, .box_w = 34, .box_h = 40, .ofs_x = 4, .ofs_y = 0},
    {.bitmap_index = 10247, .adv_w = 230, .box_w = 7, .box_h = 40, .ofs_x = 4, .ofs_y = 0},
    {.bitmap_index = 10317, .adv_w = 482, .box_w = 26, .box_h = 41, .ofs_x = 1, .ofs_y = -1},
    {.bitmap_index = 10584, .adv_w = 640, .box_w = 37, .box_h = 40, .ofs_x = 4, .ofs_y = 0},
    {.bitmap_index = 10954, .adv_w = 530, .box_w = 28, .box_h = 41, .ofs_x = 4, .ofs_y = 0},
    {.bitmap_index = 11241, .adv_w = 809, .box_w = 43, .box_h = 40, .ofs_x = 4, .ofs_y = 0},
    {.bitmap_index = 11671, .adv_w = 656, .box_w = 33, .box_h = 40, .ofs_x = 4, .ofs_y = 0},
    {.bitmap_index = 12001, .adv_w = 694, .box_w = 39, .box_h = 41, .ofs_x = 2, .ofs_y = 0},
    {.bitmap_index = 12401, .adv_w = 587, .box_w = 31, .box_h = 41, .ofs_x = 4, .ofs_y = -1},
    {.bitmap_index = 12719, .adv_w = 694, .box_w = 39, .box_h = 45, .ofs_x = 2, .ofs_y = -4},
    {.bitmap_index = 13158, .adv_w = 625, .box_w = 34, .box_h = 41, .ofs_x = 4, .ofs_y = -1},
    {.bitmap_index = 13507, .adv_w = 583, .box_w = 33, .box_h = 42, .ofs_x = 2, .ofs_y = -1},
    {.bitmap_index = 13854, .adv_w = 551, .box_w = 33, .box_h = 41, .ofs_x = 1, .ofs_y = 0},
    {.bitmap_index = 14193, .adv_w = 658, .box_w = 33, .box_h = 41, .ofs_x = 4, .ofs_y = -1},
    {.bitmap_index = 14532, .adv_w = 590, .box_w = 37, .box_h = 41, .ofs_x = 0, .ofs_y = 0},
    {.bitmap_index = 14912, .adv_w = 854, .box_w = 54, .box_h = 41, .ofs_x = 0, .ofs_y = 0},
    {.bitmap_index = 15466, .adv_w = 595, .box_w = 37, .box_h = 40, .ofs_x = 0, .ofs_y = 0},
    {.bitmap_index = 15836, .adv_w = 619, .box_w = 39, .box_h = 41, .ofs_x = 0, .ofs_y = 0},
    {.bitmap_index = 16236, .adv_w = 573, .box_w = 33, .box_h = 41, .ofs_x = 1, .ofs_y = 0},
    {.bitmap_index = 16575, .adv_w = 298, .box_w = 15, .box_h = 53, .ofs_x = 2, .ofs_y = -6},
    {.bitmap_index = 16774, .adv_w = 448, .box_w = 26, .box_h = 52, .ofs_x = 1, .ofs_y = -6},
    {.bitmap_index = 17112, .adv_w = 298, .box_w = 15, .box_h = 53, .ofs_x = 2, .ofs_y = -6},
    {.bitmap_index = 17311, .adv_w = 488, .box_w = 25, .box_h = 20, .ofs_x = 3, .ofs_y = 21},
    {.bitmap_index = 17436, .adv_w = 448, .box_w = 28, .box_h = 6, .ofs_x = 0, .ofs_y = -8},
    {.bitmap_index = 17478, .adv_w = 298, .box_w = 13, .box_h = 9, .ofs_x = 3, .ofs_y = 33},
    {.bitmap_index = 17508, .adv_w = 513, .box_w = 27, .box_h = 31, .ofs_x = 2, .ofs_y = -1},
    {.bitmap_index = 17718, .adv_w = 539, .box_w = 28, .box_h = 42, .ofs_x = 3, .ofs_y = -1},
    {.bitmap_index = 18012, .adv_w = 503, .box_w = 28, .box_h = 31, .ofs_x = 2, .ofs_y = -1},
    {.bitmap_index = 18229, .adv_w = 539, .box_w = 28, .box_h = 42, .ofs_x = 2, .ofs_y = -1},
    {.bitmap_index = 18523, .adv_w = 508, .box_w = 28, .box_h = 31, .ofs_x = 2, .ofs_y = -1},
    {.bitmap_index = 18740, .adv_w = 339, .box_w = 21, .box_h = 41, .ofs_x = 1, .ofs_y = 0},
    {.bitmap_index = 18956, .adv_w = 539, .box_w = 28, .box_h = 42, .ofs_x = 2, .ofs_y = -12},
    {.bitmap_index = 19250, .adv_w = 517, .box_w = 26, .box_h = 41, .ofs_x = 3, .ofs_y = 0},
    {.bitmap_index = 19517, .adv_w = 246, .box_w = 9, .box_h = 41, .ofs_x = 3, .ofs_y = 0},
    {.bitmap_index = 19610, .adv_w = 247, .box_w = 14, .box_h = 52, .ofs_x = -1, .ofs_y = -11},
    {.bitmap_index = 19792, .adv_w = 495, .box_w = 28, .box_h = 41, .ofs_x = 3, .ofs_y = 0},
    {.bitmap_index = 20079, .adv_w = 228, .box_w = 7, .box_h = 41, .ofs_x = 4, .ofs_y = 0},
    {.bitmap_index = 20151, .adv_w = 792, .box_w = 43, .box_h = 30, .ofs_x = 3, .ofs_y = 0},
    {.bitmap_index = 20474, .adv_w = 521, .box_w = 26, .box_h = 30, .ofs_x = 3, .ofs_y = 0},
    {.bitmap_index = 20669, .adv_w = 538, .box_w = 29, .box_h = 31, .ofs_x = 2, .ofs_y = -1},
    {.bitmap_index = 20894, .adv_w = 539, .box_w = 28, .box_h = 42, .ofs_x = 3, .ofs_y = -11},
    {.bitmap_index = 21188, .adv_w = 539, .box_w = 28, .box_h = 42, .ofs_x = 2, .ofs_y = -11},
    {.bitmap_index = 21482, .adv_w = 335, .box_w = 18, .box_h = 30, .ofs_x = 3, .ofs_y = 0},
    {.bitmap_index = 21617, .adv_w = 470, .box_w = 27, .box_h = 31, .ofs_x = 1, .ofs_y = -1},
    {.bitmap_index = 21827, .adv_w = 324, .box_w = 18, .box_h = 39, .ofs_x = 1, .ofs_y = 0},
    {.bitmap_index = 22003, .adv_w = 521, .box_w = 26, .box_h = 30, .ofs_x = 3, .ofs_y = -1},
    {.bitmap_index = 22198, .adv_w = 453, .box_w = 29, .box_h = 29, .ofs_x = 0, .ofs_y = 0},
    {.bitmap_index = 22409, .adv_w = 696, .box_w = 44, .box_h = 29, .ofs_x = 0, .ofs_y = 0},
    {.bitmap_index = 22728, .adv_w = 481, .box_w = 30, .box_h = 29, .ofs_x = 0, .ofs_y = 0},
    {.bitmap_index = 22946, .adv_w = 471, .box_w = 30, .box_h = 40, .ofs_x = 0, .ofs_y = -11},
    {.bitmap_index = 23246, .adv_w = 453, .box_w = 26, .box_h = 30, .ofs_x = 1, .ofs_y = 0},
    {.bitmap_index = 23441, .adv_w = 298, .box_w = 17, .box_h = 53, .ofs_x = 1, .ofs_y = -6},
    {.bitmap_index = 23667, .adv_w = 192, .box_w = 5, .box_h = 57, .ofs_x = 3, .ofs_y = -8},
    {.bitmap_index = 23739, .adv_w = 298, .box_w = 18, .box_h = 53, .ofs_x = 0, .ofs_y = -6},
    {.bitmap_index = 23978, .adv_w = 448, .box_w = 28, .box_h = 10, .ofs_x = 0, .ofs_y = 16}
};

/*---------------------
 *  CHARACTER MAPPING
 *--------------------*/



/*Collect the unicode lists and glyph_id offsets*/
static const lv_font_fmt_txt_cmap_t cmaps[] =
{
    {
        .range_start = 32, .range_length = 95, .glyph_id_start = 1,
        .unicode_list = NULL, .glyph_id_ofs_list = NULL, .list_length = 0, .type = LV_FONT_FMT_TXT_CMAP_FORMAT0_TINY
    }
};



/*--------------------
 *  ALL CUSTOM DATA
 *--------------------*/

#if LVGL_VERSION_MAJOR == 8
/*Store all the custom data of the font*/
static  lv_font_fmt_txt_glyph_cache_t cache;
#endif

#if LVGL_VERSION_MAJOR >= 8
static const lv_font_fmt_txt_dsc_t font_dsc = {
#else
static lv_font_fmt_txt_dsc_t font_dsc = {
#endif
    .glyph_bitmap = glyph_bitmap,
    .glyph_dsc = glyph_dsc,
    .cmaps = cmaps,
    .kern_dsc = NULL,
    .kern_scale = 0,
    .cmap_num = 1,
    .bpp = 2,
    .kern_classes = 0,
    .bitmap_format = 0,
#if LVGL_VERSION_MAJOR == 8
    .cache = &cache
#endif
};



/*-----------------
 *  PUBLIC FONT
 *----------------*/

/*Initialize a public general font descriptor*/
#if LVGL_VERSION_MAJOR >= 8
const lv_font_t helm_num_56 = {
#else
lv_font_t helm_num_56 = {
#endif
    .get_glyph_dsc = lv_font_get_glyph_dsc_fmt_txt,    /*Function pointer to get glyph's data*/
    .get_glyph_bitmap = lv_font_get_bitmap_fmt_txt,    /*Function pointer to get glyph's bitmap*/
    .line_height = 61,          /*The maximum line height required by the font*/
    .base_line = 12,             /*Baseline measured from the bottom of the line*/
#if !(LVGL_VERSION_MAJOR == 6 && LVGL_VERSION_MINOR == 0)
    .subpx = LV_FONT_SUBPX_NONE,
#endif
#if LV_VERSION_CHECK(7, 4, 0) || LVGL_VERSION_MAJOR >= 8
    .underline_position = -6,
    .underline_thickness = 5,
#endif
    .dsc = &font_dsc,          /*The custom font data. Will be accessed by `get_glyph_bitmap/dsc` */
#if LV_VERSION_CHECK(8, 2, 0) || LVGL_VERSION_MAJOR >= 9
    .fallback = NULL,
#endif
    .user_data = NULL,
};



#endif /*#if HELM_NUM_56*/

