/*******************************************************************************
 * Size: 12 px
 * Bpp: 2
 * Opts: --size 12 --bpp 2 --format lvgl --no-compress --no-prefilter --no-kerning --lv-include lvgl/lvgl.h --lv-font-name helm_ui_12 -o /home/jinsc/SDK/vela/openvela/vendor/my_vendor/boards/sf32lb52/my_vendor/ui/bicycle/src/lvgl_page/fonts/helm_ui_12.c --font /home/jinsc/SDK/SGl/PingFangSC/PingFangSC-Semibold.ttf --autohint-strong -r 0x20-0x7E --symbols  !"#$%&'()*+,-./0123456789:;<=>?@ABCDEFGHIJKLMNOPQRSTUVWXYZ[\]^_`abcdefghijklmnopqrstuvwxyz{|}~°±·×÷—…℃←↑→↓●✓、。一三上下不与东严个中为义书了二于五产亮仅仍从仪件份休会传伸位低体余作保信值倾偏停储充先光入全公六共关其具内再写准出击分划列删到制前剖剩功加动勾勿化北区十升单南占卡卫即卷厂历压原去参反发取变口可史右号合同名后向听启周命唤器四回固图圆圈在地均坏坐坡堆备复外夜大失头始字存完定对导将小就尽屏峰工左已带常平并序应度延建开式强归当录形往径待心快态思急总恢惠感成或手打扫找折护拔拟择拿持挂指按据掉接推描搜播操支收放效数文斗斜断新方无日时星显普暂更最月有期未本机束条来板极查标栈校检概模次歌止正此步比气水汇池没沿法波测海消清源滤灰点照爬片版牙特状率环现用由电留白盘目直看眠知短码硬磁示离秒移程稍空站第等算箱米粗系索累红约线组终经绑结统继绪续维绿编网罗置老耗背能自航英苹荐菜蓝蜂螺行衔表被西规视览解计议记设试请读谷败资起超足路跳踏轨转载辑输达过运近返还这连迹送适逆选途通速道配醒里重量针钟锁键长闭闲间陀附降除零静面页顺频颗验骑高鸣黑！（），：；？ --font /home/jinsc/SDK/vela/openvela/vendor/my_vendor/boards/sf32lb52/my_vendor/ui/bicycle/fonts/SourceHanSansCN-Bold.ttf --autohint-strong --symbols ✓
 ******************************************************************************/

#ifdef LV_LVGL_H_INCLUDE_SIMPLE
#include "lvgl.h"
#else
#include "lvgl/lvgl.h"
#endif

#ifndef HELM_UI_12
#define HELM_UI_12 1
#endif

#if HELM_UI_12

/*-----------------
 *    BITMAPS
 *----------------*/

/*Store the image of the glyphs*/
static LV_ATTRIBUTE_LARGE_CONST const uint8_t glyph_bitmap[] = {
    /* U+0020 " " */

    /* U+0021 "!" */
    0x71, 0xc7, 0x1c, 0x71, 0xc0, 0xc, 0x30,

    /* U+0022 "\"" */
    0x38, 0xe3, 0xcf, 0xc, 0x32, 0x49, 0x10, 0x40,

    /* U+0023 "#" */
    0x9, 0x30, 0x34, 0xc3, 0xff, 0xc3, 0x28, 0x1c,
    0x90, 0x63, 0x4b, 0xff, 0x4e, 0x70, 0x30, 0xc0,

    /* U+0024 "$" */
    0x7, 0x0, 0x7, 0x0, 0x1f, 0xe0, 0x3b, 0x78,
    0x37, 0x14, 0x3f, 0x0, 0x1f, 0xe0, 0x7, 0x7c,
    0x77, 0x1c, 0x3b, 0x7c, 0x1f, 0xe0, 0x7, 0x0,

    /* U+0025 "%" */
    0x1f, 0x42, 0x40, 0x3a, 0xc3, 0x0, 0x31, 0xc9,
    0x0, 0x35, 0xcc, 0x0, 0x1f, 0x65, 0xf4, 0x0,
    0x33, 0x5c, 0x0, 0x93, 0x1c, 0x0, 0xc3, 0xac,
    0x2, 0x41, 0xf4,

    /* U+0026 "&" */
    0xb, 0xd0, 0x0, 0xdb, 0x0, 0xe, 0xe0, 0x0,
    0xf8, 0x70, 0x3d, 0xdb, 0x3, 0x4b, 0xf0, 0x30,
    0x3d, 0x3, 0x97, 0xf0, 0xb, 0xe3, 0x80,

    /* U+0027 "'" */
    0x38, 0x3c, 0xc, 0x24, 0x10,

    /* U+0028 "(" */
    0xa, 0xc, 0x28, 0x34, 0x30, 0x30, 0x30, 0x30,
    0x34, 0x28, 0xc, 0xa,

    /* U+0029 ")" */
    0x90, 0x30, 0x34, 0x2c, 0x1c, 0x1c, 0x1c, 0x1c,
    0x2c, 0x34, 0x70, 0x90,

    /* U+002A "*" */
    0x7, 0x0, 0x1c, 0x47, 0xff, 0x3, 0xe0, 0x1c,
    0xd0, 0x51, 0x40,

    /* U+002B "+" */
    0x7, 0x0, 0x70, 0x7, 0xf, 0xff, 0x7, 0x40,
    0x70, 0x7, 0x0,

    /* U+002C "," */
    0x38, 0x3c, 0xc, 0x24, 0x10,

    /* U+002D "-" */
    0x0, 0xf, 0xff, 0x0, 0x0,

    /* U+002E "." */
    0x30, 0xc0,

    /* U+002F "/" */
    0x0, 0x90, 0xc, 0x1, 0xc0, 0x24, 0x3, 0x0,
    0x70, 0xd, 0x0, 0xc0, 0x18, 0x3, 0x40, 0x30,
    0xa, 0x0,

    /* U+0030 "0" */
    0xb, 0xd0, 0x2d, 0x74, 0x34, 0x2c, 0x30, 0x1c,
    0x70, 0x1c, 0x30, 0x1c, 0x34, 0x2c, 0x2d, 0x74,
    0xb, 0xd0,

    /* U+0031 "1" */
    0xb, 0xf, 0xc2, 0x70, 0x1c, 0x7, 0x1, 0xc0,
    0x70, 0x1c, 0x7, 0x0,

    /* U+0032 "2" */
    0xb, 0xe0, 0x2d, 0x7c, 0x34, 0x1c, 0x10, 0x2c,
    0x0, 0x74, 0x3, 0xd0, 0xe, 0x0, 0x3c, 0x0,
    0x3f, 0xfc,

    /* U+0033 "3" */
    0xb, 0xf4, 0x3d, 0x6c, 0x10, 0x2c, 0x2, 0xf0,
    0x0, 0x78, 0x10, 0x1c, 0x34, 0x1c, 0x2d, 0x78,
    0xb, 0xe0,

    /* U+0034 "4" */
    0x0, 0xb0, 0x1, 0xf0, 0x3, 0xb0, 0xa, 0x70,
    0x1c, 0x70, 0x30, 0x70, 0x7f, 0xfd, 0x0, 0x74,
    0x0, 0x70,

    /* U+0035 "5" */
    0x2f, 0xf8, 0x28, 0x0, 0x28, 0x0, 0x3b, 0xe0,
    0x3d, 0x7c, 0x0, 0x1c, 0x20, 0x1c, 0x2d, 0x78,
    0xb, 0xe0,

    /* U+0036 "6" */
    0xb, 0xe0, 0x1d, 0x78, 0x34, 0x4, 0x37, 0xe0,
    0x3d, 0x78, 0x30, 0x1c, 0x30, 0x1c, 0x2d, 0x78,
    0xb, 0xe0,

    /* U+0037 "7" */
    0xff, 0xf0, 0xb, 0x0, 0xd0, 0x1c, 0x3, 0x80,
    0x34, 0xb, 0x0, 0xd0, 0x1c, 0x0,

    /* U+0038 "8" */
    0x1f, 0xe0, 0x39, 0x6c, 0x34, 0x2c, 0x1f, 0xf0,
    0x3d, 0x78, 0x30, 0x1c, 0x30, 0x1c, 0x3d, 0x78,
    0xb, 0xe0,

    /* U+0039 "9" */
    0xb, 0xe0, 0x39, 0x74, 0x30, 0x1c, 0x38, 0x2c,
    0x1f, 0xec, 0x0, 0x1c, 0x34, 0x28, 0x2d, 0xb4,
    0xb, 0xd0,

    /* U+003A ":" */
    0x30, 0xc0, 0x0, 0x0, 0xc3, 0x0,

    /* U+003B ";" */
    0x30, 0xc0, 0x0, 0x0, 0xc3, 0x8, 0x20, 0x0,

    /* U+003C "<" */
    0x0, 0x20, 0x2f, 0x2e, 0xf, 0x0, 0x7e, 0x0,
    0x7e, 0x0, 0x70, 0x0,

    /* U+003D "=" */
    0x0, 0xf, 0xff, 0x0, 0x0, 0x0, 0xff, 0xf0,
    0x0,

    /* U+003E ">" */
    0x80, 0xf, 0x80, 0xb, 0x80, 0xf, 0xb, 0xdb,
    0xd0, 0xd0, 0x0, 0x0,

    /* U+003F "?" */
    0xf, 0xc0, 0xe6, 0xc3, 0x7, 0x0, 0x2c, 0x2,
    0xc0, 0xc, 0x0, 0x10, 0x0, 0xc0, 0x3, 0x0,

    /* U+0040 "@" */
    0x2, 0xfe, 0x40, 0x3f, 0xff, 0x43, 0xed, 0xeb,
    0xd, 0xd2, 0x5c, 0x77, 0xc, 0x70, 0xdc, 0x73,
    0x43, 0xae, 0xb9, 0x3, 0xd5, 0x78, 0x2, 0xff,
    0x40,

    /* U+0041 "A" */
    0x3, 0xc0, 0x1, 0xf4, 0x0, 0xa7, 0x0, 0x34,
    0xc0, 0x1c, 0x28, 0xb, 0xff, 0x3, 0x40, 0xc1,
    0xc0, 0x38, 0xe0, 0x7, 0x0,

    /* U+0042 "B" */
    0x7f, 0xf0, 0x1d, 0x1b, 0x7, 0x1, 0xc1, 0xc0,
    0xb0, 0x7f, 0xf4, 0x1d, 0x7, 0x87, 0x0, 0x71,
    0xd0, 0x7c, 0x7f, 0xfc, 0x0,

    /* U+0043 "C" */
    0x7, 0xf8, 0x7, 0x97, 0xc3, 0x80, 0x30, 0xc0,
    0x0, 0x30, 0x0, 0xc, 0x0, 0x3, 0x80, 0x34,
    0x79, 0x78, 0x7, 0xf8, 0x0,

    /* U+0044 "D" */
    0x7f, 0xe4, 0x1d, 0x1b, 0x47, 0x0, 0xb1, 0xc0,
    0x1c, 0x70, 0x7, 0x1c, 0x1, 0xc7, 0x0, 0xf1,
    0xd1, 0xb4, 0x7f, 0xe0, 0x0,

    /* U+0045 "E" */
    0x7f, 0xfc, 0x74, 0x0, 0x70, 0x0, 0x70, 0x0,
    0x7f, 0xf8, 0x74, 0x0, 0x70, 0x0, 0x74, 0x0,
    0x7f, 0xfc,

    /* U+0046 "F" */
    0x7f, 0xf9, 0xd0, 0x7, 0x0, 0x1c, 0x0, 0x7f,
    0xf5, 0xd0, 0x7, 0x0, 0x1c, 0x0, 0x70, 0x0,

    /* U+0047 "G" */
    0x7, 0xf8, 0x7, 0x97, 0x83, 0x80, 0x60, 0xc0,
    0x0, 0x30, 0x7f, 0xc, 0x1, 0xc3, 0x80, 0x70,
    0x79, 0x6c, 0x7, 0xf8, 0x0,

    /* U+0048 "H" */
    0x70, 0x7, 0x1c, 0x1, 0xc7, 0x0, 0x71, 0xc0,
    0x1c, 0x7f, 0xff, 0x1d, 0x1, 0xc7, 0x0, 0x71,
    0xc0, 0x1c, 0x70, 0x7, 0x0,

    /* U+0049 "I" */
    0x71, 0xc7, 0x1c, 0x71, 0xc7, 0x1c, 0x70,

    /* U+004A "J" */
    0x0, 0x70, 0x1, 0xc0, 0x7, 0x0, 0x1c, 0x0,
    0x70, 0x1, 0xc3, 0x7, 0xe, 0x7c, 0x1f, 0xc0,

    /* U+004B "K" */
    0x70, 0x1d, 0x1c, 0x1d, 0x7, 0x1d, 0x1, 0xdd,
    0x0, 0x7f, 0x80, 0x1e, 0x74, 0x7, 0xb, 0x41,
    0xc0, 0xb0, 0x70, 0xf, 0x0,

    /* U+004C "L" */
    0x70, 0x1, 0xc0, 0x7, 0x0, 0x1c, 0x0, 0x70,
    0x1, 0xc0, 0x7, 0x0, 0x1d, 0x54, 0x7f, 0xf8,

    /* U+004D "M" */
    0x78, 0x0, 0xf1, 0xf0, 0x3, 0xc7, 0xd0, 0x2f,
    0x1e, 0xc0, 0xec, 0x77, 0x47, 0x71, 0xca, 0x39,
    0xc7, 0x1d, 0xc7, 0x1c, 0x3e, 0x1c, 0x70, 0x70,
    0x70,

    /* U+004E "N" */
    0x74, 0x7, 0x1f, 0x1, 0xc7, 0xf0, 0x71, 0xde,
    0x1c, 0x71, 0xd7, 0x1c, 0x2d, 0xc7, 0x3, 0xf1,
    0xc0, 0x7c, 0x70, 0xb, 0x0,

    /* U+004F "O" */
    0x7, 0xf8, 0x1, 0xe5, 0xb0, 0x38, 0x3, 0x83,
    0x0, 0x1c, 0x70, 0x1, 0xc3, 0x0, 0x1c, 0x38,
    0x3, 0x81, 0xe5, 0xb0, 0x7, 0xf8, 0x0,

    /* U+0050 "P" */
    0x7f, 0xf0, 0x74, 0x7c, 0x70, 0x1c, 0x70, 0x2c,
    0x7f, 0xf4, 0x74, 0x0, 0x70, 0x0, 0x70, 0x0,
    0x70, 0x0,

    /* U+0051 "Q" */
    0x7, 0xf8, 0x1, 0xe5, 0xb0, 0x38, 0x3, 0x83,
    0x0, 0x1c, 0x70, 0x1, 0xc3, 0x1, 0x5c, 0x38,
    0x1f, 0x81, 0xe5, 0xf4, 0x7, 0xfb, 0x80, 0x0,
    0x4,

    /* U+0052 "R" */
    0x7f, 0xf0, 0x74, 0x6c, 0x70, 0x1c, 0x70, 0x2c,
    0x7f, 0xf0, 0x74, 0x78, 0x70, 0x1c, 0x70, 0x1c,
    0x70, 0xd,

    /* U+0053 "S" */
    0xb, 0xf4, 0xe, 0x57, 0x47, 0x0, 0x60, 0xf8,
    0x0, 0x7, 0xf8, 0x0, 0x7, 0xc3, 0x0, 0x70,
    0xf4, 0x7c, 0xb, 0xf8, 0x0,

    /* U+0054 "T" */
    0xff, 0xfc, 0x1d, 0x0, 0x70, 0x1, 0xc0, 0x7,
    0x0, 0x1c, 0x0, 0x70, 0x1, 0xc0, 0x7, 0x0,

    /* U+0055 "U" */
    0x70, 0x7, 0x1c, 0x1, 0xc7, 0x0, 0x71, 0xc0,
    0x1c, 0x70, 0x7, 0x1c, 0x1, 0xc3, 0x40, 0x70,
    0xb5, 0x78, 0xb, 0xf4, 0x0,

    /* U+0056 "V" */
    0xe0, 0xe, 0x70, 0xd, 0x34, 0x1c, 0x38, 0x38,
    0x1c, 0x34, 0xd, 0x70, 0xa, 0xe0, 0x7, 0xd0,
    0x3, 0xc0,

    /* U+0057 "W" */
    0xf0, 0x38, 0x1c, 0xb0, 0x7c, 0x2c, 0x70, 0xbc,
    0x38, 0x34, 0xdd, 0x34, 0x28, 0xca, 0x70, 0x1d,
    0xc7, 0xb0, 0xf, 0x83, 0xe0, 0xf, 0x43, 0xd0,
    0xb, 0x2, 0xc0,

    /* U+0058 "X" */
    0x74, 0x1d, 0x3c, 0x38, 0xe, 0xb0, 0x7, 0xd0,
    0x3, 0xc0, 0xb, 0xe0, 0x1d, 0x74, 0x38, 0x3c,
    0xb0, 0xe,

    /* U+0059 "Y" */
    0x74, 0x7, 0xb, 0x3, 0x80, 0xe2, 0xc0, 0x1d,
    0xd0, 0x3, 0xe0, 0x0, 0x70, 0x0, 0x1c, 0x0,
    0x7, 0x0, 0x1, 0xc0, 0x0,

    /* U+005A "Z" */
    0x3f, 0xfc, 0x1, 0xe0, 0xb, 0x0, 0xb4, 0x7,
    0x80, 0x3c, 0x3, 0xd0, 0x2e, 0x0, 0xff, 0xfc,

    /* U+005B "[" */
    0x0, 0x1f, 0xc7, 0x41, 0xc0, 0x70, 0x1c, 0x7,
    0x1, 0xc0, 0x70, 0x1c, 0x7, 0x1, 0xc0, 0x7f,
    0x0, 0x0,

    /* U+005C "\\" */
    0xa0, 0x3, 0x0, 0x34, 0x1, 0x80, 0xc, 0x0,
    0xd0, 0x7, 0x0, 0x30, 0x2, 0x40, 0x1c, 0x0,
    0xc0, 0x9,

    /* U+005D "]" */
    0x0, 0xf, 0xc0, 0x70, 0x1c, 0x7, 0x1, 0xc0,
    0x70, 0x1c, 0x7, 0x1, 0xc0, 0x70, 0x1c, 0x3f,
    0x0, 0x0,

    /* U+005E "^" */
    0x1, 0x0, 0xf4, 0xd, 0x82, 0x4c, 0x30, 0x60,

    /* U+005F "_" */
    0x0, 0xf, 0xff, 0x0, 0x0,

    /* U+0060 "`" */
    0x34, 0xc,

    /* U+0061 "a" */
    0xf, 0xd0, 0xe6, 0xc1, 0x7, 0x7, 0xfc, 0x38,
    0x70, 0xd7, 0xc2, 0xf7, 0x0,

    /* U+0062 "b" */
    0x70, 0x0, 0x70, 0x0, 0x70, 0x0, 0x77, 0xe0,
    0x7d, 0x78, 0x74, 0x1c, 0x70, 0x1c, 0x74, 0x1c,
    0x7d, 0x78, 0x77, 0xe0,

    /* U+0063 "c" */
    0xb, 0xd0, 0xf5, 0xd3, 0x41, 0xc, 0x0, 0x34,
    0x24, 0xf5, 0xc0, 0xbd, 0x0,

    /* U+0064 "d" */
    0x0, 0x1c, 0x0, 0x1c, 0x0, 0x1c, 0xb, 0xdc,
    0x3d, 0x7c, 0x34, 0x1c, 0x30, 0x1c, 0x34, 0x1c,
    0x3d, 0x7c, 0xb, 0xec,

    /* U+0065 "e" */
    0x2f, 0x87, 0x5d, 0xe0, 0xbf, 0xff, 0xe0, 0x57,
    0x5e, 0x2f, 0x80,

    /* U+0066 "f" */
    0xf, 0x7, 0x4f, 0xf0, 0x74, 0x1c, 0x7, 0x1,
    0xc0, 0x70, 0x1c, 0x0,

    /* U+0067 "g" */
    0xb, 0xec, 0x2d, 0x7c, 0x34, 0x1c, 0x30, 0x1c,
    0x34, 0x1c, 0x3d, 0x7c, 0xb, 0xec, 0x0, 0x1c,
    0x3c, 0x78, 0xb, 0xe0,

    /* U+0068 "h" */
    0x70, 0x1, 0xc0, 0x7, 0x0, 0x1d, 0xf4, 0x79,
    0xf1, 0xc1, 0xc7, 0x7, 0x1c, 0x1c, 0x70, 0x71,
    0xc1, 0xc0,

    /* U+0069 "i" */
    0x30, 0xc7, 0x1c, 0x71, 0xc7, 0x1c, 0x70,

    /* U+006A "j" */
    0xc, 0xc, 0x1c, 0x1c, 0x1c, 0x1c, 0x1c, 0x1c,
    0x1c, 0x1c, 0x2c, 0x38,

    /* U+006B "k" */
    0x70, 0x1, 0xc0, 0x7, 0x0, 0x1c, 0x3c, 0x72,
    0xc1, 0xec, 0x7, 0xf0, 0x1d, 0xf0, 0x70, 0xe1,
    0xc1, 0xd0,

    /* U+006C "l" */
    0x71, 0xc7, 0x1c, 0x71, 0xc7, 0x1c, 0x71, 0xc0,

    /* U+006D "m" */
    0x7b, 0xdb, 0xc1, 0xe7, 0xe6, 0xc7, 0x7, 0x7,
    0x1c, 0x1c, 0x1c, 0x70, 0x70, 0x71, 0xc1, 0xc1,
    0xc7, 0x7, 0x7, 0x0,

    /* U+006E "n" */
    0x7b, 0xd1, 0xe7, 0xc7, 0x7, 0x1c, 0x1c, 0x70,
    0x71, 0xc1, 0xc7, 0x7, 0x0,

    /* U+006F "o" */
    0xb, 0xe0, 0x2d, 0x78, 0x34, 0x1c, 0x30, 0x1c,
    0x34, 0x1c, 0x2d, 0x78, 0xb, 0xe0,

    /* U+0070 "p" */
    0x7b, 0xe0, 0x7d, 0x78, 0x74, 0x1c, 0x70, 0x1c,
    0x74, 0x1c, 0x7d, 0x78, 0x77, 0xe0, 0x70, 0x0,
    0x70, 0x0, 0x70, 0x0,

    /* U+0071 "q" */
    0xb, 0xec, 0x3d, 0x7c, 0x34, 0x1c, 0x30, 0x1c,
    0x34, 0x1c, 0x3d, 0x7c, 0xb, 0xdc, 0x0, 0x1c,
    0x0, 0x1c, 0x0, 0x1c,

    /* U+0072 "r" */
    0x0, 0x1e, 0xc7, 0xd1, 0xc0, 0x70, 0x1c, 0x7,
    0x1, 0xc0,

    /* U+0073 "s" */
    0x1f, 0xc0, 0xd7, 0x83, 0x80, 0x6, 0xf4, 0x10,
    0xb0, 0xd6, 0xc1, 0xfd, 0x0,

    /* U+0074 "t" */
    0x0, 0x30, 0x70, 0xff, 0x74, 0x70, 0x70, 0x70,
    0x34, 0x2f,

    /* U+0075 "u" */
    0x70, 0x71, 0xc1, 0xc7, 0x7, 0x1c, 0x1c, 0x70,
    0x70, 0xd3, 0xc1, 0xfb, 0x0,

    /* U+0076 "v" */
    0xe0, 0xb1, 0xc3, 0x83, 0x4c, 0xe, 0xb0, 0x1f,
    0x80, 0x3c, 0x0, 0xf0, 0x0,

    /* U+0077 "w" */
    0xe0, 0xd1, 0xc7, 0x1e, 0x2c, 0x32, 0xb3, 0x83,
    0x77, 0x30, 0x2b, 0x2b, 0x1, 0xf1, 0xe0, 0xe,
    0xd, 0x0,

    /* U+0078 "x" */
    0x70, 0xf0, 0xb7, 0x0, 0xf4, 0x2, 0xc0, 0x1f,
    0xc0, 0xe3, 0x4b, 0xb, 0x0,

    /* U+0079 "y" */
    0xe0, 0x71, 0xc2, 0x83, 0x4d, 0xa, 0x70, 0x1e,
    0x80, 0x3d, 0x0, 0xb0, 0x2, 0x80, 0xd, 0x0,
    0x70, 0x0,

    /* U+007A "z" */
    0xff, 0xc1, 0xe0, 0xb0, 0x74, 0x38, 0x2d, 0xf,
    0xfc,

    /* U+007B "{" */
    0x0, 0x2, 0xc0, 0xd0, 0x70, 0x1c, 0x7, 0x3,
    0x81, 0xe0, 0x1c, 0x7, 0x1, 0xc0, 0x30, 0xf,
    0x0, 0x0,

    /* U+007C "|" */
    0x71, 0xc7, 0x1c, 0x71, 0xc7, 0x1c, 0x71, 0xc7,
    0x1c, 0x70,

    /* U+007D "}" */
    0x0, 0x3e, 0x2, 0xc0, 0x70, 0x1c, 0x7, 0x0,
    0xe0, 0x2c, 0xc, 0x7, 0x1, 0xc0, 0x70, 0xf8,
    0x0, 0x0,

    /* U+007E "~" */
    0x0, 0x3, 0xd5, 0x97, 0xd0, 0x0,

    /* U+00B0 "°" */
    0x0, 0x2d, 0x35, 0x3d, 0x0,

    /* U+00B1 "±" */
    0x7, 0x0, 0x70, 0xff, 0xf0, 0x74, 0x7, 0x0,
    0x0, 0xff, 0xf0,

    /* U+00B7 "·" */
    0x0, 0xc3, 0x0,

    /* U+00D7 "×" */
    0x10, 0x10, 0xe1, 0xd0, 0xed, 0x1, 0xe0, 0xe,
    0xd0, 0xe1, 0xc2, 0x2, 0x40,

    /* U+00F7 "÷" */
    0x3, 0x0, 0x30, 0x0, 0xf, 0xff, 0x0, 0x0,
    0x30, 0x3, 0x0,

    /* U+2014 "—" */
    0x0, 0x0, 0x0, 0xff, 0xff, 0xff, 0x0, 0x0,
    0x0,

    /* U+2026 "…" */
    0x30, 0x30, 0x30, 0xc0, 0xc0, 0xc0,

    /* U+2103 "℃" */
    0x78, 0x0, 0x3, 0x31, 0xa9, 0x7, 0x9e, 0x6d,
    0x0, 0xd0, 0x1c, 0x7, 0x0, 0x0, 0x2c, 0x0,
    0x0, 0x70, 0x0, 0x1, 0xd0, 0xc, 0x3, 0xd0,
    0xe0, 0x2, 0xfe, 0x0, 0x0, 0x0, 0x0,

    /* U+2190 "←" */
    0x0, 0x0, 0x0, 0x9, 0x0, 0x0, 0x2c, 0x0,
    0x0, 0x7f, 0xff, 0xfe, 0x2c, 0x0, 0x0, 0x9,
    0x0, 0x0, 0x0, 0x0, 0x0,

    /* U+2191 "↑" */
    0x0, 0x0, 0x1d, 0x1, 0xfd, 0x8, 0xc8, 0x3,
    0x0, 0xc, 0x0, 0x30, 0x0, 0xc0, 0x3, 0x0,
    0xc, 0x0, 0x30, 0x0, 0xc0,

    /* U+2192 "→" */
    0x0, 0x0, 0x0, 0x0, 0x0, 0x60, 0x0, 0x0,
    0x38, 0xbf, 0xff, 0xfd, 0x0, 0x0, 0x38, 0x0,
    0x0, 0x60, 0x0, 0x0, 0x0,

    /* U+2193 "↓" */
    0x3, 0x0, 0xc, 0x0, 0x30, 0x0, 0xc0, 0x3,
    0x0, 0xc, 0x0, 0x30, 0x0, 0xc0, 0x23, 0x20,
    0x7f, 0x40, 0x74, 0x0, 0x0,

    /* U+25CF "●" */
    0xb, 0xf8, 0x3, 0xff, 0xf0, 0xbf, 0xff, 0x8f,
    0xff, 0xfc, 0xff, 0xff, 0xcf, 0xff, 0xfc, 0xbf,
    0xff, 0x83, 0xff, 0xf0, 0xb, 0xf8, 0x0, 0x0,
    0x0,

    /* U+2713 "✓" */
    0x0, 0x0, 0x0, 0x0, 0xd0, 0x0, 0xf0, 0x0,
    0xb0, 0x0, 0x34, 0x0, 0x28, 0xb, 0xc, 0x0,
    0xd7, 0x0, 0x2f, 0x40, 0x3, 0xc0, 0x0, 0x0,
    0x0,

    /* U+3001 "、" */
    0x50, 0x38, 0xd, 0x0,

    /* U+3002 "。" */
    0x7d, 0xc3, 0x7d,

    /* U+4E00 "一" */
    0xff, 0xff, 0xfc, 0x0, 0x0, 0x0,

    /* U+4E09 "三" */
    0x0, 0x0, 0x1, 0xff, 0xff, 0xc0, 0x0, 0x0,
    0x0, 0x0, 0x0, 0x0, 0x0, 0x0, 0x7f, 0xff,
    0x40, 0x0, 0x0, 0x0, 0x0, 0x0, 0x0, 0x0,
    0x0, 0x0, 0x0, 0xf, 0xff, 0xff, 0xc0,

    /* U+4E0A "上" */
    0x0, 0xd0, 0x0, 0x3, 0x40, 0x0, 0xd, 0x0,
    0x0, 0x34, 0x0, 0x0, 0xff, 0xe0, 0x3, 0x40,
    0x0, 0xd, 0x0, 0x0, 0x34, 0x0, 0x0, 0xd0,
    0x0, 0x3, 0x40, 0xf, 0xff, 0xff, 0xc0,

    /* U+4E0B "下" */
    0xff, 0xff, 0xfc, 0x1, 0xc0, 0x0, 0x7, 0x0,
    0x0, 0x1f, 0x80, 0x0, 0x72, 0xe0, 0x1, 0xc0,
    0x80, 0x7, 0x0, 0x0, 0x1c, 0x0, 0x0, 0x70,
    0x0, 0x1, 0xc0, 0x0,

    /* U+4E0D "不" */
    0x3f, 0xff, 0xfc, 0x0, 0x1d, 0x0, 0x0, 0x38,
    0x0, 0x0, 0xf9, 0x80, 0x3, 0xe8, 0xf0, 0x2e,
    0x28, 0x3c, 0x74, 0x28, 0x8, 0x0, 0x28, 0x0,
    0x0, 0x28, 0x0, 0x0, 0x28, 0x0,

    /* U+4E0E "与" */
    0x1, 0x0, 0x0, 0x1c, 0x0, 0x0, 0xbf, 0xff,
    0x42, 0x80, 0x0, 0xf, 0xff, 0xf0, 0x0, 0x0,
    0xc0, 0x0, 0x3, 0x2f, 0xff, 0xcc, 0x0, 0x0,
    0x30, 0x0, 0x2, 0xc0, 0x2, 0xfd, 0x0, 0x0,
    0x0,

    /* U+4E1C "东" */
    0x0, 0x40, 0x0, 0x0, 0xd0, 0x0, 0x3f, 0xff,
    0xfc, 0x3, 0x4, 0x0, 0xd, 0x1c, 0x0, 0x2f,
    0xff, 0xf8, 0x0, 0x1c, 0x0, 0x7, 0x1c, 0xa0,
    0x1d, 0x1c, 0x38, 0x34, 0x2c, 0xc, 0x0, 0xf8,
    0x0,

    /* U+4E25 "严" */
    0xf, 0xff, 0xfc, 0x6, 0x73, 0x64, 0x2, 0x33,
    0x20, 0xf, 0xff, 0xfd, 0xc, 0x0, 0x0, 0xc,
    0x0, 0x0, 0xc, 0x0, 0x0, 0x1c, 0x0, 0x0,
    0x38, 0x0, 0x0, 0x20, 0x0, 0x0,

    /* U+4E2A "个" */
    0x0, 0x74, 0x0, 0x1, 0xdd, 0x0, 0x7, 0x47,
    0x80, 0x2d, 0x21, 0xf4, 0xb0, 0x30, 0x2c, 0x0,
    0x30, 0x0, 0x0, 0x30, 0x0, 0x0, 0x30, 0x0,
    0x0, 0x30, 0x0, 0x0, 0x30, 0x0, 0x0, 0x30,
    0x0,

    /* U+4E2D "中" */
    0x0, 0xc0, 0x0, 0xc, 0x0, 0xff, 0xff, 0xcd,
    0xd, 0xc, 0xc0, 0xc0, 0xcc, 0xc, 0xc, 0xff,
    0xff, 0xcd, 0xd, 0xc, 0x0, 0xc0, 0x0, 0xc,
    0x0, 0x0, 0xc0, 0x0,

    /* U+4E3A "为" */
    0x4, 0x30, 0x0, 0x38, 0xc0, 0x0, 0x23, 0x0,
    0xf, 0xff, 0xff, 0x0, 0x70, 0x1c, 0x2, 0x90,
    0x70, 0xd, 0xf1, 0xc0, 0x70, 0xe7, 0x7, 0x40,
    0x18, 0xb8, 0x0, 0xe3, 0x40, 0x3f, 0x0, 0x0,
    0x0,

    /* U+4E49 "义" */
    0x0, 0x60, 0x0, 0x0, 0x34, 0x30, 0xc, 0x2c,
    0x70, 0xe, 0x4, 0xe0, 0x7, 0x1, 0xc0, 0x2,
    0xc3, 0x80, 0x0, 0xfb, 0x0, 0x0, 0x3d, 0x0,
    0x0, 0xff, 0x40, 0x1b, 0x82, 0xf4, 0x3d, 0x0,
    0x2c, 0x0, 0x0, 0x0,

    /* U+4E66 "书" */
    0x0, 0xa0, 0x90, 0x0, 0xa0, 0x7c, 0x3f, 0xff,
    0xc0, 0x0, 0xa1, 0xc0, 0x0, 0xa0, 0xc0, 0x7f,
    0xff, 0xf8, 0x0, 0xa0, 0x28, 0x0, 0xa0, 0x28,
    0x0, 0xa0, 0x34, 0x0, 0xa2, 0xf0, 0x0, 0xa0,
    0x0,

    /* U+4E86 "了" */
    0xff, 0xff, 0xd0, 0x0, 0x7c, 0x0, 0x1e, 0x0,
    0xb, 0x0, 0x0, 0xa0, 0x0, 0xa, 0x0, 0x0,
    0xa0, 0x0, 0xa, 0x0, 0x0, 0xe0, 0x0, 0xbd,
    0x0,

    /* U+4E8C "二" */
    0x2f, 0xff, 0xf0, 0x0, 0x0, 0x0, 0x0, 0x0,
    0x0, 0x0, 0x0, 0x0, 0x0, 0x0, 0x0, 0x0,
    0x0, 0x0, 0x0, 0x0, 0x0, 0x0, 0xff, 0xff,
    0xfc, 0x0, 0x0, 0x0,

    /* U+4E8E "于" */
    0x7f, 0xff, 0xf0, 0x1, 0xc0, 0x0, 0x3, 0x0,
    0x0, 0x1c, 0x0, 0xff, 0xff, 0xf8, 0x0, 0xc0,
    0x0, 0x3, 0x0, 0x0, 0xc, 0x0, 0x0, 0x70,
    0x0, 0x1f, 0xc0, 0x0,

    /* U+4E94 "五" */
    0xbf, 0xff, 0xf4, 0x3, 0x40, 0x0, 0x1c, 0x0,
    0x0, 0xb0, 0x0, 0x7f, 0xff, 0xc0, 0xd, 0x7,
    0x0, 0x30, 0x1c, 0x1, 0xc0, 0x70, 0xb, 0x2,
    0xc3, 0xff, 0xff, 0xf0,

    /* U+4EA7 "产" */
    0x0, 0x0, 0x0, 0x0, 0x28, 0x0, 0x2f, 0xff,
    0xfc, 0x1, 0xc1, 0xc0, 0x0, 0xc2, 0x80, 0x2f,
    0xff, 0xfc, 0x2c, 0x0, 0x0, 0x2c, 0x0, 0x0,
    0x28, 0x0, 0x0, 0x28, 0x0, 0x0, 0x34, 0x0,
    0x0, 0x30, 0x0, 0x0, 0x0, 0x0, 0x0,

    /* U+4EAE "亮" */
    0x0, 0xa0, 0x3, 0xff, 0xff, 0xe0, 0xaa, 0xa4,
    0x3, 0x95, 0xb0, 0xf, 0xff, 0xc1, 0xaa, 0xaa,
    0x9e, 0xaa, 0xab, 0x64, 0xff, 0xc9, 0x7, 0x7,
    0x0, 0x38, 0x1c, 0xab, 0x80, 0x3f, 0x40, 0x0,
    0x0,

    /* U+4EC5 "仅" */
    0x1, 0x0, 0x0, 0xa, 0x7f, 0xfc, 0xd, 0x28,
    0x1c, 0x2c, 0x18, 0x28, 0x7c, 0xc, 0x34, 0x6c,
    0xd, 0x70, 0xc, 0x7, 0xd0, 0xc, 0x3, 0xc0,
    0xc, 0xb, 0xf0, 0xc, 0x7c, 0x3c, 0xc, 0xa0,
    0xa, 0x0, 0x0, 0x0,

    /* U+4ECD "仍" */
    0x0, 0x0, 0x0, 0xa, 0xff, 0xf0, 0xc, 0x1c,
    0x70, 0x2c, 0xc, 0x60, 0x7c, 0xc, 0xbc, 0x1c,
    0x1c, 0xc, 0xc, 0x1c, 0xc, 0xc, 0x38, 0xc,
    0xc, 0x70, 0xc, 0xc, 0xe0, 0x1c, 0xd, 0xc0,
    0xf4, 0x0, 0x0, 0x0,

    /* U+4ECE "从" */
    0x0, 0x0, 0x0, 0x3, 0x0, 0xc0, 0x3, 0x0,
    0xc0, 0x3, 0x0, 0xc0, 0x3, 0x1, 0xc0, 0x7,
    0x1, 0xc0, 0x7, 0x82, 0xd0, 0xb, 0xd3, 0xf0,
    0xd, 0x77, 0x34, 0x2c, 0x1e, 0x2c, 0x74, 0x2c,
    0xe, 0x20, 0x24, 0x4,

    /* U+4EEA "仪" */
    0x0, 0x0, 0x0, 0x7, 0xc, 0x4, 0xa, 0xb,
    0x28, 0xc, 0xd3, 0x34, 0x3c, 0x70, 0x30, 0x7c,
    0x30, 0x70, 0x5c, 0x2c, 0xd0, 0xc, 0xf, 0xc0,
    0xc, 0x7, 0x80, 0xc, 0x1f, 0xd0, 0xc, 0xb8,
    0x78, 0xc, 0xd0, 0xc, 0x0, 0x0, 0x0,

    /* U+4EF6 "件" */
    0x0, 0x0, 0x0, 0x7, 0x3, 0x0, 0xb, 0x33,
    0x0, 0xd, 0x73, 0x40, 0x3c, 0xff, 0xfc, 0x7c,
    0xc3, 0x0, 0x6c, 0x43, 0x0, 0xc, 0xff, 0xfc,
    0xc, 0x3, 0x40, 0xc, 0x3, 0x0, 0xc, 0x3,
    0x0, 0xc, 0x3, 0x0,

    /* U+4EFD "份" */
    0x2, 0x4, 0x80, 0xb, 0x28, 0xd0, 0xd, 0x30,
    0x70, 0x2c, 0xe0, 0x38, 0x7e, 0xd0, 0x1d, 0x6c,
    0xbf, 0xf0, 0xc, 0xc, 0x30, 0xc, 0x1c, 0x30,
    0xc, 0x38, 0x30, 0xc, 0xb0, 0x70, 0xc, 0xc3,
    0xe0, 0x0, 0x0, 0x0,

    /* U+4F11 "休" */
    0x0, 0x0, 0x0, 0x7, 0x3, 0x0, 0xb, 0x3,
    0x0, 0xe, 0x7, 0x0, 0x2c, 0xff, 0xfc, 0x7c,
    0xf, 0xc0, 0x6c, 0x27, 0x60, 0xc, 0x73, 0x30,
    0xc, 0xd3, 0x1c, 0xe, 0x83, 0x9, 0xc, 0x3,
    0x0, 0xc, 0x3, 0x0,

    /* U+4F1A "会" */
    0x0, 0x3c, 0x0, 0x0, 0xbb, 0x0, 0x3, 0xc2,
    0xd0, 0x1f, 0x0, 0xf8, 0x77, 0xff, 0xde, 0x0,
    0x0, 0x0, 0x3f, 0xff, 0xfc, 0x1, 0xd1, 0x80,
    0x3, 0x81, 0xc0, 0xb, 0x5, 0xf0, 0xf, 0xfe,
    0xb8, 0x0, 0x0, 0x0,

    /* U+4F20 "传" */
    0x1, 0x1, 0x0, 0x7, 0xa, 0x0, 0xd, 0xff,
    0xfc, 0x2c, 0xd, 0x0, 0x7d, 0xff, 0xfd, 0x6c,
    0x34, 0x0, 0xc, 0x3f, 0xfc, 0xc, 0x0, 0x38,
    0xc, 0x39, 0xe0, 0xc, 0xb, 0xd0, 0xc, 0x0,
    0xb0, 0x0, 0x0, 0x0,

    /* U+4F38 "伸" */
    0x0, 0x0, 0x0, 0x7, 0x3, 0x0, 0xa, 0x57,
    0x54, 0xc, 0xfb, 0xec, 0x3c, 0xc3, 0xc, 0x7c,
    0xff, 0xfc, 0x5c, 0xc3, 0xc, 0xc, 0xd3, 0x4c,
    0xc, 0xff, 0xfc, 0xc, 0x83, 0x8, 0xc, 0x3,
    0x0, 0xc, 0x3, 0x0,

    /* U+4F4D "位" */
    0x2, 0x6, 0x0, 0xb, 0x7, 0x0, 0xd, 0xff,
    0xfc, 0x2c, 0x0, 0x10, 0x7c, 0x70, 0x34, 0x6c,
    0x70, 0x30, 0xc, 0x34, 0x70, 0xc, 0x34, 0xa0,
    0xc, 0x28, 0xd0, 0xc, 0x15, 0xd0, 0xd, 0xff,
    0xfe,

    /* U+4F4E "低" */
    0x1, 0x0, 0x0, 0x7, 0x16, 0xf4, 0xd, 0xfa,
    0xc0, 0x1c, 0xc0, 0xc0, 0x3c, 0xd1, 0xc0, 0x7c,
    0xff, 0xfc, 0xc, 0xc0, 0xc0, 0xc, 0xc0, 0x90,
    0xc, 0xc1, 0x68, 0xc, 0xf7, 0x7c, 0xc, 0x81,
    0x9c, 0x0, 0x0, 0x0,

    /* U+4F53 "体" */
    0x0, 0x0, 0x0, 0x3, 0x3, 0x0, 0xb, 0x3,
    0x0, 0xe, 0xff, 0xfc, 0x1c, 0x1f, 0xc0, 0x3c,
    0x1b, 0x90, 0x7c, 0x37, 0x70, 0xc, 0x63, 0x34,
    0xc, 0xd7, 0x1c, 0xe, 0x7f, 0xe9, 0xc, 0x3,
    0x0, 0xc, 0x3, 0x0,

    /* U+4F59 "余" */
    0x0, 0x3d, 0x0, 0x1, 0xe7, 0x80, 0x1f, 0x40,
    0xf8, 0x7b, 0xff, 0xed, 0x0, 0x2c, 0x0, 0x0,
    0x2c, 0x0, 0x3f, 0xff, 0xfc, 0x1, 0x1c, 0x40,
    0xb, 0x1c, 0xb0, 0x2d, 0x2c, 0x2c, 0x10, 0xf4,
    0x4,

    /* U+4F5C "作" */
    0x2, 0x24, 0x0, 0x2c, 0xd0, 0x0, 0xd7, 0xff,
    0xcb, 0x37, 0x0, 0x3d, 0xcd, 0x1, 0xf9, 0x3f,
    0xd0, 0xc0, 0xc0, 0x3, 0x3, 0x40, 0xc, 0xf,
    0xf4, 0x30, 0x30, 0x0, 0xc0, 0xc0, 0x0,

    /* U+4FDD "保" */
    0x1, 0x0, 0x0, 0xb, 0x3f, 0xf0, 0xd, 0x30,
    0x30, 0x2c, 0x30, 0x30, 0x3c, 0x3f, 0xf0, 0x6c,
    0x3, 0x0, 0xd, 0xff, 0xfc, 0xc, 0x1b, 0x90,
    0xc, 0x73, 0x34, 0xd, 0xc3, 0x1c, 0xc, 0x3,
    0x0,

    /* U+4FE1 "信" */
    0x0, 0x0, 0x0, 0x7, 0x3, 0x40, 0xf, 0xff,
    0xfe, 0xc, 0x55, 0x55, 0x3c, 0x3f, 0xfc, 0x7c,
    0x15, 0x50, 0x2c, 0x3f, 0xfc, 0xc, 0x0, 0x0,
    0xc, 0x3f, 0xfc, 0xc, 0x30, 0xc, 0xc, 0x30,
    0x1c, 0xc, 0x3f, 0xfc,

    /* U+503C "值" */
    0x0, 0x0, 0x0, 0x6, 0x3, 0x0, 0xe, 0xff,
    0xfc, 0xd, 0x7, 0x40, 0x3c, 0x3f, 0xf0, 0x7c,
    0x35, 0x70, 0x1c, 0x3a, 0xb0, 0xc, 0x3f, 0xf0,
    0xc, 0x30, 0x30, 0xc, 0x3f, 0xf0, 0xc, 0x70,
    0x34, 0xe, 0xff, 0xfc,

    /* U+503E "倾" */
    0x0, 0x0, 0x0, 0x1, 0xb1, 0xff, 0xc0, 0xec,
    0x7, 0x0, 0x33, 0x6, 0xd0, 0x2c, 0xc3, 0xfe,
    0x1f, 0x3c, 0xd6, 0x82, 0xcc, 0x37, 0xa0, 0x33,
    0xd, 0xe8, 0xc, 0xd3, 0x7a, 0x3, 0x7d, 0xa9,
    0x40, 0xc4, 0x2d, 0xd0, 0x30, 0x38, 0x1c, 0x0,
    0x0, 0x0, 0x0,

    /* U+504F "偏" */
    0x0, 0x0, 0x0, 0x6, 0x7, 0x40, 0xd, 0xff,
    0xfe, 0xc, 0xc0, 0xa, 0x3c, 0xff, 0xfe, 0x7c,
    0xc0, 0x0, 0x1c, 0xff, 0xfe, 0xc, 0xf3, 0x36,
    0xd, 0xb3, 0x36, 0xe, 0x7f, 0xfe, 0xf, 0x33,
    0x36, 0xe, 0x33, 0x3d,

    /* U+505C "停" */
    0x6, 0x3, 0x0, 0xb, 0xff, 0xfe, 0xd, 0x2a,
    0xa4, 0x2c, 0x39, 0x6c, 0x7c, 0x3f, 0xfc, 0x2c,
    0xaa, 0xa9, 0xc, 0xd5, 0x5a, 0xc, 0xff, 0xfe,
    0xc, 0x2, 0x80, 0xc, 0x3, 0x80, 0xc, 0xf,
    0x40,

    /* U+50A8 "储" */
    0x0, 0x0, 0x0, 0x7, 0x50, 0xc1, 0xe, 0x77,
    0xfe, 0xc, 0x20, 0xdc, 0x2c, 0x51, 0xfd, 0x3d,
    0xf3, 0xfe, 0x3c, 0x30, 0xd0, 0xc, 0x37, 0xfc,
    0xc, 0x37, 0x4c, 0xc, 0x3a, 0xfc, 0xc, 0x36,
    0x4c, 0xc, 0x22, 0xfc,

    /* U+5145 "充" */
    0x0, 0x10, 0x0, 0x0, 0x38, 0x0, 0x3f, 0xff,
    0xfc, 0x1, 0xc0, 0x40, 0x3, 0x40, 0xd0, 0xf,
    0xab, 0xf0, 0xf, 0xeb, 0x74, 0x1, 0xc7, 0x0,
    0x3, 0x87, 0x4, 0x1f, 0x7, 0xd, 0x38, 0x3,
    0xfc, 0x0, 0x0, 0x0,

    /* U+5148 "先" */
    0x2, 0xc, 0x0, 0xb, 0x1c, 0x0, 0xf, 0xff,
    0xfc, 0x2c, 0xc, 0x0, 0x4, 0xc, 0x0, 0x3f,
    0xff, 0xfe, 0x0, 0xd3, 0x80, 0x0, 0xc2, 0x80,
    0x2, 0xc2, 0x86, 0xf, 0x2, 0x8a, 0x3c, 0x1,
    0xfd, 0x0, 0x0, 0x0,

    /* U+5149 "光" */
    0x0, 0x1c, 0x0, 0xd, 0x1c, 0x38, 0xb, 0x1c,
    0x34, 0x3, 0x5c, 0xb0, 0x1, 0x1c, 0x10, 0x3f,
    0xff, 0xfe, 0x0, 0xd3, 0x40, 0x0, 0xc3, 0x40,
    0x2, 0xc3, 0x46, 0xb, 0x3, 0x4a, 0x3c, 0x2,
    0xfd, 0x0, 0x0, 0x0,

    /* U+5165 "入" */
    0x0, 0x80, 0x0, 0x0, 0xe0, 0x0, 0x0, 0x34,
    0x0, 0x0, 0x3c, 0x0, 0x0, 0x3c, 0x0, 0x0,
    0xaa, 0x0, 0x0, 0xc3, 0x0, 0x3, 0x82, 0xc0,
    0xb, 0x0, 0xe0, 0x3c, 0x0, 0x38, 0x70, 0x0,
    0xc, 0x0, 0x0, 0x0,

    /* U+5168 "全" */
    0x0, 0x3c, 0x0, 0x0, 0xeb, 0x0, 0x7, 0x82,
    0xd0, 0x3e, 0x0, 0xbc, 0x67, 0xff, 0xd8, 0x0,
    0x28, 0x0, 0x0, 0x28, 0x0, 0xf, 0xff, 0xf0,
    0x0, 0x28, 0x0, 0x0, 0x28, 0x0, 0x3f, 0xff,
    0xfc,

    /* U+516C "公" */
    0x0, 0x0, 0x0, 0x2, 0x83, 0x40, 0x3, 0x41,
    0xc0, 0xb, 0x0, 0xe0, 0x1c, 0x10, 0x74, 0x38,
    0x30, 0x2c, 0x20, 0xa0, 0x8, 0x0, 0xc2, 0x80,
    0x3, 0x80, 0xd0, 0xb, 0x16, 0xf0, 0xf, 0xfa,
    0x74, 0x0, 0x0, 0x10,

    /* U+516D "六" */
    0x0, 0x0, 0x0, 0x0, 0x30, 0x0, 0x0, 0x2d,
    0x0, 0x0, 0x4, 0x0, 0x3f, 0xff, 0xff, 0x0,
    0x0, 0x0, 0x0, 0x80, 0x80, 0x2, 0xc0, 0xe0,
    0x3, 0x40, 0x70, 0xb, 0x0, 0x38, 0x2c, 0x0,
    0xd, 0x14, 0x0, 0x8,

    /* U+5171 "共" */
    0x1, 0xc0, 0xc0, 0x1, 0xc0, 0xc0, 0x1, 0xc0,
    0xd0, 0x1f, 0xff, 0xfc, 0x1, 0xc0, 0xc0, 0x1,
    0xc0, 0xc0, 0x3f, 0xff, 0xff, 0x0, 0x80, 0x80,
    0x3, 0xc0, 0xf0, 0x1f, 0x0, 0x2d, 0x28, 0x0,
    0x9, 0x0, 0x0, 0x0,

    /* U+5173 "关" */
    0x0, 0x0, 0x40, 0x3, 0x81, 0xc0, 0x1, 0xc3,
    0x80, 0x2f, 0xff, 0xf8, 0x0, 0x28, 0x0, 0x0,
    0x38, 0x0, 0x3f, 0xff, 0xfc, 0x0, 0x7d, 0x0,
    0x0, 0xd7, 0x40, 0xb, 0x81, 0xe0, 0x3d, 0x0,
    0x7d, 0x0, 0x0, 0x4,

    /* U+5176 "其" */
    0x7, 0x1, 0xc0, 0x7f, 0xff, 0xfc, 0x7, 0x1,
    0xc0, 0x7, 0xff, 0xc0, 0x7, 0x1, 0xc0, 0x7,
    0xff, 0xc0, 0x7, 0x0, 0xc0, 0xbf, 0xff, 0xfc,
    0x2, 0x42, 0x80, 0x2f, 0x1, 0xf4, 0x24, 0x0,
    0x18,

    /* U+5177 "具" */
    0x1f, 0xff, 0xc0, 0x75, 0x5b, 0x1, 0xd5, 0x5c,
    0x7, 0xff, 0xf0, 0x1c, 0x0, 0xc0, 0x7f, 0xff,
    0x2, 0xc0, 0xd, 0x3f, 0xff, 0xff, 0x1f, 0x7,
    0xd2, 0xe0, 0x1, 0xd0, 0x0, 0x0, 0x0,

    /* U+5185 "内" */
    0x0, 0x30, 0x0, 0x3, 0x0, 0xff, 0xff, 0xfd,
    0xb, 0x7, 0xc0, 0xf0, 0x3c, 0x1f, 0xc3, 0xc7,
    0x8b, 0x3d, 0xe0, 0x37, 0xc0, 0x0, 0x3c, 0x0,
    0x17, 0xc0, 0x3, 0xe0,

    /* U+518D "再" */
    0xbf, 0xff, 0xf4, 0x55, 0xd5, 0x3, 0xff, 0xfe,
    0xd, 0xc, 0x28, 0x3f, 0xff, 0xe0, 0xd0, 0xc2,
    0x8f, 0xff, 0xff, 0xce, 0x0, 0x28, 0x34, 0x0,
    0xe0, 0xd0, 0xf, 0x40, 0x0, 0x0, 0x0,

    /* U+5199 "写" */
    0x3f, 0xff, 0xfc, 0xda, 0x0, 0x73, 0x2f, 0xfd,
    0xc0, 0xd0, 0x0, 0x3, 0x0, 0x0, 0x2f, 0xff,
    0xd0, 0x0, 0x3, 0x4f, 0xff, 0xcd, 0x0, 0x0,
    0x70, 0x0, 0x2f, 0x80,

    /* U+51C6 "准" */
    0x0, 0x0, 0x0, 0x10, 0x63, 0x0, 0xb0, 0x93,
    0x0, 0x38, 0xff, 0xfc, 0x1a, 0xd3, 0x40, 0x3,
    0xd3, 0x40, 0x2, 0xff, 0xf8, 0x18, 0xc3, 0x0,
    0x28, 0xff, 0xf8, 0x34, 0xc3, 0x0, 0x70, 0xd3,
    0x40, 0xa0, 0xff, 0xfc,

    /* U+51FA "出" */
    0x0, 0xc0, 0x6, 0xc, 0xc, 0x60, 0xc0, 0xc6,
    0xc, 0xc, 0x7f, 0xff, 0xc0, 0xd, 0x0, 0xc0,
    0xc0, 0x6c, 0xc, 0xa, 0xc0, 0xc0, 0xad, 0xd,
    0xa, 0xff, 0xff, 0xe0,

    /* U+51FB "击" */
    0x0, 0x70, 0x0, 0x1, 0xc0, 0x3, 0xff, 0xfe,
    0x0, 0x1c, 0x0, 0x0, 0x70, 0x3, 0xff, 0xff,
    0xe2, 0x7, 0x5, 0xd, 0x1c, 0x28, 0x34, 0x70,
    0xa0, 0xd1, 0xc2, 0x83, 0xff, 0xfe, 0x0,

    /* U+5206 "分" */
    0x0, 0x40, 0x40, 0x0, 0xd1, 0xc0, 0x3, 0x80,
    0xe0, 0xf, 0x0, 0x38, 0x3c, 0x0, 0x1e, 0x17,
    0xff, 0xf0, 0x0, 0x70, 0x30, 0x0, 0xe0, 0x30,
    0x1, 0xc0, 0x70, 0xb, 0x40, 0xe0, 0x1d, 0x2f,
    0xc0, 0x0, 0x0, 0x0,

    /* U+5212 "划" */
    0x0, 0x0, 0x0, 0xc, 0xd0, 0xd, 0xc, 0x70,
    0xcd, 0xc, 0x14, 0xcd, 0x2f, 0xf8, 0xcd, 0x2e,
    0x10, 0xcd, 0xa, 0x34, 0xcd, 0x7, 0xe0, 0xcd,
    0x3, 0xc0, 0xcd, 0x1f, 0x89, 0x4d, 0x79, 0xdd,
    0xd, 0x0, 0x78, 0xbc, 0x0, 0x0, 0x0,

    /* U+5217 "列" */
    0x0, 0x0, 0xc, 0x3f, 0xfd, 0x8c, 0x7, 0x1,
    0x8c, 0xb, 0xa5, 0x8c, 0xd, 0x75, 0x8c, 0x3c,
    0x31, 0x8c, 0x3b, 0xf1, 0x8c, 0x1, 0xd1, 0x8c,
    0x3, 0x80, 0x4c, 0x1e, 0x0, 0xc, 0x24, 0x0,
    0xfc, 0x0, 0x0, 0x0,

    /* U+5220 "删" */
    0x0, 0x0, 0xc, 0x2f, 0x7e, 0x9c, 0x27, 0x7a,
    0x9c, 0x27, 0x6a, 0x9c, 0x27, 0x6a, 0x9c, 0x7f,
    0xff, 0x9c, 0x37, 0x6a, 0x9c, 0x33, 0x6a, 0x9c,
    0x33, 0xaa, 0x4c, 0x73, 0x9a, 0xc, 0x6f, 0x9d,
    0xbc, 0x0, 0x0, 0x0,

    /* U+5230 "到" */
    0x0, 0x0, 0xc, 0x3f, 0xfd, 0xcc, 0xb, 0x21,
    0xcc, 0xc, 0x35, 0xcc, 0x3f, 0xfd, 0xcc, 0x11,
    0x45, 0xcc, 0x1b, 0xe5, 0xcc, 0x1b, 0xe5, 0xcc,
    0x2, 0x84, 0x4c, 0x17, 0xfc, 0xc, 0x3a, 0x40,
    0xfc,

    /* U+5236 "制" */
    0x12, 0x80, 0xc, 0x3a, 0x80, 0x4c, 0x3f, 0xf9,
    0xcc, 0x62, 0x81, 0xcc, 0x7f, 0xfd, 0xcc, 0x2,
    0x81, 0xcc, 0x3f, 0xfd, 0xcc, 0x36, 0x9d, 0xcc,
    0x36, 0x9c, 0x4c, 0x36, 0xb8, 0xc, 0x2, 0x80,
    0xfc,

    /* U+524D "前" */
    0x1, 0x1, 0x0, 0xd, 0x1d, 0xf, 0xff, 0xff,
    0xca, 0xa4, 0x8, 0x39, 0xe7, 0x34, 0xeb, 0x9c,
    0xd3, 0xae, 0x73, 0x4d, 0x79, 0xcd, 0x3a, 0xe7,
    0x34, 0xc3, 0x80, 0xd3, 0x2c, 0x2f, 0x0,

    /* U+5256 "剖" */
    0x0, 0x0, 0x0, 0x3, 0x40, 0xc, 0x3f, 0xfd,
    0x8c, 0x14, 0x21, 0xcc, 0x1c, 0x31, 0xcc, 0x7f,
    0xfd, 0xcc, 0x0, 0x1, 0xcc, 0x3f, 0xf9, 0xcc,
    0x38, 0x29, 0xcc, 0x34, 0x28, 0xc, 0x3f, 0xf8,
    0xc, 0x28, 0x24, 0xfc,

    /* U+5269 "剩" */
    0x0, 0x0, 0x0, 0x0, 0x6c, 0xc, 0x2f, 0xe4,
    0xc, 0x16, 0xd5, 0x9c, 0x2a, 0xe9, 0x9c, 0x2e,
    0xea, 0x9c, 0x1e, 0xe9, 0x9c, 0x2e, 0xeb, 0x9c,
    0x17, 0xd5, 0x9c, 0xf, 0xf8, 0x9c, 0x38, 0xc8,
    0xc, 0x0, 0xc0, 0x38,

    /* U+529F "功" */
    0x0, 0x3, 0x2, 0xff, 0xc, 0x0, 0xc3, 0xff,
    0xc3, 0x1, 0xc7, 0xc, 0x3, 0xc, 0x30, 0x1c,
    0x30, 0xc0, 0xa0, 0xc3, 0xf3, 0x43, 0xbe, 0x1c,
    0xc, 0x0, 0xe0, 0xb0, 0x7, 0x1f, 0x40, 0x0,
    0x0,

    /* U+52A0 "加" */
    0x3, 0x0, 0x0, 0x3, 0x0, 0xaa, 0x3f, 0xf0,
    0xdb, 0x3, 0x70, 0xc3, 0x3, 0x30, 0xc3, 0x3,
    0x30, 0xc3, 0x7, 0x30, 0xc3, 0xa, 0x30, 0xc3,
    0xd, 0x30, 0xc3, 0x2c, 0x70, 0xff, 0x35, 0xe0,
    0xc7, 0x0, 0x0, 0x0,

    /* U+52A8 "动" */
    0x0, 0x0, 0xc0, 0x3f, 0xe0, 0xc0, 0x0, 0xb,
    0xe8, 0x0, 0x6, 0xdc, 0x7f, 0xf0, 0xcc, 0xd,
    0x1, 0xcc, 0x1c, 0xc2, 0x8c, 0x28, 0x93, 0x4c,
    0x3a, 0xf7, 0xc, 0x79, 0x2e, 0x1c, 0x0, 0x1c,
    0xb8, 0x0, 0x0, 0x0,

    /* U+52FE "勾" */
    0x6, 0x0, 0x0, 0xe0, 0x0, 0x1f, 0xff, 0xf3,
    0x80, 0x3, 0xa2, 0x80, 0x30, 0x35, 0x43, 0xb,
    0x1c, 0x30, 0xe6, 0xe3, 0x2f, 0x97, 0x30, 0x0,
    0xb, 0x0, 0xf, 0xd0, 0x0, 0x0,

    /* U+52FF "勿" */
    0x1, 0x80, 0x0, 0xe, 0x0, 0x0, 0xbf, 0xff,
    0xcb, 0x5c, 0xa7, 0x24, 0xd3, 0x4c, 0x7, 0x1c,
    0x30, 0x74, 0xe0, 0xcb, 0x47, 0x3, 0x0, 0x74,
    0xc, 0xb, 0x40, 0xb0, 0x70, 0x3f, 0x40, 0x0,
    0x0,

    /* U+5316 "化" */
    0x0, 0x0, 0x0, 0x2, 0x8c, 0x0, 0x7, 0xc,
    0x10, 0xe, 0xc, 0x74, 0x2c, 0xe, 0xd0, 0xbc,
    0x1f, 0x40, 0x4c, 0xfc, 0x0, 0xc, 0x5c, 0x0,
    0xc, 0xc, 0x4, 0xc, 0xc, 0xc, 0xc, 0xd,
    0x6c, 0xc, 0xb, 0xf4,

    /* U+5317 "北" */
    0x0, 0xc3, 0x0, 0x0, 0xc3, 0x0, 0x0, 0xc3,
    0x4, 0x3f, 0xc3, 0xb8, 0x0, 0xc3, 0x80, 0x0,
    0xc3, 0x0, 0x0, 0xc3, 0x0, 0x0, 0xc3, 0x4,
    0xb, 0xc3, 0xc, 0x79, 0xc3, 0x1c, 0x0, 0xc3,
    0xf8,

    /* U+533A "区" */
    0xff, 0xff, 0xed, 0x0, 0x10, 0xca, 0x3, 0x4c,
    0x3c, 0xf0, 0xc0, 0xbc, 0xc, 0xb, 0xd0, 0xc2,
    0xdb, 0x4c, 0xf0, 0x2c, 0xd4, 0x0, 0xf, 0xff,
    0xff,

    /* U+5341 "十" */
    0x0, 0x30, 0x0, 0x0, 0xc0, 0x0, 0x3, 0x0,
    0x0, 0xc, 0x0, 0xff, 0xff, 0xfc, 0x1, 0xc0,
    0x0, 0x3, 0x0, 0x0, 0xc, 0x0, 0x0, 0x30,
    0x0, 0x0, 0xc0, 0x0, 0x3, 0x0, 0x0,

    /* U+5347 "升" */
    0x0, 0x0, 0x0, 0x6, 0xcd, 0x7, 0xfd, 0x34,
    0x5, 0xd0, 0xd0, 0x3, 0x43, 0x40, 0xd, 0xd,
    0xf, 0xff, 0xff, 0xc0, 0xc0, 0xd0, 0x7, 0x3,
    0x40, 0x38, 0xd, 0x2, 0xc0, 0x34, 0x1c, 0x0,
    0xd0, 0x0, 0x0, 0x0,

    /* U+5355 "单" */
    0x6, 0x3, 0x0, 0xd, 0x2c, 0x3, 0xff, 0xfe,
    0xe, 0x1c, 0x28, 0x3f, 0xff, 0xe0, 0xe1, 0xc2,
    0x83, 0xff, 0xfe, 0x0, 0x1c, 0x0, 0xff, 0xff,
    0xfc, 0x1, 0xc0, 0x0, 0x7, 0x0, 0x0,

    /* U+5357 "南" */
    0x0, 0x0, 0x0, 0x1, 0xc0, 0xf, 0xff, 0xff,
    0xc0, 0x28, 0x0, 0x7f, 0xff, 0xf1, 0xc9, 0x22,
    0xc7, 0x29, 0xc7, 0x1d, 0xff, 0xdc, 0x70, 0x70,
    0x71, 0xff, 0xfe, 0xc7, 0x6, 0xb, 0x1c, 0x18,
    0xb8, 0x0, 0x0, 0x0,

    /* U+5360 "占" */
    0x0, 0xc0, 0x0, 0x3, 0x0, 0x0, 0xf, 0xff,
    0x0, 0x34, 0x0, 0x0, 0xc0, 0x0, 0xff, 0xff,
    0x3, 0x0, 0xc, 0xc, 0x0, 0x30, 0x30, 0x0,
    0xc0, 0xff, 0xff, 0x3, 0x0, 0xc, 0x0, 0x0,
    0x0,

    /* U+5361 "卡" */
    0x0, 0x70, 0x0, 0x1, 0xc0, 0x0, 0x7, 0xff,
    0x0, 0x1c, 0x0, 0xff, 0xff, 0xfc, 0x2, 0xc0,
    0x0, 0x7, 0x80, 0x0, 0x1e, 0xe0, 0x0, 0x70,
    0xb0, 0x1, 0xc0, 0x0, 0x7, 0x0, 0x0,

    /* U+536B "卫" */
    0xf, 0xff, 0xf0, 0x0, 0x70, 0x30, 0x0, 0x70,
    0x30, 0x0, 0x70, 0x30, 0x0, 0x70, 0x30, 0x0,
    0x70, 0x30, 0x0, 0x73, 0xe0, 0x0, 0x70, 0x0,
    0x0, 0x70, 0x0, 0x3f, 0xff, 0xfd,

    /* U+5373 "即" */
    0x3f, 0xf3, 0xfc, 0x34, 0x73, 0x5c, 0x3f, 0xf3,
    0x4c, 0x30, 0x33, 0x4c, 0x3f, 0xf3, 0x4c, 0x34,
    0x3, 0x4c, 0x30, 0x53, 0x4c, 0x30, 0x73, 0x5c,
    0x7a, 0xf7, 0x78, 0x29, 0x17, 0x40,

    /* U+5377 "卷" */
    0x0, 0x0, 0x0, 0x6, 0x1c, 0x60, 0x3, 0x28,
    0xd0, 0x2f, 0xff, 0xf8, 0x0, 0xb0, 0x0, 0x3f,
    0xff, 0xfc, 0x7, 0x81, 0xd0, 0x2f, 0xff, 0xf8,
    0x37, 0x41, 0xcc, 0x3, 0x4f, 0x90, 0x3, 0x40,
    0x38, 0x2, 0xff, 0xf0,

    /* U+5382 "厂" */
    0xf, 0xff, 0xfd, 0xc, 0x0, 0x0, 0xc, 0x0,
    0x0, 0xc, 0x0, 0x0, 0xc, 0x0, 0x0, 0xc,
    0x0, 0x0, 0x1c, 0x0, 0x0, 0x18, 0x0, 0x0,
    0x34, 0x0, 0x0, 0x30, 0x0, 0x0, 0x10, 0x0,
    0x0,

    /* U+5386 "历" */
    0x3f, 0xff, 0xfc, 0xd0, 0x70, 0x3, 0x0, 0xc0,
    0xd, 0xff, 0xfc, 0x30, 0x1c, 0x30, 0xc0, 0xa0,
    0xc3, 0x3, 0x43, 0x1c, 0x2c, 0xc, 0xa3, 0xc0,
    0xb2, 0x68, 0xf, 0x40, 0x0, 0x0, 0x0,

    /* U+538B "压" */
    0x3f, 0xff, 0xfc, 0x34, 0x8, 0x0, 0x30, 0xc,
    0x0, 0x30, 0xd, 0x0, 0x37, 0xff, 0xf4, 0x30,
    0xc, 0x40, 0x30, 0xc, 0xd0, 0x70, 0xc, 0x70,
    0xa0, 0xd, 0x20, 0xdf, 0xff, 0xfc, 0x0, 0x0,
    0x0,

    /* U+539F "原" */
    0x3f, 0xff, 0xfc, 0x35, 0x6d, 0x50, 0x33, 0xff,
    0xf0, 0x33, 0x95, 0x70, 0x33, 0x55, 0x70, 0x33,
    0xff, 0xf0, 0x31, 0x4d, 0x50, 0x73, 0x4c, 0xb0,
    0xab, 0xc, 0x38, 0x54, 0x7c, 0x4, 0x0, 0x0,
    0x0,

    /* U+53BB "去" */
    0x0, 0x34, 0x0, 0x0, 0xd0, 0x3, 0xff, 0xff,
    0x40, 0xd, 0x0, 0x0, 0x34, 0x3, 0xff, 0xff,
    0xf0, 0x1d, 0x10, 0x0, 0xe0, 0xe0, 0x7, 0x1,
    0xd0, 0x78, 0x17, 0xc3, 0xff, 0xab, 0x40, 0x0,
    0x0,

    /* U+53C2 "参" */
    0x0, 0x80, 0x0, 0x7, 0x83, 0x80, 0x1f, 0xff,
    0xe0, 0x5, 0xb0, 0x20, 0xbf, 0xff, 0xfc, 0xb,
    0x62, 0xd0, 0xb9, 0xe6, 0x7c, 0xb, 0x5d, 0x94,
    0x6, 0xf6, 0xc0, 0x6, 0x5f, 0x0, 0x6, 0xf4,
    0x0, 0x5, 0x0, 0x0,

    /* U+53CD "反" */
    0x0, 0x5, 0xa4, 0xf, 0xff, 0x90, 0xc, 0x0,
    0x0, 0xd, 0x0, 0x0, 0xf, 0xff, 0xf4, 0xc,
    0xd0, 0x30, 0xc, 0x70, 0xa0, 0x1c, 0x2e, 0xc0,
    0x28, 0xf, 0x40, 0x34, 0x7e, 0xe0, 0x73, 0xd0,
    0x7d, 0x0, 0x0, 0x0,

    /* U+53D1 "发" */
    0x8, 0x31, 0x80, 0xc, 0x70, 0xb0, 0x1c, 0xb0,
    0x60, 0x2f, 0xff, 0xfc, 0x0, 0xc0, 0x0, 0x2,
    0xff, 0xf0, 0x3, 0xe0, 0xe0, 0xb, 0x76, 0xc0,
    0x1d, 0x1f, 0x40, 0x78, 0xbe, 0xe4, 0x23, 0xd0,
    0x2c, 0x0, 0x0, 0x0,

    /* U+53D6 "取" */
    0x3f, 0xfd, 0x54, 0x7, 0x1c, 0xeb, 0x80, 0xff,
    0x24, 0xd0, 0x31, 0xc6, 0x30, 0xc, 0x70, 0xdc,
    0x3, 0xfc, 0x3e, 0x0, 0xc3, 0x7, 0x0, 0x7b,
    0xf3, 0xe0, 0x3a, 0xb3, 0xcd, 0x0, 0xd, 0x81,
    0x80, 0x0, 0x0, 0x0,

    /* U+53D8 "变" */
    0x0, 0x0, 0x0, 0x0, 0x38, 0x0, 0x3f, 0xff,
    0xfc, 0x4, 0xd7, 0x10, 0x2d, 0xc3, 0x38, 0x34,
    0xc3, 0xc, 0x0, 0x41, 0x0, 0x1f, 0xff, 0xf0,
    0x3, 0x82, 0xd0, 0x0, 0xff, 0x40, 0x2, 0xff,
    0x80, 0x3f, 0x41, 0xbd, 0x0, 0x0, 0x0,

    /* U+53E3 "口" */
    0x0, 0x0, 0x3, 0xff, 0xff, 0x30, 0x0, 0x33,
    0x0, 0x3, 0x30, 0x0, 0x33, 0x0, 0x3, 0x30,
    0x0, 0x33, 0x0, 0x3, 0x3f, 0xff, 0xf3, 0x0,
    0x7,

    /* U+53EF "可" */
    0xff, 0xff, 0xfc, 0x0, 0x3, 0x42, 0xff, 0xd,
    0xa, 0xc, 0x34, 0x24, 0x30, 0xd0, 0x90, 0xc3,
    0x42, 0xff, 0xd, 0x5, 0x0, 0x34, 0x0, 0x0,
    0xd0, 0x0, 0x3f, 0x0,

    /* U+53F2 "史" */
    0x0, 0xc, 0x0, 0x0, 0x1c, 0x0, 0xf, 0xff,
    0xfc, 0xc, 0xc, 0xc, 0xc, 0xc, 0xc, 0xf,
    0xff, 0xfc, 0x5, 0x1c, 0x0, 0xb, 0x68, 0x0,
    0x1, 0xf4, 0x0, 0x7, 0xef, 0x90, 0x3e, 0x1,
    0xbf, 0x0, 0x0, 0x0,

    /* U+53F3 "右" */
    0x0, 0x24, 0x0, 0x0, 0x34, 0x0, 0x3f, 0xff,
    0xfe, 0x0, 0xe0, 0x0, 0x1, 0xc0, 0x0, 0x3,
    0xff, 0xf8, 0xf, 0xc0, 0x28, 0x3d, 0xc0, 0x28,
    0x31, 0xc0, 0x28, 0x1, 0xc0, 0x28, 0x1, 0xff,
    0xf8,

    /* U+53F7 "号" */
    0xf, 0xff, 0xc0, 0x30, 0x3, 0x0, 0xfa, 0xac,
    0x1, 0x55, 0x50, 0xff, 0xff, 0xfc, 0x1c, 0x0,
    0x0, 0xbf, 0xfd, 0x0, 0x0, 0x34, 0x0, 0x1,
    0xc0, 0x0, 0xbe, 0x0,

    /* U+5408 "合" */
    0x0, 0x3c, 0x0, 0x0, 0xeb, 0x0, 0x7, 0x82,
    0xd0, 0x3f, 0x55, 0xf8, 0x77, 0xff, 0xdd, 0x0,
    0x0, 0x0, 0xf, 0xff, 0xf0, 0xd, 0x0, 0x70,
    0xc, 0x0, 0x30, 0xd, 0x0, 0x70, 0xf, 0xff,
    0xf0,

    /* U+540C "同" */
    0xff, 0xff, 0xfd, 0x55, 0x57, 0xcf, 0xff, 0x3c,
    0x0, 0x3, 0xc3, 0xfc, 0x3c, 0x30, 0xc3, 0xc3,
    0xc, 0x3c, 0x3f, 0xc3, 0xc0, 0x0, 0x7c, 0x0,
    0x3e,

    /* U+540D "名" */
    0x0, 0x0, 0x0, 0x2, 0x80, 0x0, 0x2f, 0xff,
    0x7, 0xd0, 0x38, 0x39, 0xc2, 0xc0, 0x2, 0xfc,
    0x0, 0x1f, 0x80, 0x1f, 0xff, 0xfc, 0x27, 0x0,
    0x30, 0xc, 0x0, 0xc0, 0x34, 0x3, 0x0, 0xff,
    0xfc,

    /* U+540E "后" */
    0x0, 0x1, 0x68, 0xf, 0xff, 0xa4, 0xc, 0x0,
    0x0, 0xc, 0x0, 0x0, 0xf, 0xff, 0xfe, 0xc,
    0x0, 0x0, 0xc, 0xff, 0xfc, 0x1c, 0xd0, 0x1c,
    0x28, 0xd0, 0xc, 0x34, 0xd0, 0x1c, 0x20, 0xff,
    0xfc,

    /* U+5411 "向" */
    0x0, 0x80, 0x0, 0x1c, 0x0, 0xff, 0xff, 0xfc,
    0x0, 0x3, 0xc3, 0xfc, 0x3c, 0x30, 0xc3, 0xc3,
    0xc, 0x3c, 0x30, 0xc3, 0xc3, 0xfc, 0x3c, 0x0,
    0x7, 0xc0, 0x7, 0xe0, 0x0, 0x0,

    /* U+542C "听" */
    0x0, 0x0, 0x18, 0x3f, 0xf, 0xf8, 0x37, 0xc,
    0x0, 0x33, 0xc, 0x0, 0x33, 0xf, 0xfe, 0x33,
    0xc, 0x30, 0x33, 0x1c, 0x30, 0x33, 0x28, 0x30,
    0x3f, 0x34, 0x30, 0x10, 0xb0, 0x30, 0x0, 0x80,
    0x30,

    /* U+542F "启" */
    0x0, 0x0, 0x0, 0x0, 0x1c, 0x0, 0xf, 0xff,
    0xfc, 0xc, 0x0, 0xc, 0xc, 0x0, 0xc, 0xf,
    0xff, 0xfc, 0xc, 0x0, 0x0, 0xc, 0x0, 0x0,
    0x1e, 0xff, 0xfc, 0x2a, 0xc0, 0xc, 0x36, 0xc0,
    0x1c, 0x22, 0xff, 0xfc, 0x0, 0x0, 0x0,

    /* U+5468 "周" */
    0xf, 0xff, 0xfc, 0xc, 0xd, 0xc, 0xc, 0xff,
    0xcc, 0xc, 0xc, 0xc, 0xe, 0xff, 0xec, 0xc,
    0xaa, 0x8c, 0x1c, 0xd1, 0xcc, 0x28, 0xff, 0xcc,
    0x34, 0x0, 0xc, 0x20, 0x0, 0xbc, 0x0, 0x0,
    0x0,

    /* U+547D "命" */
    0x0, 0x2d, 0x0, 0x0, 0x2d, 0xe0, 0x0, 0x7c,
    0xf, 0x40, 0xfb, 0xff, 0xbc, 0x0, 0x0, 0x0,
    0x3, 0xfc, 0xff, 0x0, 0xc7, 0x31, 0xc0, 0x30,
    0xcc, 0x30, 0xf, 0xf3, 0xc, 0x3, 0x6c, 0xde,
    0x0, 0x0, 0x30, 0x0,

    /* U+5524 "唤" */
    0x0, 0x0, 0x0, 0x0, 0xe, 0x50, 0x3f, 0x2f,
    0xf0, 0x33, 0xf0, 0xd0, 0x33, 0xff, 0xf8, 0x33,
    0x73, 0x58, 0x33, 0x73, 0x48, 0x33, 0xbb, 0xac,
    0x33, 0xaf, 0xe8, 0x3f, 0xe, 0xd0, 0x30, 0x3c,
    0x34, 0x0, 0xe0, 0x1c, 0x0, 0x0, 0x0,

    /* U+5668 "器" */
    0xf, 0xf3, 0xfc, 0xc, 0x73, 0x1c, 0xf, 0xf3,
    0xfc, 0x0, 0x24, 0x70, 0x3f, 0xff, 0xfe, 0x1b,
    0x80, 0xa4, 0x2f, 0xf3, 0xfd, 0xc, 0x73, 0x1c,
    0xc, 0x73, 0x1c, 0xf, 0xf3, 0xfc,

    /* U+56DB "四" */
    0x3f, 0xff, 0xfc, 0x30, 0xd7, 0xc, 0x30, 0xc3,
    0xc, 0x30, 0xc3, 0xc, 0x30, 0xc3, 0xc, 0x32,
    0xc3, 0xc, 0x3b, 0x3, 0xfc, 0x30, 0x0, 0xc,
    0x3f, 0xff, 0xfc, 0x30, 0x0, 0xc,

    /* U+56DE "回" */
    0xff, 0xff, 0xfd, 0x0, 0x7, 0xc3, 0xfc, 0x3c,
    0x30, 0xc3, 0xc3, 0xc, 0x3c, 0x30, 0xc3, 0xc3,
    0xfc, 0x3c, 0x0, 0x3, 0xd0, 0x0, 0x7f, 0xff,
    0xff,

    /* U+56FA "固" */
    0xff, 0xff, 0xfd, 0x5d, 0x57, 0xef, 0xff, 0x7c,
    0xc, 0x3, 0xcf, 0xfc, 0x3c, 0xc0, 0xc3, 0xcd,
    0x5c, 0x3c, 0xff, 0xc3, 0xd0, 0x0, 0x7f, 0xff,
    0xff,

    /* U+56FE "图" */
    0x3f, 0xff, 0xfc, 0x30, 0xff, 0x8c, 0x37, 0xe3,
    0xc, 0x31, 0x7e, 0xc, 0x3b, 0xe7, 0xec, 0x30,
    0x39, 0xc, 0x30, 0x45, 0xc, 0x31, 0xbe, 0xc,
    0x30, 0x7, 0x4c, 0x3f, 0xff, 0xfc,

    /* U+5706 "圆" */
    0x3f, 0xff, 0xfc, 0x32, 0xff, 0x4c, 0x32, 0xd7,
    0xc, 0x31, 0xaa, 0xc, 0x33, 0xff, 0xcc, 0x33,
    0x26, 0xcc, 0x33, 0x76, 0x8c, 0x32, 0xeb, 0x8c,
    0x37, 0x41, 0x9c, 0x3f, 0xff, 0xfc,

    /* U+5708 "圈" */
    0x3f, 0xff, 0xfc, 0x31, 0x59, 0x4c, 0x32, 0xba,
    0x9c, 0x3b, 0xff, 0xec, 0x31, 0xe6, 0x8c, 0x3b,
    0xdb, 0xbc, 0x35, 0xcf, 0x1c, 0x30, 0xd6, 0xcc,
    0x30, 0x6a, 0x4c, 0x3f, 0xff, 0xfc,

    /* U+5728 "在" */
    0x0, 0x20, 0x0, 0x0, 0xb0, 0x0, 0x3f, 0xff,
    0xfe, 0x2, 0xc0, 0x0, 0x7, 0x43, 0x40, 0xe,
    0x3, 0x40, 0x3e, 0xbf, 0xfc, 0x2a, 0x3, 0x40,
    0xa, 0x3, 0x40, 0xa, 0x3, 0x40, 0xa, 0xff,
    0xfe,

    /* U+5730 "地" */
    0x18, 0x3, 0x0, 0x1c, 0x23, 0x0, 0x1c, 0x33,
    0xbc, 0xbf, 0x7f, 0xac, 0x2c, 0xf7, 0xc, 0x1c,
    0x33, 0xc, 0x1c, 0x33, 0x5c, 0x1c, 0x33, 0x74,
    0x7f, 0x32, 0x8, 0xa0, 0x34, 0xd, 0x0, 0x2f,
    0xfc,

    /* U+5747 "均" */
    0x0, 0x0, 0x0, 0x1c, 0xd, 0x0, 0x1c, 0x1d,
    0x54, 0x1c, 0x3f, 0xfc, 0xbf, 0xb0, 0xc, 0x1c,
    0x9e, 0xc, 0x1c, 0x3, 0x4c, 0x1c, 0x0, 0x8c,
    0x1d, 0x47, 0xcc, 0x7f, 0x7d, 0xc, 0x50, 0x0,
    0x1c, 0x0, 0x2, 0xf4, 0x0, 0x0, 0x0,

    /* U+574F "坏" */
    0xc, 0x0, 0x0, 0xc, 0xff, 0xfc, 0xc, 0x3,
    0x40, 0x7f, 0x47, 0x40, 0xc, 0xf, 0xe0, 0xc,
    0x3b, 0x74, 0xc, 0xe3, 0x1c, 0xd, 0x43, 0x4,
    0x2f, 0x43, 0x0, 0x74, 0x3, 0x0, 0x0, 0x3,
    0x0,

    /* U+5750 "坐" */
    0x0, 0x28, 0x0, 0x7, 0x28, 0xa0, 0xa, 0x28,
    0xd0, 0xe, 0x28, 0xe0, 0x2f, 0xaa, 0xf8, 0x70,
    0xeb, 0xc, 0x10, 0x28, 0x0, 0x2f, 0xff, 0xf8,
    0x0, 0x28, 0x0, 0x0, 0x28, 0x0, 0x3f, 0xff,
    0xfc,

    /* U+5761 "坡" */
    0x0, 0x0, 0x0, 0x1c, 0x3, 0x0, 0x1c, 0x3,
    0x40, 0x1c, 0xbf, 0xfd, 0x6e, 0xa3, 0x1c, 0x6e,
    0xa3, 0x54, 0x1c, 0xbf, 0xf8, 0x1c, 0xac, 0x34,
    0x1c, 0x9a, 0xb0, 0x6f, 0xc3, 0xc0, 0xa5, 0xcb,
    0xf0, 0x2, 0xbc, 0x2d, 0x0, 0x0, 0x0,

    /* U+5806 "堆" */
    0x0, 0x0, 0x0, 0xc, 0x19, 0xc0, 0xc, 0x34,
    0xc0, 0xc, 0x3f, 0xfc, 0x7f, 0xb4, 0xd0, 0x6e,
    0xf4, 0xd0, 0xc, 0xbf, 0xfc, 0xc, 0x30, 0xc0,
    0xd, 0x7f, 0xfc, 0x2f, 0x70, 0xc0, 0x78, 0x34,
    0xd0, 0x0, 0x3f, 0xfd,

    /* U+5907 "备" */
    0x1, 0x80, 0x0, 0x7, 0xff, 0xe0, 0x1f, 0x42,
    0xc0, 0x24, 0xee, 0x0, 0x6, 0xff, 0x90, 0x7e,
    0x41, 0xbd, 0xf, 0xff, 0xf0, 0xc, 0x30, 0x30,
    0xf, 0xff, 0xf0, 0xc, 0x30, 0x30, 0xf, 0xff,
    0xf0,

    /* U+590D "复" */
    0xd, 0x0, 0x0, 0x7f, 0xff, 0xc3, 0xd5, 0x54,
    0x3b, 0xaa, 0xb0, 0xf, 0xff, 0xc0, 0x35, 0x57,
    0x0, 0xb9, 0x54, 0x7, 0xff, 0xf0, 0x7b, 0x83,
    0x80, 0x7, 0xfd, 0x7, 0xf9, 0x6f, 0x40, 0x0,
    0x0,

    /* U+5916 "外" */
    0x0, 0x0, 0x0, 0x2, 0x80, 0xc0, 0x3, 0x80,
    0xc0, 0x7, 0xfd, 0xc0, 0xe, 0xc, 0xc0, 0x2c,
    0x1c, 0xf0, 0x37, 0x78, 0xed, 0x0, 0xf0, 0xc6,
    0x0, 0xd0, 0xc0, 0x3, 0x80, 0xc0, 0x2e, 0x0,
    0xc0, 0x14, 0x0, 0xc0,

    /* U+591C "夜" */
    0x0, 0x0, 0x0, 0x0, 0x2c, 0x0, 0x3f, 0xff,
    0xfe, 0x2, 0x49, 0x0, 0x7, 0xe, 0x0, 0xb,
    0x1f, 0xfc, 0x1e, 0x39, 0x1c, 0x3d, 0xf9, 0xf4,
    0x2d, 0xd, 0xf0, 0xd, 0x7, 0xc0, 0xd, 0x2e,
    0xf8, 0xd, 0x64, 0x1d,

    /* U+5927 "大" */
    0x0, 0x1c, 0x0, 0x0, 0x1c, 0x0, 0x0, 0x1c,
    0x0, 0x3f, 0xff, 0xfe, 0x0, 0x3d, 0x0, 0x0,
    0x3a, 0x0, 0x0, 0xb3, 0x40, 0x0, 0xd1, 0xc0,
    0x3, 0x80, 0xb0, 0x1e, 0x0, 0x2d, 0x34, 0x0,
    0x9, 0x0, 0x0, 0x0,

    /* U+5931 "失" */
    0x2, 0x1c, 0x0, 0xb, 0x1c, 0x0, 0xf, 0xff,
    0xfc, 0x3c, 0x1c, 0x0, 0x10, 0x1c, 0x0, 0x3f,
    0xff, 0xfe, 0x0, 0x3e, 0x0, 0x0, 0xb3, 0x40,
    0x2, 0xd1, 0xd0, 0x1f, 0x40, 0x7d, 0x24, 0x0,
    0x9,

    /* U+5934 "头" */
    0x0, 0xa, 0x0, 0x3, 0x8a, 0x0, 0x0, 0xda,
    0x0, 0x2d, 0xa, 0x0, 0x7, 0x4d, 0x0, 0x1,
    0xd, 0x0, 0x3f, 0xff, 0xfd, 0x0, 0x28, 0x0,
    0x0, 0x71, 0xc0, 0x7, 0xd0, 0xb4, 0x3e, 0x0,
    0x1c, 0x0, 0x0, 0x0,

    /* U+59CB "始" */
    0x0, 0x0, 0x0, 0x60, 0x28, 0x2, 0x80, 0xc5,
    0x2f, 0xc6, 0x1c, 0x37, 0x7a, 0xb4, 0xce, 0xfa,
    0xa7, 0x30, 0x0, 0x2e, 0x8f, 0xfc, 0x3d, 0x30,
    0x30, 0x78, 0xc0, 0xc2, 0xf7, 0x43, 0x18, 0x4f,
    0xfc, 0x0, 0x0, 0x0,

    /* U+5B57 "字" */
    0x0, 0x0, 0x0, 0x2, 0xc0, 0xf, 0xff, 0xff,
    0xb8, 0x0, 0xe, 0x90, 0x0, 0x24, 0x3f, 0xfe,
    0x0, 0x1, 0xe0, 0x0, 0x1d, 0x0, 0xff, 0xff,
    0xf8, 0x0, 0xc0, 0x0, 0x7, 0x0, 0x0, 0xbc,
    0x0,

    /* U+5B58 "存" */
    0x0, 0x0, 0x0, 0x0, 0xe0, 0x0, 0x3f, 0xff,
    0xfd, 0x2, 0xc0, 0x0, 0x3, 0x40, 0x0, 0xf,
    0x3f, 0xf8, 0x2d, 0x0, 0xb0, 0x7d, 0x2, 0xc0,
    0xd, 0xff, 0xfd, 0xd, 0x2, 0x80, 0xd, 0x2,
    0x80, 0xd, 0x1f, 0x40,

    /* U+5B8C "完" */
    0x0, 0x0, 0x0, 0x0, 0x28, 0x0, 0x3f, 0xff,
    0xfd, 0x34, 0x0, 0xd, 0x34, 0x0, 0x9, 0x3,
    0xff, 0xe0, 0x0, 0x0, 0x0, 0x3f, 0xff, 0xfe,
    0x0, 0xd3, 0x40, 0x1, 0xc3, 0x45, 0x7, 0x43,
    0x4a, 0x3d, 0x2, 0xfd, 0x0, 0x0, 0x0,

    /* U+5B9A "定" */
    0x0, 0x0, 0x0, 0x0, 0x1c, 0x0, 0x3f, 0xff,
    0xfc, 0x30, 0x0, 0xc, 0x30, 0x0, 0xc, 0xb,
    0xff, 0xe0, 0x0, 0xc, 0x0, 0x7, 0xc, 0x0,
    0xe, 0xf, 0xf4, 0x1f, 0xc, 0x0, 0x3a, 0xed,
    0x0, 0x70, 0x2f, 0xfd, 0x0, 0x0, 0x0,

    /* U+5BF9 "对" */
    0x0, 0x0, 0x30, 0x3f, 0xc0, 0x30, 0x0, 0xdf,
    0xfd, 0x30, 0xc0, 0x34, 0x2d, 0xc4, 0x30, 0xf,
    0x4d, 0x30, 0x7, 0x47, 0x30, 0xf, 0xc1, 0x30,
    0x3c, 0x80, 0x30, 0x70, 0x0, 0x70, 0x0, 0x3,
    0xe0,

    /* U+5BFC "导" */
    0x3f, 0xff, 0xd0, 0x39, 0x55, 0xd0, 0x3f, 0xff,
    0xd0, 0x38, 0x0, 0x18, 0x2f, 0xff, 0xf8, 0x0,
    0x3, 0x80, 0xff, 0xff, 0xfc, 0x7, 0x3, 0x40,
    0x3, 0xc3, 0x40, 0x0, 0x1f, 0x40,

    /* U+5C06 "将" */
    0x3, 0x7, 0x0, 0x13, 0x1f, 0xfc, 0x33, 0x79,
    0x2c, 0x2b, 0x7, 0xf0, 0x3, 0x3f, 0xa0, 0x3,
    0x24, 0x34, 0xb, 0xbf, 0xfe, 0x3f, 0x18, 0x30,
    0x63, 0xd, 0x30, 0x3, 0x1, 0x30, 0x3, 0x3,
    0xf0,

    /* U+5C0F "小" */
    0x0, 0xc, 0x0, 0x0, 0xc, 0x0, 0x0, 0xc,
    0x20, 0xa, 0xc, 0x34, 0xd, 0xc, 0x2c, 0x1c,
    0xc, 0x1c, 0x38, 0xc, 0xd, 0x20, 0xc, 0x9,
    0x0, 0x1c, 0x0, 0x0, 0xf8, 0x0,

    /* U+5C31 "就" */
    0x0, 0x0, 0x0, 0xa, 0x3, 0x60, 0xbf, 0xf3,
    0x34, 0x15, 0x57, 0x64, 0x3f, 0xef, 0xf8, 0x30,
    0x93, 0x90, 0x3f, 0xd3, 0x90, 0x17, 0x47, 0x90,
    0x37, 0x9a, 0x90, 0xa7, 0x6d, 0x9c, 0x57, 0x1c,
    0xac, 0x1e, 0x28, 0x78, 0x0, 0x0, 0x0,

    /* U+5C3D "尽" */
    0xf, 0xff, 0xf0, 0xc, 0x0, 0x30, 0xf, 0xff,
    0xf0, 0xc, 0x2, 0x80, 0xc, 0xd1, 0xc0, 0x1c,
    0x7d, 0xd0, 0x28, 0x4, 0x70, 0x37, 0x90, 0x2c,
    0x70, 0xbd, 0x4, 0x0, 0x7, 0x40, 0x0, 0x0,
    0x0,

    /* U+5C4F "屏" */
    0xf, 0xff, 0xfe, 0x3, 0x55, 0x57, 0x80, 0xff,
    0xff, 0xe0, 0x30, 0x80, 0xc0, 0xe, 0xff, 0xfe,
    0x3, 0xd, 0x1c, 0x1, 0xc3, 0x47, 0x0, 0xaf,
    0xff, 0xfc, 0x34, 0xa0, 0x30, 0xc, 0xb0, 0xc,
    0x0, 0x0, 0x0, 0x0,

    /* U+5CF0 "峰" */
    0x0, 0x0, 0x0, 0x9, 0x3, 0x0, 0x19, 0x4f,
    0xfc, 0x39, 0xee, 0x34, 0x39, 0xc7, 0xf4, 0x39,
    0xfe, 0xae, 0x39, 0xd0, 0xc0, 0x39, 0xdf, 0xfc,
    0x39, 0xc6, 0xd4, 0x3a, 0xc6, 0xd4, 0x3e, 0xff,
    0xfe, 0x0, 0x0, 0xc0,

    /* U+5DE5 "工" */
    0x0, 0x0, 0x1, 0xff, 0xff, 0xc0, 0x7, 0x0,
    0x0, 0x1c, 0x0, 0x0, 0x70, 0x0, 0x1, 0xc0,
    0x0, 0x7, 0x0, 0x0, 0x1c, 0x0, 0x0, 0x70,
    0x0, 0x1, 0xc0, 0xf, 0xff, 0xff, 0x80,

    /* U+5DE6 "左" */
    0x0, 0x30, 0x0, 0x0, 0x70, 0x0, 0x3f, 0xff,
    0xfe, 0x0, 0xd0, 0x0, 0x1, 0xc0, 0x0, 0x2,
    0xff, 0xf8, 0x7, 0x7, 0x0, 0xd, 0x7, 0x0,
    0x3c, 0x7, 0x0, 0x30, 0x7, 0x0, 0x3, 0xff,
    0xfe,

    /* U+5DF2 "已" */
    0xff, 0xff, 0xc0, 0x0, 0x3, 0x3, 0x0, 0xc,
    0xc, 0x0, 0x30, 0x3f, 0xff, 0xc0, 0xc0, 0x0,
    0x3, 0x0, 0x1, 0xc, 0x0, 0xd, 0x34, 0x0,
    0x30, 0xbf, 0xff, 0xc0,

    /* U+5E26 "带" */
    0x0, 0x0, 0x0, 0x62, 0x8a, 0xf, 0xff, 0xff,
    0x9b, 0x6d, 0xa4, 0x4, 0x51, 0x43, 0xff, 0xff,
    0xcd, 0xa, 0x3, 0x2b, 0xff, 0xe8, 0x1c, 0xa2,
    0x80, 0x71, 0x8a, 0x1, 0xc6, 0xb4, 0x0, 0x18,
    0x0,

    /* U+5E38 "常" */
    0x8, 0x30, 0x50, 0xa, 0x30, 0xd0, 0x3f, 0xff,
    0xfc, 0x35, 0x55, 0x5c, 0x17, 0xff, 0xd4, 0x7,
    0x55, 0xc0, 0x1, 0x79, 0x40, 0x1f, 0xff, 0xf4,
    0x1c, 0x34, 0x34, 0x18, 0x30, 0x34, 0x18, 0x30,
    0xf0, 0x0, 0x0, 0x0,

    /* U+5E73 "平" */
    0xbf, 0xff, 0xf4, 0x51, 0xc1, 0x2, 0x87, 0xe,
    0x3, 0x1c, 0x70, 0x4, 0x70, 0x43, 0xff, 0xff,
    0xe0, 0x7, 0x0, 0x0, 0x1c, 0x0, 0x0, 0x70,
    0x0, 0x1, 0xc0, 0x0,

    /* U+5E76 "并" */
    0x0, 0x0, 0x0, 0x28, 0xe, 0x0, 0x30, 0x70,
    0x2f, 0xff, 0xfd, 0x7, 0x47, 0x40, 0xc, 0xc,
    0x0, 0x30, 0x30, 0x3f, 0xff, 0xff, 0xb, 0x3,
    0x0, 0x34, 0xc, 0x3, 0xc0, 0x30, 0x28, 0x0,
    0xc0, 0x0, 0x0, 0x0,

    /* U+5E8F "序" */
    0x0, 0x18, 0x0, 0x3f, 0xff, 0xfc, 0x35, 0x55,
    0x54, 0x32, 0xff, 0xf0, 0x30, 0x21, 0xd0, 0x30,
    0x1f, 0x0, 0x3b, 0xff, 0xfc, 0x30, 0xd, 0x38,
    0x70, 0xd, 0x70, 0xa0, 0xd, 0x0, 0x80, 0xfc,
    0x0,

    /* U+5E94 "应" */
    0x0, 0x0, 0x0, 0x0, 0xd0, 0x3, 0xff, 0xff,
    0xcd, 0x0, 0x0, 0x30, 0x30, 0x20, 0xdc, 0xd1,
    0xc3, 0x32, 0x8a, 0xc, 0x97, 0x34, 0x31, 0x8c,
    0xc1, 0xc6, 0x7, 0xa, 0x0, 0x38, 0x27, 0xff,
    0xff, 0x0, 0x0, 0x0,

    /* U+5EA6 "度" */
    0x0, 0x28, 0x0, 0x3f, 0xff, 0xfc, 0x34, 0x80,
    0xc0, 0x3f, 0xff, 0xfc, 0x34, 0xc1, 0xc0, 0x30,
    0xff, 0xc0, 0x30, 0x55, 0x40, 0x37, 0xff, 0xf0,
    0x70, 0xe2, 0xc0, 0xa0, 0x7f, 0x40, 0xdb, 0xe6,
    0xf8, 0x5, 0x0, 0x14,

    /* U+5EF6 "延" */
    0x0, 0x0, 0x14, 0x3f, 0x7f, 0xf8, 0xb, 0x0,
    0xc0, 0x1c, 0x0, 0xc0, 0x3f, 0x68, 0xfc, 0x3,
    0x28, 0xc0, 0x33, 0x28, 0xc0, 0x3b, 0x29, 0xc0,
    0x1e, 0x2f, 0xfc, 0x2f, 0x90, 0x0, 0x70, 0x6f,
    0xfd, 0x0, 0x0, 0x0,

    /* U+5EFA "建" */
    0x0, 0x3, 0x0, 0x3f, 0x2f, 0xfc, 0xa, 0x3,
    0xc, 0x1c, 0xbf, 0xfe, 0x3d, 0x17, 0x6c, 0x2b,
    0x17, 0x54, 0x23, 0x3f, 0xfc, 0x3b, 0x3, 0x0,
    0x1e, 0xbf, 0xfd, 0x2f, 0x41, 0x0, 0x31, 0xbf,
    0xfe, 0x0, 0x0, 0x0,

    /* U+5F00 "开" */
    0x7f, 0xff, 0xf0, 0x1c, 0xd, 0x0, 0x70, 0x30,
    0x1, 0xc0, 0xd0, 0xff, 0xff, 0xf8, 0x1c, 0xc,
    0x0, 0xa0, 0x30, 0x3, 0x40, 0xc0, 0x38, 0x3,
    0x2, 0x80, 0xc, 0x0, 0x0, 0x0, 0x0,

    /* U+5F0F "式" */
    0x0, 0xb, 0x30, 0x0, 0xb, 0x28, 0x3f, 0xff,
    0xfe, 0x0, 0xb, 0x0, 0x0, 0x7, 0x0, 0x3f,
    0xf7, 0x0, 0x3, 0x43, 0x40, 0x3, 0x3, 0x80,
    0x3, 0xa5, 0xca, 0x3f, 0xa0, 0xed, 0x0, 0x0,
    0x3c, 0x0, 0x0, 0x0,

    /* U+5F3A "强" */
    0x7f, 0x3f, 0xf0, 0xc, 0xc0, 0xc2, 0xb3, 0xff,
    0xe, 0x80, 0xc0, 0x70, 0x7f, 0xf9, 0xfe, 0x8c,
    0xa0, 0x3b, 0xff, 0x80, 0xc0, 0xc8, 0x7, 0x17,
    0xb8, 0xf9, 0xe9, 0xb0, 0x0, 0x0, 0x0,

    /* U+5F52 "归" */
    0x3, 0x0, 0x0, 0x33, 0x3f, 0xfc, 0x33, 0x0,
    0xc, 0x33, 0x0, 0xc, 0x33, 0x0, 0x1c, 0x33,
    0x1f, 0xfc, 0x33, 0x0, 0xc, 0x7, 0x0, 0xc,
    0xa, 0x0, 0xc, 0x1c, 0x3f, 0xfc, 0x38, 0x0,
    0x1c, 0x0, 0x0, 0x0,

    /* U+5F53 "当" */
    0x0, 0x30, 0x0, 0xe0, 0xc1, 0xc1, 0xc3, 0xd,
    0x1, 0xc, 0x20, 0x3f, 0xff, 0xf0, 0x0, 0x0,
    0xc0, 0x0, 0x7, 0xb, 0xff, 0xfc, 0x0, 0x0,
    0x30, 0x0, 0x1, 0xc3, 0xff, 0xff, 0x0,

    /* U+5F55 "录" */
    0xf, 0xff, 0xc0, 0x5, 0x55, 0xc0, 0x5, 0x55,
    0xc0, 0x3f, 0xff, 0xfc, 0x8, 0x28, 0x30, 0xe,
    0x38, 0xe0, 0x2, 0xff, 0x80, 0xb, 0x6a, 0xd0,
    0x3d, 0x28, 0x7c, 0x10, 0xf4, 0x4,

    /* U+5F62 "形" */
    0x0, 0x0, 0x0, 0x3f, 0xfc, 0x2c, 0xd, 0x71,
    0xe0, 0xd, 0x72, 0x40, 0xd, 0x70, 0x1d, 0x7f,
    0xfd, 0xb4, 0xc, 0x70, 0x80, 0xc, 0x70, 0xa,
    0x1c, 0x70, 0x2c, 0x38, 0x71, 0xf0, 0x30, 0x73,
    0x40, 0x0, 0x0, 0x0,

    /* U+5F80 "往" */
    0x6, 0xa, 0x0, 0xd, 0x7, 0x0, 0x38, 0xff,
    0xfc, 0x62, 0x3, 0x40, 0xe, 0x3, 0x0, 0x2c,
    0x3, 0x40, 0x7c, 0xbf, 0xfc, 0xc, 0x3, 0x0,
    0xc, 0x3, 0x0, 0xc, 0x57, 0x54, 0xd, 0xff,
    0xfd,

    /* U+5F84 "径" */
    0x0, 0x0, 0x0, 0xd, 0xbf, 0xf0, 0x38, 0x0,
    0xe0, 0x61, 0x3, 0xc0, 0xe, 0x6d, 0x78, 0x3c,
    0x50, 0x8, 0x6c, 0x7f, 0xf8, 0xc, 0x3, 0x40,
    0xc, 0x3, 0x0, 0xc, 0x3, 0x40, 0xc, 0xff,
    0xfc, 0x0, 0x0, 0x0,

    /* U+5F85 "待" */
    0x0, 0x0, 0x0, 0x9, 0x3, 0x0, 0xd, 0xbf,
    0xf8, 0x38, 0x3, 0x40, 0xa7, 0x3, 0x40, 0xd,
    0xff, 0xfc, 0x3c, 0x0, 0xb0, 0x7c, 0xff, 0xfc,
    0xc, 0x20, 0x70, 0xc, 0x2c, 0x70, 0xc, 0x4,
    0xb0, 0xc, 0x7, 0xe0, 0x0, 0x0, 0x0,

    /* U+5FC3 "心" */
    0x0, 0x10, 0x0, 0x0, 0x28, 0x0, 0x0, 0xd,
    0x0, 0x0, 0xc6, 0x0, 0xd, 0xc0, 0x30, 0x1c,
    0xc0, 0x34, 0x1c, 0xc0, 0x1c, 0x28, 0xc0, 0x9c,
    0x34, 0xc0, 0xcd, 0x20, 0xc1, 0xc0, 0x0, 0xff,
    0x80,

    /* U+5FEB "快" */
    0xa, 0x3, 0x40, 0x2, 0xc0, 0xd0, 0x1, 0xbb,
    0xff, 0xc0, 0xee, 0xd, 0x30, 0x3b, 0x83, 0x4c,
    0x1a, 0xc1, 0xd7, 0x40, 0xb3, 0xff, 0xf0, 0x2c,
    0x2f, 0x0, 0xb, 0xd, 0xb0, 0x2, 0xce, 0xb,
    0x40, 0xb6, 0x0, 0x70,

    /* U+6001 "态" */
    0x0, 0x0, 0x0, 0x0, 0x34, 0x0, 0x3f, 0xff,
    0xfc, 0x0, 0xbe, 0x0, 0x1, 0xd3, 0x40, 0x1b,
    0xe1, 0xf4, 0x78, 0x34, 0x2d, 0x0, 0x0, 0x0,
    0x16, 0x5c, 0x34, 0x36, 0x8d, 0x6c, 0x72, 0x80,
    0xdd, 0x11, 0xff, 0xc0,

    /* U+601D "思" */
    0xf, 0xff, 0xf0, 0xd, 0x75, 0x70, 0xf, 0xff,
    0xf0, 0xc, 0x30, 0x30, 0xf, 0xff, 0xf0, 0x0,
    0x24, 0x0, 0x1b, 0x6c, 0x34, 0x37, 0x5c, 0x6c,
    0x73, 0x40, 0xdd, 0x12, 0xff, 0xc0,

    /* U+6025 "急" */
    0x0, 0xd0, 0x0, 0x3, 0xff, 0xc0, 0xf, 0x7,
    0x40, 0x3f, 0xff, 0xf0, 0x1, 0x55, 0x70, 0x1,
    0x55, 0x70, 0xf, 0xff, 0xf0, 0x4, 0x48, 0x10,
    0xc, 0xce, 0x2c, 0x28, 0xc0, 0xee, 0x20, 0xff,
    0xc4,

    /* U+603B "总" */
    0x0, 0x0, 0x0, 0x3, 0x1, 0xc0, 0x2, 0xc3,
    0x80, 0xf, 0xff, 0xf0, 0xd, 0x0, 0x70, 0xc,
    0x0, 0x30, 0xf, 0xff, 0xf0, 0x0, 0x14, 0x0,
    0x26, 0x5c, 0x28, 0x37, 0x8d, 0x5c, 0x73, 0x80,
    0xdd, 0x12, 0xff, 0xc0,

    /* U+6062 "恢" */
    0x0, 0x0, 0x0, 0x2, 0x82, 0x80, 0x0, 0xa0,
    0xa0, 0x0, 0x6d, 0xff, 0xfc, 0x3b, 0xcc, 0x20,
    0xe, 0xbb, 0x5c, 0x46, 0xa3, 0x7a, 0x60, 0x29,
    0xde, 0xb4, 0xa, 0xd5, 0xf8, 0x2, 0xe0, 0x7a,
    0x0, 0xa0, 0x70, 0xe0, 0x28, 0x30, 0xc, 0x0,
    0x0, 0x0, 0x0,

    /* U+60E0 "惠" */
    0x0, 0x1c, 0x0, 0x3f, 0xff, 0xfe, 0xa, 0xae,
    0xa4, 0xe, 0x6d, 0x68, 0xf, 0xff, 0xf8, 0xe,
    0xae, 0xb8, 0x5, 0x6e, 0xb8, 0x2f, 0xff, 0xfd,
    0x1d, 0xce, 0x2c, 0x29, 0xc5, 0xde, 0x20, 0xff,
    0xc0,

    /* U+611F "感" */
    0x0, 0x3, 0x30, 0x3f, 0xff, 0xf8, 0x35, 0x57,
    0x10, 0x36, 0xa7, 0x70, 0x37, 0xf6, 0xe0, 0x73,
    0x35, 0xcc, 0xa3, 0xbb, 0xec, 0x2, 0x56, 0x74,
    0x37, 0x78, 0x20, 0x73, 0x46, 0xac, 0x52, 0xff,
    0x44,

    /* U+6210 "成" */
    0x0, 0x0, 0x0, 0x0, 0x7, 0x20, 0x0, 0x7,
    0x38, 0xf, 0xff, 0xfe, 0xc, 0x3, 0x0, 0xc,
    0x3, 0x18, 0xf, 0xf3, 0x68, 0xc, 0x32, 0xb0,
    0x1c, 0x31, 0xe0, 0x18, 0x72, 0xd5, 0x37, 0xeb,
    0xfe, 0x30, 0x2d, 0x2c, 0x0, 0x0, 0x0,

    /* U+6216 "或" */
    0x0, 0xd, 0x50, 0x0, 0xd, 0xb0, 0xff, 0xff,
    0xfc, 0x0, 0xd, 0x0, 0x3f, 0xdd, 0x30, 0x30,
    0xda, 0x70, 0x30, 0xda, 0xa0, 0x3f, 0xd7, 0xc0,
    0x1, 0x93, 0x84, 0xba, 0x5e, 0xec, 0x0, 0x34,
    0x74, 0x0, 0x0, 0x0,

    /* U+624B "手" */
    0x0, 0x5, 0x90, 0xff, 0xfa, 0x40, 0x3, 0x40,
    0x0, 0xd, 0x0, 0x3f, 0xff, 0xf0, 0x0, 0xd0,
    0xf, 0xff, 0xff, 0xc0, 0xd, 0x0, 0x0, 0x34,
    0x0, 0x0, 0xd0, 0x0, 0x3f, 0x0, 0x0,

    /* U+6253 "打" */
    0xa, 0x5, 0x54, 0x28, 0xbf, 0xf7, 0xfc, 0xc,
    0x2, 0x80, 0x30, 0xa, 0x0, 0xc0, 0x3f, 0x3,
    0x7, 0xe0, 0xc, 0x2, 0x80, 0x30, 0xa, 0x0,
    0xc0, 0x38, 0x3, 0x3, 0xd0, 0xfc, 0x0,

    /* U+626B "扫" */
    0xb, 0x0, 0x0, 0xb, 0x3f, 0xfc, 0x3f, 0xc0,
    0xc, 0xb, 0x0, 0xc, 0xb, 0x0, 0xc, 0xb,
    0xdf, 0xfc, 0x3f, 0x40, 0xc, 0xb, 0x0, 0xc,
    0xb, 0x0, 0xc, 0xa, 0x3f, 0xfc, 0x2e, 0x0,
    0xc, 0x0, 0x0, 0x0,

    /* U+627E "找" */
    0x0, 0x0, 0x0, 0x1, 0x82, 0x9c, 0x0, 0xb0,
    0xa3, 0x40, 0xff, 0x2d, 0x60, 0xb, 0x2f, 0xe8,
    0x2, 0xd6, 0xc2, 0x0, 0xbc, 0x32, 0xc0, 0xfc,
    0xe, 0xc0, 0x1b, 0x3, 0xd0, 0x2, 0xc7, 0xf1,
    0xc0, 0xa3, 0x8b, 0xa0, 0xb4, 0x0, 0xb0,

    /* U+6298 "折" */
    0x0, 0x0, 0x0, 0xa, 0x0, 0x6c, 0xa, 0x1f,
    0xe4, 0x3f, 0xdc, 0x0, 0x1f, 0x5c, 0x0, 0xa,
    0x1f, 0xfd, 0xb, 0xdc, 0x30, 0x3f, 0x68, 0x30,
    0x1a, 0x28, 0x30, 0xa, 0x34, 0x30, 0xa, 0xb0,
    0x30, 0x2d, 0x50, 0x30,

    /* U+62A4 "护" */
    0x0, 0x0, 0x0, 0xa, 0x0, 0xc0, 0xa, 0x1f,
    0xff, 0x3f, 0xed, 0x57, 0xa, 0x2c, 0x3, 0xa,
    0x2c, 0x7, 0xb, 0xaf, 0xff, 0x2f, 0x68, 0x0,
    0x2a, 0x38, 0x0, 0xa, 0x34, 0x0, 0xa, 0x70,
    0x0, 0x3d, 0x90, 0x0, 0x0, 0x0, 0x0,

    /* U+62D4 "拔" */
    0x0, 0x0, 0x0, 0x1c, 0xc, 0xa0, 0x1c, 0xc,
    0x20, 0xbf, 0xbf, 0xfc, 0x2c, 0x1c, 0x0, 0x1c,
    0x1c, 0x0, 0x1e, 0x2f, 0xf8, 0x7e, 0x3e, 0x28,
    0x6c, 0x37, 0x70, 0x1c, 0xb2, 0xe0, 0x2c, 0xd7,
    0xf8, 0xb9, 0x8d, 0x1c, 0x0, 0x0, 0x0,

    /* U+62DF "拟" */
    0x1c, 0x0, 0x30, 0x1c, 0xa4, 0x30, 0xbf, 0xaa,
    0x30, 0x1c, 0xa3, 0x30, 0x1c, 0xa2, 0x70, 0x1f,
    0xa0, 0x60, 0xbc, 0xa0, 0x90, 0x1c, 0xbd, 0xe0,
    0x1c, 0xfb, 0xb0, 0x1c, 0xb, 0x2c, 0x78, 0xc,
    0x8, 0x0, 0x0, 0x0,

    /* U+62E9 "择" */
    0xa, 0x0, 0x0, 0x2, 0x8b, 0xff, 0x3, 0xfc,
    0xb7, 0x80, 0x28, 0x1f, 0xd0, 0xa, 0x3e, 0x7f,
    0x2, 0xf0, 0x30, 0x3, 0xf1, 0xff, 0xc0, 0x68,
    0x3, 0x0, 0xa, 0x3f, 0xff, 0x2, 0x80, 0x70,
    0x3, 0xd0, 0xc, 0x0,

    /* U+62FF "拿" */
    0x0, 0x3e, 0x0, 0x6, 0xe7, 0xd0, 0x3e, 0xaa,
    0xad, 0x7, 0xff, 0xf0, 0x7, 0x55, 0xb0, 0x1,
    0x6a, 0xa0, 0xf, 0xff, 0xa0, 0xa, 0xae, 0xa4,
    0x5, 0x6d, 0x54, 0x3f, 0xff, 0xfe, 0x0, 0xfc,
    0x0,

    /* U+6301 "持" */
    0x0, 0x0, 0x0, 0x1c, 0x3, 0x40, 0x1c, 0x3f,
    0xfc, 0xbf, 0x3, 0x80, 0xbf, 0x3, 0x80, 0x1c,
    0xbf, 0xfc, 0x1f, 0x0, 0xb0, 0xbd, 0xbf, 0xfd,
    0x6c, 0x20, 0x70, 0x1c, 0x2c, 0x70, 0x2c, 0x4,
    0xb0, 0xb8, 0x3, 0xe0, 0x0, 0x0, 0x0,

    /* U+6302 "挂" */
    0xd, 0x0, 0xc0, 0x3, 0x40, 0x70, 0x1, 0xe6,
    0xff, 0xd0, 0xbd, 0x3, 0x0, 0xd, 0x3f, 0xff,
    0x3, 0xe0, 0x10, 0x2, 0xf0, 0x1c, 0x0, 0x74,
    0xbf, 0xf4, 0xd, 0x0, 0xc0, 0x3, 0x40, 0x70,
    0x3, 0xcb, 0xff, 0xf0,

    /* U+6307 "指" */
    0xa, 0x28, 0x18, 0xa, 0x2f, 0xe4, 0x3f, 0xe8,
    0x9, 0xa, 0x1f, 0xfd, 0xa, 0x45, 0x54, 0x1b,
    0xdf, 0xfc, 0x3f, 0x1c, 0xc, 0x2a, 0x1c, 0xc,
    0xa, 0x1f, 0xfc, 0xa, 0x1c, 0xc, 0x3d, 0x1f,
    0xfc, 0x0, 0x0, 0x0,

    /* U+6309 "按" */
    0x0, 0x0, 0x0, 0x1c, 0x3, 0x0, 0x1c, 0x7f,
    0xfc, 0xbf, 0xb5, 0x1c, 0x1c, 0x6a, 0xc, 0x1c,
    0xe, 0x0, 0x1f, 0xbf, 0xfd, 0xbd, 0x2c, 0x70,
    0x5c, 0x38, 0xa0, 0x1c, 0xb, 0xc0, 0x1c, 0x1f,
    0xf4, 0x78, 0xf4, 0x1c, 0x0, 0x0, 0x0,

    /* U+636E "据" */
    0x1c, 0x0, 0x0, 0x1c, 0xbf, 0xfc, 0x2d, 0xb5,
    0x5c, 0x7f, 0xbf, 0xfc, 0x1c, 0xb1, 0xc0, 0x1e,
    0xbf, 0xfd, 0xbd, 0xa0, 0xc0, 0x1c, 0xef, 0xfc,
    0x1c, 0xdc, 0xc, 0x1d, 0xcc, 0xc, 0x79, 0x4f,
    0xfc, 0x0, 0x0, 0x0,

    /* U+6389 "掉" */
    0x0, 0x0, 0x0, 0x1c, 0x3, 0x0, 0x1c, 0x3,
    0xfc, 0x6e, 0x3, 0x0, 0xbf, 0x7f, 0xf0, 0x1c,
    0x70, 0x30, 0x1d, 0x7f, 0xf0, 0x7e, 0x75, 0x70,
    0x6c, 0x17, 0x50, 0x1c, 0xff, 0xfd, 0x1c, 0x3,
    0x40, 0x78, 0x3, 0x0, 0x0, 0x0, 0x0,

    /* U+63A5 "接" */
    0x0, 0x0, 0x0, 0xc, 0x3, 0x40, 0xc, 0x3f,
    0xfc, 0x7f, 0x1c, 0x70, 0xd, 0x6e, 0xf8, 0xc,
    0x7f, 0xfc, 0xf, 0xa, 0x0, 0x7e, 0xbf, 0xfd,
    0x1c, 0x28, 0x74, 0xc, 0x2e, 0xe0, 0x1c, 0xb,
    0xf4, 0x3c, 0xb9, 0x1c, 0x0, 0x0, 0x0,

    /* U+63A8 "推" */
    0x0, 0x0, 0x0, 0xc, 0x19, 0xc0, 0xc, 0x38,
    0xc0, 0xbf, 0x3f, 0xfc, 0x1c, 0xb0, 0xc0, 0xc,
    0xf0, 0xc0, 0xe, 0x7f, 0xfc, 0xbe, 0x30, 0xc0,
    0x5c, 0x3f, 0xfc, 0xc, 0x30, 0xc0, 0x1c, 0x30,
    0xc0, 0x78, 0x3f, 0xfc,

    /* U+63CF "描" */
    0x1c, 0xc, 0x30, 0x1c, 0xbf, 0xfd, 0xbf, 0x5d,
    0x74, 0x1d, 0x8, 0x20, 0x1c, 0x7f, 0xfc, 0x1f,
    0x72, 0x8c, 0xbd, 0x72, 0x8c, 0x5c, 0x7f, 0xfc,
    0x1c, 0x72, 0x8c, 0x1c, 0x72, 0x8c, 0x78, 0x7f,
    0xfc,

    /* U+641C "搜" */
    0xc, 0x17, 0x0, 0xc, 0x7b, 0x7c, 0x1d, 0xa3,
    0xc, 0x3f, 0xbb, 0x7c, 0xc, 0x77, 0x5c, 0x1f,
    0x57, 0x54, 0x7d, 0xbf, 0xfc, 0xc, 0x2c, 0x38,
    0xc, 0xe, 0xf0, 0xc, 0x1f, 0xe4, 0x3c, 0xf8,
    0x6d, 0x0, 0x0, 0x0,

    /* U+64AD "播" */
    0x0, 0x0, 0x0, 0xc, 0x0, 0x6c, 0xc, 0xbf,
    0xe8, 0x2e, 0x23, 0x28, 0x1d, 0xbf, 0xfe, 0xc,
    0x1b, 0xb0, 0xf, 0xb3, 0x1d, 0x6e, 0xba, 0xad,
    0x2c, 0x73, 0x5c, 0xc, 0x7f, 0xfc, 0x1c, 0x63,
    0xc, 0x38, 0x7f, 0xfc,

    /* U+64CD "操" */
    0x1c, 0x0, 0x0, 0x1c, 0x3f, 0xf0, 0x2d, 0x35,
    0x70, 0x7f, 0x2a, 0xa0, 0x1c, 0xfd, 0xfc, 0x1e,
    0xed, 0xec, 0xbc, 0x3, 0x40, 0x2c, 0xff, 0xfc,
    0x1c, 0x3b, 0xb0, 0x1c, 0xe3, 0x6d, 0x78, 0x43,
    0x44,

    /* U+652F "支" */
    0x0, 0x28, 0x0, 0x0, 0x28, 0x0, 0x3f, 0xff,
    0xfc, 0x0, 0x28, 0x0, 0x1f, 0xff, 0xf0, 0x7,
    0x0, 0xe0, 0x3, 0x82, 0xc0, 0x0, 0xeb, 0x0,
    0x0, 0xbe, 0x0, 0x1b, 0xd7, 0xe4, 0x39, 0x0,
    0x2c, 0x0, 0x0, 0x0,

    /* U+6536 "收" */
    0x0, 0x0, 0x0, 0x0, 0xc6, 0x0, 0x10, 0xca,
    0x0, 0x30, 0xcf, 0xfd, 0x30, 0xcc, 0x34, 0x30,
    0xed, 0x30, 0x30, 0xd6, 0x70, 0x30, 0xc3, 0xa0,
    0x3f, 0xc2, 0xc0, 0x25, 0xc3, 0xe0, 0x0, 0xcb,
    0x78, 0x0, 0xd8, 0xe, 0x0, 0x0, 0x0,

    /* U+653E "放" */
    0x6, 0x2, 0x40, 0x7, 0x43, 0x40, 0x3f, 0xf3,
    0xfe, 0xc, 0xb, 0xc, 0xd, 0xf, 0x1c, 0xf,
    0xef, 0x18, 0xc, 0x92, 0xb4, 0x1c, 0x90, 0xf0,
    0x28, 0x90, 0xf0, 0x34, 0xd7, 0xad, 0x37, 0xdd,
    0xa, 0x0, 0x0, 0x0,

    /* U+6548 "效" */
    0x9, 0x3, 0x0, 0x6f, 0xa3, 0x0, 0x6a, 0xa7,
    0xfc, 0x29, 0xca, 0x34, 0x30, 0xae, 0x30, 0xa1,
    0x9f, 0x70, 0x1f, 0x83, 0xe0, 0xb, 0x41, 0xc0,
    0xf, 0xc3, 0xe0, 0x7c, 0x9e, 0x78, 0xa0, 0x38,
    0x1c, 0x0, 0x0, 0x0,

    /* U+6570 "数" */
    0x0, 0x0, 0x0, 0x23, 0x22, 0x80, 0x27, 0x63,
    0xd4, 0x7f, 0xf3, 0xec, 0x1f, 0xd7, 0xc, 0x37,
    0xab, 0x9c, 0x13, 0xa, 0xe8, 0x7f, 0xf0, 0xf4,
    0x1c, 0x70, 0xb0, 0x2e, 0xd0, 0xf8, 0x1f, 0xf7,
    0x8d, 0x24, 0x16, 0x5,

    /* U+6587 "文" */
    0x0, 0x0, 0x0, 0x0, 0x34, 0x0, 0x0, 0x2c,
    0x0, 0x3f, 0xff, 0xfe, 0x3, 0x40, 0xa0, 0x2,
    0x80, 0xc0, 0x0, 0xd2, 0xc0, 0x0, 0xb7, 0x0,
    0x0, 0x3e, 0x0, 0x0, 0xbb, 0x80, 0xb, 0xc1,
    0xf4, 0x39, 0x0, 0x1e, 0x0, 0x0, 0x0,

    /* U+6597 "斗" */
    0x1, 0x0, 0xc0, 0x2, 0xd0, 0xc0, 0x0, 0x74,
    0xc0, 0xd, 0x14, 0xc0, 0x7, 0x80, 0xc0, 0x1,
    0xd0, 0xc0, 0x0, 0x1, 0xe8, 0x2b, 0xff, 0xe4,
    0x29, 0x40, 0xc0, 0x0, 0x0, 0xc0, 0x0, 0x0,
    0xc0,

    /* U+659C "斜" */
    0x0, 0x0, 0x0, 0x3, 0x80, 0xc, 0xe, 0xf3,
    0x8c, 0x78, 0x38, 0xec, 0x2f, 0xe0, 0xc, 0x3,
    0x47, 0x4c, 0x3, 0x42, 0xdc, 0x3f, 0xf0, 0x4c,
    0x13, 0x51, 0xae, 0x37, 0x76, 0xac, 0x73, 0x64,
    0xc, 0xf, 0x0, 0xc,

    /* U+65AD "断" */
    0x0, 0x0, 0x0, 0x0, 0xc0, 0x9, 0x35, 0xd7,
    0xfd, 0x3a, 0xe7, 0x40, 0x35, 0xd3, 0x40, 0x3b,
    0xfb, 0xfe, 0x32, 0xd3, 0xc, 0x3b, 0xf7, 0xc,
    0x38, 0xc3, 0xc, 0x30, 0xc7, 0xc, 0x3f, 0xfa,
    0xc, 0x0, 0x8, 0xc,

    /* U+65B0 "新" */
    0x0, 0x0, 0x0, 0xa, 0x0, 0x68, 0xbf, 0xf7,
    0xe4, 0x24, 0xd6, 0x0, 0x29, 0xdb, 0x0, 0xbf,
    0xfb, 0xfe, 0x7, 0x6, 0x30, 0x7f, 0xfa, 0x30,
    0x17, 0x4a, 0x30, 0x37, 0xad, 0x30, 0xb7, 0x2c,
    0x30, 0x1e, 0x8, 0x30, 0x0, 0x0, 0x0,

    /* U+65B9 "方" */
    0x0, 0x60, 0x0, 0x1, 0xc0, 0xf, 0xff, 0xff,
    0x80, 0xd0, 0x0, 0x3, 0x80, 0x0, 0xf, 0xff,
    0x40, 0x30, 0xd, 0x2, 0xc0, 0x34, 0xd, 0x0,
    0xc0, 0xe0, 0x7, 0xa, 0x1, 0xf4, 0x0, 0x0,
    0x0,

    /* U+65E0 "无" */
    0xf, 0xff, 0xf8, 0x0, 0x34, 0x0, 0x0, 0x34,
    0x0, 0x3f, 0xff, 0xfe, 0x0, 0xb7, 0x0, 0x0,
    0xa7, 0x0, 0x0, 0xd7, 0x0, 0x3, 0xc7, 0xa,
    0x1f, 0x7, 0xd, 0x38, 0x3, 0xfc, 0x0, 0x0,
    0x0,

    /* U+65E5 "日" */
    0xff, 0xff, 0xd0, 0x7, 0xc0, 0x3, 0xd0, 0x7,
    0xff, 0xff, 0xc0, 0x3, 0xc0, 0x3, 0xc0, 0x3,
    0xff, 0xff, 0xd0, 0x7, 0x0, 0x0,

    /* U+65F6 "时" */
    0x15, 0x0, 0x30, 0x3f, 0x0, 0x30, 0x33, 0xbf,
    0xfd, 0x33, 0x0, 0x34, 0x33, 0x0, 0x30, 0x3f,
    0x28, 0x30, 0x33, 0x1d, 0x30, 0x33, 0xa, 0x30,
    0x3f, 0x0, 0x30, 0x33, 0x0, 0x30, 0x10, 0x7,
    0xf0,

    /* U+661F "星" */
    0xf, 0xff, 0xf0, 0xe, 0x55, 0xb0, 0xe, 0x55,
    0xb0, 0xf, 0xff, 0xf0, 0xc, 0x18, 0x0, 0x1f,
    0xff, 0xf8, 0x34, 0x1c, 0x0, 0x2b, 0xff, 0xf4,
    0x0, 0x1c, 0x0, 0x3f, 0xff, 0xfc,

    /* U+663E "显" */
    0x2f, 0xff, 0xd0, 0xa5, 0x57, 0x42, 0xff, 0xfd,
    0xa, 0x0, 0x34, 0x2f, 0xff, 0xd0, 0x4a, 0x30,
    0x87, 0x28, 0xc7, 0xa, 0xa3, 0x74, 0x12, 0x8d,
    0x43, 0xff, 0xff, 0xe0,

    /* U+666E "普" */
    0x0, 0x0, 0x0, 0x1c, 0x1c, 0xb, 0xff, 0xff,
    0x5, 0xb7, 0x14, 0x29, 0xcc, 0xd0, 0x7b, 0x77,
    0xf, 0xff, 0xff, 0x86, 0xaa, 0xa0, 0x2d, 0x55,
    0xc0, 0xbf, 0xff, 0x2, 0x80, 0xc, 0xb, 0xff,
    0xf0,

    /* U+6682 "暂" */
    0x9, 0x0, 0x10, 0xbf, 0xf7, 0xf8, 0x3a, 0x47,
    0x0, 0x3f, 0xfb, 0xfd, 0x7, 0x9a, 0x74, 0x7f,
    0xfd, 0x30, 0x2, 0x44, 0x30, 0x1f, 0xff, 0xf0,
    0x1e, 0x55, 0xb0, 0x1d, 0x55, 0xb0, 0x1f, 0xff,
    0xf0,

    /* U+66F4 "更" */
    0x3f, 0xff, 0xfc, 0x1f, 0xff, 0xf4, 0xc, 0x28,
    0x34, 0xf, 0xff, 0xf4, 0xc, 0x28, 0x34, 0xf,
    0xff, 0xf4, 0x6, 0x34, 0x0, 0x3, 0xf0, 0x0,
    0x6, 0xfe, 0x50, 0x7e, 0x2, 0xbd, 0x0, 0x0,
    0x0,

    /* U+6700 "最" */
    0x2f, 0xff, 0xd0, 0xbf, 0xff, 0x42, 0xaa, 0xad,
    0x5, 0x55, 0x50, 0xff, 0xff, 0xf8, 0xd7, 0x6a,
    0x83, 0x5d, 0xeb, 0xf, 0xf2, 0xb4, 0x7a, 0xe7,
    0xd1, 0x57, 0x75, 0xd0, 0x0, 0x0, 0x0,

    /* U+6708 "月" */
    0xf, 0xff, 0xc0, 0xc0, 0x1c, 0xc, 0x1, 0xc0,
    0xff, 0xfc, 0xc, 0x0, 0xc0, 0xff, 0xfc, 0xc,
    0x1, 0xc1, 0x80, 0xc, 0x34, 0x1, 0xc3, 0x0,
    0xfc, 0x0, 0x0, 0x0,

    /* U+6709 "有" */
    0x0, 0x0, 0x0, 0x0, 0x70, 0x0, 0x3f, 0xff,
    0xfe, 0x1, 0xd0, 0x0, 0x3, 0xc0, 0x0, 0xb,
    0xff, 0xf0, 0x1f, 0x80, 0x30, 0x3a, 0xff, 0xf0,
    0x12, 0x80, 0x30, 0x2, 0xff, 0xf0, 0x2, 0x80,
    0x30, 0x2, 0x81, 0xf0,

    /* U+671F "期" */
    0x30, 0xd0, 0x0, 0xd3, 0x6f, 0xf7, 0xaf, 0xb1,
    0xcf, 0xf6, 0xff, 0x34, 0xdb, 0x1c, 0xff, 0x6c,
    0x33, 0x4d, 0xbf, 0xef, 0xfe, 0x87, 0x25, 0x8d,
    0xc, 0xd3, 0xb0, 0x76, 0xa, 0x8b, 0x80, 0x0,
    0x0,

    /* U+672A "未" */
    0x0, 0x1c, 0x0, 0x0, 0x1c, 0x0, 0x1f, 0xff,
    0xfc, 0x0, 0x1c, 0x0, 0x0, 0x1c, 0x0, 0x3f,
    0xff, 0xfe, 0x0, 0xaf, 0x40, 0x2, 0x9c, 0xc0,
    0xb, 0x1c, 0x74, 0x3c, 0x1c, 0x1e, 0x0, 0x1c,
    0x0,

    /* U+672C "本" */
    0x0, 0x28, 0x0, 0x0, 0x28, 0x0, 0x3f, 0xff,
    0xfc, 0x0, 0xff, 0x0, 0x1, 0xeb, 0x40, 0x3,
    0x69, 0xc0, 0xa, 0x28, 0xa0, 0x2c, 0x28, 0x38,
    0x73, 0xff, 0xcd, 0x0, 0x28, 0x0, 0x0, 0x28,
    0x0,

    /* U+673A "机" */
    0xc, 0x0, 0x0, 0xc, 0x3f, 0xc0, 0xbf, 0xb4,
    0xc0, 0x1d, 0x30, 0xc0, 0x2f, 0x30, 0xc0, 0x3e,
    0xb0, 0xc0, 0xad, 0x30, 0xc0, 0x8c, 0x30, 0xc8,
    0xc, 0x70, 0xcc, 0xc, 0xe0, 0xdc, 0xc, 0xc0,
    0xbc, 0x0, 0x0, 0x0,

    /* U+675F "束" */
    0x0, 0x28, 0x0, 0x3f, 0xff, 0xfc, 0x0, 0x28,
    0x0, 0x1f, 0xff, 0xf4, 0x1c, 0x28, 0x34, 0x1c,
    0x28, 0x34, 0x1f, 0xff, 0xf4, 0x0, 0xff, 0x0,
    0x7, 0x69, 0xd0, 0x7c, 0x28, 0x3c, 0x20, 0x28,
    0x8,

    /* U+6761 "条" */
    0x2, 0x80, 0x0, 0xb, 0xff, 0xc0, 0x2f, 0x47,
    0x40, 0x20, 0xfd, 0x0, 0x5b, 0xef, 0xe4, 0x64,
    0x30, 0x64, 0x3f, 0xff, 0xf0, 0x0, 0x34, 0x40,
    0xd, 0x32, 0xd0, 0x78, 0x30, 0xb4, 0x12, 0xf0,
    0x10,

    /* U+6765 "来" */
    0x0, 0x34, 0x0, 0x0, 0x34, 0x0, 0x3f, 0xff,
    0xf8, 0x9, 0x34, 0x90, 0x7, 0x35, 0xc0, 0xbf,
    0xff, 0xfc, 0x1, 0xfe, 0x0, 0x3, 0x77, 0x80,
    0x1e, 0x34, 0xe0, 0xb4, 0x34, 0x3c, 0x0, 0x34,
    0x4,

    /* U+677F "板" */
    0xc, 0x0, 0x68, 0xc, 0x3f, 0xe4, 0x6e, 0x70,
    0x0, 0xbf, 0x70, 0x0, 0x1d, 0x3f, 0xf8, 0x2f,
    0x76, 0x28, 0x7d, 0x73, 0x34, 0x9c, 0x72, 0xf0,
    0xc, 0xa1, 0xe0, 0xc, 0xd7, 0xb8, 0xd, 0x8d,
    0xc, 0x0, 0x0, 0x0,

    /* U+6781 "极" */
    0xc, 0x0, 0x0, 0xc, 0xff, 0xf0, 0x1d, 0x68,
    0xb0, 0x6e, 0x68, 0xa0, 0x1d, 0x3c, 0xfc, 0x3f,
    0x7c, 0x2c, 0x6d, 0x7b, 0x34, 0x8c, 0x73, 0xf0,
    0xc, 0xa2, 0xe0, 0xd, 0xdb, 0xb8, 0xd, 0x9c,
    0xc, 0x0, 0x0, 0x0,

    /* U+67E5 "查" */
    0x0, 0x28, 0x0, 0x3f, 0xff, 0xfc, 0x2, 0xff,
    0x80, 0x2e, 0x28, 0xb8, 0x2a, 0xbe, 0xa8, 0xa,
    0x55, 0xa0, 0xb, 0xff, 0xe0, 0xa, 0x55, 0xa0,
    0xb, 0xff, 0xe0, 0x1, 0x55, 0x40, 0x3f, 0xff,
    0xfc,

    /* U+6807 "标" */
    0xc, 0x0, 0x0, 0xc, 0x3f, 0xf4, 0x1e, 0x0,
    0x0, 0x3f, 0x40, 0x0, 0x1d, 0xff, 0xfc, 0x2f,
    0x3, 0x0, 0x7d, 0x73, 0x70, 0x9c, 0x73, 0x34,
    0xc, 0x93, 0x28, 0xc, 0xc3, 0x1c, 0xc, 0x1f,
    0x0,

    /* U+6808 "栈" */
    0x0, 0x0, 0x0, 0xc, 0x3, 0x70, 0xc, 0x3,
    0x24, 0xbf, 0x47, 0xb8, 0x1d, 0x7f, 0x50, 0x2f,
    0x3, 0x58, 0x3f, 0xaf, 0xf8, 0xad, 0x57, 0x58,
    0x8c, 0x2, 0xf4, 0xc, 0x2, 0xd5, 0xc, 0x2f,
    0xea, 0xc, 0x64, 0x2c,

    /* U+6821 "校" */
    0x0, 0x0, 0x0, 0xc, 0x3, 0x0, 0xc, 0x6b,
    0xe8, 0x7f, 0x69, 0x64, 0x1d, 0x28, 0x70, 0x2e,
    0x30, 0x28, 0x3f, 0xf8, 0xac, 0xad, 0x4c, 0xd0,
    0x8c, 0xb, 0xc0, 0xc, 0x7, 0xc0, 0xc, 0x2e,
    0xf4, 0xc, 0xb4, 0x1c, 0x0, 0x0, 0x0,

    /* U+68C0 "检" */
    0xc, 0x7, 0x40, 0xc, 0xf, 0xc0, 0x1e, 0x1c,
    0xd0, 0x7f, 0x74, 0xb4, 0xd, 0xff, 0xfc, 0x2f,
    0x1, 0x14, 0x3d, 0x76, 0x34, 0x9c, 0x37, 0x30,
    0xc, 0x37, 0xb0, 0xc, 0x10, 0xe0, 0xc, 0xff,
    0xfc,

    /* U+6982 "概" */
    0xc, 0x0, 0x0, 0xc, 0xff, 0xfc, 0x2d, 0xcd,
    0x70, 0x2d, 0xfe, 0x70, 0x1c, 0xce, 0x70, 0x3e,
    0xce, 0xfc, 0x7e, 0xfd, 0xb4, 0x5c, 0xcc, 0xf0,
    0xc, 0xee, 0xf0, 0xc, 0xe7, 0x36, 0xc, 0x9,
    0x2d,

    /* U+6A21 "模" */
    0xc, 0x1d, 0x70, 0xc, 0xbf, 0xfe, 0x7f, 0xc,
    0x30, 0x1d, 0x3f, 0xfc, 0x1d, 0x30, 0xc, 0x3f,
    0x3f, 0xfc, 0x7e, 0x7a, 0xac, 0x9c, 0x17, 0xd4,
    0xc, 0xff, 0xff, 0xc, 0xf, 0xf0, 0xc, 0xb8,
    0x1e, 0x0, 0x0, 0x0,

    /* U+6B21 "次" */
    0x10, 0x18, 0x0, 0x34, 0x28, 0x0, 0x1c, 0x3f,
    0xfc, 0x9, 0x71, 0x1c, 0x0, 0xe3, 0x34, 0x4,
    0x3, 0x20, 0xd, 0x7, 0x40, 0x1c, 0xb, 0xc0,
    0x2c, 0x1c, 0xe0, 0x34, 0x78, 0x38, 0x20, 0xd0,
    0x1d, 0x0, 0x0, 0x0,

    /* U+6B4C "歌" */
    0x0, 0x0, 0x3, 0xff, 0xb0, 0xb, 0xec, 0xff,
    0x26, 0xb6, 0xc, 0x7d, 0xf7, 0x71, 0x56, 0x8d,
    0x8a, 0xae, 0x30, 0x2f, 0xb1, 0xe0, 0x9a, 0xce,
    0xc1, 0xfb, 0xb2, 0xc0, 0x7e, 0x42, 0x0, 0x0,
    0x0,

    /* U+6B62 "止" */
    0x0, 0x34, 0x0, 0x0, 0xd0, 0x0, 0x43, 0x40,
    0x3, 0xd, 0x0, 0xc, 0x3f, 0xf0, 0x30, 0xd0,
    0x0, 0xc3, 0x40, 0x3, 0xd, 0x0, 0xc, 0x34,
    0x0, 0x70, 0xd0, 0xf, 0xff, 0xff, 0xc0,

    /* U+6B63 "正" */
    0x7f, 0xff, 0xf0, 0x0, 0xc0, 0x0, 0x3, 0x0,
    0x2, 0xc, 0x0, 0x1c, 0x3f, 0xd0, 0x70, 0xc0,
    0x1, 0xc3, 0x0, 0x7, 0xc, 0x0, 0x1c, 0x30,
    0x3, 0xff, 0xff, 0xf0,

    /* U+6B64 "此" */
    0x0, 0x0, 0x0, 0x3, 0x3, 0x0, 0x13, 0x3,
    0x0, 0x33, 0x3, 0x3c, 0x33, 0xf3, 0xe0, 0x33,
    0x3, 0x0, 0x33, 0x3, 0x0, 0x33, 0x3, 0x4,
    0x33, 0x53, 0xd, 0x3b, 0xe3, 0x1c, 0xf9, 0x3,
    0xf8, 0x0, 0x0, 0x0,

    /* U+6B65 "步" */
    0x0, 0x70, 0x0, 0x61, 0xc0, 0x1, 0xc7, 0xfc,
    0x7, 0x1c, 0x0, 0xff, 0xff, 0xfc, 0x11, 0xc0,
    0x0, 0xd7, 0xd, 0xd, 0x1c, 0xb0, 0x60, 0x2f,
    0x0, 0x16, 0xe0, 0x3, 0xf8, 0x0, 0x0, 0x0,
    0x0,

    /* U+6BD4 "比" */
    0x0, 0x0, 0x0, 0x30, 0xc, 0x0, 0x30, 0xc,
    0x0, 0x34, 0xc, 0x68, 0x3f, 0xdf, 0xe0, 0x30,
    0xc, 0x0, 0x30, 0xc, 0x0, 0x30, 0xc, 0x0,
    0x30, 0xc, 0xc, 0x3a, 0xdd, 0x1c, 0x3a, 0xf,
    0xf8, 0x0, 0x0, 0x0,

    /* U+6C14 "气" */
    0x0, 0x0, 0x0, 0x7, 0x0, 0x0, 0xf, 0xff,
    0xf8, 0x1d, 0x0, 0x0, 0x37, 0xff, 0xf0, 0x21,
    0x55, 0x40, 0x1f, 0xff, 0xd0, 0x0, 0x0, 0xd0,
    0x0, 0x0, 0xd0, 0x0, 0x0, 0x95, 0x0, 0x0,
    0xbd, 0x0, 0x0, 0x3c, 0x0, 0x0, 0x0,

    /* U+6C34 "水" */
    0x0, 0x1c, 0x0, 0x0, 0x1c, 0x0, 0x0, 0x1c,
    0x1c, 0x3f, 0xdd, 0x74, 0x1, 0xdf, 0xd0, 0x3,
    0x9f, 0x80, 0x7, 0x1c, 0xd0, 0xe, 0x1c, 0x70,
    0x3c, 0x1c, 0x2d, 0x20, 0x1c, 0x9, 0x0, 0xf8,
    0x0,

    /* U+6C47 "汇" */
    0x0, 0x0, 0x0, 0x2c, 0x3f, 0xfe, 0xb, 0x30,
    0x0, 0x0, 0x30, 0x0, 0x3c, 0x30, 0x0, 0xa,
    0x30, 0x0, 0x0, 0x30, 0x0, 0x6, 0x30, 0x0,
    0xe, 0x30, 0x0, 0x1c, 0x30, 0x0, 0x38, 0x3f,
    0xfe, 0x0, 0x0, 0x0,

    /* U+6C60 "池" */
    0x0, 0x3, 0x0, 0x1d, 0x23, 0x0, 0x6, 0x33,
    0xbc, 0x24, 0x3f, 0x9c, 0x1d, 0xf7, 0xc, 0x0,
    0x33, 0xc, 0x5, 0x33, 0x7c, 0xa, 0x33, 0x0,
    0xc, 0x32, 0x7, 0x2c, 0x30, 0xa, 0x38, 0x2f,
    0xfd, 0x0, 0x0, 0x0,

    /* U+6CA1 "没" */
    0x0, 0x0, 0x0, 0x38, 0x3f, 0xe0, 0xd, 0x34,
    0xa0, 0x20, 0x70, 0xb4, 0x3c, 0x80, 0x14, 0x0,
    0xff, 0xf8, 0x8, 0x34, 0x74, 0x1c, 0x2c, 0xe0,
    0x28, 0xf, 0xc0, 0x34, 0x7e, 0xf4, 0x20, 0xd0,
    0x2d, 0x0, 0x0, 0x0,

    /* U+6CBF "沿" */
    0x0, 0x0, 0x0, 0x2d, 0x2f, 0xf0, 0x7, 0x28,
    0x70, 0x10, 0x34, 0x30, 0x3c, 0xb0, 0x3e, 0x9,
    0x90, 0x15, 0x1, 0x3f, 0xf8, 0xb, 0x30, 0x28,
    0xd, 0x30, 0x28, 0x1c, 0x30, 0x28, 0x34, 0x3f,
    0xf8,

    /* U+6CD5 "法" */
    0x20, 0xa, 0x0, 0x38, 0xa, 0x0, 0x9, 0xff,
    0xf8, 0x60, 0xb, 0x0, 0x38, 0xa, 0x0, 0x3,
    0xff, 0xfc, 0x4, 0x2c, 0x0, 0x1c, 0x38, 0xa0,
    0x28, 0x70, 0x34, 0x30, 0xfb, 0xf8, 0x61, 0xe9,
    0x5c, 0x0, 0x0, 0x0,

    /* U+6CE2 "波" */
    0x10, 0x3, 0x0, 0x38, 0x3, 0x40, 0xd, 0xff,
    0xfc, 0x10, 0xc3, 0x1c, 0x38, 0xd3, 0x50, 0x8,
    0xff, 0xf4, 0x4, 0xdc, 0x30, 0xd, 0xca, 0xa0,
    0x29, 0xc3, 0xc0, 0x37, 0x4b, 0xe0, 0x77, 0x7c,
    0x2d, 0x0, 0x10, 0x0,

    /* U+6D4B "测" */
    0x10, 0x0, 0x1d, 0xdf, 0xf3, 0x71, 0x74, 0xcd,
    0xc0, 0xeb, 0x37, 0xb3, 0xac, 0xdc, 0x9e, 0xb3,
    0x70, 0x39, 0xcd, 0xca, 0xe7, 0x37, 0x36, 0xd8,
    0x5d, 0xcb, 0x70, 0x75, 0x70, 0x9b, 0x80, 0x0,
    0x0,

    /* U+6D77 "海" */
    0x10, 0x30, 0x0, 0x3c, 0xbf, 0xfc, 0x9, 0xd5,
    0x54, 0x22, 0xff, 0xf8, 0x38, 0x96, 0x18, 0x8,
    0xd3, 0x68, 0x3, 0xff, 0xfe, 0xc, 0xc6, 0x28,
    0x1d, 0xff, 0xfd, 0x34, 0x0, 0x34, 0x20, 0x3,
    0xe0,

    /* U+6D88 "消" */
    0x30, 0x43, 0x8, 0x2d, 0xd3, 0x2c, 0x4, 0x53,
    0x20, 0xb0, 0xff, 0xfc, 0x3c, 0xd0, 0x1c, 0x8,
    0xc0, 0x1c, 0x0, 0xff, 0xfc, 0xc, 0xc0, 0x1c,
    0x28, 0xff, 0xfc, 0x34, 0xc0, 0x1c, 0x60, 0xc0,
    0xf4, 0x0, 0x0, 0x0,

    /* U+6E05 "清" */
    0x4, 0x2, 0x80, 0x1e, 0xbf, 0xfe, 0x0, 0x3f,
    0xfc, 0x28, 0x57, 0xd5, 0xe, 0xaa, 0xaa, 0x0,
    0x3f, 0xfc, 0x5, 0x39, 0x6c, 0xe, 0x3a, 0xac,
    0xc, 0x3f, 0xfc, 0x2c, 0x30, 0x1c, 0x14, 0x30,
    0x78,

    /* U+6E90 "源" */
    0x0, 0x0, 0x0, 0x38, 0xff, 0xfd, 0x4, 0xdf,
    0xfc, 0x30, 0xdc, 0x1c, 0x2c, 0xdf, 0xfc, 0x8,
    0xdc, 0x1c, 0x0, 0xdf, 0xf8, 0xe, 0xc4, 0xc0,
    0x2e, 0x9c, 0xdc, 0x37, 0x75, 0xcd, 0x32, 0x7,
    0xc0, 0x0, 0x0, 0x0,

    /* U+6EE4 "滤" */
    0x0, 0x3, 0x40, 0x2c, 0x3, 0xfc, 0x0, 0xff,
    0xfd, 0x30, 0xc3, 0x5c, 0x3c, 0xdf, 0xe4, 0x8,
    0xdb, 0x8, 0x0, 0xc3, 0xf8, 0xe, 0xc1, 0xc4,
    0x2e, 0xb7, 0x5c, 0x37, 0xb3, 0x2d, 0x32, 0x53,
    0xf4, 0x0, 0x0, 0x0,

    /* U+7070 "灰" */
    0x1, 0xc0, 0x0, 0x2, 0x80, 0x0, 0x3f, 0xff,
    0xfc, 0x3, 0x45, 0x0, 0x3, 0xa, 0x14, 0xa,
    0xaa, 0x34, 0xc, 0xca, 0x70, 0x38, 0x8f, 0x50,
    0x70, 0x1e, 0x80, 0x0, 0xb0, 0xe0, 0xb, 0xc0,
    0x2d, 0x4, 0x0, 0x4,

    /* U+70B9 "点" */
    0x0, 0x30, 0x0, 0x0, 0x3f, 0xf8, 0x0, 0x34,
    0x0, 0x0, 0x34, 0x0, 0xf, 0xff, 0xf0, 0xc,
    0x0, 0x30, 0xd, 0x0, 0x30, 0xf, 0xff, 0xf0,
    0x4, 0x4, 0x10, 0x29, 0xce, 0x34, 0x70, 0xc7,
    0x1c, 0x0, 0x41, 0x4,

    /* U+7167 "照" */
    0x3f, 0xdf, 0xfd, 0x35, 0xc7, 0x4c, 0x30, 0xde,
    0x2c, 0x3f, 0xd8, 0x64, 0x35, 0xdf, 0xfc, 0x30,
    0xdc, 0xc, 0x3f, 0xdf, 0xfc, 0x14, 0x41, 0x14,
    0x34, 0xd3, 0x1c, 0x30, 0xa3, 0x49, 0x0, 0x0,
    0x0,

    /* U+722C "爬" */
    0x0, 0x10, 0x0, 0x2f, 0xfb, 0xfc, 0x37, 0x76,
    0xcc, 0x37, 0x75, 0xcc, 0x37, 0x77, 0xfc, 0x33,
    0x76, 0x0, 0x33, 0x36, 0xd, 0x33, 0x37, 0xfc,
    0x73, 0x28, 0x0, 0xa3, 0xf, 0x50, 0x53, 0x2,
    0xfc, 0x0, 0x0, 0x0,

    /* U+7247 "片" */
    0x0, 0x0, 0x0, 0x30, 0xc, 0x0, 0xc0, 0x30,
    0x3, 0x0, 0xc0, 0xf, 0xff, 0xfc, 0x34, 0x0,
    0x0, 0xc0, 0x0, 0x3, 0xff, 0xf0, 0x1c, 0x1,
    0xc0, 0xa0, 0x7, 0x3, 0x40, 0x1c, 0x4, 0x0,
    0x70,

    /* U+7248 "版" */
    0x0, 0x0, 0x0, 0x3, 0x1, 0xb4, 0x37, 0x3f,
    0xe4, 0x37, 0x30, 0x0, 0x3b, 0x74, 0x0, 0x3f,
    0xff, 0xf4, 0x34, 0x3a, 0x34, 0x3f, 0x37, 0x70,
    0x33, 0x73, 0xe0, 0x73, 0xb2, 0xd0, 0xa3, 0xeb,
    0xb4, 0x53, 0x9c, 0x28, 0x0, 0x0, 0x0,

    /* U+7259 "牙" */
    0x3f, 0xff, 0xf4, 0x4, 0x3, 0x80, 0x1c, 0x3,
    0x40, 0x1c, 0x3, 0x80, 0x2f, 0xff, 0xfc, 0x0,
    0x2b, 0x40, 0x0, 0xb3, 0x40, 0x7, 0x83, 0x40,
    0x7d, 0x3, 0x40, 0x10, 0x3f, 0x0,

    /* U+7279 "特" */
    0x0, 0x0, 0x0, 0x7, 0x1, 0xc0, 0x37, 0x1f,
    0xfc, 0x3f, 0x81, 0xc0, 0x7f, 0xc1, 0xc0, 0xa7,
    0x3f, 0xfd, 0x7, 0x0, 0x74, 0xb, 0xff, 0xfd,
    0x7f, 0x8, 0x30, 0x7, 0xd, 0x30, 0x7, 0x0,
    0x70, 0x7, 0x2, 0xf0,

    /* U+72B6 "状" */
    0x0, 0x0, 0x0, 0x3, 0x3, 0x60, 0x23, 0x3,
    0x38, 0x33, 0x3, 0x4, 0x2b, 0x7f, 0xfc, 0x13,
    0x7, 0x40, 0x3, 0x7, 0x80, 0xf, 0xa, 0xc0,
    0x7b, 0xc, 0xd0, 0x63, 0x2c, 0x70, 0x3, 0x70,
    0x2c, 0x3, 0x60, 0x8, 0x0, 0x0, 0x0,

    /* U+7387 "率" */
    0x0, 0x0, 0x0, 0x0, 0x30, 0x0, 0xbf, 0xff,
    0xfc, 0x20, 0xb6, 0x24, 0x2d, 0xed, 0x74, 0x4,
    0xb9, 0x10, 0x1d, 0xfb, 0xb0, 0x35, 0xfb, 0x68,
    0x0, 0x34, 0x0, 0xbf, 0xff, 0xfc, 0x0, 0x34,
    0x0, 0x0, 0x34, 0x0,

    /* U+73AF "环" */
    0x0, 0x0, 0x0, 0xf, 0xfb, 0xff, 0x80, 0xa0,
    0xd, 0x0, 0x28, 0x7, 0x0, 0xa, 0x3, 0xe0,
    0xf, 0xf2, 0xff, 0x0, 0xa1, 0xdc, 0xd0, 0x29,
    0x93, 0x18, 0x1f, 0xc0, 0xc0, 0x9, 0x0, 0x30,
    0x0, 0x0, 0xc, 0x0,

    /* U+73B0 "现" */
    0x0, 0x0, 0x0, 0xf, 0xf7, 0xff, 0x40, 0xa1,
    0xcc, 0xd0, 0x28, 0x73, 0x34, 0xa, 0x1c, 0xcd,
    0xf, 0xf7, 0x33, 0x40, 0xa1, 0xdc, 0xd0, 0x28,
    0x6b, 0xa0, 0x1f, 0xc3, 0xe0, 0x9, 0x7, 0xec,
    0xc0, 0xb, 0x87, 0xf0, 0x0, 0x0, 0x0,

    /* U+7528 "用" */
    0xf, 0xff, 0xfc, 0xc, 0x1c, 0xc, 0xc, 0x1c,
    0xc, 0xf, 0xff, 0xfc, 0xc, 0xc, 0xc, 0xf,
    0xff, 0xfc, 0xc, 0x1c, 0xc, 0x18, 0xc, 0xc,
    0x34, 0xc, 0x1c, 0x30, 0xc, 0xf8, 0x0, 0x0,
    0x0,

    /* U+7531 "由" */
    0x0, 0xc0, 0x0, 0xc, 0x0, 0xff, 0xff, 0xcd,
    0xd, 0xc, 0xc0, 0xc0, 0xcd, 0xd, 0xc, 0xff,
    0xff, 0xcc, 0xc, 0xc, 0xc0, 0xc0, 0xcf, 0xff,
    0xfc, 0xd0, 0x0, 0xc0,

    /* U+7535 "电" */
    0x0, 0xc0, 0x0, 0x7, 0x0, 0xf, 0xff, 0xfc,
    0x30, 0x30, 0x30, 0xff, 0xff, 0xc3, 0x47, 0x7,
    0xd, 0x1c, 0x1c, 0x3f, 0xff, 0xf0, 0xc0, 0xc0,
    0x10, 0x3, 0x40, 0xd0, 0xb, 0xff, 0x0,

    /* U+7559 "留" */
    0x0, 0x40, 0x0, 0xbf, 0x3f, 0xe3, 0x58, 0xb2,
    0x8c, 0x76, 0x8a, 0x3f, 0xed, 0x74, 0xa2, 0x92,
    0x81, 0xff, 0xff, 0x6, 0xc, 0xc, 0x1f, 0xff,
    0xf0, 0x60, 0xd0, 0xc1, 0xff, 0xff, 0x0,

    /* U+767D "白" */
    0x0, 0xc0, 0x0, 0x1c, 0x0, 0x3f, 0xff, 0xc3,
    0x0, 0xc, 0x30, 0x0, 0xc3, 0x0, 0xc, 0x3f,
    0xff, 0xc3, 0x0, 0xc, 0x30, 0x0, 0xc3, 0xff,
    0xfc, 0x30, 0x0, 0xc0, 0x0, 0x0,

    /* U+76D8 "盘" */
    0x0, 0x60, 0x0, 0x3f, 0xff, 0x0, 0xda, 0xc,
    0x3, 0x4d, 0x70, 0xbf, 0xff, 0xf8, 0x72, 0x83,
    0x2, 0x1, 0x38, 0xf, 0xff, 0xf8, 0x36, 0xcd,
    0xa0, 0xdb, 0x36, 0x8f, 0xff, 0xff, 0xc0,

    /* U+76EE "目" */
    0x3f, 0xff, 0xc3, 0x0, 0xc, 0x30, 0x0, 0xc3,
    0xff, 0xfc, 0x30, 0x0, 0xc3, 0x0, 0xc, 0x3f,
    0xff, 0xc3, 0x0, 0xc, 0x3f, 0xff, 0xc3, 0x0,
    0xc,

    /* U+76F4 "直" */
    0x0, 0x30, 0x3, 0xff, 0xff, 0xe0, 0xb, 0x0,
    0x7, 0xff, 0xf0, 0x1c, 0x1, 0xc0, 0x7f, 0xff,
    0x1, 0xd5, 0x6c, 0x7, 0x55, 0xb0, 0x1f, 0xff,
    0xc0, 0x70, 0x7, 0xf, 0xff, 0xff, 0x80,

    /* U+770B "看" */
    0x0, 0x1, 0x64, 0xf, 0xff, 0xa4, 0xa, 0xbe,
    0xa8, 0x1a, 0xba, 0xa4, 0x3f, 0xff, 0xfe, 0x3,
    0xea, 0xa4, 0xf, 0xaa, 0xb8, 0x3b, 0xff, 0xf8,
    0x3, 0xaa, 0xb8, 0x3, 0x95, 0x78, 0x3, 0xff,
    0xf8,

    /* U+7720 "眠" */
    0x3f, 0x7f, 0xfc, 0x37, 0x70, 0x1c, 0x3f, 0x7f,
    0xfc, 0x37, 0x70, 0xc0, 0x33, 0x75, 0xe4, 0x3f,
    0x7f, 0xfc, 0x33, 0x70, 0xd0, 0x33, 0x70, 0xa0,
    0x3f, 0x71, 0x79, 0x33, 0x7e, 0x2c, 0x0, 0x0,
    0x0,

    /* U+77E5 "知" */
    0x8, 0x0, 0x0, 0x1d, 0x2, 0xa8, 0x2f, 0xf7,
    0xac, 0x72, 0x87, 0xc, 0x13, 0x87, 0xc, 0x7f,
    0xfb, 0xc, 0x3, 0x7, 0xc, 0x7, 0xc7, 0xc,
    0xd, 0xb7, 0xc, 0x3c, 0x37, 0xfc, 0x20, 0x2,
    0x8,

    /* U+77ED "短" */
    0x0, 0x0, 0x0, 0x28, 0x3f, 0xfd, 0x3f, 0xc5,
    0x54, 0x77, 0x2f, 0xfc, 0x7, 0x2c, 0xc, 0x7f,
    0xec, 0x1c, 0x1e, 0x6f, 0xfc, 0xf, 0x8, 0x14,
    0x1e, 0xcd, 0x38, 0x34, 0x89, 0x74, 0x20, 0x7f,
    0xfe,

    /* U+7801 "码" */
    0x0, 0x0, 0x0, 0x3f, 0xef, 0xfd, 0xd, 0x9,
    0xc, 0xc, 0xd, 0xc, 0x2f, 0xcc, 0x1c, 0x3c,
    0xcf, 0xff, 0x3c, 0xc0, 0x7, 0x1c, 0xda, 0xa7,
    0x1c, 0xdf, 0xf7, 0x1f, 0xc0, 0xa, 0xc, 0x80,
    0xfc,

    /* U+786C "硬" */
    0x3f, 0xef, 0xfe, 0xd, 0x1f, 0xfd, 0xc, 0x1c,
    0xcd, 0x2f, 0xdf, 0xfd, 0x3c, 0xdc, 0xcd, 0x2c,
    0xdf, 0xfd, 0xc, 0xc9, 0xc0, 0xc, 0xcf, 0x80,
    0xf, 0xcb, 0xd0, 0xc, 0x38, 0x2f, 0x0, 0x0,
    0x0,

    /* U+78C1 "磁" */
    0x0, 0x4, 0x10, 0xbf, 0x1c, 0x70, 0x28, 0xbf,
    0xfc, 0x34, 0x28, 0x30, 0x3f, 0x35, 0x64, 0xb7,
    0x7a, 0xdc, 0xb3, 0xbd, 0xf8, 0x33, 0x28, 0x70,
    0x33, 0x38, 0x78, 0x3f, 0xbe, 0xec, 0x21, 0x56,
    0x58,

    /* U+793A "示" */
    0xf, 0xff, 0xf0, 0x0, 0x0, 0x0, 0x0, 0x0,
    0x0, 0x3f, 0xff, 0xfc, 0x0, 0x28, 0x0, 0x9,
    0x28, 0xa0, 0xd, 0x28, 0x30, 0x2c, 0x28, 0x28,
    0x34, 0x28, 0xc, 0x11, 0xf4, 0x0,

    /* U+79BB "离" */
    0x0, 0x28, 0x0, 0x3f, 0xff, 0xfc, 0x9, 0x97,
    0x60, 0xd, 0x7e, 0x70, 0xe, 0xe7, 0x70, 0xf,
    0xff, 0xf0, 0x5, 0x75, 0x50, 0x2f, 0xff, 0xf8,
    0x28, 0xd3, 0x68, 0x2a, 0xea, 0xa8, 0x28, 0x0,
    0xb4,

    /* U+79D2 "秒" */
    0x16, 0x43, 0x0, 0x7e, 0x3, 0x50, 0xc, 0x37,
    0x70, 0xbf, 0xb3, 0x28, 0x1d, 0xb3, 0xc, 0x2e,
    0xa3, 0x14, 0x7e, 0x83, 0x34, 0xdc, 0x40, 0xf0,
    0x4c, 0x3, 0xc0, 0xc, 0x6e, 0x0, 0xc, 0xe4,
    0x0, 0x0, 0x0, 0x0,

    /* U+79FB "移" */
    0x0, 0x0, 0x0, 0x6b, 0x4b, 0x50, 0x6d, 0x2f,
    0xf4, 0xc, 0x78, 0x70, 0xbf, 0x8b, 0xd0, 0x1d,
    0x2f, 0x80, 0x2f, 0x36, 0xd0, 0x3f, 0x9f, 0xfc,
    0xdc, 0xb9, 0x2c, 0x4c, 0x7, 0xb0, 0xc, 0x1b,
    0x80, 0xc, 0xb8, 0x0, 0x0, 0x0, 0x0,

    /* U+7A0B "程" */
    0x0, 0x0, 0x1, 0xbe, 0xff, 0xd1, 0xd3, 0x43,
    0x6f, 0xdf, 0xfd, 0x1d, 0x15, 0x50, 0xfd, 0xff,
    0xe7, 0xe4, 0x34, 0x37, 0xf, 0xfd, 0x4c, 0x3,
    0x40, 0x30, 0xd, 0x0, 0xcf, 0xff, 0xc0,

    /* U+7A0D "稍" */
    0x0, 0x0, 0x0, 0x1b, 0x53, 0x8, 0x6d, 0x33,
    0x1c, 0xc, 0x17, 0x24, 0xbf, 0x7f, 0xfc, 0x1d,
    0x34, 0x1c, 0x2e, 0x30, 0xc, 0x3f, 0x7f, 0xfc,
    0xad, 0x70, 0xc, 0x8c, 0x3f, 0xfc, 0xc, 0x30,
    0x1c, 0xc, 0x30, 0xf8, 0x0, 0x0, 0x0,

    /* U+7A7A "空" */
    0x0, 0x0, 0x0, 0x0, 0x30, 0x0, 0x3f, 0xff,
    0xfc, 0x30, 0x0, 0xc, 0x22, 0xcb, 0x88, 0x1f,
    0x1, 0xf4, 0x14, 0x0, 0x20, 0xf, 0xff, 0xf0,
    0x0, 0x34, 0x0, 0x0, 0x30, 0x0, 0x0, 0x34,
    0x0, 0x3f, 0xff, 0xfc,

    /* U+7AD9 "站" */
    0x6, 0x0, 0xc0, 0x7, 0x0, 0xc0, 0x3f, 0xf0,
    0xff, 0x10, 0x40, 0xc0, 0x28, 0xd0, 0xc0, 0x18,
    0xcf, 0xfd, 0x1c, 0xcd, 0xd, 0xd, 0xcd, 0xd,
    0x6, 0xed, 0xd, 0x3e, 0x8f, 0xfd, 0x0, 0xd,
    0xd, 0x0, 0x0, 0x0,

    /* U+7B2C "第" */
    0x24, 0x9, 0x1, 0xff, 0xbf, 0xf9, 0x31, 0x49,
    0xf, 0xff, 0xfc, 0x0, 0x70, 0x70, 0xff, 0xff,
    0xc3, 0x43, 0x0, 0xf, 0xff, 0xfd, 0x3, 0xf0,
    0x34, 0x78, 0xc0, 0xda, 0x3, 0x3f, 0x0, 0x0,
    0x0,

    /* U+7B49 "等" */
    0x18, 0x9, 0x0, 0xff, 0xbf, 0xeb, 0x71, 0xcc,
    0x4, 0x4d, 0x10, 0x1f, 0xff, 0xe1, 0x55, 0xe5,
    0x55, 0x55, 0x6d, 0x4f, 0xff, 0xfd, 0x5, 0x1,
    0xc0, 0x1c, 0xb, 0x0, 0x11, 0xf8, 0x0,

    /* U+7B97 "算" */
    0x8, 0x6, 0x0, 0x2f, 0xef, 0xfc, 0x72, 0x4c,
    0x90, 0x1f, 0xff, 0xf0, 0xe, 0xaa, 0xb0, 0xf,
    0xff, 0xf0, 0xe, 0xaa, 0xb0, 0x7, 0x97, 0xd0,
    0xbf, 0xff, 0xfc, 0xb, 0x2, 0x80, 0x28, 0x2,
    0x80, 0x0, 0x0, 0x0,

    /* U+7BB1 "箱" */
    0x9, 0x3, 0x40, 0x1f, 0xf7, 0xfe, 0x35, 0xca,
    0x70, 0x3, 0x0, 0x0, 0x7, 0x4f, 0xfc, 0x3f,
    0xec, 0xc, 0xb, 0x4f, 0xfc, 0x1f, 0xdc, 0xc,
    0x37, 0x5f, 0xfc, 0x23, 0xc, 0xc, 0x3, 0xf,
    0xfc,

    /* U+7C73 "米" */
    0x0, 0x28, 0x0, 0xc, 0x28, 0x30, 0xa, 0x28,
    0xb0, 0x3, 0x28, 0xd0, 0x1, 0x28, 0x40, 0x3f,
    0xff, 0xfc, 0x0, 0xff, 0x0, 0x3, 0x69, 0xc0,
    0x1e, 0x28, 0x74, 0x74, 0x28, 0x1d, 0x0, 0x28,
    0x0,

    /* U+7C97 "粗" */
    0xc, 0x0, 0x0, 0x35, 0xbf, 0xc9, 0xda, 0x83,
    0x7, 0x4a, 0xac, 0xff, 0xa9, 0x70, 0x74, 0x90,
    0xc2, 0xf2, 0x83, 0x1f, 0xbb, 0xfc, 0xdc, 0x64,
    0x31, 0x30, 0xa0, 0xd0, 0xcb, 0xff, 0xc0,

    /* U+7CFB "系" */
    0x0, 0x5, 0x64, 0xf, 0xff, 0xa4, 0x0, 0xb0,
    0x80, 0x2, 0xc3, 0x80, 0x7, 0xfd, 0x0, 0x0,
    0xa0, 0xa0, 0xf, 0xff, 0xf8, 0x1, 0xc, 0x48,
    0x7, 0x4c, 0xf0, 0x2d, 0x1c, 0x2c, 0x10, 0xbc,
    0x8,

    /* U+7D22 "索" */
    0x0, 0x34, 0x0, 0x2f, 0xff, 0xf8, 0x0, 0x34,
    0x0, 0x3f, 0xff, 0xfc, 0x30, 0xd1, 0xc, 0x17,
    0xaf, 0x4, 0x1, 0xf4, 0xc0, 0xf, 0xff, 0xf0,
    0x6, 0x35, 0x50, 0x2e, 0x31, 0xf4, 0x24, 0xf0,
    0x18,

    /* U+7D2F "累" */
    0xf, 0xff, 0xfc, 0xd, 0x6d, 0x6c, 0xd, 0x6d,
    0x5c, 0xf, 0xff, 0xfc, 0x1, 0xe0, 0x90, 0xf,
    0xff, 0x90, 0x1, 0xb8, 0x3c, 0x2f, 0xff, 0xee,
    0x1b, 0x9c, 0xf9, 0x28, 0x7c, 0x9,

    /* U+7EA2 "红" */
    0x5, 0x0, 0x0, 0xd, 0x2f, 0xfd, 0x1c, 0x41,
    0xc0, 0x35, 0xc1, 0xc0, 0x7f, 0x41, 0xc0, 0x1b,
    0x1, 0xc0, 0xc, 0x41, 0xc0, 0x3f, 0xc1, 0xc0,
    0x28, 0x1, 0xc0, 0x6, 0x81, 0xc0, 0x7e, 0x3f,
    0xfe, 0x0, 0x0, 0x0,

    /* U+7EA6 "约" */
    0x9, 0x6, 0x0, 0xd, 0xa, 0x0, 0x2c, 0x4f,
    0xfc, 0x36, 0xec, 0xc, 0x7f, 0x70, 0xc, 0xe,
    0xa, 0xc, 0x2d, 0x87, 0x4c, 0x3e, 0x42, 0x8c,
    0x0, 0x40, 0xc, 0x2f, 0xc0, 0x1c, 0x24, 0x1,
    0xf4, 0x0, 0x0, 0x0,

    /* U+7EBF "线" */
    0x0, 0x0, 0x0, 0xa, 0x3, 0x70, 0xd, 0x3,
    0x24, 0x1c, 0x47, 0xbc, 0x3a, 0xaf, 0x50, 0x3f,
    0x3, 0x58, 0xa, 0x3f, 0xf8, 0x1d, 0x97, 0x58,
    0x3f, 0x42, 0xb4, 0x0, 0x42, 0xe5, 0x2f, 0xdb,
    0xed, 0x24, 0x28, 0x3c,

    /* U+7EC4 "组" */
    0x4, 0x0, 0x0, 0x1c, 0x3f, 0xf0, 0x38, 0x34,
    0x70, 0x73, 0x74, 0x70, 0xff, 0x3f, 0xf0, 0x1c,
    0x30, 0x30, 0x39, 0x74, 0x70, 0xbe, 0x3f, 0xf0,
    0x11, 0x30, 0x30, 0x6f, 0x74, 0x70, 0xa4, 0xff,
    0xfc,

    /* U+7EC8 "终" */
    0x0, 0x0, 0x0, 0xc, 0xe, 0x0, 0x1c, 0x1f,
    0xf8, 0x36, 0x7c, 0x74, 0x77, 0x7b, 0xe0, 0x7e,
    0x3, 0xd0, 0xc, 0x2e, 0x7d, 0x3e, 0xa5, 0x8,
    0x79, 0x6, 0xf0, 0x1, 0x64, 0x10, 0x7f, 0x5b,
    0xd0, 0x10, 0x0, 0x74, 0x0, 0x0, 0x0,

    /* U+7ECF "经" */
    0x4, 0x0, 0x0, 0x1c, 0x7f, 0xf0, 0x38, 0x0,
    0xe0, 0x73, 0x43, 0xc0, 0xbe, 0x6e, 0x78, 0x1c,
    0x50, 0x8, 0x3b, 0x7f, 0xf4, 0xbd, 0x3, 0x40,
    0x1, 0x3, 0x40, 0x2f, 0x43, 0x40, 0xe4, 0xbf,
    0xfc, 0x0, 0x0, 0x0,

    /* U+7ED1 "绑" */
    0x0, 0x0, 0x0, 0x1c, 0x34, 0x0, 0x28, 0x35,
    0xfc, 0x34, 0xfe, 0xdc, 0x33, 0x34, 0xe8, 0xbe,
    0xbd, 0xf0, 0xc, 0x34, 0xe4, 0x2e, 0xff, 0xcc,
    0x7c, 0x71, 0xcc, 0x10, 0x70, 0xcc, 0x1b, 0xd0,
    0xf8, 0x65, 0x80, 0xc0,

    /* U+7ED3 "结" */
    0x0, 0x0, 0x0, 0xa, 0x1, 0xc0, 0xd, 0x1,
    0xc0, 0x1c, 0x3f, 0xfe, 0x34, 0xc1, 0xc0, 0x3f,
    0x5f, 0xfd, 0xa, 0x5, 0x54, 0x1d, 0x9f, 0xfc,
    0x3f, 0x5c, 0xc, 0x10, 0x1c, 0xc, 0x16, 0xec,
    0xc, 0x3a, 0x1f, 0xfc,

    /* U+7EDF "统" */
    0x0, 0x0, 0x0, 0xd, 0x3, 0x0, 0x1c, 0xff,
    0xfc, 0x35, 0x5d, 0x60, 0x77, 0x28, 0x70, 0xbe,
    0x7f, 0xf8, 0xc, 0x14, 0x44, 0x3a, 0x5c, 0xc0,
    0xbe, 0x28, 0xc0, 0x1, 0x74, 0xc9, 0x3f, 0xb0,
    0xdd, 0x60, 0xd0, 0xbc, 0x0, 0x0, 0x0,

    /* U+7EE7 "继" */
    0x0, 0x0, 0x0, 0xd, 0x30, 0xc0, 0xc, 0x38,
    0xcc, 0x28, 0x76, 0xe8, 0x37, 0xb1, 0xd4, 0x7f,
    0x3f, 0xfc, 0xd, 0x32, 0xe0, 0x2d, 0x72, 0xf8,
    0x3e, 0x7c, 0xc8, 0x0, 0x70, 0xc0, 0x1f, 0xb0,
    0x0, 0x79, 0x3f, 0xfd, 0x0, 0x0, 0x0,

    /* U+7EEA "绪" */
    0x0, 0x0, 0x0, 0x9, 0x2, 0x41, 0xd, 0x2f,
    0xfe, 0xd, 0x83, 0x9c, 0x2a, 0x83, 0xb8, 0x3f,
    0x7f, 0xff, 0x1b, 0x3, 0xc0, 0xd, 0x2f, 0xfc,
    0x2f, 0xac, 0xc, 0x29, 0xf, 0xfc, 0x6, 0xcd,
    0xc, 0x39, 0xf, 0xfc,

    /* U+7EED "续" */
    0x0, 0x0, 0x0, 0x1, 0x80, 0x30, 0x0, 0xd1,
    0xff, 0xe0, 0x30, 0x17, 0x50, 0x29, 0xff, 0xfe,
    0xf, 0xd3, 0x77, 0x40, 0xa2, 0x5d, 0x80, 0x79,
    0x73, 0x40, 0x3e, 0x7f, 0xff, 0x0, 0x10, 0xb4,
    0x2, 0xf8, 0x7b, 0xc0, 0x50, 0xf4, 0x2c, 0x0,
    0x0, 0x0, 0x0,

    /* U+7EF4 "维" */
    0x6, 0x9, 0x60, 0xa, 0xd, 0x70, 0xc, 0x5f,
    0xfe, 0x19, 0xbc, 0x70, 0x3f, 0x7c, 0x70, 0x1a,
    0x2f, 0xfe, 0xd, 0x4c, 0x70, 0x3f, 0x4f, 0xfe,
    0x10, 0xc, 0x30, 0x6, 0xdc, 0x70, 0x3e, 0x4f,
    0xff,

    /* U+7EFF "绿" */
    0x0, 0x0, 0x0, 0x1c, 0x7f, 0xf0, 0x34, 0x15,
    0x70, 0x77, 0x15, 0xb0, 0xbe, 0xff, 0xfc, 0x2c,
    0x43, 0x54, 0x7a, 0xb7, 0xb8, 0xb9, 0x1f, 0xe0,
    0x5, 0xb7, 0x38, 0xbd, 0xd3, 0xc, 0x40, 0x1f,
    0x0,

    /* U+7F16 "编" */
    0x0, 0x0, 0x0, 0xd, 0x3, 0x0, 0xc, 0x3f,
    0xfc, 0x29, 0x70, 0xc, 0x3b, 0xba, 0xbc, 0x2f,
    0x35, 0x54, 0xd, 0x3f, 0xfc, 0x2e, 0xbb, 0x5c,
    0x3f, 0xbb, 0x5c, 0x10, 0xef, 0xfc, 0x2f, 0xdb,
    0x5c, 0x10, 0x8b, 0x7c,

    /* U+7F51 "网" */
    0xff, 0xff, 0xfd, 0x14, 0x17, 0xd2, 0x83, 0x7f,
    0xbb, 0x73, 0xcf, 0x1f, 0x3c, 0x74, 0xe3, 0xce,
    0xdf, 0xbe, 0xc7, 0x5b, 0xd0, 0x20, 0x7c, 0x0,
    0x2e,

    /* U+7F57 "罗" */
    0x3f, 0xff, 0xf0, 0xc3, 0xc, 0xc3, 0xfe, 0xfb,
    0x0, 0x70, 0x0, 0x3, 0xff, 0xd0, 0x78, 0x3,
    0x3, 0x4d, 0x28, 0x0, 0x1f, 0xc0, 0x6, 0xf4,
    0x0, 0xf9, 0x0, 0x0, 0x0, 0x0, 0x0,

    /* U+7F6E "置" */
    0x2f, 0xff, 0xf4, 0x2a, 0xea, 0xb0, 0x7f, 0xff,
    0xfc, 0x5, 0x79, 0x40, 0xe, 0xaa, 0xe0, 0xf,
    0xff, 0xe0, 0xe, 0x55, 0xe0, 0xe, 0x55, 0xe0,
    0xf, 0xff, 0xe0, 0xbf, 0xff, 0xfc,

    /* U+8001 "老" */
    0x0, 0x34, 0x0, 0x0, 0x34, 0x8, 0xf, 0xff,
    0xec, 0x0, 0x34, 0xb0, 0x3f, 0xff, 0xff, 0x0,
    0x2e, 0x0, 0x2, 0xe0, 0x14, 0x3f, 0xef, 0xf8,
    0x11, 0xe5, 0x4, 0x1, 0xc0, 0xd, 0x0, 0xff,
    0xfc,

    /* U+8017 "耗" */
    0x0, 0x0, 0x0, 0x9, 0x1, 0xb0, 0x3f, 0xff,
    0x90, 0xa, 0x3, 0x0, 0x3f, 0xc7, 0xf4, 0xa,
    0x2f, 0x80, 0x7f, 0xc3, 0x4, 0xe, 0x1b, 0xfc,
    0x1f, 0x7b, 0x40, 0x7e, 0xc3, 0x4, 0x59, 0x3,
    0x4c, 0x9, 0x3, 0xfc,

    /* U+80CC "背" */
    0x0, 0x0, 0x0, 0x7, 0x30, 0x43, 0xfc, 0xfe,
    0x0, 0x73, 0x45, 0x2f, 0xcf, 0xb8, 0x91, 0x15,
    0x40, 0xff, 0xfc, 0x3, 0x95, 0x70, 0xd, 0x55,
    0xc0, 0x3f, 0xff, 0x0, 0xc0, 0xc, 0x3, 0x1,
    0xf0,

    /* U+80FD "能" */
    0x0, 0x0, 0x0, 0xe, 0x3, 0x0, 0x2c, 0xa3,
    0xfc, 0x7a, 0xfb, 0x40, 0x25, 0x1b, 0x9, 0x3f,
    0xf3, 0xfd, 0x30, 0x31, 0x0, 0x3f, 0xf3, 0x4,
    0x34, 0x73, 0xfc, 0x3f, 0xf3, 0x0, 0x30, 0x73,
    0x5d, 0x31, 0xe2, 0xf8,

    /* U+81EA "自" */
    0x0, 0x40, 0x0, 0x2c, 0x0, 0x3f, 0xff, 0xc3,
    0x0, 0xc, 0x3f, 0xff, 0xc3, 0x0, 0xc, 0x30,
    0x0, 0xc3, 0xff, 0xfc, 0x30, 0x0, 0xc3, 0x0,
    0xc, 0x3f, 0xff, 0xc0,

    /* U+822A "航" */
    0x2, 0x2, 0x40, 0x1b, 0x43, 0xc0, 0x3a, 0xef,
    0xfd, 0x39, 0xc0, 0x0, 0x35, 0xcf, 0xf0, 0xbf,
    0xcc, 0x30, 0x34, 0xcc, 0x30, 0x39, 0xcc, 0x30,
    0x76, 0xdc, 0x35, 0xa0, 0xe8, 0x3a, 0x93, 0xf4,
    0x3d, 0x0, 0x0, 0x0,

    /* U+82F1 "英" */
    0x1, 0xc2, 0x80, 0x3f, 0xff, 0xfe, 0x1, 0xc6,
    0x80, 0x0, 0x28, 0x0, 0xb, 0xff, 0xf0, 0x9,
    0x28, 0x70, 0xe, 0x28, 0x70, 0x3f, 0xff, 0xfe,
    0x0, 0xbb, 0x0, 0x3, 0xc2, 0xe0, 0x2e, 0x0,
    0x7e, 0x0, 0x0, 0x0,

    /* U+82F9 "苹" */
    0x7, 0x7, 0x3, 0xff, 0xff, 0xe0, 0x70, 0x70,
    0xf, 0xff, 0xfc, 0x14, 0x70, 0x90, 0xb1, 0xc7,
    0x0, 0x87, 0x14, 0x3f, 0xff, 0xfe, 0x0, 0x70,
    0x0, 0x1, 0xc0, 0x0, 0x7, 0x0, 0x0,

    /* U+8350 "荐" */
    0x17, 0x96, 0xd4, 0x3f, 0xff, 0xfc, 0x1, 0x91,
    0x40, 0x3f, 0xff, 0xfc, 0x17, 0xd5, 0x54, 0x7,
    0x3f, 0xf4, 0x1f, 0x0, 0xf0, 0x7f, 0x2, 0xc0,
    0x17, 0xbf, 0xfd, 0x7, 0x2, 0xc0, 0x7, 0xf,
    0x80,

    /* U+83DC "菜" */
    0x2, 0x82, 0x80, 0x3f, 0xff, 0xfc, 0x0, 0x45,
    0xa0, 0x1f, 0xff, 0xe0, 0x9, 0x24, 0x70, 0xa,
    0x14, 0xd0, 0x5, 0x28, 0x0, 0x3f, 0xff, 0xfc,
    0x2, 0xeb, 0x40, 0x2e, 0x28, 0xb8, 0x24, 0x28,
    0x18,

    /* U+84DD "蓝" */
    0x16, 0xd6, 0xd4, 0x3f, 0xff, 0xfd, 0x1, 0x81,
    0x40, 0x18, 0xc7, 0x54, 0x18, 0xcf, 0xa8, 0x18,
    0xd8, 0xd0, 0x0, 0x80, 0x20, 0xf, 0xff, 0xf4,
    0xd, 0xa7, 0x34, 0xd, 0xa7, 0x34, 0x3f, 0xff,
    0xfe,

    /* U+8702 "蜂" */
    0x0, 0x0, 0x0, 0xa, 0x3, 0x0, 0xa, 0xf,
    0xf8, 0x3f, 0xef, 0x34, 0x3a, 0xc7, 0xf4, 0x3a,
    0xed, 0x9d, 0x3a, 0xdf, 0xfc, 0x3f, 0xc5, 0xd4,
    0xa, 0xf, 0xfc, 0xa, 0xc5, 0xd0, 0x1f, 0xff,
    0xfd, 0x25, 0x90, 0xc0,

    /* U+87BA "螺" */
    0xa, 0x0, 0x0, 0xa, 0x1f, 0xfc, 0x3f, 0xdf,
    0xfc, 0x3a, 0xdc, 0xcc, 0x36, 0xdf, 0xfc, 0x3a,
    0xcb, 0xa4, 0x3f, 0xcb, 0xd4, 0xa, 0x4f, 0xbc,
    0xa, 0xde, 0xd9, 0x2f, 0xec, 0xcd, 0x10, 0x33,
    0xc5,

    /* U+884C "行" */
    0x4, 0x0, 0x0, 0x39, 0xff, 0xd3, 0x80, 0x0,
    0x28, 0x80, 0x0, 0xa, 0xbf, 0xfc, 0xb0, 0x3,
    0xb, 0xc0, 0xc, 0x3, 0x0, 0x30, 0xc, 0x0,
    0xc0, 0x30, 0x7, 0x0, 0xc0, 0xfc, 0x0, 0x0,
    0x0,

    /* U+8854 "衔" */
    0x4, 0x10, 0x0, 0xd, 0xa0, 0xf8, 0x38, 0xfd,
    0x54, 0x66, 0x80, 0x0, 0xd, 0xfd, 0xfc, 0x2c,
    0x30, 0x34, 0x7e, 0xfd, 0x30, 0xc, 0x30, 0x30,
    0xc, 0x30, 0x30, 0xc, 0x7e, 0x30, 0xc, 0x20,
    0xf0, 0x0, 0x0, 0x0,

    /* U+8868 "表" */
    0x0, 0x1c, 0x0, 0x2f, 0xff, 0xfc, 0x0, 0x2c,
    0x0, 0xf, 0xff, 0xf4, 0x0, 0x2c, 0x0, 0x3f,
    0xff, 0xfe, 0x0, 0xda, 0x14, 0x7, 0x83, 0xb4,
    0x3f, 0x41, 0xd0, 0x3, 0xac, 0xb4, 0x3, 0xe0,
    0x1d, 0x0, 0x0, 0x0,

    /* U+88AB "被" */
    0x0, 0x0, 0x0, 0x18, 0x0, 0xc0, 0xc, 0x2a,
    0xe8, 0x7f, 0x7a, 0xec, 0x7, 0x30, 0xcc, 0xe,
    0x31, 0xc0, 0x1e, 0xbf, 0xfc, 0x7f, 0x77, 0x18,
    0x6e, 0xb3, 0xb4, 0xc, 0xa0, 0xf0, 0xc, 0xd7,
    0xf8, 0xc, 0x8d, 0x9,

    /* U+897F "西" */
    0xff, 0xff, 0xfc, 0xa, 0x34, 0x7, 0xff, 0xff,
    0x1c, 0xa3, 0x4c, 0x72, 0x8d, 0x31, 0xcd, 0x34,
    0xc7, 0xf0, 0xbf, 0x1e, 0x0, 0xc, 0x70, 0x0,
    0x31, 0xff, 0xff, 0xc0,

    /* U+89C4 "规" */
    0xa, 0x0, 0x0, 0xa, 0x1f, 0xfc, 0x3f, 0xec,
    0xdc, 0xa, 0x1c, 0xcc, 0xa, 0x1c, 0xcc, 0x7f,
    0xec, 0xcc, 0xa, 0x1d, 0xcc, 0xf, 0x5a, 0xec,
    0xd, 0xd7, 0xe0, 0x38, 0x1e, 0xa7, 0x30, 0xb4,
    0x7e, 0x0, 0x0, 0x0,

    /* U+89C6 "视" */
    0x4, 0x0, 0x0, 0xd, 0x3f, 0xf0, 0x7f, 0xb7,
    0x70, 0x3, 0x33, 0x30, 0xa, 0x33, 0x30, 0x1e,
    0x33, 0x30, 0x7f, 0xb7, 0x30, 0x5d, 0x7b, 0xb0,
    0xc, 0xf, 0xc0, 0xc, 0x3d, 0xdc, 0xc, 0xe0,
    0xf8, 0x0, 0x0, 0x0,

    /* U+89C8 "览" */
    0x0, 0x0, 0x0, 0xc, 0x28, 0x3, 0x30, 0xfa,
    0x4c, 0xcb, 0x64, 0x33, 0x24, 0xd0, 0x0, 0x1,
    0x40, 0xff, 0xfc, 0x3, 0xc, 0x30, 0xc, 0x38,
    0xc0, 0x32, 0xf3, 0x0, 0xbd, 0xd6, 0x8f, 0x83,
    0xfd, 0x0, 0x0, 0x0,

    /* U+89E3 "解" */
    0x8, 0x0, 0x0, 0xbf, 0x7f, 0xe7, 0xad, 0x32,
    0x8e, 0xee, 0xbd, 0x33, 0x30, 0x80, 0xff, 0xdb,
    0x43, 0x77, 0xbf, 0xce, 0xed, 0x30, 0x3b, 0xbf,
    0xfd, 0xcc, 0xc3, 0x5, 0x3f, 0xc, 0x0, 0x0,
    0x0,

    /* U+8BA1 "计" */
    0x14, 0x3, 0x40, 0x1d, 0x3, 0x40, 0x5, 0x3,
    0x40, 0x0, 0x3, 0x40, 0xbc, 0xff, 0xfd, 0xc,
    0x3, 0x40, 0xc, 0x3, 0x40, 0xc, 0x3, 0x40,
    0xf, 0x43, 0x40, 0xe, 0x3, 0x40, 0x4, 0x3,
    0x40,

    /* U+8BAE "议" */
    0x0, 0x4, 0x0, 0x1d, 0xb, 0x18, 0x6, 0xa3,
    0x68, 0x0, 0x70, 0x34, 0xbc, 0x34, 0x70, 0xc,
    0x1c, 0xa0, 0xc, 0xe, 0xd0, 0xc, 0x7, 0x80,
    0xf, 0x4b, 0xc0, 0xf, 0x7c, 0xb4, 0x8, 0xe0,
    0x2d, 0x0, 0x0, 0x0,

    /* U+8BB0 "记" */
    0x0, 0x0, 0x0, 0x2d, 0x3f, 0xfc, 0x6, 0x0,
    0x1c, 0x54, 0x0, 0xc, 0x6c, 0x3f, 0xfc, 0xc,
    0x34, 0x0, 0xc, 0x30, 0x0, 0xc, 0x30, 0x1,
    0xe, 0xf0, 0x7, 0xf, 0xb4, 0xa, 0xd, 0x2f,
    0xfd, 0x0, 0x0, 0x0,

    /* U+8BBE "设" */
    0x0, 0x0, 0x0, 0x2c, 0xf, 0xf0, 0xa, 0xc,
    0x30, 0x0, 0x38, 0x38, 0x7c, 0x60, 0x14, 0xc,
    0x3f, 0xfc, 0xc, 0x1c, 0x28, 0xc, 0xa, 0x70,
    0xf, 0xc3, 0xd0, 0xf, 0x5f, 0xb4, 0x4, 0xb4,
    0x1d, 0x0, 0x0, 0x0,

    /* U+8BD5 "试" */
    0x0, 0x0, 0x0, 0x14, 0x1, 0xe4, 0xd, 0x1,
    0xc8, 0x0, 0xff, 0xfc, 0x68, 0x1, 0xc0, 0xbc,
    0x1, 0xc0, 0xc, 0xbe, 0xc0, 0xc, 0x38, 0xc0,
    0xc, 0x24, 0xc0, 0xf, 0x29, 0x99, 0xd, 0xbe,
    0x7c, 0x4, 0x0, 0x38,

    /* U+8BF7 "请" */
    0x0, 0x3, 0x0, 0x1d, 0xff, 0xfc, 0x1, 0x7f,
    0xf8, 0x68, 0x5b, 0x94, 0x6c, 0xaa, 0xa8, 0xc,
    0x7f, 0xf4, 0xc, 0x75, 0x74, 0xd, 0x7a, 0xb4,
    0xf, 0x7f, 0xf4, 0xd, 0x70, 0x34, 0x4, 0x70,
    0xf0,

    /* U+8BFB "读" */
    0x0, 0x3, 0x40, 0x1d, 0xbf, 0xfc, 0x6, 0x17,
    0x94, 0x0, 0xff, 0xfc, 0xbc, 0x2a, 0x9c, 0xc,
    0x5a, 0x94, 0xc, 0x72, 0x80, 0xc, 0xff, 0xfd,
    0xf, 0x7, 0x80, 0xe, 0x1e, 0xf4, 0x8, 0xf4,
    0x1c, 0x0, 0x0, 0x0,

    /* U+8C37 "谷" */
    0x2, 0x2, 0x0, 0xb, 0x3, 0xc0, 0x3c, 0x20,
    0xb0, 0x10, 0xfc, 0x10, 0x7, 0x8b, 0x80, 0x7d,
    0x1, 0xf8, 0x5f, 0xff, 0xe4, 0xd, 0x0, 0xc0,
    0xc, 0x0, 0xc0, 0xd, 0x0, 0xc0, 0xf, 0xff,
    0xc0,

    /* U+8D25 "败" */
    0x0, 0x0, 0x0, 0xf, 0xfc, 0xa0, 0x3, 0x77,
    0x3f, 0xf0, 0xcc, 0xcc, 0x30, 0x33, 0x3b, 0x1c,
    0xc, 0xce, 0xd7, 0x3, 0x33, 0x1e, 0x80, 0xdc,
    0xc3, 0xd0, 0x2b, 0x20, 0xb0, 0x3, 0xb0, 0x7e,
    0x3, 0xcb, 0x78, 0xe0, 0x80, 0x44, 0x4,

    /* U+8D44 "资" */
    0x10, 0x30, 0x0, 0x1c, 0xff, 0xfc, 0x1, 0xcb,
    0x28, 0xd, 0x1f, 0x90, 0x39, 0xf8, 0xf8, 0x1,
    0x90, 0x28, 0xf, 0xff, 0xf0, 0xc, 0x14, 0x30,
    0xc, 0x34, 0x30, 0x8, 0x76, 0x50, 0x2b, 0xd2,
    0xf8, 0x29, 0x0, 0x18,

    /* U+8D77 "起" */
    0x3, 0x0, 0x0, 0x3, 0xb, 0xfc, 0x3f, 0xf1,
    0x5c, 0x3, 0x1, 0x5c, 0x3f, 0xfb, 0xfc, 0x3,
    0x47, 0x0, 0x27, 0x97, 0x4, 0x37, 0xf7, 0xd,
    0x3b, 0x47, 0xfc, 0x7f, 0x80, 0x0, 0x62, 0xff,
    0xfd, 0x0, 0x0, 0x0,

    /* U+8D85 "超" */
    0x3, 0x0, 0x0, 0x7, 0xf, 0xfc, 0x3f, 0xe3,
    0x8c, 0x3, 0x3, 0xc, 0x2b, 0x9e, 0x6c, 0x2b,
    0x94, 0x24, 0x17, 0x4b, 0xfc, 0x27, 0x99, 0xc,
    0x3f, 0x4b, 0xfc, 0x37, 0x95, 0x4, 0x21, 0xbf,
    0xfe, 0x0, 0x0, 0x0,

    /* U+8DB3 "足" */
    0xf, 0xff, 0xf0, 0x34, 0x1, 0xc0, 0xd0, 0x7,
    0x3, 0xff, 0xfc, 0x0, 0x30, 0x0, 0x34, 0xd0,
    0x0, 0xc3, 0xff, 0xb, 0x8c, 0x0, 0x37, 0xb4,
    0x1, 0x82, 0xff, 0xe0, 0x0, 0x0, 0x0,

    /* U+8DEF "路" */
    0x0, 0x0, 0x0, 0x3f, 0xcb, 0xf0, 0x35, 0xdc,
    0x70, 0x35, 0xfe, 0xe0, 0x3f, 0xc3, 0xc0, 0x7,
    0xf, 0xe0, 0x37, 0xb8, 0x2c, 0x37, 0x9f, 0xf0,
    0x37, 0x1c, 0x30, 0x3b, 0xdc, 0x30, 0x7a, 0x5f,
    0xf0,

    /* U+8DF3 "跳" */
    0x0, 0x3, 0x70, 0xf, 0xf0, 0xdc, 0x3, 0xd,
    0x77, 0x60, 0xc3, 0xad, 0xf4, 0x3f, 0xcf, 0x7c,
    0x5, 0xc1, 0xdd, 0x3, 0x7e, 0xf7, 0xe0, 0xdc,
    0x9d, 0xc0, 0x37, 0x4a, 0x73, 0xe, 0xf3, 0x5d,
    0xc3, 0x82, 0x83, 0xe0, 0x0, 0x0, 0x0,

    /* U+8E0F "踏" */
    0x0, 0x0, 0xc0, 0xf, 0xc0, 0x30, 0x3, 0x7b,
    0xed, 0xe0, 0xdc, 0x77, 0xe0, 0x3f, 0x79, 0xdc,
    0x6, 0x65, 0xe1, 0x83, 0xb7, 0xff, 0xc0, 0xe4,
    0xe0, 0x70, 0x39, 0x3f, 0xfc, 0xf, 0xde, 0x7,
    0x7, 0x93, 0xff, 0xc0,

    /* U+8F68 "轨" */
    0x0, 0x0, 0x0, 0x1c, 0xc, 0x0, 0xbe, 0x8c,
    0x0, 0x79, 0xbf, 0xc0, 0x35, 0xd, 0xc0, 0xaa,
    0xc, 0xc0, 0xbf, 0xcc, 0xc0, 0xa, 0xc, 0xc0,
    0x1f, 0xd8, 0xc0, 0xff, 0x74, 0xcc, 0xa, 0x30,
    0xdc, 0xa, 0x90, 0xb8, 0x0, 0x0, 0x0,

    /* U+8F6C "转" */
    0x8, 0x1, 0x40, 0x1c, 0x3, 0x80, 0xbf, 0xef,
    0xfc, 0x3a, 0x7, 0x0, 0x77, 0x3f, 0xfd, 0x7f,
    0xcd, 0x0, 0x7, 0xf, 0xfc, 0x1b, 0xd0, 0x28,
    0xbf, 0x4a, 0xb0, 0x7, 0x2, 0xe0, 0x7, 0x0,
    0x30, 0x0, 0x0, 0x0,

    /* U+8F7D "载" */
    0x0, 0x0, 0x0, 0x3, 0x43, 0x50, 0x3f, 0xfb,
    0x34, 0x3, 0x83, 0x10, 0xbf, 0xff, 0xfc, 0xa,
    0x3, 0x50, 0x7f, 0xf7, 0x74, 0x2d, 0x82, 0xf0,
    0x3f, 0xf5, 0xe0, 0x2, 0xd1, 0xc8, 0x3f, 0xeb,
    0xec, 0x2, 0x8d, 0x38, 0x0, 0x0, 0x0,

    /* U+8F91 "辑" */
    0x4, 0x0, 0x0, 0x1c, 0xf, 0xfc, 0xbf, 0xde,
    0xac, 0x3a, 0x0, 0x0, 0x37, 0x3f, 0xfe, 0x7f,
    0xcd, 0x6c, 0x7, 0xd, 0x6c, 0x1b, 0xdf, 0xfc,
    0x7f, 0xd, 0x6d, 0x7, 0x3f, 0xfd, 0x7, 0x0,
    0x1c,

    /* U+8F93 "输" */
    0x0, 0x0, 0x0, 0x2, 0x0, 0x74, 0x0, 0xd0,
    0x7b, 0x40, 0xff, 0xb8, 0xb4, 0x2f, 0x3b, 0xfb,
    0xd, 0xc5, 0x41, 0x43, 0xfe, 0xeb, 0x90, 0x1d,
    0xbe, 0xe4, 0x7, 0xaa, 0xb9, 0xf, 0xeb, 0xee,
    0x40, 0x32, 0xa8, 0x90, 0xc, 0xad, 0xb4,

    /* U+8FBE "达" */
    0x20, 0x7, 0x0, 0x2c, 0x7, 0x0, 0x8, 0x5b,
    0x54, 0x0, 0xff, 0xf4, 0xbc, 0xf, 0x40, 0xc,
    0x1e, 0xc0, 0xc, 0x38, 0xe0, 0xc, 0xb0, 0x34,
    0xd, 0x80, 0x18, 0x3b, 0x40, 0x0, 0x61, 0xff,
    0xfc, 0x0, 0x0, 0x0,

    /* U+8FC7 "过" */
    0x20, 0x0, 0xd0, 0x2c, 0x0, 0xe0, 0x8, 0xff,
    0xfc, 0x0, 0x0, 0xd0, 0xbc, 0x30, 0xd0, 0xc,
    0x28, 0xd0, 0xc, 0x4, 0xd0, 0xc, 0x0, 0xd0,
    0x1d, 0xb, 0xd0, 0x3b, 0x41, 0x0, 0x71, 0xff,
    0xfc, 0x0, 0x0, 0x0,

    /* U+8FD0 "运" */
    0x0, 0x0, 0x0, 0x34, 0x7f, 0xf0, 0xc, 0x0,
    0x0, 0x0, 0xaa, 0xa8, 0xbc, 0x5d, 0x54, 0xc,
    0x28, 0x60, 0xc, 0x34, 0x30, 0xc, 0xba, 0xf4,
    0xc, 0xa9, 0x1c, 0x3b, 0x40, 0x0, 0x61, 0xff,
    0xfc, 0x0, 0x0, 0x0,

    /* U+8FD1 "近" */
    0x10, 0x0, 0x60, 0x38, 0x3f, 0xe0, 0xc, 0x30,
    0x0, 0x0, 0x3a, 0xa8, 0xbc, 0x35, 0xd4, 0xc,
    0x30, 0xc0, 0xc, 0x70, 0xc0, 0xc, 0xd0, 0xc0,
    0xd, 0xc0, 0xc0, 0x3b, 0x40, 0x80, 0x61, 0xff,
    0xfd, 0x0, 0x0, 0x0,

    /* U+8FD4 "返" */
    0x10, 0x0, 0x14, 0x38, 0x3f, 0xf8, 0xc, 0x30,
    0x0, 0x0, 0x3f, 0xfc, 0xbc, 0x35, 0x28, 0xc,
    0x77, 0xb0, 0xc, 0xa1, 0xf0, 0xc, 0xd3, 0xf8,
    0xd, 0xde, 0xc, 0x3b, 0x44, 0x0, 0x61, 0xff,
    0xfd, 0x0, 0x0, 0x0,

    /* U+8FD8 "还" */
    0x0, 0x0, 0x0, 0x38, 0xff, 0xfc, 0xc, 0x3,
    0x40, 0x0, 0xb, 0xa0, 0xbc, 0x2f, 0x74, 0xd,
    0xf7, 0x2c, 0xd, 0xc3, 0xc, 0xc, 0x3, 0x0,
    0xc, 0x3, 0x0, 0x3b, 0x47, 0x0, 0x61, 0xff,
    0xfd, 0x0, 0x0, 0x0,

    /* U+8FD9 "这" */
    0x10, 0x6, 0x0, 0x38, 0x7, 0x0, 0xc, 0xff,
    0xfc, 0x0, 0x10, 0x70, 0xbc, 0x38, 0xd0, 0xc,
    0xf, 0xc0, 0xc, 0xb, 0xc0, 0xc, 0x6d, 0xb4,
    0xd, 0xe0, 0x28, 0x3b, 0x40, 0x0, 0x61, 0xff,
    0xfc, 0x0, 0x0, 0x0,

    /* U+8FDE "连" */
    0x20, 0xc, 0x0, 0x3c, 0xbe, 0xa8, 0xc, 0x79,
    0x54, 0x0, 0xb3, 0x0, 0x7c, 0xff, 0xf4, 0x1c,
    0x57, 0x50, 0xd, 0xab, 0xa8, 0xd, 0xab, 0xa8,
    0xc, 0x3, 0x0, 0x3f, 0x42, 0x0, 0x71, 0xff,
    0xfc, 0x0, 0x0, 0x0,

    /* U+8FF9 "迹" */
    0x0, 0x0, 0x0, 0x34, 0x7, 0x0, 0x1d, 0xff,
    0xfd, 0x4, 0xc, 0xd0, 0x0, 0x4c, 0xd4, 0xbc,
    0xdc, 0xdc, 0xd, 0xdc, 0xcc, 0xe, 0xa8, 0xcd,
    0xc, 0x34, 0xc0, 0xd, 0x67, 0xc0, 0x3b, 0x40,
    0x0, 0x71, 0xff, 0xfc, 0x0, 0x0, 0x0,

    /* U+9001 "送" */
    0x0, 0x0, 0x0, 0x20, 0x30, 0x70, 0x2c, 0x28,
    0xe0, 0x8, 0xbf, 0xf8, 0x0, 0x7, 0x40, 0x7c,
    0x7, 0x0, 0x1c, 0xff, 0xfc, 0xc, 0xe, 0x40,
    0xc, 0x2c, 0xe0, 0xc, 0xf0, 0x38, 0x3f, 0x40,
    0x4, 0x71, 0xff, 0xfc, 0x0, 0x0, 0x0,

    /* U+9002 "适" */
    0x0, 0x0, 0x0, 0x20, 0x15, 0xb0, 0x2c, 0xbf,
    0x90, 0x8, 0x3, 0x0, 0x0, 0xff, 0xfc, 0xbc,
    0x3, 0x0, 0x6c, 0x3, 0x0, 0xc, 0x3f, 0xf0,
    0xc, 0x30, 0x30, 0xc, 0x3f, 0xf0, 0x3f, 0x40,
    0x0, 0x71, 0xff, 0xfc, 0x0, 0x0, 0x0,

    /* U+9006 "逆" */
    0x20, 0x20, 0x70, 0x3c, 0x3c, 0xf0, 0x9, 0xff,
    0xfd, 0x0, 0x43, 0x4, 0x68, 0xc3, 0xc, 0x1c,
    0xd3, 0x1c, 0xc, 0xff, 0xfc, 0xc, 0xd, 0x0,
    0xc, 0x3c, 0x0, 0x3f, 0x60, 0x0, 0x71, 0xff,
    0xfd, 0x0, 0x0, 0x0,

    /* U+9009 "选" */
    0x10, 0x23, 0x40, 0x38, 0x73, 0x40, 0xc, 0xff,
    0xf8, 0x0, 0x83, 0x40, 0x7c, 0xff, 0xfc, 0xc,
    0x1c, 0xd0, 0xc, 0x1c, 0xc0, 0xc, 0x74, 0xcd,
    0xd, 0xe0, 0xfc, 0x3f, 0x40, 0x0, 0x71, 0xff,
    0xfc, 0x0, 0x0, 0x0,

    /* U+9014 "途" */
    0x20, 0x7, 0x40, 0x2c, 0x1d, 0xd0, 0x9, 0xb8,
    0x78, 0x0, 0xaf, 0xf8, 0x7c, 0x3, 0x40, 0x1c,
    0xff, 0xf8, 0xc, 0x23, 0x60, 0xc, 0xe3, 0x68,
    0x1d, 0x8f, 0x4, 0x3f, 0x40, 0x0, 0x71, 0xff,
    0xfc, 0x0, 0x0, 0x0,

    /* U+901A "通" */
    0x0, 0x0, 0x0, 0x34, 0xff, 0xf8, 0xc, 0xe,
    0x90, 0x0, 0xff, 0xfc, 0x68, 0xc3, 0xc, 0x6c,
    0xff, 0xfc, 0xc, 0xe7, 0x6c, 0xc, 0xd7, 0x5c,
    0x1d, 0xc3, 0x7c, 0x3f, 0x40, 0x0, 0x71, 0xff,
    0xfd, 0x0, 0x0, 0x0,

    /* U+901F "速" */
    0x20, 0x3, 0x0, 0x2c, 0xff, 0xfc, 0xc, 0x7,
    0x40, 0x0, 0xbf, 0xf8, 0x7c, 0xa3, 0x28, 0x1c,
    0xbf, 0xf8, 0xc, 0x1f, 0x50, 0xc, 0x77, 0x78,
    0xd, 0xc3, 0x8, 0x3b, 0x42, 0x0, 0x61, 0xff,
    0xfc, 0x0, 0x0, 0x0,

    /* U+9053 "道" */
    0x0, 0x0, 0x0, 0x34, 0x18, 0xa0, 0x2d, 0xff,
    0xfc, 0x4, 0x7, 0x0, 0x0, 0x3f, 0xf0, 0xbc,
    0x35, 0x70, 0x5c, 0x3f, 0xf0, 0xc, 0x3a, 0xb0,
    0xc, 0x35, 0x70, 0xc, 0x3f, 0xf0, 0x3f, 0x50,
    0x0, 0x61, 0xff, 0xfc, 0x0, 0x0, 0x0,

    /* U+914D "配" */
    0x0, 0x0, 0x0, 0xbf, 0xfb, 0xfc, 0x1e, 0x90,
    0x1c, 0x7f, 0xf0, 0xc, 0x7e, 0xb1, 0x5c, 0x7e,
    0xbb, 0xfc, 0x7d, 0xfa, 0x0, 0x74, 0x7a, 0x0,
    0x7f, 0xfa, 0x9, 0x70, 0x7b, 0xe, 0x7f, 0xf7,
    0xfc, 0x0, 0x0, 0x0,

    /* U+9192 "醒" */
    0x0, 0x0, 0x0, 0xff, 0xef, 0xfc, 0x2b, 0x2d,
    0x6c, 0xbf, 0xad, 0x6c, 0xaa, 0xdf, 0xfc, 0xaa,
    0xdd, 0xc0, 0xb3, 0xef, 0xfc, 0xa5, 0xf0, 0xc0,
    0xba, 0xcf, 0xfc, 0x90, 0xc1, 0xd0, 0xbf, 0xef,
    0xfd,

    /* U+91CC "里" */
    0x2f, 0xff, 0xf0, 0xa0, 0xd1, 0xc2, 0xff, 0xff,
    0xa, 0xd, 0x1c, 0x2f, 0xff, 0xf0, 0x0, 0xd0,
    0x0, 0x3, 0x40, 0xf, 0xff, 0xfe, 0x0, 0x34,
    0x2, 0xff, 0xff, 0xf0,

    /* U+91CD "重" */
    0x0, 0x0, 0x50, 0x1f, 0xff, 0xa0, 0x3f, 0xff,
    0xfc, 0xa, 0xbe, 0xa0, 0x1d, 0x7d, 0x74, 0x1f,
    0xff, 0xf4, 0x1d, 0x7d, 0x74, 0xa, 0xbe, 0xa0,
    0x3f, 0xff, 0xf8, 0x0, 0x28, 0x0, 0x7f, 0xff,
    0xfd,

    /* U+91CF "量" */
    0x2f, 0xff, 0xd0, 0xbf, 0xff, 0x42, 0x95, 0x5d,
    0x5, 0x55, 0x50, 0xff, 0xff, 0xf8, 0xaa, 0xea,
    0x83, 0xff, 0xfe, 0xe, 0x6d, 0x68, 0x15, 0xb5,
    0x50, 0xff, 0xff, 0xcf, 0xff, 0xff, 0xc0,

    /* U+9488 "针" */
    0xc, 0x0, 0xc0, 0x1f, 0xc0, 0xc0, 0x34, 0x0,
    0xc0, 0x70, 0x0, 0xc0, 0x6f, 0xbf, 0xfe, 0xa,
    0x15, 0xd4, 0x3f, 0xc0, 0xc0, 0xa, 0x0, 0xc0,
    0xa, 0x0, 0xc0, 0xb, 0xc0, 0xc0, 0x5, 0x0,
    0xc0,

    /* U+949F "钟" */
    0x0, 0x0, 0x0, 0xc, 0x0, 0xc0, 0x2f, 0xc1,
    0xc0, 0x34, 0x2f, 0xfc, 0x70, 0x2d, 0xdc, 0x2f,
    0xe8, 0xcc, 0xa, 0x28, 0xcc, 0x3f, 0xef, 0xfc,
    0xa, 0x19, 0xdc, 0xa, 0x0, 0xc0, 0xf, 0xc0,
    0xc0, 0x9, 0x0, 0xc0,

    /* U+9501 "锁" */
    0xc, 0x18, 0xc5, 0x1f, 0xcd, 0xdd, 0x28, 0x4,
    0xc4, 0x34, 0x1f, 0xfd, 0x2f, 0x9d, 0x5d, 0xa,
    0x1c, 0xcd, 0x3f, 0xec, 0xcd, 0xa, 0x1d, 0xcd,
    0xa, 0x1a, 0x98, 0xb, 0xcb, 0x7c, 0xa, 0x6c,
    0xa, 0x0, 0x0, 0x0,

    /* U+952E "键" */
    0x0, 0x0, 0x0, 0x28, 0x0, 0xa4, 0x3f, 0x3d,
    0xfd, 0x30, 0x1a, 0xfe, 0x7a, 0x35, 0xad, 0x1e,
    0x3e, 0xfc, 0xd, 0xc, 0xa0, 0x7f, 0xde, 0xfd,
    0x1d, 0xbc, 0xa0, 0xc, 0x3b, 0xfe, 0xf, 0x7d,
    0x50, 0x9, 0x62, 0xfe, 0x0, 0x0, 0x0,

    /* U+957F "长" */
    0xa, 0x0, 0x80, 0x28, 0xf, 0x0, 0xa2, 0xf0,
    0x2, 0x9d, 0x0, 0xa, 0x0, 0x3, 0xff, 0xff,
    0xe0, 0xa0, 0xc0, 0x2, 0x82, 0x80, 0xa, 0x3,
    0x80, 0x29, 0xc7, 0xc0, 0xfd, 0x3, 0x80, 0x0,
    0x0,

    /* U+95ED "闭" */
    0x14, 0x0, 0x2, 0xcb, 0xff, 0xc4, 0x34, 0x7c,
    0x3, 0x3, 0xdf, 0xff, 0x3c, 0xb, 0x43, 0xc1,
    0xf0, 0x3c, 0xb3, 0x3, 0xd8, 0x30, 0x3c, 0xf,
    0x7, 0xc0, 0x3, 0xe0,

    /* U+95F2 "闲" */
    0x10, 0x0, 0x1, 0xc7, 0xff, 0xc0, 0x30, 0x3c,
    0x17, 0x53, 0xcf, 0xff, 0x3c, 0xf, 0x43, 0xc3,
    0xbd, 0x3d, 0xf3, 0x37, 0xdc, 0x31, 0x3c, 0x3,
    0x7, 0xc0, 0x11, 0xe0,

    /* U+95F4 "间" */
    0x14, 0x0, 0x1, 0xdb, 0xff, 0xc0, 0x0, 0x7c,
    0x3f, 0xc3, 0xc3, 0xc, 0x3c, 0x30, 0xc3, 0xc3,
    0xfc, 0x3c, 0x30, 0xc3, 0xc3, 0xfc, 0x3c, 0x0,
    0x7, 0xc0, 0x3, 0xe0,

    /* U+9640 "陀" */
    0x0, 0x0, 0x0, 0x3f, 0xc2, 0x80, 0x32, 0xff,
    0xfc, 0x33, 0x74, 0xc, 0x37, 0x1c, 0x8, 0x37,
    0x4c, 0x74, 0x31, 0xcf, 0x90, 0x30, 0xcd, 0x0,
    0x3b, 0xcc, 0xc, 0x30, 0xd, 0x1c, 0x30, 0xb,
    0xf8,

    /* U+9644 "附" */
    0x0, 0x0, 0x0, 0x0, 0x24, 0x30, 0x3f, 0x38,
    0x30, 0x33, 0x34, 0x34, 0x36, 0xbb, 0xfc, 0x3a,
    0xf0, 0x30, 0x3a, 0xb6, 0x30, 0x33, 0x33, 0x30,
    0x33, 0x32, 0x70, 0x3f, 0x30, 0x30, 0x30, 0x30,
    0x30, 0x30, 0x31, 0xf0,

    /* U+964D "降" */
    0x0, 0x1, 0x0, 0x3f, 0xcf, 0xfc, 0x31, 0xfd,
    0x34, 0x33, 0x57, 0xe0, 0x37, 0x3e, 0xbd, 0x33,
    0x64, 0xc4, 0x31, 0xbf, 0xfc, 0x31, 0xd4, 0xc0,
    0x3b, 0xbf, 0xfc, 0x30, 0x1, 0xc0, 0x30, 0x0,
    0xc0, 0x0, 0x0, 0x0,

    /* U+9664 "除" */
    0x0, 0x0, 0x0, 0x3f, 0xb, 0xc0, 0x33, 0x78,
    0xb4, 0x36, 0xff, 0xfc, 0x39, 0x3, 0x40, 0x3a,
    0x3, 0x40, 0x33, 0xbf, 0xf8, 0x33, 0x13, 0x60,
    0x3f, 0x73, 0x74, 0x30, 0xd3, 0x1c, 0x30, 0xf,
    0x0,

    /* U+96F6 "零" */
    0x1f, 0xff, 0xf4, 0x3f, 0xff, 0xfc, 0x36, 0x76,
    0x9c, 0x1b, 0xbb, 0xe4, 0x2, 0xee, 0x40, 0x3e,
    0x35, 0xfc, 0x1b, 0xff, 0xd4, 0x1, 0x4b, 0x40,
    0x1, 0xfd, 0x0, 0x0, 0xb, 0x0, 0x0, 0x0,
    0x0,

    /* U+9759 "静" */
    0x0, 0x0, 0x0, 0x30, 0x28, 0xf, 0xfe, 0xff,
    0x2f, 0xfe, 0xb8, 0x5e, 0x6b, 0xb6, 0xaa, 0x5d,
    0xdb, 0xff, 0xff, 0xa9, 0xb0, 0xdd, 0xba, 0xff,
    0xf6, 0xff, 0xc, 0xa, 0x1c, 0x30, 0x28, 0xe7,
    0xc0, 0x0, 0x0, 0x0,

    /* U+9762 "面" */
    0xff, 0xff, 0xfc, 0x56, 0xd5, 0x47, 0xff, 0xff,
    0x5c, 0xc1, 0xcd, 0x73, 0xff, 0x35, 0xcc, 0x1c,
    0xd7, 0x3f, 0xf3, 0x5c, 0xd1, 0xcd, 0x73, 0x4b,
    0x35, 0xff, 0xff, 0xd0,

    /* U+9875 "页" */
    0xff, 0xff, 0xf8, 0x56, 0xd5, 0x2, 0xff, 0xfc,
    0xa, 0x4, 0x30, 0x28, 0x70, 0xc0, 0xa1, 0xc3,
    0x2, 0x8b, 0xc, 0x5, 0x35, 0x20, 0x7, 0x8f,
    0x82, 0xf4, 0x7, 0xc0, 0x0, 0x0, 0x0,

    /* U+987A "顺" */
    0x30, 0xc0, 0x0, 0x39, 0xef, 0xfd, 0x39, 0xc1,
    0xc0, 0x39, 0xdf, 0xfc, 0x39, 0xdd, 0x9c, 0x39,
    0xdc, 0xcc, 0x39, 0xdc, 0xcc, 0x39, 0xdd, 0xcc,
    0x39, 0xda, 0x98, 0x75, 0xc7, 0x78, 0x60, 0xed,
    0xc, 0x0, 0x0, 0x0,

    /* U+9891 "频" */
    0x2, 0x80, 0x0, 0x6, 0xa6, 0xff, 0xd1, 0xef,
    0x1b, 0x50, 0xba, 0xf, 0xfc, 0x3f, 0xf7, 0x23,
    0x0, 0x95, 0xdc, 0xc1, 0xeb, 0x77, 0x30, 0xeb,
    0xcd, 0xcc, 0x11, 0xd2, 0xa6, 0x1, 0xe0, 0xb7,
    0x42, 0xe0, 0xf4, 0x70, 0x0, 0x0, 0x0,

    /* U+9897 "颗" */
    0x0, 0x0, 0x0, 0x3f, 0xef, 0xfd, 0x3b, 0xa5,
    0xd4, 0x3f, 0xeb, 0xfc, 0x3b, 0xa9, 0x8c, 0x1b,
    0x49, 0xdc, 0x7f, 0xf9, 0xdc, 0x1f, 0x4a, 0xcc,
    0x2f, 0xdb, 0x98, 0x77, 0x27, 0x78, 0x7, 0x28,
    0xc, 0x0, 0x0, 0x0,

    /* U+9A8C "验" */
    0x0, 0x1, 0xc0, 0x3f, 0xc3, 0xe0, 0x11, 0x8b,
    0x74, 0x26, 0x9d, 0x2c, 0x36, 0xbf, 0xfb, 0x33,
    0x40, 0x4, 0x3f, 0xda, 0x8c, 0x1, 0xcd, 0xdc,
    0x7d, 0xcd, 0xe8, 0x1, 0xc4, 0x34, 0xf, 0x7f,
    0xff,

    /* U+9A91 "骑" */
    0x0, 0x0, 0xc0, 0x3f, 0xaf, 0xfd, 0x12, 0x83,
    0xd0, 0x26, 0x5f, 0xbc, 0x33, 0x68, 0x8, 0x33,
    0x7f, 0xff, 0x3f, 0xc5, 0x5c, 0x15, 0xdd, 0xdc,
    0x14, 0xdf, 0xdc, 0x2, 0xc0, 0x1c, 0xf, 0x40,
    0xb8,

    /* U+9AD8 "高" */
    0x0, 0x20, 0x1, 0xaa, 0xea, 0xa6, 0xaa, 0xaa,
    0x83, 0xff, 0xf0, 0xe, 0x55, 0xc0, 0x1a, 0xaa,
    0x3, 0xff, 0xff, 0x8c, 0x6a, 0x8a, 0x33, 0x97,
    0x28, 0xcb, 0xfd, 0xd3, 0x0, 0xf, 0x0,

    /* U+9E23 "鸣" */
    0x0, 0x3, 0x0, 0xfc, 0x3f, 0xc3, 0x30, 0xe7,
    0xc, 0xc3, 0x5c, 0x33, 0xc, 0xb0, 0xcc, 0x32,
    0x43, 0x30, 0xff, 0xcc, 0xc0, 0x3, 0x3f, 0x2f,
    0xec, 0xcc, 0x0, 0x61, 0x0, 0xf, 0x40,

    /* U+9ED1 "黑" */
    0x3f, 0xff, 0xe0, 0xd9, 0xca, 0x83, 0x27, 0x5a,
    0xf, 0xff, 0xf8, 0x15, 0xb5, 0x50, 0x56, 0xd5,
    0x4f, 0xff, 0xff, 0x88, 0x41, 0x14, 0x72, 0x4c,
    0x72, 0x46, 0x24, 0x80,

    /* U+FF01 "！" */
    0x20, 0xd3, 0xc, 0x30, 0xc1, 0x8, 0x34,

    /* U+FF08 "（" */
    0x28, 0xca, 0x34, 0xc3, 0xc, 0x34, 0xa0, 0xc2,
    0x80,

    /* U+FF09 "）" */
    0xa0, 0xc2, 0x87, 0xc, 0x30, 0xc7, 0x28, 0xca,
    0x0,

    /* U+FF0C "，" */
    0x28, 0x3c, 0xc, 0x24, 0x0,

    /* U+FF1A "：" */
    0xab, 0x0, 0xb, 0xa0,

    /* U+FF1B "；" */
    0xa2, 0xc0, 0x0, 0x2, 0xcb, 0xc, 0x90, 0x0,

    /* U+FF1F "？" */
    0x2f, 0x4b, 0x1c, 0xd0, 0xd0, 0x2c, 0x7, 0x40,
    0xd0, 0x4, 0x0, 0x80, 0xd, 0x0
};


/*---------------------
 *  GLYPH DESCRIPTION
 *--------------------*/

static const lv_font_fmt_txt_glyph_dsc_t glyph_dsc[] = {
    {.bitmap_index = 0, .adv_w = 0, .box_w = 0, .box_h = 0, .ofs_x = 0, .ofs_y = 0} /* id = 0 reserved */,
    {.bitmap_index = 0, .adv_w = 64, .box_w = 0, .box_h = 0, .ofs_x = 0, .ofs_y = 0},
    {.bitmap_index = 0, .adv_w = 64, .box_w = 3, .box_h = 9, .ofs_x = 0, .ofs_y = 0},
    {.bitmap_index = 7, .adv_w = 103, .box_w = 6, .box_h = 5, .ofs_x = 0, .ofs_y = 4},
    {.bitmap_index = 15, .adv_w = 115, .box_w = 7, .box_h = 9, .ofs_x = 0, .ofs_y = 0},
    {.bitmap_index = 31, .adv_w = 115, .box_w = 8, .box_h = 12, .ofs_x = 0, .ofs_y = -1},
    {.bitmap_index = 55, .adv_w = 191, .box_w = 12, .box_h = 9, .ofs_x = 0, .ofs_y = 0},
    {.bitmap_index = 82, .adv_w = 144, .box_w = 10, .box_h = 9, .ofs_x = 0, .ofs_y = 0},
    {.bitmap_index = 105, .adv_w = 56, .box_w = 4, .box_h = 5, .ofs_x = 0, .ofs_y = 4},
    {.bitmap_index = 110, .adv_w = 64, .box_w = 4, .box_h = 12, .ofs_x = 0, .ofs_y = -1},
    {.bitmap_index = 122, .adv_w = 64, .box_w = 4, .box_h = 12, .ofs_x = 0, .ofs_y = -1},
    {.bitmap_index = 134, .adv_w = 99, .box_w = 7, .box_h = 6, .ofs_x = 0, .ofs_y = 3},
    {.bitmap_index = 145, .adv_w = 116, .box_w = 6, .box_h = 7, .ofs_x = 1, .ofs_y = 0},
    {.bitmap_index = 156, .adv_w = 53, .box_w = 4, .box_h = 5, .ofs_x = 0, .ofs_y = -3},
    {.bitmap_index = 161, .adv_w = 116, .box_w = 6, .box_h = 3, .ofs_x = 1, .ofs_y = 2},
    {.bitmap_index = 166, .adv_w = 53, .box_w = 3, .box_h = 2, .ofs_x = 0, .ofs_y = 0},
    {.bitmap_index = 168, .adv_w = 96, .box_w = 6, .box_h = 12, .ofs_x = 0, .ofs_y = -1},
    {.bitmap_index = 186, .adv_w = 115, .box_w = 8, .box_h = 9, .ofs_x = 0, .ofs_y = 0},
    {.bitmap_index = 204, .adv_w = 115, .box_w = 5, .box_h = 9, .ofs_x = 0, .ofs_y = 0},
    {.bitmap_index = 216, .adv_w = 115, .box_w = 8, .box_h = 9, .ofs_x = 0, .ofs_y = 0},
    {.bitmap_index = 234, .adv_w = 115, .box_w = 8, .box_h = 9, .ofs_x = 0, .ofs_y = 0},
    {.bitmap_index = 252, .adv_w = 115, .box_w = 8, .box_h = 9, .ofs_x = 0, .ofs_y = 0},
    {.bitmap_index = 270, .adv_w = 115, .box_w = 8, .box_h = 9, .ofs_x = 0, .ofs_y = 0},
    {.bitmap_index = 288, .adv_w = 115, .box_w = 8, .box_h = 9, .ofs_x = 0, .ofs_y = 0},
    {.bitmap_index = 306, .adv_w = 115, .box_w = 6, .box_h = 9, .ofs_x = 1, .ofs_y = 0},
    {.bitmap_index = 320, .adv_w = 115, .box_w = 8, .box_h = 9, .ofs_x = 0, .ofs_y = 0},
    {.bitmap_index = 338, .adv_w = 115, .box_w = 8, .box_h = 9, .ofs_x = 0, .ofs_y = 0},
    {.bitmap_index = 356, .adv_w = 53, .box_w = 3, .box_h = 7, .ofs_x = 0, .ofs_y = 0},
    {.bitmap_index = 362, .adv_w = 53, .box_w = 3, .box_h = 10, .ofs_x = 0, .ofs_y = -3},
    {.bitmap_index = 370, .adv_w = 116, .box_w = 6, .box_h = 8, .ofs_x = 1, .ofs_y = -1},
    {.bitmap_index = 382, .adv_w = 116, .box_w = 6, .box_h = 6, .ofs_x = 1, .ofs_y = 1},
    {.bitmap_index = 391, .adv_w = 116, .box_w = 6, .box_h = 8, .ofs_x = 1, .ofs_y = -1},
    {.bitmap_index = 403, .adv_w = 107, .box_w = 7, .box_h = 9, .ofs_x = 0, .ofs_y = 0},
    {.bitmap_index = 419, .adv_w = 166, .box_w = 11, .box_h = 9, .ofs_x = 0, .ofs_y = 0},
    {.bitmap_index = 444, .adv_w = 130, .box_w = 9, .box_h = 9, .ofs_x = 0, .ofs_y = 0},
    {.bitmap_index = 465, .adv_w = 132, .box_w = 9, .box_h = 9, .ofs_x = 0, .ofs_y = 0},
    {.bitmap_index = 486, .adv_w = 141, .box_w = 9, .box_h = 9, .ofs_x = 0, .ofs_y = 0},
    {.bitmap_index = 507, .adv_w = 138, .box_w = 9, .box_h = 9, .ofs_x = 0, .ofs_y = 0},
    {.bitmap_index = 528, .adv_w = 123, .box_w = 8, .box_h = 9, .ofs_x = 0, .ofs_y = 0},
    {.bitmap_index = 546, .adv_w = 112, .box_w = 7, .box_h = 9, .ofs_x = 0, .ofs_y = 0},
    {.bitmap_index = 562, .adv_w = 145, .box_w = 9, .box_h = 9, .ofs_x = 0, .ofs_y = 0},
    {.bitmap_index = 583, .adv_w = 141, .box_w = 9, .box_h = 9, .ofs_x = 0, .ofs_y = 0},
    {.bitmap_index = 604, .adv_w = 49, .box_w = 3, .box_h = 9, .ofs_x = 0, .ofs_y = 0},
    {.bitmap_index = 611, .adv_w = 103, .box_w = 7, .box_h = 9, .ofs_x = 0, .ofs_y = 0},
    {.bitmap_index = 627, .adv_w = 137, .box_w = 9, .box_h = 9, .ofs_x = 0, .ofs_y = 0},
    {.bitmap_index = 648, .adv_w = 114, .box_w = 7, .box_h = 9, .ofs_x = 0, .ofs_y = 0},
    {.bitmap_index = 664, .adv_w = 173, .box_w = 11, .box_h = 9, .ofs_x = 0, .ofs_y = 0},
    {.bitmap_index = 689, .adv_w = 141, .box_w = 9, .box_h = 9, .ofs_x = 0, .ofs_y = 0},
    {.bitmap_index = 710, .adv_w = 149, .box_w = 10, .box_h = 9, .ofs_x = 0, .ofs_y = 0},
    {.bitmap_index = 733, .adv_w = 126, .box_w = 8, .box_h = 9, .ofs_x = 0, .ofs_y = 0},
    {.bitmap_index = 751, .adv_w = 149, .box_w = 10, .box_h = 10, .ofs_x = 0, .ofs_y = -1},
    {.bitmap_index = 776, .adv_w = 134, .box_w = 8, .box_h = 9, .ofs_x = 0, .ofs_y = 0},
    {.bitmap_index = 794, .adv_w = 125, .box_w = 9, .box_h = 9, .ofs_x = 0, .ofs_y = 0},
    {.bitmap_index = 815, .adv_w = 118, .box_w = 7, .box_h = 9, .ofs_x = 1, .ofs_y = 0},
    {.bitmap_index = 831, .adv_w = 141, .box_w = 9, .box_h = 9, .ofs_x = 0, .ofs_y = 0},
    {.bitmap_index = 852, .adv_w = 127, .box_w = 8, .box_h = 9, .ofs_x = 0, .ofs_y = 0},
    {.bitmap_index = 870, .adv_w = 183, .box_w = 12, .box_h = 9, .ofs_x = 0, .ofs_y = 0},
    {.bitmap_index = 897, .adv_w = 127, .box_w = 8, .box_h = 9, .ofs_x = 0, .ofs_y = 0},
    {.bitmap_index = 915, .adv_w = 133, .box_w = 9, .box_h = 9, .ofs_x = 0, .ofs_y = 0},
    {.bitmap_index = 936, .adv_w = 123, .box_w = 7, .box_h = 9, .ofs_x = 1, .ofs_y = 0},
    {.bitmap_index = 952, .adv_w = 64, .box_w = 5, .box_h = 14, .ofs_x = 0, .ofs_y = -2},
    {.bitmap_index = 970, .adv_w = 96, .box_w = 6, .box_h = 12, .ofs_x = 0, .ofs_y = -1},
    {.bitmap_index = 988, .adv_w = 64, .box_w = 5, .box_h = 14, .ofs_x = 0, .ofs_y = -2},
    {.bitmap_index = 1006, .adv_w = 105, .box_w = 6, .box_h = 5, .ofs_x = 0, .ofs_y = 5},
    {.bitmap_index = 1014, .adv_w = 96, .box_w = 6, .box_h = 3, .ofs_x = 0, .ofs_y = -3},
    {.bitmap_index = 1019, .adv_w = 64, .box_w = 4, .box_h = 2, .ofs_x = 0, .ofs_y = 8},
    {.bitmap_index = 1021, .adv_w = 110, .box_w = 7, .box_h = 7, .ofs_x = 0, .ofs_y = 0},
    {.bitmap_index = 1034, .adv_w = 116, .box_w = 8, .box_h = 10, .ofs_x = 0, .ofs_y = 0},
    {.bitmap_index = 1054, .adv_w = 108, .box_w = 7, .box_h = 7, .ofs_x = 0, .ofs_y = 0},
    {.bitmap_index = 1067, .adv_w = 116, .box_w = 8, .box_h = 10, .ofs_x = 0, .ofs_y = 0},
    {.bitmap_index = 1087, .adv_w = 109, .box_w = 6, .box_h = 7, .ofs_x = 1, .ofs_y = 0},
    {.bitmap_index = 1098, .adv_w = 73, .box_w = 5, .box_h = 9, .ofs_x = 1, .ofs_y = 0},
    {.bitmap_index = 1110, .adv_w = 116, .box_w = 8, .box_h = 10, .ofs_x = 0, .ofs_y = -3},
    {.bitmap_index = 1130, .adv_w = 111, .box_w = 7, .box_h = 10, .ofs_x = 0, .ofs_y = 0},
    {.bitmap_index = 1148, .adv_w = 53, .box_w = 3, .box_h = 9, .ofs_x = 0, .ofs_y = 0},
    {.bitmap_index = 1155, .adv_w = 53, .box_w = 4, .box_h = 12, .ofs_x = -1, .ofs_y = -3},
    {.bitmap_index = 1167, .adv_w = 106, .box_w = 7, .box_h = 10, .ofs_x = 0, .ofs_y = 0},
    {.bitmap_index = 1185, .adv_w = 49, .box_w = 3, .box_h = 10, .ofs_x = 0, .ofs_y = 0},
    {.bitmap_index = 1193, .adv_w = 170, .box_w = 11, .box_h = 7, .ofs_x = 0, .ofs_y = 0},
    {.bitmap_index = 1213, .adv_w = 112, .box_w = 7, .box_h = 7, .ofs_x = 0, .ofs_y = 0},
    {.bitmap_index = 1226, .adv_w = 115, .box_w = 8, .box_h = 7, .ofs_x = 0, .ofs_y = 0},
    {.bitmap_index = 1240, .adv_w = 116, .box_w = 8, .box_h = 10, .ofs_x = 0, .ofs_y = -3},
    {.bitmap_index = 1260, .adv_w = 116, .box_w = 8, .box_h = 10, .ofs_x = 0, .ofs_y = -3},
    {.bitmap_index = 1280, .adv_w = 72, .box_w = 5, .box_h = 8, .ofs_x = 0, .ofs_y = 0},
    {.bitmap_index = 1290, .adv_w = 101, .box_w = 7, .box_h = 7, .ofs_x = 0, .ofs_y = 0},
    {.bitmap_index = 1303, .adv_w = 70, .box_w = 4, .box_h = 10, .ofs_x = 1, .ofs_y = 0},
    {.bitmap_index = 1313, .adv_w = 112, .box_w = 7, .box_h = 7, .ofs_x = 0, .ofs_y = 0},
    {.bitmap_index = 1326, .adv_w = 97, .box_w = 7, .box_h = 7, .ofs_x = 0, .ofs_y = 0},
    {.bitmap_index = 1339, .adv_w = 149, .box_w = 10, .box_h = 7, .ofs_x = 0, .ofs_y = 0},
    {.bitmap_index = 1357, .adv_w = 103, .box_w = 7, .box_h = 7, .ofs_x = 0, .ofs_y = 0},
    {.bitmap_index = 1370, .adv_w = 101, .box_w = 7, .box_h = 10, .ofs_x = 0, .ofs_y = -3},
    {.bitmap_index = 1388, .adv_w = 97, .box_w = 5, .box_h = 7, .ofs_x = 1, .ofs_y = 0},
    {.bitmap_index = 1397, .adv_w = 64, .box_w = 5, .box_h = 14, .ofs_x = 0, .ofs_y = -2},
    {.bitmap_index = 1415, .adv_w = 41, .box_w = 3, .box_h = 13, .ofs_x = 0, .ofs_y = -2},
    {.bitmap_index = 1425, .adv_w = 64, .box_w = 5, .box_h = 14, .ofs_x = 0, .ofs_y = -2},
    {.bitmap_index = 1443, .adv_w = 96, .box_w = 6, .box_h = 4, .ofs_x = 0, .ofs_y = 3},
    {.bitmap_index = 1449, .adv_w = 65, .box_w = 4, .box_h = 5, .ofs_x = 0, .ofs_y = 7},
    {.bitmap_index = 1454, .adv_w = 116, .box_w = 6, .box_h = 7, .ofs_x = 1, .ofs_y = 0},
    {.bitmap_index = 1465, .adv_w = 96, .box_w = 3, .box_h = 3, .ofs_x = 1, .ofs_y = 4},
    {.bitmap_index = 1468, .adv_w = 116, .box_w = 7, .box_h = 7, .ofs_x = 0, .ofs_y = 0},
    {.bitmap_index = 1481, .adv_w = 116, .box_w = 6, .box_h = 7, .ofs_x = 1, .ofs_y = 0},
    {.bitmap_index = 1492, .adv_w = 192, .box_w = 12, .box_h = 3, .ofs_x = 0, .ofs_y = 3},
    {.bitmap_index = 1501, .adv_w = 192, .box_w = 11, .box_h = 2, .ofs_x = 0, .ofs_y = 0},
    {.bitmap_index = 1507, .adv_w = 178, .box_w = 11, .box_h = 11, .ofs_x = 0, .ofs_y = -1},
    {.bitmap_index = 1538, .adv_w = 192, .box_w = 12, .box_h = 7, .ofs_x = 0, .ofs_y = 1},
    {.bitmap_index = 1559, .adv_w = 192, .box_w = 7, .box_h = 12, .ofs_x = 2, .ofs_y = -1},
    {.bitmap_index = 1580, .adv_w = 192, .box_w = 12, .box_h = 7, .ofs_x = 0, .ofs_y = 1},
    {.bitmap_index = 1601, .adv_w = 192, .box_w = 7, .box_h = 12, .ofs_x = 2, .ofs_y = -2},
    {.bitmap_index = 1622, .adv_w = 192, .box_w = 10, .box_h = 10, .ofs_x = 1, .ofs_y = -1},
    {.bitmap_index = 1647, .adv_w = 139, .box_w = 9, .box_h = 11, .ofs_x = 0, .ofs_y = -1},
    {.bitmap_index = 1672, .adv_w = 192, .box_w = 4, .box_h = 4, .ofs_x = 1, .ofs_y = -2},
    {.bitmap_index = 1676, .adv_w = 192, .box_w = 4, .box_h = 3, .ofs_x = 1, .ofs_y = -1},
    {.bitmap_index = 1679, .adv_w = 192, .box_w = 11, .box_h = 2, .ofs_x = 1, .ofs_y = 3},
    {.bitmap_index = 1685, .adv_w = 192, .box_w = 11, .box_h = 11, .ofs_x = 1, .ofs_y = -1},
    {.bitmap_index = 1716, .adv_w = 192, .box_w = 11, .box_h = 11, .ofs_x = 1, .ofs_y = -1},
    {.bitmap_index = 1747, .adv_w = 192, .box_w = 11, .box_h = 10, .ofs_x = 0, .ofs_y = -1},
    {.bitmap_index = 1775, .adv_w = 192, .box_w = 12, .box_h = 10, .ofs_x = 0, .ofs_y = -1},
    {.bitmap_index = 1805, .adv_w = 192, .box_w = 11, .box_h = 12, .ofs_x = 0, .ofs_y = -2},
    {.bitmap_index = 1838, .adv_w = 192, .box_w = 12, .box_h = 11, .ofs_x = 0, .ofs_y = -1},
    {.bitmap_index = 1871, .adv_w = 192, .box_w = 12, .box_h = 10, .ofs_x = 0, .ofs_y = -1},
    {.bitmap_index = 1901, .adv_w = 192, .box_w = 12, .box_h = 11, .ofs_x = 0, .ofs_y = -1},
    {.bitmap_index = 1934, .adv_w = 192, .box_w = 10, .box_h = 11, .ofs_x = 1, .ofs_y = -1},
    {.bitmap_index = 1962, .adv_w = 192, .box_w = 11, .box_h = 12, .ofs_x = 0, .ofs_y = -2},
    {.bitmap_index = 1995, .adv_w = 192, .box_w = 12, .box_h = 12, .ofs_x = 0, .ofs_y = -2},
    {.bitmap_index = 2031, .adv_w = 192, .box_w = 12, .box_h = 11, .ofs_x = 0, .ofs_y = -1},
    {.bitmap_index = 2064, .adv_w = 192, .box_w = 10, .box_h = 10, .ofs_x = 1, .ofs_y = -1},
    {.bitmap_index = 2089, .adv_w = 192, .box_w = 11, .box_h = 10, .ofs_x = 0, .ofs_y = -1},
    {.bitmap_index = 2117, .adv_w = 192, .box_w = 11, .box_h = 10, .ofs_x = 1, .ofs_y = -1},
    {.bitmap_index = 2145, .adv_w = 192, .box_w = 11, .box_h = 10, .ofs_x = 1, .ofs_y = -1},
    {.bitmap_index = 2173, .adv_w = 192, .box_w = 12, .box_h = 13, .ofs_x = 0, .ofs_y = -2},
    {.bitmap_index = 2212, .adv_w = 192, .box_w = 11, .box_h = 12, .ofs_x = 1, .ofs_y = -2},
    {.bitmap_index = 2245, .adv_w = 192, .box_w = 12, .box_h = 12, .ofs_x = 0, .ofs_y = -2},
    {.bitmap_index = 2281, .adv_w = 192, .box_w = 12, .box_h = 12, .ofs_x = 0, .ofs_y = -2},
    {.bitmap_index = 2317, .adv_w = 192, .box_w = 12, .box_h = 12, .ofs_x = 0, .ofs_y = -1},
    {.bitmap_index = 2353, .adv_w = 192, .box_w = 12, .box_h = 13, .ofs_x = 0, .ofs_y = -2},
    {.bitmap_index = 2392, .adv_w = 192, .box_w = 12, .box_h = 12, .ofs_x = 0, .ofs_y = -1},
    {.bitmap_index = 2428, .adv_w = 192, .box_w = 12, .box_h = 12, .ofs_x = 0, .ofs_y = -2},
    {.bitmap_index = 2464, .adv_w = 192, .box_w = 12, .box_h = 12, .ofs_x = 0, .ofs_y = -1},
    {.bitmap_index = 2500, .adv_w = 192, .box_w = 12, .box_h = 12, .ofs_x = 0, .ofs_y = -2},
    {.bitmap_index = 2536, .adv_w = 192, .box_w = 12, .box_h = 12, .ofs_x = 0, .ofs_y = -2},
    {.bitmap_index = 2572, .adv_w = 192, .box_w = 12, .box_h = 12, .ofs_x = 0, .ofs_y = -1},
    {.bitmap_index = 2608, .adv_w = 192, .box_w = 12, .box_h = 11, .ofs_x = 0, .ofs_y = -1},
    {.bitmap_index = 2641, .adv_w = 192, .box_w = 12, .box_h = 12, .ofs_x = 0, .ofs_y = -2},
    {.bitmap_index = 2677, .adv_w = 192, .box_w = 12, .box_h = 12, .ofs_x = 0, .ofs_y = -1},
    {.bitmap_index = 2713, .adv_w = 192, .box_w = 12, .box_h = 11, .ofs_x = 0, .ofs_y = -1},
    {.bitmap_index = 2746, .adv_w = 192, .box_w = 11, .box_h = 11, .ofs_x = 0, .ofs_y = -1},
    {.bitmap_index = 2777, .adv_w = 192, .box_w = 12, .box_h = 11, .ofs_x = 0, .ofs_y = -1},
    {.bitmap_index = 2810, .adv_w = 192, .box_w = 12, .box_h = 12, .ofs_x = 0, .ofs_y = -1},
    {.bitmap_index = 2846, .adv_w = 192, .box_w = 12, .box_h = 12, .ofs_x = 0, .ofs_y = -1},
    {.bitmap_index = 2882, .adv_w = 192, .box_w = 13, .box_h = 13, .ofs_x = 0, .ofs_y = -2},
    {.bitmap_index = 2925, .adv_w = 192, .box_w = 12, .box_h = 12, .ofs_x = 0, .ofs_y = -1},
    {.bitmap_index = 2961, .adv_w = 192, .box_w = 12, .box_h = 11, .ofs_x = 0, .ofs_y = -1},
    {.bitmap_index = 2994, .adv_w = 192, .box_w = 12, .box_h = 12, .ofs_x = 0, .ofs_y = -1},
    {.bitmap_index = 3030, .adv_w = 192, .box_w = 12, .box_h = 12, .ofs_x = 0, .ofs_y = -2},
    {.bitmap_index = 3066, .adv_w = 192, .box_w = 12, .box_h = 12, .ofs_x = 0, .ofs_y = -2},
    {.bitmap_index = 3102, .adv_w = 192, .box_w = 12, .box_h = 12, .ofs_x = 0, .ofs_y = -2},
    {.bitmap_index = 3138, .adv_w = 192, .box_w = 12, .box_h = 12, .ofs_x = 0, .ofs_y = -2},
    {.bitmap_index = 3174, .adv_w = 192, .box_w = 12, .box_h = 11, .ofs_x = 0, .ofs_y = -1},
    {.bitmap_index = 3207, .adv_w = 192, .box_w = 12, .box_h = 12, .ofs_x = 0, .ofs_y = -2},
    {.bitmap_index = 3243, .adv_w = 192, .box_w = 12, .box_h = 12, .ofs_x = 0, .ofs_y = -1},
    {.bitmap_index = 3279, .adv_w = 192, .box_w = 12, .box_h = 12, .ofs_x = 0, .ofs_y = -2},
    {.bitmap_index = 3315, .adv_w = 192, .box_w = 12, .box_h = 12, .ofs_x = 0, .ofs_y = -2},
    {.bitmap_index = 3351, .adv_w = 192, .box_w = 12, .box_h = 11, .ofs_x = 0, .ofs_y = -1},
    {.bitmap_index = 3384, .adv_w = 192, .box_w = 11, .box_h = 11, .ofs_x = 1, .ofs_y = -2},
    {.bitmap_index = 3415, .adv_w = 192, .box_w = 10, .box_h = 11, .ofs_x = 1, .ofs_y = -1},
    {.bitmap_index = 3443, .adv_w = 192, .box_w = 11, .box_h = 11, .ofs_x = 1, .ofs_y = -2},
    {.bitmap_index = 3474, .adv_w = 192, .box_w = 11, .box_h = 10, .ofs_x = 0, .ofs_y = -1},
    {.bitmap_index = 3502, .adv_w = 192, .box_w = 12, .box_h = 12, .ofs_x = 0, .ofs_y = -1},
    {.bitmap_index = 3538, .adv_w = 192, .box_w = 10, .box_h = 11, .ofs_x = 1, .ofs_y = -1},
    {.bitmap_index = 3566, .adv_w = 192, .box_w = 11, .box_h = 11, .ofs_x = 1, .ofs_y = -1},
    {.bitmap_index = 3597, .adv_w = 192, .box_w = 12, .box_h = 12, .ofs_x = 0, .ofs_y = -2},
    {.bitmap_index = 3633, .adv_w = 192, .box_w = 12, .box_h = 13, .ofs_x = 0, .ofs_y = -2},
    {.bitmap_index = 3672, .adv_w = 192, .box_w = 12, .box_h = 12, .ofs_x = 0, .ofs_y = -2},
    {.bitmap_index = 3708, .adv_w = 192, .box_w = 12, .box_h = 12, .ofs_x = 0, .ofs_y = -2},
    {.bitmap_index = 3744, .adv_w = 192, .box_w = 12, .box_h = 11, .ofs_x = 0, .ofs_y = -1},
    {.bitmap_index = 3777, .adv_w = 192, .box_w = 12, .box_h = 11, .ofs_x = 0, .ofs_y = -1},
    {.bitmap_index = 3810, .adv_w = 192, .box_w = 11, .box_h = 11, .ofs_x = 0, .ofs_y = -1},
    {.bitmap_index = 3841, .adv_w = 192, .box_w = 12, .box_h = 12, .ofs_x = 0, .ofs_y = -1},
    {.bitmap_index = 3877, .adv_w = 192, .box_w = 12, .box_h = 12, .ofs_x = 0, .ofs_y = -1},
    {.bitmap_index = 3913, .adv_w = 192, .box_w = 11, .box_h = 12, .ofs_x = 0, .ofs_y = -2},
    {.bitmap_index = 3946, .adv_w = 192, .box_w = 12, .box_h = 12, .ofs_x = -1, .ofs_y = -2},
    {.bitmap_index = 3982, .adv_w = 192, .box_w = 12, .box_h = 12, .ofs_x = 0, .ofs_y = -2},
    {.bitmap_index = 4018, .adv_w = 192, .box_w = 10, .box_h = 12, .ofs_x = 1, .ofs_y = -2},
    {.bitmap_index = 4048, .adv_w = 192, .box_w = 11, .box_h = 12, .ofs_x = 0, .ofs_y = -2},
    {.bitmap_index = 4081, .adv_w = 192, .box_w = 12, .box_h = 12, .ofs_x = 0, .ofs_y = -1},
    {.bitmap_index = 4117, .adv_w = 192, .box_w = 12, .box_h = 11, .ofs_x = 0, .ofs_y = -1},
    {.bitmap_index = 4150, .adv_w = 192, .box_w = 10, .box_h = 10, .ofs_x = 1, .ofs_y = -1},
    {.bitmap_index = 4175, .adv_w = 192, .box_w = 11, .box_h = 11, .ofs_x = 1, .ofs_y = -1},
    {.bitmap_index = 4206, .adv_w = 192, .box_w = 11, .box_h = 13, .ofs_x = 0, .ofs_y = -2},
    {.bitmap_index = 4242, .adv_w = 192, .box_w = 11, .box_h = 11, .ofs_x = 1, .ofs_y = -1},
    {.bitmap_index = 4273, .adv_w = 192, .box_w = 11, .box_h = 13, .ofs_x = 1, .ofs_y = -2},
    {.bitmap_index = 4309, .adv_w = 192, .box_w = 11, .box_h = 12, .ofs_x = 1, .ofs_y = -2},
    {.bitmap_index = 4342, .adv_w = 192, .box_w = 11, .box_h = 11, .ofs_x = 0, .ofs_y = -1},
    {.bitmap_index = 4373, .adv_w = 192, .box_w = 12, .box_h = 10, .ofs_x = 0, .ofs_y = -1},
    {.bitmap_index = 4403, .adv_w = 192, .box_w = 12, .box_h = 10, .ofs_x = 0, .ofs_y = -1},
    {.bitmap_index = 4433, .adv_w = 192, .box_w = 12, .box_h = 12, .ofs_x = 0, .ofs_y = -1},
    {.bitmap_index = 4469, .adv_w = 192, .box_w = 12, .box_h = 11, .ofs_x = 0, .ofs_y = -2},
    {.bitmap_index = 4502, .adv_w = 192, .box_w = 11, .box_h = 11, .ofs_x = 0, .ofs_y = -2},
    {.bitmap_index = 4533, .adv_w = 192, .box_w = 12, .box_h = 11, .ofs_x = 0, .ofs_y = -2},
    {.bitmap_index = 4566, .adv_w = 192, .box_w = 12, .box_h = 11, .ofs_x = 0, .ofs_y = -2},
    {.bitmap_index = 4599, .adv_w = 192, .box_w = 11, .box_h = 12, .ofs_x = 0, .ofs_y = -2},
    {.bitmap_index = 4632, .adv_w = 192, .box_w = 12, .box_h = 12, .ofs_x = 0, .ofs_y = -2},
    {.bitmap_index = 4668, .adv_w = 192, .box_w = 12, .box_h = 12, .ofs_x = 0, .ofs_y = -2},
    {.bitmap_index = 4704, .adv_w = 192, .box_w = 12, .box_h = 12, .ofs_x = 0, .ofs_y = -2},
    {.bitmap_index = 4740, .adv_w = 192, .box_w = 13, .box_h = 11, .ofs_x = 0, .ofs_y = -2},
    {.bitmap_index = 4776, .adv_w = 192, .box_w = 12, .box_h = 13, .ofs_x = 0, .ofs_y = -2},
    {.bitmap_index = 4815, .adv_w = 192, .box_w = 10, .box_h = 10, .ofs_x = 1, .ofs_y = -1},
    {.bitmap_index = 4840, .adv_w = 192, .box_w = 11, .box_h = 10, .ofs_x = 1, .ofs_y = -1},
    {.bitmap_index = 4868, .adv_w = 192, .box_w = 12, .box_h = 12, .ofs_x = 0, .ofs_y = -2},
    {.bitmap_index = 4904, .adv_w = 192, .box_w = 12, .box_h = 11, .ofs_x = 0, .ofs_y = -1},
    {.bitmap_index = 4937, .adv_w = 192, .box_w = 11, .box_h = 10, .ofs_x = 0, .ofs_y = -1},
    {.bitmap_index = 4965, .adv_w = 192, .box_w = 12, .box_h = 11, .ofs_x = 0, .ofs_y = -1},
    {.bitmap_index = 4998, .adv_w = 192, .box_w = 10, .box_h = 10, .ofs_x = 1, .ofs_y = -1},
    {.bitmap_index = 5023, .adv_w = 192, .box_w = 11, .box_h = 12, .ofs_x = 0, .ofs_y = -1},
    {.bitmap_index = 5056, .adv_w = 192, .box_w = 12, .box_h = 11, .ofs_x = 0, .ofs_y = -1},
    {.bitmap_index = 5089, .adv_w = 192, .box_w = 10, .box_h = 12, .ofs_x = 1, .ofs_y = -2},
    {.bitmap_index = 5119, .adv_w = 192, .box_w = 12, .box_h = 11, .ofs_x = 0, .ofs_y = -1},
    {.bitmap_index = 5152, .adv_w = 192, .box_w = 12, .box_h = 13, .ofs_x = 0, .ofs_y = -2},
    {.bitmap_index = 5191, .adv_w = 192, .box_w = 12, .box_h = 11, .ofs_x = 0, .ofs_y = -2},
    {.bitmap_index = 5224, .adv_w = 192, .box_w = 13, .box_h = 11, .ofs_x = 0, .ofs_y = -1},
    {.bitmap_index = 5260, .adv_w = 192, .box_w = 12, .box_h = 13, .ofs_x = 0, .ofs_y = -2},
    {.bitmap_index = 5299, .adv_w = 192, .box_w = 12, .box_h = 10, .ofs_x = 0, .ofs_y = -1},
    {.bitmap_index = 5329, .adv_w = 192, .box_w = 12, .box_h = 10, .ofs_x = 0, .ofs_y = -1},
    {.bitmap_index = 5359, .adv_w = 192, .box_w = 10, .box_h = 10, .ofs_x = 1, .ofs_y = -1},
    {.bitmap_index = 5384, .adv_w = 192, .box_w = 10, .box_h = 10, .ofs_x = 1, .ofs_y = -1},
    {.bitmap_index = 5409, .adv_w = 192, .box_w = 12, .box_h = 10, .ofs_x = 0, .ofs_y = -1},
    {.bitmap_index = 5439, .adv_w = 192, .box_w = 12, .box_h = 10, .ofs_x = 0, .ofs_y = -1},
    {.bitmap_index = 5469, .adv_w = 192, .box_w = 12, .box_h = 10, .ofs_x = 0, .ofs_y = -1},
    {.bitmap_index = 5499, .adv_w = 192, .box_w = 12, .box_h = 11, .ofs_x = 0, .ofs_y = -1},
    {.bitmap_index = 5532, .adv_w = 192, .box_w = 12, .box_h = 11, .ofs_x = 0, .ofs_y = -1},
    {.bitmap_index = 5565, .adv_w = 192, .box_w = 12, .box_h = 13, .ofs_x = 0, .ofs_y = -2},
    {.bitmap_index = 5604, .adv_w = 192, .box_w = 12, .box_h = 11, .ofs_x = 0, .ofs_y = -1},
    {.bitmap_index = 5637, .adv_w = 192, .box_w = 12, .box_h = 11, .ofs_x = 0, .ofs_y = -1},
    {.bitmap_index = 5670, .adv_w = 192, .box_w = 12, .box_h = 13, .ofs_x = 0, .ofs_y = -2},
    {.bitmap_index = 5709, .adv_w = 192, .box_w = 12, .box_h = 12, .ofs_x = 0, .ofs_y = -1},
    {.bitmap_index = 5745, .adv_w = 192, .box_w = 12, .box_h = 11, .ofs_x = 0, .ofs_y = -1},
    {.bitmap_index = 5778, .adv_w = 192, .box_w = 11, .box_h = 12, .ofs_x = 1, .ofs_y = -2},
    {.bitmap_index = 5811, .adv_w = 192, .box_w = 12, .box_h = 12, .ofs_x = 0, .ofs_y = -1},
    {.bitmap_index = 5847, .adv_w = 192, .box_w = 12, .box_h = 12, .ofs_x = 0, .ofs_y = -1},
    {.bitmap_index = 5883, .adv_w = 192, .box_w = 12, .box_h = 12, .ofs_x = 0, .ofs_y = -2},
    {.bitmap_index = 5919, .adv_w = 192, .box_w = 12, .box_h = 11, .ofs_x = 0, .ofs_y = -1},
    {.bitmap_index = 5952, .adv_w = 192, .box_w = 12, .box_h = 12, .ofs_x = 0, .ofs_y = -2},
    {.bitmap_index = 5988, .adv_w = 192, .box_w = 11, .box_h = 13, .ofs_x = 0, .ofs_y = -2},
    {.bitmap_index = 6024, .adv_w = 192, .box_w = 11, .box_h = 12, .ofs_x = 1, .ofs_y = -1},
    {.bitmap_index = 6057, .adv_w = 192, .box_w = 12, .box_h = 12, .ofs_x = 0, .ofs_y = -1},
    {.bitmap_index = 6093, .adv_w = 192, .box_w = 12, .box_h = 13, .ofs_x = 0, .ofs_y = -2},
    {.bitmap_index = 6132, .adv_w = 192, .box_w = 12, .box_h = 13, .ofs_x = 0, .ofs_y = -2},
    {.bitmap_index = 6171, .adv_w = 192, .box_w = 12, .box_h = 11, .ofs_x = 0, .ofs_y = -1},
    {.bitmap_index = 6204, .adv_w = 192, .box_w = 12, .box_h = 10, .ofs_x = 0, .ofs_y = -1},
    {.bitmap_index = 6234, .adv_w = 192, .box_w = 12, .box_h = 11, .ofs_x = 0, .ofs_y = -1},
    {.bitmap_index = 6267, .adv_w = 192, .box_w = 12, .box_h = 10, .ofs_x = 0, .ofs_y = -1},
    {.bitmap_index = 6297, .adv_w = 192, .box_w = 12, .box_h = 13, .ofs_x = 0, .ofs_y = -2},
    {.bitmap_index = 6336, .adv_w = 192, .box_w = 12, .box_h = 11, .ofs_x = 0, .ofs_y = -2},
    {.bitmap_index = 6369, .adv_w = 192, .box_w = 13, .box_h = 11, .ofs_x = 0, .ofs_y = -2},
    {.bitmap_index = 6405, .adv_w = 192, .box_w = 12, .box_h = 12, .ofs_x = 0, .ofs_y = -1},
    {.bitmap_index = 6441, .adv_w = 192, .box_w = 11, .box_h = 11, .ofs_x = 1, .ofs_y = -1},
    {.bitmap_index = 6472, .adv_w = 192, .box_w = 12, .box_h = 11, .ofs_x = 0, .ofs_y = -1},
    {.bitmap_index = 6505, .adv_w = 192, .box_w = 11, .box_h = 10, .ofs_x = 1, .ofs_y = -1},
    {.bitmap_index = 6533, .adv_w = 192, .box_w = 11, .box_h = 12, .ofs_x = 1, .ofs_y = -1},
    {.bitmap_index = 6566, .adv_w = 192, .box_w = 12, .box_h = 12, .ofs_x = 0, .ofs_y = -2},
    {.bitmap_index = 6602, .adv_w = 192, .box_w = 11, .box_h = 10, .ofs_x = 1, .ofs_y = -1},
    {.bitmap_index = 6630, .adv_w = 192, .box_w = 11, .box_h = 13, .ofs_x = 1, .ofs_y = -2},
    {.bitmap_index = 6666, .adv_w = 192, .box_w = 12, .box_h = 11, .ofs_x = 0, .ofs_y = -1},
    {.bitmap_index = 6699, .adv_w = 192, .box_w = 11, .box_h = 13, .ofs_x = 0, .ofs_y = -2},
    {.bitmap_index = 6735, .adv_w = 192, .box_w = 12, .box_h = 12, .ofs_x = 0, .ofs_y = -2},
    {.bitmap_index = 6771, .adv_w = 192, .box_w = 12, .box_h = 12, .ofs_x = 0, .ofs_y = -2},
    {.bitmap_index = 6807, .adv_w = 192, .box_w = 12, .box_h = 12, .ofs_x = 0, .ofs_y = -2},
    {.bitmap_index = 6843, .adv_w = 192, .box_w = 11, .box_h = 11, .ofs_x = 1, .ofs_y = -2},
    {.bitmap_index = 6874, .adv_w = 192, .box_w = 12, .box_h = 12, .ofs_x = 0, .ofs_y = -2},
    {.bitmap_index = 6910, .adv_w = 192, .box_w = 11, .box_h = 11, .ofs_x = 0, .ofs_y = -2},
    {.bitmap_index = 6941, .adv_w = 192, .box_w = 12, .box_h = 12, .ofs_x = 0, .ofs_y = -2},
    {.bitmap_index = 6977, .adv_w = 192, .box_w = 11, .box_h = 11, .ofs_x = 1, .ofs_y = -1},
    {.bitmap_index = 7008, .adv_w = 192, .box_w = 12, .box_h = 10, .ofs_x = 0, .ofs_y = -1},
    {.bitmap_index = 7038, .adv_w = 192, .box_w = 12, .box_h = 12, .ofs_x = 0, .ofs_y = -2},
    {.bitmap_index = 7074, .adv_w = 192, .box_w = 12, .box_h = 11, .ofs_x = 0, .ofs_y = -1},
    {.bitmap_index = 7107, .adv_w = 192, .box_w = 12, .box_h = 12, .ofs_x = 0, .ofs_y = -2},
    {.bitmap_index = 7143, .adv_w = 192, .box_w = 12, .box_h = 13, .ofs_x = 0, .ofs_y = -2},
    {.bitmap_index = 7182, .adv_w = 192, .box_w = 12, .box_h = 11, .ofs_x = 0, .ofs_y = -1},
    {.bitmap_index = 7215, .adv_w = 192, .box_w = 13, .box_h = 11, .ofs_x = 0, .ofs_y = -1},
    {.bitmap_index = 7251, .adv_w = 192, .box_w = 12, .box_h = 12, .ofs_x = 0, .ofs_y = -1},
    {.bitmap_index = 7287, .adv_w = 192, .box_w = 12, .box_h = 10, .ofs_x = 0, .ofs_y = -1},
    {.bitmap_index = 7317, .adv_w = 192, .box_w = 12, .box_h = 11, .ofs_x = 0, .ofs_y = -1},
    {.bitmap_index = 7350, .adv_w = 192, .box_w = 12, .box_h = 12, .ofs_x = 0, .ofs_y = -1},
    {.bitmap_index = 7386, .adv_w = 192, .box_w = 13, .box_h = 13, .ofs_x = 0, .ofs_y = -2},
    {.bitmap_index = 7429, .adv_w = 192, .box_w = 12, .box_h = 11, .ofs_x = 0, .ofs_y = -1},
    {.bitmap_index = 7462, .adv_w = 192, .box_w = 12, .box_h = 11, .ofs_x = 0, .ofs_y = -1},
    {.bitmap_index = 7495, .adv_w = 192, .box_w = 12, .box_h = 13, .ofs_x = 0, .ofs_y = -2},
    {.bitmap_index = 7534, .adv_w = 192, .box_w = 12, .box_h = 12, .ofs_x = 0, .ofs_y = -2},
    {.bitmap_index = 7570, .adv_w = 192, .box_w = 11, .box_h = 11, .ofs_x = 1, .ofs_y = -1},
    {.bitmap_index = 7601, .adv_w = 192, .box_w = 11, .box_h = 11, .ofs_x = 0, .ofs_y = -1},
    {.bitmap_index = 7632, .adv_w = 192, .box_w = 12, .box_h = 12, .ofs_x = 0, .ofs_y = -2},
    {.bitmap_index = 7668, .adv_w = 192, .box_w = 13, .box_h = 12, .ofs_x = 0, .ofs_y = -1},
    {.bitmap_index = 7707, .adv_w = 192, .box_w = 12, .box_h = 12, .ofs_x = 0, .ofs_y = -1},
    {.bitmap_index = 7743, .adv_w = 192, .box_w = 12, .box_h = 13, .ofs_x = 0, .ofs_y = -2},
    {.bitmap_index = 7782, .adv_w = 192, .box_w = 12, .box_h = 13, .ofs_x = 0, .ofs_y = -2},
    {.bitmap_index = 7821, .adv_w = 192, .box_w = 12, .box_h = 12, .ofs_x = 0, .ofs_y = -2},
    {.bitmap_index = 7857, .adv_w = 192, .box_w = 13, .box_h = 11, .ofs_x = 0, .ofs_y = -1},
    {.bitmap_index = 7893, .adv_w = 192, .box_w = 12, .box_h = 11, .ofs_x = 0, .ofs_y = -1},
    {.bitmap_index = 7926, .adv_w = 192, .box_w = 12, .box_h = 13, .ofs_x = 0, .ofs_y = -2},
    {.bitmap_index = 7965, .adv_w = 192, .box_w = 13, .box_h = 11, .ofs_x = 0, .ofs_y = -1},
    {.bitmap_index = 8001, .adv_w = 192, .box_w = 12, .box_h = 12, .ofs_x = 0, .ofs_y = -2},
    {.bitmap_index = 8037, .adv_w = 192, .box_w = 12, .box_h = 13, .ofs_x = 0, .ofs_y = -2},
    {.bitmap_index = 8076, .adv_w = 192, .box_w = 12, .box_h = 12, .ofs_x = 0, .ofs_y = -2},
    {.bitmap_index = 8112, .adv_w = 192, .box_w = 12, .box_h = 13, .ofs_x = 0, .ofs_y = -2},
    {.bitmap_index = 8151, .adv_w = 192, .box_w = 12, .box_h = 13, .ofs_x = 0, .ofs_y = -2},
    {.bitmap_index = 8190, .adv_w = 192, .box_w = 12, .box_h = 12, .ofs_x = 0, .ofs_y = -1},
    {.bitmap_index = 8226, .adv_w = 192, .box_w = 12, .box_h = 11, .ofs_x = 0, .ofs_y = -1},
    {.bitmap_index = 8259, .adv_w = 192, .box_w = 12, .box_h = 12, .ofs_x = 0, .ofs_y = -2},
    {.bitmap_index = 8295, .adv_w = 192, .box_w = 12, .box_h = 12, .ofs_x = 0, .ofs_y = -1},
    {.bitmap_index = 8331, .adv_w = 192, .box_w = 12, .box_h = 11, .ofs_x = 0, .ofs_y = -1},
    {.bitmap_index = 8364, .adv_w = 192, .box_w = 12, .box_h = 12, .ofs_x = 0, .ofs_y = -2},
    {.bitmap_index = 8400, .adv_w = 192, .box_w = 12, .box_h = 13, .ofs_x = 0, .ofs_y = -2},
    {.bitmap_index = 8439, .adv_w = 192, .box_w = 12, .box_h = 12, .ofs_x = 0, .ofs_y = -2},
    {.bitmap_index = 8475, .adv_w = 192, .box_w = 12, .box_h = 12, .ofs_x = 0, .ofs_y = -2},
    {.bitmap_index = 8511, .adv_w = 192, .box_w = 12, .box_h = 12, .ofs_x = 0, .ofs_y = -1},
    {.bitmap_index = 8547, .adv_w = 192, .box_w = 12, .box_h = 13, .ofs_x = 0, .ofs_y = -2},
    {.bitmap_index = 8586, .adv_w = 192, .box_w = 12, .box_h = 11, .ofs_x = 0, .ofs_y = -1},
    {.bitmap_index = 8619, .adv_w = 192, .box_w = 12, .box_h = 12, .ofs_x = 0, .ofs_y = -1},
    {.bitmap_index = 8655, .adv_w = 192, .box_w = 12, .box_h = 12, .ofs_x = 0, .ofs_y = -1},
    {.bitmap_index = 8691, .adv_w = 192, .box_w = 12, .box_h = 13, .ofs_x = 0, .ofs_y = -2},
    {.bitmap_index = 8730, .adv_w = 192, .box_w = 11, .box_h = 12, .ofs_x = 1, .ofs_y = -2},
    {.bitmap_index = 8763, .adv_w = 192, .box_w = 12, .box_h = 11, .ofs_x = 0, .ofs_y = -2},
    {.bitmap_index = 8796, .adv_w = 192, .box_w = 8, .box_h = 11, .ofs_x = 2, .ofs_y = -2},
    {.bitmap_index = 8818, .adv_w = 192, .box_w = 12, .box_h = 11, .ofs_x = 0, .ofs_y = -1},
    {.bitmap_index = 8851, .adv_w = 192, .box_w = 12, .box_h = 10, .ofs_x = 0, .ofs_y = -1},
    {.bitmap_index = 8881, .adv_w = 192, .box_w = 11, .box_h = 10, .ofs_x = 1, .ofs_y = -1},
    {.bitmap_index = 8909, .adv_w = 192, .box_w = 11, .box_h = 12, .ofs_x = 1, .ofs_y = -1},
    {.bitmap_index = 8942, .adv_w = 192, .box_w = 12, .box_h = 11, .ofs_x = 0, .ofs_y = -1},
    {.bitmap_index = 8975, .adv_w = 192, .box_w = 12, .box_h = 11, .ofs_x = 0, .ofs_y = -2},
    {.bitmap_index = 9008, .adv_w = 192, .box_w = 11, .box_h = 11, .ofs_x = 1, .ofs_y = -2},
    {.bitmap_index = 9039, .adv_w = 192, .box_w = 10, .box_h = 11, .ofs_x = 1, .ofs_y = -2},
    {.bitmap_index = 9067, .adv_w = 192, .box_w = 12, .box_h = 12, .ofs_x = 0, .ofs_y = -1},
    {.bitmap_index = 9103, .adv_w = 192, .box_w = 11, .box_h = 12, .ofs_x = 0, .ofs_y = -2},
    {.bitmap_index = 9136, .adv_w = 192, .box_w = 12, .box_h = 11, .ofs_x = 0, .ofs_y = -1},
    {.bitmap_index = 9169, .adv_w = 192, .box_w = 12, .box_h = 11, .ofs_x = 0, .ofs_y = -1},
    {.bitmap_index = 9202, .adv_w = 192, .box_w = 12, .box_h = 12, .ofs_x = 0, .ofs_y = -2},
    {.bitmap_index = 9238, .adv_w = 192, .box_w = 12, .box_h = 11, .ofs_x = 0, .ofs_y = -1},
    {.bitmap_index = 9271, .adv_w = 192, .box_w = 12, .box_h = 11, .ofs_x = 0, .ofs_y = -1},
    {.bitmap_index = 9304, .adv_w = 192, .box_w = 12, .box_h = 11, .ofs_x = 0, .ofs_y = -1},
    {.bitmap_index = 9337, .adv_w = 192, .box_w = 12, .box_h = 12, .ofs_x = 0, .ofs_y = -2},
    {.bitmap_index = 9373, .adv_w = 192, .box_w = 12, .box_h = 12, .ofs_x = 0, .ofs_y = -2},
    {.bitmap_index = 9409, .adv_w = 192, .box_w = 12, .box_h = 11, .ofs_x = 0, .ofs_y = -1},
    {.bitmap_index = 9442, .adv_w = 192, .box_w = 12, .box_h = 11, .ofs_x = 0, .ofs_y = -1},
    {.bitmap_index = 9475, .adv_w = 192, .box_w = 12, .box_h = 12, .ofs_x = 0, .ofs_y = -1},
    {.bitmap_index = 9511, .adv_w = 192, .box_w = 12, .box_h = 13, .ofs_x = 0, .ofs_y = -2},
    {.bitmap_index = 9550, .adv_w = 192, .box_w = 12, .box_h = 11, .ofs_x = 0, .ofs_y = -1},
    {.bitmap_index = 9583, .adv_w = 192, .box_w = 12, .box_h = 11, .ofs_x = 0, .ofs_y = -1},
    {.bitmap_index = 9616, .adv_w = 192, .box_w = 12, .box_h = 12, .ofs_x = 0, .ofs_y = -2},
    {.bitmap_index = 9652, .adv_w = 192, .box_w = 12, .box_h = 12, .ofs_x = 0, .ofs_y = -2},
    {.bitmap_index = 9688, .adv_w = 192, .box_w = 11, .box_h = 12, .ofs_x = 1, .ofs_y = -2},
    {.bitmap_index = 9721, .adv_w = 192, .box_w = 11, .box_h = 11, .ofs_x = 1, .ofs_y = -1},
    {.bitmap_index = 9752, .adv_w = 192, .box_w = 11, .box_h = 10, .ofs_x = 1, .ofs_y = -1},
    {.bitmap_index = 9780, .adv_w = 192, .box_w = 12, .box_h = 12, .ofs_x = 0, .ofs_y = -2},
    {.bitmap_index = 9816, .adv_w = 192, .box_w = 11, .box_h = 12, .ofs_x = 1, .ofs_y = -2},
    {.bitmap_index = 9849, .adv_w = 192, .box_w = 12, .box_h = 12, .ofs_x = 0, .ofs_y = -2},
    {.bitmap_index = 9885, .adv_w = 192, .box_w = 12, .box_h = 13, .ofs_x = 0, .ofs_y = -2},
    {.bitmap_index = 9924, .adv_w = 192, .box_w = 12, .box_h = 11, .ofs_x = 0, .ofs_y = -1},
    {.bitmap_index = 9957, .adv_w = 192, .box_w = 12, .box_h = 12, .ofs_x = 0, .ofs_y = -2},
    {.bitmap_index = 9993, .adv_w = 192, .box_w = 12, .box_h = 12, .ofs_x = 0, .ofs_y = -2},
    {.bitmap_index = 10029, .adv_w = 192, .box_w = 12, .box_h = 12, .ofs_x = 0, .ofs_y = -2},
    {.bitmap_index = 10065, .adv_w = 192, .box_w = 12, .box_h = 11, .ofs_x = 0, .ofs_y = -1},
    {.bitmap_index = 10098, .adv_w = 192, .box_w = 12, .box_h = 12, .ofs_x = 0, .ofs_y = -2},
    {.bitmap_index = 10134, .adv_w = 192, .box_w = 12, .box_h = 12, .ofs_x = 0, .ofs_y = -2},
    {.bitmap_index = 10170, .adv_w = 192, .box_w = 11, .box_h = 12, .ofs_x = 0, .ofs_y = -2},
    {.bitmap_index = 10203, .adv_w = 192, .box_w = 12, .box_h = 11, .ofs_x = 0, .ofs_y = -1},
    {.bitmap_index = 10236, .adv_w = 192, .box_w = 12, .box_h = 12, .ofs_x = 0, .ofs_y = -2},
    {.bitmap_index = 10272, .adv_w = 192, .box_w = 12, .box_h = 11, .ofs_x = 0, .ofs_y = -1},
    {.bitmap_index = 10305, .adv_w = 192, .box_w = 12, .box_h = 12, .ofs_x = 0, .ofs_y = -2},
    {.bitmap_index = 10341, .adv_w = 192, .box_w = 12, .box_h = 12, .ofs_x = 0, .ofs_y = -2},
    {.bitmap_index = 10377, .adv_w = 192, .box_w = 12, .box_h = 12, .ofs_x = 0, .ofs_y = -2},
    {.bitmap_index = 10413, .adv_w = 192, .box_w = 12, .box_h = 12, .ofs_x = 0, .ofs_y = -2},
    {.bitmap_index = 10449, .adv_w = 192, .box_w = 12, .box_h = 11, .ofs_x = 0, .ofs_y = -2},
    {.bitmap_index = 10482, .adv_w = 192, .box_w = 12, .box_h = 12, .ofs_x = 0, .ofs_y = -2},
    {.bitmap_index = 10518, .adv_w = 192, .box_w = 11, .box_h = 12, .ofs_x = 0, .ofs_y = -1},
    {.bitmap_index = 10551, .adv_w = 192, .box_w = 12, .box_h = 13, .ofs_x = 0, .ofs_y = -2},
    {.bitmap_index = 10590, .adv_w = 192, .box_w = 12, .box_h = 10, .ofs_x = 0, .ofs_y = -1},
    {.bitmap_index = 10620, .adv_w = 192, .box_w = 12, .box_h = 12, .ofs_x = 0, .ofs_y = -1},
    {.bitmap_index = 10656, .adv_w = 192, .box_w = 12, .box_h = 13, .ofs_x = 0, .ofs_y = -2},
    {.bitmap_index = 10695, .adv_w = 192, .box_w = 12, .box_h = 12, .ofs_x = 0, .ofs_y = -1},
    {.bitmap_index = 10731, .adv_w = 192, .box_w = 13, .box_h = 11, .ofs_x = 0, .ofs_y = -1},
    {.bitmap_index = 10767, .adv_w = 192, .box_w = 13, .box_h = 12, .ofs_x = 0, .ofs_y = -2},
    {.bitmap_index = 10806, .adv_w = 192, .box_w = 12, .box_h = 11, .ofs_x = 0, .ofs_y = -2},
    {.bitmap_index = 10839, .adv_w = 192, .box_w = 10, .box_h = 11, .ofs_x = 1, .ofs_y = -1},
    {.bitmap_index = 10867, .adv_w = 192, .box_w = 11, .box_h = 11, .ofs_x = 1, .ofs_y = -1},
    {.bitmap_index = 10898, .adv_w = 192, .box_w = 11, .box_h = 11, .ofs_x = 0, .ofs_y = -1},
    {.bitmap_index = 10929, .adv_w = 192, .box_w = 10, .box_h = 12, .ofs_x = 1, .ofs_y = -2},
    {.bitmap_index = 10959, .adv_w = 192, .box_w = 11, .box_h = 11, .ofs_x = 1, .ofs_y = -1},
    {.bitmap_index = 10990, .adv_w = 192, .box_w = 10, .box_h = 10, .ofs_x = 1, .ofs_y = -1},
    {.bitmap_index = 11015, .adv_w = 192, .box_w = 11, .box_h = 11, .ofs_x = 1, .ofs_y = -1},
    {.bitmap_index = 11046, .adv_w = 192, .box_w = 12, .box_h = 11, .ofs_x = 0, .ofs_y = -1},
    {.bitmap_index = 11079, .adv_w = 192, .box_w = 12, .box_h = 11, .ofs_x = 0, .ofs_y = -2},
    {.bitmap_index = 11112, .adv_w = 192, .box_w = 12, .box_h = 11, .ofs_x = 0, .ofs_y = -1},
    {.bitmap_index = 11145, .adv_w = 192, .box_w = 12, .box_h = 11, .ofs_x = 0, .ofs_y = -1},
    {.bitmap_index = 11178, .adv_w = 192, .box_w = 12, .box_h = 11, .ofs_x = 0, .ofs_y = -1},
    {.bitmap_index = 11211, .adv_w = 192, .box_w = 12, .box_h = 11, .ofs_x = 0, .ofs_y = -2},
    {.bitmap_index = 11244, .adv_w = 192, .box_w = 12, .box_h = 11, .ofs_x = 0, .ofs_y = -1},
    {.bitmap_index = 11277, .adv_w = 192, .box_w = 12, .box_h = 10, .ofs_x = 0, .ofs_y = -1},
    {.bitmap_index = 11307, .adv_w = 192, .box_w = 12, .box_h = 11, .ofs_x = 0, .ofs_y = -1},
    {.bitmap_index = 11340, .adv_w = 192, .box_w = 12, .box_h = 12, .ofs_x = 0, .ofs_y = -2},
    {.bitmap_index = 11376, .adv_w = 192, .box_w = 12, .box_h = 13, .ofs_x = 0, .ofs_y = -2},
    {.bitmap_index = 11415, .adv_w = 192, .box_w = 11, .box_h = 11, .ofs_x = 0, .ofs_y = -1},
    {.bitmap_index = 11446, .adv_w = 192, .box_w = 12, .box_h = 13, .ofs_x = 0, .ofs_y = -2},
    {.bitmap_index = 11485, .adv_w = 192, .box_w = 12, .box_h = 12, .ofs_x = 0, .ofs_y = -1},
    {.bitmap_index = 11521, .adv_w = 192, .box_w = 12, .box_h = 12, .ofs_x = 0, .ofs_y = -2},
    {.bitmap_index = 11557, .adv_w = 192, .box_w = 11, .box_h = 12, .ofs_x = 1, .ofs_y = -2},
    {.bitmap_index = 11590, .adv_w = 192, .box_w = 11, .box_h = 11, .ofs_x = 0, .ofs_y = -1},
    {.bitmap_index = 11621, .adv_w = 192, .box_w = 12, .box_h = 12, .ofs_x = 0, .ofs_y = -2},
    {.bitmap_index = 11657, .adv_w = 192, .box_w = 12, .box_h = 11, .ofs_x = 0, .ofs_y = -1},
    {.bitmap_index = 11690, .adv_w = 192, .box_w = 12, .box_h = 11, .ofs_x = 0, .ofs_y = -1},
    {.bitmap_index = 11723, .adv_w = 192, .box_w = 11, .box_h = 11, .ofs_x = 0, .ofs_y = -1},
    {.bitmap_index = 11754, .adv_w = 192, .box_w = 12, .box_h = 11, .ofs_x = 0, .ofs_y = -1},
    {.bitmap_index = 11787, .adv_w = 192, .box_w = 12, .box_h = 11, .ofs_x = 0, .ofs_y = -1},
    {.bitmap_index = 11820, .adv_w = 192, .box_w = 12, .box_h = 10, .ofs_x = 0, .ofs_y = -1},
    {.bitmap_index = 11850, .adv_w = 192, .box_w = 12, .box_h = 12, .ofs_x = 0, .ofs_y = -2},
    {.bitmap_index = 11886, .adv_w = 192, .box_w = 12, .box_h = 12, .ofs_x = 0, .ofs_y = -2},
    {.bitmap_index = 11922, .adv_w = 192, .box_w = 12, .box_h = 12, .ofs_x = 0, .ofs_y = -1},
    {.bitmap_index = 11958, .adv_w = 192, .box_w = 12, .box_h = 11, .ofs_x = 0, .ofs_y = -1},
    {.bitmap_index = 11991, .adv_w = 192, .box_w = 12, .box_h = 13, .ofs_x = 0, .ofs_y = -2},
    {.bitmap_index = 12030, .adv_w = 192, .box_w = 12, .box_h = 12, .ofs_x = 0, .ofs_y = -2},
    {.bitmap_index = 12066, .adv_w = 192, .box_w = 12, .box_h = 12, .ofs_x = 0, .ofs_y = -1},
    {.bitmap_index = 12102, .adv_w = 192, .box_w = 12, .box_h = 12, .ofs_x = 0, .ofs_y = -1},
    {.bitmap_index = 12138, .adv_w = 192, .box_w = 12, .box_h = 13, .ofs_x = 0, .ofs_y = -2},
    {.bitmap_index = 12177, .adv_w = 192, .box_w = 12, .box_h = 13, .ofs_x = 0, .ofs_y = -2},
    {.bitmap_index = 12216, .adv_w = 192, .box_w = 12, .box_h = 12, .ofs_x = 0, .ofs_y = -1},
    {.bitmap_index = 12252, .adv_w = 192, .box_w = 13, .box_h = 13, .ofs_x = 0, .ofs_y = -2},
    {.bitmap_index = 12295, .adv_w = 192, .box_w = 12, .box_h = 11, .ofs_x = 0, .ofs_y = -1},
    {.bitmap_index = 12328, .adv_w = 192, .box_w = 12, .box_h = 11, .ofs_x = 0, .ofs_y = -1},
    {.bitmap_index = 12361, .adv_w = 192, .box_w = 12, .box_h = 12, .ofs_x = 0, .ofs_y = -1},
    {.bitmap_index = 12397, .adv_w = 192, .box_w = 10, .box_h = 10, .ofs_x = 1, .ofs_y = -1},
    {.bitmap_index = 12422, .adv_w = 192, .box_w = 11, .box_h = 11, .ofs_x = 0, .ofs_y = -2},
    {.bitmap_index = 12453, .adv_w = 192, .box_w = 12, .box_h = 10, .ofs_x = 0, .ofs_y = -1},
    {.bitmap_index = 12483, .adv_w = 192, .box_w = 12, .box_h = 11, .ofs_x = 0, .ofs_y = -1},
    {.bitmap_index = 12516, .adv_w = 192, .box_w = 12, .box_h = 12, .ofs_x = 0, .ofs_y = -1},
    {.bitmap_index = 12552, .adv_w = 192, .box_w = 11, .box_h = 12, .ofs_x = 0, .ofs_y = -1},
    {.bitmap_index = 12585, .adv_w = 192, .box_w = 12, .box_h = 12, .ofs_x = 0, .ofs_y = -1},
    {.bitmap_index = 12621, .adv_w = 192, .box_w = 10, .box_h = 11, .ofs_x = 1, .ofs_y = -1},
    {.bitmap_index = 12649, .adv_w = 192, .box_w = 12, .box_h = 12, .ofs_x = 0, .ofs_y = -2},
    {.bitmap_index = 12685, .adv_w = 192, .box_w = 12, .box_h = 12, .ofs_x = 0, .ofs_y = -2},
    {.bitmap_index = 12721, .adv_w = 192, .box_w = 11, .box_h = 11, .ofs_x = 1, .ofs_y = -1},
    {.bitmap_index = 12752, .adv_w = 192, .box_w = 12, .box_h = 11, .ofs_x = 0, .ofs_y = -1},
    {.bitmap_index = 12785, .adv_w = 192, .box_w = 12, .box_h = 11, .ofs_x = 0, .ofs_y = -1},
    {.bitmap_index = 12818, .adv_w = 192, .box_w = 12, .box_h = 11, .ofs_x = 0, .ofs_y = -1},
    {.bitmap_index = 12851, .adv_w = 192, .box_w = 12, .box_h = 12, .ofs_x = 0, .ofs_y = -1},
    {.bitmap_index = 12887, .adv_w = 192, .box_w = 12, .box_h = 11, .ofs_x = 0, .ofs_y = -1},
    {.bitmap_index = 12920, .adv_w = 192, .box_w = 11, .box_h = 12, .ofs_x = 0, .ofs_y = -2},
    {.bitmap_index = 12953, .adv_w = 192, .box_w = 12, .box_h = 12, .ofs_x = 0, .ofs_y = -2},
    {.bitmap_index = 12989, .adv_w = 192, .box_w = 12, .box_h = 12, .ofs_x = 0, .ofs_y = -2},
    {.bitmap_index = 13025, .adv_w = 192, .box_w = 12, .box_h = 12, .ofs_x = 0, .ofs_y = -1},
    {.bitmap_index = 13061, .adv_w = 192, .box_w = 11, .box_h = 10, .ofs_x = 1, .ofs_y = -1},
    {.bitmap_index = 13089, .adv_w = 192, .box_w = 12, .box_h = 12, .ofs_x = 0, .ofs_y = -2},
    {.bitmap_index = 13125, .adv_w = 192, .box_w = 12, .box_h = 12, .ofs_x = 0, .ofs_y = -2},
    {.bitmap_index = 13161, .adv_w = 192, .box_w = 11, .box_h = 13, .ofs_x = 0, .ofs_y = -2},
    {.bitmap_index = 13197, .adv_w = 192, .box_w = 11, .box_h = 12, .ofs_x = 0, .ofs_y = -2},
    {.bitmap_index = 13230, .adv_w = 192, .box_w = 12, .box_h = 11, .ofs_x = 0, .ofs_y = -1},
    {.bitmap_index = 13263, .adv_w = 192, .box_w = 12, .box_h = 12, .ofs_x = 0, .ofs_y = -2},
    {.bitmap_index = 13299, .adv_w = 192, .box_w = 12, .box_h = 12, .ofs_x = 0, .ofs_y = -2},
    {.bitmap_index = 13335, .adv_w = 192, .box_w = 12, .box_h = 12, .ofs_x = 0, .ofs_y = -2},
    {.bitmap_index = 13371, .adv_w = 192, .box_w = 12, .box_h = 12, .ofs_x = 0, .ofs_y = -1},
    {.bitmap_index = 13407, .adv_w = 192, .box_w = 12, .box_h = 11, .ofs_x = 0, .ofs_y = -1},
    {.bitmap_index = 13440, .adv_w = 192, .box_w = 12, .box_h = 12, .ofs_x = 0, .ofs_y = -2},
    {.bitmap_index = 13476, .adv_w = 192, .box_w = 12, .box_h = 11, .ofs_x = 0, .ofs_y = -1},
    {.bitmap_index = 13509, .adv_w = 192, .box_w = 13, .box_h = 12, .ofs_x = 0, .ofs_y = -2},
    {.bitmap_index = 13548, .adv_w = 192, .box_w = 12, .box_h = 12, .ofs_x = 0, .ofs_y = -2},
    {.bitmap_index = 13584, .adv_w = 192, .box_w = 12, .box_h = 12, .ofs_x = 0, .ofs_y = -2},
    {.bitmap_index = 13620, .adv_w = 192, .box_w = 12, .box_h = 12, .ofs_x = 0, .ofs_y = -2},
    {.bitmap_index = 13656, .adv_w = 192, .box_w = 11, .box_h = 11, .ofs_x = 0, .ofs_y = -2},
    {.bitmap_index = 13687, .adv_w = 192, .box_w = 12, .box_h = 11, .ofs_x = 0, .ofs_y = -1},
    {.bitmap_index = 13720, .adv_w = 192, .box_w = 13, .box_h = 12, .ofs_x = 0, .ofs_y = -2},
    {.bitmap_index = 13759, .adv_w = 192, .box_w = 13, .box_h = 11, .ofs_x = 0, .ofs_y = -1},
    {.bitmap_index = 13795, .adv_w = 192, .box_w = 12, .box_h = 13, .ofs_x = 0, .ofs_y = -2},
    {.bitmap_index = 13834, .adv_w = 192, .box_w = 12, .box_h = 12, .ofs_x = 0, .ofs_y = -2},
    {.bitmap_index = 13870, .adv_w = 192, .box_w = 12, .box_h = 13, .ofs_x = 0, .ofs_y = -2},
    {.bitmap_index = 13909, .adv_w = 192, .box_w = 12, .box_h = 11, .ofs_x = 0, .ofs_y = -1},
    {.bitmap_index = 13942, .adv_w = 192, .box_w = 13, .box_h = 12, .ofs_x = 0, .ofs_y = -1},
    {.bitmap_index = 13981, .adv_w = 192, .box_w = 12, .box_h = 12, .ofs_x = 0, .ofs_y = -2},
    {.bitmap_index = 14017, .adv_w = 192, .box_w = 12, .box_h = 12, .ofs_x = 0, .ofs_y = -2},
    {.bitmap_index = 14053, .adv_w = 192, .box_w = 12, .box_h = 12, .ofs_x = 0, .ofs_y = -2},
    {.bitmap_index = 14089, .adv_w = 192, .box_w = 12, .box_h = 12, .ofs_x = 0, .ofs_y = -2},
    {.bitmap_index = 14125, .adv_w = 192, .box_w = 12, .box_h = 12, .ofs_x = 0, .ofs_y = -2},
    {.bitmap_index = 14161, .adv_w = 192, .box_w = 12, .box_h = 12, .ofs_x = 0, .ofs_y = -2},
    {.bitmap_index = 14197, .adv_w = 192, .box_w = 12, .box_h = 12, .ofs_x = 0, .ofs_y = -2},
    {.bitmap_index = 14233, .adv_w = 192, .box_w = 12, .box_h = 12, .ofs_x = 0, .ofs_y = -2},
    {.bitmap_index = 14269, .adv_w = 192, .box_w = 12, .box_h = 13, .ofs_x = 0, .ofs_y = -2},
    {.bitmap_index = 14308, .adv_w = 192, .box_w = 12, .box_h = 13, .ofs_x = 0, .ofs_y = -2},
    {.bitmap_index = 14347, .adv_w = 192, .box_w = 12, .box_h = 13, .ofs_x = 0, .ofs_y = -2},
    {.bitmap_index = 14386, .adv_w = 192, .box_w = 12, .box_h = 12, .ofs_x = 0, .ofs_y = -2},
    {.bitmap_index = 14422, .adv_w = 192, .box_w = 12, .box_h = 12, .ofs_x = 0, .ofs_y = -2},
    {.bitmap_index = 14458, .adv_w = 192, .box_w = 12, .box_h = 12, .ofs_x = 0, .ofs_y = -2},
    {.bitmap_index = 14494, .adv_w = 192, .box_w = 12, .box_h = 12, .ofs_x = 0, .ofs_y = -2},
    {.bitmap_index = 14530, .adv_w = 192, .box_w = 12, .box_h = 12, .ofs_x = 0, .ofs_y = -2},
    {.bitmap_index = 14566, .adv_w = 192, .box_w = 12, .box_h = 13, .ofs_x = 0, .ofs_y = -2},
    {.bitmap_index = 14605, .adv_w = 192, .box_w = 12, .box_h = 12, .ofs_x = 0, .ofs_y = -2},
    {.bitmap_index = 14641, .adv_w = 192, .box_w = 12, .box_h = 11, .ofs_x = 1, .ofs_y = -1},
    {.bitmap_index = 14674, .adv_w = 192, .box_w = 11, .box_h = 10, .ofs_x = 0, .ofs_y = -1},
    {.bitmap_index = 14702, .adv_w = 192, .box_w = 12, .box_h = 11, .ofs_x = 0, .ofs_y = -1},
    {.bitmap_index = 14735, .adv_w = 192, .box_w = 11, .box_h = 11, .ofs_x = 1, .ofs_y = -1},
    {.bitmap_index = 14766, .adv_w = 192, .box_w = 12, .box_h = 11, .ofs_x = 0, .ofs_y = -1},
    {.bitmap_index = 14799, .adv_w = 192, .box_w = 12, .box_h = 12, .ofs_x = 0, .ofs_y = -1},
    {.bitmap_index = 14835, .adv_w = 192, .box_w = 12, .box_h = 12, .ofs_x = 0, .ofs_y = -2},
    {.bitmap_index = 14871, .adv_w = 192, .box_w = 12, .box_h = 13, .ofs_x = 0, .ofs_y = -2},
    {.bitmap_index = 14910, .adv_w = 192, .box_w = 11, .box_h = 12, .ofs_x = 1, .ofs_y = -2},
    {.bitmap_index = 14943, .adv_w = 192, .box_w = 10, .box_h = 11, .ofs_x = 1, .ofs_y = -1},
    {.bitmap_index = 14971, .adv_w = 192, .box_w = 10, .box_h = 11, .ofs_x = 1, .ofs_y = -1},
    {.bitmap_index = 14999, .adv_w = 192, .box_w = 10, .box_h = 11, .ofs_x = 1, .ofs_y = -1},
    {.bitmap_index = 15027, .adv_w = 192, .box_w = 12, .box_h = 11, .ofs_x = 0, .ofs_y = -1},
    {.bitmap_index = 15060, .adv_w = 192, .box_w = 12, .box_h = 12, .ofs_x = 0, .ofs_y = -1},
    {.bitmap_index = 15096, .adv_w = 192, .box_w = 12, .box_h = 12, .ofs_x = 0, .ofs_y = -2},
    {.bitmap_index = 15132, .adv_w = 192, .box_w = 12, .box_h = 11, .ofs_x = 0, .ofs_y = -1},
    {.bitmap_index = 15165, .adv_w = 192, .box_w = 12, .box_h = 11, .ofs_x = 0, .ofs_y = -2},
    {.bitmap_index = 15198, .adv_w = 192, .box_w = 11, .box_h = 13, .ofs_x = 1, .ofs_y = -2},
    {.bitmap_index = 15234, .adv_w = 192, .box_w = 11, .box_h = 10, .ofs_x = 1, .ofs_y = -1},
    {.bitmap_index = 15262, .adv_w = 192, .box_w = 11, .box_h = 11, .ofs_x = 1, .ofs_y = -2},
    {.bitmap_index = 15293, .adv_w = 192, .box_w = 12, .box_h = 12, .ofs_x = 0, .ofs_y = -2},
    {.bitmap_index = 15329, .adv_w = 192, .box_w = 13, .box_h = 12, .ofs_x = -1, .ofs_y = -2},
    {.bitmap_index = 15368, .adv_w = 192, .box_w = 12, .box_h = 12, .ofs_x = 0, .ofs_y = -2},
    {.bitmap_index = 15404, .adv_w = 192, .box_w = 12, .box_h = 11, .ofs_x = 0, .ofs_y = -1},
    {.bitmap_index = 15437, .adv_w = 192, .box_w = 12, .box_h = 11, .ofs_x = 0, .ofs_y = -1},
    {.bitmap_index = 15470, .adv_w = 192, .box_w = 11, .box_h = 11, .ofs_x = 0, .ofs_y = -1},
    {.bitmap_index = 15501, .adv_w = 192, .box_w = 11, .box_h = 11, .ofs_x = 0, .ofs_y = -1},
    {.bitmap_index = 15532, .adv_w = 192, .box_w = 11, .box_h = 10, .ofs_x = 1, .ofs_y = -1},
    {.bitmap_index = 15560, .adv_w = 192, .box_w = 3, .box_h = 9, .ofs_x = 1, .ofs_y = 0},
    {.bitmap_index = 15567, .adv_w = 192, .box_w = 3, .box_h = 11, .ofs_x = 8, .ofs_y = -1},
    {.bitmap_index = 15576, .adv_w = 192, .box_w = 3, .box_h = 11, .ofs_x = 1, .ofs_y = -1},
    {.bitmap_index = 15585, .adv_w = 192, .box_w = 4, .box_h = 5, .ofs_x = 0, .ofs_y = -3},
    {.bitmap_index = 15590, .adv_w = 192, .box_w = 2, .box_h = 7, .ofs_x = 2, .ofs_y = 1},
    {.bitmap_index = 15594, .adv_w = 192, .box_w = 3, .box_h = 10, .ofs_x = 2, .ofs_y = -2},
    {.bitmap_index = 15602, .adv_w = 192, .box_w = 6, .box_h = 9, .ofs_x = 0, .ofs_y = 0}
};

/*---------------------
 *  CHARACTER MAPPING
 *--------------------*/

static const uint16_t unicode_list_1[] = {
    0x0, 0x1, 0x7, 0x27, 0x47, 0x1f64, 0x1f76, 0x2053,
    0x20e0, 0x20e1, 0x20e2, 0x20e3, 0x251f, 0x2663, 0x2f51, 0x2f52,
    0x4d50, 0x4d59, 0x4d5a, 0x4d5b, 0x4d5d, 0x4d5e, 0x4d6c, 0x4d75,
    0x4d7a, 0x4d7d, 0x4d8a, 0x4d99, 0x4db6, 0x4dd6, 0x4ddc, 0x4dde,
    0x4de4, 0x4df7, 0x4dfe, 0x4e15, 0x4e1d, 0x4e1e, 0x4e3a, 0x4e46,
    0x4e4d, 0x4e61, 0x4e6a, 0x4e70, 0x4e88, 0x4e9d, 0x4e9e, 0x4ea3,
    0x4ea9, 0x4eac, 0x4f2d, 0x4f31, 0x4f8c, 0x4f8e, 0x4f9f, 0x4fac,
    0x4ff8, 0x5095, 0x5098, 0x5099, 0x50b5, 0x50b8, 0x50bc, 0x50bd,
    0x50c1, 0x50c3, 0x50c6, 0x50c7, 0x50d5, 0x50dd, 0x50e9, 0x5116,
    0x514a, 0x514b, 0x5156, 0x5162, 0x5167, 0x5170, 0x5180, 0x5186,
    0x519d, 0x51a6, 0x51b9, 0x51ef, 0x51f0, 0x51f8, 0x524e, 0x524f,
    0x5266, 0x5267, 0x528a, 0x5291, 0x5297, 0x52a5, 0x52a7, 0x52b0,
    0x52b1, 0x52bb, 0x52c3, 0x52c7, 0x52d2, 0x52d6, 0x52db, 0x52ef,
    0x530b, 0x5312, 0x531d, 0x5321, 0x5326, 0x5328, 0x5333, 0x533f,
    0x5342, 0x5343, 0x5347, 0x5358, 0x535c, 0x535d, 0x535e, 0x5361,
    0x537c, 0x537f, 0x53b8, 0x53cd, 0x5474, 0x55b8, 0x562b, 0x562e,
    0x564a, 0x564e, 0x5656, 0x5658, 0x5678, 0x5680, 0x5697, 0x569f,
    0x56a0, 0x56b1, 0x5756, 0x5857, 0x585d, 0x5866, 0x586c, 0x5877,
    0x5881, 0x5884, 0x591b, 0x5aa7, 0x5aa8, 0x5adc, 0x5aea, 0x5b49,
    0x5b4c, 0x5b56, 0x5b5f, 0x5b81, 0x5b8d, 0x5b9f, 0x5c40, 0x5d35,
    0x5d36, 0x5d42, 0x5d76, 0x5d88, 0x5dc3, 0x5dc6, 0x5ddf, 0x5de4,
    0x5df6, 0x5e46, 0x5e4a, 0x5e50, 0x5e5f, 0x5e8a, 0x5ea2, 0x5ea3,
    0x5ea5, 0x5eb2, 0x5ed0, 0x5ed4, 0x5ed5, 0x5f13, 0x5f3b, 0x5f51,
    0x5f6d, 0x5f75, 0x5f8b, 0x5fb2, 0x6030, 0x606f, 0x6160, 0x6166,
    0x619b, 0x61a3, 0x61bb, 0x61ce, 0x61e8, 0x61f4, 0x6224, 0x622f,
    0x6239, 0x624f, 0x6251, 0x6252, 0x6257, 0x6259, 0x62be, 0x62d9,
    0x62f5, 0x62f8, 0x631f, 0x636c, 0x63fd, 0x641d, 0x647f, 0x6486,
    0x648e, 0x6498, 0x64c0, 0x64d7, 0x64e7, 0x64ec, 0x64fd, 0x6500,
    0x6509, 0x6530, 0x6535, 0x6546, 0x656f, 0x658e, 0x65be, 0x65d2,
    0x6644, 0x6650, 0x6658, 0x6659, 0x666f, 0x667a, 0x667c, 0x668a,
    0x66af, 0x66b1, 0x66b5, 0x66cf, 0x66d1, 0x6735, 0x6757, 0x6758,
    0x6771, 0x6810, 0x68d2, 0x6971, 0x6a71, 0x6a9c, 0x6ab2, 0x6ab3,
    0x6ab4, 0x6ab5, 0x6b24, 0x6b64, 0x6b84, 0x6b97, 0x6bb0, 0x6bf1,
    0x6c0f, 0x6c25, 0x6c32, 0x6c9b, 0x6cc7, 0x6cd8, 0x6d55, 0x6de0,
    0x6e34, 0x6fc0, 0x7009, 0x70b7, 0x717c, 0x7197, 0x7198, 0x71a9,
    0x71c9, 0x7206, 0x72d7, 0x72ff, 0x7300, 0x7478, 0x7481, 0x7485,
    0x74a9, 0x75cd, 0x7628, 0x763e, 0x7644, 0x765b, 0x7670, 0x7735,
    0x773d, 0x7751, 0x77bc, 0x7811, 0x788a, 0x790b, 0x7922, 0x794b,
    0x795b, 0x795d, 0x79ca, 0x7a29, 0x7a7c, 0x7a99, 0x7ae7, 0x7b01,
    0x7bc3, 0x7be7, 0x7c4b, 0x7c72, 0x7c7f, 0x7df2, 0x7df6, 0x7e0f,
    0x7e14, 0x7e18, 0x7e1f, 0x7e21, 0x7e23, 0x7e2f, 0x7e37, 0x7e3a,
    0x7e3d, 0x7e44, 0x7e4f, 0x7e66, 0x7ea1, 0x7ea7, 0x7ebe, 0x7f51,
    0x7f67, 0x801c, 0x804d, 0x813a, 0x817a, 0x8241, 0x8249, 0x82a0,
    0x832c, 0x842d, 0x8652, 0x870a, 0x879c, 0x87a4, 0x87b8, 0x87fb,
    0x88cf, 0x8914, 0x8916, 0x8918, 0x8933, 0x8af1, 0x8afe, 0x8b00,
    0x8b0e, 0x8b25, 0x8b47, 0x8b4b, 0x8b87, 0x8c75, 0x8c94, 0x8cc7,
    0x8cd5, 0x8d03, 0x8d3f, 0x8d43, 0x8d5f, 0x8eb8, 0x8ebc, 0x8ecd,
    0x8ee1, 0x8ee3, 0x8f0e, 0x8f17, 0x8f20, 0x8f21, 0x8f24, 0x8f28,
    0x8f29, 0x8f2e, 0x8f49, 0x8f51, 0x8f52, 0x8f56, 0x8f59, 0x8f64,
    0x8f6a, 0x8f6f, 0x8fa3, 0x909d, 0x90e2, 0x911c, 0x911d, 0x911f,
    0x93d8, 0x93ef, 0x9451, 0x947e, 0x94cf, 0x953d, 0x9542, 0x9544,
    0x9590, 0x9594, 0x959d, 0x95b4, 0x9646, 0x96a9, 0x96b2, 0x97c5,
    0x97ca, 0x97e1, 0x97e7, 0x99dc, 0x99e1, 0x9a28, 0x9d73, 0x9e21,
    0xfe51, 0xfe58, 0xfe59, 0xfe5c, 0xfe6a, 0xfe6b, 0xfe6f
};

/*Collect the unicode lists and glyph_id offsets*/
static const lv_font_fmt_txt_cmap_t cmaps[] =
{
    {
        .range_start = 32, .range_length = 95, .glyph_id_start = 1,
        .unicode_list = NULL, .glyph_id_ofs_list = NULL, .list_length = 0, .type = LV_FONT_FMT_TXT_CMAP_FORMAT0_TINY
    },
    {
        .range_start = 176, .range_length = 65136, .glyph_id_start = 96,
        .unicode_list = unicode_list_1, .glyph_id_ofs_list = NULL, .list_length = 431, .type = LV_FONT_FMT_TXT_CMAP_SPARSE_TINY
    }
};



/*--------------------
 *  ALL CUSTOM DATA
 *--------------------*/

#if LVGL_VERSION_MAJOR == 8
/*Store all the custom data of the font*/
static  lv_font_fmt_txt_glyph_cache_t cache;
#endif

#if LVGL_VERSION_MAJOR >= 8
static const lv_font_fmt_txt_dsc_t font_dsc = {
#else
static lv_font_fmt_txt_dsc_t font_dsc = {
#endif
    .glyph_bitmap = glyph_bitmap,
    .glyph_dsc = glyph_dsc,
    .cmaps = cmaps,
    .kern_dsc = NULL,
    .kern_scale = 0,
    .cmap_num = 2,
    .bpp = 2,
    .kern_classes = 0,
    .bitmap_format = 0,
#if LVGL_VERSION_MAJOR == 8
    .cache = &cache
#endif
};



/*-----------------
 *  PUBLIC FONT
 *----------------*/

/*Initialize a public general font descriptor*/
#if LVGL_VERSION_MAJOR >= 8
const lv_font_t helm_ui_12 = {
#else
lv_font_t helm_ui_12 = {
#endif
    .get_glyph_dsc = lv_font_get_glyph_dsc_fmt_txt,    /*Function pointer to get glyph's data*/
    .get_glyph_bitmap = lv_font_get_bitmap_fmt_txt,    /*Function pointer to get glyph's bitmap*/
    .line_height = 15,          /*The maximum line height required by the font*/
    .base_line = 3,             /*Baseline measured from the bottom of the line*/
#if !(LVGL_VERSION_MAJOR == 6 && LVGL_VERSION_MINOR == 0)
    .subpx = LV_FONT_SUBPX_NONE,
#endif
#if LV_VERSION_CHECK(7, 4, 0) || LVGL_VERSION_MAJOR >= 8
    .underline_position = -1,
    .underline_thickness = 1,
#endif
    .dsc = &font_dsc,          /*The custom font data. Will be accessed by `get_glyph_bitmap/dsc` */
#if LV_VERSION_CHECK(8, 2, 0) || LVGL_VERSION_MAJOR >= 9
    .fallback = NULL,
#endif
    .user_data = NULL,
};



#endif /*#if HELM_UI_12*/

