/*******************************************************************************
 * Size: 22 px
 * Bpp: 4
 * Opts: --size 22 --bpp 4 --format lvgl --no-compress --no-prefilter --no-kerning --lv-include lvgl/lvgl.h --lv-font-name helm_mism4_22 -o /home/jinsc/SDK/vela/openvela/vendor/my_vendor/boards/sf32lb52/my_vendor/ui/bicycle/src/lvgl_page/fonts/helm_mism4_22.c --font /usr/share/fonts/truetype/misans/MiSans-Medium.ttf --autohint-strong -r 0x20-0x7E --symbols !"#$%&'()*+,-./0123456789:;<=>?@ABCDEFGHIJKLMNOPQRSTUVWXYZ[\]^_`abcdefghijklmnopqrstuvwxyz{|}~°±·×÷—…℃←↑→↓●✓、。一上下不与严中为义书于产亮仅从件份会传伸位低体使保信偏停储先光入全公关其内写准出击分划列删到制前剖功加动勿化区升单卡即厂历压原去反发取变口可史右号合同名后向听启命器回固图圈在地均坏坐坡备复外夜失头始字存完定对导将小就尽屏工左已带常平并序应度延建开式强归当录往径待心快思急总惠感成手打扫找折护拔拟择按据掉接推描搜播放效数文断新方无日时星显普暂更最有期未本机束条来板极查标校检模次歌止正此步比气水汇池没沿法波测海消添源滤灰点照爬版牙特率现用由电留白目直看知短码硬磁示离秒移程稍空站第等算米粗索累红约线终经结绪维绿网置老背自航英苹荐菜蓝蜂螺行衔表规视解计议记设试请读谷败起足路跳踏轨转载输达过运近返这连迹送适逆选途通速道配里重量钟键长闭间陀附降除零静面页顺频验骑高鸣黑！，：；？稿顶栏大走边状态套阵符形齿盘闪底给斜抗锯半透明档太多塌每节像素覆盖实暗提库那种随余生的车主界排十割或三格父宽满改段翻则被引跑继续持仍独须收横幅能只刷控尺寸齐圆角题是弹窗都画及子己观察者再壳进倒避免优首末差墙跨得询问它类型块相邻距超值跟否抽密稀确认退采样求调人轮族具箱指南针仪系统剩闲罗切换泡北东西倾环峰恢概清览休眠拿唤醒卫参堆斗资锁颗（）组支
 ******************************************************************************/

#ifdef LV_LVGL_H_INCLUDE_SIMPLE
#include "lvgl.h"
#else
#include "lvgl/lvgl.h"
#endif

#ifndef HELM_MISM4_22
#define HELM_MISM4_22 1
#endif

#if HELM_MISM4_22

/*-----------------
 *    BITMAPS
 *----------------*/

/*Store the image of the glyphs*/
static LV_ATTRIBUTE_LARGE_CONST const uint8_t glyph_bitmap[] = {
    /* U+0020 " " */

    /* U+0021 "!" */
    0xff, 0x2f, 0xf2, 0xff, 0x2f, 0xf2, 0xff, 0x2f,
    0xf2, 0xff, 0x2f, 0xf2, 0xff, 0x2f, 0xf2, 0xff,
    0x20, 0x0, 0x0, 0x0, 0x0, 0xff, 0x2f, 0xf2,

    /* U+0022 "\"" */
    0xf, 0xf5, 0x7f, 0xd0, 0xef, 0x46, 0xfb, 0xd,
    0xf3, 0x5f, 0xa0, 0xbf, 0x14, 0xf9, 0xa, 0xf0,
    0x3f, 0x70, 0x9f, 0x2, 0xf6,

    /* U+0023 "#" */
    0x0, 0x0, 0xf, 0xe0, 0x0, 0xcf, 0x10, 0x0,
    0x0, 0x3f, 0xa0, 0x0, 0xfe, 0x0, 0x0, 0x0,
    0x6f, 0x70, 0x3, 0xfa, 0x0, 0x0, 0x0, 0xaf,
    0x30, 0x7, 0xf6, 0x0, 0xf, 0xff, 0xff, 0xff,
    0xff, 0xff, 0xff, 0xf, 0xff, 0xff, 0xff, 0xff,
    0xff, 0xff, 0x0, 0x4, 0xf9, 0x0, 0xf, 0xd0,
    0x0, 0x0, 0x7, 0xf6, 0x0, 0x3f, 0xa0, 0x0,
    0x0, 0xa, 0xf3, 0x0, 0x7f, 0x70, 0x0, 0x0,
    0xd, 0xf0, 0x0, 0xaf, 0x40, 0x0, 0xff, 0xff,
    0xff, 0xff, 0xff, 0xff, 0xf0, 0xff, 0xff, 0xff,
    0xff, 0xff, 0xff, 0xf0, 0x0, 0x6f, 0x70, 0x3,
    0xfa, 0x0, 0x0, 0x0, 0xaf, 0x30, 0x7, 0xf7,
    0x0, 0x0, 0x0, 0xef, 0x0, 0xa, 0xf3, 0x0,
    0x0, 0x1, 0xfc, 0x0, 0xe, 0xf0, 0x0, 0x0,

    /* U+0024 "$" */
    0x0, 0x0, 0x2, 0xff, 0x0, 0x0, 0x0, 0x0,
    0x0, 0x2f, 0xf0, 0x0, 0x0, 0x0, 0x5, 0xbf,
    0xff, 0xfb, 0x30, 0x0, 0xa, 0xff, 0xff, 0xff,
    0xff, 0x80, 0x7, 0xff, 0x63, 0xff, 0x29, 0xff,
    0x60, 0xdf, 0x60, 0x2f, 0xf0, 0x6, 0xa0, 0xf,
    0xf3, 0x2, 0xff, 0x0, 0x0, 0x0, 0xdf, 0x90,
    0x2f, 0xf0, 0x0, 0x0, 0x6, 0xff, 0xb6, 0xff,
    0x0, 0x0, 0x0, 0x7, 0xff, 0xff, 0xf6, 0x10,
    0x0, 0x0, 0x2, 0x8d, 0xff, 0xff, 0x91, 0x0,
    0x0, 0x0, 0x2f, 0xfc, 0xff, 0xd1, 0x0, 0x0,
    0x2, 0xff, 0x3, 0xef, 0x80, 0x0, 0x0, 0x2f,
    0xf0, 0x7, 0xfc, 0x3, 0x80, 0x2, 0xff, 0x0,
    0x6f, 0xc2, 0xff, 0x80, 0x2f, 0xf0, 0x2e, 0xf8,
    0x7, 0xff, 0xea, 0xff, 0xaf, 0xfe, 0x10, 0x4,
    0xdf, 0xff, 0xff, 0xfb, 0x10, 0x0, 0x0, 0x38,
    0xff, 0x62, 0x0, 0x0, 0x0, 0x0, 0x2f, 0xf0,
    0x0, 0x0,

    /* U+0025 "%" */
    0x4, 0xbf, 0xfb, 0x40, 0x0, 0x0, 0xa, 0xf7,
    0x0, 0x4f, 0xff, 0xff, 0xf4, 0x0, 0x0, 0x5f,
    0xb0, 0x0, 0xdf, 0xa0, 0xa, 0xfd, 0x0, 0x2,
    0xfe, 0x10, 0x0, 0xff, 0x30, 0x3, 0xff, 0x0,
    0xc, 0xf4, 0x0, 0x0, 0xdf, 0xa0, 0xa, 0xfd,
    0x0, 0x8f, 0x80, 0x0, 0x0, 0x5f, 0xff, 0xff,
    0xf5, 0x4, 0xfc, 0x0, 0x0, 0x0, 0x4, 0xbf,
    0xfc, 0x40, 0x1e, 0xf2, 0x0, 0x0, 0x0, 0x0,
    0x0, 0x0, 0x0, 0xbf, 0x50, 0x0, 0x0, 0x0,
    0x0, 0x0, 0x0, 0x6, 0xfa, 0x0, 0x58, 0x84,
    0x0, 0x0, 0x0, 0x0, 0x2f, 0xd0, 0x1d, 0xff,
    0xff, 0xb0, 0x0, 0x0, 0x0, 0xdf, 0x30, 0xbf,
    0xa1, 0x2c, 0xf8, 0x0, 0x0, 0x9, 0xf7, 0x1,
    0xff, 0x10, 0x4, 0xfe, 0x0, 0x0, 0x5f, 0xb0,
    0x1, 0xff, 0x10, 0x3, 0xff, 0x0, 0x1, 0xee,
    0x10, 0x0, 0xef, 0x90, 0x1c, 0xfb, 0x0, 0xb,
    0xf4, 0x0, 0x0, 0x5f, 0xff, 0xff, 0xf3, 0x0,
    0x7f, 0x80, 0x0, 0x0, 0x4, 0xcf, 0xfb, 0x30,

    /* U+0026 "&" */
    0x0, 0x1, 0x9d, 0xfe, 0xa2, 0x0, 0x0, 0x0,
    0x2, 0xef, 0xff, 0xff, 0xf3, 0x0, 0x0, 0x0,
    0xbf, 0xd3, 0x2, 0xcf, 0xc0, 0x0, 0x0, 0xf,
    0xf4, 0x0, 0x3, 0xff, 0x0, 0x0, 0x0, 0xef,
    0x30, 0x0, 0x5f, 0xd0, 0x0, 0x0, 0xa, 0xfb,
    0x0, 0x5f, 0xf6, 0x0, 0x0, 0x0, 0x1e, 0xfc,
    0xdf, 0xf7, 0x0, 0x0, 0x0, 0x2, 0xcf, 0xff,
    0xb2, 0x0, 0x0, 0x0, 0x7, 0xff, 0xdf, 0xfc,
    0x10, 0x1, 0xa5, 0x5, 0xff, 0x60, 0x3e, 0xfd,
    0x10, 0x7f, 0xb0, 0xcf, 0x70, 0x0, 0x2e, 0xfd,
    0x2e, 0xf5, 0xf, 0xf3, 0x0, 0x0, 0x1d, 0xff,
    0xfb, 0x0, 0xef, 0x70, 0x0, 0x0, 0x1f, 0xff,
    0x30, 0x8, 0xff, 0x60, 0x1, 0x6d, 0xff, 0xfc,
    0x0, 0xb, 0xff, 0xff, 0xff, 0xfb, 0x3e, 0xfa,
    0x0, 0x6, 0xbe, 0xfe, 0xa4, 0x0, 0x5f, 0xf8,

    /* U+0027 "'" */
    0xf, 0xf5, 0xe, 0xf3, 0xd, 0xf2, 0xc, 0xf1,
    0xa, 0xf0, 0x9, 0xe0,

    /* U+0028 "(" */
    0x0, 0x8f, 0x90, 0x1f, 0xf1, 0x7, 0xfa, 0x0,
    0xdf, 0x40, 0x2f, 0xf0, 0x6, 0xfb, 0x0, 0xaf,
    0x80, 0xc, 0xf5, 0x0, 0xef, 0x40, 0xf, 0xf3,
    0x0, 0xff, 0x30, 0xe, 0xf4, 0x0, 0xcf, 0x50,
    0xa, 0xf8, 0x0, 0x6f, 0xb0, 0x2, 0xff, 0x0,
    0xd, 0xf5, 0x0, 0x7f, 0xa0, 0x1, 0xff, 0x10,
    0x8, 0xf9,

    /* U+0029 ")" */
    0x6f, 0xa0, 0x0, 0xe, 0xf2, 0x0, 0x7, 0xfa,
    0x0, 0x2, 0xff, 0x0, 0x0, 0xdf, 0x50, 0x0,
    0x9f, 0x90, 0x0, 0x6f, 0xc0, 0x0, 0x3f, 0xf0,
    0x0, 0x1f, 0xf0, 0x0, 0xf, 0xf1, 0x0, 0xf,
    0xf1, 0x0, 0x1f, 0xf0, 0x0, 0x3f, 0xf0, 0x0,
    0x6f, 0xc0, 0x0, 0x9f, 0x90, 0x0, 0xdf, 0x50,
    0x2, 0xff, 0x0, 0x7, 0xfa, 0x0, 0xe, 0xf2,
    0x0, 0x6f, 0xa0, 0x0,

    /* U+002A "*" */
    0x0, 0xd, 0xb0, 0x0, 0xb, 0x3c, 0xa4, 0xa0,
    0x3e, 0xfe, 0xef, 0xd1, 0x1, 0xcf, 0xfa, 0x0,
    0x3e, 0xfe, 0xef, 0xd1, 0xb, 0x3c, 0xa4, 0xa0,
    0x0, 0xd, 0xb0, 0x0,

    /* U+002B "+" */
    0x0, 0x0, 0xff, 0x20, 0x0, 0x0, 0x0, 0xff,
    0x20, 0x0, 0x0, 0x0, 0xff, 0x20, 0x0, 0x0,
    0x0, 0xff, 0x20, 0x0, 0xff, 0xff, 0xff, 0xff,
    0xff, 0xff, 0xff, 0xff, 0xff, 0xff, 0x0, 0x0,
    0xff, 0x20, 0x0, 0x0, 0x0, 0xff, 0x20, 0x0,
    0x0, 0x0, 0xff, 0x20, 0x0, 0x0, 0x0, 0xff,
    0x20, 0x0,

    /* U+002C "," */
    0xf, 0xf2, 0xf, 0xf2, 0x0, 0xe2, 0x3, 0xf0,
    0x2e, 0x70, 0x5, 0x0,

    /* U+002D "-" */
    0xff, 0xff, 0xff, 0xff, 0xff, 0xff, 0xff, 0xff,

    /* U+002E "." */
    0xff, 0x2f, 0xf2,

    /* U+002F "/" */
    0x0, 0x0, 0x2, 0xff, 0x0, 0x0, 0x0, 0x7f,
    0xb0, 0x0, 0x0, 0xd, 0xf5, 0x0, 0x0, 0x2,
    0xff, 0x10, 0x0, 0x0, 0x7f, 0xb0, 0x0, 0x0,
    0xc, 0xf6, 0x0, 0x0, 0x1, 0xff, 0x10, 0x0,
    0x0, 0x6f, 0xb0, 0x0, 0x0, 0xc, 0xf6, 0x0,
    0x0, 0x1, 0xff, 0x10, 0x0, 0x0, 0x6f, 0xc0,
    0x0, 0x0, 0xb, 0xf7, 0x0, 0x0, 0x1, 0xff,
    0x10, 0x0, 0x0, 0x6f, 0xc0, 0x0, 0x0, 0xb,
    0xf7, 0x0, 0x0, 0x0, 0xff, 0x20, 0x0, 0x0,

    /* U+0030 "0" */
    0x0, 0x19, 0xef, 0xea, 0x20, 0x0, 0x2, 0xef,
    0xff, 0xff, 0xf4, 0x0, 0xc, 0xfd, 0x30, 0x2b,
    0xfe, 0x0, 0x4f, 0xf1, 0x0, 0x0, 0xef, 0x70,
    0x9f, 0x90, 0x0, 0x0, 0x7f, 0xc0, 0xcf, 0x50,
    0x0, 0x0, 0x3f, 0xf0, 0xef, 0x30, 0x0, 0x0,
    0x1f, 0xf1, 0xff, 0x20, 0x0, 0x0, 0xf, 0xf2,
    0xff, 0x20, 0x0, 0x0, 0xf, 0xf2, 0xef, 0x30,
    0x0, 0x0, 0x1f, 0xf1, 0xcf, 0x50, 0x0, 0x0,
    0x3f, 0xf0, 0x9f, 0x90, 0x0, 0x0, 0x7f, 0xc0,
    0x4f, 0xf1, 0x0, 0x0, 0xef, 0x70, 0xc, 0xfd,
    0x30, 0x2b, 0xfe, 0x0, 0x2, 0xef, 0xff, 0xff,
    0xf4, 0x0, 0x0, 0x19, 0xef, 0xea, 0x20, 0x0,

    /* U+0031 "1" */
    0x0, 0x18, 0xff, 0x21, 0x8f, 0xff, 0xf2, 0x8f,
    0xfb, 0xff, 0x27, 0xb3, 0xf, 0xf2, 0x0, 0x0,
    0xff, 0x20, 0x0, 0xf, 0xf2, 0x0, 0x0, 0xff,
    0x20, 0x0, 0xf, 0xf2, 0x0, 0x0, 0xff, 0x20,
    0x0, 0xf, 0xf2, 0x0, 0x0, 0xff, 0x20, 0x0,
    0xf, 0xf2, 0x0, 0x0, 0xff, 0x20, 0x0, 0xf,
    0xf2, 0x0, 0x0, 0xff, 0x20, 0x0, 0xf, 0xf2,

    /* U+0032 "2" */
    0x0, 0x6c, 0xef, 0xd8, 0x0, 0xb, 0xff, 0xff,
    0xff, 0xd1, 0x9f, 0xf5, 0x0, 0x5f, 0xf9, 0x7f,
    0x30, 0x0, 0x6, 0xfe, 0x1, 0x0, 0x0, 0x3,
    0xff, 0x0, 0x0, 0x0, 0x5, 0xfd, 0x0, 0x0,
    0x0, 0xc, 0xf8, 0x0, 0x0, 0x0, 0x8f, 0xe0,
    0x0, 0x0, 0x7, 0xff, 0x30, 0x0, 0x0, 0x6f,
    0xf5, 0x0, 0x0, 0x5, 0xff, 0x60, 0x0, 0x0,
    0x4f, 0xf7, 0x0, 0x0, 0x4, 0xff, 0x80, 0x0,
    0x0, 0x3f, 0xf9, 0x0, 0x0, 0x0, 0xff, 0xff,
    0xff, 0xff, 0xff, 0xff, 0xff, 0xff, 0xff, 0xff,

    /* U+0033 "3" */
    0xf, 0xff, 0xff, 0xff, 0xff, 0xf0, 0xf, 0xff,
    0xff, 0xff, 0xff, 0xf0, 0x0, 0x0, 0x0, 0x2e,
    0xff, 0x30, 0x0, 0x0, 0x2, 0xef, 0xe3, 0x0,
    0x0, 0x0, 0x2e, 0xfe, 0x20, 0x0, 0x0, 0x1,
    0xef, 0xd1, 0x0, 0x0, 0x0, 0xd, 0xff, 0xff,
    0xc5, 0x0, 0x0, 0x9, 0xff, 0xff, 0xff, 0x70,
    0x0, 0x0, 0x30, 0x16, 0xff, 0xe0, 0x0, 0x0,
    0x0, 0x0, 0x6f, 0xf1, 0x0, 0x0, 0x0, 0x0,
    0x1f, 0xf2, 0x0, 0x10, 0x0, 0x0, 0x1f, 0xf1,
    0x2d, 0xb0, 0x0, 0x0, 0x6f, 0xe0, 0x1f, 0xfb,
    0x30, 0x6, 0xff, 0x70, 0x4, 0xef, 0xff, 0xff,
    0xfb, 0x0, 0x0, 0x18, 0xdf, 0xec, 0x60, 0x0,

    /* U+0034 "4" */
    0x0, 0x0, 0x0, 0x7f, 0xff, 0x0, 0x0, 0x0,
    0x2, 0xff, 0xff, 0x0, 0x0, 0x0, 0xc, 0xfc,
    0xff, 0x0, 0x0, 0x0, 0x6f, 0xe3, 0xff, 0x0,
    0x0, 0x2, 0xff, 0x52, 0xff, 0x0, 0x0, 0xb,
    0xfa, 0x2, 0xff, 0x0, 0x0, 0x6f, 0xe1, 0x2,
    0xff, 0x0, 0x1, 0xff, 0x50, 0x2, 0xff, 0x0,
    0xb, 0xfb, 0x0, 0x2, 0xff, 0x0, 0x6f, 0xf1,
    0x0, 0x2, 0xff, 0x0, 0xff, 0xff, 0xff, 0xff,
    0xff, 0xff, 0xff, 0xff, 0xff, 0xff, 0xff, 0xff,
    0x0, 0x0, 0x0, 0x2, 0xff, 0x0, 0x0, 0x0,
    0x0, 0x2, 0xff, 0x0, 0x0, 0x0, 0x0, 0x2,
    0xff, 0x0, 0x0, 0x0, 0x0, 0x2, 0xff, 0x0,

    /* U+0035 "5" */
    0x7, 0xff, 0xff, 0xff, 0xff, 0x40, 0x9, 0xff,
    0xff, 0xff, 0xff, 0x30, 0xa, 0xf8, 0x0, 0x0,
    0x0, 0x0, 0xb, 0xf6, 0x0, 0x0, 0x0, 0x0,
    0xd, 0xf5, 0x0, 0x0, 0x0, 0x0, 0xe, 0xf3,
    0x0, 0x0, 0x0, 0x0, 0xf, 0xf6, 0xbe, 0xfd,
    0x70, 0x0, 0xf, 0xff, 0xff, 0xff, 0xfc, 0x0,
    0x1d, 0xfa, 0x20, 0x17, 0xff, 0x90, 0x0, 0x30,
    0x0, 0x0, 0x6f, 0xf0, 0x0, 0x0, 0x0, 0x0,
    0x1f, 0xf1, 0x0, 0x0, 0x0, 0x0, 0x1f, 0xf1,
    0x3d, 0x90, 0x0, 0x0, 0x7f, 0xe0, 0x4f, 0xfa,
    0x20, 0x17, 0xff, 0x70, 0x7, 0xff, 0xff, 0xff,
    0xfa, 0x0, 0x0, 0x3a, 0xdf, 0xeb, 0x50, 0x0,

    /* U+0036 "6" */
    0x0, 0x0, 0xe, 0xf9, 0x0, 0x0, 0x0, 0x0,
    0x9f, 0xd0, 0x0, 0x0, 0x0, 0x3, 0xff, 0x20,
    0x0, 0x0, 0x0, 0xc, 0xf6, 0x0, 0x0, 0x0,
    0x0, 0x6f, 0xa0, 0x0, 0x0, 0x0, 0x1, 0xef,
    0xbe, 0xec, 0x50, 0x0, 0x9, 0xff, 0xff, 0xff,
    0xfa, 0x0, 0x2f, 0xfb, 0x30, 0x29, 0xff, 0x60,
    0x9f, 0xc0, 0x0, 0x0, 0x9f, 0xd0, 0xdf, 0x50,
    0x0, 0x0, 0x2f, 0xf0, 0xff, 0x30, 0x0, 0x0,
    0xf, 0xf2, 0xef, 0x50, 0x0, 0x0, 0x2f, 0xf0,
    0xbf, 0xc0, 0x0, 0x0, 0x9f, 0xc0, 0x4f, 0xfa,
    0x20, 0x19, 0xff, 0x40, 0x7, 0xff, 0xff, 0xff,
    0xf7, 0x0, 0x0, 0x3a, 0xef, 0xea, 0x30, 0x0,

    /* U+0037 "7" */
    0xff, 0xff, 0xff, 0xff, 0xff, 0xff, 0xff, 0xff,
    0xff, 0xff, 0x0, 0x0, 0x0, 0xc, 0xf8, 0x0,
    0x0, 0x0, 0x3f, 0xf2, 0x0, 0x0, 0x0, 0xaf,
    0xa0, 0x0, 0x0, 0x1, 0xff, 0x30, 0x0, 0x0,
    0x8, 0xfc, 0x0, 0x0, 0x0, 0xe, 0xf5, 0x0,
    0x0, 0x0, 0x6f, 0xe0, 0x0, 0x0, 0x0, 0xdf,
    0x70, 0x0, 0x0, 0x4, 0xff, 0x10, 0x0, 0x0,
    0xb, 0xf9, 0x0, 0x0, 0x0, 0x2f, 0xf2, 0x0,
    0x0, 0x0, 0x9f, 0xb0, 0x0, 0x0, 0x1, 0xff,
    0x40, 0x0, 0x0, 0x8, 0xfd, 0x0, 0x0, 0x0,

    /* U+0038 "8" */
    0x0, 0x18, 0xdf, 0xfc, 0x70, 0x0, 0x3, 0xef,
    0xff, 0xff, 0xfe, 0x20, 0xd, 0xfc, 0x30, 0x4,
    0xef, 0xb0, 0x1f, 0xf2, 0x0, 0x0, 0x4f, 0xf0,
    0xf, 0xf2, 0x0, 0x0, 0x4f, 0xd0, 0x9, 0xfc,
    0x30, 0x4, 0xef, 0x60, 0x0, 0x8f, 0xff, 0xff,
    0xe7, 0x0, 0x0, 0x9f, 0xff, 0xff, 0xe5, 0x0,
    0xc, 0xfa, 0x20, 0x28, 0xff, 0x30, 0x8f, 0xa0,
    0x0, 0x0, 0x7f, 0xc0, 0xdf, 0x40, 0x0, 0x0,
    0x1f, 0xf0, 0xff, 0x30, 0x0, 0x0, 0x1f, 0xf1,
    0xcf, 0x90, 0x0, 0x0, 0x7f, 0xf0, 0x5f, 0xf9,
    0x20, 0x17, 0xff, 0x80, 0x8, 0xff, 0xff, 0xff,
    0xfb, 0x0, 0x0, 0x4a, 0xef, 0xeb, 0x50, 0x0,

    /* U+0039 "9" */
    0x0, 0x3a, 0xef, 0xeb, 0x40, 0x0, 0x7, 0xff,
    0xff, 0xff, 0xf9, 0x0, 0x4f, 0xf9, 0x10, 0x17,
    0xff, 0x60, 0xbf, 0x90, 0x0, 0x0, 0x7f, 0xd0,
    0xef, 0x40, 0x0, 0x0, 0x1f, 0xf1, 0xff, 0x30,
    0x0, 0x0, 0x1f, 0xf1, 0xcf, 0x90, 0x0, 0x0,
    0x7f, 0xf0, 0x5f, 0xf8, 0x10, 0x18, 0xff, 0xb0,
    0x9, 0xff, 0xff, 0xff, 0xff, 0x50, 0x0, 0x5c,
    0xff, 0xcf, 0xfc, 0x0, 0x0, 0x0, 0x0, 0x6f,
    0xf3, 0x0, 0x0, 0x0, 0x1, 0xef, 0x90, 0x0,
    0x0, 0x0, 0x9, 0xfe, 0x0, 0x0, 0x0, 0x0,
    0x3f, 0xf5, 0x0, 0x0, 0x0, 0x0, 0xdf, 0xb0,
    0x0, 0x0, 0x0, 0x7, 0xff, 0x20, 0x0, 0x0,

    /* U+003A ":" */
    0xff, 0x2f, 0xf2, 0x0, 0x0, 0x0, 0x0, 0x0,
    0x0, 0x0, 0x0, 0x0, 0x0, 0x0, 0x0, 0xff,
    0x2f, 0xf2,

    /* U+003B ";" */
    0xf, 0xf2, 0xf, 0xf2, 0x0, 0x0, 0x0, 0x0,
    0x0, 0x0, 0x0, 0x0, 0x0, 0x0, 0x0, 0x0,
    0x0, 0x0, 0x0, 0x0, 0xf, 0xf2, 0xf, 0xf2,
    0x0, 0xe2, 0x3, 0xf0, 0x2e, 0x70, 0x5, 0x0,

    /* U+003C "<" */
    0x0, 0x0, 0x0, 0x0, 0x2, 0x0, 0x0, 0x0,
    0x1, 0x9f, 0x0, 0x0, 0x0, 0x7f, 0xff, 0x0,
    0x0, 0x6e, 0xff, 0xa2, 0x0, 0x5d, 0xff, 0xb3,
    0x0, 0x3c, 0xff, 0xc3, 0x0, 0x0, 0xff, 0xc4,
    0x0, 0x0, 0x0, 0xff, 0xe7, 0x0, 0x0, 0x0,
    0x19, 0xff, 0xe6, 0x0, 0x0, 0x0, 0x2b, 0xff,
    0xd6, 0x0, 0x0, 0x0, 0x3c, 0xff, 0xd5, 0x0,
    0x0, 0x0, 0x4d, 0xff, 0x0, 0x0, 0x0, 0x0,
    0x6e, 0x0, 0x0, 0x0, 0x0, 0x0,

    /* U+003D "=" */
    0xff, 0xff, 0xff, 0xff, 0xff, 0xff, 0xff, 0xff,
    0xff, 0xff, 0x0, 0x0, 0x0, 0x0, 0x0, 0x0,
    0x0, 0x0, 0x0, 0x0, 0x0, 0x0, 0x0, 0x0,
    0x0, 0xff, 0xff, 0xff, 0xff, 0xff, 0xff, 0xff,
    0xff, 0xff, 0xff,

    /* U+003E ">" */
    0x20, 0x0, 0x0, 0x0, 0x0, 0xf9, 0x10, 0x0,
    0x0, 0x0, 0xff, 0xf7, 0x0, 0x0, 0x0, 0x2a,
    0xff, 0xe6, 0x0, 0x0, 0x0, 0x3b, 0xff, 0xd5,
    0x0, 0x0, 0x0, 0x3b, 0xff, 0xc3, 0x0, 0x0,
    0x0, 0x4c, 0xff, 0x0, 0x0, 0x0, 0x7e, 0xff,
    0x0, 0x0, 0x6e, 0xff, 0x91, 0x0, 0x5d, 0xff,
    0xb2, 0x0, 0x5d, 0xff, 0xc3, 0x0, 0x0, 0xff,
    0xd4, 0x0, 0x0, 0x0, 0xe6, 0x0, 0x0, 0x0,
    0x0, 0x0, 0x0, 0x0, 0x0, 0x0,

    /* U+003F "?" */
    0x0, 0x3a, 0xef, 0xe9, 0x10, 0x6, 0xff, 0xff,
    0xff, 0xe2, 0x3f, 0xf8, 0x10, 0x3d, 0xfa, 0x3d,
    0x80, 0x0, 0x4, 0xfe, 0x0, 0x0, 0x0, 0x3,
    0xff, 0x0, 0x0, 0x0, 0xb, 0xfa, 0x0, 0x0,
    0x0, 0xbf, 0xe1, 0x0, 0x0, 0xd, 0xfd, 0x10,
    0x0, 0x0, 0x9f, 0xc0, 0x0, 0x0, 0x0, 0xef,
    0x40, 0x0, 0x0, 0x0, 0xff, 0x20, 0x0, 0x0,
    0x0, 0x99, 0x10, 0x0, 0x0, 0x0, 0x0, 0x0,
    0x0, 0x0, 0x0, 0x0, 0x0, 0x0, 0x0, 0x0,
    0xff, 0x20, 0x0, 0x0, 0x0, 0xff, 0x20, 0x0,

    /* U+0040 "@" */
    0x0, 0x0, 0x17, 0xce, 0xfe, 0xd9, 0x30, 0x0,
    0x0, 0x0, 0x7f, 0xff, 0xff, 0xff, 0xff, 0xb2,
    0x0, 0x0, 0xbf, 0xfb, 0x41, 0x0, 0x28, 0xff,
    0xe2, 0x0, 0x8f, 0xf5, 0x0, 0x0, 0x0, 0x1,
    0xcf, 0xd0, 0x2f, 0xf5, 0x2, 0xae, 0xe9, 0xd,
    0xf1, 0xef, 0x69, 0xfc, 0x2, 0xff, 0xff, 0xfc,
    0xdf, 0x8, 0xfb, 0xdf, 0x60, 0xaf, 0xc2, 0x2,
    0xdf, 0xf0, 0x4f, 0xef, 0xf3, 0xe, 0xf4, 0x0,
    0x4, 0xff, 0x2, 0xff, 0xff, 0x30, 0xff, 0x40,
    0x0, 0x4f, 0xf0, 0x4f, 0xee, 0xf5, 0xb, 0xfc,
    0x30, 0x3d, 0xff, 0x39, 0xfa, 0xaf, 0xa0, 0x2f,
    0xff, 0xff, 0xd5, 0xff, 0xff, 0x34, 0xff, 0x40,
    0x2a, 0xee, 0xa1, 0x7, 0xed, 0x50, 0xb, 0xff,
    0x40, 0x0, 0x0, 0x0, 0x0, 0x0, 0x0, 0xc,
    0xff, 0xb5, 0x10, 0x1, 0x49, 0x40, 0x0, 0x0,
    0x9, 0xff, 0xff, 0xff, 0xff, 0xf5, 0x0, 0x0,
    0x0, 0x2, 0x7c, 0xef, 0xfc, 0x71, 0x0, 0x0,

    /* U+0041 "A" */
    0x0, 0x0, 0x0, 0xdf, 0xd0, 0x0, 0x0, 0x0,
    0x0, 0x0, 0x3f, 0xff, 0x30, 0x0, 0x0, 0x0,
    0x0, 0x9, 0xff, 0xf9, 0x0, 0x0, 0x0, 0x0,
    0x0, 0xff, 0xaf, 0xf0, 0x0, 0x0, 0x0, 0x0,
    0x5f, 0xe0, 0xef, 0x50, 0x0, 0x0, 0x0, 0xc,
    0xf9, 0x9, 0xfb, 0x0, 0x0, 0x0, 0x2, 0xff,
    0x30, 0x3f, 0xf2, 0x0, 0x0, 0x0, 0x8f, 0xd0,
    0x0, 0xdf, 0x80, 0x0, 0x0, 0xe, 0xf7, 0x0,
    0x7, 0xfe, 0x0, 0x0, 0x4, 0xff, 0xff, 0xff,
    0xff, 0xf4, 0x0, 0x0, 0xaf, 0xff, 0xff, 0xff,
    0xff, 0xa0, 0x0, 0x1f, 0xf5, 0x0, 0x0, 0x5,
    0xff, 0x10, 0x6, 0xfe, 0x0, 0x0, 0x0, 0xe,
    0xf6, 0x0, 0xcf, 0x80, 0x0, 0x0, 0x0, 0x8f,
    0xc0, 0x3f, 0xf2, 0x0, 0x0, 0x0, 0x2, 0xff,
    0x39, 0xfc, 0x0, 0x0, 0x0, 0x0, 0xc, 0xf9,

    /* U+0042 "B" */
    0xff, 0xff, 0xff, 0xfe, 0x92, 0x0, 0xff, 0xff,
    0xff, 0xff, 0xff, 0x30, 0xff, 0x20, 0x0, 0x3,
    0xdf, 0xc0, 0xff, 0x20, 0x0, 0x0, 0x3f, 0xf1,
    0xff, 0x20, 0x0, 0x0, 0xf, 0xf1, 0xff, 0x20,
    0x0, 0x0, 0x4f, 0xf0, 0xff, 0x20, 0x0, 0x4,
    0xdf, 0x70, 0xff, 0xff, 0xff, 0xff, 0xf7, 0x0,
    0xff, 0xff, 0xff, 0xff, 0xfe, 0x60, 0xff, 0x20,
    0x0, 0x2, 0x7f, 0xf5, 0xff, 0x20, 0x0, 0x0,
    0x7, 0xfd, 0xff, 0x20, 0x0, 0x0, 0x3, 0xff,
    0xff, 0x20, 0x0, 0x0, 0x6, 0xfe, 0xff, 0x20,
    0x0, 0x1, 0x7f, 0xf9, 0xff, 0xff, 0xff, 0xff,
    0xff, 0xc1, 0xff, 0xff, 0xff, 0xfe, 0xc6, 0x0,

    /* U+0043 "C" */
    0x0, 0x0, 0x6b, 0xdf, 0xeb, 0x60, 0x0, 0x0,
    0x3e, 0xff, 0xff, 0xff, 0xfd, 0x20, 0x3, 0xff,
    0xd5, 0x10, 0x16, 0xef, 0xe1, 0xd, 0xfb, 0x0,
    0x0, 0x0, 0x1c, 0x60, 0x5f, 0xe1, 0x0, 0x0,
    0x0, 0x0, 0x0, 0xbf, 0x90, 0x0, 0x0, 0x0,
    0x0, 0x0, 0xdf, 0x40, 0x0, 0x0, 0x0, 0x0,
    0x0, 0xff, 0x30, 0x0, 0x0, 0x0, 0x0, 0x0,
    0xff, 0x30, 0x0, 0x0, 0x0, 0x0, 0x0, 0xdf,
    0x50, 0x0, 0x0, 0x0, 0x0, 0x0, 0xaf, 0x90,
    0x0, 0x0, 0x0, 0x0, 0x0, 0x4f, 0xf1, 0x0,
    0x0, 0x0, 0x0, 0x0, 0xc, 0xfc, 0x0, 0x0,
    0x0, 0x1c, 0x60, 0x2, 0xff, 0xd5, 0x10, 0x16,
    0xef, 0xe1, 0x0, 0x2d, 0xff, 0xff, 0xff, 0xfd,
    0x20, 0x0, 0x0, 0x5b, 0xef, 0xeb, 0x60, 0x0,

    /* U+0044 "D" */
    0xff, 0xff, 0xff, 0xfd, 0xb5, 0x0, 0x0, 0xff,
    0xff, 0xff, 0xff, 0xff, 0xd3, 0x0, 0xff, 0x20,
    0x0, 0x1, 0x6d, 0xff, 0x30, 0xff, 0x20, 0x0,
    0x0, 0x0, 0xbf, 0xd0, 0xff, 0x20, 0x0, 0x0,
    0x0, 0xe, 0xf5, 0xff, 0x20, 0x0, 0x0, 0x0,
    0x8, 0xfa, 0xff, 0x20, 0x0, 0x0, 0x0, 0x4,
    0xfd, 0xff, 0x20, 0x0, 0x0, 0x0, 0x3, 0xff,
    0xff, 0x20, 0x0, 0x0, 0x0, 0x3, 0xff, 0xff,
    0x20, 0x0, 0x0, 0x0, 0x4, 0xfd, 0xff, 0x20,
    0x0, 0x0, 0x0, 0x8, 0xfa, 0xff, 0x20, 0x0,
    0x0, 0x0, 0x1e, 0xf4, 0xff, 0x20, 0x0, 0x0,
    0x0, 0xbf, 0xc0, 0xff, 0x20, 0x0, 0x2, 0x6d,
    0xff, 0x20, 0xff, 0xff, 0xff, 0xff, 0xff, 0xc2,
    0x0, 0xff, 0xff, 0xff, 0xed, 0xa4, 0x0, 0x0,

    /* U+0045 "E" */
    0xff, 0xff, 0xff, 0xff, 0xff, 0x8f, 0xff, 0xff,
    0xff, 0xff, 0xf7, 0xff, 0x20, 0x0, 0x0, 0x0,
    0xf, 0xf2, 0x0, 0x0, 0x0, 0x0, 0xff, 0x20,
    0x0, 0x0, 0x0, 0xf, 0xf2, 0x0, 0x0, 0x0,
    0x0, 0xff, 0x20, 0x0, 0x0, 0x0, 0xf, 0xff,
    0xff, 0xff, 0xff, 0xf0, 0xff, 0xff, 0xff, 0xff,
    0xff, 0xf, 0xf2, 0x0, 0x0, 0x0, 0x0, 0xff,
    0x20, 0x0, 0x0, 0x0, 0xf, 0xf2, 0x0, 0x0,
    0x0, 0x0, 0xff, 0x20, 0x0, 0x0, 0x0, 0xf,
    0xf2, 0x0, 0x0, 0x0, 0x0, 0xff, 0xff, 0xff,
    0xff, 0xff, 0x7f, 0xff, 0xff, 0xff, 0xff, 0xf8,

    /* U+0046 "F" */
    0xff, 0xff, 0xff, 0xff, 0xff, 0xff, 0xff, 0xff,
    0xff, 0xff, 0xff, 0x20, 0x0, 0x0, 0x0, 0xff,
    0x20, 0x0, 0x0, 0x0, 0xff, 0x20, 0x0, 0x0,
    0x0, 0xff, 0x20, 0x0, 0x0, 0x0, 0xff, 0x20,
    0x0, 0x0, 0x0, 0xff, 0xff, 0xff, 0xff, 0xf8,
    0xff, 0xff, 0xff, 0xff, 0xf7, 0xff, 0x20, 0x0,
    0x0, 0x0, 0xff, 0x20, 0x0, 0x0, 0x0, 0xff,
    0x20, 0x0, 0x0, 0x0, 0xff, 0x20, 0x0, 0x0,
    0x0, 0xff, 0x20, 0x0, 0x0, 0x0, 0xff, 0x20,
    0x0, 0x0, 0x0, 0xff, 0x20, 0x0, 0x0, 0x0,

    /* U+0047 "G" */
    0x0, 0x0, 0x5b, 0xdf, 0xed, 0x82, 0x0, 0x0,
    0x3d, 0xff, 0xff, 0xff, 0xff, 0x70, 0x3, 0xff,
    0xd6, 0x10, 0x4, 0xbf, 0xf6, 0xd, 0xfc, 0x10,
    0x0, 0x0, 0x7, 0x90, 0x5f, 0xf1, 0x0, 0x0,
    0x0, 0x0, 0x0, 0xaf, 0x90, 0x0, 0x0, 0x0,
    0x0, 0x0, 0xdf, 0x50, 0x0, 0x0, 0x0, 0x0,
    0x0, 0xff, 0x30, 0x0, 0x2, 0xff, 0xff, 0xff,
    0xff, 0x30, 0x0, 0x2, 0xff, 0xff, 0xff, 0xdf,
    0x40, 0x0, 0x0, 0x0, 0x2, 0xff, 0xbf, 0x90,
    0x0, 0x0, 0x0, 0x2, 0xff, 0x5f, 0xe1, 0x0,
    0x0, 0x0, 0x2, 0xff, 0xd, 0xfb, 0x0, 0x0,
    0x0, 0x5, 0xff, 0x3, 0xff, 0xd5, 0x10, 0x3,
    0x9f, 0xfa, 0x0, 0x3e, 0xff, 0xff, 0xff, 0xff,
    0x80, 0x0, 0x0, 0x6b, 0xdf, 0xec, 0x82, 0x0,

    /* U+0048 "H" */
    0xff, 0x20, 0x0, 0x0, 0x0, 0x2f, 0xff, 0xf2,
    0x0, 0x0, 0x0, 0x2, 0xff, 0xff, 0x20, 0x0,
    0x0, 0x0, 0x2f, 0xff, 0xf2, 0x0, 0x0, 0x0,
    0x2, 0xff, 0xff, 0x20, 0x0, 0x0, 0x0, 0x2f,
    0xff, 0xf2, 0x0, 0x0, 0x0, 0x2, 0xff, 0xff,
    0x20, 0x0, 0x0, 0x0, 0x2f, 0xff, 0xff, 0xff,
    0xff, 0xff, 0xff, 0xff, 0xff, 0xff, 0xff, 0xff,
    0xff, 0xff, 0xff, 0xf2, 0x0, 0x0, 0x0, 0x2,
    0xff, 0xff, 0x20, 0x0, 0x0, 0x0, 0x2f, 0xff,
    0xf2, 0x0, 0x0, 0x0, 0x2, 0xff, 0xff, 0x20,
    0x0, 0x0, 0x0, 0x2f, 0xff, 0xf2, 0x0, 0x0,
    0x0, 0x2, 0xff, 0xff, 0x20, 0x0, 0x0, 0x0,
    0x2f, 0xff, 0xf2, 0x0, 0x0, 0x0, 0x2, 0xff,

    /* U+0049 "I" */
    0xff, 0x2f, 0xf2, 0xff, 0x2f, 0xf2, 0xff, 0x2f,
    0xf2, 0xff, 0x2f, 0xf2, 0xff, 0x2f, 0xf2, 0xff,
    0x2f, 0xf2, 0xff, 0x2f, 0xf2, 0xff, 0x2f, 0xf2,

    /* U+004A "J" */
    0x0, 0x0, 0x0, 0xf, 0xf2, 0x0, 0x0, 0x0,
    0xf, 0xf2, 0x0, 0x0, 0x0, 0xf, 0xf2, 0x0,
    0x0, 0x0, 0xf, 0xf2, 0x0, 0x0, 0x0, 0xf,
    0xf2, 0x0, 0x0, 0x0, 0xf, 0xf2, 0x0, 0x0,
    0x0, 0xf, 0xf2, 0x0, 0x0, 0x0, 0xf, 0xf2,
    0x0, 0x0, 0x0, 0xf, 0xf2, 0x0, 0x0, 0x0,
    0xf, 0xf2, 0x0, 0x0, 0x0, 0xf, 0xf2, 0x0,
    0x0, 0x0, 0xf, 0xf2, 0x6, 0x60, 0x0, 0x2f,
    0xf1, 0x6f, 0xf5, 0x1, 0xbf, 0xd0, 0xc, 0xff,
    0xff, 0xff, 0x50, 0x0, 0x7d, 0xff, 0xb4, 0x0,

    /* U+004B "K" */
    0xff, 0x20, 0x0, 0x0, 0x2e, 0xfa, 0xf, 0xf2,
    0x0, 0x0, 0x1e, 0xfb, 0x0, 0xff, 0x20, 0x0,
    0x1d, 0xfb, 0x0, 0xf, 0xf2, 0x0, 0x1d, 0xfc,
    0x0, 0x0, 0xff, 0x20, 0xc, 0xfc, 0x0, 0x0,
    0xf, 0xf2, 0xc, 0xfc, 0x0, 0x0, 0x0, 0xff,
    0x2b, 0xff, 0x10, 0x0, 0x0, 0xf, 0xfc, 0xff,
    0xf9, 0x0, 0x0, 0x0, 0xff, 0xfd, 0x7f, 0xf4,
    0x0, 0x0, 0xf, 0xfd, 0x10, 0xaf, 0xe1, 0x0,
    0x0, 0xff, 0x30, 0x1, 0xef, 0xb0, 0x0, 0xf,
    0xf2, 0x0, 0x4, 0xff, 0x70, 0x0, 0xff, 0x20,
    0x0, 0x8, 0xff, 0x30, 0xf, 0xf2, 0x0, 0x0,
    0xd, 0xfd, 0x0, 0xff, 0x20, 0x0, 0x0, 0x2f,
    0xfa, 0xf, 0xf2, 0x0, 0x0, 0x0, 0x6f, 0xf5,

    /* U+004C "L" */
    0xff, 0x20, 0x0, 0x0, 0x0, 0xf, 0xf2, 0x0,
    0x0, 0x0, 0x0, 0xff, 0x20, 0x0, 0x0, 0x0,
    0xf, 0xf2, 0x0, 0x0, 0x0, 0x0, 0xff, 0x20,
    0x0, 0x0, 0x0, 0xf, 0xf2, 0x0, 0x0, 0x0,
    0x0, 0xff, 0x20, 0x0, 0x0, 0x0, 0xf, 0xf2,
    0x0, 0x0, 0x0, 0x0, 0xff, 0x20, 0x0, 0x0,
    0x0, 0xf, 0xf2, 0x0, 0x0, 0x0, 0x0, 0xff,
    0x20, 0x0, 0x0, 0x0, 0xf, 0xf2, 0x0, 0x0,
    0x0, 0x0, 0xff, 0x20, 0x0, 0x0, 0x0, 0xf,
    0xf3, 0x0, 0x0, 0x0, 0x0, 0xff, 0xff, 0xff,
    0xff, 0xff, 0x8f, 0xff, 0xff, 0xff, 0xff, 0xf8,

    /* U+004D "M" */
    0xff, 0x60, 0x0, 0x0, 0x0, 0x0, 0x5, 0xff,
    0x2f, 0xfe, 0x10, 0x0, 0x0, 0x0, 0x0, 0xef,
    0xf2, 0xff, 0xfa, 0x0, 0x0, 0x0, 0x0, 0x9f,
    0xff, 0x2f, 0xff, 0xf4, 0x0, 0x0, 0x0, 0x3f,
    0xff, 0xf2, 0xff, 0xbf, 0xe0, 0x0, 0x0, 0xd,
    0xf9, 0xff, 0x2f, 0xf3, 0xef, 0x90, 0x0, 0x7,
    0xfe, 0xf, 0xf2, 0xff, 0x24, 0xff, 0x30, 0x2,
    0xff, 0x50, 0xff, 0x2f, 0xf2, 0xa, 0xfc, 0x0,
    0xcf, 0xa0, 0xf, 0xf2, 0xff, 0x20, 0x1e, 0xf7,
    0x6f, 0xf1, 0x0, 0xff, 0x2f, 0xf2, 0x0, 0x5f,
    0xff, 0xf6, 0x0, 0xf, 0xf2, 0xff, 0x20, 0x0,
    0xbf, 0xfc, 0x0, 0x0, 0xff, 0x2f, 0xf2, 0x0,
    0x1, 0xff, 0x20, 0x0, 0xf, 0xf2, 0xff, 0x20,
    0x0, 0x1, 0x10, 0x0, 0x0, 0xff, 0x2f, 0xf2,
    0x0, 0x0, 0x0, 0x0, 0x0, 0xf, 0xf2, 0xff,
    0x20, 0x0, 0x0, 0x0, 0x0, 0x0, 0xff, 0x2f,
    0xf2, 0x0, 0x0, 0x0, 0x0, 0x0, 0xf, 0xf2,

    /* U+004E "N" */
    0xff, 0x70, 0x0, 0x0, 0x0, 0x2f, 0xff, 0xff,
    0x30, 0x0, 0x0, 0x2, 0xff, 0xff, 0xfd, 0x0,
    0x0, 0x0, 0x2f, 0xff, 0xff, 0xf9, 0x0, 0x0,
    0x2, 0xff, 0xff, 0x8f, 0xf5, 0x0, 0x0, 0x2f,
    0xff, 0xf2, 0xaf, 0xe1, 0x0, 0x2, 0xff, 0xff,
    0x20, 0xdf, 0xc0, 0x0, 0x2f, 0xff, 0xf2, 0x3,
    0xff, 0x70, 0x2, 0xff, 0xff, 0x20, 0x7, 0xff,
    0x30, 0x2f, 0xff, 0xf2, 0x0, 0xb, 0xfe, 0x2,
    0xff, 0xff, 0x20, 0x0, 0x1e, 0xfa, 0x2f, 0xff,
    0xf2, 0x0, 0x0, 0x4f, 0xf8, 0xff, 0xff, 0x20,
    0x0, 0x0, 0x9f, 0xff, 0xff, 0xf2, 0x0, 0x0,
    0x0, 0xdf, 0xff, 0xff, 0x20, 0x0, 0x0, 0x2,
    0xff, 0xff, 0xf2, 0x0, 0x0, 0x0, 0x6, 0xff,

    /* U+004F "O" */
    0x0, 0x1, 0x6c, 0xef, 0xec, 0x61, 0x0, 0x0,
    0x4, 0xef, 0xff, 0xff, 0xff, 0xe4, 0x0, 0x4,
    0xff, 0xc5, 0x10, 0x15, 0xcf, 0xf3, 0x0, 0xef,
    0xa0, 0x0, 0x0, 0x0, 0xbf, 0xe0, 0x5f, 0xe1,
    0x0, 0x0, 0x0, 0x1, 0xef, 0x5b, 0xf8, 0x0,
    0x0, 0x0, 0x0, 0x9, 0xfb, 0xdf, 0x40, 0x0,
    0x0, 0x0, 0x0, 0x4f, 0xdf, 0xf3, 0x0, 0x0,
    0x0, 0x0, 0x3, 0xff, 0xff, 0x20, 0x0, 0x0,
    0x0, 0x0, 0x3f, 0xfd, 0xf4, 0x0, 0x0, 0x0,
    0x0, 0x4, 0xfd, 0xbf, 0x80, 0x0, 0x0, 0x0,
    0x0, 0x9f, 0xa5, 0xfe, 0x0, 0x0, 0x0, 0x0,
    0x1e, 0xf5, 0xe, 0xfa, 0x0, 0x0, 0x0, 0xa,
    0xfd, 0x0, 0x3f, 0xfc, 0x40, 0x1, 0x5c, 0xff,
    0x30, 0x0, 0x4e, 0xff, 0xff, 0xff, 0xfe, 0x40,
    0x0, 0x0, 0x16, 0xce, 0xfe, 0xc6, 0x10, 0x0,

    /* U+0050 "P" */
    0xff, 0xff, 0xff, 0xfc, 0x70, 0x0, 0xff, 0xff,
    0xff, 0xff, 0xfc, 0x0, 0xff, 0x20, 0x0, 0x17,
    0xff, 0x90, 0xff, 0x20, 0x0, 0x0, 0x6f, 0xf0,
    0xff, 0x20, 0x0, 0x0, 0x1f, 0xf1, 0xff, 0x20,
    0x0, 0x0, 0x1f, 0xf1, 0xff, 0x20, 0x0, 0x0,
    0x6f, 0xf0, 0xff, 0x20, 0x0, 0x27, 0xff, 0x90,
    0xff, 0xff, 0xff, 0xff, 0xfd, 0x10, 0xff, 0xff,
    0xff, 0xec, 0x70, 0x0, 0xff, 0x20, 0x0, 0x0,
    0x0, 0x0, 0xff, 0x20, 0x0, 0x0, 0x0, 0x0,
    0xff, 0x20, 0x0, 0x0, 0x0, 0x0, 0xff, 0x20,
    0x0, 0x0, 0x0, 0x0, 0xff, 0x20, 0x0, 0x0,
    0x0, 0x0, 0xff, 0x20, 0x0, 0x0, 0x0, 0x0,

    /* U+0051 "Q" */
    0x0, 0x1, 0x6c, 0xef, 0xec, 0x61, 0x0, 0x0,
    0x0, 0x4e, 0xff, 0xff, 0xff, 0xfe, 0x40, 0x0,
    0x4, 0xff, 0xc5, 0x10, 0x15, 0xcf, 0xf3, 0x0,
    0xe, 0xfa, 0x0, 0x0, 0x0, 0xb, 0xfe, 0x0,
    0x5f, 0xe1, 0x0, 0x0, 0x0, 0x1, 0xef, 0x50,
    0xbf, 0x80, 0x0, 0x0, 0x0, 0x0, 0x9f, 0xb0,
    0xdf, 0x40, 0x0, 0x0, 0x0, 0x0, 0x4f, 0xd0,
    0xff, 0x30, 0x0, 0x0, 0x0, 0x0, 0x3f, 0xf0,
    0xff, 0x20, 0x0, 0x0, 0x0, 0x0, 0x3f, 0xf0,
    0xdf, 0x40, 0x0, 0x0, 0x0, 0x0, 0x4f, 0xe0,
    0xaf, 0x80, 0x0, 0x0, 0x3, 0x0, 0x8f, 0xb0,
    0x5f, 0xe0, 0x0, 0x0, 0x5f, 0xb1, 0xef, 0x60,
    0xd, 0xfa, 0x0, 0x0, 0x4f, 0xfe, 0xff, 0x0,
    0x3, 0xff, 0xc4, 0x0, 0x9, 0xff, 0xf5, 0x0,
    0x0, 0x4e, 0xff, 0xff, 0xff, 0xff, 0xf8, 0x0,
    0x0, 0x1, 0x6c, 0xef, 0xec, 0x78, 0xff, 0x60,
    0x0, 0x0, 0x0, 0x0, 0x0, 0x0, 0x9f, 0xb0,
    0x0, 0x0, 0x0, 0x0, 0x0, 0x0, 0x6, 0x0,

    /* U+0052 "R" */
    0xff, 0xff, 0xff, 0xfc, 0x70, 0x0, 0xff, 0xff,
    0xff, 0xff, 0xfd, 0x10, 0xff, 0x20, 0x0, 0x16,
    0xef, 0xa0, 0xff, 0x20, 0x0, 0x0, 0x4f, 0xf0,
    0xff, 0x20, 0x0, 0x0, 0xf, 0xf2, 0xff, 0x20,
    0x0, 0x0, 0x4f, 0xf0, 0xff, 0x20, 0x0, 0x15,
    0xef, 0xa0, 0xff, 0xff, 0xff, 0xff, 0xfd, 0x10,
    0xff, 0xff, 0xff, 0xff, 0x71, 0x0, 0xff, 0x20,
    0x3, 0xff, 0x20, 0x0, 0xff, 0x20, 0x0, 0xaf,
    0xb0, 0x0, 0xff, 0x20, 0x0, 0x2f, 0xf4, 0x0,
    0xff, 0x20, 0x0, 0x8, 0xfd, 0x0, 0xff, 0x20,
    0x0, 0x1, 0xef, 0x70, 0xff, 0x20, 0x0, 0x0,
    0x6f, 0xf1, 0xff, 0x20, 0x0, 0x0, 0xd, 0xf9,

    /* U+0053 "S" */
    0x0, 0x4, 0xae, 0xfe, 0xb5, 0x0, 0x0, 0xa,
    0xff, 0xff, 0xff, 0xfb, 0x10, 0x7, 0xff, 0x71,
    0x1, 0x6e, 0xfb, 0x0, 0xdf, 0x60, 0x0, 0x0,
    0x2b, 0x30, 0xf, 0xf3, 0x0, 0x0, 0x0, 0x0,
    0x0, 0xcf, 0x90, 0x0, 0x0, 0x0, 0x0, 0x5,
    0xff, 0xb5, 0x0, 0x0, 0x0, 0x0, 0x5, 0xef,
    0xff, 0xb6, 0x10, 0x0, 0x0, 0x0, 0x59, 0xef,
    0xff, 0x70, 0x0, 0x0, 0x0, 0x0, 0x3a, 0xff,
    0x70, 0x0, 0x0, 0x0, 0x0, 0x6, 0xff, 0x0,
    0x1, 0x0, 0x0, 0x0, 0xf, 0xf1, 0x1b, 0xd1,
    0x0, 0x0, 0x4, 0xff, 0x0, 0xdf, 0xe5, 0x10,
    0x16, 0xef, 0xa0, 0x2, 0xcf, 0xff, 0xff, 0xff,
    0xd1, 0x0, 0x0, 0x5b, 0xef, 0xeb, 0x60, 0x0,

    /* U+0054 "T" */
    0xff, 0xff, 0xff, 0xff, 0xff, 0xff, 0xff, 0xff,
    0xff, 0xff, 0xff, 0xff, 0x0, 0x0, 0xf, 0xf2,
    0x0, 0x0, 0x0, 0x0, 0xf, 0xf2, 0x0, 0x0,
    0x0, 0x0, 0xf, 0xf2, 0x0, 0x0, 0x0, 0x0,
    0xf, 0xf2, 0x0, 0x0, 0x0, 0x0, 0xf, 0xf2,
    0x0, 0x0, 0x0, 0x0, 0xf, 0xf2, 0x0, 0x0,
    0x0, 0x0, 0xf, 0xf2, 0x0, 0x0, 0x0, 0x0,
    0xf, 0xf2, 0x0, 0x0, 0x0, 0x0, 0xf, 0xf2,
    0x0, 0x0, 0x0, 0x0, 0xf, 0xf2, 0x0, 0x0,
    0x0, 0x0, 0xf, 0xf2, 0x0, 0x0, 0x0, 0x0,
    0xf, 0xf2, 0x0, 0x0, 0x0, 0x0, 0xf, 0xf2,
    0x0, 0x0, 0x0, 0x0, 0xf, 0xf2, 0x0, 0x0,

    /* U+0055 "U" */
    0xff, 0x20, 0x0, 0x0, 0x0, 0xff, 0x2f, 0xf2,
    0x0, 0x0, 0x0, 0xf, 0xf2, 0xff, 0x20, 0x0,
    0x0, 0x0, 0xff, 0x2f, 0xf2, 0x0, 0x0, 0x0,
    0xf, 0xf2, 0xff, 0x20, 0x0, 0x0, 0x0, 0xff,
    0x2f, 0xf2, 0x0, 0x0, 0x0, 0xf, 0xf2, 0xff,
    0x20, 0x0, 0x0, 0x0, 0xff, 0x2f, 0xf2, 0x0,
    0x0, 0x0, 0xf, 0xf2, 0xff, 0x20, 0x0, 0x0,
    0x0, 0xff, 0x2f, 0xf2, 0x0, 0x0, 0x0, 0xf,
    0xf2, 0xef, 0x30, 0x0, 0x0, 0x0, 0xff, 0x1c,
    0xf7, 0x0, 0x0, 0x0, 0x4f, 0xf0, 0x7f, 0xe1,
    0x0, 0x0, 0xb, 0xfa, 0x1, 0xef, 0xd4, 0x0,
    0x2b, 0xff, 0x20, 0x3, 0xef, 0xff, 0xff, 0xff,
    0x50, 0x0, 0x1, 0x8d, 0xff, 0xd8, 0x20, 0x0,

    /* U+0056 "V" */
    0x8f, 0xd0, 0x0, 0x0, 0x0, 0x0, 0xbf, 0xa2,
    0xff, 0x30, 0x0, 0x0, 0x0, 0x1f, 0xf4, 0xc,
    0xf9, 0x0, 0x0, 0x0, 0x7, 0xfd, 0x0, 0x6f,
    0xe0, 0x0, 0x0, 0x0, 0xdf, 0x70, 0x0, 0xff,
    0x50, 0x0, 0x0, 0x3f, 0xf1, 0x0, 0x9, 0xfb,
    0x0, 0x0, 0x9, 0xfb, 0x0, 0x0, 0x3f, 0xf1,
    0x0, 0x0, 0xff, 0x50, 0x0, 0x0, 0xdf, 0x70,
    0x0, 0x5f, 0xe0, 0x0, 0x0, 0x7, 0xfd, 0x0,
    0xb, 0xf9, 0x0, 0x0, 0x0, 0x1f, 0xf3, 0x1,
    0xff, 0x20, 0x0, 0x0, 0x0, 0xbf, 0x90, 0x7f,
    0xc0, 0x0, 0x0, 0x0, 0x5, 0xfe, 0xd, 0xf6,
    0x0, 0x0, 0x0, 0x0, 0xe, 0xf8, 0xff, 0x10,
    0x0, 0x0, 0x0, 0x0, 0x8f, 0xff, 0xa0, 0x0,
    0x0, 0x0, 0x0, 0x2, 0xff, 0xf4, 0x0, 0x0,
    0x0, 0x0, 0x0, 0xc, 0xfd, 0x0, 0x0, 0x0,

    /* U+0057 "W" */
    0x7f, 0xc0, 0x0, 0x0, 0x5, 0xff, 0x30, 0x0,
    0x0, 0xd, 0xf6, 0x3f, 0xf0, 0x0, 0x0, 0xa,
    0xff, 0x80, 0x0, 0x0, 0x2f, 0xf1, 0xe, 0xf5,
    0x0, 0x0, 0xe, 0xff, 0xd0, 0x0, 0x0, 0x6f,
    0xd0, 0xa, 0xf9, 0x0, 0x0, 0x3f, 0xde, 0xf1,
    0x0, 0x0, 0xbf, 0x80, 0x5, 0xfd, 0x0, 0x0,
    0x8f, 0x8a, 0xf6, 0x0, 0x0, 0xff, 0x30, 0x1,
    0xff, 0x20, 0x0, 0xdf, 0x35, 0xfb, 0x0, 0x4,
    0xff, 0x0, 0x0, 0xcf, 0x60, 0x1, 0xfe, 0x1,
    0xff, 0x0, 0x8, 0xfa, 0x0, 0x0, 0x8f, 0xb0,
    0x6, 0xf9, 0x0, 0xbf, 0x40, 0xd, 0xf6, 0x0,
    0x0, 0x3f, 0xf0, 0xb, 0xf4, 0x0, 0x7f, 0x90,
    0x1f, 0xf1, 0x0, 0x0, 0xe, 0xf4, 0xf, 0xf0,
    0x0, 0x2f, 0xe0, 0x6f, 0xd0, 0x0, 0x0, 0xa,
    0xf8, 0x4f, 0xb0, 0x0, 0xd, 0xf3, 0xaf, 0x80,
    0x0, 0x0, 0x5, 0xfd, 0x9f, 0x60, 0x0, 0x8,
    0xf8, 0xef, 0x30, 0x0, 0x0, 0x1, 0xff, 0xef,
    0x10, 0x0, 0x3, 0xff, 0xff, 0x0, 0x0, 0x0,
    0x0, 0xcf, 0xfc, 0x0, 0x0, 0x0, 0xef, 0xfa,
    0x0, 0x0, 0x0, 0x0, 0x8f, 0xf7, 0x0, 0x0,
    0x0, 0xaf, 0xf6, 0x0, 0x0, 0x0, 0x0, 0x3f,
    0xf3, 0x0, 0x0, 0x0, 0x5f, 0xf1, 0x0, 0x0,

    /* U+0058 "X" */
    0xd, 0xfb, 0x0, 0x0, 0x0, 0x3f, 0xf6, 0x0,
    0x3f, 0xf6, 0x0, 0x0, 0xd, 0xfb, 0x0, 0x0,
    0x8f, 0xf1, 0x0, 0x7, 0xfe, 0x10, 0x0, 0x0,
    0xcf, 0xb0, 0x2, 0xff, 0x50, 0x0, 0x0, 0x2,
    0xff, 0x60, 0xcf, 0xa0, 0x0, 0x0, 0x0, 0x6,
    0xff, 0x8f, 0xe1, 0x0, 0x0, 0x0, 0x0, 0xb,
    0xff, 0xf4, 0x0, 0x0, 0x0, 0x0, 0x0, 0x3f,
    0xfb, 0x0, 0x0, 0x0, 0x0, 0x0, 0xa, 0xff,
    0xf2, 0x0, 0x0, 0x0, 0x0, 0x5, 0xff, 0xcf,
    0xc0, 0x0, 0x0, 0x0, 0x1, 0xef, 0x71, 0xff,
    0x70, 0x0, 0x0, 0x0, 0xaf, 0xd0, 0x6, 0xff,
    0x20, 0x0, 0x0, 0x5f, 0xf3, 0x0, 0xc, 0xfc,
    0x0, 0x0, 0x1e, 0xf9, 0x0, 0x0, 0x2f, 0xf7,
    0x0, 0xa, 0xfe, 0x10, 0x0, 0x0, 0x7f, 0xf2,
    0x4, 0xff, 0x50, 0x0, 0x0, 0x0, 0xdf, 0xc0,

    /* U+0059 "Y" */
    0x7f, 0xf2, 0x0, 0x0, 0x0, 0xe, 0xf9, 0xd,
    0xfa, 0x0, 0x0, 0x0, 0x7f, 0xe1, 0x3, 0xff,
    0x30, 0x0, 0x1, 0xff, 0x60, 0x0, 0xaf, 0xc0,
    0x0, 0x9, 0xfc, 0x0, 0x0, 0x1f, 0xf5, 0x0,
    0x2f, 0xf3, 0x0, 0x0, 0x7, 0xfe, 0x0, 0xbf,
    0x90, 0x0, 0x0, 0x0, 0xdf, 0x74, 0xfe, 0x10,
    0x0, 0x0, 0x0, 0x4f, 0xfd, 0xf6, 0x0, 0x0,
    0x0, 0x0, 0xa, 0xff, 0xc0, 0x0, 0x0, 0x0,
    0x0, 0x1, 0xff, 0x40, 0x0, 0x0, 0x0, 0x0,
    0x0, 0xff, 0x20, 0x0, 0x0, 0x0, 0x0, 0x0,
    0xff, 0x20, 0x0, 0x0, 0x0, 0x0, 0x0, 0xff,
    0x20, 0x0, 0x0, 0x0, 0x0, 0x0, 0xff, 0x20,
    0x0, 0x0, 0x0, 0x0, 0x0, 0xff, 0x20, 0x0,
    0x0, 0x0, 0x0, 0x0, 0xff, 0x20, 0x0, 0x0,

    /* U+005A "Z" */
    0xff, 0xff, 0xff, 0xff, 0xff, 0xf0, 0xff, 0xff,
    0xff, 0xff, 0xff, 0xf0, 0x0, 0x0, 0x0, 0x3,
    0xff, 0x60, 0x0, 0x0, 0x0, 0xc, 0xfb, 0x0,
    0x0, 0x0, 0x0, 0x7f, 0xe1, 0x0, 0x0, 0x0,
    0x2, 0xff, 0x50, 0x0, 0x0, 0x0, 0xc, 0xfa,
    0x0, 0x0, 0x0, 0x0, 0x7f, 0xe1, 0x0, 0x0,
    0x0, 0x2, 0xff, 0x50, 0x0, 0x0, 0x0, 0xc,
    0xfa, 0x0, 0x0, 0x0, 0x0, 0x6f, 0xe1, 0x0,
    0x0, 0x0, 0x2, 0xff, 0x40, 0x0, 0x0, 0x0,
    0xb, 0xf9, 0x0, 0x0, 0x0, 0x0, 0x6f, 0xe0,
    0x0, 0x0, 0x0, 0x0, 0xff, 0xff, 0xff, 0xff,
    0xff, 0xff, 0xff, 0xff, 0xff, 0xff, 0xff, 0xff,

    /* U+005B "[" */
    0xff, 0xff, 0xff, 0xff, 0xff, 0xff, 0x20, 0xf,
    0xf2, 0x0, 0xff, 0x20, 0xf, 0xf2, 0x0, 0xff,
    0x20, 0xf, 0xf2, 0x0, 0xff, 0x20, 0xf, 0xf2,
    0x0, 0xff, 0x20, 0xf, 0xf2, 0x0, 0xff, 0x20,
    0xf, 0xf2, 0x0, 0xff, 0x20, 0xf, 0xf2, 0x0,
    0xff, 0x20, 0xf, 0xf2, 0x0, 0xff, 0xff, 0xff,
    0xff, 0xff,

    /* U+005C "\\" */
    0xaf, 0x70, 0x0, 0x0, 0x5f, 0xd0, 0x0, 0x0,
    0xf, 0xf2, 0x0, 0x0, 0xb, 0xf7, 0x0, 0x0,
    0x6, 0xfc, 0x0, 0x0, 0x1, 0xff, 0x10, 0x0,
    0x0, 0xbf, 0x70, 0x0, 0x0, 0x6f, 0xc0, 0x0,
    0x0, 0x1f, 0xf1, 0x0, 0x0, 0xc, 0xf6, 0x0,
    0x0, 0x7, 0xfb, 0x0, 0x0, 0x1, 0xff, 0x10,
    0x0, 0x0, 0xcf, 0x60, 0x0, 0x0, 0x7f, 0xb0,
    0x0, 0x0, 0x2f, 0xf1, 0x0, 0x0, 0xd, 0xf5,

    /* U+005D "]" */
    0xff, 0xff, 0xf2, 0xff, 0xff, 0xf2, 0x0, 0xf,
    0xf2, 0x0, 0xf, 0xf2, 0x0, 0xf, 0xf2, 0x0,
    0xf, 0xf2, 0x0, 0xf, 0xf2, 0x0, 0xf, 0xf2,
    0x0, 0xf, 0xf2, 0x0, 0xf, 0xf2, 0x0, 0xf,
    0xf2, 0x0, 0xf, 0xf2, 0x0, 0xf, 0xf2, 0x0,
    0xf, 0xf2, 0x0, 0xf, 0xf2, 0x0, 0xf, 0xf2,
    0x0, 0xf, 0xf2, 0x0, 0xf, 0xf2, 0xff, 0xff,
    0xf2, 0xff, 0xff, 0xf2,

    /* U+005E "^" */
    0x0, 0x5, 0xff, 0x40, 0x0, 0x0, 0xd, 0xff,
    0xd0, 0x0, 0x0, 0x7f, 0x9a, 0xf6, 0x0, 0x1,
    0xfe, 0x11, 0xfe, 0x10, 0x9, 0xf6, 0x0, 0x7f,
    0x90, 0x3f, 0xd0, 0x0, 0xd, 0xf2,

    /* U+005F "_" */
    0xff, 0xff, 0xff, 0xff, 0xff, 0xff, 0xff, 0xff,
    0xff, 0xff,

    /* U+0060 "`" */
    0x0, 0x0, 0x0, 0x99, 0x0, 0x3f, 0xf5, 0x0,
    0x4f, 0xe1, 0x0, 0x3e, 0x40, 0x0, 0x0,

    /* U+0061 "a" */
    0x0, 0x5c, 0xef, 0xd8, 0x10, 0xa, 0xff, 0xff,
    0xff, 0xd1, 0x1b, 0xe5, 0x0, 0x4e, 0xfa, 0x0,
    0x10, 0x0, 0x5, 0xfe, 0x0, 0x0, 0x0, 0x2,
    0xff, 0x0, 0x6b, 0xef, 0xff, 0xff, 0x1d, 0xff,
    0xff, 0xff, 0xff, 0xaf, 0xd5, 0x10, 0x2, 0xff,
    0xff, 0x30, 0x0, 0x6, 0xff, 0xef, 0x91, 0x2,
    0x7f, 0xff, 0x7f, 0xff, 0xff, 0xf7, 0xff, 0x5,
    0xce, 0xfb, 0x32, 0xff,

    /* U+0062 "b" */
    0xff, 0x20, 0x0, 0x0, 0x0, 0xf, 0xf2, 0x0,
    0x0, 0x0, 0x0, 0xff, 0x20, 0x0, 0x0, 0x0,
    0xf, 0xf2, 0x0, 0x0, 0x0, 0x0, 0xff, 0x23,
    0xbf, 0xeb, 0x30, 0xf, 0xf8, 0xff, 0xff, 0xff,
    0x60, 0xff, 0xfb, 0x20, 0x2b, 0xff, 0x2f, 0xfd,
    0x0, 0x0, 0xd, 0xf9, 0xff, 0x60, 0x0, 0x0,
    0x6f, 0xdf, 0xf3, 0x0, 0x0, 0x3, 0xff, 0xff,
    0x30, 0x0, 0x0, 0x3f, 0xef, 0xf6, 0x0, 0x0,
    0x6, 0xfc, 0xff, 0xc0, 0x0, 0x0, 0xdf, 0x8f,
    0xff, 0xb2, 0x2, 0xbf, 0xf1, 0xff, 0xaf, 0xff,
    0xff, 0xf5, 0xf, 0xf2, 0x5c, 0xfe, 0xa3, 0x0,

    /* U+0063 "c" */
    0x0, 0x29, 0xdf, 0xe9, 0x20, 0x0, 0x5f, 0xff,
    0xff, 0xff, 0x40, 0x2f, 0xfa, 0x10, 0x2a, 0xfc,
    0x8, 0xfd, 0x0, 0x0, 0x5, 0x0, 0xdf, 0x60,
    0x0, 0x0, 0x0, 0xf, 0xf3, 0x0, 0x0, 0x0,
    0x0, 0xff, 0x30, 0x0, 0x0, 0x0, 0xd, 0xf6,
    0x0, 0x0, 0x0, 0x0, 0x8f, 0xd0, 0x0, 0x0,
    0x50, 0x2, 0xff, 0xa1, 0x2, 0xaf, 0xc0, 0x4,
    0xff, 0xff, 0xff, 0xf4, 0x0, 0x2, 0x9d, 0xfe,
    0x92, 0x0,

    /* U+0064 "d" */
    0x0, 0x0, 0x0, 0x0, 0x2f, 0xf0, 0x0, 0x0,
    0x0, 0x2, 0xff, 0x0, 0x0, 0x0, 0x0, 0x2f,
    0xf0, 0x0, 0x0, 0x0, 0x2, 0xff, 0x0, 0x3a,
    0xef, 0xc4, 0x2f, 0xf0, 0x5f, 0xff, 0xff, 0xfa,
    0xff, 0x2f, 0xfb, 0x20, 0x2b, 0xff, 0xf9, 0xfd,
    0x0, 0x0, 0xc, 0xff, 0xdf, 0x60, 0x0, 0x0,
    0x6f, 0xff, 0xf3, 0x0, 0x0, 0x3, 0xff, 0xff,
    0x30, 0x0, 0x0, 0x3f, 0xfd, 0xf6, 0x0, 0x0,
    0x6, 0xff, 0x8f, 0xd0, 0x0, 0x0, 0xcf, 0xf1,
    0xff, 0xb2, 0x1, 0xaf, 0xff, 0x5, 0xff, 0xff,
    0xff, 0x9f, 0xf0, 0x3, 0xae, 0xfc, 0x42, 0xff,

    /* U+0065 "e" */
    0x0, 0x4b, 0xef, 0xd8, 0x0, 0x0, 0x7f, 0xff,
    0xff, 0xfc, 0x0, 0x3f, 0xf7, 0x10, 0x4e, 0xf8,
    0x9, 0xfa, 0x0, 0x0, 0x5f, 0xe0, 0xdf, 0x40,
    0x0, 0x1, 0xff, 0x1f, 0xff, 0xff, 0xff, 0xff,
    0xf2, 0xff, 0xff, 0xff, 0xff, 0xff, 0xd, 0xf4,
    0x0, 0x0, 0x0, 0x0, 0x9f, 0x90, 0x0, 0x0,
    0x30, 0x2, 0xff, 0x71, 0x2, 0xaf, 0x80, 0x6,
    0xff, 0xff, 0xff, 0xe2, 0x0, 0x3, 0xae, 0xfe,
    0x91, 0x0,

    /* U+0066 "f" */
    0x0, 0x19, 0xef, 0xd0, 0xb, 0xff, 0xff, 0x0,
    0xff, 0x60, 0x0, 0x2f, 0xf0, 0x0, 0xff, 0xff,
    0xff, 0xff, 0xff, 0xff, 0xff, 0x2, 0xff, 0x0,
    0x0, 0x2f, 0xf0, 0x0, 0x2, 0xff, 0x0, 0x0,
    0x2f, 0xf0, 0x0, 0x2, 0xff, 0x0, 0x0, 0x2f,
    0xf0, 0x0, 0x2, 0xff, 0x0, 0x0, 0x2f, 0xf0,
    0x0, 0x2, 0xff, 0x0, 0x0, 0x2f, 0xf0, 0x0,

    /* U+0067 "g" */
    0x0, 0x4b, 0xef, 0xb3, 0x2f, 0xf0, 0x6f, 0xff,
    0xff, 0xf8, 0xff, 0x2f, 0xfb, 0x20, 0x1a, 0xff,
    0xf9, 0xfc, 0x0, 0x0, 0xd, 0xff, 0xdf, 0x60,
    0x0, 0x0, 0x6f, 0xff, 0xf3, 0x0, 0x0, 0x3,
    0xff, 0xff, 0x30, 0x0, 0x0, 0x3f, 0xfd, 0xf6,
    0x0, 0x0, 0x6, 0xff, 0x8f, 0xd0, 0x0, 0x0,
    0xcf, 0xf1, 0xff, 0xb2, 0x1, 0xaf, 0xff, 0x5,
    0xff, 0xff, 0xff, 0x9f, 0xf0, 0x3, 0xae, 0xfc,
    0x42, 0xff, 0x0, 0x0, 0x0, 0x0, 0x5f, 0xe0,
    0x54, 0x0, 0x0, 0xa, 0xfa, 0x5f, 0xf7, 0x10,
    0x19, 0xff, 0x40, 0xaf, 0xff, 0xff, 0xff, 0x80,
    0x0, 0x4b, 0xef, 0xeb, 0x40, 0x0,

    /* U+0068 "h" */
    0xff, 0x20, 0x0, 0x0, 0x0, 0xff, 0x20, 0x0,
    0x0, 0x0, 0xff, 0x20, 0x0, 0x0, 0x0, 0xff,
    0x20, 0x0, 0x0, 0x0, 0xff, 0x23, 0xbf, 0xfb,
    0x30, 0xff, 0x8f, 0xff, 0xff, 0xf2, 0xff, 0xf7,
    0x10, 0x5f, 0xfa, 0xff, 0x90, 0x0, 0x7, 0xfe,
    0xff, 0x40, 0x0, 0x3, 0xff, 0xff, 0x20, 0x0,
    0x2, 0xff, 0xff, 0x20, 0x0, 0x2, 0xff, 0xff,
    0x20, 0x0, 0x2, 0xff, 0xff, 0x20, 0x0, 0x2,
    0xff, 0xff, 0x20, 0x0, 0x2, 0xff, 0xff, 0x20,
    0x0, 0x2, 0xff, 0xff, 0x20, 0x0, 0x2, 0xff,

    /* U+0069 "i" */
    0x9f, 0x7f, 0xfc, 0x7c, 0x50, 0x0, 0xff, 0x2f,
    0xf2, 0xff, 0x2f, 0xf2, 0xff, 0x2f, 0xf2, 0xff,
    0x2f, 0xf2, 0xff, 0x2f, 0xf2, 0xff, 0x2f, 0xf2,

    /* U+006A "j" */
    0x0, 0xb, 0xd0, 0x0, 0xf, 0xf1, 0x0, 0x8,
    0xa0, 0x0, 0x0, 0x0, 0x0, 0xf, 0xf2, 0x0,
    0xf, 0xf2, 0x0, 0xf, 0xf2, 0x0, 0xf, 0xf2,
    0x0, 0xf, 0xf2, 0x0, 0xf, 0xf2, 0x0, 0xf,
    0xf2, 0x0, 0xf, 0xf2, 0x0, 0xf, 0xf2, 0x0,
    0xf, 0xf2, 0x0, 0xf, 0xf2, 0x0, 0xf, 0xf2,
    0x0, 0xf, 0xf2, 0x0, 0x1f, 0xf1, 0x0, 0x8f,
    0xf0, 0x8f, 0xff, 0xa0, 0x6f, 0xea, 0x0,

    /* U+006B "k" */
    0xff, 0x20, 0x0, 0x0, 0x0, 0xff, 0x20, 0x0,
    0x0, 0x0, 0xff, 0x20, 0x0, 0x0, 0x0, 0xff,
    0x20, 0x0, 0x0, 0x0, 0xff, 0x20, 0x0, 0x8f,
    0xf3, 0xff, 0x20, 0x6, 0xff, 0x40, 0xff, 0x20,
    0x5f, 0xf4, 0x0, 0xff, 0x25, 0xff, 0x50, 0x0,
    0xff, 0x6f, 0xf8, 0x0, 0x0, 0xff, 0xff, 0xfd,
    0x0, 0x0, 0xff, 0xf8, 0xff, 0x80, 0x0, 0xff,
    0x80, 0x6f, 0xf2, 0x0, 0xff, 0x20, 0xc, 0xfc,
    0x0, 0xff, 0x20, 0x3, 0xff, 0x60, 0xff, 0x20,
    0x0, 0x9f, 0xe1, 0xff, 0x20, 0x0, 0x1e, 0xfa,

    /* U+006C "l" */
    0xff, 0x20, 0xff, 0x20, 0xff, 0x20, 0xff, 0x20,
    0xff, 0x20, 0xff, 0x20, 0xff, 0x20, 0xff, 0x20,
    0xff, 0x20, 0xff, 0x20, 0xff, 0x20, 0xff, 0x20,
    0xff, 0x20, 0xff, 0x40, 0xef, 0xf7, 0x4d, 0xf8,

    /* U+006D "m" */
    0xff, 0x25, 0xdf, 0xc3, 0x0, 0x8e, 0xfd, 0x50,
    0xf, 0xf8, 0xff, 0xff, 0xe1, 0xcf, 0xff, 0xff,
    0x50, 0xff, 0xf6, 0x2, 0xdf, 0xef, 0x50, 0x2d,
    0xfd, 0xf, 0xf8, 0x0, 0x4, 0xff, 0x80, 0x0,
    0x4f, 0xf1, 0xff, 0x30, 0x0, 0xf, 0xf3, 0x0,
    0x0, 0xff, 0x2f, 0xf2, 0x0, 0x0, 0xff, 0x20,
    0x0, 0xf, 0xf2, 0xff, 0x20, 0x0, 0xf, 0xf2,
    0x0, 0x0, 0xff, 0x2f, 0xf2, 0x0, 0x0, 0xff,
    0x20, 0x0, 0xf, 0xf2, 0xff, 0x20, 0x0, 0xf,
    0xf2, 0x0, 0x0, 0xff, 0x2f, 0xf2, 0x0, 0x0,
    0xff, 0x20, 0x0, 0xf, 0xf2, 0xff, 0x20, 0x0,
    0xf, 0xf2, 0x0, 0x0, 0xff, 0x2f, 0xf2, 0x0,
    0x0, 0xff, 0x20, 0x0, 0xf, 0xf2,

    /* U+006E "n" */
    0xff, 0x23, 0xbf, 0xfb, 0x20, 0xff, 0x8f, 0xff,
    0xff, 0xf2, 0xff, 0xf7, 0x10, 0x5f, 0xfa, 0xff,
    0x90, 0x0, 0x7, 0xfe, 0xff, 0x40, 0x0, 0x3,
    0xff, 0xff, 0x20, 0x0, 0x2, 0xff, 0xff, 0x20,
    0x0, 0x2, 0xff, 0xff, 0x20, 0x0, 0x2, 0xff,
    0xff, 0x20, 0x0, 0x2, 0xff, 0xff, 0x20, 0x0,
    0x2, 0xff, 0xff, 0x20, 0x0, 0x2, 0xff, 0xff,
    0x20, 0x0, 0x2, 0xff,

    /* U+006F "o" */
    0x0, 0x3a, 0xef, 0xea, 0x20, 0x0, 0x5f, 0xff,
    0xff, 0xff, 0x50, 0x2f, 0xfa, 0x10, 0x1a, 0xff,
    0x29, 0xfc, 0x0, 0x0, 0xd, 0xf8, 0xdf, 0x60,
    0x0, 0x0, 0x6f, 0xdf, 0xf3, 0x0, 0x0, 0x3,
    0xff, 0xff, 0x30, 0x0, 0x0, 0x3f, 0xfd, 0xf5,
    0x0, 0x0, 0x6, 0xfd, 0x9f, 0xc0, 0x0, 0x0,
    0xcf, 0x82, 0xff, 0xa1, 0x1, 0xaf, 0xf2, 0x5,
    0xff, 0xff, 0xff, 0xf5, 0x0, 0x3, 0xae, 0xfe,
    0xa3, 0x0,

    /* U+0070 "p" */
    0xff, 0x24, 0xbf, 0xeb, 0x30, 0xf, 0xf8, 0xff,
    0xff, 0xff, 0x60, 0xff, 0xfb, 0x20, 0x2b, 0xff,
    0x2f, 0xfd, 0x0, 0x0, 0xd, 0xf9, 0xff, 0x60,
    0x0, 0x0, 0x6f, 0xdf, 0xf3, 0x0, 0x0, 0x3,
    0xff, 0xff, 0x30, 0x0, 0x0, 0x3f, 0xef, 0xf6,
    0x0, 0x0, 0x6, 0xfc, 0xff, 0xc0, 0x0, 0x0,
    0xdf, 0x8f, 0xff, 0xb2, 0x2, 0xbf, 0xe1, 0xff,
    0xaf, 0xff, 0xff, 0xf4, 0xf, 0xf2, 0x5c, 0xfe,
    0xa3, 0x0, 0xff, 0x20, 0x0, 0x0, 0x0, 0xf,
    0xf2, 0x0, 0x0, 0x0, 0x0, 0xff, 0x20, 0x0,
    0x0, 0x0, 0xf, 0xf2, 0x0, 0x0, 0x0, 0x0,
    0xff, 0x20, 0x0, 0x0, 0x0, 0x0,

    /* U+0071 "q" */
    0x0, 0x3b, 0xef, 0xb4, 0x2f, 0xf0, 0x6f, 0xff,
    0xff, 0xf8, 0xff, 0x2f, 0xfb, 0x20, 0x2b, 0xff,
    0xf9, 0xfd, 0x0, 0x0, 0xc, 0xff, 0xdf, 0x60,
    0x0, 0x0, 0x6f, 0xff, 0xf3, 0x0, 0x0, 0x3,
    0xff, 0xff, 0x30, 0x0, 0x0, 0x3f, 0xfd, 0xf6,
    0x0, 0x0, 0x6, 0xff, 0x8f, 0xd0, 0x0, 0x0,
    0xcf, 0xf1, 0xff, 0xb2, 0x1, 0xaf, 0xff, 0x5,
    0xff, 0xff, 0xff, 0x8f, 0xf0, 0x3, 0xae, 0xfc,
    0x42, 0xff, 0x0, 0x0, 0x0, 0x0, 0x2f, 0xf0,
    0x0, 0x0, 0x0, 0x2, 0xff, 0x0, 0x0, 0x0,
    0x0, 0x2f, 0xf0, 0x0, 0x0, 0x0, 0x2, 0xff,
    0x0, 0x0, 0x0, 0x0, 0x2f, 0xf0,

    /* U+0072 "r" */
    0xff, 0x21, 0x9e, 0x7f, 0xf5, 0xef, 0xf7, 0xff,
    0xeb, 0x40, 0xf, 0xfb, 0x0, 0x0, 0xff, 0x40,
    0x0, 0xf, 0xf2, 0x0, 0x0, 0xff, 0x20, 0x0,
    0xf, 0xf2, 0x0, 0x0, 0xff, 0x20, 0x0, 0xf,
    0xf2, 0x0, 0x0, 0xff, 0x20, 0x0, 0xf, 0xf2,
    0x0, 0x0,

    /* U+0073 "s" */
    0x0, 0x3b, 0xef, 0xd9, 0x10, 0x6, 0xff, 0xff,
    0xff, 0xe3, 0xe, 0xfa, 0x10, 0x2b, 0xfb, 0xf,
    0xf3, 0x0, 0x0, 0x50, 0xb, 0xfd, 0x40, 0x0,
    0x0, 0x1, 0xbf, 0xfe, 0xa5, 0x0, 0x0, 0x3,
    0x8d, 0xff, 0xc2, 0x0, 0x0, 0x0, 0x2c, 0xfc,
    0x2, 0x60, 0x0, 0x3, 0xff, 0x1f, 0xf8, 0x10,
    0x1a, 0xfd, 0x6, 0xff, 0xff, 0xff, 0xf5, 0x0,
    0x3a, 0xef, 0xea, 0x30,

    /* U+0074 "t" */
    0x1, 0x88, 0x0, 0x0, 0x2, 0xff, 0x0, 0x0,
    0x2, 0xff, 0x0, 0x0, 0x2, 0xff, 0x0, 0x0,
    0xff, 0xff, 0xff, 0xf7, 0xff, 0xff, 0xff, 0xf6,
    0x2, 0xff, 0x0, 0x0, 0x2, 0xff, 0x0, 0x0,
    0x2, 0xff, 0x0, 0x0, 0x2, 0xff, 0x0, 0x0,
    0x2, 0xff, 0x0, 0x0, 0x2, 0xff, 0x0, 0x0,
    0x1, 0xff, 0x0, 0x0, 0x0, 0xff, 0x80, 0x10,
    0x0, 0x8f, 0xff, 0xf3, 0x0, 0x8, 0xdf, 0xe2,

    /* U+0075 "u" */
    0xff, 0x20, 0x0, 0x2, 0xff, 0xff, 0x20, 0x0,
    0x2, 0xff, 0xff, 0x20, 0x0, 0x2, 0xff, 0xff,
    0x20, 0x0, 0x2, 0xff, 0xff, 0x20, 0x0, 0x2,
    0xff, 0xff, 0x20, 0x0, 0x2, 0xff, 0xff, 0x20,
    0x0, 0x2, 0xff, 0xff, 0x30, 0x0, 0x4, 0xff,
    0xef, 0x70, 0x0, 0x9, 0xff, 0xaf, 0xf5, 0x1,
    0x7f, 0xff, 0x2f, 0xff, 0xff, 0xf8, 0xff, 0x3,
    0xbf, 0xfb, 0x42, 0xff,

    /* U+0076 "v" */
    0xcf, 0x70, 0x0, 0x0, 0x1f, 0xf3, 0x6f, 0xd0,
    0x0, 0x0, 0x6f, 0xd0, 0x1f, 0xf3, 0x0, 0x0,
    0xcf, 0x60, 0xa, 0xf8, 0x0, 0x2, 0xff, 0x10,
    0x4, 0xfe, 0x0, 0x7, 0xfa, 0x0, 0x0, 0xef,
    0x40, 0xd, 0xf4, 0x0, 0x0, 0x8f, 0xa0, 0x3f,
    0xe0, 0x0, 0x0, 0x2f, 0xf0, 0x8f, 0x80, 0x0,
    0x0, 0xc, 0xf5, 0xef, 0x20, 0x0, 0x0, 0x6,
    0xfe, 0xfc, 0x0, 0x0, 0x0, 0x0, 0xff, 0xf5,
    0x0, 0x0, 0x0, 0x0, 0xaf, 0xf0, 0x0, 0x0,

    /* U+0077 "w" */
    0xdf, 0x70, 0x0, 0x6, 0xff, 0x20, 0x0, 0xa,
    0xf9, 0x7f, 0xc0, 0x0, 0xa, 0xff, 0x70, 0x0,
    0xf, 0xf4, 0x2f, 0xf0, 0x0, 0xf, 0xff, 0xb0,
    0x0, 0x4f, 0xe0, 0xd, 0xf5, 0x0, 0x4f, 0xad,
    0xf0, 0x0, 0x8f, 0x90, 0x8, 0xfa, 0x0, 0x8f,
    0x59, 0xf5, 0x0, 0xdf, 0x40, 0x3, 0xfe, 0x0,
    0xdf, 0x14, 0xf9, 0x2, 0xff, 0x0, 0x0, 0xdf,
    0x31, 0xfc, 0x0, 0xfe, 0x6, 0xfa, 0x0, 0x0,
    0x8f, 0x86, 0xf7, 0x0, 0xbf, 0x2b, 0xf5, 0x0,
    0x0, 0x3f, 0xcb, 0xf3, 0x0, 0x6f, 0x8f, 0xf0,
    0x0, 0x0, 0xe, 0xff, 0xe0, 0x0, 0x1f, 0xff,
    0xa0, 0x0, 0x0, 0x9, 0xff, 0x90, 0x0, 0xd,
    0xff, 0x50, 0x0, 0x0, 0x3, 0xff, 0x50, 0x0,
    0x8, 0xff, 0x0, 0x0,

    /* U+0078 "x" */
    0x4f, 0xf3, 0x0, 0x0, 0xdf, 0x80, 0x9, 0xfd,
    0x0, 0x8, 0xfd, 0x0, 0x0, 0xdf, 0x80, 0x3f,
    0xf3, 0x0, 0x0, 0x3f, 0xf3, 0xcf, 0x70, 0x0,
    0x0, 0x7, 0xff, 0xfc, 0x0, 0x0, 0x0, 0x0,
    0xcf, 0xf2, 0x0, 0x0, 0x0, 0x2, 0xff, 0xf4,
    0x0, 0x0, 0x0, 0xc, 0xfd, 0xfe, 0x0, 0x0,
    0x0, 0x7f, 0xd0, 0xcf, 0xa0, 0x0, 0x3, 0xff,
    0x40, 0x2f, 0xf5, 0x0, 0xd, 0xf9, 0x0, 0x8,
    0xfe, 0x10, 0x9f, 0xe0, 0x0, 0x0, 0xdf, 0xb0,

    /* U+0079 "y" */
    0xcf, 0x80, 0x0, 0x0, 0xe, 0xf6, 0x6f, 0xe0,
    0x0, 0x0, 0x4f, 0xf0, 0x1f, 0xf4, 0x0, 0x0,
    0xaf, 0x90, 0xa, 0xf9, 0x0, 0x0, 0xff, 0x30,
    0x4, 0xfe, 0x0, 0x5, 0xfd, 0x0, 0x0, 0xef,
    0x50, 0xb, 0xf7, 0x0, 0x0, 0x8f, 0xa0, 0x1f,
    0xf1, 0x0, 0x0, 0x2f, 0xf0, 0x7f, 0xb0, 0x0,
    0x0, 0xc, 0xf6, 0xcf, 0x40, 0x0, 0x0, 0x6,
    0xfd, 0xfe, 0x0, 0x0, 0x0, 0x1, 0xff, 0xf8,
    0x0, 0x0, 0x0, 0x0, 0xaf, 0xf2, 0x0, 0x0,
    0x0, 0x0, 0x8f, 0xc0, 0x0, 0x0, 0x0, 0x0,
    0xef, 0x50, 0x0, 0x0, 0x0, 0x4, 0xff, 0x0,
    0x0, 0x0, 0x0, 0xb, 0xf9, 0x0, 0x0, 0x0,
    0x0, 0x1f, 0xf3, 0x0, 0x0, 0x0,

    /* U+007A "z" */
    0xff, 0xff, 0xff, 0xff, 0xff, 0xff, 0xff, 0xff,
    0xff, 0x0, 0x0, 0x2, 0xff, 0x50, 0x0, 0x0,
    0xdf, 0x90, 0x0, 0x0, 0xaf, 0xd0, 0x0, 0x0,
    0x6f, 0xf2, 0x0, 0x0, 0x2f, 0xf6, 0x0, 0x0,
    0xd, 0xfa, 0x0, 0x0, 0x9, 0xfd, 0x0, 0x0,
    0x5, 0xff, 0x30, 0x0, 0x0, 0xff, 0xff, 0xff,
    0xff, 0xff, 0xff, 0xff, 0xff, 0xff,

    /* U+007B "{" */
    0x0, 0x0, 0x4b, 0xe7, 0x0, 0x5, 0xff, 0xf8,
    0x0, 0xc, 0xfc, 0x20, 0x0, 0xf, 0xf4, 0x0,
    0x0, 0xf, 0xf2, 0x0, 0x0, 0xf, 0xf2, 0x0,
    0x0, 0xf, 0xf2, 0x0, 0x0, 0x2f, 0xf0, 0x0,
    0x1, 0xbf, 0xb0, 0x0, 0x7f, 0xfb, 0x10, 0x0,
    0x8f, 0xf9, 0x0, 0x0, 0x2, 0xcf, 0xa0, 0x0,
    0x0, 0x3f, 0xf0, 0x0, 0x0, 0xf, 0xf2, 0x0,
    0x0, 0xf, 0xf2, 0x0, 0x0, 0xf, 0xf2, 0x0,
    0x0, 0xf, 0xf4, 0x0, 0x0, 0xc, 0xfb, 0x10,
    0x0, 0x5, 0xff, 0xf7, 0x0, 0x0, 0x4b, 0xe7,

    /* U+007C "|" */
    0xff, 0x2f, 0xf2, 0xff, 0x2f, 0xf2, 0xff, 0x2f,
    0xf2, 0xff, 0x2f, 0xf2, 0xff, 0x2f, 0xf2, 0xff,
    0x2f, 0xf2, 0xff, 0x2f, 0xf2, 0xff, 0x2f, 0xf2,
    0xff, 0x2f, 0xf2, 0xff, 0x2f, 0xf2,

    /* U+007D "}" */
    0x7e, 0xb5, 0x0, 0x0, 0x8f, 0xff, 0x70, 0x0,
    0x2, 0xbf, 0xe0, 0x0, 0x0, 0x1f, 0xf1, 0x0,
    0x0, 0xf, 0xf2, 0x0, 0x0, 0xf, 0xf2, 0x0,
    0x0, 0xf, 0xf2, 0x0, 0x0, 0xe, 0xf5, 0x0,
    0x0, 0x9, 0xfc, 0x20, 0x0, 0x0, 0x9f, 0xf7,
    0x0, 0x0, 0x8f, 0xf8, 0x0, 0x8, 0xfd, 0x30,
    0x0, 0xe, 0xf5, 0x0, 0x0, 0xf, 0xf3, 0x0,
    0x0, 0xf, 0xf2, 0x0, 0x0, 0xf, 0xf2, 0x0,
    0x0, 0x1f, 0xf1, 0x0, 0x1, 0xaf, 0xe0, 0x0,
    0x7f, 0xff, 0x70, 0x0, 0x7f, 0xc5, 0x0, 0x0,

    /* U+007E "~" */
    0x0, 0x0, 0x0, 0x0, 0x0, 0x0, 0x8, 0xee,
    0xa4, 0x2, 0xd8, 0x9, 0xff, 0xff, 0xff, 0xff,
    0x70, 0x7c, 0x20, 0x5b, 0xfd, 0x60,

    /* U+00B0 "°" */
    0x0, 0x7d, 0xfc, 0x50, 0x8, 0xff, 0xff, 0xf4,
    0xf, 0xb2, 0x3, 0xdc, 0x2f, 0x10, 0x0, 0x4f,
    0xf, 0x10, 0x0, 0x4d, 0x9, 0xc2, 0x3, 0xd6,
    0x0, 0xaf, 0xff, 0x70, 0x0, 0x0, 0x20, 0x0,

    /* U+00B1 "±" */
    0x0, 0x0, 0x2f, 0xf0, 0x0, 0x0, 0x0, 0x2,
    0xff, 0x0, 0x0, 0x0, 0x0, 0x2f, 0xf0, 0x0,
    0x0, 0x0, 0x2, 0xff, 0x0, 0x0, 0xff, 0xff,
    0xff, 0xff, 0xff, 0xff, 0xff, 0xff, 0xff, 0xff,
    0xff, 0x0, 0x0, 0x2f, 0xf0, 0x0, 0x0, 0x0,
    0x2, 0xff, 0x0, 0x0, 0x0, 0x0, 0x2f, 0xf0,
    0x0, 0x0, 0x0, 0x2, 0xff, 0x0, 0x0, 0x0,
    0x0, 0x0, 0x0, 0x0, 0xf, 0xff, 0xff, 0xff,
    0xff, 0xff, 0xff, 0xff, 0xff, 0xff, 0xff, 0xf0,

    /* U+00B7 "·" */
    0xff, 0x2f, 0xf2,

    /* U+00D7 "×" */
    0x0, 0x0, 0x0, 0x0, 0x0, 0x0, 0x7c, 0x0,
    0x0, 0x4, 0xe3, 0x1f, 0xfc, 0x0, 0x4, 0xff,
    0xa0, 0x3f, 0xfc, 0x14, 0xff, 0xb0, 0x0, 0x3e,
    0xfd, 0xff, 0xb0, 0x0, 0x0, 0x3e, 0xff, 0xb0,
    0x0, 0x0, 0x4, 0xff, 0xfd, 0x10, 0x0, 0x5,
    0xff, 0xbe, 0xfd, 0x10, 0x5, 0xff, 0xa0, 0x2e,
    0xfd, 0x11, 0xff, 0xa0, 0x0, 0x2e, 0xfb, 0x5,
    0xa0, 0x0, 0x0, 0x2c, 0x10,

    /* U+00F7 "÷" */
    0x0, 0x0, 0xff, 0x20, 0x0, 0x0, 0x0, 0xff,
    0x20, 0x0, 0x0, 0x0, 0x0, 0x0, 0x0, 0x0,
    0x0, 0x0, 0x0, 0x0, 0xff, 0xff, 0xff, 0xff,
    0xff, 0xff, 0xff, 0xff, 0xff, 0xff, 0x0, 0x0,
    0x0, 0x0, 0x0, 0x0, 0x0, 0x0, 0x0, 0x0,
    0x0, 0x0, 0xff, 0x20, 0x0, 0x0, 0x0, 0xff,
    0x20, 0x0,

    /* U+2014 "—" */
    0xff, 0xff, 0xff, 0xff, 0xff, 0xff, 0xff, 0xff,
    0xff, 0xff, 0xff, 0xff, 0xff, 0xff, 0xff, 0xff,
    0xff, 0xff, 0xff, 0xff, 0xff, 0xff,

    /* U+2026 "…" */
    0xff, 0x20, 0x0, 0x2, 0xff, 0x0, 0x0, 0x4,
    0xfc, 0xff, 0x20, 0x0, 0x2, 0xff, 0x0, 0x0,
    0x5, 0xfd,

    /* U+2103 "℃" */
    0x0, 0x5d, 0xfd, 0x60, 0x0, 0x0, 0x0, 0x7c,
    0xef, 0xea, 0x40, 0x0, 0x6, 0xfa, 0x69, 0xf8,
    0x0, 0x0, 0x3e, 0xff, 0xff, 0xff, 0xfa, 0x0,
    0xe, 0xa0, 0x0, 0x8f, 0x0, 0x3, 0xff, 0xd6,
    0x21, 0x3a, 0xff, 0xb0, 0xf, 0x50, 0x0, 0x4f,
    0x20, 0xd, 0xfb, 0x0, 0x0, 0x0, 0x4f, 0x80,
    0xe, 0x80, 0x0, 0x6f, 0x10, 0x6f, 0xe1, 0x0,
    0x0, 0x0, 0x1, 0x0, 0x8, 0xf5, 0x4, 0xe9,
    0x0, 0xbf, 0x80, 0x0, 0x0, 0x0, 0x0, 0x0,
    0x0, 0x8f, 0xff, 0x90, 0x0, 0xff, 0x30, 0x0,
    0x0, 0x0, 0x0, 0x0, 0x0, 0x0, 0x20, 0x0,
    0x0, 0xff, 0x10, 0x0, 0x0, 0x0, 0x0, 0x0,
    0x0, 0x0, 0x0, 0x0, 0x1, 0xff, 0x0, 0x0,
    0x0, 0x0, 0x0, 0x0, 0x0, 0x0, 0x0, 0x0,
    0x0, 0xff, 0x10, 0x0, 0x0, 0x0, 0x0, 0x0,
    0x0, 0x0, 0x0, 0x0, 0x0, 0xff, 0x40, 0x0,
    0x0, 0x0, 0x0, 0x0, 0x0, 0x0, 0x0, 0x0,
    0x0, 0xbf, 0x80, 0x0, 0x0, 0x0, 0x0, 0x0,
    0x0, 0x0, 0x0, 0x0, 0x0, 0x6f, 0xf1, 0x0,
    0x0, 0x0, 0x1, 0x0, 0x0, 0x0, 0x0, 0x0,
    0x0, 0xd, 0xfc, 0x0, 0x0, 0x0, 0x4f, 0x80,
    0x0, 0x0, 0x0, 0x0, 0x0, 0x3, 0xff, 0xd5,
    0x10, 0x29, 0xff, 0xc0, 0x0, 0x0, 0x0, 0x0,
    0x0, 0x0, 0x4e, 0xff, 0xff, 0xff, 0xfb, 0x10,
    0x0, 0x0, 0x0, 0x0, 0x0, 0x0, 0x1, 0x8d,
    0xff, 0xfc, 0x60, 0x0, 0x0, 0x0, 0x0, 0x0,
    0x0, 0x0, 0x0, 0x0, 0x1, 0x0, 0x0, 0x0,

    /* U+2190 "←" */
    0x0, 0x0, 0x1, 0x21, 0x0, 0x0, 0x0, 0x0,
    0x0, 0x0, 0x0, 0x0, 0x8f, 0xd1, 0x0, 0x0,
    0x0, 0x0, 0x0, 0x0, 0x0, 0x8, 0xfd, 0x10,
    0x0, 0x0, 0x0, 0x0, 0x0, 0x0, 0x0, 0x8f,
    0xd1, 0x0, 0x0, 0x0, 0x0, 0x0, 0x0, 0x0,
    0x8, 0xfe, 0x31, 0x11, 0x11, 0x11, 0x11, 0x11,
    0x11, 0x11, 0x8f, 0xff, 0xff, 0xff, 0xff, 0xff,
    0xff, 0xff, 0xff, 0xff, 0x7f, 0xff, 0xff, 0xff,
    0xff, 0xff, 0xff, 0xff, 0xff, 0xff, 0x7, 0xfe,
    0x20, 0x0, 0x0, 0x0, 0x0, 0x0, 0x0, 0x0,
    0x0, 0x7f, 0xe2, 0x0, 0x0, 0x0, 0x0, 0x0,
    0x0, 0x0, 0x0, 0x7, 0xfe, 0x20, 0x0, 0x0,
    0x0, 0x0, 0x0, 0x0, 0x0, 0x0, 0x6f, 0xe2,
    0x0, 0x0, 0x0, 0x0, 0x0, 0x0,

    /* U+2191 "↑" */
    0x0, 0x0, 0x7, 0x70, 0x0, 0x0, 0x0, 0x0,
    0x7f, 0xf7, 0x0, 0x0, 0x0, 0x7, 0xff, 0xff,
    0x70, 0x0, 0x0, 0x7f, 0xef, 0xfe, 0xf7, 0x0,
    0x7, 0xfe, 0x2f, 0xf2, 0xef, 0x70, 0xf, 0xe2,
    0xf, 0xf0, 0x2e, 0xf0, 0x1e, 0x20, 0xf, 0xf0,
    0x2, 0xe1, 0x2, 0x0, 0xf, 0xf0, 0x0, 0x20,
    0x0, 0x0, 0xf, 0xf0, 0x0, 0x0, 0x0, 0x0,
    0xf, 0xf0, 0x0, 0x0, 0x0, 0x0, 0xf, 0xf0,
    0x0, 0x0, 0x0, 0x0, 0xf, 0xf0, 0x0, 0x0,
    0x0, 0x0, 0xf, 0xf0, 0x0, 0x0, 0x0, 0x0,
    0xf, 0xf0, 0x0, 0x0, 0x0, 0x0, 0xf, 0xf0,
    0x0, 0x0, 0x0, 0x0, 0xf, 0xf0, 0x0, 0x0,
    0x0, 0x0, 0xf, 0xf0, 0x0, 0x0, 0x0, 0x0,
    0xf, 0xf0, 0x0, 0x0, 0x0, 0x0, 0xf, 0xf0,
    0x0, 0x0, 0x0, 0x0, 0xf, 0xf0, 0x0, 0x0,

    /* U+2192 "→" */
    0x0, 0x0, 0x0, 0x0, 0x0, 0x0, 0x12, 0x20,
    0x0, 0x0, 0x0, 0x0, 0x0, 0x0, 0x0, 0x0,
    0x1d, 0xf8, 0x0, 0x0, 0x0, 0x0, 0x0, 0x0,
    0x0, 0x0, 0x1, 0xdf, 0x80, 0x0, 0x0, 0x0,
    0x0, 0x0, 0x0, 0x0, 0x0, 0x1d, 0xf8, 0x0,
    0x11, 0x11, 0x11, 0x11, 0x11, 0x11, 0x11, 0x13,
    0xef, 0x80, 0xff, 0xff, 0xff, 0xff, 0xff, 0xff,
    0xff, 0xff, 0xff, 0xf8, 0xff, 0xff, 0xff, 0xff,
    0xff, 0xff, 0xff, 0xff, 0xff, 0xf6, 0x0, 0x0,
    0x0, 0x0, 0x0, 0x0, 0x0, 0x2, 0xef, 0x60,
    0x0, 0x0, 0x0, 0x0, 0x0, 0x0, 0x0, 0x2e,
    0xf6, 0x0, 0x0, 0x0, 0x0, 0x0, 0x0, 0x0,
    0x2, 0xef, 0x60, 0x0, 0x0, 0x0, 0x0, 0x0,
    0x0, 0x0, 0x2e, 0xf6, 0x0, 0x0,

    /* U+2193 "↓" */
    0x0, 0x0, 0xf, 0xf0, 0x0, 0x0, 0x0, 0x0,
    0xf, 0xf0, 0x0, 0x0, 0x0, 0x0, 0xf, 0xf0,
    0x0, 0x0, 0x0, 0x0, 0xf, 0xf0, 0x0, 0x0,
    0x0, 0x0, 0xf, 0xf0, 0x0, 0x0, 0x0, 0x0,
    0xf, 0xf0, 0x0, 0x0, 0x0, 0x0, 0xf, 0xf0,
    0x0, 0x0, 0x0, 0x0, 0xf, 0xf0, 0x0, 0x0,
    0x0, 0x0, 0xf, 0xf0, 0x0, 0x0, 0x0, 0x0,
    0xf, 0xf0, 0x0, 0x0, 0x0, 0x0, 0xf, 0xf0,
    0x0, 0x0, 0x0, 0x0, 0xf, 0xf0, 0x0, 0x0,
    0x1, 0x0, 0xf, 0xf0, 0x0, 0x10, 0x1d, 0x10,
    0xf, 0xf0, 0x1, 0xd1, 0xf, 0xd1, 0xf, 0xf0,
    0x2e, 0xf0, 0x7, 0xfd, 0x2f, 0xf2, 0xef, 0x70,
    0x0, 0x8f, 0xef, 0xfe, 0xf7, 0x0, 0x0, 0x8,
    0xff, 0xff, 0x70, 0x0, 0x0, 0x0, 0x8f, 0xf7,
    0x0, 0x0, 0x0, 0x0, 0x8, 0x70, 0x0, 0x0,

    /* U+25CF "●" */
    0x0, 0x0, 0x28, 0xce, 0xec, 0x81, 0x0, 0x0,
    0x0, 0x7, 0xff, 0xff, 0xff, 0xff, 0x70, 0x0,
    0x0, 0xbf, 0xff, 0xff, 0xff, 0xff, 0xfa, 0x0,
    0x8, 0xff, 0xff, 0xff, 0xff, 0xff, 0xff, 0x70,
    0x2f, 0xff, 0xff, 0xff, 0xff, 0xff, 0xff, 0xf1,
    0x9f, 0xff, 0xff, 0xff, 0xff, 0xff, 0xff, 0xf8,
    0xdf, 0xff, 0xff, 0xff, 0xff, 0xff, 0xff, 0xfc,
    0xff, 0xff, 0xff, 0xff, 0xff, 0xff, 0xff, 0xfe,
    0xff, 0xff, 0xff, 0xff, 0xff, 0xff, 0xff, 0xfe,
    0xdf, 0xff, 0xff, 0xff, 0xff, 0xff, 0xff, 0xfc,
    0x9f, 0xff, 0xff, 0xff, 0xff, 0xff, 0xff, 0xf8,
    0x3f, 0xff, 0xff, 0xff, 0xff, 0xff, 0xff, 0xf2,
    0x9, 0xff, 0xff, 0xff, 0xff, 0xff, 0xff, 0x70,
    0x0, 0xcf, 0xff, 0xff, 0xff, 0xff, 0xfb, 0x0,
    0x0, 0x9, 0xff, 0xff, 0xff, 0xff, 0x80, 0x0,
    0x0, 0x0, 0x39, 0xdf, 0xfd, 0x92, 0x0, 0x0,

    /* U+2713 "✓" */
    0x0, 0x0, 0x0, 0x0, 0x0, 0x0, 0x0, 0x0,
    0x0, 0x4, 0x30, 0x0, 0x0, 0x0, 0x0, 0x0,
    0x0, 0x0, 0x0, 0x0, 0x3f, 0xf3, 0x0, 0x0,
    0x0, 0x0, 0x0, 0x0, 0x0, 0x0, 0x2, 0xef,
    0xb0, 0x0, 0x0, 0x0, 0x0, 0x0, 0x0, 0x0,
    0x0, 0x2e, 0xfc, 0x0, 0x0, 0x0, 0x0, 0x0,
    0x0, 0x0, 0x0, 0x1, 0xef, 0xd1, 0x0, 0x0,
    0x0, 0x0, 0x0, 0x0, 0x0, 0x0, 0x1d, 0xfd,
    0x10, 0x0, 0x0, 0x0, 0x0, 0x0, 0x0, 0x0,
    0x0, 0xcf, 0xe2, 0x0, 0x0, 0x0, 0x0, 0x0,
    0x0, 0x0, 0x0, 0xc, 0xfe, 0x20, 0x0, 0x0,
    0x2, 0x20, 0x0, 0x0, 0x0, 0x0, 0xbf, 0xf3,
    0x0, 0x0, 0x0, 0x2e, 0xe2, 0x0, 0x0, 0x0,
    0xa, 0xff, 0x40, 0x0, 0x0, 0x0, 0x1d, 0xfe,
    0x20, 0x0, 0x0, 0x9f, 0xf4, 0x0, 0x0, 0x0,
    0x0, 0x1, 0xdf, 0xe2, 0x0, 0x8, 0xff, 0x50,
    0x0, 0x0, 0x0, 0x0, 0x0, 0x1d, 0xfe, 0x20,
    0x7f, 0xf6, 0x0, 0x0, 0x0, 0x0, 0x0, 0x0,
    0x1, 0xdf, 0xe8, 0xff, 0x70, 0x0, 0x0, 0x0,
    0x0, 0x0, 0x0, 0x0, 0x1d, 0xff, 0xf8, 0x0,
    0x0, 0x0, 0x0, 0x0, 0x0, 0x0, 0x0, 0x1,
    0xdf, 0x90, 0x0, 0x0, 0x0, 0x0, 0x0, 0x0,
    0x0, 0x0, 0x0, 0x18, 0x0, 0x0, 0x0, 0x0,
    0x0, 0x0, 0x0,

    /* U+3001 "、" */
    0x0, 0x10, 0x0, 0x0, 0xbe, 0x30, 0x0, 0x9,
    0xff, 0x50, 0x0, 0x7, 0xff, 0x50, 0x0, 0x8,
    0xff, 0x40, 0x0, 0xa, 0xc1, 0x0, 0x0, 0x0,
    0x0,

    /* U+3002 "。" */
    0x0, 0x11, 0x0, 0x2, 0xcf, 0xfd, 0x30, 0xca,
    0x10, 0x8e, 0xf, 0x30, 0x0, 0xf1, 0xbc, 0x33,
    0xad, 0x1, 0xae, 0xfb, 0x20,

    /* U+4E00 "一" */
    0x22, 0x22, 0x22, 0x22, 0x22, 0x22, 0x22, 0x22,
    0x22, 0x20, 0xff, 0xff, 0xff, 0xff, 0xff, 0xff,
    0xff, 0xff, 0xff, 0xf5, 0xff, 0xff, 0xff, 0xff,
    0xff, 0xff, 0xff, 0xff, 0xff, 0xf5,

    /* U+4E09 "三" */
    0x1, 0xff, 0xff, 0xff, 0xff, 0xff, 0xff, 0xff,
    0xff, 0xc0, 0x1, 0xff, 0xff, 0xff, 0xff, 0xff,
    0xff, 0xff, 0xff, 0xc0, 0x0, 0x0, 0x0, 0x0,
    0x0, 0x0, 0x0, 0x0, 0x0, 0x0, 0x0, 0x0,
    0x0, 0x0, 0x0, 0x0, 0x0, 0x0, 0x0, 0x0,
    0x0, 0x0, 0x0, 0x0, 0x0, 0x0, 0x0, 0x0,
    0x0, 0x0, 0x0, 0x0, 0x0, 0x0, 0x0, 0x0,
    0x0, 0x0, 0x0, 0x0, 0x0, 0x0, 0x0, 0x0,
    0x0, 0x0, 0x0, 0x0, 0x0, 0x0, 0x0, 0x1f,
    0xff, 0xff, 0xff, 0xff, 0xff, 0xff, 0xfb, 0x0,
    0x0, 0x1f, 0xff, 0xff, 0xff, 0xff, 0xff, 0xff,
    0xfc, 0x0, 0x0, 0x0, 0x0, 0x0, 0x0, 0x0,
    0x0, 0x0, 0x0, 0x0, 0x0, 0x0, 0x0, 0x0,
    0x0, 0x0, 0x0, 0x0, 0x0, 0x0, 0x0, 0x0,
    0x0, 0x0, 0x0, 0x0, 0x0, 0x0, 0x0, 0x0,
    0x0, 0x0, 0x0, 0x0, 0x0, 0x0, 0x0, 0x0,
    0x0, 0x0, 0x0, 0x0, 0x0, 0x0, 0x0, 0x0,
    0x0, 0x0, 0x0, 0x0, 0x0, 0x0, 0x0, 0x0,
    0x0, 0x0, 0x0, 0x0, 0x0, 0x0, 0x4f, 0xff,
    0xff, 0xff, 0xff, 0xff, 0xff, 0xff, 0xff, 0xff,
    0x4f, 0xff, 0xff, 0xff, 0xff, 0xff, 0xff, 0xff,
    0xff, 0xff,

    /* U+4E0A "上" */
    0x0, 0x0, 0x0, 0x0, 0x1, 0x0, 0x0, 0x0,
    0x0, 0x0, 0x0, 0x0, 0x0, 0x0, 0x7f, 0x90,
    0x0, 0x0, 0x0, 0x0, 0x0, 0x0, 0x0, 0x0,
    0x7f, 0x90, 0x0, 0x0, 0x0, 0x0, 0x0, 0x0,
    0x0, 0x0, 0x7f, 0x90, 0x0, 0x0, 0x0, 0x0,
    0x0, 0x0, 0x0, 0x0, 0x7f, 0x90, 0x0, 0x0,
    0x0, 0x0, 0x0, 0x0, 0x0, 0x0, 0x7f, 0x90,
    0x0, 0x0, 0x0, 0x0, 0x0, 0x0, 0x0, 0x0,
    0x7f, 0x90, 0x0, 0x0, 0x0, 0x0, 0x0, 0x0,
    0x0, 0x0, 0x7f, 0x90, 0x0, 0x0, 0x0, 0x0,
    0x0, 0x0, 0x0, 0x0, 0x7f, 0xff, 0xff, 0xff,
    0xff, 0x90, 0x0, 0x0, 0x0, 0x0, 0x7f, 0xfe,
    0xee, 0xee, 0xee, 0x80, 0x0, 0x0, 0x0, 0x0,
    0x7f, 0x90, 0x0, 0x0, 0x0, 0x0, 0x0, 0x0,
    0x0, 0x0, 0x7f, 0x90, 0x0, 0x0, 0x0, 0x0,
    0x0, 0x0, 0x0, 0x0, 0x7f, 0x90, 0x0, 0x0,
    0x0, 0x0, 0x0, 0x0, 0x0, 0x0, 0x7f, 0x90,
    0x0, 0x0, 0x0, 0x0, 0x0, 0x0, 0x0, 0x0,
    0x7f, 0x90, 0x0, 0x0, 0x0, 0x0, 0x0, 0x0,
    0x0, 0x0, 0x7f, 0x90, 0x0, 0x0, 0x0, 0x0,
    0x0, 0x0, 0x0, 0x0, 0x7f, 0x90, 0x0, 0x0,
    0x0, 0x0, 0x0, 0x0, 0x0, 0x0, 0x7f, 0x90,
    0x0, 0x0, 0x0, 0x0, 0x3f, 0xff, 0xff, 0xff,
    0xff, 0xff, 0xff, 0xff, 0xff, 0xff, 0x3f, 0xff,
    0xff, 0xff, 0xff, 0xff, 0xff, 0xff, 0xff, 0xff,

    /* U+4E0B "下" */
    0x3f, 0xff, 0xff, 0xff, 0xff, 0xff, 0xff, 0xff,
    0xff, 0xff, 0x2e, 0xee, 0xee, 0xee, 0xef, 0xfe,
    0xee, 0xee, 0xee, 0xee, 0x0, 0x0, 0x0, 0x0,
    0x4f, 0xd0, 0x0, 0x0, 0x0, 0x0, 0x0, 0x0,
    0x0, 0x0, 0x4f, 0xd0, 0x0, 0x0, 0x0, 0x0,
    0x0, 0x0, 0x0, 0x0, 0x4f, 0xd0, 0x0, 0x0,
    0x0, 0x0, 0x0, 0x0, 0x0, 0x0, 0x4f, 0xd4,
    0xd2, 0x0, 0x0, 0x0, 0x0, 0x0, 0x0, 0x0,
    0x4f, 0xda, 0xff, 0x60, 0x0, 0x0, 0x0, 0x0,
    0x0, 0x0, 0x4f, 0xd0, 0x8f, 0xfa, 0x0, 0x0,
    0x0, 0x0, 0x0, 0x0, 0x4f, 0xd0, 0x4, 0xef,
    0xd3, 0x0, 0x0, 0x0, 0x0, 0x0, 0x4f, 0xd0,
    0x0, 0x1c, 0xff, 0x60, 0x0, 0x0, 0x0, 0x0,
    0x4f, 0xd0, 0x0, 0x0, 0x8f, 0x80, 0x0, 0x0,
    0x0, 0x0, 0x4f, 0xd0, 0x0, 0x0, 0x4, 0x0,
    0x0, 0x0, 0x0, 0x0, 0x4f, 0xd0, 0x0, 0x0,
    0x0, 0x0, 0x0, 0x0, 0x0, 0x0, 0x4f, 0xd0,
    0x0, 0x0, 0x0, 0x0, 0x0, 0x0, 0x0, 0x0,
    0x4f, 0xd0, 0x0, 0x0, 0x0, 0x0, 0x0, 0x0,
    0x0, 0x0, 0x4f, 0xd0, 0x0, 0x0, 0x0, 0x0,
    0x0, 0x0, 0x0, 0x0, 0x4f, 0xd0, 0x0, 0x0,
    0x0, 0x0, 0x0, 0x0, 0x0, 0x0, 0x4f, 0xd0,
    0x0, 0x0, 0x0, 0x0,

    /* U+4E0D "不" */
    0xf, 0xff, 0xff, 0xff, 0xff, 0xff, 0xff, 0xff,
    0xff, 0xf2, 0xf, 0xff, 0xff, 0xff, 0xff, 0xff,
    0xff, 0xff, 0xff, 0xf2, 0x0, 0x0, 0x0, 0x0,
    0x4, 0xfe, 0x0, 0x0, 0x0, 0x0, 0x0, 0x0,
    0x0, 0x0, 0x1e, 0xf5, 0x0, 0x0, 0x0, 0x0,
    0x0, 0x0, 0x0, 0x0, 0xaf, 0xf0, 0x0, 0x0,
    0x0, 0x0, 0x0, 0x0, 0x0, 0x7, 0xff, 0xf0,
    0x0, 0x0, 0x0, 0x0, 0x0, 0x0, 0x0, 0x5f,
    0xff, 0xf0, 0x47, 0x0, 0x0, 0x0, 0x0, 0x0,
    0x5, 0xff, 0x5f, 0xf0, 0xef, 0xa0, 0x0, 0x0,
    0x0, 0x0, 0x6f, 0xf5, 0xf, 0xf0, 0x3e, 0xfc,
    0x10, 0x0, 0x0, 0x7, 0xff, 0x50, 0xf, 0xf0,
    0x2, 0xdf, 0xd2, 0x0, 0x1, 0xbf, 0xf5, 0x0,
    0xf, 0xf0, 0x0, 0x1c, 0xff, 0x40, 0x3e, 0xfe,
    0x30, 0x0, 0xf, 0xf0, 0x0, 0x0, 0xaf, 0xf5,
    0x4f, 0xc1, 0x0, 0x0, 0xf, 0xf0, 0x0, 0x0,
    0x9, 0xe2, 0x4, 0x0, 0x0, 0x0, 0xf, 0xf0,
    0x0, 0x0, 0x0, 0x20, 0x0, 0x0, 0x0, 0x0,
    0xf, 0xf0, 0x0, 0x0, 0x0, 0x0, 0x0, 0x0,
    0x0, 0x0, 0xf, 0xf0, 0x0, 0x0, 0x0, 0x0,
    0x0, 0x0, 0x0, 0x0, 0xf, 0xf0, 0x0, 0x0,
    0x0, 0x0, 0x0, 0x0, 0x0, 0x0, 0xf, 0xf0,
    0x0, 0x0, 0x0, 0x0,

    /* U+4E0E "与" */
    0x0, 0x2, 0x87, 0x0, 0x0, 0x0, 0x0, 0x0,
    0x0, 0x0, 0x0, 0x4, 0xfc, 0x0, 0x0, 0x0,
    0x0, 0x0, 0x0, 0x0, 0x0, 0x5, 0xfb, 0x0,
    0x0, 0x0, 0x0, 0x0, 0x0, 0x0, 0x0, 0x7,
    0xff, 0xdd, 0xdd, 0xdd, 0xdd, 0xdd, 0xdd, 0xd0,
    0x0, 0x8, 0xff, 0xff, 0xff, 0xff, 0xff, 0xff,
    0xff, 0xf1, 0x0, 0x9, 0xf8, 0x0, 0x0, 0x0,
    0x0, 0x0, 0x0, 0x0, 0x0, 0xa, 0xf6, 0x0,
    0x0, 0x0, 0x0, 0x0, 0x0, 0x0, 0x0, 0xb,
    0xf5, 0x0, 0x0, 0x0, 0x0, 0x0, 0x0, 0x0,
    0x0, 0xd, 0xff, 0xee, 0xee, 0xee, 0xee, 0xee,
    0xee, 0x30, 0x0, 0xe, 0xff, 0xff, 0xff, 0xff,
    0xff, 0xff, 0xff, 0x20, 0x0, 0x0, 0x0, 0x0,
    0x0, 0x0, 0x0, 0x0, 0xff, 0x10, 0x0, 0x0,
    0x0, 0x0, 0x0, 0x0, 0x0, 0x0, 0xff, 0x0,
    0x0, 0x0, 0x0, 0x0, 0x0, 0x0, 0x0, 0x1,
    0xff, 0x0, 0xee, 0xee, 0xee, 0xee, 0xee, 0xee,
    0xee, 0x22, 0xfe, 0x0, 0xff, 0xff, 0xff, 0xff,
    0xff, 0xff, 0xff, 0x23, 0xfe, 0x0, 0x0, 0x0,
    0x0, 0x0, 0x0, 0x0, 0x0, 0x4, 0xfd, 0x0,
    0x0, 0x0, 0x0, 0x0, 0x0, 0x0, 0x0, 0x6,
    0xfb, 0x0, 0x0, 0x0, 0x0, 0x0, 0x0, 0x0,
    0x0, 0x1c, 0xf9, 0x0, 0x0, 0x0, 0x0, 0x0,
    0xc, 0xff, 0xff, 0xff, 0xf3, 0x0, 0x0, 0x0,
    0x0, 0x0, 0xa, 0xff, 0xff, 0xfc, 0x50, 0x0,

    /* U+4E1C "东" */
    0x0, 0x0, 0x0, 0x1, 0xc7, 0x0, 0x0, 0x0,
    0x0, 0x0, 0x0, 0x0, 0x0, 0x0, 0x7f, 0xb0,
    0x0, 0x0, 0x0, 0x0, 0x0, 0x0, 0x0, 0x0,
    0xe, 0xf4, 0x0, 0x0, 0x0, 0x0, 0x0, 0x0,
    0x9d, 0xdd, 0xde, 0xff, 0xdd, 0xdd, 0xdd, 0xdd,
    0xdd, 0xd0, 0xb, 0xff, 0xff, 0xff, 0xff, 0xff,
    0xff, 0xff, 0xff, 0xff, 0x0, 0x0, 0x0, 0x8f,
    0xb0, 0x0, 0x0, 0x0, 0x0, 0x0, 0x0, 0x0,
    0x0, 0x1f, 0xf3, 0x0, 0xae, 0x40, 0x0, 0x0,
    0x0, 0x0, 0x0, 0xa, 0xfa, 0x0, 0xb, 0xf4,
    0x0, 0x0, 0x0, 0x0, 0x0, 0x3, 0xff, 0x20,
    0x0, 0xbf, 0x40, 0x0, 0x0, 0x0, 0x0, 0x0,
    0xcf, 0x70, 0x0, 0xb, 0xf4, 0x0, 0x0, 0x0,
    0x0, 0x0, 0x2f, 0xff, 0xff, 0xff, 0xff, 0xff,
    0xff, 0xff, 0xf2, 0x0, 0x1, 0xdd, 0xdd, 0xdd,
    0xdf, 0xfe, 0xdd, 0xdd, 0xdd, 0x10, 0x0, 0x0,
    0x0, 0x0, 0x0, 0xbf, 0x40, 0x0, 0x0, 0x0,
    0x0, 0x0, 0x0, 0xa9, 0x0, 0xb, 0xf4, 0x8,
    0xc1, 0x0, 0x0, 0x0, 0x0, 0x7f, 0xe1, 0x0,
    0xbf, 0x40, 0xcf, 0xd1, 0x0, 0x0, 0x0, 0x5f,
    0xf3, 0x0, 0xb, 0xf4, 0x0, 0xcf, 0xd1, 0x0,
    0x0, 0x6f, 0xf5, 0x0, 0x0, 0xbf, 0x40, 0x0,
    0xbf, 0xd2, 0x0, 0x8f, 0xf6, 0x0, 0x0, 0xd,
    0xf4, 0x0, 0x0, 0xbf, 0xe2, 0xc, 0xf6, 0x0,
    0x5f, 0xff, 0xff, 0x10, 0x0, 0x0, 0xbe, 0x20,
    0x14, 0x0, 0x3, 0xff, 0xfd, 0x60, 0x0, 0x0,
    0x0, 0x20,

    /* U+4E25 "严" */
    0xd, 0xdd, 0xdd, 0xdd, 0xdd, 0xdd, 0xdd, 0xdd,
    0xdd, 0xdd, 0xf, 0xff, 0xff, 0xff, 0xff, 0xff,
    0xff, 0xff, 0xff, 0xff, 0x0, 0x4, 0x0, 0x9,
    0xf4, 0x0, 0xfe, 0x0, 0x4, 0x0, 0x0, 0x8f,
    0x60, 0x9, 0xf4, 0x0, 0xfe, 0x0, 0x2f, 0xb0,
    0x0, 0x2f, 0xf2, 0x9, 0xf4, 0x0, 0xfe, 0x0,
    0xcf, 0x50, 0x0, 0x5, 0xfd, 0x9, 0xf4, 0x0,
    0xfe, 0x9, 0xfa, 0x0, 0x0, 0x0, 0x9c, 0x19,
    0xf4, 0x0, 0xfe, 0xd, 0xd0, 0x0, 0x0, 0x0,
    0x0, 0x9, 0xf4, 0x0, 0xfe, 0x1, 0x20, 0x0,
    0x0, 0x7f, 0xff, 0xff, 0xff, 0xff, 0xff, 0xff,
    0xff, 0xfe, 0x0, 0x7f, 0xed, 0xdd, 0xdd, 0xdd,
    0xdd, 0xdd, 0xdd, 0xdc, 0x0, 0x7f, 0x60, 0x0,
    0x0, 0x0, 0x0, 0x0, 0x0, 0x0, 0x0, 0x7f,
    0x60, 0x0, 0x0, 0x0, 0x0, 0x0, 0x0, 0x0,
    0x0, 0x7f, 0x50, 0x0, 0x0, 0x0, 0x0, 0x0,
    0x0, 0x0, 0x0, 0x8f, 0x50, 0x0, 0x0, 0x0,
    0x0, 0x0, 0x0, 0x0, 0x0, 0xaf, 0x30, 0x0,
    0x0, 0x0, 0x0, 0x0, 0x0, 0x0, 0x0, 0xef,
    0x0, 0x0, 0x0, 0x0, 0x0, 0x0, 0x0, 0x0,
    0x2, 0xfd, 0x0, 0x0, 0x0, 0x0, 0x0, 0x0,
    0x0, 0x0, 0x8, 0xf7, 0x0, 0x0, 0x0, 0x0,
    0x0, 0x0, 0x0, 0x0, 0x2f, 0xe1, 0x0, 0x0,
    0x0, 0x0, 0x0, 0x0, 0x0, 0x0, 0x2b, 0x70,
    0x0, 0x0, 0x0, 0x0, 0x0, 0x0, 0x0, 0x0,
    0x0, 0x0, 0x0, 0x0, 0x0, 0x0, 0x0, 0x0,
    0x0, 0x0,

    /* U+4E2D "中" */
    0x0, 0x0, 0x0, 0x2, 0x30, 0x0, 0x0, 0x0,
    0x0, 0x0, 0x0, 0xf, 0xf0, 0x0, 0x0, 0x0,
    0x0, 0x0, 0x0, 0xf, 0xf0, 0x0, 0x0, 0x0,
    0x0, 0x0, 0x0, 0xf, 0xf0, 0x0, 0x0, 0x0,
    0x0, 0x0, 0x0, 0xf, 0xf0, 0x0, 0x0, 0x0,
    0xee, 0xee, 0xee, 0xef, 0xfe, 0xee, 0xee, 0xee,
    0xff, 0xff, 0xff, 0xff, 0xff, 0xff, 0xff, 0xff,
    0xfe, 0x0, 0x0, 0xf, 0xf0, 0x0, 0x0, 0xff,
    0xfe, 0x0, 0x0, 0xf, 0xf0, 0x0, 0x0, 0xff,
    0xfe, 0x0, 0x0, 0xf, 0xf0, 0x0, 0x0, 0xff,
    0xfe, 0x0, 0x0, 0xf, 0xf0, 0x0, 0x0, 0xff,
    0xfe, 0x0, 0x0, 0xf, 0xf0, 0x0, 0x0, 0xff,
    0xfe, 0x0, 0x0, 0xf, 0xf0, 0x0, 0x0, 0xff,
    0xff, 0xff, 0xff, 0xff, 0xff, 0xff, 0xff, 0xff,
    0xee, 0xee, 0xee, 0xef, 0xfe, 0xee, 0xee, 0xee,
    0x0, 0x0, 0x0, 0xf, 0xf0, 0x0, 0x0, 0x0,
    0x0, 0x0, 0x0, 0xf, 0xf0, 0x0, 0x0, 0x0,
    0x0, 0x0, 0x0, 0xf, 0xf0, 0x0, 0x0, 0x0,
    0x0, 0x0, 0x0, 0xf, 0xf0, 0x0, 0x0, 0x0,
    0x0, 0x0, 0x0, 0xf, 0xf0, 0x0, 0x0, 0x0,
    0x0, 0x0, 0x0, 0xf, 0xf0, 0x0, 0x0, 0x0,

    /* U+4E3A "为" */
    0x0, 0x19, 0x0, 0x0, 0xdd, 0x0, 0x0, 0x0,
    0x0, 0x0, 0x9, 0xfa, 0x0, 0xf, 0xf0, 0x0,
    0x0, 0x0, 0x0, 0x0, 0xc, 0xf9, 0x1, 0xfe,
    0x0, 0x0, 0x0, 0x0, 0x0, 0x0, 0x1e, 0xf1,
    0x2f, 0xd0, 0x0, 0x0, 0x0, 0x0, 0x0, 0x0,
    0x33, 0x3, 0xfb, 0x0, 0x0, 0x0, 0x0, 0x3,
    0xee, 0xee, 0xee, 0xff, 0xfe, 0xee, 0xee, 0xee,
    0xe2, 0x4f, 0xff, 0xff, 0xff, 0xff, 0xff, 0xff,
    0xff, 0xff, 0x20, 0x0, 0x0, 0x0, 0x9f, 0x60,
    0x0, 0x0, 0xe, 0xf1, 0x0, 0x0, 0x0, 0xc,
    0xf3, 0x0, 0x0, 0x0, 0xff, 0x0, 0x0, 0x0,
    0x0, 0xff, 0x3, 0x30, 0x0, 0xf, 0xf0, 0x0,
    0x0, 0x0, 0x4f, 0xc2, 0xff, 0x30, 0x0, 0xff,
    0x0, 0x0, 0x0, 0xa, 0xf7, 0x8, 0xfe, 0x20,
    0x1f, 0xe0, 0x0, 0x0, 0x1, 0xff, 0x20, 0x9,
    0xfd, 0x12, 0xfd, 0x0, 0x0, 0x0, 0x9f, 0xa0,
    0x0, 0xb, 0xc0, 0x2f, 0xc0, 0x0, 0x0, 0x4f,
    0xf2, 0x0, 0x0, 0x10, 0x3, 0xfb, 0x0, 0x0,
    0x1e, 0xf8, 0x0, 0x0, 0x0, 0x0, 0x5f, 0xa0,
    0x0, 0x1d, 0xfc, 0x0, 0x0, 0x0, 0x0, 0x6,
    0xf9, 0x0, 0x1d, 0xfd, 0x10, 0x0, 0x0, 0x0,
    0x1, 0xcf, 0x70, 0x3e, 0xfd, 0x10, 0x0, 0x3,
    0xff, 0xff, 0xff, 0xf3, 0x5, 0xfc, 0x10, 0x0,
    0x0, 0xf, 0xff, 0xff, 0xc5, 0x0, 0x4, 0x0,
    0x0, 0x0, 0x0, 0x0, 0x0, 0x0, 0x0, 0x0,

    /* U+4E3B "主" */
    0x0, 0x0, 0x0, 0x0, 0x0, 0x0, 0x0, 0x0,
    0x0, 0x0, 0x0, 0x0, 0x0, 0x2b, 0xa0, 0x0,
    0x0, 0x0, 0x0, 0x0, 0x0, 0x0, 0x1, 0xef,
    0x40, 0x0, 0x0, 0x0, 0x0, 0x0, 0x0, 0x0,
    0x7, 0xfc, 0x0, 0x0, 0x0, 0x0, 0x0, 0x0,
    0x0, 0x0, 0xc, 0x70, 0x0, 0x0, 0x0, 0x4,
    0xee, 0xee, 0xee, 0xee, 0xee, 0xee, 0xee, 0xee,
    0xe3, 0x4f, 0xff, 0xff, 0xff, 0xff, 0xff, 0xff,
    0xff, 0xff, 0x40, 0x0, 0x0, 0x0, 0x8, 0xf7,
    0x0, 0x0, 0x0, 0x0, 0x0, 0x0, 0x0, 0x0,
    0x8f, 0x70, 0x0, 0x0, 0x0, 0x0, 0x0, 0x0,
    0x0, 0x8, 0xf7, 0x0, 0x0, 0x0, 0x0, 0x0,
    0x0, 0x0, 0x0, 0x8f, 0x70, 0x0, 0x0, 0x0,
    0x0, 0x0, 0x0, 0x0, 0x8, 0xf7, 0x0, 0x0,
    0x0, 0x0, 0x5, 0xff, 0xff, 0xff, 0xff, 0xff,
    0xff, 0xff, 0xf5, 0x0, 0x4e, 0xee, 0xee, 0xef,
    0xff, 0xee, 0xee, 0xee, 0x40, 0x0, 0x0, 0x0,
    0x0, 0x8f, 0x70, 0x0, 0x0, 0x0, 0x0, 0x0,
    0x0, 0x0, 0x8, 0xf7, 0x0, 0x0, 0x0, 0x0,
    0x0, 0x0, 0x0, 0x0, 0x8f, 0x70, 0x0, 0x0,
    0x0, 0x0, 0x0, 0x0, 0x0, 0x8, 0xf7, 0x0,
    0x0, 0x0, 0x0, 0x0, 0x0, 0x0, 0x0, 0x8f,
    0x70, 0x0, 0x0, 0x0, 0xf, 0xff, 0xff, 0xff,
    0xff, 0xff, 0xff, 0xff, 0xff, 0xff, 0xdd, 0xdd,
    0xdd, 0xdd, 0xdd, 0xdd, 0xdd, 0xdd, 0xdd, 0xd0,

    /* U+4E49 "义" */
    0x0, 0x0, 0x0, 0x0, 0x53, 0x0, 0x0, 0x0,
    0x0, 0x0, 0x0, 0x0, 0x0, 0x5, 0xfd, 0x0,
    0x0, 0x1, 0x0, 0x0, 0x0, 0x28, 0x60, 0x0,
    0xcf, 0x70, 0x0, 0xe, 0xc2, 0x0, 0x0, 0x4f,
    0xd0, 0x0, 0x3f, 0xf1, 0x0, 0x2f, 0xf0, 0x0,
    0x0, 0xe, 0xf3, 0x0, 0xa, 0xfa, 0x0, 0x7f,
    0xb0, 0x0, 0x0, 0x8, 0xf9, 0x0, 0x1, 0xfd,
    0x0, 0xcf, 0x60, 0x0, 0x0, 0x2, 0xff, 0x10,
    0x0, 0x30, 0x2, 0xff, 0x10, 0x0, 0x0, 0x0,
    0xaf, 0x80, 0x0, 0x0, 0x9, 0xfa, 0x0, 0x0,
    0x0, 0x0, 0x2f, 0xf2, 0x0, 0x0, 0x1f, 0xf4,
    0x0, 0x0, 0x0, 0x0, 0xa, 0xfb, 0x0, 0x0,
    0x9f, 0xc0, 0x0, 0x0, 0x0, 0x0, 0x1, 0xef,
    0x60, 0x3, 0xff, 0x30, 0x0, 0x0, 0x0, 0x0,
    0x0, 0x5f, 0xf3, 0x1e, 0xfa, 0x0, 0x0, 0x0,
    0x0, 0x0, 0x0, 0x9, 0xfe, 0xcf, 0xd1, 0x0,
    0x0, 0x0, 0x0, 0x0, 0x0, 0x0, 0xbf, 0xff,
    0x30, 0x0, 0x0, 0x0, 0x0, 0x0, 0x0, 0x2,
    0xdf, 0xff, 0x60, 0x0, 0x0, 0x0, 0x0, 0x0,
    0x0, 0x7f, 0xfe, 0xbf, 0xfb, 0x20, 0x0, 0x0,
    0x0, 0x0, 0x5d, 0xff, 0xc1, 0x6, 0xff, 0xf8,
    0x10, 0x0, 0x0, 0x6d, 0xff, 0xf6, 0x0, 0x0,
    0x2c, 0xff, 0xf8, 0x20, 0x5e, 0xff, 0xf9, 0x10,
    0x0, 0x0, 0x0, 0x6e, 0xff, 0xf7, 0x3f, 0xf9,
    0x20, 0x0, 0x0, 0x0, 0x0, 0x0, 0x7e, 0xf3,
    0x5, 0x10, 0x0, 0x0, 0x0, 0x0, 0x0, 0x0,
    0x0, 0x50,

    /* U+4E66 "书" */
    0x0, 0x0, 0x0, 0x5, 0x60, 0x0, 0x0, 0x10,
    0x0, 0x0, 0x0, 0x0, 0x0, 0xd, 0xf2, 0x0,
    0x0, 0xbc, 0x10, 0x0, 0x0, 0x0, 0x0, 0xd,
    0xf2, 0x0, 0x1, 0xff, 0xd1, 0x0, 0x0, 0x0,
    0x0, 0xd, 0xf2, 0x0, 0x0, 0x3e, 0xfd, 0x10,
    0x0, 0x0, 0x0, 0xd, 0xf2, 0x0, 0x0, 0x3,
    0xef, 0xd2, 0x3, 0xff, 0xff, 0xff, 0xff, 0xff,
    0xff, 0xff, 0x9d, 0xf7, 0x3, 0xee, 0xee, 0xef,
    0xfe, 0xee, 0xee, 0xff, 0x51, 0x80, 0x0, 0x0,
    0x0, 0xd, 0xf2, 0x0, 0x0, 0x9f, 0x40, 0x0,
    0x0, 0x0, 0x0, 0xd, 0xf2, 0x0, 0x0, 0xbf,
    0x20, 0x0, 0x0, 0x0, 0x0, 0xd, 0xf2, 0x0,
    0x0, 0xcf, 0x10, 0x0, 0x0, 0x0, 0x0, 0xd,
    0xf2, 0x0, 0x0, 0xef, 0x0, 0x0, 0x9e, 0xee,
    0xee, 0xef, 0xfe, 0xee, 0xee, 0xff, 0xee, 0xd0,
    0xaf, 0xff, 0xff, 0xff, 0xff, 0xff, 0xff, 0xff,
    0xff, 0xe0, 0x0, 0x0, 0x0, 0xd, 0xf2, 0x0,
    0x0, 0x0, 0x1f, 0xd0, 0x0, 0x0, 0x0, 0xd,
    0xf2, 0x0, 0x0, 0x0, 0x2f, 0xc0, 0x0, 0x0,
    0x0, 0xd, 0xf2, 0x0, 0x0, 0x0, 0x4f, 0xa0,
    0x0, 0x0, 0x0, 0xd, 0xf2, 0x0, 0x0, 0x0,
    0x6f, 0x90, 0x0, 0x0, 0x0, 0xd, 0xf2, 0x0,
    0x0, 0x2, 0xdf, 0x60, 0x0, 0x0, 0x0, 0xd,
    0xf2, 0x3, 0xff, 0xff, 0xff, 0x10, 0x0, 0x0,
    0x0, 0xd, 0xf2, 0x0, 0xdd, 0xdc, 0xa3, 0x0,
    0x0, 0x0, 0x0, 0xd, 0xf2, 0x0, 0x0, 0x0,
    0x0, 0x0,

    /* U+4E8E "于" */
    0x7, 0xff, 0xff, 0xff, 0xff, 0xff, 0xff, 0xff,
    0xfc, 0x0, 0x6, 0xdd, 0xdd, 0xdd, 0xdf, 0xfd,
    0xdd, 0xdd, 0xda, 0x0, 0x0, 0x0, 0x0, 0x0,
    0xf, 0xf0, 0x0, 0x0, 0x0, 0x0, 0x0, 0x0,
    0x0, 0x0, 0xf, 0xf0, 0x0, 0x0, 0x0, 0x0,
    0x0, 0x0, 0x0, 0x0, 0xf, 0xf0, 0x0, 0x0,
    0x0, 0x0, 0x0, 0x0, 0x0, 0x0, 0xf, 0xf0,
    0x0, 0x0, 0x0, 0x0, 0x0, 0x0, 0x0, 0x0,
    0xf, 0xf0, 0x0, 0x0, 0x0, 0x0, 0xff, 0xff,
    0xff, 0xff, 0xff, 0xff, 0xff, 0xff, 0xff, 0xf4,
    0xee, 0xee, 0xee, 0xee, 0xef, 0xfe, 0xee, 0xee,
    0xee, 0xe4, 0x0, 0x0, 0x0, 0x0, 0xf, 0xf0,
    0x0, 0x0, 0x0, 0x0, 0x0, 0x0, 0x0, 0x0,
    0xf, 0xf0, 0x0, 0x0, 0x0, 0x0, 0x0, 0x0,
    0x0, 0x0, 0xf, 0xf0, 0x0, 0x0, 0x0, 0x0,
    0x0, 0x0, 0x0, 0x0, 0xf, 0xf0, 0x0, 0x0,
    0x0, 0x0, 0x0, 0x0, 0x0, 0x0, 0xf, 0xf0,
    0x0, 0x0, 0x0, 0x0, 0x0, 0x0, 0x0, 0x0,
    0xf, 0xf0, 0x0, 0x0, 0x0, 0x0, 0x0, 0x0,
    0x0, 0x0, 0x4f, 0xf0, 0x0, 0x0, 0x0, 0x0,
    0x0, 0x0, 0x9f, 0xff, 0xff, 0xd0, 0x0, 0x0,
    0x0, 0x0, 0x0, 0x0, 0x6f, 0xff, 0xfc, 0x30,
    0x0, 0x0, 0x0, 0x0,

    /* U+4EA7 "产" */
    0x0, 0x0, 0x0, 0x0, 0x3, 0x61, 0x0, 0x0,
    0x0, 0x0, 0x0, 0x0, 0x0, 0x0, 0x9, 0xf7,
    0x0, 0x0, 0x0, 0x0, 0x0, 0x0, 0x0, 0x0,
    0x5, 0xfc, 0x0, 0x0, 0x0, 0x0, 0xf, 0xff,
    0xff, 0xff, 0xff, 0xff, 0xff, 0xff, 0xff, 0xfd,
    0xe, 0xee, 0xef, 0xfe, 0xee, 0xee, 0xef, 0xfe,
    0xee, 0xeb, 0x0, 0x0, 0x7, 0xf7, 0x0, 0x0,
    0xa, 0xf4, 0x0, 0x0, 0x0, 0x0, 0x3, 0xfb,
    0x0, 0x0, 0xe, 0xf0, 0x0, 0x0, 0x0, 0x0,
    0x0, 0xff, 0x0, 0x0, 0x2f, 0xb0, 0x0, 0x0,
    0x0, 0x0, 0x0, 0xcf, 0x30, 0x0, 0x7f, 0x70,
    0x0, 0x0, 0x0, 0x7f, 0xff, 0xff, 0xff, 0xff,
    0xff, 0xff, 0xff, 0xf3, 0x0, 0x7f, 0xee, 0xee,
    0xee, 0xee, 0xee, 0xee, 0xee, 0xe3, 0x0, 0x7f,
    0x60, 0x0, 0x0, 0x0, 0x0, 0x0, 0x0, 0x0,
    0x0, 0x7f, 0x60, 0x0, 0x0, 0x0, 0x0, 0x0,
    0x0, 0x0, 0x0, 0x8f, 0x60, 0x0, 0x0, 0x0,
    0x0, 0x0, 0x0, 0x0, 0x0, 0x8f, 0x50, 0x0,
    0x0, 0x0, 0x0, 0x0, 0x0, 0x0, 0x0, 0xaf,
    0x30, 0x0, 0x0, 0x0, 0x0, 0x0, 0x0, 0x0,
    0x0, 0xdf, 0x10, 0x0, 0x0, 0x0, 0x0, 0x0,
    0x0, 0x0, 0x2, 0xfd, 0x0, 0x0, 0x0, 0x0,
    0x0, 0x0, 0x0, 0x0, 0xa, 0xf7, 0x0, 0x0,
    0x0, 0x0, 0x0, 0x0, 0x0, 0x0, 0x3f, 0xf1,
    0x0, 0x0, 0x0, 0x0, 0x0, 0x0, 0x0, 0x0,
    0x9, 0x70, 0x0, 0x0, 0x0, 0x0, 0x0, 0x0,
    0x0, 0x0, 0x0, 0x0, 0x0, 0x0, 0x0, 0x0,
    0x0, 0x0, 0x0, 0x0,

    /* U+4EAE "亮" */
    0x0, 0x0, 0x0, 0x0, 0x6, 0xa1, 0x0, 0x0,
    0x0, 0x0, 0x0, 0x0, 0x0, 0x0, 0xa, 0xf6,
    0x0, 0x0, 0x0, 0x0, 0x9, 0x99, 0x99, 0x99,
    0x9c, 0xfd, 0x99, 0x99, 0x99, 0x97, 0xf, 0xff,
    0xff, 0xff, 0xff, 0xff, 0xff, 0xff, 0xff, 0xfd,
    0x0, 0x0, 0x0, 0x0, 0x0, 0x0, 0x0, 0x0,
    0x0, 0x0, 0x0, 0x3, 0xff, 0xff, 0xff, 0xff,
    0xff, 0xff, 0xf1, 0x0, 0x0, 0x3, 0xfc, 0x66,
    0x66, 0x66, 0x66, 0x6d, 0xf1, 0x0, 0x0, 0x3,
    0xfa, 0x0, 0x0, 0x0, 0x0, 0xc, 0xf1, 0x0,
    0x0, 0x3, 0xff, 0xff, 0xff, 0xff, 0xff, 0xff,
    0xf1, 0x0, 0x0, 0x1, 0x55, 0x55, 0x55, 0x55,
    0x55, 0x55, 0x50, 0x0, 0x0, 0x0, 0x0, 0x0,
    0x0, 0x0, 0x0, 0x0, 0x0, 0x0, 0x9, 0xff,
    0xff, 0xff, 0xff, 0xff, 0xff, 0xff, 0xff, 0xf6,
    0x9, 0xfa, 0x99, 0x99, 0x99, 0x99, 0x99, 0x99,
    0x9c, 0xf6, 0x9, 0xf3, 0x1, 0x99, 0x99, 0x99,
    0x99, 0x40, 0x7, 0xf6, 0x6, 0xa2, 0x3, 0xff,
    0xff, 0xff, 0xff, 0x80, 0x4, 0xa4, 0x0, 0x0,
    0x4, 0xf9, 0x0, 0x0, 0x5f, 0x80, 0x1, 0xc6,
    0x0, 0x0, 0x9, 0xf8, 0x0, 0x0, 0x5f, 0x80,
    0x1, 0xfa, 0x0, 0x0, 0x8f, 0xf2, 0x0, 0x0,
    0x5f, 0x90, 0x3, 0xf9, 0x5, 0xaf, 0xff, 0x50,
    0x0, 0x0, 0x4f, 0xfd, 0xdf, 0xf6, 0xe, 0xff,
    0x92, 0x0, 0x0, 0x0, 0xa, 0xff, 0xff, 0xa0,
    0x4, 0x50, 0x0, 0x0, 0x0, 0x0, 0x0, 0x0,
    0x0, 0x0,

    /* U+4EBA "人" */
    0x0, 0x0, 0x0, 0x0, 0x9, 0x90, 0x0, 0x0,
    0x0, 0x0, 0x0, 0x0, 0x0, 0x0, 0xf, 0xf0,
    0x0, 0x0, 0x0, 0x0, 0x0, 0x0, 0x0, 0x0,
    0xf, 0xf0, 0x0, 0x0, 0x0, 0x0, 0x0, 0x0,
    0x0, 0x0, 0xf, 0xf0, 0x0, 0x0, 0x0, 0x0,
    0x0, 0x0, 0x0, 0x0, 0x1f, 0xf0, 0x0, 0x0,
    0x0, 0x0, 0x0, 0x0, 0x0, 0x0, 0x2f, 0xf1,
    0x0, 0x0, 0x0, 0x0, 0x0, 0x0, 0x0, 0x0,
    0x5f, 0xf3, 0x0, 0x0, 0x0, 0x0, 0x0, 0x0,
    0x0, 0x0, 0x8f, 0xf8, 0x0, 0x0, 0x0, 0x0,
    0x0, 0x0, 0x0, 0x0, 0xbf, 0xfc, 0x0, 0x0,
    0x0, 0x0, 0x0, 0x0, 0x0, 0x1, 0xff, 0xef,
    0x20, 0x0, 0x0, 0x0, 0x0, 0x0, 0x0, 0x6,
    0xfc, 0x7f, 0x90, 0x0, 0x0, 0x0, 0x0, 0x0,
    0x0, 0xd, 0xf5, 0x1f, 0xf2, 0x0, 0x0, 0x0,
    0x0, 0x0, 0x0, 0x7f, 0xd0, 0x9, 0xfc, 0x0,
    0x0, 0x0, 0x0, 0x0, 0x2, 0xff, 0x40, 0x1,
    0xef, 0x70, 0x0, 0x0, 0x0, 0x0, 0x1d, 0xfa,
    0x0, 0x0, 0x5f, 0xf5, 0x0, 0x0, 0x0, 0x1,
    0xcf, 0xd1, 0x0, 0x0, 0xa, 0xff, 0x40, 0x0,
    0x0, 0x1c, 0xfe, 0x20, 0x0, 0x0, 0x0, 0xcf,
    0xf5, 0x0, 0x3, 0xef, 0xf3, 0x0, 0x0, 0x0,
    0x0, 0x1d, 0xff, 0x80, 0x3f, 0xfe, 0x30, 0x0,
    0x0, 0x0, 0x0, 0x1, 0xdf, 0xf7, 0xc, 0xd2,
    0x0, 0x0, 0x0, 0x0, 0x0, 0x0, 0x1c, 0xd0,
    0x1, 0x10, 0x0, 0x0, 0x0, 0x0, 0x0, 0x0,
    0x0, 0x20,

    /* U+4EC5 "仅" */
    0x0, 0x0, 0x23, 0x0, 0x0, 0x0, 0x0, 0x0,
    0x0, 0x0, 0x0, 0x0, 0x9, 0xf6, 0x0, 0x0,
    0x0, 0x0, 0x0, 0x0, 0x0, 0x0, 0x0, 0xef,
    0x0, 0xff, 0xff, 0xff, 0xff, 0xff, 0xf0, 0x0,
    0x0, 0x5f, 0xa0, 0xf, 0xff, 0xff, 0xff, 0xff,
    0xff, 0x0, 0x0, 0xc, 0xf3, 0x0, 0xef, 0x10,
    0x0, 0x0, 0x2f, 0xd0, 0x0, 0x4, 0xfe, 0x0,
    0xa, 0xf6, 0x0, 0x0, 0x6, 0xf9, 0x0, 0x0,
    0xcf, 0xd0, 0x0, 0x5f, 0xa0, 0x0, 0x0, 0xaf,
    0x50, 0x0, 0x5f, 0xfd, 0x0, 0x1, 0xff, 0x10,
    0x0, 0xf, 0xf0, 0x0, 0xd, 0xff, 0xd0, 0x0,
    0xa, 0xf6, 0x0, 0x5, 0xfa, 0x0, 0x9, 0xfb,
    0xfd, 0x0, 0x0, 0x4f, 0xd0, 0x0, 0xdf, 0x40,
    0x0, 0xaf, 0x1f, 0xd0, 0x0, 0x0, 0xcf, 0x60,
    0x6f, 0xc0, 0x0, 0x6, 0x50, 0xfd, 0x0, 0x0,
    0x4, 0xff, 0x3f, 0xf3, 0x0, 0x0, 0x0, 0xf,
    0xd0, 0x0, 0x0, 0xa, 0xff, 0xf9, 0x0, 0x0,
    0x0, 0x0, 0xfd, 0x0, 0x0, 0x0, 0x1f, 0xfe,
    0x0, 0x0, 0x0, 0x0, 0xf, 0xd0, 0x0, 0x0,
    0xb, 0xff, 0xf9, 0x0, 0x0, 0x0, 0x0, 0xfd,
    0x0, 0x0, 0x3d, 0xfe, 0x6f, 0xfa, 0x0, 0x0,
    0x0, 0xf, 0xd0, 0x0, 0x7f, 0xfd, 0x20, 0x4f,
    0xfd, 0x20, 0x0, 0x0, 0xfd, 0x3, 0xcf, 0xfb,
    0x0, 0x0, 0x2d, 0xff, 0x60, 0x0, 0xf, 0xd2,
    0xff, 0xf6, 0x0, 0x0, 0x0, 0x1b, 0xff, 0x30,
    0x0, 0xfd, 0x7, 0xb2, 0x0, 0x0, 0x0, 0x0,
    0x6, 0x90, 0x0, 0x0, 0x0, 0x0, 0x0, 0x0,
    0x0, 0x0, 0x0, 0x0, 0x0,

    /* U+4ECD "仍" */
    0x0, 0x0, 0x11, 0x0, 0x0, 0x0, 0x0, 0x0,
    0x0, 0x0, 0x0, 0x0, 0x8f, 0x60, 0x0, 0x0,
    0x0, 0x0, 0x0, 0x0, 0x0, 0x0, 0xef, 0x2f,
    0xff, 0xff, 0xff, 0xff, 0xf8, 0x0, 0x0, 0x4,
    0xfc, 0xd, 0xdf, 0xfd, 0xdd, 0xde, 0xf8, 0x0,
    0x0, 0xb, 0xf6, 0x0, 0xf, 0xd0, 0x0, 0xb,
    0xf4, 0x0, 0x0, 0x2f, 0xf0, 0x0, 0xf, 0xd0,
    0x0, 0x1f, 0xe0, 0x0, 0x0, 0x9f, 0xd0, 0x0,
    0xf, 0xc0, 0x0, 0x5f, 0x90, 0x0, 0x2, 0xff,
    0xd0, 0x0, 0xf, 0xc0, 0x0, 0xaf, 0x40, 0x0,
    0xb, 0xff, 0xd0, 0x0, 0x1f, 0xb0, 0x0, 0xef,
    0xdd, 0xd0, 0x6f, 0xdf, 0xd0, 0x0, 0x2f, 0xa0,
    0x0, 0xef, 0xff, 0xf0, 0x9f, 0x2f, 0xd0, 0x0,
    0x3f, 0x90, 0x0, 0x0, 0xf, 0xe0, 0x47, 0xf,
    0xd0, 0x0, 0x4f, 0x80, 0x0, 0x0, 0xf, 0xd0,
    0x0, 0xf, 0xd0, 0x0, 0x7f, 0x50, 0x0, 0x0,
    0xf, 0xd0, 0x0, 0xf, 0xd0, 0x0, 0xaf, 0x20,
    0x0, 0x0, 0x1f, 0xc0, 0x0, 0xf, 0xd0, 0x0,
    0xee, 0x0, 0x0, 0x0, 0x2f, 0xb0, 0x0, 0xf,
    0xd0, 0x4, 0xf9, 0x0, 0x0, 0x0, 0x3f, 0xa0,
    0x0, 0xf, 0xd0, 0xc, 0xf3, 0x0, 0x0, 0x0,
    0x4f, 0x90, 0x0, 0xf, 0xd0, 0x5f, 0xa0, 0x0,
    0x0, 0x0, 0x9f, 0x80, 0x0, 0xf, 0xd2, 0xfe,
    0x10, 0x0, 0xbd, 0xde, 0xff, 0x50, 0x0, 0xf,
    0xd5, 0xe4, 0x0, 0x0, 0xbf, 0xff, 0xe9, 0x0,
    0x0, 0x0, 0x0, 0x0, 0x0, 0x0, 0x0, 0x0,
    0x0, 0x0,

    /* U+4ECE "从" */
    0x0, 0x0, 0x5, 0x60, 0x0, 0x0, 0x7, 0x60,
    0x0, 0x0, 0x0, 0x0, 0x0, 0xdf, 0x10, 0x0,
    0x0, 0xfe, 0x0, 0x0, 0x0, 0x0, 0x0, 0xd,
    0xf1, 0x0, 0x0, 0xf, 0xe0, 0x0, 0x0, 0x0,
    0x0, 0x0, 0xdf, 0x0, 0x0, 0x0, 0xfe, 0x0,
    0x0, 0x0, 0x0, 0x0, 0xe, 0xf0, 0x0, 0x0,
    0x1f, 0xd0, 0x0, 0x0, 0x0, 0x0, 0x0, 0xff,
    0x0, 0x0, 0x1, 0xfe, 0x0, 0x0, 0x0, 0x0,
    0x0, 0xf, 0xe0, 0x0, 0x0, 0x2f, 0xf0, 0x0,
    0x0, 0x0, 0x0, 0x1, 0xff, 0x60, 0x0, 0x4,
    0xff, 0x20, 0x0, 0x0, 0x0, 0x0, 0x2f, 0xff,
    0x40, 0x0, 0x6f, 0xf4, 0x0, 0x0, 0x0, 0x0,
    0x4, 0xfd, 0xff, 0x20, 0x9, 0xff, 0x80, 0x0,
    0x0, 0x0, 0x0, 0x8f, 0x68, 0xfd, 0x0, 0xdf,
    0xfc, 0x0, 0x0, 0x0, 0x0, 0xb, 0xf4, 0xb,
    0xfa, 0x1f, 0xdb, 0xf1, 0x0, 0x0, 0x0, 0x0,
    0xff, 0x0, 0x1e, 0x87, 0xf8, 0x6f, 0x70, 0x0,
    0x0, 0x0, 0x5f, 0xb0, 0x0, 0x20, 0xef, 0x21,
    0xfe, 0x0, 0x0, 0x0, 0xb, 0xf7, 0x0, 0x0,
    0x7f, 0xb0, 0xa, 0xf7, 0x0, 0x0, 0x3, 0xff,
    0x10, 0x0, 0x2f, 0xf3, 0x0, 0x2f, 0xf1, 0x0,
    0x0, 0xbf, 0x90, 0x0, 0xc, 0xf9, 0x0, 0x0,
    0x9f, 0xc0, 0x0, 0x4f, 0xf2, 0x0, 0x9, 0xfe,
    0x0, 0x0, 0x1, 0xef, 0x90, 0xd, 0xf8, 0x0,
    0x7, 0xff, 0x30, 0x0, 0x0, 0x4, 0xff, 0x60,
    0x7e, 0x10, 0x0, 0xbf, 0x60, 0x0, 0x0, 0x0,
    0x8, 0xf3, 0x0, 0x0, 0x0, 0x0, 0x50, 0x0,
    0x0, 0x0, 0x0, 0x4, 0x0,

    /* U+4EEA "仪" */
    0x0, 0x0, 0x4d, 0x60, 0x0, 0x1a, 0x70, 0x0,
    0x0, 0x0, 0x0, 0x0, 0x9f, 0x60, 0x0, 0x1f,
    0xe0, 0x0, 0x3, 0x0, 0x0, 0x0, 0xef, 0x27,
    0x80, 0x9, 0xf7, 0x0, 0x4f, 0x90, 0x0, 0x5,
    0xfc, 0xe, 0xf0, 0x2, 0xfe, 0x0, 0x7f, 0x60,
    0x0, 0xc, 0xf5, 0xa, 0xf3, 0x0, 0xbf, 0x60,
    0xaf, 0x30, 0x0, 0x3f, 0xe0, 0x5, 0xf7, 0x0,
    0x38, 0x10, 0xef, 0x0, 0x0, 0xbf, 0xd0, 0x1,
    0xfd, 0x0, 0x0, 0x2, 0xfb, 0x0, 0x3, 0xff,
    0xd0, 0x0, 0xbf, 0x30, 0x0, 0x7, 0xf6, 0x0,
    0xd, 0xff, 0xd0, 0x0, 0x5f, 0x90, 0x0, 0xd,
    0xf1, 0x0, 0x8f, 0xcf, 0xd0, 0x0, 0xe, 0xf2,
    0x0, 0x4f, 0xb0, 0x0, 0xbf, 0x2f, 0xd0, 0x0,
    0x6, 0xfa, 0x0, 0xbf, 0x40, 0x0, 0x65, 0xf,
    0xd0, 0x0, 0x0, 0xdf, 0x45, 0xfd, 0x0, 0x0,
    0x0, 0xf, 0xd0, 0x0, 0x0, 0x4f, 0xee, 0xf3,
    0x0, 0x0, 0x0, 0xf, 0xd0, 0x0, 0x0, 0x9,
    0xff, 0x90, 0x0, 0x0, 0x0, 0xf, 0xd0, 0x0,
    0x0, 0x1c, 0xff, 0xc1, 0x0, 0x0, 0x0, 0xf,
    0xd0, 0x0, 0x3, 0xdf, 0xdd, 0xfd, 0x20, 0x0,
    0x0, 0xf, 0xd0, 0x0, 0x7f, 0xfc, 0x11, 0xdf,
    0xe5, 0x0, 0x0, 0xf, 0xd0, 0x2c, 0xff, 0x80,
    0x0, 0xb, 0xff, 0xa1, 0x0, 0xf, 0xd2, 0xff,
    0xe4, 0x0, 0x0, 0x0, 0x7f, 0xfb, 0x0, 0xf,
    0xd0, 0xb8, 0x0, 0x0, 0x0, 0x0, 0x3, 0xd4,
    0x0, 0x0, 0x0, 0x0, 0x0, 0x0, 0x0, 0x0,
    0x0, 0x0,

    /* U+4EF6 "件" */
    0x0, 0x0, 0x10, 0x0, 0x0, 0x0, 0x26, 0x40,
    0x0, 0x0, 0x0, 0x0, 0x8f, 0x50, 0x0, 0x0,
    0x5f, 0xa0, 0x0, 0x0, 0x0, 0x0, 0xdf, 0x30,
    0x3a, 0x30, 0x5f, 0xa0, 0x0, 0x0, 0x0, 0x2,
    0xfe, 0x0, 0x8f, 0x60, 0x5f, 0xa0, 0x0, 0x0,
    0x0, 0x8, 0xfa, 0x0, 0xbf, 0x30, 0x5f, 0xa0,
    0x0, 0x0, 0x0, 0xe, 0xf4, 0x0, 0xff, 0x0,
    0x5f, 0xa0, 0x0, 0x0, 0x0, 0x4f, 0xf0, 0x5,
    0xff, 0xff, 0xff, 0xff, 0xff, 0xf4, 0x0, 0xbf,
    0xe0, 0xa, 0xfe, 0xdd, 0xef, 0xfd, 0xdd, 0xd3,
    0x2, 0xff, 0xe0, 0xf, 0xf2, 0x0, 0x5f, 0xa0,
    0x0, 0x0, 0xa, 0xff, 0xe0, 0x5f, 0xd0, 0x0,
    0x5f, 0xa0, 0x0, 0x0, 0x3f, 0xff, 0xe0, 0xaf,
    0x70, 0x0, 0x5f, 0xa0, 0x0, 0x0, 0x9f, 0x7f,
    0xe0, 0x5, 0x10, 0x0, 0x5f, 0xa0, 0x0, 0x0,
    0x6c, 0xf, 0xe0, 0x0, 0x0, 0x0, 0x5f, 0xa0,
    0x0, 0x0, 0x12, 0xf, 0xe0, 0xcf, 0xff, 0xff,
    0xff, 0xff, 0xff, 0xff, 0x0, 0xf, 0xe0, 0xad,
    0xdd, 0xdd, 0xef, 0xfd, 0xdd, 0xdd, 0x0, 0xf,
    0xe0, 0x0, 0x0, 0x0, 0x5f, 0xa0, 0x0, 0x0,
    0x0, 0xf, 0xe0, 0x0, 0x0, 0x0, 0x5f, 0xa0,
    0x0, 0x0, 0x0, 0xf, 0xe0, 0x0, 0x0, 0x0,
    0x5f, 0xa0, 0x0, 0x0, 0x0, 0xf, 0xe0, 0x0,
    0x0, 0x0, 0x5f, 0xa0, 0x0, 0x0, 0x0, 0xf,
    0xe0, 0x0, 0x0, 0x0, 0x5f, 0xa0, 0x0, 0x0,
    0x0, 0xf, 0xe0, 0x0, 0x0, 0x0, 0x5f, 0xa0,
    0x0, 0x0, 0x0, 0x1, 0x10, 0x0, 0x0, 0x0,
    0x0, 0x0, 0x0, 0x0,

    /* U+4EFD "份" */
    0x0, 0x0, 0x15, 0x0, 0x0, 0x0, 0x1, 0x65,
    0x0, 0x0, 0x0, 0x0, 0x7, 0xf6, 0x0, 0x8,
    0xd3, 0x1f, 0xd0, 0x0, 0x0, 0x0, 0x0, 0xdf,
    0x10, 0x0, 0xef, 0x10, 0xcf, 0x30, 0x0, 0x0,
    0x0, 0x2f, 0xc0, 0x0, 0x7f, 0xa0, 0x6, 0xf9,
    0x0, 0x0, 0x0, 0x9, 0xf6, 0x0, 0x1e, 0xf2,
    0x0, 0xe, 0xf1, 0x0, 0x0, 0x0, 0xff, 0x0,
    0x9, 0xf9, 0x0, 0x0, 0x7f, 0xa0, 0x0, 0x0,
    0x7f, 0xd0, 0x4, 0xfe, 0x10, 0x0, 0x0, 0xdf,
    0x60, 0x0, 0xe, 0xfd, 0x2, 0xef, 0x50, 0x0,
    0x0, 0x3, 0xff, 0x50, 0x8, 0xff, 0xd1, 0xef,
    0x90, 0x0, 0x0, 0x0, 0x6, 0xff, 0x33, 0xff,
    0xfd, 0xe, 0xbf, 0xff, 0xff, 0xff, 0xff, 0xf9,
    0xe0, 0x7f, 0x6f, 0xd0, 0x20, 0xde, 0xff, 0xee,
    0xee, 0xff, 0x2, 0x3, 0xa0, 0xfd, 0x0, 0x0,
    0xf, 0xd0, 0x0, 0xe, 0xf0, 0x0, 0x1, 0xf,
    0xd0, 0x0, 0x1, 0xfa, 0x0, 0x0, 0xfe, 0x0,
    0x0, 0x0, 0xfd, 0x0, 0x0, 0x4f, 0x70, 0x0,
    0xf, 0xd0, 0x0, 0x0, 0xf, 0xd0, 0x0, 0x8,
    0xf3, 0x0, 0x1, 0xfb, 0x0, 0x0, 0x0, 0xfd,
    0x0, 0x0, 0xed, 0x0, 0x0, 0x2f, 0xa0, 0x0,
    0x0, 0xf, 0xd0, 0x0, 0x9f, 0x50, 0x0, 0x4,
    0xf7, 0x0, 0x0, 0x0, 0xfd, 0x0, 0x8f, 0xa0,
    0x0, 0x0, 0x9f, 0x30, 0x0, 0x0, 0xf, 0xd1,
    0xaf, 0xc0, 0x5, 0xdd, 0xef, 0xf0, 0x0, 0x0,
    0x0, 0xfd, 0x1b, 0xb0, 0x0, 0x3f, 0xff, 0xc4,
    0x0, 0x0, 0x0, 0x0, 0x0, 0x0, 0x0, 0x0,
    0x0, 0x0, 0x0, 0x0, 0x0,

    /* U+4F11 "休" */
    0x0, 0x0, 0x0, 0x0, 0x0, 0x0, 0x12, 0x0,
    0x0, 0x0, 0x0, 0x0, 0x3, 0xb4, 0x0, 0x0,
    0xc, 0xf2, 0x0, 0x0, 0x0, 0x0, 0x0, 0x9f,
    0x60, 0x0, 0x0, 0xcf, 0x20, 0x0, 0x0, 0x0,
    0x0, 0xe, 0xf1, 0x0, 0x0, 0xc, 0xf2, 0x0,
    0x0, 0x0, 0x0, 0x5, 0xfb, 0x0, 0x0, 0x0,
    0xcf, 0x20, 0x0, 0x0, 0x0, 0x0, 0xcf, 0x60,
    0x0, 0x0, 0xc, 0xf2, 0x0, 0x0, 0x0, 0x0,
    0x3f, 0xf1, 0xf, 0xff, 0xff, 0xff, 0xff, 0xff,
    0xff, 0x0, 0xa, 0xfd, 0x0, 0xee, 0xee, 0xef,
    0xff, 0xee, 0xee, 0xe0, 0x3, 0xff, 0xd0, 0x0,
    0x0, 0x5, 0xff, 0xb0, 0x0, 0x0, 0x0, 0xcf,
    0xfd, 0x0, 0x0, 0x0, 0xdf, 0xff, 0x30, 0x0,
    0x0, 0x6f, 0xef, 0xd0, 0x0, 0x0, 0x5f, 0xff,
    0xfa, 0x0, 0x0, 0x9, 0xf5, 0xfd, 0x0, 0x0,
    0xe, 0xed, 0xfb, 0xf4, 0x0, 0x0, 0x59, 0xf,
    0xd0, 0x0, 0x9, 0xf7, 0xcf, 0x4f, 0xd0, 0x0,
    0x1, 0x0, 0xfd, 0x0, 0x5, 0xfd, 0xc, 0xf2,
    0x7f, 0x90, 0x0, 0x0, 0xf, 0xd0, 0x2, 0xff,
    0x40, 0xcf, 0x20, 0xcf, 0x60, 0x0, 0x0, 0xfd,
    0x2, 0xef, 0x90, 0xc, 0xf2, 0x2, 0xff, 0x50,
    0x0, 0xf, 0xd2, 0xef, 0xd0, 0x0, 0xcf, 0x20,
    0x5, 0xff, 0x50, 0x0, 0xfd, 0x2e, 0xe1, 0x0,
    0xc, 0xf2, 0x0, 0x7, 0xf3, 0x0, 0xf, 0xd0,
    0x12, 0x0, 0x0, 0xcf, 0x20, 0x0, 0x3, 0x0,
    0x0, 0xfd, 0x0, 0x0, 0x0, 0xc, 0xf2, 0x0,
    0x0, 0x0, 0x0, 0xf, 0xd0, 0x0, 0x0, 0x0,
    0xcf, 0x20, 0x0, 0x0, 0x0,

    /* U+4F18 "优" */
    0x0, 0x0, 0x4c, 0x50, 0x0, 0xde, 0x0, 0x22,
    0x0, 0x0, 0x0, 0x0, 0x9f, 0x60, 0x0, 0xef,
    0x0, 0xde, 0x30, 0x0, 0x0, 0x0, 0xef, 0x10,
    0x0, 0xef, 0x0, 0x5f, 0xf4, 0x0, 0x0, 0x4,
    0xfa, 0x0, 0x0, 0xff, 0x0, 0x4, 0xfd, 0x0,
    0x0, 0xb, 0xf4, 0x0, 0x0, 0xfe, 0x0, 0x0,
    0x41, 0x0, 0x0, 0x2f, 0xe0, 0xdd, 0xdd, 0xff,
    0xdd, 0xdd, 0xdd, 0xd5, 0x0, 0x9f, 0xd0, 0xff,
    0xff, 0xff, 0xff, 0xff, 0xff, 0xf6, 0x1, 0xff,
    0xd0, 0x0, 0x2, 0xfc, 0x0, 0x0, 0x0, 0x0,
    0xa, 0xff, 0xd0, 0x0, 0x3, 0xfb, 0x17, 0x50,
    0x0, 0x0, 0x4f, 0xef, 0xd0, 0x0, 0x5, 0xf9,
    0x3f, 0xb0, 0x0, 0x0, 0x9f, 0x4f, 0xd0, 0x0,
    0x7, 0xf7, 0x3f, 0xb0, 0x0, 0x0, 0x58, 0xf,
    0xd0, 0x0, 0xa, 0xf4, 0x3f, 0xb0, 0x0, 0x0,
    0x0, 0xf, 0xd0, 0x0, 0xe, 0xf0, 0x3f, 0xb0,
    0x0, 0x0, 0x0, 0xf, 0xd0, 0x0, 0x3f, 0xa0,
    0x3f, 0xb0, 0x0, 0x51, 0x0, 0xf, 0xd0, 0x0,
    0xaf, 0x40, 0x3f, 0xb0, 0x1, 0xfa, 0x0, 0xf,
    0xd0, 0x2, 0xfc, 0x0, 0x3f, 0xb0, 0x1, 0xf9,
    0x0, 0xf, 0xd0, 0xb, 0xf3, 0x0, 0x3f, 0xb0,
    0x2, 0xf9, 0x0, 0xf, 0xd0, 0x6f, 0x80, 0x0,
    0x2f, 0xc0, 0x4, 0xf8, 0x0, 0xf, 0xd3, 0xfc,
    0x0, 0x0, 0xf, 0xfe, 0xdf, 0xf6, 0x0, 0xf,
    0xd6, 0xc1, 0x0, 0x0, 0x6, 0xef, 0xff, 0xb1,

    /* U+4F1A "会" */
    0x0, 0x0, 0x0, 0x0, 0x2d, 0xd3, 0x0, 0x0,
    0x0, 0x0, 0x0, 0x0, 0x0, 0x0, 0xdf, 0xfe,
    0x10, 0x0, 0x0, 0x0, 0x0, 0x0, 0x0, 0xc,
    0xfa, 0x8f, 0xd1, 0x0, 0x0, 0x0, 0x0, 0x0,
    0x1, 0xcf, 0xc0, 0xa, 0xfe, 0x20, 0x0, 0x0,
    0x0, 0x0, 0x3d, 0xfb, 0x0, 0x0, 0xaf, 0xe5,
    0x0, 0x0, 0x0, 0x7, 0xff, 0xa0, 0x0, 0x0,
    0x8, 0xff, 0x90, 0x0, 0x4, 0xdf, 0xf7, 0x0,
    0x0, 0x0, 0x0, 0x5f, 0xfe, 0x60, 0x9f, 0xfe,
    0x8d, 0xdd, 0xdd, 0xdd, 0xdd, 0xd6, 0xcf, 0xfb,
    0x7f, 0x80, 0x5f, 0xff, 0xff, 0xff, 0xff, 0xf5,
    0x6, 0xe7, 0x12, 0x0, 0x0, 0x0, 0x0, 0x0,
    0x0, 0x0, 0x0, 0x11, 0x0, 0x0, 0x0, 0x0,
    0x0, 0x0, 0x0, 0x0, 0x0, 0x0, 0x0, 0x0,
    0x0, 0x0, 0x0, 0x0, 0x0, 0x0, 0x0, 0x0,
    0x3f, 0xff, 0xff, 0xff, 0xff, 0xff, 0xff, 0xff,
    0xff, 0xf3, 0x2d, 0xdd, 0xdd, 0xdf, 0xfe, 0xdd,
    0xdd, 0xdd, 0xdd, 0xd2, 0x0, 0x0, 0x0, 0x9f,
    0xc0, 0x0, 0x6, 0x0, 0x0, 0x0, 0x0, 0x0,
    0x7, 0xfe, 0x10, 0x0, 0xaf, 0x80, 0x0, 0x0,
    0x0, 0x0, 0x7f, 0xf3, 0x0, 0x0, 0x2e, 0xf6,
    0x0, 0x0, 0x0, 0x8, 0xff, 0x30, 0x0, 0x1,
    0x16, 0xff, 0x40, 0x0, 0x0, 0x7f, 0xfe, 0xde,
    0xef, 0xff, 0xff, 0xff, 0xe2, 0x0, 0x0, 0x5f,
    0xff, 0xfe, 0xdd, 0xcb, 0xa9, 0x9a, 0xfd, 0x0,
    0x0, 0x1, 0x10, 0x0, 0x0, 0x0, 0x0, 0x0,
    0xa4, 0x0,

    /* U+4F20 "传" */
    0x0, 0x0, 0x3a, 0x40, 0x0, 0xb, 0xd0, 0x0,
    0x0, 0x0, 0x0, 0x0, 0x9f, 0x50, 0x0, 0xf,
    0xe0, 0x0, 0x0, 0x0, 0x0, 0x0, 0xef, 0x0,
    0x0, 0x2f, 0xb0, 0x0, 0x0, 0x0, 0x0, 0x6,
    0xfa, 0xd, 0xdd, 0xef, 0xfd, 0xdd, 0xdd, 0xd1,
    0x0, 0xd, 0xf3, 0xf, 0xff, 0xff, 0xff, 0xff,
    0xff, 0xf1, 0x0, 0x5f, 0xe0, 0x0, 0x0, 0xdf,
    0x10, 0x0, 0x0, 0x0, 0x0, 0xdf, 0xd0, 0x0,
    0x1, 0xfd, 0x0, 0x0, 0x0, 0x0, 0x6, 0xff,
    0xd1, 0xdd, 0xde, 0xff, 0xdd, 0xdd, 0xdd, 0xdb,
    0x1e, 0xff, 0xd1, 0xff, 0xff, 0xff, 0xff, 0xff,
    0xff, 0xfd, 0xaf, 0x7f, 0xd0, 0x0, 0xf, 0xf0,
    0x0, 0x0, 0x0, 0x0, 0x9c, 0xf, 0xd0, 0x0,
    0x4f, 0xb0, 0x0, 0x0, 0x0, 0x0, 0x32, 0xf,
    0xd0, 0x0, 0x8f, 0xed, 0xdd, 0xdd, 0xdd, 0x20,
    0x0, 0xf, 0xd0, 0x0, 0x8f, 0xff, 0xff, 0xff,
    0xff, 0x20, 0x0, 0xf, 0xd0, 0x0, 0x0, 0x0,
    0x0, 0x5, 0xfc, 0x0, 0x0, 0xf, 0xd0, 0x0,
    0x93, 0x0, 0x0, 0x2f, 0xf2, 0x0, 0x0, 0xf,
    0xd0, 0x6, 0xff, 0xb4, 0x0, 0xcf, 0x50, 0x0,
    0x0, 0xf, 0xd0, 0x0, 0x4b, 0xff, 0xdb, 0xf9,
    0x0, 0x0, 0x0, 0xf, 0xd0, 0x0, 0x0, 0x29,
    0xff, 0xf8, 0x10, 0x0, 0x0, 0xf, 0xd0, 0x0,
    0x0, 0x0, 0x18, 0xff, 0xf8, 0x0, 0x0, 0xf,
    0xd0, 0x0, 0x0, 0x0, 0x0, 0x7, 0xe9, 0x0,
    0x0, 0x0, 0x0, 0x0, 0x0, 0x0, 0x0, 0x0,
    0x1, 0x0,

    /* U+4F38 "伸" */
    0x0, 0x0, 0x0, 0x0, 0x0, 0x0, 0x22, 0x0,
    0x0, 0x0, 0x0, 0x0, 0x2f, 0x90, 0x0, 0x0,
    0xdf, 0x0, 0x0, 0x0, 0x0, 0x0, 0x7f, 0x80,
    0x0, 0x0, 0xdf, 0x0, 0x0, 0x0, 0x0, 0x0,
    0xcf, 0x30, 0x0, 0x0, 0xdf, 0x0, 0x0, 0x0,
    0x0, 0x3, 0xfd, 0xb, 0xdd, 0xdd, 0xff, 0xdd,
    0xdd, 0xdb, 0x0, 0x9, 0xf7, 0xd, 0xff, 0xff,
    0xff, 0xff, 0xff, 0xfd, 0x0, 0x1f, 0xf1, 0xd,
    0xf0, 0x0, 0xdf, 0x0, 0x0, 0xfd, 0x0, 0x8f,
    0xf0, 0xd, 0xf0, 0x0, 0xdf, 0x0, 0x0, 0xfd,
    0x1, 0xff, 0xf0, 0xd, 0xf0, 0x0, 0xdf, 0x0,
    0x0, 0xfd, 0xa, 0xff, 0xf0, 0xd, 0xfd, 0xdd,
    0xff, 0xdd, 0xdd, 0xfd, 0x4f, 0xcd, 0xf0, 0xd,
    0xff, 0xff, 0xff, 0xff, 0xff, 0xfd, 0x4f, 0x3d,
    0xf0, 0xd, 0xf0, 0x0, 0xdf, 0x0, 0x0, 0xfd,
    0x8, 0xd, 0xf0, 0xd, 0xf0, 0x0, 0xdf, 0x0,
    0x0, 0xfd, 0x0, 0xd, 0xf0, 0xd, 0xf0, 0x0,
    0xdf, 0x0, 0x0, 0xfd, 0x0, 0xd, 0xf0, 0xd,
    0xf0, 0x0, 0xdf, 0x0, 0x0, 0xfd, 0x0, 0xd,
    0xf0, 0xd, 0xff, 0xff, 0xff, 0xff, 0xff, 0xfd,
    0x0, 0xd, 0xf0, 0xb, 0xdd, 0xdd, 0xff, 0xdd,
    0xdd, 0xdb, 0x0, 0xd, 0xf0, 0x0, 0x0, 0x0,
    0xdf, 0x0, 0x0, 0x0, 0x0, 0xd, 0xf0, 0x0,
    0x0, 0x0, 0xdf, 0x0, 0x0, 0x0, 0x0, 0xd,
    0xf0, 0x0, 0x0, 0x0, 0xdf, 0x0, 0x0, 0x0,
    0x0, 0xd, 0xf0, 0x0, 0x0, 0x0, 0xdf, 0x0,
    0x0, 0x0, 0x0, 0x0, 0x0, 0x0, 0x0, 0x0,
    0x0, 0x0, 0x0, 0x0,

    /* U+4F4D "位" */
    0x0, 0x0, 0x46, 0x20, 0x0, 0x5, 0x93, 0x0,
    0x0, 0x0, 0x0, 0x0, 0xbf, 0x50, 0x0, 0x8,
    0xf9, 0x0, 0x0, 0x0, 0x0, 0x0, 0xff, 0x0,
    0x0, 0x3, 0xfe, 0x0, 0x0, 0x0, 0x0, 0x6,
    0xfa, 0x0, 0x0, 0x0, 0xef, 0x20, 0x0, 0x0,
    0x0, 0xc, 0xf4, 0x7f, 0xff, 0xff, 0xff, 0xff,
    0xff, 0xfa, 0x0, 0x3f, 0xe0, 0x6d, 0xdd, 0xdd,
    0xdd, 0xdd, 0xdd, 0xd8, 0x0, 0xaf, 0xd0, 0x0,
    0x0, 0x0, 0x0, 0x0, 0x0, 0x0, 0x2, 0xff,
    0xd0, 0x1, 0x98, 0x0, 0x0, 0x0, 0xdb, 0x0,
    0xb, 0xff, 0xd0, 0x0, 0xef, 0x0, 0x0, 0x2,
    0xfd, 0x0, 0x5f, 0xdf, 0xd0, 0x0, 0xaf, 0x40,
    0x0, 0x6, 0xf9, 0x0, 0xaf, 0x3f, 0xd0, 0x0,
    0x5f, 0x80, 0x0, 0xa, 0xf4, 0x0, 0x48, 0xf,
    0xd0, 0x0, 0x1f, 0xc0, 0x0, 0xe, 0xf0, 0x0,
    0x0, 0xf, 0xd0, 0x0, 0xd, 0xf1, 0x0, 0x3f,
    0xb0, 0x0, 0x0, 0xf, 0xd0, 0x0, 0x8, 0xf5,
    0x0, 0x8f, 0x60, 0x0, 0x0, 0xf, 0xd0, 0x0,
    0x4, 0xf9, 0x0, 0xcf, 0x10, 0x0, 0x0, 0xf,
    0xd0, 0x0, 0x0, 0xfd, 0x1, 0xfc, 0x0, 0x0,
    0x0, 0xf, 0xd0, 0x0, 0x0, 0x30, 0x6, 0xf7,
    0x0, 0x0, 0x0, 0xf, 0xd0, 0x0, 0x0, 0x0,
    0xc, 0xf1, 0x0, 0x0, 0x0, 0xf, 0xd0, 0xef,
    0xff, 0xff, 0xff, 0xff, 0xff, 0xff, 0x0, 0xf,
    0xd0, 0xcd, 0xdd, 0xdd, 0xdd, 0xdd, 0xdd, 0xdd,

    /* U+4F4E "低" */
    0x0, 0x0, 0x0, 0x0, 0x0, 0x0, 0x0, 0x0,
    0x0, 0x0, 0x0, 0x0, 0x6d, 0x50, 0x0, 0x0,
    0x0, 0x0, 0x1, 0x20, 0x0, 0x0, 0xbf, 0x40,
    0x0, 0x23, 0x57, 0x9c, 0xef, 0xc0, 0x0, 0x1,
    0xfe, 0xc, 0xff, 0xff, 0xff, 0xff, 0xfd, 0x90,
    0x0, 0x7, 0xf9, 0xe, 0xfd, 0xca, 0x8f, 0xf2,
    0x0, 0x0, 0x0, 0xd, 0xf2, 0xe, 0xf0, 0x0,
    0xe, 0xf0, 0x0, 0x0, 0x0, 0x5f, 0xd0, 0xe,
    0xf0, 0x0, 0xe, 0xf0, 0x0, 0x0, 0x0, 0xcf,
    0xd0, 0xe, 0xf0, 0x0, 0xd, 0xf1, 0x0, 0x0,
    0x5, 0xff, 0xd0, 0xe, 0xf0, 0x0, 0xc, 0xf2,
    0x0, 0x0, 0xd, 0xff, 0xd0, 0xe, 0xfd, 0xdd,
    0xdf, 0xfd, 0xdd, 0xd9, 0x7f, 0x9f, 0xd0, 0xe,
    0xff, 0xff, 0xff, 0xff, 0xff, 0xfb, 0x8e, 0xf,
    0xd0, 0xe, 0xf0, 0x0, 0x7, 0xf6, 0x0, 0x0,
    0x34, 0xf, 0xd0, 0xe, 0xf0, 0x0, 0x5, 0xf8,
    0x0, 0x0, 0x0, 0xf, 0xd0, 0xe, 0xf0, 0x0,
    0x3, 0xfa, 0x0, 0x0, 0x0, 0xf, 0xd0, 0xe,
    0xf0, 0x0, 0x0, 0xfd, 0x0, 0x0, 0x0, 0xf,
    0xd0, 0xe, 0xf0, 0x0, 0x0, 0xdf, 0x0, 0x43,
    0x0, 0xf, 0xd0, 0xe, 0xf0, 0x0, 0x20, 0x9f,
    0x40, 0xbe, 0x0, 0xf, 0xd0, 0xe, 0xf3, 0x64,
    0xf7, 0x4f, 0x90, 0xeb, 0x0, 0xf, 0xd0, 0xf,
    0xff, 0xe0, 0xcf, 0x1e, 0xf6, 0xf8, 0x0, 0xf,
    0xd0, 0x4f, 0xfb, 0x30, 0x5f, 0x76, 0xff, 0xf3,
    0x0, 0xf, 0xd0, 0xa, 0x30, 0x0, 0xc, 0xa0,
    0x9f, 0x80,

    /* U+4F53 "体" */
    0x0, 0x0, 0x0, 0x0, 0x0, 0x1, 0x30, 0x0,
    0x0, 0x0, 0x0, 0x0, 0x7e, 0x60, 0x0, 0xa,
    0xf3, 0x0, 0x0, 0x0, 0x0, 0x0, 0xcf, 0x40,
    0x0, 0xa, 0xf3, 0x0, 0x0, 0x0, 0x0, 0x1,
    0xff, 0x0, 0x0, 0xa, 0xf3, 0x0, 0x0, 0x0,
    0x0, 0x7, 0xfa, 0x0, 0x0, 0xa, 0xf3, 0x0,
    0x0, 0x0, 0x0, 0xd, 0xf5, 0xdd, 0xdd, 0xdf,
    0xfe, 0xdd, 0xdd, 0xd1, 0x0, 0x4f, 0xf0, 0xff,
    0xff, 0xff, 0xff, 0xff, 0xff, 0xf1, 0x0, 0xbf,
    0xd0, 0x0, 0x0, 0xaf, 0xff, 0x40, 0x0, 0x0,
    0x3, 0xff, 0xd0, 0x0, 0x1, 0xff, 0xff, 0xb0,
    0x0, 0x0, 0xb, 0xff, 0xd0, 0x0, 0x8, 0xfc,
    0xfb, 0xf3, 0x0, 0x0, 0x5f, 0xef, 0xd0, 0x0,
    0x1f, 0xaa, 0xf4, 0xfc, 0x0, 0x0, 0x8f, 0x5f,
    0xd0, 0x0, 0x9f, 0x3a, 0xf3, 0x9f, 0x60, 0x0,
    0x2b, 0xf, 0xd0, 0x4, 0xfa, 0xa, 0xf3, 0x1f,
    0xf2, 0x0, 0x0, 0xf, 0xd0, 0xe, 0xf2, 0xa,
    0xf3, 0x7, 0xfc, 0x0, 0x0, 0xf, 0xd0, 0xbf,
    0x70, 0xa, 0xf3, 0x0, 0xcf, 0xa0, 0x0, 0xf,
    0xd8, 0xfb, 0x0, 0xa, 0xf3, 0x0, 0x2f, 0xf8,
    0x0, 0xf, 0xdd, 0xe1, 0xff, 0xff, 0xff, 0xff,
    0x75, 0xf8, 0x0, 0xf, 0xd5, 0x30, 0xcd, 0xdf,
    0xfe, 0xdd, 0x60, 0x60, 0x0, 0xf, 0xd0, 0x0,
    0x0, 0xa, 0xf3, 0x0, 0x0, 0x0, 0x0, 0xf,
    0xd0, 0x0, 0x0, 0xa, 0xf3, 0x0, 0x0, 0x0,
    0x0, 0xe, 0xc0, 0x0, 0x0, 0xa, 0xf3, 0x0,
    0x0, 0x0,

    /* U+4F59 "余" */
    0x0, 0x0, 0x0, 0x0, 0x6, 0x60, 0x0, 0x0,
    0x0, 0x0, 0x0, 0x0, 0x0, 0x0, 0xaf, 0xfa,
    0x0, 0x0, 0x0, 0x0, 0x0, 0x0, 0x0, 0x8,
    0xfd, 0xdf, 0x80, 0x0, 0x0, 0x0, 0x0, 0x0,
    0x0, 0x9f, 0xe2, 0x2e, 0xf9, 0x0, 0x0, 0x0,
    0x0, 0x0, 0x1a, 0xfe, 0x20, 0x2, 0xef, 0xb1,
    0x0, 0x0, 0x0, 0x4, 0xef, 0xd2, 0x0, 0x0,
    0x1d, 0xfe, 0x50, 0x0, 0x2, 0xbf, 0xfa, 0x0,
    0x0, 0x0, 0x0, 0x9f, 0xfb, 0x30, 0x8f, 0xfe,
    0x8f, 0xff, 0xff, 0xff, 0xff, 0xfa, 0xdf, 0xf8,
    0x5f, 0x80, 0x2d, 0xdd, 0xdf, 0xfe, 0xdd, 0xd5,
    0x7, 0xf5, 0x1, 0x0, 0x0, 0x0, 0xa, 0xf4,
    0x0, 0x0, 0x0, 0x10, 0x0, 0x0, 0x0, 0x0,
    0xa, 0xf4, 0x0, 0x0, 0x0, 0x0, 0xe, 0xee,
    0xee, 0xee, 0xef, 0xfe, 0xee, 0xee, 0xee, 0xe0,
    0xf, 0xff, 0xff, 0xff, 0xff, 0xff, 0xff, 0xff,
    0xff, 0xf0, 0x0, 0x0, 0x1, 0x0, 0xa, 0xf4,
    0x0, 0x30, 0x0, 0x0, 0x0, 0x0, 0xae, 0x30,
    0xa, 0xf4, 0x6, 0xf8, 0x0, 0x0, 0x0, 0x9,
    0xfd, 0x0, 0xa, 0xf4, 0x3, 0xef, 0xb1, 0x0,
    0x0, 0x9f, 0xd1, 0x0, 0xa, 0xf4, 0x0, 0x1c,
    0xfd, 0x20, 0x1b, 0xfd, 0x10, 0x0, 0xd, 0xf4,
    0x0, 0x0, 0xaf, 0xf4, 0x5f, 0xc1, 0x5, 0xff,
    0xff, 0xf2, 0x0, 0x0, 0x8, 0xf3, 0x5, 0x0,
    0x2, 0xff, 0xfe, 0x80, 0x0, 0x0, 0x0, 0x10,

    /* U+4F7F "使" */
    0x0, 0x0, 0x25, 0x10, 0x0, 0x0, 0x68, 0x0,
    0x0, 0x0, 0x0, 0x0, 0x8, 0xf5, 0x0, 0x0,
    0xc, 0xf0, 0x0, 0x0, 0x0, 0x0, 0x0, 0xdf,
    0x10, 0x0, 0x0, 0xcf, 0x0, 0x0, 0x0, 0x0,
    0x0, 0x3f, 0xcb, 0xff, 0xff, 0xff, 0xff, 0xff,
    0xff, 0xf0, 0x0, 0x9, 0xf6, 0x9d, 0xdd, 0xdd,
    0xff, 0xdd, 0xdd, 0xdd, 0x0, 0x0, 0xef, 0x0,
    0x0, 0x0, 0xc, 0xf0, 0x0, 0x0, 0x0, 0x0,
    0x6f, 0xf0, 0xa, 0xaa, 0xaa, 0xef, 0xaa, 0xaa,
    0xa2, 0x0, 0xd, 0xff, 0x0, 0xff, 0xff, 0xff,
    0xff, 0xff, 0xff, 0x30, 0x5, 0xff, 0xf0, 0xf,
    0xb0, 0x0, 0xcf, 0x0, 0x8, 0xf3, 0x0, 0xee,
    0xef, 0x0, 0xfb, 0x0, 0xc, 0xf0, 0x0, 0x8f,
    0x30, 0x3f, 0x6d, 0xf0, 0xf, 0xb0, 0x0, 0xcf,
    0x0, 0x8, 0xf3, 0x0, 0xb0, 0xdf, 0x0, 0xff,
    0xff, 0xff, 0xff, 0xff, 0xff, 0x30, 0x0, 0xd,
    0xf0, 0xd, 0xdd, 0xdd, 0xff, 0xdd, 0xdd, 0xd2,
    0x0, 0x0, 0xdf, 0x0, 0x7, 0x10, 0xd, 0xf0,
    0x0, 0x0, 0x0, 0x0, 0xd, 0xf0, 0x3, 0xfc,
    0x10, 0xfd, 0x0, 0x0, 0x0, 0x0, 0x0, 0xdf,
    0x0, 0x6, 0xfe, 0x9f, 0x80, 0x0, 0x0, 0x0,
    0x0, 0xd, 0xf0, 0x0, 0x4, 0xff, 0xf6, 0x0,
    0x0, 0x0, 0x0, 0x0, 0xdf, 0x0, 0x5, 0xcf,
    0xff, 0xff, 0xb8, 0x52, 0x0, 0x0, 0xd, 0xf1,
    0xbf, 0xff, 0x91, 0x17, 0xcf, 0xff, 0xff, 0x10,
    0x0, 0xdf, 0xd, 0xc7, 0x10, 0x0, 0x0, 0x15,
    0x8b, 0xc0, 0x0, 0x0, 0x0, 0x0, 0x0, 0x0,
    0x0, 0x0, 0x0, 0x0, 0x0,

    /* U+4FDD "保" */
    0x0, 0x0, 0x58, 0x20, 0x0, 0x0, 0x0, 0x0,
    0x0, 0x0, 0x0, 0x0, 0xc, 0xf4, 0x4d, 0xdd,
    0xdd, 0xdd, 0xdd, 0xd8, 0x0, 0x0, 0x1, 0xff,
    0x5, 0xff, 0xff, 0xff, 0xff, 0xff, 0x90, 0x0,
    0x0, 0x7f, 0xa0, 0x5f, 0x80, 0x0, 0x0, 0x3,
    0xf9, 0x0, 0x0, 0xd, 0xf4, 0x5, 0xf8, 0x0,
    0x0, 0x0, 0x3f, 0x90, 0x0, 0x4, 0xfe, 0x0,
    0x5f, 0x80, 0x0, 0x0, 0x3, 0xf9, 0x0, 0x0,
    0xbf, 0xd0, 0x5, 0xf8, 0x0, 0x0, 0x0, 0x3f,
    0x90, 0x0, 0x3f, 0xfd, 0x0, 0x5f, 0xff, 0xff,
    0xff, 0xff, 0xf9, 0x0, 0xb, 0xff, 0xd0, 0x4,
    0xdd, 0xdd, 0xff, 0xdd, 0xdd, 0x80, 0x4, 0xfe,
    0xfd, 0x0, 0x0, 0x0, 0xd, 0xf0, 0x0, 0x0,
    0x0, 0x9f, 0x5f, 0xd0, 0x0, 0x0, 0x0, 0xdf,
    0x0, 0x0, 0x0, 0x3, 0xa0, 0xfd, 0xb, 0xff,
    0xff, 0xff, 0xff, 0xff, 0xff, 0xf0, 0x1, 0xf,
    0xd0, 0x9d, 0xdd, 0xdf, 0xff, 0xfd, 0xdd, 0xdd,
    0x0, 0x0, 0xfd, 0x0, 0x0, 0x3, 0xff, 0xff,
    0x40, 0x0, 0x0, 0x0, 0xf, 0xd0, 0x0, 0x3,
    0xed, 0xef, 0xcf, 0x40, 0x0, 0x0, 0x0, 0xfd,
    0x0, 0x5, 0xfe, 0x2d, 0xf1, 0xdf, 0x60, 0x0,
    0x0, 0xf, 0xd0, 0x1a, 0xfe, 0x20, 0xdf, 0x1,
    0xdf, 0xb2, 0x0, 0x0, 0xfd, 0x4f, 0xfb, 0x10,
    0xd, 0xf0, 0x0, 0xaf, 0xf2, 0x0, 0xf, 0xd0,
    0xb5, 0x0, 0x0, 0xdf, 0x0, 0x0, 0x59, 0x0,
    0x0, 0xfd, 0x0, 0x0, 0x0, 0xd, 0xf0, 0x0,
    0x0, 0x0,

    /* U+4FE1 "信" */
    0x0, 0x0, 0x23, 0x0, 0x0, 0x3, 0x62, 0x0,
    0x0, 0x0, 0x0, 0x0, 0xaf, 0x40, 0x0, 0x7,
    0xf9, 0x0, 0x0, 0x0, 0x0, 0x0, 0xff, 0x0,
    0x0, 0x1, 0xfe, 0x0, 0x0, 0x0, 0x0, 0x5,
    0xfa, 0xff, 0xff, 0xff, 0xff, 0xff, 0xff, 0xff,
    0x0, 0xb, 0xf4, 0xdd, 0xdd, 0xdd, 0xdd, 0xdd,
    0xdd, 0xdd, 0x0, 0x2f, 0xe0, 0x0, 0x0, 0x0,
    0x0, 0x0, 0x0, 0x0, 0x0, 0xaf, 0xd0, 0x7,
    0x99, 0x99, 0x99, 0x99, 0x99, 0x30, 0x2, 0xff,
    0xd0, 0xd, 0xff, 0xff, 0xff, 0xff, 0xff, 0x70,
    0xb, 0xff, 0xd0, 0x0, 0x0, 0x0, 0x0, 0x0,
    0x0, 0x0, 0x5f, 0xbf, 0xd0, 0x8, 0xaa, 0xaa,
    0xaa, 0xaa, 0xaa, 0x40, 0x5f, 0x2f, 0xd0, 0xd,
    0xff, 0xff, 0xff, 0xff, 0xff, 0x70, 0x17, 0xf,
    0xd0, 0x0, 0x0, 0x0, 0x0, 0x0, 0x0, 0x0,
    0x0, 0xf, 0xd0, 0x0, 0x0, 0x0, 0x0, 0x0,
    0x0, 0x0, 0x0, 0xf, 0xd0, 0xc, 0xff, 0xff,
    0xff, 0xff, 0xff, 0x70, 0x0, 0xf, 0xd0, 0xc,
    0xfd, 0xdd, 0xdd, 0xdd, 0xef, 0x70, 0x0, 0xf,
    0xd0, 0xc, 0xf0, 0x0, 0x0, 0x0, 0x6f, 0x70,
    0x0, 0xf, 0xd0, 0xc, 0xf0, 0x0, 0x0, 0x0,
    0x6f, 0x70, 0x0, 0xf, 0xd0, 0xc, 0xfd, 0xdd,
    0xdd, 0xdd, 0xef, 0x70, 0x0, 0xf, 0xd0, 0xc,
    0xff, 0xff, 0xff, 0xff, 0xff, 0x70, 0x0, 0xf,
    0xd0, 0xc, 0xf0, 0x0, 0x0, 0x0, 0x5f, 0x60,

    /* U+5012 "倒" */
    0x0, 0x7, 0x70, 0x0, 0x0, 0x0, 0x0, 0x0,
    0x6, 0x50, 0x0, 0xfe, 0x22, 0x22, 0x22, 0x22,
    0x0, 0x0, 0xfd, 0x0, 0x5f, 0xaf, 0xff, 0xff,
    0xff, 0xc0, 0x0, 0xf, 0xd0, 0xa, 0xf5, 0x99,
    0xfe, 0x99, 0x97, 0xf, 0x90, 0xfd, 0x0, 0xef,
    0x10, 0x4f, 0x60, 0x30, 0x0, 0xf9, 0xf, 0xd0,
    0x3f, 0xf0, 0xc, 0xe0, 0x8f, 0x20, 0xf, 0x90,
    0xfd, 0x9, 0xff, 0x5, 0xf6, 0x1, 0xfa, 0x0,
    0xf9, 0xf, 0xd1, 0xff, 0xf0, 0xed, 0x34, 0x5c,
    0xf2, 0xf, 0x90, 0xfd, 0x8f, 0xff, 0x2f, 0xff,
    0xff, 0xff, 0xa0, 0xf9, 0xf, 0xdd, 0xcd, 0xf0,
    0x65, 0x7f, 0x70, 0xaa, 0xf, 0x90, 0xfd, 0xa4,
    0xdf, 0x0, 0x4, 0xf6, 0x0, 0x0, 0xf9, 0xf,
    0xd2, 0xd, 0xf0, 0x33, 0x7f, 0x83, 0x30, 0xf,
    0x90, 0xfd, 0x0, 0xdf, 0xf, 0xff, 0xff, 0xff,
    0x40, 0xf9, 0xf, 0xd0, 0xd, 0xf0, 0x88, 0xaf,
    0xb8, 0x82, 0xf, 0x90, 0xfd, 0x0, 0xdf, 0x0,
    0x4, 0xf6, 0x0, 0x0, 0xf9, 0xf, 0xd0, 0xd,
    0xf0, 0x0, 0x4f, 0x60, 0x0, 0x6, 0x30, 0xfd,
    0x0, 0xdf, 0x0, 0x16, 0xfa, 0x79, 0x90, 0x0,
    0xf, 0xd0, 0xd, 0xf6, 0xff, 0xff, 0xff, 0xfe,
    0x0, 0x2, 0xfd, 0x0, 0xdf, 0x4b, 0xa8, 0x64,
    0x20, 0x0, 0xcd, 0xff, 0xb0, 0xd, 0xf0, 0x0,
    0x0, 0x0, 0x0, 0xc, 0xff, 0xd3,

    /* U+503C "值" */
    0x0, 0x0, 0x7b, 0x30, 0x0, 0x0, 0x7e, 0x40,
    0x0, 0x0, 0x0, 0x0, 0xc, 0xf3, 0x0, 0x0,
    0x9, 0xf4, 0x0, 0x0, 0x0, 0x0, 0x1, 0xfe,
    0xf, 0xff, 0xff, 0xff, 0xff, 0xff, 0xff, 0x30,
    0x0, 0x6f, 0x90, 0x99, 0x99, 0x9d, 0xfb, 0x99,
    0x99, 0x91, 0x0, 0xc, 0xf3, 0x0, 0x0, 0x0,
    0x9f, 0x40, 0x0, 0x0, 0x0, 0x2, 0xff, 0x0,
    0x19, 0x99, 0x9c, 0xfb, 0x99, 0x98, 0x0, 0x0,
    0x8f, 0xf0, 0x2, 0xff, 0xff, 0xff, 0xff, 0xff,
    0xe0, 0x0, 0xf, 0xff, 0x0, 0x2f, 0xb0, 0x0,
    0x0, 0x0, 0xfe, 0x0, 0x8, 0xff, 0xf0, 0x2,
    0xfb, 0x22, 0x22, 0x22, 0x2f, 0xe0, 0x1, 0xff,
    0xef, 0x0, 0x2f, 0xff, 0xff, 0xff, 0xff, 0xfe,
    0x0, 0x1f, 0x8d, 0xf0, 0x2, 0xfc, 0x44, 0x44,
    0x44, 0x4f, 0xe0, 0x0, 0x90, 0xdf, 0x0, 0x2f,
    0xb2, 0x22, 0x22, 0x22, 0xfe, 0x0, 0x0, 0xd,
    0xf0, 0x2, 0xff, 0xff, 0xff, 0xff, 0xff, 0xe0,
    0x0, 0x0, 0xdf, 0x0, 0x2f, 0xc4, 0x44, 0x44,
    0x44, 0xfe, 0x0, 0x0, 0xd, 0xf0, 0x2, 0xfb,
    0x0, 0x0, 0x0, 0xf, 0xe0, 0x0, 0x0, 0xdf,
    0x0, 0x2f, 0xff, 0xff, 0xff, 0xff, 0xfe, 0x0,
    0x0, 0xd, 0xf0, 0x2, 0xfc, 0x66, 0x66, 0x66,
    0x6f, 0xe0, 0x0, 0x0, 0xdf, 0x0, 0x2f, 0xb0,
    0x0, 0x0, 0x0, 0xfe, 0x0, 0x0, 0xd, 0xf0,
    0x9a, 0xfe, 0x99, 0x99, 0x99, 0x9f, 0xf9, 0x60,
    0x0, 0xdf, 0xf, 0xff, 0xff, 0xff, 0xff, 0xff,
    0xff, 0xfb,

    /* U+503E "倾" */
    0x0, 0x5, 0x81, 0x23, 0x0, 0x0, 0x0, 0x0,
    0x0, 0x0, 0x0, 0xb, 0xf0, 0xdf, 0x0, 0x99,
    0x99, 0x99, 0x99, 0x94, 0x0, 0xf, 0xc0, 0xdf,
    0x0, 0xff, 0xff, 0xff, 0xff, 0xf7, 0x0, 0x4f,
    0x70, 0xdf, 0x0, 0x0, 0x3, 0xf7, 0x0, 0x0,
    0x0, 0xaf, 0x20, 0xdf, 0x0, 0x0, 0x6, 0xf3,
    0x0, 0x0, 0x0, 0xff, 0x0, 0xdf, 0x0, 0x26,
    0x6c, 0xf7, 0x66, 0x40, 0x5, 0xff, 0x0, 0xdf,
    0xff, 0x8f, 0xff, 0xff, 0xff, 0xb0, 0xc, 0xff,
    0x0, 0xdf, 0xdd, 0x8f, 0x42, 0x22, 0x2e, 0xb0,
    0x2f, 0xff, 0x0, 0xdf, 0x0, 0x6f, 0x21, 0x93,
    0xe, 0xb0, 0xaf, 0xdf, 0x0, 0xdf, 0x0, 0x6f,
    0x22, 0xf6, 0xe, 0xb0, 0xcb, 0xaf, 0x0, 0xdf,
    0x0, 0x6f, 0x22, 0xf6, 0xe, 0xb0, 0x73, 0xaf,
    0x0, 0xdf, 0x0, 0x6f, 0x22, 0xf6, 0xe, 0xb0,
    0x0, 0xaf, 0x0, 0xdf, 0x0, 0x6f, 0x23, 0xf5,
    0xe, 0xb0, 0x0, 0xaf, 0x0, 0xdf, 0x1, 0x6f,
    0x24, 0xf4, 0xe, 0xb0, 0x0, 0xaf, 0x0, 0xdf,
    0x4d, 0x6f, 0x27, 0xf4, 0xe, 0xb0, 0x0, 0xaf,
    0x0, 0xef, 0xfd, 0x39, 0x1d, 0xff, 0x48, 0x60,
    0x0, 0xaf, 0x3, 0xff, 0xb1, 0x0, 0x9f, 0x9f,
    0xf4, 0x0, 0x0, 0xaf, 0x2, 0xe7, 0x0, 0x1a,
    0xfa, 0x3, 0xef, 0x50, 0x0, 0xaf, 0x0, 0x10,
    0x5, 0xef, 0x90, 0x0, 0x2e, 0xf5, 0x0, 0xaf,
    0x0, 0x0, 0x6, 0xe5, 0x0, 0x0, 0x2, 0xd2,
    0x0, 0x0, 0x0, 0x0, 0x0, 0x0, 0x0, 0x0,
    0x0, 0x0,

    /* U+504F "偏" */
    0x0, 0x0, 0x14, 0x0, 0x0, 0x0, 0x69, 0x10,
    0x0, 0x0, 0x0, 0x0, 0x7, 0xf6, 0x0, 0x0,
    0xa, 0xf6, 0x0, 0x0, 0x0, 0x0, 0x0, 0xcf,
    0x16, 0x88, 0x88, 0xbf, 0xd8, 0x88, 0x86, 0x0,
    0x0, 0x1f, 0xc0, 0xdf, 0xff, 0xff, 0xff, 0xff,
    0xff, 0xd0, 0x0, 0x8, 0xf7, 0xd, 0xf0, 0x0,
    0x0, 0x0, 0x0, 0xfd, 0x0, 0x0, 0xef, 0x10,
    0xdf, 0x0, 0x0, 0x0, 0x0, 0xf, 0xd0, 0x0,
    0x5f, 0xf0, 0xd, 0xff, 0xff, 0xff, 0xff, 0xff,
    0xfd, 0x0, 0xd, 0xff, 0x0, 0xdf, 0x99, 0x99,
    0x99, 0x99, 0x99, 0x80, 0x5, 0xff, 0xf0, 0xd,
    0xf0, 0x0, 0x0, 0x0, 0x0, 0x0, 0x0, 0xef,
    0xef, 0x0, 0xef, 0x88, 0x88, 0x88, 0x88, 0x88,
    0x80, 0xc, 0x7d, 0xf0, 0xf, 0xff, 0xff, 0xff,
    0xff, 0xff, 0xff, 0x10, 0x40, 0xdf, 0x0, 0xff,
    0xf3, 0x1f, 0x50, 0xf6, 0x9, 0xf1, 0x0, 0xd,
    0xf0, 0x2f, 0xdf, 0x31, 0xf5, 0xf, 0x60, 0x9f,
    0x10, 0x0, 0xdf, 0x5, 0xfa, 0xf3, 0x1f, 0x50,
    0xf6, 0x9, 0xf1, 0x0, 0xd, 0xf0, 0x9f, 0x7f,
    0xff, 0xff, 0xff, 0xff, 0xff, 0x10, 0x0, 0xdf,
    0xd, 0xe4, 0xfa, 0x9f, 0xa8, 0xfb, 0x8c, 0xf1,
    0x0, 0xd, 0xf2, 0xf9, 0x4f, 0x31, 0xf5, 0xf,
    0x60, 0x9f, 0x10, 0x0, 0xdf, 0x8f, 0x44, 0xf3,
    0x1f, 0x50, 0xf6, 0x9, 0xf1, 0x0, 0xd, 0xf7,
    0xd0, 0x4f, 0x31, 0xf5, 0xf, 0x99, 0xef, 0x0,
    0x0, 0xdf, 0x3, 0x4, 0xf3, 0x2, 0x0, 0x22,
    0xfe, 0x70, 0x0, 0x1, 0x20, 0x0, 0x0, 0x0,
    0x0, 0x0, 0x0, 0x0, 0x0,

    /* U+505C "停" */
    0x0, 0x0, 0x37, 0x20, 0x0, 0x0, 0x48, 0x40,
    0x0, 0x0, 0x0, 0x0, 0x9, 0xf5, 0x0, 0x0,
    0x7, 0xfa, 0x0, 0x0, 0x0, 0x0, 0x0, 0xef,
    0x38, 0x88, 0x88, 0xaf, 0xf8, 0x88, 0x88, 0x40,
    0x0, 0x4f, 0xa4, 0xff, 0xff, 0xff, 0xff, 0xff,
    0xff, 0xf7, 0x0, 0xa, 0xf5, 0x0, 0x0, 0x0,
    0x0, 0x0, 0x0, 0x0, 0x0, 0x1, 0xff, 0x0,
    0xf, 0xff, 0xff, 0xff, 0xff, 0xfd, 0x0, 0x0,
    0x8f, 0xf0, 0x0, 0xfd, 0x22, 0x22, 0x22, 0x2f,
    0xd0, 0x0, 0x1f, 0xff, 0x0, 0xf, 0xc0, 0x0,
    0x0, 0x0, 0xfd, 0x0, 0x9, 0xff, 0xf0, 0x0,
    0xff, 0xff, 0xff, 0xff, 0xff, 0xd0, 0x2, 0xfe,
    0xef, 0x0, 0x2, 0x22, 0x22, 0x22, 0x22, 0x22,
    0x0, 0x1f, 0x6d, 0xf0, 0x78, 0x88, 0x88, 0x88,
    0x88, 0x88, 0x88, 0x40, 0x60, 0xdf, 0xd, 0xff,
    0xff, 0xff, 0xff, 0xff, 0xff, 0xf8, 0x0, 0xd,
    0xf0, 0xdf, 0x0, 0x0, 0x0, 0x0, 0x0, 0x3f,
    0x80, 0x0, 0xdf, 0xd, 0xf2, 0x33, 0x33, 0x33,
    0x33, 0x34, 0xf8, 0x0, 0xd, 0xf0, 0x0, 0xaf,
    0xff, 0xff, 0xff, 0xff, 0x70, 0x0, 0x0, 0xdf,
    0x0, 0x2, 0x44, 0x44, 0xfe, 0x44, 0x41, 0x0,
    0x0, 0xd, 0xf0, 0x0, 0x0, 0x0, 0xf, 0xd0,
    0x0, 0x0, 0x0, 0x0, 0xdf, 0x0, 0x0, 0x0,
    0x1, 0xfd, 0x0, 0x0, 0x0, 0x0, 0xd, 0xf0,
    0x0, 0x9, 0xdd, 0xff, 0xc0, 0x0, 0x0, 0x0,
    0x0, 0xdf, 0x0, 0x0, 0x7e, 0xee, 0xc3, 0x0,
    0x0, 0x0,

    /* U+50A8 "储" */
    0x0, 0x1, 0x51, 0x0, 0x0, 0x0, 0x48, 0x0,
    0x0, 0x0, 0x0, 0x6, 0xf7, 0x87, 0x0, 0x0,
    0x9f, 0x0, 0x0, 0x0, 0x0, 0xa, 0xf2, 0xce,
    0x0, 0x0, 0x9f, 0x0, 0x6, 0xd2, 0x0, 0xf,
    0xe0, 0x4f, 0x70, 0xff, 0xff, 0xff, 0x8e, 0xe0,
    0x0, 0x5f, 0x80, 0xc, 0xe0, 0x99, 0xdf, 0x99,
    0xbf, 0x60, 0x0, 0xbf, 0x20, 0x4, 0x40, 0x0,
    0x9f, 0x2, 0xfc, 0x0, 0x2, 0xff, 0x0, 0x0,
    0x0, 0x0, 0x9f, 0xc, 0xf3, 0x0, 0xa, 0xff,
    0x6f, 0xff, 0xf, 0xff, 0xff, 0xff, 0xff, 0xf6,
    0x2f, 0xff, 0x4c, 0xef, 0x9, 0x99, 0x9e, 0xfc,
    0x99, 0x93, 0xbf, 0xef, 0x0, 0xaf, 0x0, 0x0,
    0xaf, 0x90, 0x0, 0x0, 0xcb, 0xaf, 0x0, 0xaf,
    0x0, 0x2c, 0xfe, 0x88, 0x88, 0x10, 0x61, 0xaf,
    0x0, 0xaf, 0x7, 0xff, 0xff, 0xff, 0xff, 0x20,
    0x0, 0xaf, 0x0, 0xaf, 0x6f, 0xdf, 0x60, 0x0,
    0x6f, 0x20, 0x0, 0xaf, 0x0, 0xaf, 0x18, 0x2f,
    0x60, 0x0, 0x6f, 0x20, 0x0, 0xaf, 0x0, 0xaf,
    0x1, 0x2f, 0xff, 0xff, 0xff, 0x20, 0x0, 0xaf,
    0x0, 0xaf, 0x6a, 0x2f, 0xa7, 0x77, 0xaf, 0x20,
    0x0, 0xaf, 0x0, 0xaf, 0xfb, 0x2f, 0x60, 0x0,
    0x6f, 0x20, 0x0, 0xaf, 0x1, 0xef, 0xb0, 0x2f,
    0xb8, 0x88, 0xbf, 0x20, 0x0, 0xaf, 0x0, 0xc8,
    0x0, 0x2f, 0xff, 0xff, 0xff, 0x20, 0x0, 0x9f,
    0x0, 0x0, 0x0, 0x2f, 0x60, 0x0, 0x6f, 0x20,

    /* U+50CF "像" */
    0x0, 0x0, 0x25, 0x10, 0x0, 0x89, 0x10, 0x0,
    0x0, 0x0, 0x0, 0x0, 0x9, 0xf5, 0x0, 0x4f,
    0xe2, 0x22, 0x22, 0x10, 0x0, 0x0, 0x0, 0xef,
    0x10, 0x2e, 0xff, 0xff, 0xff, 0xf9, 0x0, 0x0,
    0x0, 0x4f, 0xb0, 0x2e, 0xf7, 0x44, 0x46, 0xff,
    0x50, 0x0, 0x0, 0xa, 0xf5, 0x4e, 0xf6, 0x0,
    0x1, 0xde, 0x40, 0x0, 0x0, 0x1, 0xff, 0x3f,
    0xff, 0xff, 0xff, 0xff, 0xff, 0xff, 0xa0, 0x0,
    0x8f, 0xf0, 0x8b, 0xf2, 0x22, 0x8f, 0x32, 0x22,
    0xfa, 0x0, 0xf, 0xff, 0x0, 0x9f, 0x0, 0xa,
    0xe0, 0x0, 0xf, 0xa0, 0x8, 0xff, 0xf0, 0x9,
    0xff, 0xff, 0xff, 0xff, 0xff, 0xfa, 0x2, 0xfd,
    0xdf, 0x0, 0x35, 0x57, 0xff, 0x55, 0x55, 0x58,
    0x30, 0x3f, 0x4d, 0xf0, 0x0, 0x17, 0xef, 0xe1,
    0x0, 0x19, 0xf6, 0x0, 0x80, 0xdf, 0x5, 0xaf,
    0xfa, 0x5f, 0x90, 0x7e, 0xfb, 0x20, 0x0, 0xd,
    0xf0, 0xde, 0x82, 0x3d, 0xff, 0xef, 0xf6, 0x0,
    0x0, 0x0, 0xdf, 0x1, 0x1, 0x9f, 0xb3, 0xfd,
    0x6f, 0x90, 0x0, 0x0, 0xd, 0xf0, 0x18, 0xfe,
    0x51, 0xdf, 0xc0, 0xbf, 0x20, 0x0, 0x0, 0xdf,
    0xf, 0xf8, 0x4, 0xec, 0xbe, 0x3, 0xfb, 0x0,
    0x0, 0xd, 0xf0, 0x40, 0x2a, 0xfa, 0x9, 0xf0,
    0x9, 0xf8, 0x0, 0x0, 0xdf, 0x3, 0x9f, 0xe5,
    0x0, 0xcf, 0x0, 0xd, 0xf7, 0x0, 0xd, 0xf3,
    0xff, 0x82, 0x88, 0xaf, 0xb0, 0x0, 0x1d, 0x40,
    0x0, 0xdf, 0x6, 0x10, 0xf, 0xff, 0xb2, 0x0,
    0x0, 0x0,

    /* U+5148 "先" */
    0x0, 0x0, 0x0, 0x0, 0x1, 0x97, 0x0, 0x0,
    0x0, 0x0, 0x0, 0x0, 0x5d, 0x50, 0x3, 0xfc,
    0x0, 0x0, 0x0, 0x0, 0x0, 0x0, 0xaf, 0x50,
    0x3, 0xfc, 0x0, 0x0, 0x0, 0x0, 0x0, 0x1,
    0xff, 0x0, 0x3, 0xfc, 0x0, 0x0, 0x0, 0x0,
    0x0, 0x7, 0xff, 0xff, 0xff, 0xff, 0xff, 0xff,
    0xff, 0xc0, 0x0, 0xe, 0xfd, 0xdd, 0xdd, 0xff,
    0xdd, 0xdd, 0xdd, 0xa0, 0x0, 0x8f, 0xa0, 0x0,
    0x3, 0xfc, 0x0, 0x0, 0x0, 0x0, 0x1, 0xff,
    0x10, 0x0, 0x3, 0xfc, 0x0, 0x0, 0x0, 0x0,
    0x0, 0x14, 0x0, 0x0, 0x3, 0xfc, 0x0, 0x0,
    0x0, 0x0, 0x1d, 0xdd, 0xdd, 0xdd, 0xdd, 0xff,
    0xdd, 0xdd, 0xdd, 0xdd, 0x1f, 0xff, 0xff, 0xff,
    0xff, 0xff, 0xff, 0xff, 0xff, 0xff, 0x0, 0x0,
    0x0, 0x8f, 0x50, 0x1, 0xfd, 0x0, 0x0, 0x0,
    0x0, 0x0, 0x0, 0xaf, 0x30, 0x1, 0xfd, 0x0,
    0x0, 0x0, 0x0, 0x0, 0x0, 0xcf, 0x20, 0x1,
    0xfd, 0x0, 0x0, 0x0, 0x0, 0x0, 0x1, 0xfe,
    0x0, 0x1, 0xfd, 0x0, 0x0, 0xcb, 0x0, 0x0,
    0x9, 0xf9, 0x0, 0x1, 0xfd, 0x0, 0x0, 0xde,
    0x0, 0x0, 0x5f, 0xf1, 0x0, 0x1, 0xfd, 0x0,
    0x0, 0xdd, 0x0, 0x8, 0xff, 0x60, 0x0, 0x0,
    0xff, 0x0, 0x2, 0xfc, 0x6, 0xef, 0xf7, 0x0,
    0x0, 0x0, 0xef, 0xfd, 0xdf, 0xf9, 0xb, 0xfd,
    0x40, 0x0, 0x0, 0x0, 0x5e, 0xff, 0xff, 0xb1,
    0x1, 0x70, 0x0, 0x0, 0x0, 0x0, 0x0, 0x0,
    0x0, 0x0,

    /* U+5149 "光" */
    0x0, 0x0, 0x0, 0x0, 0x1, 0x42, 0x0, 0x0,
    0x0, 0x0, 0x0, 0x0, 0x0, 0x0, 0x7, 0xf7,
    0x0, 0x0, 0x0, 0x0, 0x0, 0x1a, 0x20, 0x0,
    0x7, 0xf7, 0x0, 0x0, 0x3c, 0x10, 0x0, 0x6f,
    0xd1, 0x0, 0x7, 0xf7, 0x0, 0x0, 0xdf, 0x60,
    0x0, 0xa, 0xfb, 0x0, 0x7, 0xf7, 0x0, 0xb,
    0xfa, 0x0, 0x0, 0x0, 0xdf, 0x80, 0x7, 0xf7,
    0x0, 0x8f, 0xd0, 0x0, 0x0, 0x0, 0x2f, 0xf4,
    0x7, 0xf7, 0x3, 0xfe, 0x20, 0x0, 0x0, 0x0,
    0x5, 0x70, 0x7, 0xf7, 0x0, 0x64, 0x0, 0x0,
    0x0, 0x0, 0x0, 0x0, 0x7, 0xf7, 0x0, 0x0,
    0x0, 0x0, 0xf, 0xff, 0xff, 0xff, 0xff, 0xff,
    0xff, 0xff, 0xff, 0xff, 0xe, 0xee, 0xee, 0xff,
    0xfe, 0xef, 0xff, 0xee, 0xee, 0xee, 0x0, 0x0,
    0x0, 0xaf, 0x40, 0x3, 0xfb, 0x0, 0x0, 0x0,
    0x0, 0x0, 0x0, 0xcf, 0x20, 0x3, 0xfb, 0x0,
    0x0, 0x0, 0x0, 0x0, 0x0, 0xef, 0x0, 0x3,
    0xfb, 0x0, 0x0, 0x0, 0x0, 0x0, 0x3, 0xfc,
    0x0, 0x3, 0xfb, 0x0, 0x0, 0xaa, 0x0, 0x0,
    0xa, 0xf8, 0x0, 0x3, 0xfb, 0x0, 0x0, 0xdf,
    0x0, 0x0, 0x7f, 0xf1, 0x0, 0x3, 0xfb, 0x0,
    0x0, 0xde, 0x0, 0x9, 0xff, 0x50, 0x0, 0x3,
    0xfd, 0x10, 0x2, 0xfd, 0x7, 0xef, 0xf6, 0x0,
    0x0, 0x1, 0xff, 0xff, 0xff, 0xfa, 0x1d, 0xfd,
    0x30, 0x0, 0x0, 0x0, 0x7e, 0xff, 0xff, 0xc2,
    0x2, 0x60, 0x0, 0x0, 0x0, 0x0, 0x0, 0x0,
    0x0, 0x0,

    /* U+514D "免" */
    0x0, 0x0, 0x0, 0x9, 0x81, 0x0, 0x0, 0x0,
    0x0, 0x0, 0x0, 0x0, 0x0, 0x6, 0xfd, 0x0,
    0x0, 0x0, 0x0, 0x0, 0x0, 0x0, 0x0, 0x4,
    0xff, 0xed, 0xdd, 0xdd, 0xdd, 0x60, 0x0, 0x0,
    0x0, 0x3, 0xff, 0xff, 0xff, 0xff, 0xff, 0xf7,
    0x0, 0x0, 0x0, 0x4, 0xff, 0x90, 0x0, 0x0,
    0x8, 0xfb, 0x10, 0x0, 0x0, 0x6, 0xff, 0x70,
    0x0, 0x0, 0xb, 0xf9, 0x0, 0x0, 0x0, 0xa,
    0xff, 0xfd, 0xdd, 0xdd, 0xde, 0xff, 0xdd, 0xdd,
    0xb0, 0x0, 0xad, 0xef, 0xff, 0xff, 0xff, 0xff,
    0xff, 0xff, 0xfd, 0x0, 0x1, 0xd, 0xf0, 0x0,
    0x0, 0xfd, 0x0, 0x0, 0xf, 0xd0, 0x0, 0x0,
    0xdf, 0x0, 0x0, 0x1f, 0xc0, 0x0, 0x0, 0xfd,
    0x0, 0x0, 0xd, 0xf0, 0x0, 0x3, 0xf9, 0x0,
    0x0, 0xf, 0xd0, 0x0, 0x0, 0xdf, 0xdd, 0xdd,
    0xef, 0xed, 0xdd, 0xdd, 0xfd, 0x0, 0x0, 0xd,
    0xff, 0xff, 0xff, 0xff, 0xff, 0xff, 0xff, 0xd0,
    0x0, 0x0, 0x0, 0x0, 0x3, 0xfd, 0xfd, 0x0,
    0x0, 0x0, 0x0, 0x0, 0x0, 0x0, 0x0, 0xcf,
    0x5f, 0xd0, 0x0, 0x0, 0x38, 0x20, 0x0, 0x0,
    0x0, 0xbf, 0xb0, 0xfd, 0x0, 0x0, 0x4, 0xf6,
    0x0, 0x0, 0x3, 0xdf, 0xd1, 0xf, 0xd0, 0x0,
    0x0, 0x5f, 0x60, 0x0, 0x3a, 0xff, 0xc1, 0x0,
    0xfe, 0x0, 0x0, 0x8, 0xf5, 0x5, 0xcf, 0xff,
    0x70, 0x0, 0xd, 0xfe, 0xdd, 0xdd, 0xff, 0x30,
    0x8f, 0xf9, 0x10, 0x0, 0x0, 0x5e, 0xff, 0xff,
    0xfe, 0x90, 0x1, 0x71, 0x0, 0x0, 0x0, 0x0,
    0x0, 0x0, 0x0, 0x0, 0x0,

    /* U+5165 "入" */
    0x0, 0x0, 0xbf, 0xff, 0xfb, 0x20, 0x0, 0x0,
    0x0, 0x0, 0x0, 0x0, 0xbf, 0xff, 0xff, 0xb0,
    0x0, 0x0, 0x0, 0x0, 0x0, 0x0, 0x0, 0x0,
    0x3f, 0xf0, 0x0, 0x0, 0x0, 0x0, 0x0, 0x0,
    0x0, 0x0, 0xf, 0xf1, 0x0, 0x0, 0x0, 0x0,
    0x0, 0x0, 0x0, 0x0, 0x3f, 0xf4, 0x0, 0x0,
    0x0, 0x0, 0x0, 0x0, 0x0, 0x0, 0x7f, 0xf7,
    0x0, 0x0, 0x0, 0x0, 0x0, 0x0, 0x0, 0x0,
    0xcf, 0xfb, 0x0, 0x0, 0x0, 0x0, 0x0, 0x0,
    0x0, 0x2, 0xfe, 0xef, 0x10, 0x0, 0x0, 0x0,
    0x0, 0x0, 0x0, 0x8, 0xf8, 0x8f, 0x60, 0x0,
    0x0, 0x0, 0x0, 0x0, 0x0, 0x1f, 0xf1, 0x2f,
    0xd0, 0x0, 0x0, 0x0, 0x0, 0x0, 0x0, 0xaf,
    0x90, 0xc, 0xf5, 0x0, 0x0, 0x0, 0x0, 0x0,
    0x4, 0xff, 0x10, 0x4, 0xfe, 0x10, 0x0, 0x0,
    0x0, 0x0, 0x1e, 0xf6, 0x0, 0x0, 0xbf, 0xa0,
    0x0, 0x0, 0x0, 0x0, 0xcf, 0xb0, 0x0, 0x0,
    0x2f, 0xf7, 0x0, 0x0, 0x0, 0xb, 0xfe, 0x10,
    0x0, 0x0, 0x6, 0xff, 0x60, 0x0, 0x0, 0xbf,
    0xf3, 0x0, 0x0, 0x0, 0x0, 0x9f, 0xf7, 0x0,
    0x1c, 0xff, 0x40, 0x0, 0x0, 0x0, 0x0, 0x9,
    0xff, 0xa0, 0xaf, 0xf4, 0x0, 0x0, 0x0, 0x0,
    0x0, 0x0, 0x8f, 0xf8, 0x1c, 0x30, 0x0, 0x0,
    0x0, 0x0, 0x0, 0x0, 0x6, 0xc0, 0x0, 0x0,
    0x0, 0x0, 0x0, 0x0, 0x0, 0x0, 0x0, 0x0,

    /* U+5168 "全" */
    0x0, 0x0, 0x0, 0x0, 0x4, 0x51, 0x0, 0x0,
    0x0, 0x0, 0x0, 0x0, 0x0, 0x0, 0x4, 0xff,
    0xb0, 0x0, 0x0, 0x0, 0x0, 0x0, 0x0, 0x0,
    0x1, 0xef, 0xef, 0x70, 0x0, 0x0, 0x0, 0x0,
    0x0, 0x0, 0x1, 0xdf, 0x82, 0xef, 0x70, 0x0,
    0x0, 0x0, 0x0, 0x0, 0x2, 0xef, 0xa0, 0x3,
    0xff, 0x80, 0x0, 0x0, 0x0, 0x0, 0x5, 0xff,
    0xa0, 0x0, 0x3, 0xff, 0xb1, 0x0, 0x0, 0x0,
    0x1a, 0xff, 0x80, 0x0, 0x0, 0x2, 0xef, 0xe5,
    0x0, 0x0, 0x7e, 0xfe, 0x40, 0x0, 0x0, 0x0,
    0x1, 0xaf, 0xfb, 0x20, 0x7f, 0xfa, 0xff, 0xff,
    0xff, 0xff, 0xff, 0xff, 0xbe, 0xfd, 0x0, 0xc4,
    0xc, 0xdd, 0xdd, 0xff, 0xed, 0xdd, 0xd5, 0x8,
    0x40, 0x0, 0x0, 0x0, 0x0, 0xc, 0xf3, 0x0,
    0x0, 0x0, 0x0, 0x0, 0x0, 0x0, 0x0, 0x0,
    0xcf, 0x30, 0x0, 0x0, 0x0, 0x0, 0x0, 0xd,
    0xdd, 0xdd, 0xdf, 0xfe, 0xdd, 0xdd, 0xd6, 0x0,
    0x0, 0x0, 0xff, 0xff, 0xff, 0xff, 0xff, 0xff,
    0xff, 0x80, 0x0, 0x0, 0x0, 0x0, 0x0, 0xc,
    0xf3, 0x0, 0x0, 0x0, 0x0, 0x0, 0x0, 0x0,
    0x0, 0x0, 0xcf, 0x30, 0x0, 0x0, 0x0, 0x0,
    0x0, 0x0, 0x0, 0x0, 0xc, 0xf3, 0x0, 0x0,
    0x0, 0x0, 0x0, 0x0, 0x0, 0x0, 0x0, 0xcf,
    0x30, 0x0, 0x0, 0x0, 0x0, 0xf, 0xff, 0xff,
    0xff, 0xff, 0xff, 0xff, 0xff, 0xff, 0xf8, 0x0,
    0xdd, 0xdd, 0xdd, 0xdd, 0xdd, 0xdd, 0xdd, 0xdd,
    0xdd, 0x60,

    /* U+516C "公" */
    0x0, 0x0, 0x0, 0x13, 0x0, 0x2, 0x92, 0x0,
    0x0, 0x0, 0x0, 0x0, 0x0, 0x9f, 0x60, 0x6,
    0xf9, 0x0, 0x0, 0x0, 0x0, 0x0, 0x1, 0xff,
    0x10, 0x1, 0xff, 0x0, 0x0, 0x0, 0x0, 0x0,
    0x8, 0xf8, 0x0, 0x0, 0x9f, 0x70, 0x0, 0x0,
    0x0, 0x0, 0x3f, 0xe1, 0x0, 0x0, 0x2f, 0xf1,
    0x0, 0x0, 0x0, 0x0, 0xcf, 0x60, 0x0, 0x0,
    0x9, 0xfa, 0x0, 0x0, 0x0, 0xa, 0xfb, 0x0,
    0x0, 0x0, 0x1, 0xef, 0x70, 0x0, 0x0, 0x7f,
    0xe1, 0x0, 0x12, 0x0, 0x0, 0x3f, 0xf5, 0x0,
    0x6, 0xff, 0x30, 0x0, 0x9f, 0x80, 0x0, 0x5,
    0xff, 0x70, 0x7f, 0xf5, 0x0, 0x2, 0xff, 0x20,
    0x0, 0x0, 0x7f, 0xf8, 0x6f, 0x50, 0x0, 0xa,
    0xf9, 0x0, 0x0, 0x0, 0x5, 0xf4, 0x3, 0x0,
    0x0, 0x4f, 0xe0, 0x0, 0x1, 0x0, 0x0, 0x20,
    0x0, 0x0, 0x0, 0xef, 0x50, 0x2, 0xeb, 0x0,
    0x0, 0x0, 0x0, 0x0, 0x9, 0xfb, 0x0, 0x0,
    0xcf, 0x50, 0x0, 0x0, 0x0, 0x0, 0x5f, 0xe1,
    0x0, 0x0, 0x2f, 0xe1, 0x0, 0x0, 0x0, 0x2,
    0xff, 0x50, 0x0, 0x0, 0x8, 0xfb, 0x0, 0x0,
    0x0, 0x1e, 0xf9, 0x0, 0x0, 0x0, 0x2, 0xef,
    0x50, 0x0, 0x0, 0xbf, 0xfa, 0xab, 0xcd, 0xef,
    0xff, 0xff, 0xe1, 0x0, 0x0, 0xaf, 0xff, 0xff,
    0xff, 0xed, 0xcb, 0xac, 0xf9, 0x0, 0x0, 0x25,
    0x43, 0x21, 0x0, 0x0, 0x0, 0x1, 0xed, 0x0,
    0x0, 0x0, 0x0, 0x0, 0x0, 0x0, 0x0, 0x0,
    0x30, 0x0,

    /* U+5173 "关" */
    0x0, 0x0, 0x22, 0x0, 0x0, 0x0, 0x0, 0x70,
    0x0, 0x0, 0x0, 0x3, 0xfd, 0x0, 0x0, 0x0,
    0xa, 0xfa, 0x0, 0x0, 0x0, 0x0, 0xaf, 0xb0,
    0x0, 0x0, 0x5f, 0xe2, 0x0, 0x0, 0x0, 0x0,
    0xd, 0xf7, 0x0, 0x2, 0xff, 0x40, 0x0, 0x0,
    0x0, 0x0, 0x3, 0xe5, 0x0, 0xd, 0xf8, 0x0,
    0x0, 0x0, 0xa, 0xff, 0xff, 0xff, 0xff, 0xff,
    0xff, 0xff, 0xff, 0x0, 0x9, 0xdd, 0xdd, 0xdd,
    0xef, 0xfd, 0xdd, 0xdd, 0xdd, 0x0, 0x0, 0x0,
    0x0, 0x0, 0x5f, 0xa0, 0x0, 0x0, 0x0, 0x0,
    0x0, 0x0, 0x0, 0x0, 0x5f, 0xa0, 0x0, 0x0,
    0x0, 0x0, 0x0, 0x0, 0x0, 0x0, 0x5f, 0xa0,
    0x0, 0x0, 0x0, 0x0, 0x9e, 0xee, 0xee, 0xee,
    0xff, 0xfe, 0xee, 0xee, 0xee, 0xe0, 0xaf, 0xff,
    0xff, 0xff, 0xff, 0xff, 0xff, 0xff, 0xff, 0xf0,
    0x0, 0x0, 0x0, 0x0, 0xcf, 0xf1, 0x0, 0x0,
    0x0, 0x0, 0x0, 0x0, 0x0, 0x4, 0xff, 0xfa,
    0x0, 0x0, 0x0, 0x0, 0x0, 0x0, 0x0, 0x2e,
    0xf5, 0xdf, 0x60, 0x0, 0x0, 0x0, 0x0, 0x0,
    0x3, 0xef, 0xa0, 0x3f, 0xf6, 0x0, 0x0, 0x0,
    0x0, 0x0, 0x7f, 0xfb, 0x0, 0x5, 0xff, 0xa1,
    0x0, 0x0, 0x0, 0x6e, 0xff, 0x80, 0x0, 0x0,
    0x5f, 0xff, 0x92, 0x0, 0x8f, 0xff, 0xd3, 0x0,
    0x0, 0x0, 0x1, 0xaf, 0xff, 0xd2, 0x7f, 0xd5,
    0x0, 0x0, 0x0, 0x0, 0x0, 0x3, 0xaf, 0xd0,
    0x3, 0x0, 0x0, 0x0, 0x0, 0x0, 0x0, 0x0,
    0x0, 0x20,

    /* U+5176 "其" */
    0x0, 0x2, 0x51, 0x0, 0x0, 0x0, 0x0, 0x44,
    0x0, 0x0, 0x0, 0x7, 0xf5, 0x0, 0x0, 0x0,
    0x0, 0xfd, 0x0, 0x0, 0x8d, 0xde, 0xfe, 0xdd,
    0xdd, 0xdd, 0xdd, 0xff, 0xdd, 0xd0, 0x9f, 0xff,
    0xff, 0xff, 0xff, 0xff, 0xff, 0xff, 0xff, 0xf0,
    0x0, 0x7, 0xf5, 0x0, 0x0, 0x0, 0x0, 0xfd,
    0x0, 0x0, 0x0, 0x7, 0xf5, 0x0, 0x0, 0x0,
    0x0, 0xfd, 0x0, 0x0, 0x0, 0x7, 0xfb, 0x99,
    0x99, 0x99, 0x99, 0xfd, 0x0, 0x0, 0x0, 0x7,
    0xff, 0xff, 0xff, 0xff, 0xff, 0xfd, 0x0, 0x0,
    0x0, 0x7, 0xf5, 0x0, 0x0, 0x0, 0x0, 0xfd,
    0x0, 0x0, 0x0, 0x7, 0xf5, 0x0, 0x0, 0x0,
    0x0, 0xfd, 0x0, 0x0, 0x0, 0x7, 0xff, 0xff,
    0xff, 0xff, 0xff, 0xfd, 0x0, 0x0, 0x0, 0x7,
    0xfb, 0x99, 0x99, 0x99, 0x99, 0xfd, 0x0, 0x0,
    0x0, 0x7, 0xf5, 0x0, 0x0, 0x0, 0x0, 0xfd,
    0x0, 0x0, 0x0, 0x7, 0xf5, 0x0, 0x0, 0x0,
    0x0, 0xfd, 0x0, 0x0, 0xff, 0xff, 0xff, 0xff,
    0xff, 0xff, 0xff, 0xff, 0xff, 0xf6, 0xdd, 0xdd,
    0xdd, 0xdd, 0xdd, 0xdd, 0xdd, 0xdd, 0xdd, 0xd5,
    0x0, 0x0, 0x0, 0x83, 0x0, 0x1, 0x82, 0x0,
    0x0, 0x0, 0x0, 0x0, 0x6e, 0xfa, 0x0, 0x7,
    0xff, 0xa3, 0x0, 0x0, 0x1, 0x7e, 0xfe, 0x70,
    0x0, 0x0, 0x5c, 0xff, 0xb4, 0x0, 0x6f, 0xff,
    0x81, 0x0, 0x0, 0x0, 0x0, 0x4b, 0xff, 0xa0,
    0x3e, 0x70, 0x0, 0x0, 0x0, 0x0, 0x0, 0x0,
    0x3b, 0x60, 0x0, 0x0, 0x0, 0x0, 0x0, 0x0,
    0x0, 0x0, 0x0, 0x0,

    /* U+5177 "具" */
    0x0, 0x3a, 0xaa, 0xaa, 0xaa, 0xaa, 0xaa, 0xaa,
    0x50, 0x0, 0x0, 0x5f, 0xff, 0xff, 0xff, 0xff,
    0xff, 0xff, 0x80, 0x0, 0x0, 0x5f, 0x80, 0x0,
    0x0, 0x0, 0x0, 0x5f, 0x80, 0x0, 0x0, 0x5f,
    0xc8, 0x88, 0x88, 0x88, 0x88, 0xaf, 0x80, 0x0,
    0x0, 0x5f, 0xff, 0xff, 0xff, 0xff, 0xff, 0xff,
    0x80, 0x0, 0x0, 0x5f, 0x80, 0x0, 0x0, 0x0,
    0x0, 0x5f, 0x80, 0x0, 0x0, 0x5f, 0xc8, 0x88,
    0x88, 0x88, 0x88, 0xaf, 0x80, 0x0, 0x0, 0x5f,
    0xff, 0xff, 0xff, 0xff, 0xff, 0xff, 0x80, 0x0,
    0x0, 0x5f, 0x80, 0x0, 0x0, 0x0, 0x0, 0x5f,
    0x80, 0x0, 0x0, 0x5f, 0x80, 0x0, 0x0, 0x0,
    0x0, 0x5f, 0x80, 0x0, 0x0, 0x5f, 0xff, 0xff,
    0xff, 0xff, 0xff, 0xff, 0x80, 0x0, 0x0, 0x5f,
    0xc8, 0x88, 0x88, 0x88, 0x88, 0xaf, 0x80, 0x0,
    0x0, 0x5f, 0x80, 0x0, 0x0, 0x0, 0x0, 0x5f,
    0x80, 0x0, 0xff, 0xff, 0xff, 0xff, 0xff, 0xff,
    0xff, 0xff, 0xff, 0xf3, 0xdd, 0xdd, 0xdd, 0xdd,
    0xdd, 0xdd, 0xdd, 0xdd, 0xdd, 0xd2, 0x0, 0x0,
    0x1, 0x83, 0x0, 0x3, 0x92, 0x0, 0x0, 0x0,
    0x0, 0x1, 0x8f, 0xfb, 0x0, 0x9, 0xff, 0xc6,
    0x0, 0x0, 0x5, 0xbf, 0xfd, 0x60, 0x0, 0x0,
    0x3a, 0xff, 0xf9, 0x30, 0xcf, 0xfb, 0x50, 0x0,
    0x0, 0x0, 0x0, 0x17, 0xef, 0xb0, 0x58, 0x20,
    0x0, 0x0, 0x0, 0x0, 0x0, 0x0, 0x5, 0x30,

    /* U+5185 "内" */
    0x0, 0x0, 0x0, 0x4, 0x40, 0x0, 0x0, 0x0,
    0x0, 0x0, 0x0, 0x0, 0xef, 0x0, 0x0, 0x0,
    0x0, 0x0, 0x0, 0x0, 0xe, 0xf0, 0x0, 0x0,
    0x0, 0x0, 0x0, 0x0, 0x0, 0xef, 0x0, 0x0,
    0x0, 0x0, 0xff, 0xff, 0xff, 0xff, 0xff, 0xff,
    0xff, 0xff, 0xf, 0xfe, 0xee, 0xee, 0xff, 0xee,
    0xee, 0xef, 0xf0, 0xfe, 0x0, 0x0, 0xe, 0xf0,
    0x0, 0x0, 0xdf, 0xf, 0xe0, 0x0, 0x0, 0xfd,
    0x0, 0x0, 0xd, 0xf0, 0xfe, 0x0, 0x0, 0x4f,
    0xb0, 0x0, 0x0, 0xdf, 0xf, 0xe0, 0x0, 0xa,
    0xff, 0x70, 0x0, 0xd, 0xf0, 0xfe, 0x0, 0x2,
    0xfe, 0xef, 0x70, 0x0, 0xdf, 0xf, 0xe0, 0x1,
    0xdf, 0x63, 0xef, 0x70, 0xd, 0xf0, 0xfe, 0x0,
    0xcf, 0xb0, 0x3, 0xff, 0x60, 0xdf, 0xf, 0xe2,
    0xdf, 0xc1, 0x0, 0x3, 0xff, 0x6d, 0xf0, 0xfe,
    0x6f, 0xc1, 0x0, 0x0, 0x4, 0xe3, 0xdf, 0xf,
    0xe0, 0x60, 0x0, 0x0, 0x0, 0x1, 0xd, 0xf0,
    0xfe, 0x0, 0x0, 0x0, 0x0, 0x0, 0x0, 0xdf,
    0xf, 0xe0, 0x0, 0x0, 0x0, 0x0, 0x0, 0xe,
    0xf0, 0xfe, 0x0, 0x0, 0x0, 0x0, 0xad, 0xdf,
    0xfe, 0xf, 0xe0, 0x0, 0x0, 0x0, 0x9, 0xff,
    0xfe, 0x60, 0x32, 0x0, 0x0, 0x0, 0x0, 0x0,
    0x0, 0x0, 0x0,

    /* U+518D "再" */
    0x6d, 0xdd, 0xdd, 0xdd, 0xdd, 0xdd, 0xdd, 0xdd,
    0xdd, 0xb0, 0x7f, 0xff, 0xff, 0xff, 0xff, 0xff,
    0xff, 0xff, 0xff, 0xd0, 0x0, 0x0, 0x0, 0x0,
    0x4f, 0x90, 0x0, 0x0, 0x0, 0x0, 0x0, 0x0,
    0x0, 0x0, 0x4f, 0x90, 0x0, 0x0, 0x0, 0x0,
    0x0, 0x8d, 0xdd, 0xdd, 0xef, 0xed, 0xdd, 0xdd,
    0xc0, 0x0, 0x0, 0x9f, 0xff, 0xff, 0xff, 0xff,
    0xff, 0xff, 0xf0, 0x0, 0x0, 0x9f, 0x30, 0x0,
    0x4f, 0x90, 0x0, 0xd, 0xf0, 0x0, 0x0, 0x9f,
    0x30, 0x0, 0x4f, 0x90, 0x0, 0xd, 0xf0, 0x0,
    0x0, 0x9f, 0xed, 0xdd, 0xef, 0xed, 0xdd, 0xdf,
    0xf0, 0x0, 0x0, 0x9f, 0xff, 0xff, 0xff, 0xff,
    0xff, 0xff, 0xf0, 0x0, 0x0, 0x9f, 0x30, 0x0,
    0x4f, 0x90, 0x0, 0xd, 0xf0, 0x0, 0x0, 0x9f,
    0x30, 0x0, 0x4f, 0x90, 0x0, 0xd, 0xf0, 0x0,
    0x0, 0x9f, 0x30, 0x0, 0x4f, 0x90, 0x0, 0xd,
    0xf0, 0x0, 0xff, 0xff, 0xff, 0xff, 0xff, 0xff,
    0xff, 0xff, 0xff, 0xf5, 0xdd, 0xff, 0xed, 0xdd,
    0xdd, 0xdd, 0xdd, 0xdf, 0xfd, 0xd4, 0x0, 0x9f,
    0x30, 0x0, 0x0, 0x0, 0x0, 0xd, 0xf0, 0x0,
    0x0, 0x9f, 0x30, 0x0, 0x0, 0x0, 0x0, 0xf,
    0xf0, 0x0, 0x0, 0x9f, 0x30, 0x0, 0x0, 0xa,
    0xdd, 0xff, 0xd0, 0x0, 0x0, 0x9f, 0x30, 0x0,
    0x0, 0xa, 0xff, 0xfd, 0x50, 0x0, 0x0, 0x13,
    0x0, 0x0, 0x0, 0x0, 0x0, 0x0, 0x0, 0x0,

    /* U+5199 "写" */
    0xd, 0xdd, 0xdd, 0xdd, 0xdd, 0xdd, 0xdd, 0xdd,
    0xdd, 0xd2, 0xf, 0xff, 0xff, 0xff, 0xff, 0xff,
    0xff, 0xff, 0xff, 0xf3, 0xf, 0xd0, 0x0, 0x0,
    0x0, 0x0, 0x0, 0x0, 0xb, 0xf3, 0xf, 0xd0,
    0x9d, 0x20, 0x0, 0x0, 0x0, 0x0, 0xb, 0xf3,
    0xd, 0xa0, 0xcf, 0x10, 0x0, 0x0, 0x0, 0x0,
    0x8, 0xb2, 0x0, 0x0, 0xef, 0xdd, 0xdd, 0xdd,
    0xdd, 0xdd, 0x90, 0x0, 0x0, 0x0, 0xff, 0xff,
    0xff, 0xff, 0xff, 0xff, 0xb0, 0x0, 0x0, 0x2,
    0xfc, 0x0, 0x0, 0x0, 0x0, 0x0, 0x0, 0x0,
    0x0, 0x4, 0xfa, 0x0, 0x0, 0x0, 0x0, 0x0,
    0x0, 0x0, 0x0, 0x6, 0xfe, 0xdd, 0xdd, 0xdd,
    0xdd, 0xdd, 0xdd, 0x10, 0x0, 0x8, 0xff, 0xff,
    0xff, 0xff, 0xff, 0xff, 0xff, 0x0, 0x0, 0x0,
    0x0, 0x0, 0x0, 0x0, 0x0, 0x0, 0xef, 0x0,
    0x0, 0x0, 0x0, 0x0, 0x0, 0x0, 0x0, 0x0,
    0xff, 0x0, 0x7d, 0xdd, 0xdd, 0xdd, 0xdd, 0xdd,
    0xdd, 0x0, 0xfe, 0x0, 0x9f, 0xff, 0xff, 0xff,
    0xff, 0xff, 0xff, 0x2, 0xfd, 0x0, 0x0, 0x0,
    0x0, 0x0, 0x0, 0x0, 0x0, 0x4, 0xfc, 0x0,
    0x0, 0x0, 0x0, 0x0, 0x0, 0x0, 0x0, 0x1b,
    0xf9, 0x0, 0x0, 0x0, 0x0, 0x0, 0x2, 0xdd,
    0xde, 0xff, 0xf3, 0x0, 0x0, 0x0, 0x0, 0x0,
    0x0, 0xff, 0xff, 0xfc, 0x50, 0x0,

    /* U+51C6 "准" */
    0x0, 0x0, 0x0, 0x0, 0x56, 0x10, 0x4, 0x20,
    0x0, 0x0, 0x3, 0x50, 0x0, 0x0, 0xef, 0x20,
    0x4f, 0x90, 0x0, 0x0, 0x1f, 0xf1, 0x0, 0x3,
    0xfd, 0x0, 0xe, 0xf0, 0x0, 0x0, 0x9, 0xf8,
    0x0, 0x9, 0xf8, 0x0, 0x8, 0xf5, 0x0, 0x0,
    0x1, 0xff, 0x10, 0xf, 0xff, 0xff, 0xff, 0xff,
    0xff, 0xfa, 0x0, 0x9f, 0x90, 0x6f, 0xfd, 0xdd,
    0xdf, 0xfd, 0xdd, 0xd8, 0x0, 0x2f, 0xf1, 0xef,
    0xd0, 0x0, 0xf, 0xd0, 0x0, 0x0, 0x0, 0x6,
    0x28, 0xff, 0xd0, 0x0, 0xf, 0xd0, 0x0, 0x0,
    0x0, 0x0, 0x4f, 0xef, 0xfa, 0xaa, 0xaf, 0xfa,
    0xaa, 0xa1, 0x0, 0x0, 0x8f, 0x4f, 0xff, 0xff,
    0xff, 0xff, 0xff, 0xf3, 0x0, 0x1, 0x7, 0xf,
    0xd0, 0x0, 0xf, 0xd0, 0x0, 0x0, 0x0, 0x1f,
    0xc0, 0xf, 0xd0, 0x0, 0xf, 0xd0, 0x0, 0x0,
    0x0, 0x6f, 0x90, 0xf, 0xfa, 0xaa, 0xaf, 0xfa,
    0xaa, 0xa1, 0x0, 0xbf, 0x50, 0xf, 0xff, 0xff,
    0xff, 0xff, 0xff, 0xf3, 0x0, 0xff, 0x0, 0xf,
    0xd0, 0x0, 0xf, 0xd0, 0x0, 0x0, 0x5, 0xfb,
    0x0, 0xf, 0xd0, 0x0, 0xf, 0xd0, 0x0, 0x0,
    0xa, 0xf6, 0x0, 0xf, 0xd0, 0x0, 0xf, 0xd0,
    0x0, 0x0, 0xf, 0xf1, 0x0, 0xf, 0xfd, 0xdd,
    0xdf, 0xfd, 0xdd, 0xda, 0x3f, 0xc0, 0x0, 0xf,
    0xff, 0xff, 0xff, 0xff, 0xff, 0xfc, 0x1, 0x20,
    0x0, 0xf, 0xd0, 0x0, 0x0, 0x0, 0x0, 0x0,

    /* U+51FA "出" */
    0x0, 0x0, 0x0, 0x1, 0x20, 0x0, 0x0, 0x0,
    0x0, 0x0, 0x0, 0x0, 0xef, 0x0, 0x0, 0x0,
    0x0, 0x0, 0x0, 0x0, 0xe, 0xf0, 0x0, 0x0,
    0x0, 0x4, 0xb5, 0x0, 0x0, 0xef, 0x0, 0x0,
    0xa, 0xb0, 0x6f, 0x70, 0x0, 0xe, 0xf0, 0x0,
    0x0, 0xef, 0x6, 0xf7, 0x0, 0x0, 0xef, 0x0,
    0x0, 0xe, 0xf0, 0x6f, 0x70, 0x0, 0xe, 0xf0,
    0x0, 0x0, 0xef, 0x6, 0xf7, 0x0, 0x0, 0xef,
    0x0, 0x0, 0xe, 0xf0, 0x6f, 0x70, 0x0, 0xe,
    0xf0, 0x0, 0x0, 0xef, 0x6, 0xfe, 0xdd, 0xdd,
    0xff, 0xdd, 0xdd, 0xdf, 0xf0, 0x6f, 0xff, 0xff,
    0xff, 0xff, 0xff, 0xff, 0xff, 0x0, 0x0, 0x0,
    0x0, 0xef, 0x0, 0x0, 0x0, 0x0, 0xca, 0x0,
    0x0, 0xe, 0xf0, 0x0, 0x0, 0x3d, 0x8f, 0xe0,
    0x0, 0x0, 0xef, 0x0, 0x0, 0x4, 0xfa, 0xfe,
    0x0, 0x0, 0xe, 0xf0, 0x0, 0x0, 0x4f, 0xaf,
    0xe0, 0x0, 0x0, 0xef, 0x0, 0x0, 0x4, 0xfa,
    0xfe, 0x0, 0x0, 0xe, 0xf0, 0x0, 0x0, 0x4f,
    0xaf, 0xe0, 0x0, 0x0, 0xef, 0x0, 0x0, 0x4,
    0xfa, 0xff, 0xdd, 0xdd, 0xdf, 0xfd, 0xdd, 0xdd,
    0xef, 0xaf, 0xff, 0xff, 0xff, 0xff, 0xff, 0xff,
    0xff, 0xfa, 0x0, 0x0, 0x0, 0x0, 0x0, 0x0,
    0x0, 0x4f, 0xa0,

    /* U+51FB "击" */
    0x0, 0x0, 0x0, 0x0, 0x4, 0x83, 0x0, 0x0,
    0x0, 0x0, 0x0, 0x0, 0x0, 0x0, 0x8, 0xf5,
    0x0, 0x0, 0x0, 0x0, 0x0, 0x0, 0x0, 0x0,
    0x8, 0xf5, 0x0, 0x0, 0x0, 0x0, 0x0, 0xad,
    0xdd, 0xdd, 0xde, 0xfe, 0xdd, 0xdd, 0xdd, 0x80,
    0x0, 0xcf, 0xff, 0xff, 0xff, 0xff, 0xff, 0xff,
    0xff, 0xa0, 0x0, 0x0, 0x0, 0x0, 0x8, 0xf5,
    0x0, 0x0, 0x0, 0x0, 0x0, 0x0, 0x0, 0x0,
    0x8, 0xf5, 0x0, 0x0, 0x0, 0x0, 0x0, 0x0,
    0x0, 0x0, 0x8, 0xf5, 0x0, 0x0, 0x0, 0x0,
    0x0, 0x0, 0x0, 0x0, 0x8, 0xf5, 0x0, 0x0,
    0x0, 0x0, 0x2f, 0xff, 0xff, 0xff, 0xff, 0xff,
    0xff, 0xff, 0xff, 0xff, 0x1d, 0xdd, 0xdd, 0xdd,
    0xde, 0xfe, 0xdd, 0xdd, 0xdd, 0xdd, 0x0, 0x3,
    0x10, 0x0, 0x8, 0xf5, 0x0, 0x0, 0x23, 0x0,
    0x0, 0x4f, 0xa0, 0x0, 0x8, 0xf5, 0x0, 0x0,
    0xcf, 0x10, 0x0, 0x4f, 0xa0, 0x0, 0x8, 0xf5,
    0x0, 0x0, 0xcf, 0x10, 0x0, 0x4f, 0xa0, 0x0,
    0x8, 0xf5, 0x0, 0x0, 0xcf, 0x10, 0x0, 0x4f,
    0xa0, 0x0, 0x8, 0xf5, 0x0, 0x0, 0xcf, 0x10,
    0x0, 0x4f, 0xa0, 0x0, 0x8, 0xf5, 0x0, 0x0,
    0xcf, 0x10, 0x0, 0x4f, 0xa0, 0x0, 0x8, 0xf5,
    0x0, 0x0, 0xcf, 0x10, 0x0, 0x4f, 0xff, 0xff,
    0xff, 0xff, 0xff, 0xff, 0xff, 0x10, 0x0, 0x3d,
    0xdd, 0xdd, 0xdd, 0xdd, 0xdd, 0xdd, 0xff, 0x10,

    /* U+5206 "分" */
    0x0, 0x0, 0x0, 0x13, 0x0, 0x5, 0xa0, 0x0,
    0x0, 0x0, 0x0, 0x0, 0x0, 0xaf, 0x60, 0xb,
    0xf4, 0x0, 0x0, 0x0, 0x0, 0x0, 0x2, 0xfe,
    0x0, 0x4, 0xfc, 0x0, 0x0, 0x0, 0x0, 0x0,
    0xc, 0xf7, 0x0, 0x0, 0xcf, 0x50, 0x0, 0x0,
    0x0, 0x0, 0x8f, 0xd0, 0x0, 0x0, 0x4f, 0xe1,
    0x0, 0x0, 0x0, 0x4, 0xff, 0x30, 0x0, 0x0,
    0x9, 0xfc, 0x0, 0x0, 0x0, 0x4f, 0xf7, 0x0,
    0x0, 0x0, 0x0, 0xdf, 0xb0, 0x0, 0x5, 0xff,
    0x80, 0x0, 0x0, 0x0, 0x0, 0x1d, 0xfd, 0x20,
    0x7f, 0xf9, 0x0, 0x0, 0x0, 0x0, 0x0, 0x1,
    0xdf, 0xf6, 0x7f, 0x6f, 0xff, 0xff, 0xff, 0xff,
    0xff, 0xff, 0xa, 0xf5, 0x3, 0xc, 0xdd, 0xff,
    0xdd, 0xdd, 0xdd, 0xff, 0x0, 0x40, 0x0, 0x0,
    0x0, 0xef, 0x0, 0x0, 0x0, 0xfe, 0x0, 0x0,
    0x0, 0x0, 0x0, 0xfd, 0x0, 0x0, 0x2, 0xfc,
    0x0, 0x0, 0x0, 0x0, 0x3, 0xfb, 0x0, 0x0,
    0x3, 0xfb, 0x0, 0x0, 0x0, 0x0, 0x8, 0xf8,
    0x0, 0x0, 0x4, 0xfa, 0x0, 0x0, 0x0, 0x0,
    0x1e, 0xf3, 0x0, 0x0, 0x6, 0xf9, 0x0, 0x0,
    0x0, 0x0, 0xbf, 0xb0, 0x0, 0x0, 0x7, 0xf7,
    0x0, 0x0, 0x0, 0x2c, 0xfe, 0x10, 0x0, 0x0,
    0xd, 0xf5, 0x0, 0x0, 0x8, 0xff, 0xd2, 0x0,
    0x7d, 0xdd, 0xff, 0xf1, 0x0, 0x0, 0x3f, 0xfa,
    0x10, 0x0, 0x5f, 0xff, 0xfc, 0x40, 0x0, 0x0,
    0x6, 0x50, 0x0, 0x0, 0x0, 0x0, 0x0, 0x0,
    0x0, 0x0,

    /* U+5207 "切" */
    0x0, 0x6, 0x50, 0x0, 0x0, 0x0, 0x0, 0x0,
    0x0, 0x0, 0x0, 0xf, 0xd0, 0x0, 0x0, 0x0,
    0x0, 0x0, 0x0, 0x0, 0x0, 0xf, 0xd0, 0x0,
    0xcf, 0xff, 0xff, 0xff, 0xff, 0xf3, 0x0, 0xf,
    0xd0, 0x0, 0xcf, 0xff, 0xff, 0xff, 0xff, 0xf2,
    0x0, 0xf, 0xd0, 0x0, 0x0, 0xe, 0xf0, 0x0,
    0xc, 0xf2, 0x0, 0xf, 0xd0, 0x0, 0x0, 0xe,
    0xf0, 0x0, 0xd, 0xf1, 0x2, 0x4f, 0xfb, 0xdf,
    0x70, 0xe, 0xf0, 0x0, 0xd, 0xf1, 0x6f, 0xff,
    0xff, 0xff, 0x70, 0xf, 0xe0, 0x0, 0xe, 0xf0,
    0x4c, 0xaf, 0xe4, 0x20, 0x0, 0xf, 0xd0, 0x0,
    0xe, 0xf0, 0x0, 0xf, 0xd0, 0x0, 0x0, 0x1f,
    0xc0, 0x0, 0xf, 0xf0, 0x0, 0xf, 0xd0, 0x0,
    0x0, 0x3f, 0xb0, 0x0, 0xf, 0xe0, 0x0, 0xf,
    0xd0, 0x0, 0x0, 0x5f, 0x90, 0x0, 0xf, 0xe0,
    0x0, 0xf, 0xd0, 0x0, 0x0, 0x7f, 0x70, 0x0,
    0x1f, 0xd0, 0x0, 0xf, 0xd0, 0x6, 0x50, 0xcf,
    0x30, 0x0, 0x1f, 0xd0, 0x0, 0xf, 0xd2, 0xcf,
    0xa1, 0xfe, 0x0, 0x0, 0x2f, 0xc0, 0x0, 0xf,
    0xff, 0xfd, 0x39, 0xf9, 0x0, 0x0, 0x2f, 0xb0,
    0x0, 0x4f, 0xff, 0x70, 0x4f, 0xf1, 0x0, 0x0,
    0x3f, 0xb0, 0x0, 0x5f, 0xc2, 0x2, 0xef, 0x70,
    0x0, 0x0, 0x9f, 0x90, 0x0, 0x5, 0x0, 0x2e,
    0xfb, 0x0, 0x8e, 0xef, 0xff, 0x40, 0x0, 0x0,
    0x0, 0x8f, 0xc0, 0x0, 0x6f, 0xff, 0xd7, 0x0,
    0x0, 0x0, 0x0, 0x5, 0x0, 0x0, 0x0, 0x0,
    0x0, 0x0,

    /* U+5212 "划" */
    0x0, 0x0, 0x0, 0x0, 0x0, 0x0, 0x0, 0x0,
    0x0, 0x0, 0x1, 0xfb, 0x3, 0x20, 0x0, 0x0,
    0x0, 0x0, 0xfd, 0x0, 0xf, 0xc0, 0xde, 0x10,
    0x0, 0x0, 0x0, 0xf, 0xd0, 0x0, 0xfd, 0x2,
    0xed, 0x10, 0xd, 0xf0, 0x0, 0xfd, 0x0, 0xf,
    0xd0, 0x3, 0xe3, 0x0, 0xdf, 0x0, 0xf, 0xd0,
    0x0, 0xee, 0x0, 0x4, 0x66, 0xd, 0xf0, 0x0,
    0xfd, 0x0, 0x3e, 0xfb, 0xdf, 0xff, 0xd0, 0xdf,
    0x0, 0xf, 0xd9, 0xff, 0xff, 0xff, 0xc9, 0x63,
    0xd, 0xf0, 0x0, 0xfd, 0x7c, 0xad, 0xf3, 0x0,
    0x20, 0x0, 0xdf, 0x0, 0xf, 0xd0, 0x0, 0xaf,
    0x20, 0xd, 0xb0, 0xd, 0xf0, 0x0, 0xfd, 0x0,
    0x8, 0xf4, 0x6, 0xf8, 0x0, 0xdf, 0x0, 0xf,
    0xd0, 0x0, 0x6f, 0x62, 0xfd, 0x0, 0xd, 0xf0,
    0x0, 0xfd, 0x0, 0x4, 0xf9, 0xdf, 0x40, 0x0,
    0xdf, 0x0, 0xf, 0xd0, 0x0, 0x1f, 0xff, 0x80,
    0x0, 0xd, 0xf0, 0x0, 0xfd, 0x0, 0x1, 0xff,
    0xa0, 0x1, 0x0, 0xdf, 0x0, 0xf, 0xd0, 0x3,
    0xdf, 0xf3, 0x0, 0x6e, 0x1d, 0xf0, 0x0, 0xfd,
    0x8, 0xff, 0xcf, 0x80, 0x9, 0xf0, 0x0, 0x0,
    0xf, 0xda, 0xff, 0x60, 0xde, 0x10, 0xcc, 0x0,
    0x0, 0x0, 0xfd, 0x2b, 0x20, 0x6, 0xfa, 0x3f,
    0x90, 0x1, 0x11, 0x5f, 0xd0, 0x0, 0x0, 0xd,
    0xff, 0xf3, 0x0, 0xff, 0xff, 0xfa, 0x0, 0x0,
    0x0, 0x1c, 0xf7, 0x0, 0xa, 0xdd, 0xca, 0x10,

    /* U+5217 "列" */
    0x0, 0x0, 0x0, 0x0, 0x0, 0x0, 0x0, 0x0,
    0x8, 0x70, 0xbb, 0xbb, 0xbb, 0xbb, 0xbb, 0x80,
    0x0, 0x0, 0xfd, 0xe, 0xee, 0xff, 0xfe, 0xee,
    0xeb, 0x4d, 0x60, 0xf, 0xd0, 0x0, 0xa, 0xf4,
    0x0, 0x0, 0x5, 0xf8, 0x0, 0xfd, 0x0, 0x0,
    0xef, 0x0, 0x0, 0x0, 0x5f, 0x80, 0xf, 0xd0,
    0x0, 0x4f, 0xb1, 0x11, 0x11, 0x5, 0xf8, 0x0,
    0xfd, 0x0, 0xa, 0xff, 0xff, 0xff, 0xb0, 0x5f,
    0x80, 0xf, 0xd0, 0x1, 0xff, 0xbb, 0xbc, 0xfb,
    0x5, 0xf8, 0x0, 0xfd, 0x0, 0x9f, 0x70, 0x0,
    0x7f, 0x70, 0x5f, 0x80, 0xf, 0xd0, 0x1f, 0xf3,
    0x0, 0xb, 0xf3, 0x5, 0xf8, 0x0, 0xfd, 0xa,
    0xff, 0xe3, 0x1, 0xfe, 0x0, 0x5f, 0x80, 0xf,
    0xd5, 0xfd, 0x8f, 0xf5, 0x8f, 0x80, 0x5, 0xf8,
    0x0, 0xfd, 0x6f, 0x30, 0x6f, 0xff, 0xf2, 0x0,
    0x5f, 0x80, 0xf, 0xd0, 0x50, 0x0, 0x4f, 0xfa,
    0x0, 0x5, 0xf8, 0x0, 0xfd, 0x0, 0x0, 0x5,
    0xff, 0x10, 0x0, 0x5f, 0x80, 0xf, 0xd0, 0x0,
    0x2, 0xff, 0x60, 0x0, 0x0, 0x0, 0x0, 0xfd,
    0x0, 0x2, 0xef, 0xa0, 0x0, 0x0, 0x0, 0x0,
    0xf, 0xd0, 0x3, 0xef, 0xb0, 0x0, 0x0, 0x0,
    0x0, 0x3, 0xfd, 0x5, 0xff, 0xb0, 0x0, 0x0,
    0x0, 0x2e, 0xee, 0xff, 0xa0, 0x9f, 0x90, 0x0,
    0x0, 0x0, 0x0, 0xff, 0xff, 0xc2, 0x0, 0x40,
    0x0, 0x0, 0x0, 0x0, 0x0, 0x0, 0x0, 0x0,

    /* U+5219 "则" */
    0x0, 0x0, 0x0, 0x0, 0x0, 0x0, 0x0, 0x0,
    0x6, 0x70, 0xa, 0xcc, 0xcc, 0xcc, 0xcc, 0x0,
    0x0, 0x0, 0xdf, 0x0, 0xdf, 0xff, 0xff, 0xff,
    0xf0, 0xb, 0xd0, 0xd, 0xf0, 0xd, 0xf0, 0x0,
    0x0, 0xdf, 0x0, 0xdf, 0x0, 0xdf, 0x0, 0xdf,
    0x0, 0xb9, 0xd, 0xf0, 0xd, 0xf0, 0xd, 0xf0,
    0xd, 0xf0, 0xf, 0xd0, 0xdf, 0x0, 0xdf, 0x0,
    0xdf, 0x0, 0xdf, 0x0, 0xfd, 0xd, 0xf0, 0xd,
    0xf0, 0xd, 0xf0, 0xd, 0xf0, 0xf, 0xd0, 0xdf,
    0x0, 0xdf, 0x0, 0xdf, 0x0, 0xdf, 0x0, 0xfd,
    0xd, 0xf0, 0xd, 0xf0, 0xd, 0xf0, 0xd, 0xf0,
    0xf, 0xd0, 0xdf, 0x0, 0xdf, 0x0, 0xdf, 0x0,
    0xdf, 0x0, 0xfd, 0xd, 0xf0, 0xd, 0xf0, 0xd,
    0xf0, 0xd, 0xf0, 0x1f, 0xc0, 0xdf, 0x0, 0xdf,
    0x0, 0xdf, 0x0, 0xdf, 0x3, 0xfb, 0xd, 0xf0,
    0xd, 0xf0, 0xd, 0xf0, 0xd, 0xf0, 0x6f, 0xa0,
    0xdf, 0x0, 0xdf, 0x0, 0xdf, 0x0, 0x9b, 0xc,
    0xff, 0x68, 0xa0, 0xd, 0xf0, 0xd, 0xf0, 0x0,
    0x5, 0xfd, 0xef, 0x50, 0x0, 0x0, 0x0, 0xdf,
    0x0, 0x3, 0xff, 0x33, 0xff, 0x50, 0x0, 0x0,
    0xd, 0xf0, 0x4, 0xff, 0x60, 0x4, 0xff, 0x40,
    0x0, 0x0, 0xff, 0x8, 0xff, 0x70, 0x0, 0x5,
    0xf9, 0x6, 0xdd, 0xff, 0xc0, 0xbe, 0x40, 0x0,
    0x0, 0x5, 0x0, 0x4f, 0xff, 0xc3, 0x1, 0x10,
    0x0, 0x0, 0x0, 0x0, 0x0, 0x0, 0x0, 0x0,

    /* U+5220 "删" */
    0x0, 0x0, 0x0, 0x0, 0x0, 0x0, 0x0, 0x0,
    0x0, 0x84, 0x0, 0x8c, 0xcc, 0xb0, 0x7c, 0xcc,
    0xc1, 0x0, 0x0, 0xf8, 0x0, 0xaf, 0xce, 0xe0,
    0xaf, 0xce, 0xf2, 0x1c, 0x40, 0xf8, 0x0, 0xac,
    0x9, 0xe0, 0xad, 0x6, 0xf2, 0x2f, 0x50, 0xf8,
    0x0, 0xac, 0x9, 0xe0, 0xad, 0x6, 0xf2, 0x2f,
    0x50, 0xf8, 0x0, 0xac, 0x9, 0xe0, 0xad, 0x6,
    0xf2, 0x2f, 0x50, 0xf8, 0x0, 0xac, 0x9, 0xe0,
    0xad, 0x6, 0xf2, 0x2f, 0x50, 0xf8, 0x0, 0xac,
    0x9, 0xe0, 0xad, 0x6, 0xf2, 0x2f, 0x50, 0xf8,
    0x6, 0xcd, 0x6b, 0xf6, 0xce, 0x6a, 0xf7, 0x3f,
    0x50, 0xf8, 0xf, 0xff, 0xff, 0xff, 0xff, 0xff,
    0xff, 0x5f, 0x50, 0xf8, 0x4, 0xcd, 0x4b, 0xe4,
    0xbe, 0x49, 0xf5, 0x2f, 0x50, 0xf8, 0x0, 0xac,
    0x9, 0xe0, 0xad, 0x6, 0xf2, 0x2f, 0x50, 0xf8,
    0x0, 0xbc, 0x9, 0xe0, 0xbc, 0x6, 0xf2, 0x2f,
    0x50, 0xf8, 0x0, 0xbb, 0x9, 0xe0, 0xbc, 0x6,
    0xf2, 0x2f, 0x50, 0xf8, 0x0, 0xda, 0x9, 0xe0,
    0xda, 0x6, 0xf2, 0x2f, 0x50, 0xf8, 0x0, 0xe8,
    0x9, 0xe0, 0xe8, 0x6, 0xf2, 0x0, 0x0, 0xf8,
    0x2, 0xf5, 0x9, 0xe1, 0xf6, 0x6, 0xf2, 0x0,
    0x0, 0xf8, 0x6, 0xf1, 0xa, 0xe5, 0xf2, 0x7,
    0xf1, 0x0, 0x1, 0xf7, 0xc, 0xc5, 0xaf, 0xdb,
    0xd4, 0xbf, 0xf0, 0x3a, 0xad, 0xf5, 0x1e, 0x55,
    0xff, 0x6d, 0x83, 0xfe, 0x80, 0x3f, 0xfe, 0xa0,
    0x1, 0x0, 0x0, 0x0, 0x10, 0x0, 0x0, 0x0,
    0x0, 0x0,

    /* U+5230 "到" */
    0x0, 0x0, 0x0, 0x0, 0x0, 0x0, 0x0, 0x0,
    0x8, 0xa0, 0x22, 0x22, 0x22, 0x22, 0x22, 0x20,
    0x0, 0x0, 0xdf, 0xf, 0xff, 0xff, 0xff, 0xff,
    0xff, 0x1, 0x10, 0xd, 0xf0, 0xdd, 0xde, 0xfe,
    0xdd, 0xdd, 0xd0, 0xdf, 0x0, 0xdf, 0x0, 0x0,
    0xdf, 0x20, 0x0, 0x0, 0xd, 0xf0, 0xd, 0xf0,
    0x0, 0x9f, 0x70, 0x1d, 0x90, 0x0, 0xdf, 0x0,
    0xdf, 0x0, 0x5f, 0xb0, 0x0, 0xbf, 0x40, 0xd,
    0xf0, 0xd, 0xf0, 0x3f, 0xf4, 0x45, 0x68, 0xfe,
    0x10, 0xdf, 0x0, 0xdf, 0x9, 0xff, 0xff, 0xff,
    0xff, 0xfa, 0xd, 0xf0, 0xd, 0xf0, 0x37, 0x65,
    0x9f, 0x82, 0x1a, 0xe1, 0xdf, 0x0, 0xdf, 0x0,
    0x0, 0x6, 0xf6, 0x0, 0x11, 0xd, 0xf0, 0xd,
    0xf0, 0x0, 0x0, 0x6f, 0x60, 0x0, 0x0, 0xdf,
    0x0, 0xdf, 0x9, 0xee, 0xef, 0xff, 0xee, 0xe8,
    0xd, 0xf0, 0xd, 0xf0, 0x9f, 0xff, 0xff, 0xff,
    0xff, 0x90, 0xdf, 0x0, 0xdf, 0x0, 0x0, 0x6,
    0xf6, 0x0, 0x0, 0xd, 0xf0, 0xd, 0xf0, 0x0,
    0x0, 0x6f, 0x60, 0x0, 0x0, 0xdf, 0x0, 0xdf,
    0x0, 0x0, 0x6, 0xf6, 0x0, 0x12, 0x0, 0x0,
    0xd, 0xf1, 0x67, 0x9a, 0xdf, 0xef, 0xff, 0xf0,
    0x0, 0x1, 0xff, 0x1f, 0xff, 0xed, 0xba, 0x87,
    0x54, 0x8, 0xdd, 0xff, 0xd0, 0x32, 0x0, 0x0,
    0x0, 0x0, 0x0, 0x6f, 0xff, 0xd3,

    /* U+5236 "制" */
    0x0, 0x0, 0x0, 0x20, 0x0, 0x0, 0x0, 0x0,
    0x0, 0x0, 0x1, 0x0, 0x7f, 0x40, 0x0, 0x0,
    0x0, 0x0, 0xfd, 0x0, 0xfb, 0x7, 0xf4, 0x0,
    0x0, 0x0, 0x0, 0xf, 0xd0, 0x3f, 0x90, 0x7f,
    0x40, 0x0, 0x0, 0x22, 0x0, 0xfd, 0x7, 0xf9,
    0x49, 0xf7, 0x44, 0x42, 0xd, 0xf0, 0xf, 0xd0,
    0xcf, 0xff, 0xff, 0xff, 0xff, 0x90, 0xdf, 0x0,
    0xfd, 0x2f, 0xc6, 0x6b, 0xf9, 0x66, 0x63, 0xd,
    0xf0, 0xf, 0xd7, 0xf5, 0x0, 0x7f, 0x40, 0x0,
    0x0, 0xdf, 0x0, 0xfd, 0x4, 0x11, 0x18, 0xf4,
    0x11, 0x11, 0xd, 0xf0, 0xf, 0xdc, 0xff, 0xff,
    0xff, 0xff, 0xff, 0xf0, 0xdf, 0x0, 0xfd, 0x7a,
    0xaa, 0xad, 0xfb, 0xaa, 0xaa, 0xd, 0xf0, 0xf,
    0xd0, 0x0, 0x0, 0x7f, 0x40, 0x0, 0x0, 0xdf,
    0x0, 0xfd, 0x1, 0x22, 0x28, 0xf5, 0x22, 0x21,
    0xd, 0xf0, 0xf, 0xd0, 0xaf, 0xff, 0xff, 0xff,
    0xff, 0x70, 0xdf, 0x0, 0xfd, 0xa, 0xf9, 0x9c,
    0xfa, 0x9a, 0xf7, 0xd, 0xf0, 0xf, 0xd0, 0xaf,
    0x0, 0x7f, 0x40, 0x4f, 0x70, 0xdf, 0x0, 0xfd,
    0xa, 0xf0, 0x7, 0xf4, 0x4, 0xf7, 0xd, 0xf0,
    0xf, 0xd0, 0xaf, 0x0, 0x7f, 0x40, 0x4f, 0x70,
    0x0, 0x0, 0xfd, 0xa, 0xf0, 0x7, 0xf5, 0xad,
    0xf6, 0x0, 0x0, 0x3f, 0xd0, 0xaf, 0x0, 0x7f,
    0x4f, 0xfc, 0x10, 0xcd, 0xdf, 0xfb, 0x2, 0x30,
    0x7, 0xf4, 0x0, 0x0, 0xb, 0xff, 0xfc, 0x20,

    /* U+5237 "刷" */
    0x0, 0x0, 0x0, 0x0, 0x0, 0x0, 0x0, 0x0,
    0xa, 0xc0, 0xf, 0xff, 0xff, 0xff, 0xff, 0xf0,
    0x0, 0x0, 0xdf, 0x0, 0xff, 0xaa, 0xaa, 0xaa,
    0xff, 0x0, 0xf9, 0xd, 0xf0, 0xf, 0xd0, 0x0,
    0x0, 0xd, 0xf0, 0xf, 0x90, 0xdf, 0x0, 0xfd,
    0x0, 0x0, 0x0, 0xdf, 0x0, 0xf9, 0xd, 0xf0,
    0xf, 0xfd, 0xdd, 0xdd, 0xdf, 0xf0, 0xf, 0x90,
    0xdf, 0x0, 0xff, 0xaa, 0xaa, 0xaa, 0xaa, 0x0,
    0xf9, 0xd, 0xf0, 0xf, 0xd0, 0x0, 0x6b, 0x0,
    0x0, 0xf, 0x90, 0xdf, 0x0, 0xfd, 0x0, 0x9,
    0xf0, 0x0, 0x0, 0xf9, 0xd, 0xf0, 0xf, 0xc6,
    0x99, 0xdf, 0x99, 0x90, 0xf, 0x90, 0xdf, 0x1,
    0xfc, 0xaf, 0xff, 0xff, 0xff, 0x0, 0xf9, 0xd,
    0xf0, 0x1f, 0xba, 0xc0, 0x9f, 0xa, 0xf0, 0xf,
    0x90, 0xdf, 0x3, 0xfa, 0xac, 0x9, 0xf0, 0xaf,
    0x0, 0xf9, 0xd, 0xf0, 0x4f, 0x8a, 0xc0, 0x9f,
    0xa, 0xf0, 0xf, 0x90, 0xdf, 0x6, 0xf5, 0xac,
    0x9, 0xf0, 0xaf, 0x0, 0xf9, 0xd, 0xf0, 0xaf,
    0x2a, 0xc0, 0x9f, 0xa, 0xf0, 0x1, 0x0, 0xdf,
    0xd, 0xe0, 0xac, 0x9, 0xf0, 0xbe, 0x0, 0x0,
    0xd, 0xf2, 0xfa, 0xa, 0xc0, 0x9f, 0xaf, 0xc0,
    0x0, 0x0, 0xef, 0x8f, 0x50, 0x67, 0x9, 0xf4,
    0x72, 0x1, 0xdd, 0xef, 0xd3, 0xb0, 0x0, 0x0,
    0x9f, 0x0, 0x0, 0xe, 0xff, 0xd4,

    /* U+524D "前" */
    0x0, 0x0, 0x37, 0x0, 0x0, 0x0, 0x6, 0x61,
    0x0, 0x0, 0x0, 0x0, 0xaf, 0xa0, 0x0, 0x0,
    0x3f, 0xf2, 0x0, 0x0, 0x0, 0x0, 0x1e, 0xf5,
    0x0, 0x0, 0xdf, 0x60, 0x0, 0x0, 0xff, 0xff,
    0xff, 0xff, 0xff, 0xff, 0xff, 0xff, 0xff, 0xf6,
    0xdd, 0xdd, 0xdd, 0xdd, 0xdd, 0xdd, 0xdd, 0xdd,
    0xdd, 0xd5, 0x0, 0x0, 0x0, 0x0, 0x0, 0x0,
    0x0, 0x0, 0x21, 0x0, 0x3, 0x77, 0x77, 0x77,
    0x73, 0x0, 0x0, 0x1, 0xfb, 0x0, 0x7, 0xff,
    0xff, 0xff, 0xf8, 0x4, 0xf6, 0x1, 0xfb, 0x0,
    0x7, 0xf8, 0x55, 0x58, 0xf8, 0x4, 0xf6, 0x1,
    0xfb, 0x0, 0x7, 0xf4, 0x0, 0x3, 0xf8, 0x4,
    0xf6, 0x1, 0xfb, 0x0, 0x7, 0xfb, 0x99, 0x9b,
    0xf8, 0x4, 0xf6, 0x1, 0xfb, 0x0, 0x7, 0xff,
    0xff, 0xff, 0xf8, 0x4, 0xf6, 0x1, 0xfb, 0x0,
    0x7, 0xf5, 0x0, 0x4, 0xf8, 0x4, 0xf6, 0x1,
    0xfb, 0x0, 0x7, 0xf4, 0x0, 0x3, 0xf8, 0x4,
    0xf6, 0x1, 0xfb, 0x0, 0x7, 0xfe, 0xee, 0xee,
    0xf8, 0x4, 0xf6, 0x1, 0xfb, 0x0, 0x7, 0xfd,
    0xbb, 0xbc, 0xf8, 0x4, 0xf6, 0x1, 0xfb, 0x0,
    0x7, 0xf4, 0x0, 0x3, 0xf8, 0x1, 0x73, 0x1,
    0xfb, 0x0, 0x7, 0xf4, 0x0, 0x4, 0xf8, 0x0,
    0x0, 0x3, 0xfa, 0x0, 0x7, 0xf4, 0xb, 0xce,
    0xf6, 0x0, 0xcd, 0xdf, 0xf8, 0x0, 0x7, 0xf4,
    0xe, 0xff, 0xc1, 0x0, 0xcf, 0xff, 0xc1, 0x0,
    0x1, 0x20, 0x0, 0x10, 0x0, 0x0, 0x0, 0x0,
    0x0, 0x0,

    /* U+5256 "剖" */
    0x0, 0x0, 0x3, 0x40, 0x0, 0x0, 0x0, 0x0,
    0x0, 0x0, 0x0, 0x0, 0xfe, 0x0, 0x0, 0x0,
    0x0, 0x0, 0xfd, 0x0, 0x0, 0xa, 0xf4, 0x0,
    0x0, 0x2, 0x10, 0xf, 0xd2, 0xdd, 0xdd, 0xef,
    0xed, 0xdd, 0x40, 0xfd, 0x0, 0xfd, 0x2e, 0xef,
    0xee, 0xee, 0xff, 0xe4, 0xf, 0xd0, 0xf, 0xd0,
    0x2, 0xf8, 0x0, 0x1f, 0x90, 0x0, 0xfd, 0x0,
    0xfd, 0x0, 0xf, 0xa0, 0x3, 0xf6, 0x0, 0xf,
    0xd0, 0xf, 0xd0, 0x0, 0xec, 0x0, 0x6f, 0x40,
    0x0, 0xfd, 0x0, 0xfd, 0x45, 0x5e, 0xf5, 0x5b,
    0xf6, 0x55, 0xf, 0xd0, 0xf, 0xdb, 0xff, 0xff,
    0xff, 0xff, 0xff, 0xf0, 0xfd, 0x0, 0xfd, 0x46,
    0x66, 0x66, 0x66, 0x66, 0x66, 0xf, 0xd0, 0xf,
    0xd0, 0x0, 0x0, 0x0, 0x0, 0x0, 0x0, 0xfd,
    0x0, 0xfd, 0x2, 0xaa, 0xaa, 0xaa, 0xaa, 0x40,
    0xf, 0xd0, 0xf, 0xd0, 0x3f, 0xff, 0xff, 0xff,
    0xf7, 0x0, 0xfd, 0x0, 0xfd, 0x3, 0xf9, 0x11,
    0x11, 0x5f, 0x70, 0xf, 0xd0, 0xf, 0xd0, 0x3f,
    0x90, 0x0, 0x4, 0xf7, 0x0, 0xfd, 0x0, 0xfd,
    0x3, 0xf9, 0x0, 0x0, 0x4f, 0x70, 0x0, 0x0,
    0xf, 0xd0, 0x3f, 0xed, 0xdd, 0xde, 0xf7, 0x0,
    0x0, 0x2, 0xfd, 0x3, 0xff, 0xff, 0xff, 0xff,
    0x70, 0xd, 0xdd, 0xff, 0xb0, 0x3f, 0x90, 0x0,
    0x0, 0x0, 0x0, 0xdf, 0xff, 0xc2, 0x0, 0x21,
    0x0, 0x0, 0x0, 0x0, 0x0, 0x0, 0x0, 0x0,

    /* U+5269 "剩" */
    0x0, 0x0, 0x0, 0x1, 0x34, 0x77, 0x0, 0x0,
    0x7, 0xd0, 0x3c, 0xde, 0xff, 0xff, 0xff, 0xe0,
    0x0, 0x0, 0x9f, 0x3, 0xcb, 0xa9, 0xfc, 0x54,
    0x20, 0x0, 0xcc, 0x9, 0xf0, 0x0, 0x0, 0xf,
    0x90, 0x0, 0x0, 0xc, 0xc0, 0x9f, 0x2a, 0xaa,
    0xaa, 0xfd, 0xaa, 0xaa, 0xa0, 0xcc, 0x9, 0xf4,
    0xff, 0xff, 0xff, 0xff, 0xff, 0xff, 0xc, 0xc0,
    0x9f, 0x0, 0x3, 0x20, 0xf9, 0x4, 0x20, 0x0,
    0xcc, 0x9, 0xf0, 0x0, 0xc9, 0xf, 0x90, 0xf6,
    0x25, 0xc, 0xc0, 0x9f, 0x3f, 0xff, 0x90, 0xf9,
    0xf, 0xcf, 0xd0, 0xcc, 0x9, 0xf1, 0x66, 0xe9,
    0xf, 0x90, 0xfe, 0x70, 0xc, 0xc0, 0x9f, 0x0,
    0x1d, 0x90, 0xf9, 0xf, 0x60, 0xd2, 0xcc, 0x9,
    0xf3, 0xbf, 0xf9, 0xf, 0x90, 0xf8, 0x2f, 0x2c,
    0xc0, 0x9f, 0x4d, 0x7d, 0x99, 0xfb, 0xd, 0xff,
    0xe0, 0xcc, 0x9, 0xf0, 0x0, 0x28, 0xff, 0xfc,
    0x34, 0x41, 0xc, 0xc0, 0x9f, 0x0, 0x5, 0xfb,
    0xfe, 0xff, 0x60, 0x0, 0xbb, 0x9, 0xf0, 0x8,
    0xfc, 0x1f, 0x93, 0xdf, 0xa1, 0x0, 0x0, 0x9f,
    0x2d, 0xfc, 0x10, 0xf9, 0x0, 0x9f, 0x80, 0x0,
    0xa, 0xf2, 0xf8, 0x0, 0xf, 0x90, 0x0, 0x40,
    0x1d, 0xde, 0xfe, 0x2, 0x0, 0x0, 0xf9, 0x0,
    0x0, 0x0, 0xef, 0xfe, 0x50,

    /* U+5272 "割" */
    0x0, 0x0, 0x2c, 0x80, 0x0, 0x0, 0x0, 0x0,
    0xa, 0x80, 0x0, 0x0, 0xfd, 0x0, 0x0, 0x0,
    0x0, 0x0, 0xfd, 0x58, 0x88, 0x8e, 0xf9, 0x88,
    0x85, 0x0, 0x0, 0xf, 0xda, 0xfd, 0xdd, 0xdd,
    0xdd, 0xdf, 0x90, 0xf9, 0x0, 0xfd, 0xaf, 0x0,
    0x6, 0x70, 0x0, 0xf9, 0xf, 0x90, 0xf, 0xd2,
    0x41, 0x11, 0xcd, 0x11, 0x14, 0x20, 0xf9, 0x0,
    0xfd, 0x4f, 0xff, 0xff, 0xff, 0xff, 0xf5, 0xf,
    0x90, 0xf, 0xd1, 0x55, 0x55, 0xde, 0x55, 0x55,
    0x10, 0xf9, 0x0, 0xfd, 0x5, 0x66, 0x6d, 0xe6,
    0x66, 0x50, 0xf, 0x90, 0xf, 0xd0, 0xef, 0xff,
    0xff, 0xff, 0xff, 0x0, 0xf9, 0x0, 0xfd, 0x1,
    0x11, 0x1c, 0xd1, 0x11, 0x10, 0xf, 0x90, 0xf,
    0xd8, 0x88, 0x88, 0xee, 0x88, 0x88, 0x80, 0xf9,
    0x0, 0xfd, 0xee, 0xee, 0xef, 0xfe, 0xee, 0xee,
    0x1f, 0x90, 0xf, 0xd0, 0x0, 0x0, 0xcd, 0x0,
    0x0, 0x0, 0xf9, 0x0, 0xfd, 0x6, 0xbb, 0xbe,
    0xfb, 0xbb, 0x70, 0xf, 0x90, 0xf, 0xd0, 0x9f,
    0xdd, 0xdd, 0xdd, 0xfb, 0x0, 0xf9, 0x0, 0xfd,
    0x9, 0xf2, 0x0, 0x0, 0xf, 0xb0, 0x0, 0x0,
    0xf, 0xd0, 0x9f, 0x32, 0x22, 0x22, 0xfb, 0x0,
    0x0, 0x3, 0xfc, 0x9, 0xff, 0xff, 0xff, 0xff,
    0xb0, 0x2d, 0xdd, 0xff, 0xa0, 0x9f, 0x65, 0x55,
    0x55, 0x53, 0x0, 0xff, 0xff, 0xb1,

    /* U+529F "功" */
    0x0, 0x0, 0x0, 0x0, 0x0, 0x4, 0x71, 0x0,
    0x0, 0x0, 0x0, 0x0, 0x0, 0x0, 0x0, 0xb,
    0xf2, 0x0, 0x0, 0x0, 0x0, 0x11, 0x11, 0x11,
    0x0, 0xb, 0xf2, 0x0, 0x0, 0x0, 0xb, 0xff,
    0xff, 0xff, 0xa0, 0xb, 0xf2, 0x0, 0x0, 0x0,
    0x9, 0xcc, 0xff, 0xcc, 0x80, 0xc, 0xf1, 0x0,
    0x0, 0x0, 0x0, 0x0, 0xef, 0x0, 0x3f, 0xff,
    0xff, 0xff, 0xff, 0xf3, 0x0, 0x0, 0xef, 0x0,
    0x2e, 0xef, 0xfe, 0xee, 0xef, 0xf3, 0x0, 0x0,
    0xef, 0x0, 0x0, 0xd, 0xf0, 0x0, 0xb, 0xf2,
    0x0, 0x0, 0xef, 0x0, 0x0, 0xe, 0xf0, 0x0,
    0xc, 0xf2, 0x0, 0x0, 0xef, 0x0, 0x0, 0xf,
    0xe0, 0x0, 0xc, 0xf1, 0x0, 0x0, 0xef, 0x0,
    0x0, 0xf, 0xd0, 0x0, 0xd, 0xf0, 0x0, 0x0,
    0xef, 0x0, 0x0, 0x2f, 0xc0, 0x0, 0xd, 0xf0,
    0x0, 0x0, 0xef, 0x0, 0x0, 0x4f, 0x90, 0x0,
    0xe, 0xf0, 0x0, 0x0, 0xef, 0x1, 0x40, 0x8f,
    0x60, 0x0, 0xe, 0xf0, 0x0, 0x2, 0xef, 0xdf,
    0xd0, 0xdf, 0x20, 0x0, 0xf, 0xe0, 0xb, 0xef,
    0xff, 0xfd, 0x95, 0xfd, 0x0, 0x0, 0xf, 0xe0,
    0xd, 0xfc, 0x84, 0x10, 0x1e, 0xf5, 0x0, 0x0,
    0x1f, 0xd0, 0x2, 0x0, 0x0, 0x0, 0xbf, 0xc0,
    0x0, 0x0, 0x7f, 0xb0, 0x0, 0x0, 0x0, 0xa,
    0xfe, 0x10, 0x9d, 0xde, 0xff, 0x70, 0x0, 0x0,
    0x0, 0x4f, 0xf3, 0x0, 0x7f, 0xff, 0xe9, 0x0,
    0x0, 0x0, 0x0, 0x5, 0x40, 0x0, 0x0, 0x0,
    0x0, 0x0,

    /* U+52A0 "加" */
    0x0, 0x8, 0xb0, 0x0, 0x0, 0x0, 0x0, 0x0,
    0x0, 0x0, 0x0, 0xdf, 0x0, 0x0, 0x0, 0x0,
    0x0, 0x0, 0x0, 0x0, 0xd, 0xf0, 0x0, 0x0,
    0x2, 0x22, 0x22, 0x22, 0x20, 0x0, 0xdf, 0x0,
    0x0, 0x0, 0xdf, 0xff, 0xff, 0xfd, 0x1e, 0xef,
    0xfe, 0xee, 0xee, 0xd, 0xfb, 0xbb, 0xbf, 0xd2,
    0xff, 0xff, 0xff, 0xff, 0xf0, 0xdf, 0x0, 0x0,
    0xfd, 0x0, 0xe, 0xe0, 0x0, 0xef, 0xd, 0xf0,
    0x0, 0xf, 0xd0, 0x0, 0xed, 0x0, 0xe, 0xf0,
    0xdf, 0x0, 0x0, 0xfd, 0x0, 0xf, 0xc0, 0x0,
    0xef, 0xd, 0xf0, 0x0, 0xf, 0xd0, 0x0, 0xfb,
    0x0, 0xf, 0xe0, 0xdf, 0x0, 0x0, 0xfd, 0x0,
    0x1f, 0xa0, 0x0, 0xfe, 0xd, 0xf0, 0x0, 0xf,
    0xd0, 0x3, 0xf9, 0x0, 0xf, 0xd0, 0xdf, 0x0,
    0x0, 0xfd, 0x0, 0x5f, 0x70, 0x0, 0xfd, 0xd,
    0xf0, 0x0, 0xf, 0xd0, 0x8, 0xf4, 0x0, 0xf,
    0xd0, 0xdf, 0x0, 0x0, 0xfd, 0x0, 0xcf, 0x10,
    0x0, 0xfc, 0xd, 0xf0, 0x0, 0xf, 0xd0, 0x1f,
    0xd0, 0x0, 0x1f, 0xc0, 0xdf, 0x0, 0x0, 0xfd,
    0x6, 0xf8, 0x0, 0x2, 0xfb, 0xd, 0xfd, 0xdd,
    0xdf, 0xd0, 0xdf, 0x20, 0x0, 0x6f, 0xa0, 0xdf,
    0xff, 0xff, 0xfd, 0x5f, 0xc0, 0xcf, 0xff, 0xf7,
    0xd, 0xf0, 0x0, 0xf, 0xd5, 0xf4, 0xa, 0xff,
    0xea, 0x0, 0xdf, 0x0, 0x0, 0xfd, 0x5, 0x0,
    0x0, 0x0, 0x0, 0x2, 0x30, 0x0, 0x3, 0x20,

    /* U+52A8 "动" */
    0x0, 0x0, 0x0, 0x0, 0x0, 0x6, 0xa1, 0x0,
    0x0, 0x0, 0x0, 0x0, 0x0, 0x0, 0x0, 0xbf,
    0x20, 0x0, 0x0, 0x1f, 0xff, 0xff, 0xff, 0xa0,
    0xb, 0xf2, 0x0, 0x0, 0x1, 0xdd, 0xdd, 0xdd,
    0xd8, 0x0, 0xbf, 0x20, 0x0, 0x0, 0x0, 0x0,
    0x0, 0x0, 0x7, 0x7d, 0xf8, 0x77, 0x77, 0x10,
    0x0, 0x0, 0x0, 0x0, 0xff, 0xff, 0xff, 0xff,
    0xf3, 0x0, 0x0, 0x0, 0x0, 0x2, 0x2d, 0xf3,
    0x22, 0xbf, 0x2d, 0xdd, 0xdd, 0xdd, 0xdd, 0x30,
    0xdf, 0x0, 0xa, 0xf2, 0xff, 0xff, 0xff, 0xff,
    0xf4, 0xd, 0xf0, 0x0, 0xbf, 0x10, 0x0, 0xef,
    0x0, 0x0, 0x0, 0xee, 0x0, 0xc, 0xf1, 0x0,
    0x3f, 0xa0, 0x0, 0x0, 0xf, 0xd0, 0x0, 0xcf,
    0x0, 0x9, 0xf5, 0x5e, 0x20, 0x0, 0xfc, 0x0,
    0xd, 0xf0, 0x0, 0xef, 0x3, 0xf7, 0x0, 0x2f,
    0xa0, 0x0, 0xdf, 0x0, 0x5f, 0x90, 0xd, 0xc0,
    0x5, 0xf8, 0x0, 0xe, 0xf0, 0xc, 0xf3, 0x0,
    0x7f, 0x10, 0x8f, 0x50, 0x0, 0xee, 0x4, 0xfc,
    0x0, 0x26, 0xf6, 0xd, 0xf1, 0x0, 0xf, 0xe0,
    0xbf, 0xef, 0xff, 0xff, 0xb3, 0xfb, 0x0, 0x0,
    0xfd, 0x9, 0xff, 0xec, 0xa8, 0xad, 0xaf, 0x40,
    0x0, 0x5f, 0xc0, 0x11, 0x0, 0x0, 0x1, 0x5f,
    0xc0, 0xbd, 0xef, 0xf9, 0x0, 0x0, 0x0, 0x0,
    0xd, 0xf2, 0xa, 0xff, 0xfb, 0x10, 0x0, 0x0,
    0x0, 0x0, 0x36, 0x0, 0x0, 0x0, 0x0, 0x0,

    /* U+52FF "勿" */
    0x0, 0x0, 0x2, 0xd7, 0x0, 0x0, 0x0, 0x0,
    0x0, 0x0, 0x0, 0x0, 0x8, 0xf8, 0x0, 0x0,
    0x0, 0x0, 0x0, 0x0, 0x0, 0x0, 0x1f, 0xf1,
    0x0, 0x0, 0x0, 0x0, 0x0, 0x0, 0x0, 0x0,
    0x8f, 0xfe, 0xee, 0xee, 0xee, 0xee, 0xee, 0xe6,
    0x0, 0x2, 0xff, 0xff, 0xff, 0xff, 0xff, 0xff,
    0xff, 0xf6, 0x0, 0xb, 0xf7, 0x0, 0x9f, 0x50,
    0xe, 0xf0, 0x9, 0xf5, 0x0, 0x6f, 0xd0, 0x0,
    0xef, 0x0, 0x1f, 0xc0, 0xa, 0xf4, 0x3, 0xff,
    0x30, 0x3, 0xfb, 0x0, 0x4f, 0x80, 0xb, 0xf3,
    0xe, 0xf8, 0x0, 0xa, 0xf5, 0x0, 0x8f, 0x50,
    0xc, 0xf2, 0x5, 0xa0, 0x0, 0x2f, 0xe0, 0x0,
    0xdf, 0x10, 0xd, 0xf1, 0x0, 0x0, 0x0, 0xbf,
    0x70, 0x3, 0xfc, 0x0, 0xe, 0xf0, 0x0, 0x0,
    0x5, 0xfd, 0x0, 0xa, 0xf6, 0x0, 0xf, 0xf0,
    0x0, 0x0, 0x2f, 0xf4, 0x0, 0x2f, 0xe0, 0x0,
    0xf, 0xe0, 0x0, 0x2, 0xef, 0x80, 0x0, 0xbf,
    0x80, 0x0, 0x1f, 0xd0, 0x0, 0x3e, 0xfa, 0x0,
    0x7, 0xfe, 0x0, 0x0, 0x2f, 0xc0, 0x6, 0xff,
    0xa0, 0x0, 0x3f, 0xf4, 0x0, 0x0, 0x3f, 0xb0,
    0x3, 0xf9, 0x0, 0x3, 0xff, 0x90, 0x0, 0x0,
    0x5f, 0xa0, 0x0, 0x10, 0x0, 0x4f, 0xfb, 0x0,
    0x0, 0x0, 0xbf, 0x80, 0x0, 0x0, 0x7, 0xff,
    0xb0, 0x5, 0xee, 0xef, 0xff, 0x40, 0x0, 0x0,
    0xc, 0xfa, 0x0, 0x2, 0xff, 0xff, 0xd7, 0x0,
    0x0, 0x0, 0x0, 0x50, 0x0, 0x0, 0x0, 0x0,
    0x0, 0x0,

    /* U+5316 "化" */
    0x0, 0x0, 0x0, 0x41, 0x0, 0x5, 0x50, 0x0,
    0x0, 0x0, 0x0, 0x0, 0x0, 0x1f, 0xe0, 0x0,
    0xff, 0x0, 0x0, 0x0, 0x0, 0x0, 0x0, 0x7,
    0xf9, 0x0, 0xf, 0xf0, 0x0, 0x0, 0x0, 0x0,
    0x0, 0x0, 0xdf, 0x30, 0x0, 0xff, 0x0, 0x0,
    0x5, 0x0, 0x0, 0x0, 0x5f, 0xc0, 0x0, 0xf,
    0xf0, 0x0, 0x9, 0xf6, 0x0, 0x0, 0xc, 0xf4,
    0x0, 0x0, 0xff, 0x0, 0x6, 0xff, 0x30, 0x0,
    0x5, 0xff, 0x0, 0x0, 0xf, 0xf0, 0x5, 0xff,
    0x40, 0x0, 0x0, 0xdf, 0xf0, 0x0, 0x0, 0xff,
    0x6, 0xff, 0x50, 0x0, 0x0, 0x7f, 0xff, 0x0,
    0x0, 0xf, 0xf6, 0xff, 0x60, 0x0, 0x0, 0x3f,
    0xff, 0xf0, 0x0, 0x0, 0xff, 0xff, 0x50, 0x0,
    0x0, 0xd, 0xf6, 0xef, 0x0, 0x0, 0x2f, 0xff,
    0x30, 0x0, 0x0, 0x0, 0xda, 0xe, 0xf0, 0x0,
    0x7f, 0xff, 0x20, 0x0, 0x0, 0x0, 0x6, 0x10,
    0xef, 0x3, 0xcf, 0xff, 0xf0, 0x0, 0x0, 0x0,
    0x0, 0x0, 0xe, 0xf1, 0xff, 0xe6, 0xff, 0x0,
    0x0, 0x8, 0x80, 0x0, 0x0, 0xef, 0x8, 0xa1,
    0xf, 0xf0, 0x0, 0x0, 0xcf, 0x0, 0x0, 0xe,
    0xf0, 0x0, 0x0, 0xff, 0x0, 0x0, 0xd, 0xf0,
    0x0, 0x0, 0xef, 0x0, 0x0, 0xf, 0xf0, 0x0,
    0x0, 0xef, 0x0, 0x0, 0xe, 0xf0, 0x0, 0x0,
    0xff, 0x20, 0x0, 0x1f, 0xe0, 0x0, 0x0, 0xef,
    0x0, 0x0, 0xc, 0xff, 0xee, 0xef, 0xfa, 0x0,
    0x0, 0xe, 0xf0, 0x0, 0x0, 0x3d, 0xff, 0xff,
    0xfb, 0x20,

    /* U+5317 "北" */
    0x0, 0x0, 0x0, 0xdd, 0x0, 0xc, 0xd0, 0x0,
    0x0, 0x0, 0x0, 0x0, 0x0, 0xff, 0x0, 0xe,
    0xf0, 0x0, 0x0, 0x0, 0x0, 0x0, 0x0, 0xff,
    0x0, 0xe, 0xf0, 0x0, 0x0, 0x0, 0x0, 0x0,
    0x0, 0xff, 0x0, 0xe, 0xf0, 0x0, 0x0, 0x0,
    0x0, 0x0, 0x0, 0xff, 0x0, 0xe, 0xf0, 0x0,
    0x4, 0xd2, 0x0, 0x0, 0x0, 0xff, 0x0, 0xe,
    0xf0, 0x0, 0x8f, 0xfa, 0x4f, 0xff, 0xff, 0xff,
    0x0, 0xe, 0xf0, 0x4d, 0xff, 0x90, 0x4f, 0xff,
    0xff, 0xff, 0x0, 0xe, 0xfb, 0xff, 0xd3, 0x0,
    0x0, 0x0, 0x0, 0xff, 0x0, 0xe, 0xff, 0xf7,
    0x0, 0x0, 0x0, 0x0, 0x0, 0xff, 0x0, 0xe,
    0xfa, 0x10, 0x0, 0x0, 0x0, 0x0, 0x0, 0xff,
    0x0, 0xe, 0xf0, 0x0, 0x0, 0x0, 0x0, 0x0,
    0x0, 0xff, 0x0, 0xe, 0xf0, 0x0, 0x0, 0x0,
    0x0, 0x0, 0x0, 0xff, 0x0, 0xe, 0xf0, 0x0,
    0x0, 0x0, 0x0, 0x0, 0x0, 0xff, 0x0, 0xe,
    0xf0, 0x0, 0x0, 0xd9, 0x0, 0x0, 0x18, 0xff,
    0x0, 0xe, 0xf0, 0x0, 0x0, 0xff, 0x0, 0x2a,
    0xff, 0xff, 0x0, 0xe, 0xf0, 0x0, 0x0, 0xfe,
    0x3b, 0xff, 0xfb, 0xff, 0x0, 0xe, 0xf0, 0x0,
    0x0, 0xfe, 0x9f, 0xf9, 0x20, 0xff, 0x0, 0xe,
    0xf3, 0x0, 0x5, 0xfc, 0x38, 0x10, 0x0, 0xff,
    0x0, 0xb, 0xff, 0xff, 0xff, 0xf9, 0x0, 0x0,
    0x0, 0xff, 0x0, 0x2, 0xbe, 0xee, 0xed, 0xa1,

    /* U+533A "区" */
    0xee, 0xee, 0xee, 0xee, 0xee, 0xee, 0xee, 0xee,
    0xe2, 0xff, 0xff, 0xff, 0xff, 0xff, 0xff, 0xff,
    0xff, 0xf2, 0xff, 0x0, 0x0, 0x0, 0x0, 0x0,
    0x2, 0x0, 0x0, 0xff, 0x0, 0xb6, 0x0, 0x0,
    0x0, 0x1e, 0xb0, 0x0, 0xff, 0x4, 0xff, 0x60,
    0x0, 0x0, 0xbf, 0xb0, 0x0, 0xff, 0x0, 0x6f,
    0xf5, 0x0, 0x8, 0xfe, 0x10, 0x0, 0xff, 0x0,
    0x7, 0xff, 0x50, 0x5f, 0xf4, 0x0, 0x0, 0xff,
    0x0, 0x0, 0x7f, 0xf7, 0xff, 0x60, 0x0, 0x0,
    0xff, 0x0, 0x0, 0x8, 0xff, 0xf9, 0x0, 0x0,
    0x0, 0xff, 0x0, 0x0, 0x1, 0xff, 0xf4, 0x0,
    0x0, 0x0, 0xff, 0x0, 0x0, 0x1d, 0xff, 0xff,
    0x30, 0x0, 0x0, 0xff, 0x0, 0x1, 0xdf, 0xd1,
    0xbf, 0xe3, 0x0, 0x0, 0xff, 0x0, 0x2d, 0xfd,
    0x10, 0xc, 0xfe, 0x20, 0x0, 0xff, 0x4, 0xef,
    0xd1, 0x0, 0x0, 0xcf, 0xe1, 0x0, 0xff, 0xe,
    0xfc, 0x10, 0x0, 0x0, 0x1d, 0xfc, 0x0, 0xff,
    0x4, 0xa0, 0x0, 0x0, 0x0, 0x2, 0xe3, 0x0,
    0xff, 0x0, 0x0, 0x0, 0x0, 0x0, 0x0, 0x0,
    0x0, 0xff, 0xff, 0xff, 0xff, 0xff, 0xff, 0xff,
    0xff, 0xf8, 0xdd, 0xdd, 0xdd, 0xdd, 0xdd, 0xdd,
    0xdd, 0xdd, 0xd7,

    /* U+5341 "十" */
    0x0, 0x0, 0x0, 0x0, 0x1, 0x10, 0x0, 0x0,
    0x0, 0x0, 0x0, 0x0, 0x0, 0x0, 0x7f, 0xa0,
    0x0, 0x0, 0x0, 0x0, 0x0, 0x0, 0x0, 0x0,
    0x7f, 0xa0, 0x0, 0x0, 0x0, 0x0, 0x0, 0x0,
    0x0, 0x0, 0x7f, 0xa0, 0x0, 0x0, 0x0, 0x0,
    0x0, 0x0, 0x0, 0x0, 0x7f, 0xa0, 0x0, 0x0,
    0x0, 0x0, 0x0, 0x0, 0x0, 0x0, 0x7f, 0xa0,
    0x0, 0x0, 0x0, 0x0, 0x0, 0x0, 0x0, 0x0,
    0x7f, 0xa0, 0x0, 0x0, 0x0, 0x0, 0x0, 0x0,
    0x0, 0x0, 0x7f, 0xa0, 0x0, 0x0, 0x0, 0x0,
    0x0, 0x0, 0x0, 0x0, 0x7f, 0xa0, 0x0, 0x0,
    0x0, 0x0, 0xff, 0xff, 0xff, 0xff, 0xff, 0xff,
    0xff, 0xff, 0xff, 0xf3, 0xff, 0xff, 0xff, 0xff,
    0xff, 0xff, 0xff, 0xff, 0xff, 0xf3, 0x0, 0x0,
    0x0, 0x0, 0x7f, 0xa0, 0x0, 0x0, 0x0, 0x0,
    0x0, 0x0, 0x0, 0x0, 0x7f, 0xa0, 0x0, 0x0,
    0x0, 0x0, 0x0, 0x0, 0x0, 0x0, 0x7f, 0xa0,
    0x0, 0x0, 0x0, 0x0, 0x0, 0x0, 0x0, 0x0,
    0x7f, 0xa0, 0x0, 0x0, 0x0, 0x0, 0x0, 0x0,
    0x0, 0x0, 0x7f, 0xa0, 0x0, 0x0, 0x0, 0x0,
    0x0, 0x0, 0x0, 0x0, 0x7f, 0xa0, 0x0, 0x0,
    0x0, 0x0, 0x0, 0x0, 0x0, 0x0, 0x7f, 0xa0,
    0x0, 0x0, 0x0, 0x0, 0x0, 0x0, 0x0, 0x0,
    0x7f, 0xa0, 0x0, 0x0, 0x0, 0x0, 0x0, 0x0,
    0x0, 0x0, 0x7f, 0xa0, 0x0, 0x0, 0x0, 0x0,
    0x0, 0x0, 0x0, 0x0, 0x7f, 0xa0, 0x0, 0x0,
    0x0, 0x0,

    /* U+5347 "升" */
    0x0, 0x0, 0x0, 0x0, 0x0, 0x35, 0x3, 0xfc,
    0x0, 0x0, 0x0, 0x0, 0x2, 0x59, 0xcf, 0xfe,
    0x3, 0xfd, 0x0, 0x0, 0x5, 0xad, 0xff, 0xff,
    0xff, 0xc8, 0x3, 0xfd, 0x0, 0x0, 0x8, 0xff,
    0xfe, 0xfc, 0x30, 0x0, 0x3, 0xfd, 0x0, 0x0,
    0x2, 0x53, 0x5, 0xfa, 0x0, 0x0, 0x3, 0xfd,
    0x0, 0x0, 0x0, 0x0, 0x5, 0xfa, 0x0, 0x0,
    0x3, 0xfd, 0x0, 0x0, 0x0, 0x0, 0x5, 0xfa,
    0x0, 0x0, 0x3, 0xfd, 0x0, 0x0, 0x0, 0x0,
    0x5, 0xfa, 0x0, 0x0, 0x3, 0xfd, 0x0, 0x0,
    0x0, 0x0, 0x5, 0xfa, 0x0, 0x0, 0x3, 0xfd,
    0x0, 0x0, 0x1f, 0xff, 0xff, 0xff, 0xff, 0xff,
    0xff, 0xff, 0xff, 0xff, 0xe, 0xee, 0xef, 0xff,
    0xee, 0xee, 0xef, 0xff, 0xee, 0xee, 0x0, 0x0,
    0x6, 0xf9, 0x0, 0x0, 0x3, 0xfd, 0x0, 0x0,
    0x0, 0x0, 0x7, 0xf7, 0x0, 0x0, 0x3, 0xfd,
    0x0, 0x0, 0x0, 0x0, 0xa, 0xf5, 0x0, 0x0,
    0x3, 0xfd, 0x0, 0x0, 0x0, 0x0, 0xe, 0xf1,
    0x0, 0x0, 0x3, 0xfd, 0x0, 0x0, 0x0, 0x0,
    0x6f, 0xc0, 0x0, 0x0, 0x3, 0xfd, 0x0, 0x0,
    0x0, 0x3, 0xff, 0x40, 0x0, 0x0, 0x3, 0xfd,
    0x0, 0x0, 0x0, 0x4f, 0xf8, 0x0, 0x0, 0x0,
    0x3, 0xfd, 0x0, 0x0, 0x7, 0xff, 0x90, 0x0,
    0x0, 0x0, 0x3, 0xfd, 0x0, 0x0, 0x3, 0xe7,
    0x0, 0x0, 0x0, 0x0, 0x3, 0xfd, 0x0, 0x0,
    0x0, 0x0, 0x0, 0x0, 0x0, 0x0, 0x0, 0x0,
    0x0, 0x0,

    /* U+534A "半" */
    0x0, 0x0, 0x0, 0x0, 0x1, 0x20, 0x0, 0x0,
    0x0, 0x0, 0x0, 0x0, 0x0, 0x0, 0xb, 0xf5,
    0x0, 0x0, 0x0, 0x0, 0x0, 0x3d, 0x10, 0x0,
    0xb, 0xf5, 0x0, 0x0, 0x79, 0x0, 0x0, 0x9f,
    0xc0, 0x0, 0xb, 0xf5, 0x0, 0x4, 0xff, 0x20,
    0x0, 0xc, 0xfa, 0x0, 0xb, 0xf5, 0x0, 0x1e,
    0xf6, 0x0, 0x0, 0x1, 0xef, 0x80, 0xb, 0xf5,
    0x0, 0xdf, 0x90, 0x0, 0x0, 0x0, 0x3f, 0xf5,
    0xb, 0xf5, 0xb, 0xfb, 0x0, 0x0, 0x0, 0x0,
    0x5, 0xd2, 0xb, 0xf5, 0x7, 0xd0, 0x0, 0x0,
    0x0, 0x0, 0x0, 0x0, 0xb, 0xf5, 0x0, 0x0,
    0x0, 0x0, 0x6, 0xdd, 0xdd, 0xdd, 0xdf, 0xfe,
    0xdd, 0xdd, 0xdd, 0xd1, 0x7, 0xff, 0xff, 0xff,
    0xff, 0xff, 0xff, 0xff, 0xff, 0xf1, 0x0, 0x0,
    0x0, 0x0, 0xb, 0xf5, 0x0, 0x0, 0x0, 0x0,
    0x0, 0x0, 0x0, 0x0, 0xb, 0xf5, 0x0, 0x0,
    0x0, 0x0, 0x0, 0x0, 0x0, 0x0, 0xb, 0xf5,
    0x0, 0x0, 0x0, 0x0, 0x5d, 0xdd, 0xdd, 0xdd,
    0xdf, 0xfe, 0xdd, 0xdd, 0xdd, 0xdd, 0x6f, 0xff,
    0xff, 0xff, 0xff, 0xff, 0xff, 0xff, 0xff, 0xff,
    0x0, 0x0, 0x0, 0x0, 0xb, 0xf5, 0x0, 0x0,
    0x0, 0x0, 0x0, 0x0, 0x0, 0x0, 0xb, 0xf5,
    0x0, 0x0, 0x0, 0x0, 0x0, 0x0, 0x0, 0x0,
    0xb, 0xf5, 0x0, 0x0, 0x0, 0x0, 0x0, 0x0,
    0x0, 0x0, 0xb, 0xf5, 0x0, 0x0, 0x0, 0x0,
    0x0, 0x0, 0x0, 0x0, 0xb, 0xf5, 0x0, 0x0,
    0x0, 0x0,

    /* U+5355 "单" */
    0x0, 0x0, 0x5b, 0x0, 0x0, 0x0, 0x9, 0x80,
    0x0, 0x0, 0x0, 0x0, 0x8f, 0xb0, 0x0, 0x0,
    0x6f, 0xc0, 0x0, 0x0, 0x0, 0x0, 0xb, 0xf8,
    0x0, 0x4, 0xfe, 0x10, 0x0, 0x0, 0x0, 0xaa,
    0xab, 0xfb, 0xaa, 0xae, 0xfd, 0xaa, 0xa2, 0x0,
    0x0, 0xff, 0xff, 0xff, 0xff, 0xff, 0xff, 0xff,
    0xf3, 0x0, 0x0, 0xfd, 0x0, 0x0, 0x5f, 0x90,
    0x0, 0x9, 0xf3, 0x0, 0x0, 0xfd, 0x0, 0x0,
    0x5f, 0x90, 0x0, 0x9, 0xf3, 0x0, 0x0, 0xff,
    0x99, 0x99, 0xbf, 0xd9, 0x99, 0x9d, 0xf3, 0x0,
    0x0, 0xff, 0xff, 0xff, 0xff, 0xff, 0xff, 0xff,
    0xf3, 0x0, 0x0, 0xfd, 0x0, 0x0, 0x5f, 0x90,
    0x0, 0x9, 0xf3, 0x0, 0x0, 0xfd, 0x0, 0x0,
    0x5f, 0x90, 0x0, 0x9, 0xf3, 0x0, 0x0, 0xff,
    0xdd, 0xdd, 0xef, 0xed, 0xdd, 0xdf, 0xf3, 0x0,
    0x0, 0xff, 0xff, 0xff, 0xff, 0xff, 0xff, 0xff,
    0xf3, 0x0, 0x0, 0x0, 0x0, 0x0, 0x5f, 0x90,
    0x0, 0x0, 0x0, 0x0, 0x0, 0x0, 0x0, 0x0,
    0x5f, 0x90, 0x0, 0x0, 0x0, 0x0, 0xdd, 0xdd,
    0xdd, 0xdd, 0xef, 0xed, 0xdd, 0xdd, 0xdd, 0xd2,
    0xff, 0xff, 0xff, 0xff, 0xff, 0xff, 0xff, 0xff,
    0xff, 0xf3, 0x0, 0x0, 0x0, 0x0, 0x5f, 0x90,
    0x0, 0x0, 0x0, 0x0, 0x0, 0x0, 0x0, 0x0,
    0x5f, 0x90, 0x0, 0x0, 0x0, 0x0, 0x0, 0x0,
    0x0, 0x0, 0x5f, 0x90, 0x0, 0x0, 0x0, 0x0,

    /* U+5357 "南" */
    0x0, 0x0, 0x0, 0x0, 0x2f, 0xc0, 0x0, 0x0,
    0x0, 0x0, 0x0, 0x0, 0x0, 0x0, 0x2f, 0xd0,
    0x0, 0x0, 0x0, 0x0, 0xdd, 0xdd, 0xdd, 0xdd,
    0xdf, 0xfd, 0xdd, 0xdd, 0xdd, 0xd3, 0xff, 0xff,
    0xff, 0xff, 0xff, 0xff, 0xff, 0xff, 0xff, 0xf4,
    0x0, 0x0, 0x0, 0x0, 0x2f, 0xd0, 0x0, 0x0,
    0x0, 0x0, 0x0, 0x0, 0x0, 0x0, 0x2f, 0xd0,
    0x0, 0x0, 0x0, 0x0, 0x9, 0xdd, 0xdd, 0xdd,
    0xdf, 0xfd, 0xdd, 0xdd, 0xdd, 0x40, 0xb, 0xff,
    0xff, 0xff, 0xff, 0xff, 0xff, 0xff, 0xff, 0x50,
    0xb, 0xf2, 0x0, 0x83, 0x0, 0x0, 0x94, 0x0,
    0x8f, 0x50, 0xb, 0xf2, 0x1, 0xee, 0x20, 0x8,
    0xf8, 0x0, 0x8f, 0x50, 0xb, 0xf2, 0x0, 0x3f,
    0x90, 0x3f, 0xc0, 0x0, 0x8f, 0x50, 0xb, 0xf2,
    0x9f, 0xff, 0xff, 0xff, 0xff, 0xf1, 0x8f, 0x50,
    0xb, 0xf2, 0x48, 0x88, 0x8f, 0xe8, 0x88, 0x80,
    0x8f, 0x50, 0xb, 0xf2, 0x0, 0x0, 0x1f, 0xc0,
    0x0, 0x0, 0x8f, 0x50, 0xb, 0xf2, 0x77, 0x77,
    0x8f, 0xe7, 0x77, 0x74, 0x8f, 0x50, 0xb, 0xf3,
    0xff, 0xff, 0xff, 0xff, 0xff, 0xf9, 0x8f, 0x50,
    0xb, 0xf2, 0x0, 0x0, 0x1f, 0xc0, 0x0, 0x0,
    0x8f, 0x50, 0xb, 0xf2, 0x0, 0x0, 0x1f, 0xc0,
    0x0, 0x0, 0xaf, 0x50, 0xb, 0xf2, 0x0, 0x0,
    0x1f, 0xc0, 0x3d, 0xdd, 0xff, 0x30, 0xb, 0xf2,
    0x0, 0x0, 0x1f, 0xc0, 0x1f, 0xff, 0xf9, 0x0,
    0x0, 0x0, 0x0, 0x0, 0x0, 0x0, 0x0, 0x0,
    0x0, 0x0,

    /* U+5361 "卡" */
    0x0, 0x0, 0x0, 0x0, 0x21, 0x0, 0x0, 0x0,
    0x0, 0x0, 0x0, 0x0, 0x0, 0x4, 0xfc, 0x0,
    0x0, 0x0, 0x0, 0x0, 0x0, 0x0, 0x0, 0x4,
    0xfc, 0x0, 0x0, 0x0, 0x0, 0x0, 0x0, 0x0,
    0x0, 0x4, 0xfc, 0x0, 0x0, 0x0, 0x0, 0x0,
    0x0, 0x0, 0x0, 0x4, 0xff, 0xdd, 0xdd, 0xdd,
    0xd7, 0x0, 0x0, 0x0, 0x0, 0x4, 0xff, 0xff,
    0xff, 0xff, 0xf9, 0x0, 0x0, 0x0, 0x0, 0x4,
    0xfc, 0x0, 0x0, 0x0, 0x0, 0x0, 0x0, 0x0,
    0x0, 0x4, 0xfc, 0x0, 0x0, 0x0, 0x0, 0x0,
    0x0, 0x0, 0x0, 0x4, 0xfc, 0x0, 0x0, 0x0,
    0x0, 0x0, 0xee, 0xee, 0xee, 0xee, 0xff, 0xee,
    0xee, 0xee, 0xee, 0xe5, 0xff, 0xff, 0xff, 0xff,
    0xff, 0xff, 0xff, 0xff, 0xff, 0xf6, 0x0, 0x0,
    0x0, 0x4, 0xfc, 0x0, 0x0, 0x0, 0x0, 0x0,
    0x0, 0x0, 0x0, 0x4, 0xfc, 0x15, 0x0, 0x0,
    0x0, 0x0, 0x0, 0x0, 0x0, 0x4, 0xfc, 0x9f,
    0xc3, 0x0, 0x0, 0x0, 0x0, 0x0, 0x0, 0x4,
    0xfc, 0x2b, 0xff, 0xa1, 0x0, 0x0, 0x0, 0x0,
    0x0, 0x4, 0xfc, 0x0, 0x5d, 0xff, 0x80, 0x0,
    0x0, 0x0, 0x0, 0x4, 0xfc, 0x0, 0x0, 0x8f,
    0xfe, 0x0, 0x0, 0x0, 0x0, 0x4, 0xfc, 0x0,
    0x0, 0x2, 0xb9, 0x0, 0x0, 0x0, 0x0, 0x4,
    0xfc, 0x0, 0x0, 0x0, 0x0, 0x0, 0x0, 0x0,
    0x0, 0x4, 0xfc, 0x0, 0x0, 0x0, 0x0, 0x0,
    0x0, 0x0, 0x0, 0x4, 0xfc, 0x0, 0x0, 0x0,
    0x0, 0x0,

    /* U+536B "卫" */
    0x6, 0xff, 0xff, 0xff, 0xff, 0xff, 0xff, 0xff,
    0xf7, 0x0, 0x6, 0xff, 0xff, 0xff, 0xff, 0xff,
    0xff, 0xff, 0xf7, 0x0, 0x0, 0x0, 0x0, 0x2f,
    0xd0, 0x0, 0x0, 0x8, 0xf7, 0x0, 0x0, 0x0,
    0x0, 0x2f, 0xd0, 0x0, 0x0, 0x8, 0xf6, 0x0,
    0x0, 0x0, 0x0, 0x2f, 0xd0, 0x0, 0x0, 0x8,
    0xf5, 0x0, 0x0, 0x0, 0x0, 0x2f, 0xd0, 0x0,
    0x0, 0x9, 0xf5, 0x0, 0x0, 0x0, 0x0, 0x2f,
    0xd0, 0x0, 0x0, 0xa, 0xf4, 0x0, 0x0, 0x0,
    0x0, 0x2f, 0xd0, 0x0, 0x0, 0xc, 0xf4, 0x0,
    0x0, 0x0, 0x0, 0x2f, 0xd0, 0x0, 0x0, 0x5f,
    0xf3, 0x0, 0x0, 0x0, 0x0, 0x2f, 0xd0, 0x9f,
    0xff, 0xff, 0xe0, 0x0, 0x0, 0x0, 0x0, 0x2f,
    0xd0, 0x6f, 0xff, 0xfc, 0x30, 0x0, 0x0, 0x0,
    0x0, 0x2f, 0xd0, 0x0, 0x0, 0x0, 0x0, 0x0,
    0x0, 0x0, 0x0, 0x2f, 0xd0, 0x0, 0x0, 0x0,
    0x0, 0x0, 0x0, 0x0, 0x0, 0x2f, 0xd0, 0x0,
    0x0, 0x0, 0x0, 0x0, 0x0, 0x0, 0x0, 0x2f,
    0xd0, 0x0, 0x0, 0x0, 0x0, 0x0, 0xff, 0xff,
    0xff, 0xff, 0xff, 0xff, 0xff, 0xff, 0xff, 0xf3,
    0xff, 0xff, 0xff, 0xff, 0xff, 0xff, 0xff, 0xff,
    0xff, 0xf3,

    /* U+5373 "即" */
    0x4, 0x55, 0x55, 0x55, 0x50, 0x0, 0x0, 0x0,
    0x0, 0x0, 0xdf, 0xff, 0xff, 0xff, 0x0, 0xdf,
    0xff, 0xff, 0xfd, 0xd, 0xf5, 0x55, 0x5e, 0xf0,
    0xd, 0xfe, 0xee, 0xef, 0xd0, 0xdf, 0x0, 0x0,
    0xdf, 0x0, 0xdf, 0x0, 0x0, 0xfd, 0xd, 0xf0,
    0x0, 0xd, 0xf0, 0xd, 0xf0, 0x0, 0xf, 0xd0,
    0xdf, 0xff, 0xff, 0xff, 0x0, 0xdf, 0x0, 0x0,
    0xfd, 0xd, 0xfa, 0xaa, 0xaf, 0xf0, 0xd, 0xf0,
    0x0, 0xf, 0xd0, 0xdf, 0x0, 0x0, 0xdf, 0x0,
    0xdf, 0x0, 0x0, 0xfd, 0xd, 0xf0, 0x0, 0xd,
    0xf0, 0xd, 0xf0, 0x0, 0xf, 0xd0, 0xdf, 0xff,
    0xff, 0xff, 0x0, 0xdf, 0x0, 0x0, 0xfd, 0xd,
    0xfd, 0xdd, 0xdd, 0xd0, 0xd, 0xf0, 0x0, 0xf,
    0xd0, 0xdf, 0x0, 0x5, 0x0, 0x0, 0xdf, 0x0,
    0x0, 0xfd, 0xd, 0xf0, 0x6, 0xf7, 0x0, 0xd,
    0xf0, 0x0, 0xf, 0xd0, 0xdf, 0x0, 0xd, 0xf2,
    0x0, 0xdf, 0x0, 0x2, 0xfd, 0xd, 0xf0, 0x19,
    0xff, 0xb0, 0xd, 0xf3, 0xee, 0xff, 0xa0, 0xdf,
    0x9f, 0xfd, 0xdf, 0x40, 0xdf, 0x1f, 0xff, 0xc2,
    0x4f, 0xff, 0xb4, 0x3, 0xfd, 0xd, 0xf0, 0x0,
    0x0, 0x1, 0xe9, 0x20, 0x0, 0x6, 0x20, 0xdf,
    0x0, 0x0, 0x0, 0x0, 0x0, 0x0, 0x0, 0x0,
    0xd, 0xf0, 0x0, 0x0, 0x0,

    /* U+5382 "厂" */
    0x0, 0x1, 0x11, 0x11, 0x11, 0x11, 0x11, 0x11,
    0x11, 0x10, 0x0, 0x2f, 0xff, 0xff, 0xff, 0xff,
    0xff, 0xff, 0xff, 0xfb, 0x0, 0x2f, 0xff, 0xff,
    0xff, 0xff, 0xff, 0xff, 0xff, 0xfb, 0x0, 0x2f,
    0xf0, 0x0, 0x0, 0x0, 0x0, 0x0, 0x0, 0x0,
    0x0, 0x2f, 0xf0, 0x0, 0x0, 0x0, 0x0, 0x0,
    0x0, 0x0, 0x0, 0x2f, 0xf0, 0x0, 0x0, 0x0,
    0x0, 0x0, 0x0, 0x0, 0x0, 0x2f, 0xf0, 0x0,
    0x0, 0x0, 0x0, 0x0, 0x0, 0x0, 0x0, 0x2f,
    0xf0, 0x0, 0x0, 0x0, 0x0, 0x0, 0x0, 0x0,
    0x0, 0x2f, 0xf0, 0x0, 0x0, 0x0, 0x0, 0x0,
    0x0, 0x0, 0x0, 0x3f, 0xf0, 0x0, 0x0, 0x0,
    0x0, 0x0, 0x0, 0x0, 0x0, 0x3f, 0xe0, 0x0,
    0x0, 0x0, 0x0, 0x0, 0x0, 0x0, 0x0, 0x4f,
    0xd0, 0x0, 0x0, 0x0, 0x0, 0x0, 0x0, 0x0,
    0x0, 0x6f, 0xb0, 0x0, 0x0, 0x0, 0x0, 0x0,
    0x0, 0x0, 0x0, 0x9f, 0x80, 0x0, 0x0, 0x0,
    0x0, 0x0, 0x0, 0x0, 0x0, 0xcf, 0x60, 0x0,
    0x0, 0x0, 0x0, 0x0, 0x0, 0x0, 0x1, 0xff,
    0x10, 0x0, 0x0, 0x0, 0x0, 0x0, 0x0, 0x0,
    0x8, 0xfc, 0x0, 0x0, 0x0, 0x0, 0x0, 0x0,
    0x0, 0x0, 0x1f, 0xf6, 0x0, 0x0, 0x0, 0x0,
    0x0, 0x0, 0x0, 0x0, 0x5f, 0xe0, 0x0, 0x0,
    0x0, 0x0, 0x0, 0x0, 0x0, 0x0, 0x4, 0x50,
    0x0, 0x0, 0x0, 0x0, 0x0, 0x0, 0x0, 0x0,

    /* U+5386 "历" */
    0x0, 0xe, 0xff, 0xff, 0xff, 0xff, 0xff, 0xff,
    0xff, 0xff, 0x50, 0x0, 0xef, 0xee, 0xee, 0xee,
    0xee, 0xee, 0xee, 0xee, 0xe4, 0x0, 0xe, 0xf0,
    0x0, 0x0, 0x34, 0x0, 0x0, 0x0, 0x0, 0x0,
    0x0, 0xef, 0x0, 0x0, 0xc, 0xf1, 0x0, 0x0,
    0x0, 0x0, 0x0, 0xe, 0xf0, 0x0, 0x0, 0xcf,
    0x0, 0x0, 0x0, 0x0, 0x0, 0x0, 0xef, 0x0,
    0x0, 0xd, 0xf0, 0x0, 0x0, 0x0, 0x0, 0x0,
    0xe, 0xf0, 0xcf, 0xff, 0xff, 0xff, 0xff, 0xff,
    0xf2, 0x0, 0x0, 0xef, 0xa, 0xdd, 0xdf, 0xfd,
    0xdd, 0xdd, 0xff, 0x10, 0x0, 0xf, 0xf0, 0x0,
    0x0, 0xfe, 0x0, 0x0, 0xd, 0xf0, 0x0, 0x0,
    0xff, 0x0, 0x0, 0x1f, 0xc0, 0x0, 0x0, 0xef,
    0x0, 0x0, 0xf, 0xe0, 0x0, 0x4, 0xfa, 0x0,
    0x0, 0xf, 0xf0, 0x0, 0x1, 0xfd, 0x0, 0x0,
    0x8f, 0x60, 0x0, 0x0, 0xfe, 0x0, 0x0, 0x4f,
    0xb0, 0x0, 0xe, 0xf2, 0x0, 0x0, 0x1f, 0xd0,
    0x0, 0x7, 0xf8, 0x0, 0x7, 0xfc, 0x0, 0x0,
    0x2, 0xfc, 0x0, 0x0, 0xcf, 0x40, 0x3, 0xff,
    0x40, 0x0, 0x0, 0x3f, 0xb0, 0x0, 0x3f, 0xe0,
    0x3, 0xff, 0x90, 0x0, 0x0, 0x8, 0xf9, 0x0,
    0xc, 0xf8, 0x6, 0xff, 0xb0, 0x3, 0xee, 0xef,
    0xff, 0x50, 0x0, 0xbf, 0x10, 0xaf, 0xb0, 0x0,
    0x1f, 0xff, 0xfd, 0x80, 0x0, 0x0, 0x40, 0x0,
    0x50, 0x0, 0x0, 0x0, 0x0, 0x0, 0x0, 0x0,

    /* U+538B "压" */
    0x0, 0xe, 0xff, 0xff, 0xff, 0xff, 0xff, 0xff,
    0xff, 0xff, 0x0, 0x0, 0xef, 0xdd, 0xdd, 0xdd,
    0xdd, 0xdd, 0xdd, 0xdd, 0xd0, 0x0, 0xe, 0xf0,
    0x0, 0x0, 0xa, 0xe3, 0x0, 0x0, 0x0, 0x0,
    0x0, 0xef, 0x0, 0x0, 0x0, 0xbf, 0x30, 0x0,
    0x0, 0x0, 0x0, 0xe, 0xf0, 0x0, 0x0, 0xb,
    0xf3, 0x0, 0x0, 0x0, 0x0, 0x0, 0xef, 0x0,
    0x0, 0x0, 0xbf, 0x30, 0x0, 0x0, 0x0, 0x0,
    0xe, 0xf0, 0x0, 0x0, 0xb, 0xf3, 0x0, 0x0,
    0x0, 0x0, 0x0, 0xef, 0xf, 0xff, 0xff, 0xff,
    0xff, 0xff, 0xff, 0x40, 0x0, 0xf, 0xf0, 0xdd,
    0xdd, 0xdf, 0xfe, 0xdd, 0xdd, 0xd3, 0x0, 0x0,
    0xfe, 0x0, 0x0, 0x0, 0xbf, 0x30, 0x0, 0x0,
    0x0, 0x0, 0xf, 0xe0, 0x0, 0x0, 0xb, 0xf3,
    0xa, 0x70, 0x0, 0x0, 0x2, 0xfc, 0x0, 0x0,
    0x0, 0xbf, 0x31, 0xdf, 0x80, 0x0, 0x0, 0x4f,
    0xa0, 0x0, 0x0, 0xb, 0xf3, 0x1, 0xdf, 0x80,
    0x0, 0x7, 0xf8, 0x0, 0x0, 0x0, 0xbf, 0x30,
    0x1, 0xee, 0x10, 0x0, 0xcf, 0x30, 0x0, 0x0,
    0xb, 0xf3, 0x0, 0x2, 0x10, 0x0, 0x3f, 0xe0,
    0xee, 0xee, 0xee, 0xff, 0xee, 0xee, 0xee, 0xe2,
    0xb, 0xf8, 0xf, 0xff, 0xff, 0xff, 0xff, 0xff,
    0xff, 0xff, 0x20, 0x7e, 0x10, 0x0, 0x0, 0x0,
    0x0, 0x0, 0x0, 0x0, 0x0, 0x0, 0x10, 0x0,
    0x0, 0x0, 0x0, 0x0, 0x0, 0x0, 0x0, 0x0,

    /* U+539F "原" */
    0x0, 0xb, 0xdd, 0xdd, 0xdd, 0xdd, 0xdd, 0xdd,
    0xdd, 0xdd, 0x50, 0x0, 0xdf, 0xff, 0xff, 0xff,
    0xff, 0xff, 0xff, 0xff, 0xf6, 0x0, 0xd, 0xf0,
    0x0, 0x0, 0xc, 0xf1, 0x0, 0x0, 0x0, 0x0,
    0x0, 0xdf, 0x0, 0x0, 0x2, 0xfb, 0x0, 0x0,
    0x0, 0x0, 0x0, 0xd, 0xf0, 0xf, 0xff, 0xff,
    0xff, 0xff, 0xff, 0xf0, 0x0, 0x0, 0xdf, 0x0,
    0xfe, 0x88, 0x88, 0x88, 0x88, 0xef, 0x0, 0x0,
    0xd, 0xf0, 0xf, 0xd0, 0x0, 0x0, 0x0, 0xd,
    0xf0, 0x0, 0x0, 0xdf, 0x0, 0xfe, 0x66, 0x66,
    0x66, 0x66, 0xef, 0x0, 0x0, 0xd, 0xf0, 0xf,
    0xff, 0xff, 0xff, 0xff, 0xff, 0xf0, 0x0, 0x0,
    0xef, 0x0, 0xfd, 0x0, 0x0, 0x0, 0x0, 0xdf,
    0x0, 0x0, 0xe, 0xe0, 0xf, 0xd0, 0x0, 0x0,
    0x0, 0xd, 0xf0, 0x0, 0x0, 0xfe, 0x0, 0xff,
    0xff, 0xff, 0xff, 0xff, 0xff, 0x0, 0x0, 0x1f,
    0xc0, 0x9, 0x99, 0x99, 0xff, 0x99, 0x99, 0x90,
    0x0, 0x4, 0xfa, 0x0, 0x6, 0x20, 0xe, 0xf0,
    0x19, 0x10, 0x0, 0x0, 0x8f, 0x70, 0x7, 0xfc,
    0x0, 0xef, 0x6, 0xfd, 0x20, 0x0, 0xd, 0xf3,
    0x8, 0xfe, 0x10, 0xe, 0xf0, 0x7, 0xfe, 0x20,
    0x3, 0xfe, 0xa, 0xfe, 0x20, 0x0, 0xff, 0x0,
    0x6, 0xff, 0x30, 0xbf, 0x92, 0xfd, 0x11, 0xdd,
    0xff, 0xe0, 0x0, 0x6, 0xf4, 0x8, 0xf1, 0x4,
    0x10, 0xf, 0xff, 0xe6, 0x0, 0x0, 0x1, 0x0,
    0x2, 0x0, 0x0, 0x0, 0x0, 0x0, 0x0, 0x0,
    0x0, 0x0,

    /* U+53BB "去" */
    0x0, 0x0, 0x0, 0x0, 0x39, 0x50, 0x0, 0x0,
    0x0, 0x0, 0x0, 0x0, 0x0, 0x0, 0x6f, 0x90,
    0x0, 0x0, 0x0, 0x0, 0x0, 0x0, 0x0, 0x0,
    0x6f, 0x90, 0x0, 0x0, 0x0, 0x0, 0x0, 0x0,
    0x0, 0x0, 0x6f, 0x90, 0x0, 0x0, 0x0, 0x0,
    0x9, 0xff, 0xff, 0xff, 0xff, 0xff, 0xff, 0xff,
    0xfc, 0x0, 0x8, 0xdd, 0xdd, 0xdd, 0xef, 0xed,
    0xdd, 0xdd, 0xda, 0x0, 0x0, 0x0, 0x0, 0x0,
    0x6f, 0x90, 0x0, 0x0, 0x0, 0x0, 0x0, 0x0,
    0x0, 0x0, 0x6f, 0x90, 0x0, 0x0, 0x0, 0x0,
    0x0, 0x0, 0x0, 0x0, 0x6f, 0x90, 0x0, 0x0,
    0x0, 0x0, 0x0, 0x0, 0x0, 0x0, 0x6f, 0x90,
    0x0, 0x0, 0x0, 0x0, 0xff, 0xff, 0xff, 0xff,
    0xff, 0xff, 0xff, 0xff, 0xff, 0xf2, 0xdd, 0xdd,
    0xdd, 0xdf, 0xfe, 0xdd, 0xdd, 0xdd, 0xdd, 0xd2,
    0x0, 0x0, 0x0, 0x6f, 0xe1, 0x0, 0x0, 0x0,
    0x0, 0x0, 0x0, 0x0, 0x4, 0xff, 0x20, 0x1,
    0xb8, 0x0, 0x0, 0x0, 0x0, 0x0, 0x4f, 0xf4,
    0x0, 0x0, 0xcf, 0x70, 0x0, 0x0, 0x0, 0x4,
    0xff, 0x40, 0x0, 0x0, 0x1d, 0xf6, 0x0, 0x0,
    0x0, 0x5f, 0xf5, 0x0, 0x0, 0x0, 0x3, 0xef,
    0x50, 0x0, 0x6, 0xff, 0xdb, 0xcc, 0xde, 0xff,
    0xff, 0xff, 0xf3, 0x0, 0x5, 0xff, 0xff, 0xff,
    0xff, 0xed, 0xcc, 0xbb, 0xfe, 0x20, 0x0, 0x44,
    0x32, 0x10, 0x0, 0x0, 0x0, 0x0, 0x9b, 0x0,
    0x0, 0x0, 0x0, 0x0, 0x0, 0x0, 0x0, 0x0,
    0x0, 0x0,

    /* U+53C2 "参" */
    0x0, 0x0, 0x0, 0x0, 0x0, 0x0, 0x0, 0x0,
    0x0, 0x0, 0x0, 0x0, 0x0, 0x0, 0xb, 0xb1,
    0x0, 0x0, 0x0, 0x0, 0x0, 0x0, 0x0, 0x0,
    0x3d, 0xf9, 0x0, 0x4a, 0x10, 0x0, 0x0, 0x0,
    0x0, 0x0, 0x7f, 0xf5, 0x0, 0x7, 0xfe, 0x30,
    0x0, 0x0, 0x0, 0x4, 0xdf, 0xb1, 0x0, 0x11,
    0x26, 0xff, 0x80, 0x0, 0x0, 0x4, 0xff, 0xff,
    0xff, 0xff, 0xff, 0xff, 0xff, 0xc1, 0x0, 0x0,
    0xa, 0xa9, 0x98, 0xcf, 0xb6, 0x55, 0x44, 0x8f,
    0x90, 0x0, 0x0, 0x0, 0x0, 0x1e, 0xf2, 0x0,
    0x0, 0x0, 0x40, 0x0, 0xa, 0xaa, 0xaa, 0xac,
    0xfe, 0xaa, 0xaa, 0xaa, 0xaa, 0xa9, 0x0, 0xff,
    0xff, 0xff, 0xff, 0xff, 0xff, 0xff, 0xff, 0xff,
    0xf0, 0x0, 0x0, 0x5, 0xfe, 0x20, 0x0, 0x2f,
    0xe2, 0x0, 0x0, 0x0, 0x0, 0x7, 0xff, 0x30,
    0x1, 0x78, 0x4f, 0xe5, 0x0, 0x0, 0x0, 0x2b,
    0xfd, 0x22, 0x6b, 0xff, 0xb0, 0x4e, 0xfa, 0x20,
    0x2, 0xbf, 0xfd, 0xae, 0xff, 0xe8, 0x10, 0x28,
    0x2c, 0xff, 0xb2, 0x1e, 0xc3, 0x3f, 0xc7, 0x30,
    0x4, 0xaf, 0xf3, 0x6, 0xde, 0x0, 0x20, 0x0,
    0x0, 0x4, 0x8e, 0xff, 0x92, 0x0, 0x10, 0x20,
    0x0, 0x1, 0x48, 0xbf, 0xff, 0xb5, 0x0, 0x6,
    0xdc, 0x0, 0x0, 0x0, 0xbf, 0xfd, 0x95, 0x0,
    0x2, 0x8e, 0xff, 0x80, 0x0, 0x0, 0x2, 0x30,
    0x0, 0x3, 0x7d, 0xff, 0xe7, 0x0, 0x0, 0x0,
    0x0, 0x3, 0x58, 0xcf, 0xff, 0xe9, 0x30, 0x0,
    0x0, 0x0, 0x0, 0xdf, 0xff, 0xfe, 0xb7, 0x30,
    0x0, 0x0, 0x0, 0x0, 0x0, 0x8, 0xa7, 0x41,
    0x0, 0x0, 0x0, 0x0, 0x0, 0x0, 0x0,

    /* U+53CA "及" */
    0xa, 0xdd, 0xdd, 0xdd, 0xdd, 0xdd, 0xdd, 0xdd,
    0x0, 0x0, 0xd, 0xff, 0xff, 0xff, 0xff, 0xff,
    0xff, 0xff, 0x0, 0x0, 0x0, 0x0, 0x4f, 0x70,
    0x0, 0x0, 0xa, 0xfb, 0x0, 0x0, 0x0, 0x0,
    0x5f, 0x90, 0x0, 0x0, 0x3f, 0xf2, 0x0, 0x0,
    0x0, 0x0, 0x6f, 0xe0, 0x0, 0x0, 0xcf, 0x80,
    0x0, 0x0, 0x0, 0x0, 0x7f, 0xf4, 0x0, 0x6,
    0xfe, 0x0, 0x0, 0x0, 0x0, 0x0, 0x8f, 0xfa,
    0x0, 0xd, 0xfe, 0xdd, 0xd9, 0x0, 0x0, 0x0,
    0xaf, 0xff, 0x10, 0xe, 0xff, 0xff, 0xfb, 0x0,
    0x0, 0x0, 0xcf, 0x8f, 0x90, 0x0, 0x0, 0xa,
    0xf7, 0x0, 0x0, 0x0, 0xee, 0xe, 0xf3, 0x0,
    0x0, 0x3f, 0xe0, 0x0, 0x0, 0x2, 0xfc, 0x6,
    0xfc, 0x0, 0x0, 0xcf, 0x60, 0x0, 0x0, 0x6,
    0xf8, 0x0, 0xbf, 0x90, 0x9, 0xfc, 0x0, 0x0,
    0x0, 0xb, 0xf3, 0x0, 0x1e, 0xf8, 0x7f, 0xf2,
    0x0, 0x0, 0x0, 0x2f, 0xe0, 0x0, 0x3, 0xff,
    0xff, 0x40, 0x0, 0x0, 0x0, 0xaf, 0x80, 0x0,
    0x0, 0xbf, 0xfc, 0x10, 0x0, 0x0, 0x3, 0xff,
    0x10, 0x0, 0x4d, 0xfe, 0xdf, 0xe5, 0x0, 0x0,
    0xc, 0xf7, 0x0, 0x2b, 0xff, 0xb1, 0xa, 0xff,
    0xc4, 0x0, 0x8f, 0xd0, 0x3a, 0xff, 0xe6, 0x0,
    0x0, 0x5e, 0xff, 0xc4, 0x7f, 0x30, 0xaf, 0xf8,
    0x0, 0x0, 0x0, 0x0, 0x8f, 0xf2, 0x2, 0x0,
    0x17, 0x10, 0x0, 0x0, 0x0, 0x0, 0x1, 0x40,

    /* U+53CD "反" */
    0x0, 0x0, 0x0, 0x0, 0x0, 0x0, 0x0, 0x0,
    0x0, 0x0, 0x0, 0x0, 0x0, 0x0, 0x12, 0x35,
    0x67, 0x9b, 0xdf, 0x70, 0x0, 0xd, 0xef, 0xff,
    0xff, 0xff, 0xff, 0xff, 0xff, 0xa0, 0x0, 0xf,
    0xff, 0xfe, 0xdc, 0xba, 0x97, 0x64, 0x20, 0x0,
    0x0, 0xf, 0xe0, 0x0, 0x0, 0x0, 0x0, 0x0,
    0x0, 0x0, 0x0, 0xf, 0xe0, 0x0, 0x0, 0x0,
    0x0, 0x0, 0x0, 0x0, 0x0, 0xf, 0xe0, 0x0,
    0x0, 0x0, 0x0, 0x0, 0x0, 0x0, 0x0, 0xf,
    0xff, 0xff, 0xff, 0xff, 0xff, 0xff, 0xff, 0x0,
    0x0, 0xf, 0xff, 0xff, 0xee, 0xee, 0xee, 0xef,
    0xfe, 0x0, 0x0, 0xf, 0xe1, 0xff, 0x10, 0x0,
    0x0, 0x8, 0xfa, 0x0, 0x0, 0xf, 0xd0, 0x8f,
    0x90, 0x0, 0x0, 0xe, 0xf3, 0x0, 0x0, 0x1f,
    0xc0, 0x1e, 0xf4, 0x0, 0x0, 0x8f, 0xb0, 0x0,
    0x0, 0x2f, 0xb0, 0x6, 0xfe, 0x10, 0x3, 0xff,
    0x20, 0x0, 0x0, 0x4f, 0xa0, 0x0, 0xaf, 0xc0,
    0x2e, 0xf7, 0x0, 0x0, 0x0, 0x7f, 0x70, 0x0,
    0xd, 0xfc, 0xef, 0xb0, 0x0, 0x0, 0x0, 0xbf,
    0x40, 0x0, 0x1, 0xef, 0xfc, 0x0, 0x0, 0x0,
    0x2, 0xff, 0x0, 0x0, 0x2b, 0xff, 0xff, 0x91,
    0x0, 0x0, 0x9, 0xfa, 0x0, 0x3a, 0xff, 0xf6,
    0x8f, 0xff, 0x82, 0x0, 0x3f, 0xf4, 0x6c, 0xff,
    0xf9, 0x10, 0x3, 0xcf, 0xff, 0xb6, 0x7f, 0xa3,
    0xff, 0xf9, 0x20, 0x0, 0x0, 0x4, 0xcf, 0xf9,
    0x7, 0x20, 0x87, 0x10, 0x0, 0x0, 0x0, 0x0,
    0x2, 0x81,

    /* U+53D1 "发" */
    0x0, 0x0, 0x0, 0x0, 0x33, 0x0, 0x0, 0x30,
    0x0, 0x0, 0x0, 0x1, 0xd9, 0x0, 0xd, 0xf1,
    0x0, 0x7f, 0xa1, 0x0, 0x0, 0x0, 0x5f, 0xb0,
    0x0, 0xff, 0x0, 0x4, 0xdf, 0xf7, 0x0, 0x0,
    0x9, 0xf7, 0x0, 0x2f, 0xd0, 0x0, 0x0, 0x7f,
    0x80, 0x0, 0x0, 0xdf, 0x30, 0x4, 0xfa, 0x0,
    0x0, 0x0, 0x20, 0x0, 0x0, 0xf, 0xff, 0xff,
    0xff, 0xff, 0xff, 0xff, 0xff, 0xff, 0xf2, 0x0,
    0xdd, 0xdd, 0xdf, 0xfd, 0xdd, 0xdd, 0xdd, 0xdd,
    0xdd, 0x20, 0x0, 0x0, 0x0, 0xff, 0x0, 0x0,
    0x0, 0x0, 0x0, 0x0, 0x0, 0x0, 0x0, 0x5f,
    0xa0, 0x0, 0x0, 0x0, 0x0, 0x0, 0x0, 0x0,
    0x0, 0xa, 0xff, 0xff, 0xff, 0xff, 0xff, 0xf0,
    0x0, 0x0, 0x0, 0x1, 0xff, 0xfd, 0xdd, 0xdd,
    0xde, 0xff, 0x0, 0x0, 0x0, 0x0, 0x9f, 0xff,
    0x70, 0x0, 0x0, 0xaf, 0x90, 0x0, 0x0, 0x0,
    0x1f, 0xf4, 0xff, 0x20, 0x0, 0x4f, 0xe1, 0x0,
    0x0, 0x0, 0xa, 0xf9, 0x7, 0xfd, 0x10, 0x3e,
    0xf5, 0x0, 0x0, 0x0, 0x5, 0xfe, 0x10, 0xb,
    0xfc, 0x4f, 0xf8, 0x0, 0x0, 0x0, 0x1, 0xef,
    0x50, 0x0, 0xc, 0xff, 0xf9, 0x0, 0x0, 0x0,
    0x1, 0xdf, 0xa0, 0x0, 0x5, 0xdf, 0xff, 0x91,
    0x0, 0x0, 0x0, 0xcf, 0xd0, 0x0, 0x6d, 0xff,
    0xc8, 0xff, 0xfa, 0x40, 0x0, 0xd, 0xe2, 0x5a,
    0xff, 0xfc, 0x50, 0x2, 0xaf, 0xff, 0xe9, 0x10,
    0x42, 0xc, 0xff, 0xa4, 0x0, 0x0, 0x0, 0x28,
    0xef, 0xd0, 0x0, 0x0, 0x36, 0x10, 0x0, 0x0,
    0x0, 0x0, 0x0, 0x44, 0x0,

    /* U+53D6 "取" */
    0x8e, 0xee, 0xee, 0xee, 0xee, 0x0, 0x0, 0x0,
    0x0, 0x0, 0x8e, 0xfe, 0xee, 0xef, 0xfe, 0x1e,
    0xee, 0xee, 0xee, 0xc0, 0x4, 0xf7, 0x0, 0xd,
    0xe0, 0x2f, 0xff, 0xff, 0xff, 0xd0, 0x4, 0xf7,
    0x0, 0xd, 0xe0, 0x1f, 0xb0, 0x0, 0xf, 0xc0,
    0x4, 0xf7, 0x0, 0xd, 0xe0, 0xe, 0xd0, 0x0,
    0x3f, 0x90, 0x4, 0xff, 0xff, 0xff, 0xe0, 0xb,
    0xf0, 0x0, 0x5f, 0x60, 0x4, 0xfe, 0xdd, 0xdf,
    0xe0, 0x8, 0xf4, 0x0, 0x9f, 0x30, 0x4, 0xf7,
    0x0, 0xd, 0xe0, 0x5, 0xf7, 0x0, 0xcf, 0x0,
    0x4, 0xf7, 0x0, 0xd, 0xe0, 0x1, 0xfc, 0x1,
    0xfb, 0x0, 0x4, 0xfe, 0xdd, 0xdf, 0xe0, 0x0,
    0xbf, 0x26, 0xf6, 0x0, 0x4, 0xff, 0xff, 0xff,
    0xe0, 0x0, 0x6f, 0x8d, 0xf1, 0x0, 0x4, 0xf7,
    0x0, 0xd, 0xe0, 0x0, 0xe, 0xff, 0x90, 0x0,
    0x4, 0xf7, 0x0, 0xd, 0xe0, 0x0, 0x7, 0xff,
    0x20, 0x0, 0x4, 0xf7, 0x0, 0x2e, 0xfa, 0x80,
    0x9, 0xff, 0x40, 0x0, 0x38, 0xfd, 0xdf, 0xff,
    0xff, 0xa0, 0x7f, 0xdf, 0xf3, 0x0, 0xef, 0xff,
    0xeb, 0x9e, 0xe1, 0x7, 0xfe, 0x16, 0xfe, 0x20,
    0x76, 0x31, 0x0, 0xd, 0xe0, 0x9f, 0xf2, 0x0,
    0x8f, 0xe3, 0x0, 0x0, 0x0, 0xd, 0xe6, 0xfe,
    0x30, 0x0, 0x9, 0xfa, 0x0, 0x0, 0x0, 0xd,
    0xe0, 0x82, 0x0, 0x0, 0x0, 0x71,

    /* U+53D8 "变" */
    0x0, 0x0, 0x0, 0x0, 0x3, 0x60, 0x0, 0x0,
    0x0, 0x0, 0x0, 0x0, 0x0, 0x0, 0x0, 0xef,
    0x30, 0x0, 0x0, 0x0, 0x0, 0x0, 0x0, 0x0,
    0x0, 0x9, 0xf8, 0x0, 0x0, 0x0, 0x0, 0x0,
    0xff, 0xff, 0xff, 0xff, 0xff, 0xff, 0xff, 0xff,
    0xff, 0xa0, 0xd, 0xdd, 0xdd, 0xdf, 0xfd, 0xde,
    0xfe, 0xdd, 0xdd, 0xd8, 0x0, 0x0, 0x0, 0x0,
    0xee, 0x0, 0x3f, 0x90, 0x0, 0x0, 0x0, 0x0,
    0x0, 0xa8, 0xe, 0xe0, 0x3, 0xf9, 0xc, 0x60,
    0x0, 0x0, 0x0, 0xaf, 0xa0, 0xee, 0x0, 0x3f,
    0x92, 0xef, 0x90, 0x0, 0x1, 0xcf, 0x90, 0xe,
    0xe0, 0x3, 0xf9, 0x1, 0xbf, 0xc1, 0x3, 0xef,
    0x60, 0x0, 0xee, 0x0, 0x3f, 0x90, 0x0, 0x8f,
    0xd0, 0x1b, 0x30, 0x0, 0x4, 0x40, 0x1, 0x42,
    0x0, 0x0, 0x54, 0x0, 0x0, 0x4f, 0xff, 0xff,
    0xff, 0xff, 0xff, 0xfb, 0x0, 0x0, 0x0, 0x4,
    0xff, 0xdd, 0xdd, 0xdd, 0xdd, 0xff, 0xa0, 0x0,
    0x0, 0x0, 0xb, 0xfa, 0x0, 0x0, 0x0, 0x4f,
    0xf3, 0x0, 0x0, 0x0, 0x0, 0xc, 0xfa, 0x0,
    0x0, 0x4f, 0xf5, 0x0, 0x0, 0x0, 0x0, 0x0,
    0xb, 0xfd, 0x30, 0x8f, 0xf5, 0x0, 0x0, 0x0,
    0x0, 0x0, 0x0, 0x8, 0xff, 0xef, 0xe3, 0x0,
    0x0, 0x0, 0x0, 0x0, 0x0, 0x4, 0x9f, 0xff,
    0xfd, 0x72, 0x0, 0x0, 0x0, 0x0, 0x37, 0xbf,
    0xff, 0xe8, 0x4b, 0xff, 0xfe, 0xb7, 0x52, 0x3,
    0xff, 0xff, 0xe9, 0x40, 0x0, 0x1, 0x6b, 0xff,
    0xff, 0xc0, 0xc, 0xa6, 0x20, 0x0, 0x0, 0x0,
    0x0, 0x0, 0x36, 0xa6, 0x0,

    /* U+53E3 "口" */
    0xff, 0xff, 0xff, 0xff, 0xff, 0xff, 0xff, 0xff,
    0xff, 0xff, 0xff, 0xff, 0xff, 0xff, 0xff, 0xff,
    0xff, 0x0, 0x0, 0x0, 0x0, 0x0, 0x0, 0xff,
    0xff, 0x0, 0x0, 0x0, 0x0, 0x0, 0x0, 0xff,
    0xff, 0x0, 0x0, 0x0, 0x0, 0x0, 0x0, 0xff,
    0xff, 0x0, 0x0, 0x0, 0x0, 0x0, 0x0, 0xff,
    0xff, 0x0, 0x0, 0x0, 0x0, 0x0, 0x0, 0xff,
    0xff, 0x0, 0x0, 0x0, 0x0, 0x0, 0x0, 0xff,
    0xff, 0x0, 0x0, 0x0, 0x0, 0x0, 0x0, 0xff,
    0xff, 0x0, 0x0, 0x0, 0x0, 0x0, 0x0, 0xff,
    0xff, 0x0, 0x0, 0x0, 0x0, 0x0, 0x0, 0xff,
    0xff, 0x0, 0x0, 0x0, 0x0, 0x0, 0x0, 0xff,
    0xff, 0x0, 0x0, 0x0, 0x0, 0x0, 0x0, 0xff,
    0xff, 0x0, 0x0, 0x0, 0x0, 0x0, 0x0, 0xff,
    0xff, 0xff, 0xff, 0xff, 0xff, 0xff, 0xff, 0xff,
    0xff, 0xff, 0xff, 0xff, 0xff, 0xff, 0xff, 0xff,
    0xff, 0x0, 0x0, 0x0, 0x0, 0x0, 0x0, 0xff,
    0xff, 0x0, 0x0, 0x0, 0x0, 0x0, 0x0, 0xff,
    0x11, 0x0, 0x0, 0x0, 0x0, 0x0, 0x0, 0x0,

    /* U+53EA "只" */
    0x0, 0xf, 0xff, 0xff, 0xff, 0xff, 0xff, 0xff,
    0xfe, 0x0, 0x0, 0x0, 0xff, 0xdd, 0xdd, 0xdd,
    0xdd, 0xdd, 0xdf, 0xe0, 0x0, 0x0, 0xf, 0xe0,
    0x0, 0x0, 0x0, 0x0, 0x0, 0xfe, 0x0, 0x0,
    0x0, 0xfe, 0x0, 0x0, 0x0, 0x0, 0x0, 0xf,
    0xe0, 0x0, 0x0, 0xf, 0xe0, 0x0, 0x0, 0x0,
    0x0, 0x0, 0xfe, 0x0, 0x0, 0x0, 0xfe, 0x0,
    0x0, 0x0, 0x0, 0x0, 0xf, 0xe0, 0x0, 0x0,
    0xf, 0xe0, 0x0, 0x0, 0x0, 0x0, 0x0, 0xfe,
    0x0, 0x0, 0x0, 0xfe, 0x0, 0x0, 0x0, 0x0,
    0x0, 0xf, 0xe0, 0x0, 0x0, 0xf, 0xfd, 0xdd,
    0xdd, 0xdd, 0xdd, 0xdd, 0xfe, 0x0, 0x0, 0x0,
    0xff, 0xff, 0xff, 0xff, 0xff, 0xff, 0xff, 0xe0,
    0x0, 0x0, 0x0, 0x0, 0x0, 0x0, 0x0, 0x0,
    0x0, 0x0, 0x0, 0x0, 0x0, 0x0, 0x9, 0x70,
    0x0, 0x0, 0x97, 0x0, 0x0, 0x0, 0x0, 0x0,
    0x8, 0xff, 0x20, 0x0, 0x4f, 0xf9, 0x0, 0x0,
    0x0, 0x0, 0x8, 0xff, 0x60, 0x0, 0x0, 0x6f,
    0xfa, 0x0, 0x0, 0x0, 0xa, 0xff, 0x60, 0x0,
    0x0, 0x0, 0x4f, 0xfc, 0x10, 0x0, 0x2c, 0xff,
    0x60, 0x0, 0x0, 0x0, 0x0, 0x3e, 0xfd, 0x10,
    0x3f, 0xff, 0x40, 0x0, 0x0, 0x0, 0x0, 0x0,
    0x2e, 0xfe, 0x0, 0xcd, 0x20, 0x0, 0x0, 0x0,
    0x0, 0x0, 0x0, 0x2e, 0x60, 0x1, 0x0, 0x0,
    0x0, 0x0, 0x0, 0x0, 0x0, 0x0, 0x10, 0x0,

    /* U+53EF "可" */
    0x6f, 0xff, 0xff, 0xff, 0xff, 0xff, 0xff, 0xff,
    0xff, 0xff, 0x5d, 0xdd, 0xdd, 0xdd, 0xdd, 0xdd,
    0xdd, 0xde, 0xfe, 0xdd, 0x0, 0x0, 0x0, 0x0,
    0x0, 0x0, 0x0, 0x9, 0xf5, 0x0, 0x0, 0x0,
    0x0, 0x0, 0x0, 0x0, 0x0, 0x9, 0xf5, 0x0,
    0x0, 0x2d, 0xdd, 0xdd, 0xdd, 0xdb, 0x0, 0x9,
    0xf5, 0x0, 0x0, 0x3f, 0xff, 0xff, 0xff, 0xfd,
    0x0, 0x9, 0xf5, 0x0, 0x0, 0x3f, 0x90, 0x0,
    0x0, 0xfd, 0x0, 0x9, 0xf5, 0x0, 0x0, 0x3f,
    0x90, 0x0, 0x0, 0xfd, 0x0, 0x9, 0xf5, 0x0,
    0x0, 0x3f, 0x90, 0x0, 0x0, 0xfd, 0x0, 0x9,
    0xf5, 0x0, 0x0, 0x3f, 0x90, 0x0, 0x0, 0xfd,
    0x0, 0x9, 0xf5, 0x0, 0x0, 0x3f, 0x90, 0x0,
    0x0, 0xfd, 0x0, 0x9, 0xf5, 0x0, 0x0, 0x3f,
    0x90, 0x0, 0x0, 0xfd, 0x0, 0x9, 0xf5, 0x0,
    0x0, 0x3f, 0xff, 0xff, 0xff, 0xfd, 0x0, 0x9,
    0xf5, 0x0, 0x0, 0x2d, 0xdd, 0xdd, 0xdd, 0xdb,
    0x0, 0x9, 0xf5, 0x0, 0x0, 0x0, 0x0, 0x0,
    0x0, 0x0, 0x0, 0x9, 0xf5, 0x0, 0x0, 0x0,
    0x0, 0x0, 0x0, 0x0, 0x0, 0xc, 0xf5, 0x0,
    0x0, 0x0, 0x0, 0x0, 0x0, 0x4f, 0xff, 0xff,
    0xf2, 0x0, 0x0, 0x0, 0x0, 0x0, 0x0, 0x1f,
    0xff, 0xfd, 0x70, 0x0,

    /* U+53F2 "史" */
    0x0, 0x0, 0x0, 0x0, 0xc, 0xd0, 0x0, 0x0,
    0x0, 0x0, 0x0, 0x0, 0x0, 0x0, 0xf, 0xf0,
    0x0, 0x0, 0x0, 0x0, 0x0, 0x0, 0x0, 0x0,
    0xf, 0xf0, 0x0, 0x0, 0x0, 0x0, 0x0, 0xdd,
    0xdd, 0xdd, 0xdf, 0xfd, 0xdd, 0xdd, 0xdd, 0x0,
    0x0, 0xff, 0xff, 0xff, 0xff, 0xff, 0xff, 0xff,
    0xff, 0x0, 0x0, 0xfe, 0x0, 0x0, 0xf, 0xf0,
    0x0, 0x0, 0xef, 0x0, 0x0, 0xfe, 0x0, 0x0,
    0xf, 0xf0, 0x0, 0x0, 0xef, 0x0, 0x0, 0xfe,
    0x0, 0x0, 0xf, 0xf0, 0x0, 0x0, 0xef, 0x0,
    0x0, 0xfe, 0x0, 0x0, 0xf, 0xf0, 0x0, 0x0,
    0xef, 0x0, 0x0, 0xfe, 0x0, 0x0, 0xf, 0xf0,
    0x0, 0x0, 0xef, 0x0, 0x0, 0xff, 0xff, 0xff,
    0xff, 0xff, 0xff, 0xff, 0xff, 0x0, 0x0, 0xcc,
    0xcc, 0xcc, 0xcf, 0xfc, 0xcc, 0xcc, 0xcc, 0x0,
    0x0, 0x4, 0x90, 0x0, 0xf, 0xf0, 0x0, 0x0,
    0x0, 0x0, 0x0, 0xd, 0xf9, 0x0, 0xf, 0xe0,
    0x0, 0x0, 0x0, 0x0, 0x0, 0x1, 0xdf, 0xa0,
    0x4f, 0xb0, 0x0, 0x0, 0x0, 0x0, 0x0, 0x0,
    0x1d, 0xfd, 0xdf, 0x60, 0x0, 0x0, 0x0, 0x0,
    0x0, 0x0, 0x0, 0xbf, 0xff, 0x50, 0x0, 0x0,
    0x0, 0x0, 0x0, 0x0, 0x5a, 0xff, 0xef, 0xfe,
    0xb7, 0x42, 0x10, 0x0, 0x28, 0xcf, 0xff, 0xd5,
    0x4, 0xae, 0xff, 0xff, 0xff, 0xe6, 0x2f, 0xfe,
    0x93, 0x0, 0x0, 0x0, 0x37, 0x9c, 0xef, 0xf4,
    0x5, 0x20, 0x0, 0x0, 0x0, 0x0, 0x0, 0x0,
    0x0, 0x10,

    /* U+53F3 "右" */
    0x0, 0x0, 0x0, 0x0, 0xc, 0xb1, 0x0, 0x0,
    0x0, 0x0, 0x0, 0x0, 0x0, 0x0, 0x4f, 0xe0,
    0x0, 0x0, 0x0, 0x0, 0x0, 0x0, 0x0, 0x0,
    0x9f, 0x90, 0x0, 0x0, 0x0, 0x0, 0xe, 0xee,
    0xee, 0xee, 0xff, 0xee, 0xee, 0xee, 0xee, 0xeb,
    0xf, 0xff, 0xff, 0xff, 0xff, 0xff, 0xff, 0xff,
    0xff, 0xfc, 0x0, 0x0, 0x0, 0xd, 0xf6, 0x0,
    0x0, 0x0, 0x0, 0x0, 0x0, 0x0, 0x0, 0x7f,
    0xe0, 0x0, 0x0, 0x0, 0x0, 0x0, 0x0, 0x0,
    0x1, 0xef, 0x70, 0x0, 0x0, 0x0, 0x0, 0x0,
    0x0, 0x0, 0xb, 0xfd, 0x0, 0x0, 0x0, 0x0,
    0x0, 0x0, 0x0, 0x0, 0x7f, 0xf5, 0x0, 0x0,
    0x0, 0x0, 0x0, 0x0, 0x0, 0x5, 0xff, 0xff,
    0xff, 0xff, 0xff, 0xff, 0xff, 0x0, 0x0, 0x4f,
    0xff, 0xff, 0xff, 0xff, 0xff, 0xff, 0xff, 0x0,
    0x5, 0xff, 0xff, 0xa0, 0x0, 0x0, 0x0, 0x0,
    0xef, 0x0, 0x5f, 0xfd, 0x5f, 0xa0, 0x0, 0x0,
    0x0, 0x0, 0xef, 0x0, 0x2f, 0xb0, 0x3f, 0xa0,
    0x0, 0x0, 0x0, 0x0, 0xef, 0x0, 0x5, 0x0,
    0x3f, 0xa0, 0x0, 0x0, 0x0, 0x0, 0xef, 0x0,
    0x0, 0x0, 0x3f, 0xa0, 0x0, 0x0, 0x0, 0x0,
    0xef, 0x0, 0x0, 0x0, 0x3f, 0xff, 0xff, 0xff,
    0xff, 0xff, 0xff, 0x0, 0x0, 0x0, 0x3f, 0xfd,
    0xdd, 0xdd, 0xdd, 0xdd, 0xff, 0x0, 0x0, 0x0,
    0x3f, 0xa0, 0x0, 0x0, 0x0, 0x0, 0xef, 0x0,

    /* U+53F7 "号" */
    0x0, 0xb, 0xdd, 0xdd, 0xdd, 0xdd, 0xdd, 0xdd,
    0xd2, 0x0, 0x0, 0xd, 0xff, 0xff, 0xff, 0xff,
    0xff, 0xff, 0xf2, 0x0, 0x0, 0xd, 0xf2, 0x0,
    0x0, 0x0, 0x0, 0xc, 0xf2, 0x0, 0x0, 0xd,
    0xf2, 0x0, 0x0, 0x0, 0x0, 0xc, 0xf2, 0x0,
    0x0, 0xd, 0xfa, 0xaa, 0xaa, 0xaa, 0xaa, 0xae,
    0xf2, 0x0, 0x0, 0xd, 0xff, 0xff, 0xff, 0xff,
    0xff, 0xff, 0xf2, 0x0, 0x0, 0x0, 0x0, 0x0,
    0x0, 0x0, 0x0, 0x0, 0x0, 0x0, 0x0, 0x0,
    0x0, 0x0, 0x0, 0x0, 0x0, 0x0, 0x0, 0x0,
    0x8d, 0xdd, 0xdd, 0xdd, 0xdd, 0xdd, 0xdd, 0xdd,
    0xdd, 0xdd, 0xaf, 0xff, 0xff, 0xff, 0xff, 0xff,
    0xff, 0xff, 0xff, 0xff, 0x0, 0x0, 0xef, 0x20,
    0x0, 0x0, 0x0, 0x0, 0x0, 0x0, 0x0, 0x1,
    0xff, 0x0, 0x0, 0x0, 0x0, 0x0, 0x0, 0x0,
    0x0, 0x5, 0xff, 0xff, 0xff, 0xff, 0xff, 0xff,
    0xf0, 0x0, 0x0, 0x5, 0xaa, 0xaa, 0xaa, 0xaa,
    0xaa, 0xbf, 0xe0, 0x0, 0x0, 0x0, 0x0, 0x0,
    0x0, 0x0, 0x0, 0x5f, 0xc0, 0x0, 0x0, 0x0,
    0x0, 0x0, 0x0, 0x0, 0x0, 0x7f, 0xb0, 0x0,
    0x0, 0x0, 0x0, 0x0, 0x0, 0x0, 0x0, 0xbf,
    0x90, 0x0, 0x0, 0x0, 0x0, 0x6, 0xdd, 0xdd,
    0xdf, 0xff, 0x40, 0x0, 0x0, 0x0, 0x0, 0x5,
    0xff, 0xff, 0xff, 0xd6, 0x0, 0x0,

    /* U+5408 "合" */
    0x0, 0x0, 0x0, 0x0, 0x9, 0x90, 0x0, 0x0,
    0x0, 0x0, 0x0, 0x0, 0x0, 0x0, 0x9f, 0xfa,
    0x0, 0x0, 0x0, 0x0, 0x0, 0x0, 0x0, 0x6,
    0xfe, 0xdf, 0x70, 0x0, 0x0, 0x0, 0x0, 0x0,
    0x0, 0x6f, 0xf3, 0x1e, 0xf7, 0x0, 0x0, 0x0,
    0x0, 0x0, 0x8, 0xff, 0x40, 0x3, 0xff, 0x90,
    0x0, 0x0, 0x0, 0x1, 0xbf, 0xf4, 0x0, 0x0,
    0x3e, 0xfc, 0x20, 0x0, 0x0, 0x5e, 0xfe, 0x30,
    0x0, 0x0, 0x1, 0xcf, 0xf7, 0x0, 0x2b, 0xff,
    0xee, 0xdd, 0xdd, 0xdd, 0xdd, 0xed, 0xff, 0xe5,
    0x6f, 0xe5, 0x6f, 0xff, 0xff, 0xff, 0xff, 0xf6,
    0x3c, 0xf6, 0x7, 0x0, 0x0, 0x0, 0x0, 0x0,
    0x0, 0x0, 0x0, 0x40, 0x0, 0x0, 0x0, 0x0,
    0x0, 0x0, 0x0, 0x0, 0x0, 0x0, 0x0, 0xd,
    0xdd, 0xdd, 0xdd, 0xdd, 0xdd, 0xdd, 0xd0, 0x0,
    0x0, 0xf, 0xff, 0xff, 0xff, 0xff, 0xff, 0xff,
    0xf0, 0x0, 0x0, 0xf, 0xe0, 0x0, 0x0, 0x0,
    0x0, 0xe, 0xf0, 0x0, 0x0, 0xf, 0xe0, 0x0,
    0x0, 0x0, 0x0, 0xe, 0xf0, 0x0, 0x0, 0xf,
    0xe0, 0x0, 0x0, 0x0, 0x0, 0xe, 0xf0, 0x0,
    0x0, 0xf, 0xe0, 0x0, 0x0, 0x0, 0x0, 0xe,
    0xf0, 0x0, 0x0, 0xf, 0xfd, 0xdd, 0xdd, 0xdd,
    0xdd, 0xdf, 0xf0, 0x0, 0x0, 0xf, 0xff, 0xff,
    0xff, 0xff, 0xff, 0xff, 0xf0, 0x0, 0x0, 0xf,
    0xe0, 0x0, 0x0, 0x0, 0x0, 0xe, 0xf0, 0x0,
    0x0, 0x0, 0x0, 0x0, 0x0, 0x0, 0x0, 0x0,
    0x0, 0x0,

    /* U+540C "同" */
    0xcd, 0xdd, 0xdd, 0xdd, 0xdd, 0xdd, 0xdd, 0xdd,
    0xde, 0xff, 0xff, 0xff, 0xff, 0xff, 0xff, 0xff,
    0xff, 0xef, 0x0, 0x0, 0x0, 0x0, 0x0, 0x0,
    0xf, 0xfe, 0xf0, 0x0, 0x0, 0x0, 0x0, 0x0,
    0x0, 0xff, 0xef, 0xb, 0xdd, 0xdd, 0xdd, 0xdd,
    0xdd, 0xf, 0xfe, 0xf0, 0xdf, 0xff, 0xff, 0xff,
    0xff, 0xf0, 0xff, 0xef, 0x0, 0x0, 0x0, 0x0,
    0x0, 0x0, 0xf, 0xfe, 0xf0, 0x0, 0x0, 0x0,
    0x0, 0x0, 0x0, 0xff, 0xef, 0x0, 0x6a, 0xaa,
    0xaa, 0xaa, 0x70, 0xf, 0xfe, 0xf0, 0xa, 0xff,
    0xff, 0xff, 0xfc, 0x0, 0xff, 0xef, 0x0, 0xaf,
    0x10, 0x0, 0xf, 0xc0, 0xf, 0xfe, 0xf0, 0xa,
    0xf1, 0x0, 0x0, 0xfc, 0x0, 0xff, 0xef, 0x0,
    0xaf, 0x10, 0x0, 0xf, 0xc0, 0xf, 0xfe, 0xf0,
    0xa, 0xf1, 0x0, 0x0, 0xfc, 0x0, 0xff, 0xef,
    0x0, 0xaf, 0xff, 0xff, 0xff, 0xc0, 0xf, 0xfe,
    0xf0, 0x6, 0x99, 0x99, 0x99, 0x97, 0x0, 0xff,
    0xef, 0x0, 0x0, 0x0, 0x0, 0x0, 0x0, 0x1f,
    0xfe, 0xf0, 0x0, 0x0, 0x0, 0x0, 0x7d, 0xdf,
    0xfd, 0xef, 0x0, 0x0, 0x0, 0x0, 0x6, 0xff,
    0xfd, 0x42, 0x20, 0x0, 0x0, 0x0, 0x0, 0x0,
    0x0, 0x0,

    /* U+540D "名" */
    0x0, 0x0, 0x0, 0x0, 0x20, 0x0, 0x0, 0x0,
    0x0, 0x0, 0x0, 0x0, 0x5, 0xfd, 0x0, 0x0,
    0x0, 0x0, 0x0, 0x0, 0x0, 0x2f, 0xf4, 0x0,
    0x0, 0x0, 0x0, 0x0, 0x0, 0x2, 0xef, 0xfd,
    0xdd, 0xdd, 0xdd, 0xdb, 0x0, 0x0, 0x2e, 0xff,
    0xff, 0xff, 0xff, 0xff, 0xfd, 0x0, 0x3, 0xef,
    0xb0, 0x0, 0x0, 0x0, 0x3e, 0xf6, 0x0, 0x5f,
    0xff, 0x90, 0x0, 0x0, 0x3, 0xef, 0x70, 0xa,
    0xff, 0x9d, 0xfc, 0x10, 0x0, 0x6f, 0xf7, 0x0,
    0xc, 0xe4, 0x1, 0xcf, 0xc0, 0xa, 0xff, 0x50,
    0x0, 0x2, 0x20, 0x0, 0x9, 0x25, 0xef, 0xd3,
    0x0, 0x0, 0x0, 0x0, 0x0, 0x4, 0xcf, 0xf9,
    0x0, 0x0, 0x0, 0x0, 0x0, 0x5, 0xcf, 0xfb,
    0x20, 0x0, 0x0, 0x0, 0x0, 0x49, 0xff, 0xff,
    0xfd, 0xdd, 0xdd, 0xdd, 0xdb, 0x9f, 0xff, 0xff,
    0xff, 0xff, 0xff, 0xff, 0xff, 0xfe, 0x8e, 0xa5,
    0xdf, 0x0, 0x0, 0x0, 0x0, 0x0, 0xfe, 0x0,
    0x0, 0xdf, 0x0, 0x0, 0x0, 0x0, 0x0, 0xfe,
    0x0, 0x0, 0xdf, 0x0, 0x0, 0x0, 0x0, 0x0,
    0xfe, 0x0, 0x0, 0xdf, 0x0, 0x0, 0x0, 0x0,
    0x0, 0xfe, 0x0, 0x0, 0xdf, 0xdd, 0xdd, 0xdd,
    0xdd, 0xdd, 0xfe, 0x0, 0x0, 0xdf, 0xff, 0xff,
    0xff, 0xff, 0xff, 0xfe, 0x0, 0x0, 0xdf, 0x0,
    0x0, 0x0, 0x0, 0x0, 0xfe,

    /* U+540E "后" */
    0x0, 0x0, 0x0, 0x0, 0x0, 0x0, 0x0, 0x0,
    0x0, 0x0, 0x0, 0x0, 0x0, 0x0, 0x0, 0x13,
    0x45, 0x78, 0xad, 0xf6, 0x0, 0x0, 0xa, 0xde,
    0xef, 0xff, 0xff, 0xff, 0xff, 0xff, 0x90, 0x0,
    0x0, 0xdf, 0xff, 0xed, 0xcb, 0xa9, 0x76, 0x42,
    0x0, 0x0, 0x0, 0xd, 0xf0, 0x0, 0x0, 0x0,
    0x0, 0x0, 0x0, 0x0, 0x0, 0x0, 0xdf, 0x0,
    0x0, 0x0, 0x0, 0x0, 0x0, 0x0, 0x0, 0x0,
    0xd, 0xf0, 0x0, 0x0, 0x0, 0x0, 0x0, 0x0,
    0x0, 0x0, 0x0, 0xdf, 0xff, 0xff, 0xff, 0xff,
    0xff, 0xff, 0xff, 0xf1, 0x0, 0xd, 0xfd, 0xdd,
    0xdd, 0xdd, 0xdd, 0xdd, 0xdd, 0xdd, 0x10, 0x0,
    0xdf, 0x0, 0x0, 0x0, 0x0, 0x0, 0x0, 0x0,
    0x0, 0x0, 0xe, 0xf0, 0x0, 0x0, 0x0, 0x0,
    0x0, 0x0, 0x0, 0x0, 0x0, 0xfe, 0xb, 0xdd,
    0xdd, 0xdd, 0xdd, 0xdd, 0xd0, 0x0, 0x0, 0xf,
    0xd0, 0xdf, 0xff, 0xff, 0xff, 0xff, 0xff, 0x0,
    0x0, 0x2, 0xfb, 0xd, 0xf0, 0x0, 0x0, 0x0,
    0xd, 0xf0, 0x0, 0x0, 0x5f, 0x90, 0xdf, 0x0,
    0x0, 0x0, 0x0, 0xdf, 0x0, 0x0, 0xa, 0xf5,
    0xd, 0xf0, 0x0, 0x0, 0x0, 0xd, 0xf0, 0x0,
    0x0, 0xff, 0x0, 0xdf, 0x0, 0x0, 0x0, 0x0,
    0xdf, 0x0, 0x0, 0x6f, 0xa0, 0xd, 0xfd, 0xdd,
    0xdd, 0xdd, 0xdf, 0xf0, 0x0, 0xe, 0xf2, 0x0,
    0xdf, 0xff, 0xff, 0xff, 0xff, 0xff, 0x0, 0x0,
    0x88, 0x0, 0xd, 0xf0, 0x0, 0x0, 0x0, 0xd,
    0xf0, 0x0,

    /* U+5411 "向" */
    0x0, 0x0, 0x0, 0x6c, 0xa0, 0x0, 0x0, 0x0,
    0x0, 0x0, 0x0, 0xc, 0xfb, 0x0, 0x0, 0x0,
    0x0, 0x0, 0x0, 0x3, 0xff, 0x40, 0x0, 0x0,
    0x0, 0xb, 0xdd, 0xdd, 0xef, 0xfd, 0xdd, 0xdd,
    0xdd, 0xdd, 0xef, 0xff, 0xff, 0xff, 0xff, 0xff,
    0xff, 0xff, 0xfe, 0xf0, 0x0, 0x0, 0x0, 0x0,
    0x0, 0x0, 0xef, 0xef, 0x0, 0x0, 0x0, 0x0,
    0x0, 0x0, 0xe, 0xfe, 0xf0, 0x0, 0x0, 0x0,
    0x0, 0x0, 0x0, 0xef, 0xef, 0x0, 0xdf, 0xff,
    0xff, 0xff, 0xd0, 0xe, 0xfe, 0xf0, 0xd, 0xfd,
    0xdd, 0xdd, 0xfd, 0x0, 0xef, 0xef, 0x0, 0xdf,
    0x0, 0x0, 0xf, 0xd0, 0xe, 0xfe, 0xf0, 0xd,
    0xf0, 0x0, 0x0, 0xfd, 0x0, 0xef, 0xef, 0x0,
    0xdf, 0x0, 0x0, 0xf, 0xd0, 0xe, 0xfe, 0xf0,
    0xd, 0xf0, 0x0, 0x0, 0xfd, 0x0, 0xef, 0xef,
    0x0, 0xdf, 0xdd, 0xdd, 0xdf, 0xd0, 0xe, 0xfe,
    0xf0, 0xd, 0xff, 0xff, 0xff, 0xfd, 0x0, 0xef,
    0xef, 0x0, 0x0, 0x0, 0x0, 0x0, 0x0, 0xe,
    0xfe, 0xf0, 0x0, 0x0, 0x0, 0x0, 0x0, 0x0,
    0xff, 0xef, 0x0, 0x0, 0x0, 0x0, 0x6, 0xdd,
    0xef, 0xee, 0xf0, 0x0, 0x0, 0x0, 0x0, 0x5f,
    0xff, 0xe5,

    /* U+5426 "否" */
    0xd, 0xdd, 0xdd, 0xdd, 0xdd, 0xdd, 0xdd, 0xdd,
    0xdd, 0xa0, 0xf, 0xff, 0xff, 0xff, 0xff, 0xff,
    0xff, 0xff, 0xff, 0xc0, 0x0, 0x0, 0x0, 0x0,
    0x2d, 0xf9, 0x0, 0x0, 0x0, 0x0, 0x0, 0x0,
    0x0, 0x4, 0xef, 0xd0, 0x0, 0x0, 0x0, 0x0,
    0x0, 0x0, 0x0, 0x8f, 0xff, 0xd0, 0xea, 0x20,
    0x0, 0x0, 0x0, 0x0, 0x4d, 0xfe, 0x5f, 0xd2,
    0xdf, 0xf9, 0x10, 0x0, 0x0, 0x4b, 0xff, 0xb1,
    0xf, 0xd0, 0x6, 0xef, 0xf7, 0x0, 0x5c, 0xff,
    0xd5, 0x0, 0xf, 0xd0, 0x0, 0x8, 0xff, 0xe4,
    0x7f, 0xe6, 0x0, 0x0, 0xf, 0xd0, 0x0, 0x0,
    0x2a, 0xf3, 0x15, 0x0, 0x0, 0x0, 0x6, 0x50,
    0x0, 0x0, 0x0, 0x30, 0x0, 0x3d, 0xdd, 0xdd,
    0xdd, 0xdd, 0xdd, 0xdd, 0xd0, 0x0, 0x0, 0x3f,
    0xff, 0xff, 0xff, 0xff, 0xff, 0xff, 0xf1, 0x0,
    0x0, 0x3f, 0x90, 0x0, 0x0, 0x0, 0x0, 0xd,
    0xf1, 0x0, 0x0, 0x3f, 0x90, 0x0, 0x0, 0x0,
    0x0, 0xd, 0xf1, 0x0, 0x0, 0x3f, 0x90, 0x0,
    0x0, 0x0, 0x0, 0xd, 0xf1, 0x0, 0x0, 0x3f,
    0x90, 0x0, 0x0, 0x0, 0x0, 0xd, 0xf1, 0x0,
    0x0, 0x3f, 0xfd, 0xdd, 0xdd, 0xdd, 0xdd, 0xdf,
    0xf1, 0x0, 0x0, 0x3f, 0xff, 0xff, 0xff, 0xff,
    0xff, 0xff, 0xf1, 0x0, 0x0, 0x3f, 0x90, 0x0,
    0x0, 0x0, 0x0, 0xd, 0xf1, 0x0,

    /* U+542C "听" */
    0x0, 0x0, 0x0, 0x0, 0x0, 0x0, 0x0, 0x0,
    0x12, 0x0, 0x0, 0x0, 0x0, 0x0, 0x0, 0x24,
    0x7a, 0xdf, 0xa0, 0xbd, 0xdd, 0xdd, 0x0, 0xae,
    0xff, 0xff, 0xff, 0xe8, 0xd, 0xff, 0xff, 0xf0,
    0xd, 0xfe, 0xca, 0x75, 0x20, 0x0, 0xdf, 0x0,
    0xdf, 0x0, 0xdf, 0x0, 0x0, 0x0, 0x0, 0xd,
    0xf0, 0xd, 0xf0, 0xd, 0xf0, 0x0, 0x0, 0x0,
    0x0, 0xdf, 0x0, 0xdf, 0x0, 0xdf, 0x0, 0x0,
    0x0, 0x0, 0xd, 0xf0, 0xd, 0xf0, 0xd, 0xf0,
    0x0, 0x0, 0x0, 0x0, 0xdf, 0x0, 0xdf, 0x0,
    0xdf, 0xee, 0xee, 0xee, 0xee, 0x7d, 0xf0, 0xd,
    0xf0, 0xd, 0xff, 0xff, 0xff, 0xff, 0xf9, 0xdf,
    0x0, 0xdf, 0x0, 0xdf, 0x0, 0x0, 0xfd, 0x0,
    0xd, 0xf0, 0xd, 0xf0, 0xe, 0xf0, 0x0, 0xf,
    0xd0, 0x0, 0xdf, 0x0, 0xdf, 0x0, 0xfe, 0x0,
    0x0, 0xfd, 0x0, 0xd, 0xf0, 0xd, 0xf0, 0xf,
    0xc0, 0x0, 0xf, 0xd0, 0x0, 0xdf, 0x0, 0xdf,
    0x3, 0xfa, 0x0, 0x0, 0xfd, 0x0, 0xd, 0xff,
    0xff, 0xf0, 0x7f, 0x70, 0x0, 0xf, 0xd0, 0x0,
    0xdf, 0xdd, 0xdd, 0xd, 0xf2, 0x0, 0x0, 0xfd,
    0x0, 0xc, 0xe0, 0x0, 0x6, 0xfb, 0x0, 0x0,
    0xf, 0xd0, 0x0, 0x0, 0x0, 0x1, 0xef, 0x30,
    0x0, 0x0, 0xfd, 0x0, 0x0, 0x0, 0x0, 0x9,
    0x90, 0x0, 0x0, 0xf, 0xd0, 0x0, 0x0, 0x0,
    0x0, 0x0, 0x0, 0x0, 0x0, 0x0, 0x0, 0x0,

    /* U+542F "启" */
    0x0, 0x0, 0x0, 0x0, 0x0, 0x23, 0x0, 0x0,
    0x0, 0x0, 0x0, 0x0, 0x0, 0x0, 0x3, 0xfe,
    0x0, 0x0, 0x0, 0x0, 0x0, 0x0, 0x0, 0x0,
    0x0, 0xdf, 0x50, 0x0, 0x0, 0x0, 0x0, 0xd,
    0xdd, 0xdd, 0xdd, 0xff, 0xed, 0xdd, 0xdd, 0xd4,
    0x0, 0xf, 0xff, 0xff, 0xff, 0xff, 0xff, 0xff,
    0xff, 0xf5, 0x0, 0xf, 0xe0, 0x0, 0x0, 0x0,
    0x0, 0x0, 0x9, 0xf5, 0x0, 0xf, 0xe0, 0x0,
    0x0, 0x0, 0x0, 0x0, 0x9, 0xf5, 0x0, 0xf,
    0xe0, 0x0, 0x0, 0x0, 0x0, 0x0, 0x9, 0xf5,
    0x0, 0xf, 0xfd, 0xdd, 0xdd, 0xdd, 0xdd, 0xdd,
    0xde, 0xf5, 0x0, 0xf, 0xff, 0xff, 0xff, 0xff,
    0xff, 0xff, 0xff, 0xf5, 0x0, 0xf, 0xd0, 0x0,
    0x0, 0x0, 0x0, 0x0, 0x0, 0x0, 0x0, 0x1f,
    0xc0, 0x0, 0x0, 0x0, 0x0, 0x0, 0x0, 0x0,
    0x0, 0x3f, 0xb0, 0x0, 0x0, 0x0, 0x0, 0x0,
    0x0, 0x0, 0x0, 0x5f, 0x95, 0xff, 0xff, 0xff,
    0xff, 0xff, 0xff, 0xe0, 0x0, 0x8f, 0x65, 0xff,
    0xdd, 0xdd, 0xdd, 0xdd, 0xdf, 0xe0, 0x0, 0xdf,
    0x25, 0xfa, 0x0, 0x0, 0x0, 0x0, 0xf, 0xe0,
    0x2, 0xfd, 0x5, 0xfa, 0x0, 0x0, 0x0, 0x0,
    0xf, 0xe0, 0x8, 0xf8, 0x5, 0xfa, 0x0, 0x0,
    0x0, 0x0, 0xf, 0xe0, 0xe, 0xf1, 0x5, 0xff,
    0xdd, 0xdd, 0xdd, 0xdd, 0xdf, 0xe0, 0x4f, 0x90,
    0x5, 0xff, 0xff, 0xff, 0xff, 0xff, 0xff, 0xe0,
    0x3, 0x20, 0x5, 0xfa, 0x0, 0x0, 0x0, 0x0,
    0xf, 0xe0,

    /* U+547D "命" */
    0x0, 0x0, 0x0, 0x0, 0x2c, 0xc4, 0x0, 0x0,
    0x0, 0x0, 0x0, 0x0, 0x0, 0x3, 0xef, 0xff,
    0x40, 0x0, 0x0, 0x0, 0x0, 0x0, 0x0, 0x5f,
    0xf8, 0x5f, 0xf7, 0x0, 0x0, 0x0, 0x0, 0x0,
    0x9, 0xff, 0x60, 0x4, 0xff, 0xa1, 0x0, 0x0,
    0x0, 0x5, 0xef, 0xe3, 0x0, 0x0, 0x2d, 0xfe,
    0x50, 0x0, 0x3, 0xbf, 0xfa, 0x10, 0x0, 0x0,
    0x0, 0x9f, 0xfb, 0x20, 0x7f, 0xfe, 0x5f, 0xff,
    0xff, 0xff, 0xff, 0xf7, 0xef, 0xf7, 0x4f, 0x80,
    0xd, 0xdd, 0xdd, 0xdd, 0xdd, 0xd2, 0x8, 0xf4,
    0x2, 0x0, 0x0, 0x0, 0x0, 0x0, 0x0, 0x0,
    0x0, 0x20, 0x0, 0x0, 0x0, 0x0, 0x0, 0x0,
    0x0, 0x0, 0x0, 0x0, 0x0, 0xee, 0xee, 0xee,
    0x90, 0x6f, 0xff, 0xff, 0xff, 0x0, 0x0, 0xff,
    0xee, 0xef, 0xa0, 0x6f, 0xed, 0xdd, 0xff, 0x0,
    0x0, 0xfd, 0x0, 0x1f, 0xa0, 0x6f, 0x60, 0x0,
    0xdf, 0x0, 0x0, 0xfd, 0x0, 0x1f, 0xa0, 0x6f,
    0x60, 0x0, 0xdf, 0x0, 0x0, 0xfd, 0x0, 0x1f,
    0xa0, 0x6f, 0x60, 0x0, 0xdf, 0x0, 0x0, 0xfd,
    0x11, 0x2f, 0xa0, 0x6f, 0x60, 0x0, 0xef, 0x0,
    0x0, 0xff, 0xff, 0xff, 0xa0, 0x6f, 0x68, 0xdf,
    0xfe, 0x0, 0x0, 0xaa, 0xaa, 0xaa, 0x60, 0x6f,
    0x67, 0xff, 0xe5, 0x0, 0x0, 0x0, 0x0, 0x0,
    0x0, 0x6f, 0x60, 0x0, 0x0, 0x0, 0x0, 0x0,
    0x0, 0x0, 0x0, 0x6f, 0x60, 0x0, 0x0, 0x0,

    /* U+5524 "唤" */
    0x0, 0x0, 0x0, 0x0, 0x0, 0x30, 0x0, 0x0,
    0x0, 0x0, 0x0, 0x0, 0x0, 0x0, 0x6f, 0x60,
    0x0, 0x0, 0x0, 0x0, 0x0, 0x0, 0x0, 0xd,
    0xf4, 0x33, 0x33, 0x0, 0xf, 0xff, 0xff, 0x0,
    0x8, 0xff, 0xff, 0xff, 0xf0, 0x0, 0xff, 0xdf,
    0xf0, 0x4, 0xfd, 0x77, 0x78, 0xfd, 0x0, 0xf,
    0xa0, 0x9f, 0x2, 0xee, 0x20, 0x0, 0xbf, 0x30,
    0x0, 0xfa, 0x9, 0xf1, 0xef, 0x40, 0x0, 0x7f,
    0x60, 0x0, 0xf, 0xa0, 0x9f, 0x2f, 0xff, 0xff,
    0xff, 0xff, 0xff, 0x50, 0xfa, 0x9, 0xf0, 0x3e,
    0xfd, 0xdf, 0xfd, 0xde, 0xf5, 0xf, 0xa0, 0x9f,
    0x0, 0xeb, 0x0, 0x9f, 0x0, 0x4f, 0x50, 0xfa,
    0x9, 0xf0, 0xe, 0xb0, 0x9, 0xf0, 0x4, 0xf5,
    0xf, 0xa0, 0x9f, 0x0, 0xeb, 0x0, 0x9f, 0x0,
    0x4f, 0x50, 0xfa, 0x9, 0xf0, 0x5e, 0xd5, 0x5b,
    0xf5, 0x58, 0xf9, 0x3f, 0xa0, 0x9f, 0xf, 0xff,
    0xff, 0xff, 0xff, 0xff, 0xfa, 0xfa, 0x9, 0xf0,
    0x44, 0x44, 0x4f, 0xfa, 0x44, 0x44, 0x2f, 0xfd,
    0xff, 0x0, 0x0, 0x6, 0xff, 0xe1, 0x0, 0x0,
    0xff, 0xff, 0xf0, 0x0, 0x3, 0xfe, 0x5f, 0xb0,
    0x0, 0xf, 0xa0, 0x0, 0x0, 0x5, 0xff, 0x50,
    0xaf, 0xb1, 0x0, 0xfa, 0x0, 0x0, 0x4c, 0xff,
    0x60, 0x0, 0xbf, 0xe6, 0x0, 0x0, 0x0, 0xcf,
    0xfd, 0x30, 0x0, 0x0, 0x9f, 0xf9, 0x0, 0x0,
    0x4, 0xd5, 0x0, 0x0, 0x0, 0x0, 0x3b, 0x30,
    0x0, 0x0, 0x0, 0x0, 0x0, 0x0, 0x0, 0x0,
    0x0,

    /* U+5668 "器" */
    0x0, 0x9f, 0xff, 0xff, 0xfc, 0x5, 0xff, 0xff,
    0xff, 0xf1, 0x0, 0x9, 0xf8, 0x88, 0x8f, 0xc0,
    0x5f, 0xa8, 0x88, 0xcf, 0x10, 0x0, 0x9f, 0x0,
    0x0, 0xec, 0x5, 0xf5, 0x0, 0x8, 0xf1, 0x0,
    0x9, 0xf0, 0x0, 0xe, 0xc0, 0x5f, 0x50, 0x0,
    0x8f, 0x10, 0x0, 0x9f, 0xff, 0xff, 0xfc, 0x5,
    0xff, 0xff, 0xff, 0xf1, 0x0, 0x5, 0x88, 0x88,
    0x88, 0x60, 0x28, 0x88, 0x88, 0x88, 0x0, 0x0,
    0x0, 0x0, 0x0, 0x5, 0xf9, 0x0, 0x8e, 0x20,
    0x0, 0x0, 0x0, 0x0, 0x0, 0x0, 0x9f, 0x50,
    0x5, 0xfa, 0x0, 0x0, 0x8, 0xff, 0xff, 0xff,
    0xff, 0xff, 0xff, 0xff, 0xff, 0xff, 0x0, 0x5a,
    0xaa, 0xaa, 0xcf, 0xfa, 0xef, 0xea, 0xaa, 0xaa,
    0xa0, 0x0, 0x0, 0x4, 0xaf, 0xe5, 0x1, 0xaf,
    0xd6, 0x10, 0x0, 0x0, 0x69, 0xcf, 0xfd, 0x71,
    0x0, 0x0, 0x29, 0xff, 0xea, 0x83, 0xc, 0xff,
    0xea, 0x88, 0x86, 0x2, 0x88, 0x88, 0xcf, 0xff,
    0x40, 0x17, 0xff, 0xff, 0xff, 0xc0, 0x5f, 0xff,
    0xff, 0xff, 0x0, 0x0, 0x7f, 0x30, 0x0, 0xec,
    0x5, 0xf4, 0x0, 0xb, 0xf0, 0x0, 0x7, 0xf3,
    0x0, 0xe, 0xc0, 0x5f, 0x40, 0x0, 0xbf, 0x0,
    0x0, 0x7f, 0x31, 0x11, 0xec, 0x5, 0xf5, 0x11,
    0x1b, 0xf0, 0x0, 0x7, 0xff, 0xff, 0xff, 0xc0,
    0x5f, 0xff, 0xff, 0xff, 0x0, 0x0, 0x7f, 0x86,
    0x66, 0xec, 0x5, 0xf9, 0x66, 0x6d, 0xf0, 0x0,

    /* U+56DE "回" */
    0xdf, 0xff, 0xff, 0xff, 0xff, 0xff, 0xff, 0xff,
    0xfe, 0xff, 0xff, 0xff, 0xff, 0xff, 0xff, 0xff,
    0xff, 0xef, 0x0, 0x0, 0x0, 0x0, 0x0, 0x0,
    0xe, 0xfe, 0xf0, 0x0, 0x0, 0x0, 0x0, 0x0,
    0x0, 0xef, 0xef, 0x0, 0x0, 0x0, 0x0, 0x0,
    0x0, 0xe, 0xfe, 0xf0, 0x0, 0xdd, 0xdd, 0xdd,
    0xdb, 0x0, 0xef, 0xef, 0x0, 0xf, 0xff, 0xff,
    0xff, 0xd0, 0xe, 0xfe, 0xf0, 0x0, 0xfd, 0x0,
    0x0, 0xfd, 0x0, 0xef, 0xef, 0x0, 0xf, 0xd0,
    0x0, 0xf, 0xd0, 0xe, 0xfe, 0xf0, 0x0, 0xfd,
    0x0, 0x0, 0xfd, 0x0, 0xef, 0xef, 0x0, 0xf,
    0xd0, 0x0, 0xf, 0xd0, 0xe, 0xfe, 0xf0, 0x0,
    0xff, 0xdd, 0xdd, 0xfd, 0x0, 0xef, 0xef, 0x0,
    0xf, 0xff, 0xff, 0xff, 0xd0, 0xe, 0xfe, 0xf0,
    0x0, 0x0, 0x0, 0x0, 0x0, 0x0, 0xef, 0xef,
    0x0, 0x0, 0x0, 0x0, 0x0, 0x0, 0xe, 0xfe,
    0xf0, 0x0, 0x0, 0x0, 0x0, 0x0, 0x0, 0xef,
    0xef, 0xdd, 0xdd, 0xdd, 0xdd, 0xdd, 0xdd, 0xdf,
    0xfe, 0xff, 0xff, 0xff, 0xff, 0xff, 0xff, 0xff,
    0xff, 0xef, 0x0, 0x0, 0x0, 0x0, 0x0, 0x0,
    0xe, 0xf0,

    /* U+56FA "固" */
    0xbd, 0xdd, 0xdd, 0xdd, 0xdd, 0xdd, 0xdd, 0xdd,
    0xdb, 0xdf, 0xff, 0xff, 0xff, 0xff, 0xff, 0xff,
    0xff, 0xfe, 0xdf, 0x0, 0x0, 0x0, 0x0, 0x0,
    0x0, 0x0, 0xfe, 0xdf, 0x0, 0x0, 0x2, 0xf9,
    0x0, 0x0, 0x0, 0xfe, 0xdf, 0x0, 0x0, 0x2,
    0xf9, 0x0, 0x0, 0x0, 0xfe, 0xdf, 0xf, 0xff,
    0xff, 0xff, 0xff, 0xff, 0x60, 0xfe, 0xdf, 0xa,
    0xaa, 0xab, 0xfd, 0xaa, 0xaa, 0x40, 0xfe, 0xdf,
    0x0, 0x0, 0x2, 0xf9, 0x0, 0x0, 0x0, 0xfe,
    0xdf, 0x0, 0x0, 0x2, 0xf9, 0x0, 0x0, 0x0,
    0xfe, 0xdf, 0x0, 0x9f, 0xff, 0xff, 0xff, 0xf1,
    0x0, 0xfe, 0xdf, 0x0, 0x9f, 0x99, 0x99, 0x9d,
    0xf1, 0x0, 0xfe, 0xdf, 0x0, 0x9f, 0x10, 0x0,
    0x9, 0xf1, 0x0, 0xfe, 0xdf, 0x0, 0x9f, 0x10,
    0x0, 0x9, 0xf1, 0x0, 0xfe, 0xdf, 0x0, 0x9f,
    0x87, 0x77, 0x7c, 0xf1, 0x0, 0xfe, 0xdf, 0x0,
    0x9f, 0xff, 0xff, 0xff, 0xf1, 0x0, 0xfe, 0xdf,
    0x0, 0x0, 0x0, 0x0, 0x0, 0x0, 0x0, 0xfe,
    0xdf, 0x0, 0x0, 0x0, 0x0, 0x0, 0x0, 0x0,
    0xfe, 0xdf, 0xff, 0xff, 0xff, 0xff, 0xff, 0xff,
    0xff, 0xfe, 0xdf, 0xdd, 0xdd, 0xdd, 0xdd, 0xdd,
    0xdd, 0xdd, 0xfe,

    /* U+56FE "图" */
    0xbd, 0xdd, 0xdd, 0xdd, 0xdd, 0xdd, 0xdd, 0xdd,
    0xdb, 0xdf, 0xff, 0xff, 0xff, 0xff, 0xff, 0xff,
    0xff, 0xfd, 0xdf, 0x0, 0x0, 0x74, 0x0, 0x0,
    0x0, 0x0, 0xfd, 0xdf, 0x0, 0x7, 0xf5, 0x0,
    0x0, 0x0, 0x0, 0xfd, 0xdf, 0x0, 0x5f, 0xff,
    0xff, 0xff, 0xfe, 0x0, 0xfd, 0xdf, 0x5, 0xff,
    0xc2, 0x22, 0x2b, 0xf8, 0x0, 0xfd, 0xdf, 0x3f,
    0x94, 0xfc, 0x12, 0xbf, 0x70, 0x0, 0xfd, 0xdf,
    0x5, 0x0, 0x3e, 0xef, 0xe4, 0x0, 0x0, 0xfd,
    0xdf, 0x0, 0x4, 0xaf, 0xff, 0xf9, 0x40, 0x0,
    0xfd, 0xdf, 0x3a, 0xff, 0xfa, 0x23, 0xaf, 0xff,
    0xc4, 0xfd, 0xdf, 0x3f, 0xb7, 0x95, 0x20, 0x0,
    0x59, 0xd1, 0xfd, 0xdf, 0x1, 0x2, 0xdf, 0xff,
    0xc8, 0x10, 0x0, 0xfd, 0xdf, 0x0, 0x0, 0x0,
    0x47, 0xae, 0x10, 0x0, 0xfd, 0xdf, 0x0, 0xba,
    0x74, 0x10, 0x0, 0x0, 0x0, 0xfd, 0xdf, 0x0,
    0x9c, 0xff, 0xfe, 0xa7, 0x30, 0x0, 0xfd, 0xdf,
    0x0, 0x0, 0x3, 0x69, 0xdf, 0xf2, 0x0, 0xfd,
    0xdf, 0x0, 0x0, 0x0, 0x0, 0x0, 0x40, 0x0,
    0xfd, 0xdf, 0xff, 0xff, 0xff, 0xff, 0xff, 0xff,
    0xff, 0xfd, 0xdf, 0x99, 0x99, 0x99, 0x99, 0x99,
    0x99, 0x99, 0xfd,

    /* U+5706 "圆" */
    0x89, 0x99, 0x99, 0x99, 0x99, 0x99, 0x99, 0x99,
    0x98, 0xdf, 0xff, 0xff, 0xff, 0xff, 0xff, 0xff,
    0xff, 0xfd, 0xdf, 0x0, 0x0, 0x0, 0x0, 0x0,
    0x0, 0x0, 0xfd, 0xdf, 0x0, 0x7f, 0xff, 0xff,
    0xff, 0xfd, 0x0, 0xfd, 0xdf, 0x0, 0x7f, 0x52,
    0x22, 0x22, 0xfd, 0x0, 0xfd, 0xdf, 0x0, 0x7f,
    0x86, 0x66, 0x66, 0xfd, 0x0, 0xfd, 0xdf, 0x0,
    0x5c, 0xcc, 0xcc, 0xcc, 0xca, 0x0, 0xfd, 0xdf,
    0x0, 0x0, 0x0, 0x0, 0x0, 0x0, 0x0, 0xfd,
    0xdf, 0x0, 0xff, 0xff, 0xff, 0xff, 0xff, 0x40,
    0xfd, 0xdf, 0x0, 0xfe, 0x55, 0x55, 0x55, 0xaf,
    0x40, 0xfd, 0xdf, 0x0, 0xfd, 0x0, 0x85, 0x0,
    0x7f, 0x40, 0xfd, 0xdf, 0x0, 0xfd, 0x1, 0xf8,
    0x0, 0x7f, 0x40, 0xfd, 0xdf, 0x0, 0xca, 0x6,
    0xfc, 0x40, 0x5b, 0x30, 0xfd, 0xdf, 0x0, 0x0,
    0x7f, 0xce, 0xfd, 0x70, 0x0, 0xfd, 0xdf, 0x6,
    0xaf, 0xfb, 0x0, 0x5d, 0xff, 0x80, 0xfd, 0xdf,
    0xe, 0xfb, 0x40, 0x0, 0x0, 0x4c, 0xd0, 0xfd,
    0xdf, 0x3, 0x10, 0x0, 0x0, 0x0, 0x0, 0x10,
    0xfd, 0xdf, 0xff, 0xff, 0xff, 0xff, 0xff, 0xff,
    0xff, 0xfd, 0xdf, 0x99, 0x99, 0x99, 0x99, 0x99,
    0x99, 0x99, 0xfd,

    /* U+5708 "圈" */
    0x89, 0x99, 0x99, 0x99, 0x99, 0x99, 0x99, 0x99,
    0x98, 0xdf, 0xff, 0xff, 0xff, 0xff, 0xff, 0xff,
    0xff, 0xfd, 0xdf, 0x0, 0x82, 0x0, 0xaa, 0x0,
    0x55, 0x0, 0xfd, 0xdf, 0x0, 0xce, 0x20, 0xf9,
    0x5, 0xfa, 0x0, 0xfd, 0xdf, 0x0, 0xc, 0x53,
    0xf5, 0xb, 0x90, 0x0, 0xfd, 0xdf, 0xf, 0xff,
    0xff, 0xff, 0xff, 0xff, 0xb0, 0xfd, 0xdf, 0x2,
    0x22, 0x2f, 0xc2, 0x22, 0x22, 0x10, 0xfd, 0xdf,
    0x15, 0x55, 0x8f, 0xa5, 0x55, 0x55, 0x51, 0xfd,
    0xdf, 0x5f, 0xff, 0xff, 0xff, 0xff, 0xff, 0xf3,
    0xfd, 0xdf, 0x0, 0x4e, 0xc1, 0x0, 0x2e, 0xc1,
    0x0, 0xfd, 0xdf, 0x2a, 0xff, 0xff, 0xff, 0xff,
    0xef, 0x82, 0xfd, 0xdf, 0xbf, 0x9f, 0x72, 0x22,
    0x6f, 0x2b, 0xfa, 0xfd, 0xdf, 0x55, 0x2f, 0x60,
    0x22, 0x9f, 0x0, 0x74, 0xfd, 0xdf, 0x0, 0x2f,
    0x60, 0xff, 0xf8, 0x8d, 0x0, 0xfd, 0xdf, 0x0,
    0x1f, 0x90, 0x0, 0x1, 0xce, 0x0, 0xfd, 0xdf,
    0x0, 0xb, 0xff, 0xff, 0xff, 0xf8, 0x0, 0xfd,
    0xdf, 0x0, 0x0, 0x1, 0x11, 0x10, 0x0, 0x0,
    0xfd, 0xdf, 0xff, 0xff, 0xff, 0xff, 0xff, 0xff,
    0xff, 0xfd, 0xdf, 0x99, 0x99, 0x99, 0x99, 0x99,
    0x99, 0x99, 0xfd,

    /* U+5728 "在" */
    0x0, 0x0, 0x0, 0x0, 0x99, 0x10, 0x0, 0x0,
    0x0, 0x0, 0x0, 0x0, 0x0, 0x0, 0x1f, 0xe0,
    0x0, 0x0, 0x0, 0x0, 0x0, 0x0, 0x0, 0x0,
    0x7, 0xf9, 0x0, 0x0, 0x0, 0x0, 0x0, 0x0,
    0xff, 0xff, 0xff, 0xff, 0xff, 0xff, 0xff, 0xff,
    0xff, 0xf1, 0xd, 0xdd, 0xdd, 0xef, 0xed, 0xdd,
    0xdd, 0xdd, 0xdd, 0xdd, 0x0, 0x0, 0x0, 0xd,
    0xf4, 0x0, 0x0, 0x0, 0x0, 0x0, 0x0, 0x0,
    0x0, 0x7, 0xfb, 0x0, 0x0, 0x6e, 0x60, 0x0,
    0x0, 0x0, 0x0, 0x2, 0xff, 0x20, 0x0, 0x7,
    0xf7, 0x0, 0x0, 0x0, 0x0, 0x0, 0xcf, 0x80,
    0x0, 0x0, 0x7f, 0x70, 0x0, 0x0, 0x0, 0x0,
    0x9f, 0xe0, 0x0, 0x0, 0x7, 0xf7, 0x0, 0x0,
    0x0, 0x0, 0x7f, 0xfc, 0x6, 0xff, 0xff, 0xff,
    0xff, 0xff, 0xf7, 0x0, 0x7f, 0xff, 0xc0, 0x5d,
    0xdd, 0xde, 0xfe, 0xdd, 0xdd, 0x60, 0x1f, 0xf8,
    0xfc, 0x0, 0x0, 0x0, 0x7f, 0x70, 0x0, 0x0,
    0x0, 0xb5, 0x1f, 0xc0, 0x0, 0x0, 0x7, 0xf7,
    0x0, 0x0, 0x0, 0x0, 0x1, 0xfc, 0x0, 0x0,
    0x0, 0x7f, 0x70, 0x0, 0x0, 0x0, 0x0, 0x1f,
    0xc0, 0x0, 0x0, 0x7, 0xf7, 0x0, 0x0, 0x0,
    0x0, 0x1, 0xfc, 0x0, 0x0, 0x0, 0x7f, 0x70,
    0x0, 0x0, 0x0, 0x0, 0x1f, 0xc3, 0xdd, 0xdd,
    0xde, 0xfe, 0xdd, 0xdd, 0xd3, 0x0, 0x1, 0xfc,
    0x4f, 0xff, 0xff, 0xff, 0xff, 0xff, 0xff, 0x40,
    0x0, 0x1f, 0xc0, 0x0, 0x0, 0x0, 0x0, 0x0,
    0x0, 0x0,

    /* U+5730 "地" */
    0x0, 0x5, 0x40, 0x0, 0x0, 0x0, 0xad, 0x0,
    0x0, 0x0, 0x0, 0x0, 0xfd, 0x0, 0x0, 0x0,
    0xd, 0xf0, 0x0, 0x0, 0x0, 0x0, 0xf, 0xd0,
    0x0, 0xce, 0x0, 0xdf, 0x0, 0x0, 0x0, 0x0,
    0x0, 0xfd, 0x0, 0xd, 0xf0, 0xd, 0xf0, 0x0,
    0x0, 0x0, 0x0, 0xf, 0xd0, 0x0, 0xdf, 0x0,
    0xdf, 0x0, 0x5a, 0xe0, 0x0, 0x22, 0xfd, 0x21,
    0xd, 0xf0, 0xd, 0xfb, 0xff, 0xff, 0x0, 0x3f,
    0xff, 0xff, 0xa0, 0xdf, 0x5b, 0xff, 0xfe, 0x9f,
    0xe0, 0x2, 0xaa, 0xff, 0xa7, 0x4e, 0xff, 0xff,
    0xf3, 0x0, 0xee, 0x0, 0x0, 0xf, 0xd0, 0xdf,
    0xff, 0x93, 0xdf, 0x0, 0xf, 0xd0, 0x0, 0x0,
    0xfd, 0x9, 0x9e, 0xf0, 0xd, 0xf0, 0x0, 0xfc,
    0x0, 0x0, 0xf, 0xd0, 0x0, 0xdf, 0x0, 0xdf,
    0x0, 0x1f, 0xc0, 0x0, 0x0, 0xfd, 0x0, 0xd,
    0xf0, 0xd, 0xf0, 0x2, 0xfb, 0x0, 0x0, 0xf,
    0xd0, 0x0, 0xdf, 0x0, 0xdf, 0x4b, 0xef, 0xa0,
    0x0, 0x0, 0xfd, 0x0, 0xd, 0xf0, 0xd, 0xf3,
    0xff, 0xe3, 0x0, 0x0, 0xf, 0xd2, 0x72, 0xdf,
    0x0, 0xdf, 0x1, 0x10, 0x9b, 0x10, 0x3, 0xff,
    0xff, 0x5d, 0xf0, 0xd, 0xf0, 0x0, 0xb, 0xf1,
    0x4e, 0xff, 0xfb, 0x50, 0xdf, 0x0, 0x0, 0x0,
    0x0, 0xbf, 0x14, 0xfc, 0x61, 0x0, 0xd, 0xf3,
    0x0, 0x0, 0x0, 0xe, 0xf0, 0x1, 0x0, 0x0,
    0x0, 0xaf, 0xfd, 0xdd, 0xdd, 0xdf, 0xfd, 0x0,
    0x0, 0x0, 0x0, 0x2, 0xbf, 0xff, 0xff, 0xff,
    0xfd, 0x40,

    /* U+5747 "均" */
    0x0, 0x6, 0x70, 0x0, 0x0, 0x69, 0x20, 0x0,
    0x0, 0x0, 0x0, 0xe, 0xf0, 0x0, 0x0, 0xef,
    0x20, 0x0, 0x0, 0x0, 0x0, 0xe, 0xf0, 0x0,
    0x5, 0xfc, 0x0, 0x0, 0x0, 0x0, 0x0, 0xe,
    0xf0, 0x0, 0xc, 0xfd, 0xbb, 0xbb, 0xbb, 0xb1,
    0x0, 0xe, 0xf0, 0x0, 0x5f, 0xff, 0xff, 0xff,
    0xff, 0xf1, 0x0, 0xe, 0xf0, 0x0, 0xef, 0x64,
    0x44, 0x44, 0x4e, 0xf0, 0x4f, 0xff, 0xff, 0xf8,
    0xfb, 0x0, 0x0, 0x0, 0xd, 0xf0, 0x5f, 0xff,
    0xff, 0xf7, 0xe2, 0xa2, 0x0, 0x0, 0xe, 0xf0,
    0x0, 0xe, 0xf0, 0x0, 0x4, 0xfe, 0x30, 0x0,
    0xe, 0xf0, 0x0, 0xe, 0xf0, 0x0, 0x0, 0x5f,
    0xf4, 0x0, 0xf, 0xf0, 0x0, 0xe, 0xf0, 0x0,
    0x0, 0x5, 0xf7, 0x0, 0xf, 0xe0, 0x0, 0xe,
    0xf0, 0x0, 0x0, 0x0, 0x20, 0x6e, 0x1f, 0xe0,
    0x0, 0xe, 0xf0, 0x0, 0x0, 0x0, 0x7e, 0xff,
    0x3f, 0xd0, 0x0, 0xe, 0xf0, 0x0, 0x0, 0x7e,
    0xff, 0xa2, 0xf, 0xd0, 0x0, 0xe, 0xf5, 0xa5,
    0x8f, 0xff, 0x92, 0x0, 0xf, 0xd0, 0x1, 0x6f,
    0xff, 0xf7, 0xdf, 0x81, 0x0, 0x0, 0x1f, 0xc0,
    0x9f, 0xff, 0xe9, 0x40, 0x31, 0x0, 0x0, 0x0,
    0x2f, 0xb0, 0x9e, 0x94, 0x0, 0x0, 0x0, 0x0,
    0x0, 0x0, 0x8f, 0xa0, 0x10, 0x0, 0x0, 0x0,
    0x0, 0x1, 0xef, 0xff, 0xff, 0x70, 0x0, 0x0,
    0x0, 0x0, 0x0, 0x0, 0xef, 0xff, 0xe9, 0x0,

    /* U+574F "坏" */
    0x0, 0x5, 0x60, 0x0, 0x0, 0x0, 0x0, 0x0,
    0x0, 0x0, 0x0, 0xd, 0xf0, 0x0, 0x0, 0x0,
    0x0, 0x0, 0x0, 0x0, 0x0, 0xd, 0xf0, 0xf,
    0xff, 0xff, 0xff, 0xff, 0xff, 0xf0, 0x0, 0xd,
    0xf0, 0xe, 0xee, 0xee, 0xff, 0xfe, 0xee, 0xe0,
    0x0, 0xd, 0xf0, 0x0, 0x0, 0x0, 0xaf, 0x50,
    0x0, 0x0, 0x0, 0xd, 0xf0, 0x0, 0x0, 0x1,
    0xfe, 0x0, 0x0, 0x0, 0x9f, 0xff, 0xff, 0xf8,
    0x0, 0x8, 0xfc, 0x0, 0x0, 0x0, 0x8e, 0xef,
    0xfe, 0xe7, 0x0, 0x1f, 0xfc, 0x0, 0x0, 0x0,
    0x0, 0xd, 0xf0, 0x0, 0x0, 0xaf, 0xfc, 0x35,
    0x0, 0x0, 0x0, 0xd, 0xf0, 0x0, 0x4, 0xff,
    0xfc, 0xef, 0x30, 0x0, 0x0, 0xd, 0xf0, 0x0,
    0x1e, 0xf8, 0xfc, 0x5f, 0xe1, 0x0, 0x0, 0xd,
    0xf0, 0x0, 0xcf, 0xb1, 0xfc, 0x8, 0xfb, 0x0,
    0x0, 0xd, 0xf0, 0xb, 0xfe, 0x11, 0xfc, 0x0,
    0xcf, 0x80, 0x0, 0xd, 0xf0, 0x5f, 0xe2, 0x1,
    0xfc, 0x0, 0x1e, 0xf3, 0x0, 0xd, 0xf0, 0x16,
    0x30, 0x1, 0xfc, 0x0, 0x4, 0xc0, 0x1, 0x4e,
    0xfe, 0xf6, 0x0, 0x1, 0xfc, 0x0, 0x0, 0x0,
    0xcf, 0xff, 0xff, 0xd7, 0x0, 0x1, 0xfc, 0x0,
    0x0, 0x0, 0xcd, 0xa7, 0x30, 0x0, 0x0, 0x1,
    0xfc, 0x0, 0x0, 0x0, 0x0, 0x0, 0x0, 0x0,
    0x0, 0x1, 0xfc, 0x0, 0x0, 0x0, 0x0, 0x0,
    0x0, 0x0, 0x0, 0x1, 0xfc, 0x0, 0x0, 0x0,

    /* U+5750 "坐" */
    0x0, 0x0, 0x0, 0x0, 0x2, 0x52, 0x0, 0x0,
    0x0, 0x0, 0x0, 0x0, 0x0, 0x0, 0x0, 0x7f,
    0x70, 0x0, 0x0, 0x0, 0x0, 0x0, 0x0, 0x6d,
    0x40, 0x7, 0xf7, 0x0, 0xb, 0xc0, 0x0, 0x0,
    0x0, 0xa, 0xf4, 0x0, 0x7f, 0x70, 0x1, 0xfd,
    0x0, 0x0, 0x0, 0x0, 0xef, 0x0, 0x7, 0xf7,
    0x0, 0x5f, 0x80, 0x0, 0x0, 0x0, 0x5f, 0xe1,
    0x0, 0x7f, 0x70, 0xc, 0xf8, 0x0, 0x0, 0x0,
    0xc, 0xff, 0xb0, 0x7, 0xf7, 0x3, 0xff, 0xf6,
    0x0, 0x0, 0x6, 0xfc, 0x9f, 0x90, 0x7f, 0x70,
    0xcf, 0x5e, 0xf4, 0x0, 0x1, 0xef, 0x30, 0xcf,
    0x67, 0xf7, 0x7f, 0xa0, 0x3f, 0xf3, 0x0, 0xbf,
    0x80, 0x2, 0xfd, 0x7f, 0x8e, 0xe1, 0x0, 0x5f,
    0xe0, 0xa, 0xc0, 0x0, 0x4, 0x17, 0xf7, 0x24,
    0x0, 0x0, 0x73, 0x0, 0x1, 0x0, 0x0, 0x0,
    0x7f, 0x70, 0x0, 0x0, 0x0, 0x0, 0x0, 0x5d,
    0xdd, 0xdd, 0xde, 0xfe, 0xdd, 0xdd, 0xdd, 0x40,
    0x0, 0x6, 0xff, 0xff, 0xff, 0xff, 0xff, 0xff,
    0xff, 0xf5, 0x0, 0x0, 0x0, 0x0, 0x0, 0x7,
    0xf7, 0x0, 0x0, 0x0, 0x0, 0x0, 0x0, 0x0,
    0x0, 0x0, 0x7f, 0x70, 0x0, 0x0, 0x0, 0x0,
    0x0, 0x0, 0x0, 0x0, 0x7, 0xf7, 0x0, 0x0,
    0x0, 0x0, 0x0, 0x0, 0x0, 0x0, 0x0, 0x7f,
    0x70, 0x0, 0x0, 0x0, 0x0, 0xf, 0xff, 0xff,
    0xff, 0xff, 0xff, 0xff, 0xff, 0xff, 0xff, 0x0,
    0xdd, 0xdd, 0xdd, 0xdd, 0xdd, 0xdd, 0xdd, 0xdd,
    0xdd, 0xd0,

    /* U+5757 "块" */
    0x0, 0x8, 0x70, 0x0, 0x0, 0x9, 0xb0, 0x0,
    0x0, 0x0, 0x0, 0x0, 0xfd, 0x0, 0x0, 0x0,
    0xdf, 0x0, 0x0, 0x0, 0x0, 0x0, 0xf, 0xd0,
    0x0, 0x0, 0xd, 0xf0, 0x0, 0x0, 0x0, 0x0,
    0x0, 0xfd, 0x0, 0x24, 0x44, 0xef, 0x44, 0x44,
    0x40, 0x0, 0x0, 0xf, 0xd0, 0xa, 0xff, 0xff,
    0xff, 0xff, 0xff, 0x20, 0x0, 0x0, 0xfd, 0x0,
    0x59, 0x99, 0xff, 0x99, 0x9d, 0xf2, 0x0, 0x6d,
    0xdf, 0xfd, 0xd2, 0x0, 0xe, 0xf0, 0x0, 0xaf,
    0x20, 0x7, 0xff, 0xff, 0xff, 0x20, 0x0, 0xef,
    0x0, 0xa, 0xf2, 0x0, 0x0, 0xf, 0xd0, 0x0,
    0x0, 0xe, 0xf0, 0x0, 0xaf, 0x20, 0x0, 0x0,
    0xfd, 0x0, 0x0, 0x0, 0xef, 0x0, 0xa, 0xf2,
    0x0, 0x0, 0xf, 0xd0, 0x3d, 0xdd, 0xdf, 0xfd,
    0xdd, 0xff, 0xdd, 0x0, 0x0, 0xfd, 0x4, 0xff,
    0xff, 0xff, 0xff, 0xff, 0xff, 0xf0, 0x0, 0xf,
    0xd0, 0x0, 0x0, 0x4f, 0xf8, 0x0, 0x0, 0x0,
    0x0, 0x0, 0xfd, 0x1, 0x0, 0x9, 0xff, 0xf1,
    0x0, 0x0, 0x0, 0x0, 0xf, 0xeb, 0xf2, 0x2,
    0xfe, 0x8f, 0xa0, 0x0, 0x0, 0x2, 0x8c, 0xff,
    0xfe, 0x20, 0xcf, 0x70, 0xdf, 0x70, 0x0, 0x0,
    0x6f, 0xfd, 0x83, 0x0, 0xaf, 0xc0, 0x2, 0xff,
    0x90, 0x0, 0x2, 0x83, 0x0, 0x2, 0xcf, 0xd1,
    0x0, 0x4, 0xff, 0xd5, 0x0, 0x0, 0x0, 0x5,
    0xff, 0xd1, 0x0, 0x0, 0x2, 0xcf, 0xfc, 0x0,
    0x0, 0x0, 0x2f, 0x90, 0x0, 0x0, 0x0, 0x0,
    0x6e, 0x60, 0x0, 0x0, 0x0, 0x20, 0x0, 0x0,
    0x0, 0x0, 0x0, 0x0, 0x0,

    /* U+5761 "坡" */
    0x0, 0x3, 0x40, 0x0, 0x0, 0x0, 0x6, 0x80,
    0x0, 0x0, 0x0, 0x0, 0xdf, 0x0, 0x0, 0x0,
    0x0, 0xdf, 0x0, 0x0, 0x0, 0x0, 0xd, 0xf0,
    0x0, 0x0, 0x0, 0xd, 0xf0, 0x0, 0x0, 0x0,
    0x0, 0xdf, 0x0, 0xd, 0xdd, 0xdd, 0xff, 0xdd,
    0xdd, 0xd0, 0x0, 0xd, 0xf0, 0x0, 0xff, 0xff,
    0xff, 0xff, 0xff, 0xff, 0x0, 0x0, 0xdf, 0x0,
    0xf, 0xe0, 0x0, 0xdf, 0x0, 0xf, 0xd0, 0x2f,
    0xff, 0xff, 0xf4, 0xfe, 0x0, 0xd, 0xf0, 0x4,
    0xf8, 0x1, 0xdd, 0xff, 0xdd, 0x3f, 0xe0, 0x0,
    0xdf, 0x0, 0x28, 0x30, 0x0, 0xd, 0xf0, 0x0,
    0xfe, 0x0, 0xd, 0xf0, 0x0, 0x0, 0x0, 0x0,
    0xdf, 0x0, 0xf, 0xff, 0xff, 0xff, 0xff, 0xfe,
    0x0, 0x0, 0xd, 0xf0, 0x0, 0xff, 0xff, 0xdd,
    0xdd, 0xdf, 0xe0, 0x0, 0x0, 0xdf, 0x0, 0xf,
    0xd7, 0xf6, 0x0, 0x5, 0xf9, 0x0, 0x0, 0xd,
    0xf0, 0x1, 0xfc, 0x1f, 0xd0, 0x0, 0xdf, 0x20,
    0x0, 0x0, 0xdf, 0x3, 0x3f, 0xb0, 0x9f, 0x50,
    0x6f, 0xa0, 0x0, 0x0, 0xd, 0xfd, 0xf8, 0xf8,
    0x1, 0xff, 0x4f, 0xf2, 0x0, 0x2, 0x8d, 0xff,
    0xfb, 0xbf, 0x50, 0x6, 0xff, 0xf6, 0x0, 0x0,
    0x4f, 0xfc, 0x71, 0xe, 0xf1, 0x0, 0x3f, 0xff,
    0x30, 0x0, 0x1, 0x72, 0x0, 0x6, 0xfb, 0x0,
    0x7f, 0xfc, 0xff, 0x91, 0x0, 0x0, 0x0, 0x0,
    0xdf, 0x34, 0xdf, 0xe5, 0x5, 0xff, 0xf8, 0x10,
    0x0, 0x0, 0x7f, 0xb3, 0xff, 0xb1, 0x0, 0x1,
    0xaf, 0xf1, 0x0, 0x0, 0x1, 0x92, 0x8, 0x40,
    0x0, 0x0, 0x0, 0x36, 0x0,

    /* U+578B "型" */
    0x0, 0x0, 0x0, 0x0, 0x0, 0x0, 0x0, 0x0,
    0x7, 0x80, 0x5, 0xdd, 0xdd, 0xdd, 0xdd, 0xda,
    0x7, 0x60, 0xc, 0xf0, 0x7, 0xff, 0xff, 0xff,
    0xff, 0xfd, 0xe, 0xc0, 0xc, 0xf0, 0x0, 0x6,
    0xf5, 0x0, 0xed, 0x0, 0xe, 0xc0, 0xc, 0xf0,
    0x0, 0x6, 0xf5, 0x0, 0xed, 0x0, 0xe, 0xc0,
    0xc, 0xf0, 0x0, 0x6, 0xf5, 0x0, 0xed, 0x0,
    0xe, 0xc0, 0xc, 0xf0, 0xd, 0xde, 0xfe, 0xdd,
    0xff, 0xdd, 0x2e, 0xc0, 0xc, 0xf0, 0xf, 0xff,
    0xff, 0xff, 0xff, 0xff, 0x3e, 0xc0, 0xc, 0xf0,
    0x0, 0xb, 0xf1, 0x0, 0xed, 0x0, 0xe, 0xc0,
    0xc, 0xf0, 0x0, 0x2f, 0xd0, 0x0, 0xed, 0x0,
    0x1, 0x0, 0xe, 0xe0, 0x0, 0xcf, 0x60, 0x0,
    0xed, 0x0, 0x0, 0xcd, 0xff, 0xd0, 0xa, 0xfb,
    0x0, 0x0, 0x88, 0x0, 0x0, 0xcf, 0xfd, 0x40,
    0x3, 0xa0, 0x0, 0x0, 0x5, 0xa4, 0x0, 0x0,
    0x0, 0x0, 0x0, 0x0, 0x0, 0x0, 0x8, 0xf6,
    0x0, 0x0, 0x0, 0x0, 0x0, 0x3f, 0xff, 0xff,
    0xff, 0xff, 0xff, 0xff, 0xff, 0x0, 0x0, 0x2d,
    0xdd, 0xdd, 0xde, 0xfe, 0xdd, 0xdd, 0xdd, 0x0,
    0x0, 0x0, 0x0, 0x0, 0x8, 0xf6, 0x0, 0x0,
    0x0, 0x0, 0x0, 0x0, 0x0, 0x0, 0x8, 0xf6,
    0x0, 0x0, 0x0, 0x0, 0x2d, 0xdd, 0xdd, 0xdd,
    0xde, 0xfe, 0xdd, 0xdd, 0xdd, 0xdd, 0x3f, 0xff,
    0xff, 0xff, 0xff, 0xff, 0xff, 0xff, 0xff, 0xff,

    /* U+5806 "堆" */
    0x0, 0x4, 0x30, 0x0, 0x3, 0x73, 0x0, 0x32,
    0x0, 0x0, 0x0, 0xf, 0xd0, 0x0, 0x9, 0xf6,
    0x4, 0xf9, 0x0, 0x0, 0x0, 0xf, 0xd0, 0x0,
    0xe, 0xf1, 0x0, 0xee, 0x0, 0x0, 0x0, 0xf,
    0xd0, 0x0, 0x3f, 0xb0, 0x0, 0x9f, 0x30, 0x0,
    0x0, 0xf, 0xd0, 0x0, 0xaf, 0xff, 0xff, 0xff,
    0xff, 0xf9, 0x1, 0x1f, 0xd1, 0x11, 0xff, 0xdd,
    0xdd, 0xff, 0xdd, 0xd7, 0x3f, 0xff, 0xff, 0xc9,
    0xff, 0x0, 0x0, 0xfd, 0x0, 0x0, 0x17, 0x7f,
    0xe7, 0x7f, 0xff, 0x0, 0x0, 0xfd, 0x0, 0x0,
    0x0, 0xf, 0xd0, 0xbf, 0xef, 0xdd, 0xdd, 0xff,
    0xdd, 0xd2, 0x0, 0xf, 0xd1, 0xf9, 0xdf, 0xff,
    0xff, 0xff, 0xff, 0xf2, 0x0, 0xf, 0xd0, 0x91,
    0xdf, 0x0, 0x0, 0xfd, 0x0, 0x0, 0x0, 0xf,
    0xd0, 0x0, 0xdf, 0x0, 0x0, 0xfd, 0x0, 0x0,
    0x0, 0xf, 0xd0, 0x0, 0xdf, 0x0, 0x0, 0xfd,
    0x0, 0x0, 0x0, 0xf, 0xd0, 0x0, 0xdf, 0xff,
    0xff, 0xff, 0xff, 0xf2, 0x0, 0xf, 0xd4, 0xa4,
    0xdf, 0xdd, 0xdd, 0xff, 0xdd, 0xd2, 0x2, 0x7f,
    0xff, 0xf5, 0xdf, 0x0, 0x0, 0xfd, 0x0, 0x0,
    0xbf, 0xfe, 0xa5, 0x0, 0xdf, 0x0, 0x0, 0xfd,
    0x0, 0x0, 0x68, 0x30, 0x0, 0x0, 0xdf, 0xdd,
    0xdd, 0xff, 0xdd, 0xda, 0x0, 0x0, 0x0, 0x0,
    0xdf, 0xff, 0xff, 0xff, 0xff, 0xfc, 0x0, 0x0,
    0x0, 0x0, 0xdf, 0x0, 0x0, 0x0, 0x0, 0x0,

    /* U+584C "塌" */
    0x0, 0x4, 0x40, 0x0, 0x0, 0x0, 0x0, 0x0,
    0x0, 0x0, 0x0, 0xd, 0xf0, 0x0, 0x88, 0x88,
    0x88, 0x88, 0x88, 0x70, 0x0, 0xd, 0xf0, 0x0,
    0xff, 0xff, 0xff, 0xff, 0xff, 0xd0, 0x0, 0xd,
    0xf0, 0x0, 0xfa, 0x0, 0x0, 0x0, 0xf, 0xd0,
    0x0, 0xd, 0xf0, 0x0, 0xff, 0xff, 0xff, 0xff,
    0xff, 0xd0, 0x4, 0x4e, 0xf4, 0x30, 0xfc, 0x55,
    0x55, 0x55, 0x5f, 0xd0, 0x1f, 0xff, 0xff, 0xf0,
    0xfa, 0x0, 0x0, 0x0, 0xf, 0xd0, 0xa, 0xaf,
    0xfa, 0xa0, 0xff, 0xff, 0xff, 0xff, 0xff, 0xd0,
    0x0, 0xd, 0xf0, 0x0, 0x88, 0x88, 0x88, 0x88,
    0x88, 0x60, 0x0, 0xd, 0xf0, 0x0, 0x0, 0x0,
    0x0, 0x0, 0x0, 0x0, 0x0, 0xd, 0xf0, 0x5f,
    0xff, 0xff, 0x82, 0xff, 0xff, 0xf6, 0x0, 0xd,
    0xf0, 0x39, 0x99, 0x9f, 0x81, 0xaa, 0xac, 0xf6,
    0x0, 0xd, 0xf0, 0x8, 0x80, 0xf, 0x80, 0xb3,
    0x5, 0xf6, 0x0, 0xd, 0xf0, 0x5, 0xf6, 0xf,
    0x80, 0x9e, 0x15, 0xf6, 0x0, 0xd, 0xf8, 0x90,
    0x74, 0x8f, 0x80, 0x9, 0x4c, 0xf6, 0x5, 0x9f,
    0xff, 0xd2, 0x9f, 0xef, 0x80, 0x4b, 0xff, 0xf6,
    0x4f, 0xfd, 0x85, 0xbf, 0xd6, 0xf, 0x86, 0xfd,
    0x55, 0xf6, 0x7, 0x20, 0x0, 0xb5, 0x0, 0xf,
    0x80, 0x60, 0x5, 0xf6, 0x0, 0x0, 0x0, 0x0,
    0x99, 0xbf, 0x70, 0x29, 0x9d, 0xf5, 0x0, 0x0,
    0x0, 0x0, 0xff, 0xfc, 0x10, 0x2f, 0xff, 0xb0,

    /* U+5899 "墙" */
    0x0, 0x5, 0x60, 0x0, 0x0, 0x0, 0x19, 0x60,
    0x0, 0x0, 0x0, 0x0, 0xdf, 0x0, 0x0, 0x0,
    0x3, 0xfa, 0x0, 0x0, 0x0, 0x0, 0xd, 0xf0,
    0x5, 0x88, 0x88, 0x9f, 0xd8, 0x88, 0x88, 0x20,
    0x0, 0xdf, 0x0, 0xbf, 0xff, 0xff, 0xff, 0xff,
    0xff, 0xf4, 0x0, 0xd, 0xf0, 0x0, 0x38, 0x0,
    0x3f, 0xa0, 0x3, 0x90, 0x0, 0x24, 0xef, 0x42,
    0x7, 0xf8, 0x3, 0xfa, 0x2, 0xee, 0x10, 0xb,
    0xff, 0xff, 0xa0, 0x9, 0xf2, 0x3f, 0xa0, 0xbe,
    0x20, 0x0, 0x58, 0xef, 0x85, 0x66, 0x68, 0x68,
    0xfc, 0x66, 0x86, 0x66, 0x0, 0xd, 0xf0, 0xf,
    0xff, 0xff, 0xff, 0xff, 0xff, 0xff, 0xf0, 0x0,
    0xdf, 0x0, 0x11, 0x11, 0x11, 0x11, 0x11, 0x11,
    0x11, 0x0, 0xd, 0xf0, 0x2, 0x66, 0x66, 0x66,
    0x66, 0x66, 0x65, 0x0, 0x0, 0xdf, 0x0, 0x6f,
    0xff, 0xff, 0xff, 0xff, 0xff, 0xd0, 0x0, 0xd,
    0xf0, 0x6, 0xf5, 0x0, 0x0, 0x0, 0x0, 0xdd,
    0x0, 0x0, 0xdf, 0x0, 0x6f, 0x54, 0xff, 0xff,
    0xfb, 0xd, 0xd0, 0x0, 0xd, 0xf8, 0x96, 0xf5,
    0x4f, 0x32, 0x2b, 0xb0, 0xdd, 0x0, 0x38, 0xff,
    0xfe, 0x6f, 0x54, 0xf3, 0x22, 0xbb, 0xd, 0xd0,
    0x1f, 0xff, 0xd9, 0x56, 0xf5, 0x4f, 0xff, 0xff,
    0xb0, 0xdd, 0x0, 0x96, 0x20, 0x0, 0x6f, 0x50,
    0x0, 0x0, 0x0, 0xd, 0xd0, 0x0, 0x0, 0x0,
    0x6, 0xff, 0xff, 0xff, 0xff, 0xff, 0xfd, 0x0,
    0x0, 0x0, 0x0, 0x6f, 0x96, 0x66, 0x66, 0x66,
    0x6e, 0xd0,

    /* U+58F3 "壳" */
    0x0, 0x0, 0x0, 0x0, 0x9, 0x90, 0x0, 0x0,
    0x0, 0x0, 0x0, 0x0, 0x0, 0x0, 0xe, 0xf0,
    0x0, 0x0, 0x0, 0x0, 0x1a, 0xaa, 0xaa, 0xaa,
    0xaf, 0xfa, 0xaa, 0xaa, 0xaa, 0xa2, 0x2f, 0xff,
    0xff, 0xff, 0xff, 0xff, 0xff, 0xff, 0xff, 0xf3,
    0x0, 0x0, 0x0, 0x0, 0xe, 0xf0, 0x0, 0x0,
    0x0, 0x0, 0x0, 0x0, 0x0, 0x0, 0xe, 0xf0,
    0x0, 0x0, 0x0, 0x0, 0x0, 0x8f, 0xff, 0xff,
    0xff, 0xff, 0xff, 0xff, 0xfa, 0x0, 0x0, 0x59,
    0x99, 0x99, 0x99, 0x99, 0x99, 0x99, 0x96, 0x0,
    0x0, 0x0, 0x0, 0x0, 0x0, 0x0, 0x0, 0x0,
    0x0, 0x0, 0xd, 0xff, 0xff, 0xff, 0xff, 0xff,
    0xff, 0xff, 0xff, 0xd0, 0xd, 0xf9, 0x99, 0x99,
    0x99, 0x99, 0x99, 0x99, 0x9f, 0xd0, 0xd, 0xf0,
    0x0, 0x0, 0x0, 0x0, 0x0, 0x0, 0xf, 0xd0,
    0xd, 0xf0, 0x0, 0x0, 0x0, 0x0, 0x0, 0x0,
    0xf, 0xd0, 0x6, 0x70, 0x6, 0xff, 0xff, 0xff,
    0xff, 0x0, 0x4, 0x40, 0x0, 0x0, 0x6, 0xfe,
    0xdd, 0xdd, 0xff, 0x0, 0x0, 0x0, 0x0, 0x0,
    0x7, 0xf6, 0x0, 0x0, 0xef, 0x0, 0x3, 0x72,
    0x0, 0x0, 0xc, 0xf5, 0x0, 0x0, 0xef, 0x0,
    0x7, 0xf5, 0x0, 0x2, 0xbf, 0xe0, 0x0, 0x0,
    0xdf, 0x0, 0x9, 0xf5, 0x16, 0xcf, 0xfe, 0x30,
    0x0, 0x0, 0xcf, 0xfd, 0xef, 0xf2, 0x3f, 0xfe,
    0x81, 0x0, 0x0, 0x0, 0x5e, 0xff, 0xfe, 0x80,
    0x6, 0x40, 0x0, 0x0, 0x0, 0x0, 0x0, 0x0,
    0x0, 0x0,

    /* U+5907 "备" */
    0x0, 0x0, 0x0, 0x0, 0x0, 0x0, 0x0, 0x0,
    0x0, 0x0, 0x0, 0x0, 0x0, 0xbd, 0x40, 0x0,
    0x0, 0x0, 0x0, 0x0, 0x0, 0x0, 0x6, 0xfe,
    0x0, 0x0, 0x0, 0x0, 0x0, 0x0, 0x0, 0x0,
    0x4f, 0xff, 0xff, 0xff, 0xff, 0xff, 0xf3, 0x0,
    0x0, 0x3, 0xff, 0xda, 0xaa, 0xaa, 0xaa, 0xef,
    0xf2, 0x0, 0x0, 0x3f, 0xff, 0xf4, 0x0, 0x0,
    0x9, 0xff, 0x60, 0x0, 0x6, 0xff, 0x94, 0xff,
    0x70, 0x4, 0xdf, 0xe3, 0x0, 0x0, 0x9, 0xf7,
    0x0, 0x3e, 0xfc, 0xbf, 0xf9, 0x10, 0x0, 0x0,
    0x0, 0x30, 0x0, 0x29, 0xff, 0xff, 0xa1, 0x0,
    0x0, 0x0, 0x0, 0x25, 0x8d, 0xff, 0xfa, 0xbf,
    0xff, 0xd9, 0x63, 0x10, 0x3e, 0xff, 0xff, 0xc7,
    0x10, 0x2, 0x7d, 0xff, 0xff, 0xf5, 0xe, 0xc9,
    0x51, 0x0, 0x0, 0x0, 0x0, 0x15, 0x8b, 0xe2,
    0x0, 0xf, 0xff, 0xff, 0xff, 0xff, 0xff, 0xff,
    0xf2, 0x0, 0x0, 0xf, 0xe9, 0x99, 0x9e, 0xf9,
    0x99, 0x9d, 0xf2, 0x0, 0x0, 0xf, 0xd0, 0x0,
    0xd, 0xf0, 0x0, 0xb, 0xf2, 0x0, 0x0, 0xf,
    0xe8, 0x88, 0x8e, 0xf8, 0x88, 0x8d, 0xf2, 0x0,
    0x0, 0xf, 0xff, 0xff, 0xff, 0xff, 0xff, 0xff,
    0xf2, 0x0, 0x0, 0xf, 0xd0, 0x0, 0xd, 0xf0,
    0x0, 0xb, 0xf2, 0x0, 0x0, 0xf, 0xd0, 0x0,
    0xd, 0xf0, 0x0, 0xb, 0xf2, 0x0, 0x0, 0xf,
    0xff, 0xff, 0xff, 0xff, 0xff, 0xff, 0xf2, 0x0,
    0x0, 0xf, 0xe8, 0x88, 0x88, 0x88, 0x88, 0x8d,
    0xf2, 0x0,

    /* U+590D "复" */
    0x0, 0x0, 0x6b, 0x50, 0x0, 0x0, 0x0, 0x0,
    0x0, 0x0, 0x0, 0x1, 0xef, 0x20, 0x0, 0x0,
    0x0, 0x0, 0x0, 0x0, 0x0, 0xb, 0xff, 0xff,
    0xff, 0xff, 0xff, 0xff, 0xff, 0xf8, 0x0, 0x7f,
    0xd9, 0x99, 0x99, 0x99, 0x99, 0x99, 0x99, 0x94,
    0x4, 0xff, 0x20, 0x0, 0x0, 0x0, 0x0, 0x0,
    0x0, 0x0, 0x4f, 0xff, 0xff, 0xff, 0xff, 0xff,
    0xff, 0xff, 0xfe, 0x0, 0xcf, 0x5f, 0xe6, 0x66,
    0x66, 0x66, 0x66, 0x66, 0xfe, 0x0, 0x36, 0xf,
    0xd1, 0x11, 0x11, 0x11, 0x11, 0x11, 0xfe, 0x0,
    0x0, 0xf, 0xff, 0xff, 0xff, 0xff, 0xff, 0xff,
    0xfe, 0x0, 0x0, 0xf, 0xd1, 0x11, 0x11, 0x11,
    0x11, 0x11, 0xfe, 0x0, 0x0, 0xf, 0xe5, 0x55,
    0x55, 0x55, 0x55, 0x55, 0xfe, 0x0, 0x0, 0xf,
    0xff, 0xff, 0xff, 0xff, 0xff, 0xff, 0xfe, 0x0,
    0x0, 0x0, 0xb, 0xf7, 0x0, 0x0, 0x0, 0x0,
    0x0, 0x0, 0x0, 0x0, 0xaf, 0xe6, 0x66, 0x66,
    0x66, 0x66, 0x66, 0x0, 0x0, 0x1b, 0xff, 0xff,
    0xff, 0xff, 0xff, 0xff, 0xff, 0x0, 0x4, 0xef,
    0xae, 0xf8, 0x0, 0x0, 0x1, 0x9f, 0xe4, 0x0,
    0x7f, 0xf6, 0x1, 0xaf, 0xe8, 0x13, 0x9f, 0xf9,
    0x10, 0x0, 0x1a, 0x10, 0x0, 0x3, 0xef, 0xff,
    0xfc, 0x20, 0x0, 0x0, 0x0, 0x2, 0x58, 0xbf,
    0xff, 0xde, 0xff, 0xfc, 0x86, 0x42, 0x2d, 0xff,
    0xff, 0xea, 0x62, 0x0, 0x38, 0xcf, 0xff, 0xfc,
    0xc, 0xa7, 0x41, 0x0, 0x0, 0x0, 0x0, 0x0,
    0x25, 0x85,

    /* U+5916 "外" */
    0x0, 0x0, 0x0, 0x0, 0x0, 0x0, 0x0, 0x0,
    0x0, 0x0, 0x0, 0x0, 0x0, 0xdc, 0x10, 0x0,
    0x0, 0xdf, 0x0, 0x0, 0x0, 0x0, 0x0, 0x2f,
    0xf0, 0x0, 0x0, 0xd, 0xf0, 0x0, 0x0, 0x0,
    0x0, 0x6, 0xfb, 0x0, 0x0, 0x0, 0xdf, 0x0,
    0x0, 0x0, 0x0, 0x0, 0xcf, 0x70, 0x0, 0x0,
    0xd, 0xf0, 0x0, 0x0, 0x0, 0x0, 0x2f, 0xff,
    0xff, 0xff, 0x60, 0xdf, 0x0, 0x0, 0x0, 0x0,
    0x8, 0xff, 0xee, 0xee, 0xf6, 0xd, 0xf0, 0x0,
    0x0, 0x0, 0x0, 0xef, 0x50, 0x0, 0x9f, 0x40,
    0xdf, 0x20, 0x0, 0x0, 0x0, 0x6f, 0xd0, 0x0,
    0xd, 0xf1, 0xd, 0xff, 0x50, 0x0, 0x0, 0xe,
    0xfb, 0x0, 0x1, 0xfd, 0x0, 0xdf, 0xff, 0x90,
    0x0, 0x7, 0xff, 0xfd, 0x30, 0x7f, 0x80, 0xd,
    0xf3, 0xef, 0xb1, 0x0, 0xff, 0x5b, 0xff, 0x4d,
    0xf2, 0x0, 0xdf, 0x1, 0xcf, 0xd2, 0x6, 0x80,
    0x7, 0xc5, 0xfc, 0x0, 0xd, 0xf0, 0x0, 0xbf,
    0x20, 0x0, 0x0, 0x0, 0xdf, 0x40, 0x0, 0xdf,
    0x0, 0x0, 0x40, 0x0, 0x0, 0x0, 0x9f, 0xb0,
    0x0, 0xd, 0xf0, 0x0, 0x0, 0x0, 0x0, 0x0,
    0x5f, 0xe1, 0x0, 0x0, 0xdf, 0x0, 0x0, 0x0,
    0x0, 0x0, 0x4f, 0xf5, 0x0, 0x0, 0xd, 0xf0,
    0x0, 0x0, 0x0, 0x0, 0x4f, 0xf8, 0x0, 0x0,
    0x0, 0xdf, 0x0, 0x0, 0x0, 0x0, 0x6f, 0xf8,
    0x0, 0x0, 0x0, 0xd, 0xf0, 0x0, 0x0, 0x0,
    0x7f, 0xf8, 0x0, 0x0, 0x0, 0x0, 0xdf, 0x0,
    0x0, 0x0, 0x0, 0xc5, 0x0, 0x0, 0x0, 0x0,
    0xd, 0xf0, 0x0, 0x0, 0x0, 0x0, 0x0, 0x0,
    0x0, 0x0, 0x0, 0x0, 0x0, 0x0, 0x0,

    /* U+591A "多" */
    0x0, 0x0, 0x0, 0x0, 0x0, 0x0, 0x0, 0x0,
    0x0, 0x0, 0x0, 0x0, 0x0, 0x6, 0xf9, 0x0,
    0x0, 0x0, 0x0, 0x0, 0x0, 0x0, 0x7, 0xfe,
    0x30, 0x0, 0x0, 0x0, 0x0, 0x0, 0x0, 0x1b,
    0xff, 0xed, 0xdd, 0xdd, 0xdd, 0xd3, 0x0, 0x0,
    0x5e, 0xff, 0xff, 0xff, 0xff, 0xff, 0xff, 0x30,
    0x3, 0xcf, 0xfd, 0x0, 0x0, 0x0, 0x4, 0xef,
    0x80, 0x9, 0xff, 0xbd, 0xfd, 0x50, 0x0, 0x2a,
    0xfe, 0x30, 0x0, 0x2b, 0x30, 0x6, 0xed, 0x12,
    0x9f, 0xf9, 0x0, 0x0, 0x0, 0x0, 0x0, 0x1,
    0x7b, 0xff, 0x91, 0x0, 0x0, 0x0, 0x0, 0x1,
    0x6a, 0xff, 0xfd, 0xa1, 0x0, 0x0, 0x0, 0x16,
    0x9d, 0xff, 0xfb, 0x56, 0xfe, 0x20, 0x0, 0x0,
    0x3, 0xff, 0xd9, 0x50, 0x9, 0xff, 0xba, 0xaa,
    0xaa, 0xa9, 0x4, 0x10, 0x0, 0x4d, 0xff, 0xff,
    0xff, 0xff, 0xff, 0xe0, 0x0, 0x2, 0xbf, 0xf7,
    0x0, 0x0, 0x0, 0x3e, 0xf6, 0x0, 0x4b, 0xff,
    0xff, 0x80, 0x0, 0x0, 0x5f, 0xf5, 0x0, 0xaf,
    0xfa, 0x33, 0xcf, 0xe4, 0x1, 0xaf, 0xe4, 0x0,
    0x2, 0x92, 0x0, 0x0, 0x7c, 0x28, 0xff, 0xc1,
    0x0, 0x0, 0x0, 0x0, 0x0, 0x4, 0xaf, 0xfe,
    0x60, 0x0, 0x0, 0x0, 0x0, 0x16, 0xaf, 0xff,
    0xd6, 0x0, 0x0, 0x0, 0x2, 0x6a, 0xdf, 0xff,
    0xe9, 0x30, 0x0, 0x0, 0x0, 0x0, 0x4f, 0xff,
    0xc8, 0x30, 0x0, 0x0, 0x0, 0x0, 0x0, 0x0,
    0x64, 0x0, 0x0, 0x0, 0x0, 0x0, 0x0, 0x0,
    0x0,

    /* U+591C "夜" */
    0x0, 0x0, 0x0, 0x0, 0x5, 0x70, 0x0, 0x0,
    0x0, 0x0, 0x0, 0x0, 0x0, 0x0, 0x0, 0xef,
    0x40, 0x0, 0x0, 0x0, 0x0, 0x0, 0x0, 0x0,
    0x0, 0x8, 0xfc, 0x0, 0x0, 0x0, 0x0, 0x0,
    0xff, 0xff, 0xff, 0xff, 0xff, 0xff, 0xff, 0xff,
    0xff, 0xe0, 0xd, 0xdd, 0xdd, 0xdd, 0xdd, 0xdd,
    0xdd, 0xdd, 0xdd, 0xdb, 0x0, 0x0, 0x1, 0xa5,
    0x0, 0x3c, 0x50, 0x0, 0x0, 0x0, 0x0, 0x0,
    0x0, 0x7f, 0x70, 0xa, 0xf4, 0x0, 0x0, 0x0,
    0x0, 0x0, 0x0, 0x1e, 0xe0, 0x2, 0xff, 0xff,
    0xff, 0xff, 0xf7, 0x0, 0x0, 0x9, 0xf7, 0x0,
    0xaf, 0xdd, 0xdd, 0xdd, 0xef, 0x70, 0x0, 0x3,
    0xff, 0x20, 0x3f, 0xd0, 0x26, 0x0, 0x9, 0xf3,
    0x0, 0x0, 0xdf, 0xf2, 0xd, 0xf9, 0x9, 0xf7,
    0x0, 0xfd, 0x0, 0x0, 0xbf, 0xff, 0x2a, 0xff,
    0xf3, 0xb, 0xf5, 0x8f, 0x60, 0x0, 0x5f, 0xaa,
    0xf7, 0xfc, 0x2f, 0xd0, 0x8, 0x3f, 0xd0, 0x0,
    0x0, 0xa0, 0xaf, 0x28, 0x10, 0x7f, 0xb0, 0xd,
    0xf3, 0x0, 0x0, 0x0, 0xa, 0xf2, 0x0, 0x0,
    0xaf, 0xbc, 0xf7, 0x0, 0x0, 0x0, 0x0, 0xaf,
    0x20, 0x0, 0x0, 0xcf, 0xfa, 0x0, 0x0, 0x0,
    0x0, 0xa, 0xf2, 0x0, 0x2, 0xaf, 0xff, 0xfa,
    0x30, 0x0, 0x0, 0x0, 0xaf, 0x20, 0x3a, 0xff,
    0xc2, 0x4d, 0xff, 0xc6, 0x10, 0x0, 0xa, 0xf3,
    0xdf, 0xfd, 0x50, 0x0, 0x6, 0xdf, 0xfd, 0x0,
    0x0, 0xaf, 0x2a, 0xb4, 0x0, 0x0, 0x0, 0x0,
    0x4b, 0x50, 0x0, 0x0, 0x0, 0x0, 0x0, 0x0,
    0x0, 0x0, 0x0, 0x0, 0x0,

    /* U+5927 "大" */
    0x0, 0x0, 0x0, 0x0, 0x3, 0x51, 0x0, 0x0,
    0x0, 0x0, 0x0, 0x0, 0x0, 0x0, 0x0, 0xcf,
    0x40, 0x0, 0x0, 0x0, 0x0, 0x0, 0x0, 0x0,
    0x0, 0xc, 0xf4, 0x0, 0x0, 0x0, 0x0, 0x0,
    0x0, 0x0, 0x0, 0x0, 0xcf, 0x40, 0x0, 0x0,
    0x0, 0x0, 0x0, 0x0, 0x0, 0x0, 0xc, 0xf4,
    0x0, 0x0, 0x0, 0x0, 0x0, 0x0, 0x0, 0x0,
    0x0, 0xcf, 0x40, 0x0, 0x0, 0x0, 0x0, 0xf,
    0xff, 0xff, 0xff, 0xff, 0xff, 0xff, 0xff, 0xff,
    0xf9, 0x0, 0xee, 0xee, 0xee, 0xee, 0xff, 0xee,
    0xee, 0xee, 0xee, 0x80, 0x0, 0x0, 0x0, 0x0,
    0xe, 0xf4, 0x0, 0x0, 0x0, 0x0, 0x0, 0x0,
    0x0, 0x0, 0x1, 0xff, 0x80, 0x0, 0x0, 0x0,
    0x0, 0x0, 0x0, 0x0, 0x0, 0x5f, 0xfe, 0x0,
    0x0, 0x0, 0x0, 0x0, 0x0, 0x0, 0x0, 0xc,
    0xfe, 0xf5, 0x0, 0x0, 0x0, 0x0, 0x0, 0x0,
    0x0, 0x4, 0xff, 0x4f, 0xd0, 0x0, 0x0, 0x0,
    0x0, 0x0, 0x0, 0x1, 0xef, 0x70, 0xbf, 0x80,
    0x0, 0x0, 0x0, 0x0, 0x0, 0x0, 0xbf, 0xd0,
    0x2, 0xff, 0x50, 0x0, 0x0, 0x0, 0x0, 0x0,
    0xbf, 0xf2, 0x0, 0x5, 0xff, 0x40, 0x0, 0x0,
    0x0, 0x1, 0xcf, 0xf3, 0x0, 0x0, 0x8, 0xff,
    0x70, 0x0, 0x0, 0x4, 0xef, 0xe3, 0x0, 0x0,
    0x0, 0x8, 0xff, 0xb1, 0x0, 0x1a, 0xff, 0xd2,
    0x0, 0x0, 0x0, 0x0, 0x6, 0xff, 0xf7, 0x1,
    0xef, 0x90, 0x0, 0x0, 0x0, 0x0, 0x0, 0x2,
    0xdf, 0xa0, 0x5, 0x40, 0x0, 0x0, 0x0, 0x0,
    0x0, 0x0, 0x0, 0x71, 0x0,

    /* U+592A "太" */
    0x0, 0x0, 0x0, 0x0, 0xb, 0xa0, 0x0, 0x0,
    0x0, 0x0, 0x0, 0x0, 0x0, 0x0, 0xf, 0xf0,
    0x0, 0x0, 0x0, 0x0, 0x0, 0x0, 0x0, 0x0,
    0xf, 0xf0, 0x0, 0x0, 0x0, 0x0, 0x0, 0x0,
    0x0, 0x0, 0xf, 0xf0, 0x0, 0x0, 0x0, 0x0,
    0x0, 0x0, 0x0, 0x0, 0xf, 0xf0, 0x0, 0x0,
    0x0, 0x0, 0x3f, 0xff, 0xff, 0xff, 0xff, 0xff,
    0xff, 0xff, 0xff, 0xf3, 0x3f, 0xff, 0xff, 0xff,
    0xff, 0xff, 0xff, 0xff, 0xff, 0xf3, 0x0, 0x0,
    0x0, 0x0, 0x5f, 0xf2, 0x0, 0x0, 0x0, 0x0,
    0x0, 0x0, 0x0, 0x0, 0x8f, 0xf7, 0x0, 0x0,
    0x0, 0x0, 0x0, 0x0, 0x0, 0x0, 0xef, 0xfd,
    0x0, 0x0, 0x0, 0x0, 0x0, 0x0, 0x0, 0x5,
    0xfd, 0xbf, 0x40, 0x0, 0x0, 0x0, 0x0, 0x0,
    0x0, 0xd, 0xf6, 0x4f, 0xd0, 0x0, 0x0, 0x0,
    0x0, 0x0, 0x0, 0x7f, 0xd0, 0xb, 0xf7, 0x0,
    0x0, 0x0, 0x0, 0x0, 0x3, 0xff, 0x40, 0x2,
    0xff, 0x30, 0x0, 0x0, 0x0, 0x0, 0x1e, 0xf9,
    0x20, 0x0, 0x7f, 0xe2, 0x0, 0x0, 0x0, 0x1,
    0xdf, 0xc4, 0xf8, 0x0, 0xb, 0xfd, 0x20, 0x0,
    0x0, 0x2d, 0xfd, 0x12, 0xef, 0x60, 0x0, 0xcf,
    0xe3, 0x0, 0x5, 0xff, 0xd1, 0x0, 0x3f, 0xf4,
    0x0, 0xc, 0xff, 0x70, 0x8f, 0xfb, 0x10, 0x0,
    0x5, 0xf9, 0x0, 0x1, 0xbf, 0xf8, 0x3f, 0x80,
    0x0, 0x0, 0x0, 0x40, 0x0, 0x0, 0x7, 0xe1,
    0x1, 0x0, 0x0, 0x0, 0x0, 0x0, 0x0, 0x0,
    0x0, 0x0,

    /* U+5931 "失" */
    0x0, 0x0, 0x0, 0x0, 0xa, 0xa0, 0x0, 0x0,
    0x0, 0x0, 0x0, 0x2, 0xd7, 0x0, 0xf, 0xf0,
    0x0, 0x0, 0x0, 0x0, 0x0, 0x7, 0xf8, 0x0,
    0xf, 0xf0, 0x0, 0x0, 0x0, 0x0, 0x0, 0xc,
    0xf3, 0x0, 0xf, 0xf0, 0x0, 0x0, 0x0, 0x0,
    0x0, 0x2f, 0xfe, 0xee, 0xef, 0xfe, 0xee, 0xee,
    0xee, 0x0, 0x0, 0x9f, 0xff, 0xff, 0xff, 0xff,
    0xff, 0xff, 0xff, 0x0, 0x1, 0xff, 0x10, 0x0,
    0xf, 0xe0, 0x0, 0x0, 0x0, 0x0, 0x8, 0xf9,
    0x0, 0x0, 0xf, 0xe0, 0x0, 0x0, 0x0, 0x0,
    0x5, 0xd2, 0x0, 0x0, 0xf, 0xe0, 0x0, 0x0,
    0x0, 0x0, 0x0, 0x0, 0x0, 0x0, 0x1f, 0xe0,
    0x0, 0x0, 0x0, 0x0, 0x9f, 0xff, 0xff, 0xff,
    0xff, 0xff, 0xff, 0xff, 0xff, 0xf0, 0x8e, 0xee,
    0xee, 0xee, 0xff, 0xfe, 0xee, 0xee, 0xee, 0xe0,
    0x0, 0x0, 0x0, 0x0, 0xaf, 0xf6, 0x0, 0x0,
    0x0, 0x0, 0x0, 0x0, 0x0, 0x3, 0xff, 0xfe,
    0x0, 0x0, 0x0, 0x0, 0x0, 0x0, 0x0, 0x1d,
    0xf8, 0x9f, 0xa0, 0x0, 0x0, 0x0, 0x0, 0x0,
    0x1, 0xdf, 0xc0, 0xe, 0xf9, 0x0, 0x0, 0x0,
    0x0, 0x0, 0x4e, 0xfd, 0x10, 0x2, 0xef, 0xb1,
    0x0, 0x0, 0x0, 0x2a, 0xff, 0xc1, 0x0, 0x0,
    0x2e, 0xff, 0x81, 0x0, 0x2a, 0xff, 0xf8, 0x0,
    0x0, 0x0, 0x1, 0xaf, 0xff, 0xa1, 0x5f, 0xfb,
    0x30, 0x0, 0x0, 0x0, 0x0, 0x3, 0xcf, 0xe0,
    0x8, 0x30, 0x0, 0x0, 0x0, 0x0, 0x0, 0x0,
    0x3, 0x40,

    /* U+5934 "头" */
    0x0, 0x0, 0x0, 0x0, 0x0, 0x4, 0x95, 0x0,
    0x0, 0x0, 0x0, 0x0, 0xb8, 0x0, 0x0, 0x6,
    0xf8, 0x0, 0x0, 0x0, 0x0, 0x2, 0xef, 0xd4,
    0x0, 0x7, 0xf8, 0x0, 0x0, 0x0, 0x0, 0x0,
    0x1b, 0xff, 0x90, 0x7, 0xf8, 0x0, 0x0, 0x0,
    0x0, 0x0, 0x0, 0x5e, 0xfd, 0x7, 0xf7, 0x0,
    0x0, 0x0, 0x0, 0x36, 0x0, 0x1, 0xb8, 0x8,
    0xf7, 0x0, 0x0, 0x0, 0x0, 0xcf, 0xc3, 0x0,
    0x0, 0x8, 0xf7, 0x0, 0x0, 0x0, 0x0, 0x2c,
    0xff, 0x90, 0x0, 0x9, 0xf6, 0x0, 0x0, 0x0,
    0x0, 0x0, 0x6e, 0xfe, 0x30, 0xa, 0xf5, 0x0,
    0x0, 0x0, 0x0, 0x0, 0x1, 0xaf, 0x10, 0xb,
    0xf4, 0x0, 0x0, 0x0, 0x0, 0x0, 0x0, 0x2,
    0x0, 0xd, 0xf2, 0x0, 0x0, 0x0, 0x1d, 0xdd,
    0xdd, 0xdd, 0xdd, 0xdf, 0xfd, 0xdd, 0xdd, 0xdd,
    0x2f, 0xff, 0xff, 0xff, 0xff, 0xff, 0xff, 0xff,
    0xff, 0xff, 0x0, 0x0, 0x0, 0x0, 0x0, 0xcf,
    0x70, 0x0, 0x0, 0x0, 0x0, 0x0, 0x0, 0x0,
    0x7, 0xff, 0xa1, 0x0, 0x0, 0x0, 0x0, 0x0,
    0x0, 0x0, 0x7f, 0xfe, 0xff, 0x70, 0x0, 0x0,
    0x0, 0x0, 0x0, 0x5c, 0xff, 0x80, 0x7f, 0xfe,
    0x50, 0x0, 0x0, 0x3, 0x8e, 0xff, 0xe5, 0x0,
    0x1, 0xaf, 0xfc, 0x30, 0xa, 0xef, 0xff, 0xe7,
    0x0, 0x0, 0x0, 0x4, 0xdf, 0xf8, 0xc, 0xff,
    0xa4, 0x0, 0x0, 0x0, 0x0, 0x0, 0x7, 0xf6,
    0x4, 0x40, 0x0, 0x0, 0x0, 0x0, 0x0, 0x0,
    0x0, 0x20,

    /* U+5957 "套" */
    0x0, 0x0, 0x0, 0x0, 0x5, 0xa4, 0x0, 0x0,
    0x0, 0x0, 0x0, 0x0, 0x0, 0x0, 0x0, 0xef,
    0x20, 0x0, 0x0, 0x0, 0x0, 0x6, 0x99, 0x99,
    0x99, 0xaf, 0xe9, 0x99, 0x99, 0x99, 0x98, 0x0,
    0xbf, 0xff, 0xff, 0xff, 0xff, 0xff, 0xff, 0xff,
    0xff, 0xf0, 0x0, 0x0, 0x0, 0x3e, 0xf4, 0x0,
    0x5f, 0xe2, 0x0, 0x0, 0x0, 0x0, 0x0, 0x7f,
    0xf4, 0x0, 0x0, 0x4f, 0xe5, 0x0, 0x0, 0x0,
    0x5, 0xdf, 0xff, 0xff, 0xff, 0xff, 0xff, 0xfb,
    0x30, 0x0, 0x7d, 0xff, 0xfb, 0x77, 0x77, 0x77,
    0x77, 0x79, 0xff, 0xc3, 0xe, 0xf9, 0x7f, 0x80,
    0x0, 0x0, 0x0, 0x0, 0x2, 0xbf, 0x10, 0x41,
    0x5, 0xff, 0xff, 0xff, 0xff, 0xff, 0xff, 0x40,
    0x20, 0x0, 0x0, 0x5f, 0x92, 0x22, 0x22, 0x22,
    0x22, 0x20, 0x0, 0x0, 0x0, 0x5, 0xf9, 0x22,
    0x22, 0x22, 0x22, 0x22, 0x0, 0x0, 0x0, 0x0,
    0x5f, 0xff, 0xff, 0xff, 0xff, 0xff, 0xf4, 0x0,
    0x0, 0x0, 0x5, 0xf8, 0x0, 0x0, 0x0, 0x0,
    0x0, 0x0, 0x0, 0x7, 0x77, 0xaf, 0xb7, 0x77,
    0x77, 0x77, 0x77, 0x77, 0x77, 0x10, 0xff, 0xff,
    0xff, 0xff, 0xff, 0xff, 0xff, 0xff, 0xff, 0xf3,
    0x0, 0x0, 0x4, 0xef, 0x80, 0x0, 0x3, 0xfd,
    0x20, 0x0, 0x0, 0x0, 0x2a, 0xfe, 0x40, 0x0,
    0x1, 0x16, 0xfe, 0x30, 0x0, 0x0, 0xe, 0xff,
    0xee, 0xef, 0xff, 0xff, 0xff, 0xff, 0x50, 0x0,
    0x0, 0x8c, 0xcb, 0xba, 0x99, 0x87, 0x76, 0x55,
    0xdd, 0x0, 0x0, 0x0, 0x0, 0x0, 0x0, 0x0,
    0x0, 0x0, 0x1, 0x20, 0x0,

    /* U+59CB "始" */
    0x0, 0x8, 0x50, 0x0, 0x0, 0x0, 0x58, 0x20,
    0x0, 0x0, 0x0, 0x2, 0xf9, 0x0, 0x0, 0x0,
    0xd, 0xf4, 0x0, 0x0, 0x0, 0x0, 0x3f, 0x80,
    0x0, 0x0, 0x5, 0xfc, 0x0, 0x10, 0x0, 0x0,
    0x5, 0xf6, 0x0, 0x0, 0x0, 0xdf, 0x30, 0x9e,
    0x10, 0x0, 0x3a, 0xcf, 0xca, 0xaa, 0x0, 0x7f,
    0x90, 0x6, 0xf9, 0x0, 0x5, 0xff, 0xff, 0xff,
    0xf0, 0x2f, 0xe1, 0x0, 0xd, 0xf2, 0x0, 0x3,
    0xcf, 0x33, 0xdf, 0xc, 0xf4, 0x0, 0x1, 0x6f,
    0xb0, 0x0, 0xe, 0xd0, 0xe, 0xd7, 0xff, 0xee,
    0xff, 0xff, 0xff, 0x40, 0x1, 0xfb, 0x0, 0xfb,
    0x5f, 0xff, 0xed, 0xcb, 0xaa, 0xfc, 0x0, 0x3f,
    0x80, 0x2f, 0x90, 0x0, 0x0, 0x0, 0x0, 0xb,
    0x70, 0x7, 0xf4, 0x5, 0xf6, 0x0, 0x0, 0x0,
    0x0, 0x0, 0x0, 0x0, 0xaf, 0x10, 0x8f, 0x30,
    0xbd, 0xdd, 0xdd, 0xdd, 0xdb, 0x0, 0xe, 0xf5,
    0xd, 0xe0, 0xd, 0xff, 0xff, 0xff, 0xff, 0xd0,
    0x0, 0x6f, 0xf9, 0xf9, 0x0, 0xdf, 0x0, 0x0,
    0x0, 0xfd, 0x0, 0x0, 0x3e, 0xff, 0x30, 0xd,
    0xf0, 0x0, 0x0, 0xf, 0xd0, 0x0, 0x0, 0x7f,
    0xfb, 0x0, 0xdf, 0x0, 0x0, 0x0, 0xfd, 0x0,
    0x0, 0x3f, 0xeb, 0xfc, 0x1d, 0xf0, 0x0, 0x0,
    0xf, 0xd0, 0x0, 0x2e, 0xf3, 0xa, 0xf5, 0xdf,
    0xdd, 0xdd, 0xdd, 0xfd, 0x0, 0x2e, 0xf4, 0x0,
    0x6, 0xd, 0xff, 0xff, 0xff, 0xff, 0xd0, 0x2,
    0xc4, 0x0, 0x0, 0x0, 0xdf, 0x0, 0x0, 0x0,
    0xfd, 0x0, 0x0, 0x0, 0x0, 0x0, 0x0, 0x0,
    0x0, 0x0, 0x0, 0x0, 0x0,

    /* U+5B50 "子" */
    0x0, 0x8f, 0xff, 0xff, 0xff, 0xff, 0xff, 0xff,
    0xff, 0x90, 0x0, 0x7d, 0xdd, 0xdd, 0xdd, 0xdd,
    0xdd, 0xdf, 0xff, 0x90, 0x0, 0x0, 0x0, 0x0,
    0x0, 0x0, 0x0, 0x8f, 0xfa, 0x0, 0x0, 0x0,
    0x0, 0x0, 0x0, 0x0, 0x2c, 0xfe, 0x50, 0x0,
    0x0, 0x0, 0x0, 0x0, 0x0, 0x6, 0xff, 0xb1,
    0x0, 0x0, 0x0, 0x0, 0x0, 0x0, 0x1, 0xbf,
    0xf7, 0x0, 0x0, 0x0, 0x0, 0x0, 0x0, 0x0,
    0x6, 0xfd, 0x30, 0x0, 0x0, 0x0, 0x0, 0x0,
    0x0, 0x0, 0x6, 0xf9, 0x0, 0x0, 0x0, 0x0,
    0x2f, 0xff, 0xff, 0xff, 0xff, 0xff, 0xff, 0xff,
    0xff, 0xff, 0x2e, 0xee, 0xee, 0xee, 0xee, 0xff,
    0xee, 0xee, 0xee, 0xee, 0x0, 0x0, 0x0, 0x0,
    0x6, 0xf9, 0x0, 0x0, 0x0, 0x0, 0x0, 0x0,
    0x0, 0x0, 0x6, 0xf9, 0x0, 0x0, 0x0, 0x0,
    0x0, 0x0, 0x0, 0x0, 0x6, 0xf9, 0x0, 0x0,
    0x0, 0x0, 0x0, 0x0, 0x0, 0x0, 0x6, 0xf9,
    0x0, 0x0, 0x0, 0x0, 0x0, 0x0, 0x0, 0x0,
    0x6, 0xf9, 0x0, 0x0, 0x0, 0x0, 0x0, 0x0,
    0x0, 0x0, 0xa, 0xf8, 0x0, 0x0, 0x0, 0x0,
    0x0, 0x0, 0xc, 0xff, 0xff, 0xf6, 0x0, 0x0,
    0x0, 0x0, 0x0, 0x0, 0xa, 0xff, 0xfe, 0xa0,
    0x0, 0x0, 0x0, 0x0,

    /* U+5B57 "字" */
    0x0, 0x0, 0x0, 0x0, 0x6a, 0x30, 0x0, 0x0,
    0x0, 0x0, 0x0, 0x0, 0x0, 0x0, 0x8f, 0xb0,
    0x0, 0x0, 0x0, 0x0, 0x0, 0x0, 0x0, 0x0,
    0x1f, 0xf2, 0x0, 0x0, 0x0, 0x0, 0x4f, 0xff,
    0xff, 0xff, 0xff, 0xff, 0xff, 0xff, 0xff, 0x80,
    0x4f, 0xed, 0xdd, 0xdd, 0xdd, 0xdd, 0xdd, 0xdd,
    0xef, 0x80, 0x4f, 0x90, 0x0, 0x0, 0x0, 0x0,
    0x0, 0x0, 0x6f, 0x80, 0x4f, 0x90, 0x0, 0x0,
    0x0, 0x0, 0x0, 0x0, 0x6f, 0x80, 0x3b, 0x68,
    0xff, 0xff, 0xff, 0xff, 0xff, 0xfa, 0x4b, 0x50,
    0x0, 0x6, 0xdd, 0xdd, 0xdd, 0xdd, 0xef, 0xfa,
    0x0, 0x0, 0x0, 0x0, 0x0, 0x0, 0x0, 0x7,
    0xff, 0x80, 0x0, 0x0, 0x0, 0x0, 0x0, 0x0,
    0x3, 0xdf, 0xc2, 0x0, 0x0, 0x0, 0x0, 0x0,
    0x0, 0x0, 0x1f, 0xf6, 0x0, 0x0, 0x0, 0x0,
    0xdd, 0xdd, 0xdd, 0xdd, 0xdf, 0xfd, 0xdd, 0xdd,
    0xdd, 0xd2, 0xff, 0xff, 0xff, 0xff, 0xff, 0xff,
    0xff, 0xff, 0xff, 0xf3, 0x0, 0x0, 0x0, 0x0,
    0x1f, 0xe0, 0x0, 0x0, 0x0, 0x0, 0x0, 0x0,
    0x0, 0x0, 0x1f, 0xe0, 0x0, 0x0, 0x0, 0x0,
    0x0, 0x0, 0x0, 0x0, 0x1f, 0xe0, 0x0, 0x0,
    0x0, 0x0, 0x0, 0x0, 0x0, 0x0, 0x3f, 0xd0,
    0x0, 0x0, 0x0, 0x0, 0x0, 0x0, 0x2d, 0xdd,
    0xff, 0xc0, 0x0, 0x0, 0x0, 0x0, 0x0, 0x0,
    0xf, 0xff, 0xfd, 0x40, 0x0, 0x0, 0x0, 0x0,

    /* U+5B58 "存" */
    0x0, 0x0, 0x0, 0x2, 0x41, 0x0, 0x0, 0x0,
    0x0, 0x0, 0x0, 0x0, 0x0, 0x0, 0xaf, 0x70,
    0x0, 0x0, 0x0, 0x0, 0x0, 0x0, 0x0, 0x0,
    0xf, 0xf2, 0x0, 0x0, 0x0, 0x0, 0x0, 0x1,
    0xff, 0xff, 0xff, 0xff, 0xff, 0xff, 0xff, 0xff,
    0xff, 0xf0, 0x1d, 0xdd, 0xdd, 0xff, 0xdd, 0xdd,
    0xdd, 0xdd, 0xdd, 0xdd, 0x0, 0x0, 0x0, 0x5f,
    0xd0, 0x0, 0x0, 0x0, 0x0, 0x0, 0x0, 0x0,
    0x0, 0xd, 0xf5, 0x0, 0x0, 0x0, 0x0, 0x0,
    0x0, 0x0, 0x0, 0x8, 0xfb, 0xd, 0xff, 0xff,
    0xff, 0xff, 0xff, 0x0, 0x0, 0x4, 0xff, 0x20,
    0xad, 0xdd, 0xdd, 0xdd, 0xff, 0xe0, 0x0, 0x2,
    0xef, 0x90, 0x0, 0x0, 0x0, 0x3, 0xdf, 0xc2,
    0x0, 0x1, 0xdf, 0xf9, 0x0, 0x0, 0x0, 0x9,
    0xff, 0x60, 0x0, 0x1, 0xdf, 0xdf, 0x90, 0x0,
    0x0, 0x4, 0xfc, 0x10, 0x0, 0x0, 0x5f, 0xb4,
    0xf9, 0x4d, 0xdd, 0xdd, 0xef, 0xfd, 0xdd, 0xdd,
    0x0, 0x90, 0x4f, 0x95, 0xff, 0xff, 0xff, 0xff,
    0xff, 0xff, 0xf1, 0x0, 0x4, 0xf9, 0x0, 0x0,
    0x0, 0x4f, 0x90, 0x0, 0x0, 0x0, 0x0, 0x4f,
    0x90, 0x0, 0x0, 0x4, 0xf9, 0x0, 0x0, 0x0,
    0x0, 0x4, 0xf9, 0x0, 0x0, 0x0, 0x4f, 0x90,
    0x0, 0x0, 0x0, 0x0, 0x4f, 0x90, 0x0, 0x0,
    0x7, 0xf9, 0x0, 0x0, 0x0, 0x0, 0x4, 0xf9,
    0x0, 0xf, 0xff, 0xff, 0x70, 0x0, 0x0, 0x0,
    0x0, 0x4f, 0x90, 0x0, 0xac, 0xcb, 0x80, 0x0,
    0x0, 0x0,

    /* U+5B83 "它" */
    0x0, 0x0, 0x0, 0x4, 0xa5, 0x0, 0x0, 0x0,
    0x0, 0x0, 0x0, 0x0, 0x6, 0xfc, 0x0, 0x0,
    0x0, 0x0, 0x0, 0x0, 0x0, 0x1, 0xff, 0x10,
    0x0, 0x0, 0x0, 0xdf, 0xff, 0xff, 0xff, 0xff,
    0xff, 0xff, 0xff, 0xf7, 0xdf, 0xdd, 0xdd, 0xdd,
    0xdd, 0xdd, 0xdd, 0xde, 0xf7, 0xdf, 0x0, 0x0,
    0x0, 0x0, 0x0, 0x0, 0x6, 0xf7, 0xdf, 0x0,
    0x0, 0x0, 0x0, 0x0, 0x0, 0x6, 0xf7, 0x67,
    0x4e, 0x70, 0x0, 0x0, 0x0, 0x0, 0x2, 0x73,
    0x0, 0x5f, 0x80, 0x0, 0x0, 0x0, 0x6, 0xd1,
    0x0, 0x0, 0x5f, 0x80, 0x0, 0x0, 0x18, 0xef,
    0xf8, 0x0, 0x0, 0x5f, 0x80, 0x0, 0x5b, 0xff,
    0xfc, 0x50, 0x0, 0x0, 0x5f, 0x95, 0xaf, 0xff,
    0xe8, 0x20, 0x0, 0x0, 0x0, 0x5f, 0xff, 0xfe,
    0x94, 0x0, 0x0, 0x0, 0x0, 0x0, 0x5f, 0xe9,
    0x40, 0x0, 0x0, 0x0, 0x5, 0x20, 0x0, 0x5f,
    0x80, 0x0, 0x0, 0x0, 0x0, 0xf, 0xf0, 0x0,
    0x5f, 0x80, 0x0, 0x0, 0x0, 0x0, 0xf, 0xe0,
    0x0, 0x5f, 0x80, 0x0, 0x0, 0x0, 0x0, 0x1f,
    0xd0, 0x0, 0x4f, 0xc0, 0x0, 0x0, 0x0, 0x0,
    0x7f, 0xb0, 0x0, 0x1f, 0xfe, 0xdd, 0xdd, 0xdd,
    0xde, 0xff, 0x70, 0x0, 0x4, 0xdf, 0xff, 0xff,
    0xff, 0xff, 0xe9, 0x0,

    /* U+5B8C "完" */
    0x0, 0x0, 0x0, 0x0, 0x5, 0x70, 0x0, 0x0,
    0x0, 0x0, 0x0, 0x0, 0x0, 0x0, 0xf, 0xf3,
    0x0, 0x0, 0x0, 0x0, 0x0, 0x0, 0x0, 0x0,
    0xa, 0xf8, 0x0, 0x0, 0x0, 0x0, 0x9, 0xff,
    0xff, 0xff, 0xff, 0xff, 0xff, 0xff, 0xff, 0xf2,
    0x9, 0xfe, 0xdd, 0xdd, 0xdd, 0xdd, 0xdd, 0xdd,
    0xdf, 0xf2, 0x9, 0xf4, 0x0, 0x0, 0x0, 0x0,
    0x0, 0x0, 0xb, 0xf2, 0x9, 0xf4, 0x0, 0x0,
    0x0, 0x0, 0x0, 0x0, 0xb, 0xf2, 0x0, 0x4,
    0xff, 0xff, 0xff, 0xff, 0xff, 0xff, 0xc0, 0x0,
    0x0, 0x3, 0xdd, 0xdd, 0xdd, 0xdd, 0xdd, 0xdd,
    0xa0, 0x0, 0x0, 0x0, 0x0, 0x0, 0x0, 0x0,
    0x0, 0x0, 0x0, 0x0, 0x0, 0x0, 0x0, 0x0,
    0x0, 0x0, 0x0, 0x0, 0x0, 0x0, 0xd, 0xdd,
    0xdd, 0xdd, 0xdd, 0xdd, 0xdd, 0xdd, 0xdd, 0xd7,
    0xf, 0xff, 0xff, 0xff, 0xff, 0xff, 0xff, 0xff,
    0xff, 0xf9, 0x0, 0x0, 0x0, 0xcf, 0x20, 0x5,
    0xf8, 0x0, 0x0, 0x0, 0x0, 0x0, 0x0, 0xef,
    0x0, 0x5, 0xf8, 0x0, 0x1, 0x51, 0x0, 0x0,
    0x4, 0xfd, 0x0, 0x5, 0xf8, 0x0, 0x2, 0xf9,
    0x0, 0x0, 0x1d, 0xf7, 0x0, 0x5, 0xf8, 0x0,
    0x3, 0xf8, 0x0, 0x5, 0xef, 0xc0, 0x0, 0x5,
    0xfa, 0x0, 0x6, 0xf7, 0x8, 0xef, 0xfb, 0x10,
    0x0, 0x2, 0xff, 0xed, 0xdf, 0xf4, 0xb, 0xfd,
    0x60, 0x0, 0x0, 0x0, 0x7e, 0xff, 0xfe, 0x80,
    0x2, 0x40, 0x0, 0x0, 0x0, 0x0, 0x0, 0x0,
    0x0, 0x0,

    /* U+5B9A "定" */
    0x0, 0x0, 0x0, 0x0, 0x12, 0x20, 0x0, 0x0,
    0x0, 0x0, 0x0, 0x0, 0x0, 0x0, 0x7f, 0xb0,
    0x0, 0x0, 0x0, 0x0, 0x0, 0x0, 0x0, 0x0,
    0x2f, 0xf1, 0x0, 0x0, 0x0, 0x0, 0xb, 0xdd,
    0xdd, 0xdd, 0xdf, 0xfe, 0xdd, 0xdd, 0xdd, 0xb0,
    0xd, 0xff, 0xff, 0xff, 0xff, 0xff, 0xff, 0xff,
    0xff, 0xd0, 0xd, 0xf0, 0x0, 0x0, 0x0, 0x0,
    0x0, 0x0, 0xf, 0xd0, 0xd, 0xf0, 0x0, 0x0,
    0x0, 0x0, 0x0, 0x0, 0xf, 0xd0, 0x2, 0x30,
    0x0, 0x0, 0x0, 0x0, 0x0, 0x0, 0x2, 0x20,
    0x8, 0xdd, 0xdd, 0xdd, 0xdd, 0xdd, 0xdd, 0xdd,
    0xdd, 0x70, 0xa, 0xff, 0xff, 0xff, 0xff, 0xff,
    0xff, 0xff, 0xff, 0x90, 0x0, 0x0, 0x0, 0x0,
    0xe, 0xf0, 0x0, 0x0, 0x0, 0x0, 0x0, 0x2,
    0x51, 0x0, 0xe, 0xf0, 0x0, 0x0, 0x0, 0x0,
    0x0, 0x7, 0xf4, 0x0, 0xe, 0xf0, 0x0, 0x0,
    0x0, 0x0, 0x0, 0xa, 0xf2, 0x0, 0xe, 0xfd,
    0xdd, 0xdd, 0xd8, 0x0, 0x0, 0xd, 0xf0, 0x0,
    0xe, 0xff, 0xff, 0xff, 0xf9, 0x0, 0x0, 0x1f,
    0xe0, 0x0, 0xe, 0xf0, 0x0, 0x0, 0x0, 0x0,
    0x0, 0x6f, 0xf6, 0x0, 0xe, 0xf0, 0x0, 0x0,
    0x0, 0x0, 0x0, 0xef, 0xef, 0x40, 0xe, 0xf0,
    0x0, 0x0, 0x0, 0x0, 0x7, 0xfb, 0x2e, 0xf9,
    0x3e, 0xf0, 0x0, 0x0, 0x0, 0x0, 0x4f, 0xf2,
    0x2, 0xcf, 0xff, 0xfd, 0xdd, 0xdd, 0xdd, 0xd8,
    0xaf, 0x60, 0x0, 0x5, 0xad, 0xff, 0xff, 0xff,
    0xff, 0xf7, 0x8, 0x0, 0x0, 0x0, 0x0, 0x0,
    0x0, 0x0, 0x0, 0x0,

    /* U+5B9E "实" */
    0x0, 0x0, 0x0, 0x0, 0x25, 0x20, 0x0, 0x0,
    0x0, 0x0, 0x0, 0x0, 0x0, 0x0, 0x9f, 0x90,
    0x0, 0x0, 0x0, 0x0, 0x0, 0x0, 0x0, 0x0,
    0x3f, 0xf0, 0x0, 0x0, 0x0, 0x0, 0x5f, 0xff,
    0xff, 0xff, 0xff, 0xff, 0xff, 0xff, 0xff, 0x80,
    0x5f, 0xed, 0xdd, 0xdd, 0xdd, 0xdd, 0xdd, 0xdd,
    0xef, 0x80, 0x5f, 0x80, 0x23, 0x0, 0x0, 0x15,
    0x30, 0x0, 0x6f, 0x80, 0x5f, 0x80, 0xaf, 0x91,
    0x0, 0x4f, 0xa0, 0x0, 0x6f, 0x80, 0x39, 0x50,
    0x4d, 0xfe, 0x60, 0x4f, 0x90, 0x0, 0x4a, 0x50,
    0x0, 0x2, 0x0, 0x7f, 0xf5, 0x5f, 0x90, 0x0,
    0x0, 0x0, 0x0, 0x7f, 0x91, 0x1, 0x80, 0x5f,
    0x80, 0x0, 0x0, 0x0, 0x0, 0x3c, 0xff, 0x80,
    0x0, 0x6f, 0x70, 0x0, 0x0, 0x0, 0x0, 0x0,
    0x4d, 0xfd, 0x0, 0x7f, 0x60, 0x0, 0x0, 0x0,
    0x0, 0x0, 0x0, 0x64, 0x0, 0xaf, 0x40, 0x0,
    0x0, 0x0, 0xff, 0xff, 0xff, 0xff, 0xff, 0xff,
    0xff, 0xff, 0xff, 0xf2, 0xdd, 0xdd, 0xdd, 0xdd,
    0xde, 0xff, 0xdd, 0xdd, 0xdd, 0xd1, 0x0, 0x0,
    0x0, 0x0, 0x1d, 0xf8, 0x0, 0x0, 0x0, 0x0,
    0x0, 0x0, 0x0, 0x3, 0xdf, 0xff, 0xd6, 0x0,
    0x0, 0x0, 0x0, 0x0, 0x5, 0xbf, 0xfa, 0x3a,
    0xff, 0xe8, 0x10, 0x0, 0x4, 0x7b, 0xff, 0xfd,
    0x50, 0x0, 0x18, 0xff, 0xfa, 0x30, 0x8f, 0xff,
    0xfa, 0x40, 0x0, 0x0, 0x0, 0x18, 0xef, 0xa0,
    0x2b, 0x73, 0x0, 0x0, 0x0, 0x0, 0x0, 0x0,
    0x7, 0x20,

    /* U+5BBD "宽" */
    0x0, 0x0, 0x0, 0x0, 0x3d, 0xd0, 0x0, 0x0,
    0x0, 0x0, 0x0, 0x0, 0x0, 0x0, 0xf, 0xf3,
    0x0, 0x0, 0x0, 0x0, 0xc, 0xff, 0xff, 0xff,
    0xff, 0xff, 0xff, 0xff, 0xff, 0xd0, 0xc, 0xfd,
    0xdd, 0xdd, 0xdd, 0xdd, 0xdd, 0xdd, 0xdf, 0xd0,
    0xc, 0xf1, 0x0, 0x11, 0x0, 0x0, 0x11, 0x0,
    0x1f, 0xd0, 0x7, 0xa0, 0x0, 0xee, 0x0, 0x0,
    0xde, 0x0, 0xa, 0x80, 0x8, 0x88, 0x88, 0xff,
    0x88, 0x88, 0xef, 0x88, 0x88, 0x81, 0x1f, 0xff,
    0xff, 0xff, 0xff, 0xff, 0xff, 0xff, 0xff, 0xf3,
    0x1, 0x11, 0x11, 0xee, 0x11, 0x11, 0xde, 0x11,
    0x11, 0x10, 0x0, 0x0, 0x0, 0x55, 0x0, 0x0,
    0x45, 0x0, 0x0, 0x0, 0x0, 0xf, 0xff, 0xff,
    0xff, 0xff, 0xff, 0xff, 0xe0, 0x0, 0x0, 0xf,
    0xfa, 0xaa, 0xaa, 0xaa, 0xaa, 0xaf, 0xe0, 0x0,
    0x0, 0xf, 0xe0, 0x0, 0x1c, 0x90, 0x0, 0xf,
    0xe0, 0x0, 0x0, 0xf, 0xe0, 0x0, 0x2f, 0xb0,
    0x0, 0xf, 0xe0, 0x0, 0x0, 0xf, 0xe0, 0x0,
    0x6f, 0xe9, 0x0, 0xf, 0xe0, 0x0, 0x0, 0xf,
    0xe0, 0x0, 0xdf, 0xfe, 0x0, 0xf, 0xe6, 0xe5,
    0x0, 0x0, 0x0, 0x3d, 0xfb, 0xfe, 0x0, 0x0,
    0x7, 0xf6, 0x0, 0x1, 0x6c, 0xff, 0xb0, 0xff,
    0x0, 0x0, 0xb, 0xf5, 0x39, 0xdf, 0xff, 0xd6,
    0x0, 0xdf, 0xfd, 0xdd, 0xef, 0xf2, 0x2f, 0xfe,
    0xa4, 0x0, 0x0, 0x5e, 0xff, 0xff, 0xfe, 0x80,
    0x6, 0x30, 0x0, 0x0, 0x0, 0x0, 0x0, 0x0,
    0x0, 0x0,

    /* U+5BC6 "密" */
    0x0, 0x0, 0x0, 0x0, 0x4d, 0xc0, 0x0, 0x0,
    0x0, 0x0, 0x0, 0x0, 0x0, 0x0, 0x1, 0xff,
    0x20, 0x0, 0x0, 0x0, 0x0, 0xc, 0xdd, 0xdd,
    0xdd, 0xdf, 0xfe, 0xdd, 0xdd, 0xdd, 0xd2, 0x0,
    0xef, 0xff, 0xff, 0xff, 0xff, 0xff, 0xff, 0xff,
    0xff, 0x30, 0xe, 0xf0, 0x0, 0x2, 0xe8, 0x0,
    0x0, 0x0, 0xb, 0xf3, 0x0, 0xef, 0x0, 0x11,
    0x1c, 0xfb, 0x0, 0x8, 0x70, 0xbf, 0x30, 0x4,
    0x6b, 0x3d, 0xf0, 0xa, 0xf5, 0x1b, 0xfc, 0x3,
    0x50, 0x0, 0x9, 0xf6, 0xdf, 0x0, 0x4, 0x4e,
    0xfa, 0xa, 0x40, 0x0, 0x6, 0xfb, 0xd, 0xf0,
    0x2, 0xaf, 0xf6, 0x1, 0xef, 0x30, 0x3, 0xfd,
    0x10, 0xdf, 0x2a, 0xff, 0xb2, 0xb, 0x82, 0xee,
    0x20, 0xa, 0x20, 0xe, 0xff, 0xfc, 0x40, 0x0,
    0xee, 0x4, 0xfd, 0x0, 0x4, 0xaf, 0xff, 0xd3,
    0x0, 0x0, 0x4f, 0xc0, 0x6, 0x30, 0x8f, 0xff,
    0xdc, 0xff, 0xff, 0xff, 0xff, 0xf9, 0x0, 0x0,
    0x6, 0xc7, 0x20, 0x1a, 0xdd, 0xdd, 0xdd, 0xc9,
    0x10, 0x0, 0x0, 0x0, 0x7a, 0x0, 0x0, 0xf,
    0xd0, 0x0, 0x0, 0xca, 0x0, 0x0, 0xb, 0xf1,
    0x0, 0x0, 0xfe, 0x0, 0x0, 0xf, 0xd0, 0x0,
    0x0, 0xbf, 0x10, 0x0, 0xf, 0xe0, 0x0, 0x0,
    0xfd, 0x0, 0x0, 0xb, 0xf8, 0x88, 0x88, 0xff,
    0x88, 0x88, 0x8f, 0xd0, 0x0, 0x0, 0xbf, 0xff,
    0xff, 0xff, 0xff, 0xff, 0xff, 0xfd, 0x0, 0x0,
    0x1, 0x22, 0x22, 0x22, 0x22, 0x22, 0x22, 0x2f,
    0xd0, 0x0,

    /* U+5BDF "察" */
    0x0, 0x0, 0x0, 0x0, 0x0, 0x0, 0x0, 0x0,
    0x0, 0x0, 0x0, 0x0, 0x0, 0x0, 0x2, 0xee,
    0x0, 0x0, 0x0, 0x0, 0x0, 0x0, 0x0, 0x0,
    0x0, 0xc, 0xf4, 0x0, 0x0, 0x0, 0x0, 0x0,
    0xdf, 0xff, 0xff, 0xff, 0xff, 0xff, 0xff, 0xff,
    0xff, 0x0, 0xd, 0xf8, 0x88, 0x88, 0x88, 0x88,
    0x88, 0x88, 0x8e, 0xf0, 0x0, 0xdf, 0x0, 0xb6,
    0x0, 0x7, 0x90, 0x0, 0x0, 0xdf, 0x0, 0x9,
    0xb0, 0x9f, 0x95, 0x55, 0x9f, 0x33, 0x33, 0x37,
    0x50, 0x0, 0x0, 0x6f, 0xff, 0xff, 0xf7, 0xff,
    0xff, 0xff, 0xf3, 0x0, 0x0, 0x5f, 0xf5, 0x22,
    0xee, 0x1b, 0xe4, 0x35, 0xfd, 0x10, 0x0, 0x7f,
    0xd9, 0xf3, 0x9f, 0x40, 0x3f, 0x71, 0xde, 0x20,
    0x0, 0x8f, 0xf7, 0x5, 0x7f, 0x80, 0x0, 0xaf,
    0xef, 0x30, 0x0, 0x3, 0x87, 0xf4, 0x7f, 0xd4,
    0x44, 0x45, 0xef, 0x90, 0x0, 0x0, 0x0, 0x5,
    0xaf, 0x9f, 0xff, 0xff, 0xf7, 0xcf, 0xa2, 0x0,
    0x0, 0x5, 0xef, 0x80, 0x33, 0x33, 0x33, 0x10,
    0x8f, 0xf9, 0x20, 0x4c, 0xfe, 0x50, 0x0, 0x0,
    0x0, 0x0, 0x0, 0x3b, 0xfe, 0x9, 0xf9, 0x8f,
    0xff, 0xff, 0xff, 0xff, 0xff, 0xff, 0x23, 0x50,
    0x12, 0x3, 0x78, 0x77, 0x7a, 0xf9, 0x7a, 0x87,
    0x71, 0x0, 0x0, 0x0, 0x7, 0xf8, 0x0, 0x6f,
    0x50, 0xef, 0x81, 0x0, 0x0, 0x1, 0x7e, 0xfa,
    0x10, 0x6, 0xf5, 0x4, 0xbf, 0xfa, 0x30, 0x5,
    0xff, 0xc3, 0x4, 0x77, 0xcf, 0x40, 0x0, 0x2a,
    0xff, 0x50, 0x1a, 0x30, 0x0, 0x7f, 0xff, 0xb0,
    0x0, 0x0, 0x2, 0x80, 0x0,

    /* U+5BF8 "寸" */
    0x0, 0x0, 0x0, 0x0, 0x0, 0x0, 0x5e, 0xa0,
    0x0, 0x0, 0x0, 0x0, 0x0, 0x0, 0x0, 0x6,
    0xfb, 0x0, 0x0, 0x0, 0x0, 0x0, 0x0, 0x0,
    0x0, 0x6f, 0xb0, 0x0, 0x0, 0x0, 0x0, 0x0,
    0x0, 0x0, 0x6, 0xfb, 0x0, 0x0, 0xff, 0xff,
    0xff, 0xff, 0xff, 0xff, 0xff, 0xff, 0xff, 0xdf,
    0xff, 0xff, 0xff, 0xff, 0xff, 0xff, 0xff, 0xff,
    0xfe, 0x0, 0x0, 0x0, 0x0, 0x0, 0x0, 0x6f,
    0xb0, 0x0, 0x0, 0x0, 0x52, 0x0, 0x0, 0x0,
    0x6, 0xfb, 0x0, 0x0, 0x0, 0x4f, 0xe2, 0x0,
    0x0, 0x0, 0x6f, 0xb0, 0x0, 0x0, 0x0, 0xcf,
    0xd1, 0x0, 0x0, 0x6, 0xfb, 0x0, 0x0, 0x0,
    0x1, 0xdf, 0xd1, 0x0, 0x0, 0x6f, 0xb0, 0x0,
    0x0, 0x0, 0x1, 0xef, 0xc0, 0x0, 0x6, 0xfb,
    0x0, 0x0, 0x0, 0x0, 0x3, 0xff, 0xa0, 0x0,
    0x6f, 0xb0, 0x0, 0x0, 0x0, 0x0, 0x4, 0xf5,
    0x0, 0x6, 0xfb, 0x0, 0x0, 0x0, 0x0, 0x0,
    0x2, 0x0, 0x0, 0x6f, 0xb0, 0x0, 0x0, 0x0,
    0x0, 0x0, 0x0, 0x0, 0x6, 0xfb, 0x0, 0x0,
    0x0, 0x0, 0x0, 0x0, 0x0, 0x0, 0x6f, 0xb0,
    0x0, 0x0, 0x0, 0x0, 0x0, 0x0, 0x0, 0x1b,
    0xfa, 0x0, 0x0, 0x0, 0x0, 0x0, 0xb, 0xff,
    0xff, 0xff, 0x70, 0x0, 0x0, 0x0, 0x0, 0x0,
    0x7f, 0xff, 0xfe, 0x90, 0x0, 0x0,

    /* U+5BF9 "对" */
    0x0, 0x0, 0x0, 0x0, 0x0, 0x0, 0x0, 0x0,
    0x54, 0x0, 0x0, 0x0, 0x0, 0x0, 0x0, 0x0,
    0x0, 0x0, 0xf, 0xe0, 0x0, 0x0, 0x0, 0x0,
    0x0, 0x0, 0x0, 0x0, 0x0, 0xfe, 0x0, 0x0,
    0xff, 0xff, 0xff, 0xfd, 0x0, 0x0, 0x0, 0xf,
    0xe0, 0x0, 0xd, 0xdd, 0xdd, 0xdf, 0xd0, 0x0,
    0x0, 0x0, 0xfe, 0x0, 0x0, 0x0, 0x0, 0x2,
    0xfb, 0x5f, 0xff, 0xff, 0xff, 0xff, 0xf4, 0x2,
    0x60, 0x0, 0x6f, 0x74, 0xee, 0xee, 0xee, 0xff,
    0xee, 0x30, 0xdf, 0x40, 0x9, 0xf3, 0x0, 0x0,
    0x0, 0xf, 0xe0, 0x0, 0x3, 0xfe, 0x10, 0xef,
    0x0, 0x61, 0x0, 0x0, 0xfe, 0x0, 0x0, 0x7,
    0xfb, 0x4f, 0xa0, 0x4f, 0xc0, 0x0, 0xf, 0xe0,
    0x0, 0x0, 0xb, 0xfe, 0xf5, 0x0, 0xaf, 0x70,
    0x0, 0xfe, 0x0, 0x0, 0x0, 0x1e, 0xfe, 0x0,
    0x1, 0xef, 0x30, 0xf, 0xe0, 0x0, 0x0, 0x0,
    0x9f, 0xe1, 0x0, 0x4, 0xfd, 0x0, 0xfe, 0x0,
    0x0, 0x0, 0x2f, 0xff, 0xa0, 0x0, 0x9, 0xd2,
    0xf, 0xe0, 0x0, 0x0, 0xc, 0xf7, 0xdf, 0x60,
    0x0, 0x0, 0x0, 0xfe, 0x0, 0x0, 0x7, 0xfc,
    0x3, 0xff, 0x20, 0x0, 0x0, 0xf, 0xe0, 0x0,
    0x4, 0xff, 0x20, 0x8, 0xfc, 0x0, 0x0, 0x0,
    0xfe, 0x0, 0x3, 0xff, 0x60, 0x0, 0xa, 0x30,
    0x0, 0x0, 0x3f, 0xe0, 0x0, 0x6f, 0x90, 0x0,
    0x0, 0x0, 0x4, 0xee, 0xef, 0xfb, 0x0, 0x0,
    0x70, 0x0, 0x0, 0x0, 0x0, 0x1f, 0xff, 0xfb,
    0x20, 0x0,

    /* U+5BFC "导" */
    0x3, 0xdd, 0xdd, 0xdd, 0xdd, 0xdd, 0xdd, 0xdd,
    0x70, 0x0, 0x4, 0xff, 0xff, 0xff, 0xff, 0xff,
    0xff, 0xff, 0x90, 0x0, 0x4, 0xf9, 0x0, 0x0,
    0x0, 0x0, 0x0, 0x5f, 0x90, 0x0, 0x4, 0xf9,
    0x0, 0x0, 0x0, 0x0, 0x0, 0x5f, 0x90, 0x0,
    0x4, 0xfd, 0xaa, 0xaa, 0xaa, 0xaa, 0xaa, 0xcf,
    0x90, 0x0, 0x4, 0xff, 0xff, 0xff, 0xff, 0xff,
    0xff, 0xff, 0x90, 0x0, 0x4, 0xf9, 0x0, 0x0,
    0x0, 0x0, 0x0, 0x0, 0x6b, 0x40, 0x3, 0xfb,
    0x0, 0x0, 0x0, 0x0, 0x0, 0x0, 0x9f, 0x70,
    0x1, 0xff, 0xed, 0xdd, 0xdd, 0xdd, 0xdd, 0xde,
    0xff, 0x40, 0x0, 0x7e, 0xff, 0xff, 0xff, 0xff,
    0xff, 0xff, 0xe9, 0x0, 0x0, 0x0, 0x0, 0x0,
    0x0, 0x0, 0x6, 0xf8, 0x0, 0x0, 0x0, 0x0,
    0x0, 0x0, 0x0, 0x0, 0x6, 0xf8, 0x0, 0x0,
    0xff, 0xff, 0xff, 0xff, 0xff, 0xff, 0xff, 0xff,
    0xff, 0xf2, 0xdd, 0xdd, 0xed, 0xdd, 0xdd, 0xdd,
    0xde, 0xfe, 0xdd, 0xd2, 0x0, 0x6, 0xe5, 0x0,
    0x0, 0x0, 0x6, 0xf8, 0x0, 0x0, 0x0, 0x5,
    0xef, 0xa1, 0x0, 0x0, 0x6, 0xf8, 0x0, 0x0,
    0x0, 0x0, 0x1a, 0xfb, 0x0, 0x0, 0x8, 0xf8,
    0x0, 0x0, 0x0, 0x0, 0x0, 0x62, 0x3, 0xdd,
    0xdf, 0xf6, 0x0, 0x0, 0x0, 0x0, 0x0, 0x0,
    0x1, 0xff, 0xfe, 0xa0, 0x0, 0x0,

    /* U+5C06 "将" */
    0x0, 0x0, 0x0, 0x0, 0x0, 0x0, 0x10, 0x0,
    0x0, 0x0, 0x0, 0x0, 0xcf, 0x0, 0x0, 0x6,
    0xfa, 0x0, 0x0, 0x0, 0x0, 0x0, 0xdf, 0x0,
    0x0, 0x3f, 0xf4, 0x0, 0x0, 0x0, 0x0, 0x0,
    0xdf, 0x0, 0x3, 0xff, 0xe9, 0x99, 0x99, 0x91,
    0x6d, 0x0, 0xdf, 0x0, 0x3f, 0xff, 0xff, 0xff,
    0xff, 0xf3, 0x6f, 0x50, 0xdf, 0x6, 0xff, 0xe0,
    0x0, 0x0, 0x2d, 0xd0, 0x1f, 0xb0, 0xdf, 0x3f,
    0xeb, 0xfe, 0x40, 0x3, 0xed, 0x10, 0xb, 0xf1,
    0xdf, 0x5, 0x10, 0x6f, 0xa1, 0xaf, 0xc2, 0x0,
    0x5, 0xf7, 0xdf, 0x0, 0x0, 0x5, 0x9f, 0xf8,
    0x0, 0x0, 0x0, 0xfb, 0xdf, 0x1, 0x49, 0xdf,
    0xfb, 0x30, 0x54, 0x0, 0x0, 0x30, 0xdf, 0xb,
    0xff, 0xd8, 0x20, 0x0, 0xfd, 0x0, 0x0, 0x2,
    0xef, 0x2, 0x62, 0x0, 0x0, 0x0, 0xfd, 0x0,
    0x0, 0x4f, 0xff, 0x4d, 0xdd, 0xdd, 0xdd, 0xdd,
    0xff, 0xd9, 0x7, 0xff, 0xff, 0x5f, 0xff, 0xff,
    0xff, 0xff, 0xff, 0xfb, 0x9f, 0xf4, 0xdf, 0x0,
    0x9, 0x10, 0x0, 0x0, 0xfd, 0x0, 0x9e, 0x30,
    0xdf, 0x0, 0x6f, 0xd1, 0x0, 0x0, 0xfd, 0x0,
    0x32, 0x0, 0xdf, 0x0, 0x8, 0xfd, 0x10, 0x0,
    0xfd, 0x0, 0x0, 0x0, 0xdf, 0x0, 0x0, 0x9f,
    0x60, 0x0, 0xfd, 0x0, 0x0, 0x0, 0xdf, 0x0,
    0x0, 0x4, 0x0, 0x2, 0xfd, 0x0, 0x0, 0x0,
    0xdf, 0x0, 0x0, 0x0, 0xbd, 0xdf, 0xfb, 0x0,
    0x0, 0x0, 0xdf, 0x0, 0x0, 0x0, 0xaf, 0xff,
    0xc3, 0x0,

    /* U+5C0F "小" */
    0x0, 0x0, 0x0, 0x0, 0x0, 0x66, 0x0, 0x0,
    0x0, 0x0, 0x0, 0x0, 0x0, 0x0, 0x0, 0xf,
    0xf1, 0x0, 0x0, 0x0, 0x0, 0x0, 0x0, 0x0,
    0x0, 0x0, 0xff, 0x10, 0x0, 0x0, 0x0, 0x0,
    0x0, 0x0, 0x0, 0x0, 0xf, 0xf1, 0x0, 0x0,
    0x0, 0x0, 0x0, 0x0, 0x13, 0x0, 0x0, 0xff,
    0x10, 0x6, 0x20, 0x0, 0x0, 0x0, 0x5, 0xfb,
    0x0, 0xf, 0xf1, 0x9, 0xf9, 0x0, 0x0, 0x0,
    0x0, 0xaf, 0x70, 0x0, 0xff, 0x10, 0x2f, 0xf1,
    0x0, 0x0, 0x0, 0xe, 0xf3, 0x0, 0xf, 0xf1,
    0x0, 0xcf, 0x70, 0x0, 0x0, 0x3, 0xfe, 0x0,
    0x0, 0xff, 0x10, 0x5, 0xfe, 0x0, 0x0, 0x0,
    0x8f, 0x90, 0x0, 0xf, 0xf1, 0x0, 0xe, 0xf4,
    0x0, 0x0, 0xd, 0xf4, 0x0, 0x0, 0xff, 0x10,
    0x0, 0x8f, 0xb0, 0x0, 0x3, 0xfe, 0x0, 0x0,
    0xf, 0xf1, 0x0, 0x2, 0xff, 0x10, 0x0, 0x9f,
    0x80, 0x0, 0x0, 0xff, 0x10, 0x0, 0xc, 0xf8,
    0x0, 0x1f, 0xf2, 0x0, 0x0, 0xf, 0xf1, 0x0,
    0x0, 0x6f, 0xe0, 0x7, 0xfb, 0x0, 0x0, 0x0,
    0xff, 0x10, 0x0, 0x1, 0xff, 0x40, 0xef, 0x40,
    0x0, 0x0, 0xf, 0xf1, 0x0, 0x0, 0xa, 0xf9,
    0x1, 0x70, 0x0, 0x0, 0x0, 0xff, 0x10, 0x0,
    0x0, 0x47, 0x10, 0x0, 0x0, 0x0, 0x0, 0x5f,
    0xf0, 0x0, 0x0, 0x0, 0x0, 0x0, 0x0, 0x5,
    0xff, 0xff, 0xfd, 0x0, 0x0, 0x0, 0x0, 0x0,
    0x0, 0x0, 0x2f, 0xff, 0xfc, 0x30, 0x0, 0x0,
    0x0, 0x0,

    /* U+5C31 "就" */
    0x0, 0x0, 0x2b, 0x70, 0x0, 0x0, 0x7b, 0x10,
    0x0, 0x0, 0x0, 0x0, 0x0, 0xfc, 0x0, 0x0,
    0xb, 0xf1, 0x3e, 0x30, 0x0, 0x0, 0x0, 0xc,
    0xf0, 0x0, 0x0, 0xbf, 0x14, 0xfe, 0x20, 0x0,
    0xff, 0xff, 0xff, 0xff, 0xfd, 0xb, 0xf1, 0x6,
    0xfd, 0x10, 0xd, 0xdd, 0xdd, 0xdd, 0xdd, 0xb0,
    0xbf, 0x10, 0x7, 0xe2, 0x0, 0x0, 0x0, 0x0,
    0x0, 0x1, 0x3c, 0xf4, 0x33, 0x34, 0x30, 0x0,
    0x78, 0x88, 0x88, 0x87, 0x6f, 0xff, 0xff, 0xff,
    0xff, 0x10, 0xf, 0xff, 0xff, 0xff, 0xd2, 0x6e,
    0xf6, 0x66, 0x66, 0x60, 0x0, 0xfa, 0x0, 0x0,
    0xcd, 0x0, 0xdf, 0x2d, 0x70, 0x0, 0x0, 0xf,
    0xa0, 0x0, 0xc, 0xd0, 0xe, 0xe3, 0xf9, 0x0,
    0x0, 0x0, 0xfd, 0x77, 0x77, 0xed, 0x0, 0xfd,
    0x3f, 0x90, 0x0, 0x0, 0xf, 0xff, 0xff, 0xff,
    0xd0, 0x1f, 0xb3, 0xf9, 0x0, 0x0, 0x0, 0x0,
    0xb, 0xf0, 0x0, 0x4, 0xf9, 0x3f, 0x90, 0x0,
    0x0, 0x9, 0xa0, 0xbf, 0x1e, 0x70, 0x7f, 0x63,
    0xf9, 0x0, 0x0, 0x1, 0xfb, 0xb, 0xf0, 0xbe,
    0xc, 0xf2, 0x3f, 0x90, 0x4f, 0x10, 0x7f, 0x50,
    0xbf, 0x4, 0xf8, 0xfd, 0x3, 0xf9, 0x4, 0xf1,
    0xe, 0xd0, 0xb, 0xf0, 0x5, 0x9f, 0x70, 0x3f,
    0x90, 0x5f, 0x14, 0xf6, 0x0, 0xcf, 0x0, 0x1f,
    0xf1, 0x2, 0xfa, 0x7, 0xf0, 0x3, 0x4d, 0xef,
    0xe0, 0xb, 0xf8, 0x0, 0xf, 0xff, 0xfd, 0x0,
    0x1, 0xff, 0xe6, 0x0, 0x8e, 0x0, 0x0, 0x5b,
    0xcb, 0x30, 0x0, 0x0, 0x0, 0x0, 0x0, 0x10,
    0x0, 0x0, 0x0, 0x0, 0x0,

    /* U+5C3A "尺" */
    0x0, 0xe, 0xee, 0xee, 0xee, 0xee, 0xee, 0xee,
    0xed, 0x0, 0x0, 0xf, 0xff, 0xff, 0xff, 0xff,
    0xff, 0xff, 0xff, 0x0, 0x0, 0xf, 0xe0, 0x0,
    0x0, 0x0, 0x0, 0x0, 0xff, 0x0, 0x0, 0xf,
    0xe0, 0x0, 0x0, 0x0, 0x0, 0x0, 0xff, 0x0,
    0x0, 0xf, 0xe0, 0x0, 0x0, 0x0, 0x0, 0x0,
    0xff, 0x0, 0x0, 0xf, 0xe0, 0x0, 0x0, 0x0,
    0x0, 0x0, 0xff, 0x0, 0x0, 0xf, 0xe0, 0x0,
    0x0, 0x0, 0x0, 0x0, 0xff, 0x0, 0x0, 0xf,
    0xff, 0xff, 0xff, 0xff, 0xff, 0xff, 0xff, 0x0,
    0x0, 0xf, 0xff, 0xff, 0xff, 0xff, 0xff, 0xff,
    0xff, 0x0, 0x0, 0xf, 0xd0, 0x0, 0xe, 0xf2,
    0x0, 0x0, 0x0, 0x0, 0x0, 0x1f, 0xc0, 0x0,
    0x9, 0xf9, 0x0, 0x0, 0x0, 0x0, 0x0, 0x2f,
    0xb0, 0x0, 0x2, 0xff, 0x20, 0x0, 0x0, 0x0,
    0x0, 0x5f, 0xa0, 0x0, 0x0, 0x8f, 0xc0, 0x0,
    0x0, 0x0, 0x0, 0x8f, 0x70, 0x0, 0x0, 0xd,
    0xfa, 0x0, 0x0, 0x0, 0x0, 0xcf, 0x40, 0x0,
    0x0, 0x2, 0xef, 0xb0, 0x0, 0x0, 0x2, 0xff,
    0x0, 0x0, 0x0, 0x0, 0x2e, 0xfe, 0x40, 0x0,
    0xa, 0xf9, 0x0, 0x0, 0x0, 0x0, 0x1, 0xcf,
    0xfb, 0x30, 0x3f, 0xf2, 0x0, 0x0, 0x0, 0x0,
    0x0, 0x7, 0xff, 0xf8, 0x8f, 0x90, 0x0, 0x0,
    0x0, 0x0, 0x0, 0x0, 0x2a, 0xf3, 0x6, 0x0,
    0x0, 0x0, 0x0, 0x0, 0x0, 0x0, 0x0, 0x10,

    /* U+5C3D "尽" */
    0x0, 0xd, 0xdd, 0xdd, 0xdd, 0xdd, 0xdd, 0xdd,
    0xdb, 0x0, 0x0, 0xf, 0xff, 0xff, 0xff, 0xff,
    0xff, 0xff, 0xfd, 0x0, 0x0, 0xf, 0xf0, 0x0,
    0x0, 0x0, 0x0, 0x0, 0xfd, 0x0, 0x0, 0xf,
    0xf0, 0x0, 0x0, 0x0, 0x0, 0x0, 0xfd, 0x0,
    0x0, 0xf, 0xf0, 0x0, 0x0, 0x0, 0x0, 0x0,
    0xfd, 0x0, 0x0, 0xf, 0xfe, 0xee, 0xee, 0xee,
    0xee, 0xee, 0xfd, 0x0, 0x0, 0xf, 0xff, 0xff,
    0xff, 0xff, 0xff, 0xff, 0xfd, 0x0, 0x0, 0x1f,
    0xd0, 0x0, 0x0, 0x6, 0xf9, 0x0, 0x0, 0x0,
    0x0, 0x2f, 0xc0, 0x0, 0x0, 0x0, 0xdf, 0x20,
    0x0, 0x0, 0x0, 0x4f, 0xa0, 0x5, 0x10, 0x0,
    0x4f, 0xd1, 0x0, 0x0, 0x0, 0x7f, 0x70, 0x2f,
    0xfb, 0x50, 0x9, 0xfc, 0x10, 0x0, 0x0, 0xbf,
    0x30, 0x17, 0xcf, 0xff, 0xa2, 0xbf, 0xd2, 0x0,
    0x1, 0xff, 0x0, 0x0, 0x2, 0x8e, 0xf3, 0xa,
    0xff, 0x70, 0x9, 0xf9, 0x0, 0x0, 0x0, 0x0,
    0x40, 0x0, 0x8f, 0xfa, 0x2f, 0xf1, 0xa, 0xd7,
    0x20, 0x0, 0x0, 0x0, 0x3, 0xd3, 0xcf, 0x80,
    0xb, 0xff, 0xfc, 0x71, 0x0, 0x0, 0x0, 0x0,
    0x4d, 0x0, 0x0, 0x17, 0xcf, 0xff, 0xc6, 0x10,
    0x0, 0x0, 0x0, 0x0, 0x0, 0x0, 0x2, 0x8d,
    0xff, 0xf3, 0x0, 0x0, 0x0, 0x0, 0x0, 0x0,
    0x0, 0x0, 0x39, 0xd0, 0x0, 0x0, 0x0, 0x0,
    0x0, 0x0, 0x0, 0x0, 0x0, 0x0, 0x0, 0x0,

    /* U+5C4F "屏" */
    0x0, 0x8a, 0xaa, 0xaa, 0xaa, 0xaa, 0xaa, 0xaa,
    0xaa, 0x30, 0x0, 0xdf, 0xff, 0xff, 0xff, 0xff,
    0xff, 0xff, 0xff, 0x60, 0x0, 0xdf, 0x0, 0x0,
    0x0, 0x0, 0x0, 0x0, 0x7f, 0x60, 0x0, 0xdf,
    0x0, 0x0, 0x0, 0x0, 0x0, 0x0, 0x7f, 0x60,
    0x0, 0xdf, 0xff, 0xff, 0xff, 0xff, 0xff, 0xff,
    0xff, 0x60, 0x0, 0xdf, 0xaa, 0xaa, 0xaa, 0xaa,
    0xaa, 0xba, 0xaa, 0x30, 0x0, 0xdf, 0x0, 0x9,
    0xe1, 0x0, 0x1, 0xed, 0x0, 0x0, 0x0, 0xdf,
    0x0, 0x4, 0xfa, 0x0, 0xb, 0xf6, 0x0, 0x0,
    0x0, 0xdf, 0xd, 0xdd, 0xfe, 0xdd, 0xdf, 0xfd,
    0xdd, 0x60, 0x0, 0xef, 0xf, 0xff, 0xff, 0xff,
    0xff, 0xff, 0xff, 0x70, 0x0, 0xfe, 0x0, 0x4,
    0xf8, 0x0, 0x7, 0xf6, 0x0, 0x0, 0x0, 0xfd,
    0x0, 0x4, 0xf8, 0x0, 0x7, 0xf6, 0x0, 0x0,
    0x2, 0xfb, 0x0, 0x4, 0xf8, 0x0, 0x7, 0xf6,
    0x0, 0x0, 0x4, 0xf9, 0xcf, 0xff, 0xff, 0xff,
    0xff, 0xff, 0xff, 0xf6, 0x8, 0xf6, 0xad, 0xde,
    0xfe, 0xdd, 0xde, 0xfe, 0xdd, 0xd5, 0xc, 0xf1,
    0x0, 0x9, 0xf3, 0x0, 0x7, 0xf6, 0x0, 0x0,
    0x3f, 0xc0, 0x0, 0x2f, 0xd0, 0x0, 0x7, 0xf6,
    0x0, 0x0, 0xbf, 0x60, 0x4, 0xef, 0x40, 0x0,
    0x7, 0xf6, 0x0, 0x0, 0x5d, 0x0, 0xc, 0xe3,
    0x0, 0x0, 0x7, 0xf6, 0x0, 0x0, 0x0, 0x0,
    0x0, 0x0, 0x0, 0x0, 0x0, 0x0, 0x0, 0x0,

    /* U+5CF0 "峰" */
    0x0, 0x2, 0x60, 0x0, 0x0, 0x6, 0xb2, 0x0,
    0x0, 0x0, 0x0, 0x6, 0xf0, 0x0, 0x0, 0x1e,
    0xe0, 0x0, 0x0, 0x0, 0x0, 0x6, 0xf0, 0x0,
    0x0, 0xcf, 0xfd, 0xdd, 0xdd, 0x60, 0x0, 0x6,
    0xf0, 0x0, 0xa, 0xfd, 0x99, 0x99, 0xef, 0x60,
    0x3e, 0x16, 0xf0, 0xf7, 0xaf, 0xff, 0x50, 0x8,
    0xfa, 0x0, 0x4f, 0x16, 0xf0, 0xf7, 0x99, 0x1d,
    0xf9, 0xbf, 0x90, 0x0, 0x4f, 0x16, 0xf0, 0xf7,
    0x0, 0x4, 0xff, 0xfd, 0x30, 0x0, 0x4f, 0x16,
    0xf0, 0xf7, 0x7a, 0xef, 0xd7, 0xaf, 0xfe, 0xb7,
    0x4f, 0x16, 0xf0, 0xf7, 0xdd, 0x93, 0x9, 0x61,
    0x6b, 0xf9, 0x4f, 0x16, 0xf0, 0xf7, 0x0, 0x0,
    0xf, 0xb0, 0x0, 0x1, 0x4f, 0x16, 0xf0, 0xf7,
    0x5e, 0xee, 0xef, 0xfe, 0xee, 0xe0, 0x4f, 0x16,
    0xf0, 0xf7, 0x3a, 0xaa, 0xaf, 0xea, 0xaa, 0xa0,
    0x4f, 0x16, 0xf0, 0xf7, 0x0, 0x0, 0xf, 0xb0,
    0x0, 0x0, 0x4f, 0x16, 0xf0, 0xf7, 0xd, 0xdd,
    0xdf, 0xfd, 0xdd, 0x80, 0x4f, 0x16, 0xf0, 0xf7,
    0xb, 0xbb, 0xbf, 0xeb, 0xbb, 0x70, 0x4f, 0x16,
    0xf6, 0xf7, 0x0, 0x0, 0xf, 0xb0, 0x0, 0x0,
    0x4f, 0xef, 0xff, 0xf7, 0xbc, 0xcc, 0xcf, 0xec,
    0xcc, 0xc7, 0x4f, 0xfd, 0xb8, 0xf7, 0xcd, 0xdd,
    0xdf, 0xfd, 0xdd, 0xd8, 0x2, 0x0, 0x0, 0xc5,
    0x0, 0x0, 0xf, 0xb0, 0x0, 0x0, 0x0, 0x0,
    0x0, 0x0, 0x0, 0x0, 0xf, 0xb0, 0x0, 0x0,

    /* U+5DE5 "工" */
    0xd, 0xff, 0xff, 0xff, 0xff, 0xff, 0xff, 0xff,
    0xfc, 0x0, 0xdf, 0xff, 0xff, 0xff, 0xff, 0xff,
    0xff, 0xff, 0xd0, 0x0, 0x0, 0x0, 0x0, 0xaf,
    0x80, 0x0, 0x0, 0x0, 0x0, 0x0, 0x0, 0x0,
    0xa, 0xf8, 0x0, 0x0, 0x0, 0x0, 0x0, 0x0,
    0x0, 0x0, 0xaf, 0x80, 0x0, 0x0, 0x0, 0x0,
    0x0, 0x0, 0x0, 0xa, 0xf8, 0x0, 0x0, 0x0,
    0x0, 0x0, 0x0, 0x0, 0x0, 0xaf, 0x80, 0x0,
    0x0, 0x0, 0x0, 0x0, 0x0, 0x0, 0xa, 0xf8,
    0x0, 0x0, 0x0, 0x0, 0x0, 0x0, 0x0, 0x0,
    0xaf, 0x80, 0x0, 0x0, 0x0, 0x0, 0x0, 0x0,
    0x0, 0xa, 0xf8, 0x0, 0x0, 0x0, 0x0, 0x0,
    0x0, 0x0, 0x0, 0xaf, 0x80, 0x0, 0x0, 0x0,
    0x0, 0x0, 0x0, 0x0, 0xa, 0xf8, 0x0, 0x0,
    0x0, 0x0, 0x0, 0x0, 0x0, 0x0, 0xaf, 0x80,
    0x0, 0x0, 0x0, 0x0, 0x0, 0x0, 0x0, 0xa,
    0xf8, 0x0, 0x0, 0x0, 0x0, 0x0, 0x0, 0x0,
    0x0, 0xaf, 0x80, 0x0, 0x0, 0x0, 0xe, 0xee,
    0xee, 0xee, 0xef, 0xff, 0xee, 0xee, 0xee, 0xed,
    0xff, 0xff, 0xff, 0xff, 0xff, 0xff, 0xff, 0xff,
    0xff, 0xf0,

    /* U+5DE6 "左" */
    0x0, 0x0, 0x0, 0x2, 0xfb, 0x0, 0x0, 0x0,
    0x0, 0x0, 0x0, 0x0, 0x0, 0x5, 0xfa, 0x0,
    0x0, 0x0, 0x0, 0x0, 0x0, 0x0, 0x0, 0x9,
    0xf7, 0x0, 0x0, 0x0, 0x0, 0x0, 0xe, 0xee,
    0xee, 0xef, 0xfe, 0xee, 0xee, 0xee, 0xee, 0xec,
    0xf, 0xff, 0xff, 0xff, 0xff, 0xff, 0xff, 0xff,
    0xff, 0xfe, 0x0, 0x0, 0x0, 0x6f, 0xb0, 0x0,
    0x0, 0x0, 0x0, 0x0, 0x0, 0x0, 0x0, 0xcf,
    0x60, 0x0, 0x0, 0x0, 0x0, 0x0, 0x0, 0x0,
    0x2, 0xff, 0x20, 0x0, 0x0, 0x0, 0x0, 0x0,
    0x0, 0x0, 0x9, 0xfc, 0x0, 0x0, 0x0, 0x0,
    0x0, 0x0, 0x0, 0x0, 0x1f, 0xf7, 0x0, 0x0,
    0x0, 0x0, 0x0, 0x0, 0x0, 0x0, 0x9f, 0xff,
    0xff, 0xff, 0xff, 0xff, 0xff, 0xa0, 0x0, 0x3,
    0xff, 0xee, 0xee, 0xef, 0xfe, 0xee, 0xee, 0x90,
    0x0, 0xd, 0xfe, 0x0, 0x0, 0x1f, 0xd0, 0x0,
    0x0, 0x0, 0x0, 0x8f, 0xf4, 0x0, 0x0, 0x1f,
    0xd0, 0x0, 0x0, 0x0, 0x5, 0xff, 0x70, 0x0,
    0x0, 0x1f, 0xd0, 0x0, 0x0, 0x0, 0x3f, 0xfa,
    0x0, 0x0, 0x0, 0x1f, 0xd0, 0x0, 0x0, 0x0,
    0x7f, 0xb0, 0x0, 0x0, 0x0, 0x1f, 0xd0, 0x0,
    0x0, 0x0, 0x9, 0x9, 0xdd, 0xdd, 0xdd, 0xdf,
    0xfd, 0xdd, 0xdd, 0xda, 0x0, 0xb, 0xff, 0xff,
    0xff, 0xff, 0xff, 0xff, 0xff, 0xfc,

    /* U+5DEE "差" */
    0x0, 0x0, 0x0, 0x10, 0x0, 0x0, 0x0, 0x0,
    0x0, 0x0, 0x0, 0x0, 0xa, 0xf2, 0x0, 0x0,
    0x2, 0xea, 0x0, 0x0, 0x0, 0x0, 0x5, 0xfd,
    0x0, 0x0, 0xc, 0xf6, 0x0, 0x0, 0x0, 0x0,
    0x0, 0x9f, 0x80, 0x0, 0x9f, 0xa0, 0x0, 0x0,
    0x5, 0xff, 0xff, 0xff, 0xff, 0xff, 0xff, 0xff,
    0xff, 0xf7, 0x3, 0x99, 0x99, 0x99, 0x9d, 0xfa,
    0x99, 0x99, 0x99, 0x94, 0x0, 0x0, 0x0, 0x0,
    0xd, 0xf1, 0x0, 0x0, 0x0, 0x0, 0x0, 0x48,
    0x88, 0x88, 0x8f, 0xf8, 0x88, 0x88, 0x88, 0x40,
    0x0, 0x8f, 0xff, 0xff, 0xff, 0xff, 0xff, 0xff,
    0xff, 0x80, 0x0, 0x0, 0x0, 0x0, 0xdf, 0x30,
    0x0, 0x0, 0x0, 0x0, 0x0, 0x0, 0x0, 0x5,
    0xfc, 0x0, 0x0, 0x0, 0x0, 0x0, 0xf, 0xff,
    0xff, 0xff, 0xff, 0xff, 0xff, 0xff, 0xff, 0xff,
    0x9, 0x99, 0x99, 0xef, 0xc9, 0x99, 0x99, 0x99,
    0x99, 0x99, 0x0, 0x0, 0x6, 0xfd, 0x0, 0x0,
    0x0, 0x0, 0x0, 0x0, 0x0, 0x0, 0x5f, 0xfa,
    0x99, 0x99, 0x99, 0x99, 0x99, 0x20, 0x0, 0x7,
    0xfe, 0xdf, 0xff, 0xff, 0xff, 0xff, 0xff, 0x40,
    0x0, 0xaf, 0xd2, 0x0, 0x0, 0x3f, 0xb0, 0x0,
    0x0, 0x0, 0x1d, 0xfc, 0x10, 0x0, 0x0, 0x3f,
    0xb0, 0x0, 0x0, 0x0, 0x1f, 0xa0, 0x0, 0x0,
    0x0, 0x3f, 0xb0, 0x0, 0x0, 0x0, 0x3, 0x7,
    0x99, 0x99, 0x99, 0xaf, 0xe9, 0x99, 0x99, 0x98,
    0x0, 0xd, 0xff, 0xff, 0xff, 0xff, 0xff, 0xff,
    0xff, 0xfe,

    /* U+5DF1 "己" */
    0xbf, 0xff, 0xff, 0xff, 0xff, 0xff, 0xff, 0xff,
    0x0, 0xae, 0xee, 0xee, 0xee, 0xee, 0xee, 0xee,
    0xff, 0x0, 0x0, 0x0, 0x0, 0x0, 0x0, 0x0,
    0x0, 0xff, 0x0, 0x0, 0x0, 0x0, 0x0, 0x0,
    0x0, 0x0, 0xff, 0x0, 0x0, 0x0, 0x0, 0x0,
    0x0, 0x0, 0x0, 0xff, 0x0, 0x0, 0x0, 0x0,
    0x0, 0x0, 0x0, 0x0, 0xff, 0x0, 0xd, 0xee,
    0xee, 0xee, 0xee, 0xee, 0xee, 0xff, 0x0, 0xf,
    0xff, 0xff, 0xff, 0xff, 0xff, 0xff, 0xff, 0x0,
    0xf, 0xf0, 0x0, 0x0, 0x0, 0x0, 0x0, 0x0,
    0x0, 0xf, 0xf0, 0x0, 0x0, 0x0, 0x0, 0x0,
    0x0, 0x0, 0xf, 0xf0, 0x0, 0x0, 0x0, 0x0,
    0x0, 0x0, 0x0, 0xf, 0xf0, 0x0, 0x0, 0x0,
    0x0, 0x0, 0x3, 0xb5, 0xf, 0xf0, 0x0, 0x0,
    0x0, 0x0, 0x0, 0x4, 0xfb, 0xf, 0xf0, 0x0,
    0x0, 0x0, 0x0, 0x0, 0x5, 0xfa, 0xf, 0xf0,
    0x0, 0x0, 0x0, 0x0, 0x0, 0x6, 0xf9, 0xe,
    0xf6, 0x0, 0x0, 0x0, 0x0, 0x0, 0xb, 0xf7,
    0xa, 0xff, 0xfe, 0xee, 0xee, 0xee, 0xee, 0xff,
    0xf3, 0x1, 0xbe, 0xff, 0xff, 0xff, 0xff, 0xff,
    0xfd, 0x60,

    /* U+5DF2 "已" */
    0xef, 0xff, 0xff, 0xff, 0xff, 0xff, 0xff, 0xff,
    0x0, 0xde, 0xee, 0xee, 0xee, 0xee, 0xee, 0xee,
    0xff, 0x0, 0x0, 0x0, 0x0, 0x0, 0x0, 0x0,
    0x0, 0xff, 0x0, 0x0, 0x0, 0x0, 0x0, 0x0,
    0x0, 0x0, 0xff, 0x0, 0xb, 0xb0, 0x0, 0x0,
    0x0, 0x0, 0x0, 0xff, 0x0, 0xf, 0xf0, 0x0,
    0x0, 0x0, 0x0, 0x0, 0xff, 0x0, 0xf, 0xf0,
    0x0, 0x0, 0x0, 0x0, 0x0, 0xff, 0x0, 0xf,
    0xff, 0xff, 0xff, 0xff, 0xff, 0xff, 0xff, 0x0,
    0xf, 0xfe, 0xee, 0xee, 0xee, 0xee, 0xee, 0xee,
    0x0, 0xf, 0xf0, 0x0, 0x0, 0x0, 0x0, 0x0,
    0x0, 0x0, 0xf, 0xf0, 0x0, 0x0, 0x0, 0x0,
    0x0, 0x0, 0x0, 0xf, 0xf0, 0x0, 0x0, 0x0,
    0x0, 0x0, 0x2, 0x62, 0xf, 0xf0, 0x0, 0x0,
    0x0, 0x0, 0x0, 0x4, 0xfb, 0xf, 0xf0, 0x0,
    0x0, 0x0, 0x0, 0x0, 0x5, 0xfa, 0xf, 0xf0,
    0x0, 0x0, 0x0, 0x0, 0x0, 0x6, 0xf9, 0xe,
    0xf6, 0x0, 0x0, 0x0, 0x0, 0x0, 0xa, 0xf8,
    0xa, 0xff, 0xfe, 0xee, 0xee, 0xee, 0xee, 0xff,
    0xf4, 0x1, 0xae, 0xff, 0xff, 0xff, 0xff, 0xff,
    0xfd, 0x70,

    /* U+5E26 "带" */
    0x0, 0x4, 0xc4, 0x0, 0x3c, 0x50, 0x2, 0xc6,
    0x0, 0x0, 0x0, 0x6, 0xf6, 0x0, 0x4f, 0x70,
    0x3, 0xf8, 0x0, 0x0, 0xaa, 0xac, 0xfc, 0xaa,
    0xbf, 0xca, 0xab, 0xfd, 0xaa, 0xa1, 0xff, 0xff,
    0xff, 0xff, 0xff, 0xff, 0xff, 0xff, 0xff, 0xf3,
    0x0, 0x6, 0xf6, 0x0, 0x5f, 0x70, 0x4, 0xf8,
    0x0, 0x0, 0x0, 0x6, 0xf6, 0x0, 0x4f, 0x70,
    0x3, 0xf8, 0x0, 0x0, 0x0, 0x1, 0x31, 0x0,
    0x13, 0x10, 0x0, 0x31, 0x0, 0x0, 0x5d, 0xdd,
    0xdd, 0xdd, 0xdd, 0xdd, 0xdd, 0xdd, 0xdd, 0x80,
    0x6f, 0xff, 0xff, 0xff, 0xff, 0xff, 0xff, 0xff,
    0xff, 0x90, 0x6f, 0x60, 0x0, 0x0, 0x39, 0x40,
    0x0, 0x0, 0x3f, 0x90, 0x6f, 0x60, 0x0, 0x0,
    0x5f, 0x80, 0x0, 0x0, 0x3f, 0x90, 0x1, 0x0,
    0x0, 0x0, 0x5f, 0x80, 0x0, 0x0, 0x1, 0x0,
    0x0, 0x8f, 0xff, 0xff, 0xff, 0xff, 0xff, 0xff,
    0xc0, 0x0, 0x0, 0x8f, 0xed, 0xdd, 0xef, 0xed,
    0xdd, 0xdf, 0xc0, 0x0, 0x0, 0x8f, 0x40, 0x0,
    0x5f, 0x80, 0x0, 0x1f, 0xc0, 0x0, 0x0, 0x8f,
    0x40, 0x0, 0x5f, 0x80, 0x0, 0x1f, 0xc0, 0x0,
    0x0, 0x8f, 0x40, 0x0, 0x5f, 0x80, 0x0, 0x2f,
    0xb0, 0x0, 0x0, 0x8f, 0x40, 0x0, 0x5f, 0x83,
    0xdd, 0xff, 0xa0, 0x0, 0x0, 0x8f, 0x40, 0x0,
    0x5f, 0x80, 0xff, 0xfd, 0x30, 0x0, 0x0, 0x1,
    0x0, 0x0, 0x5f, 0x80, 0x0, 0x0, 0x0, 0x0,

    /* U+5E38 "常" */
    0x0, 0x1, 0x0, 0x0, 0x87, 0x0, 0x0, 0x20,
    0x0, 0x0, 0xbe, 0x20, 0x0, 0xfe, 0x0, 0x6,
    0xf8, 0x0, 0x0, 0x5f, 0xe3, 0x0, 0xfe, 0x0,
    0x6f, 0xe2, 0x0, 0x0, 0x5, 0xf7, 0x0, 0xfe,
    0x0, 0xed, 0x10, 0x0, 0xff, 0xff, 0xff, 0xff,
    0xff, 0xff, 0xff, 0xff, 0xff, 0xff, 0x99, 0x99,
    0x99, 0x99, 0x99, 0x99, 0x99, 0xff, 0xfd, 0x0,
    0x0, 0x0, 0x0, 0x0, 0x0, 0x0, 0xdf, 0xfd,
    0x5f, 0xff, 0xff, 0xff, 0xff, 0xff, 0xf0, 0xdf,
    0x54, 0x5f, 0xb7, 0x77, 0x77, 0x77, 0x7e, 0xf0,
    0x45, 0x0, 0x5f, 0x70, 0x0, 0x0, 0x0, 0xd,
    0xf0, 0x0, 0x0, 0x5f, 0xff, 0xff, 0xff, 0xff,
    0xff, 0xf0, 0x0, 0x0, 0x26, 0x66, 0x66, 0xfe,
    0x66, 0x66, 0x60, 0x0, 0x0, 0x0, 0x0, 0x0,
    0xfd, 0x0, 0x0, 0x0, 0x0, 0x7, 0x99, 0x99,
    0x99, 0xff, 0x99, 0x99, 0x99, 0x80, 0xd, 0xff,
    0xff, 0xff, 0xff, 0xff, 0xff, 0xff, 0xe0, 0xd,
    0xf0, 0x0, 0x0, 0xfd, 0x0, 0x0, 0x4f, 0xe0,
    0xd, 0xf0, 0x0, 0x0, 0xfd, 0x0, 0x0, 0x5f,
    0xe0, 0xd, 0xf0, 0x0, 0x0, 0xfd, 0x6, 0xdd,
    0xff, 0xd0, 0xb, 0xd0, 0x0, 0x0, 0xfd, 0x6,
    0xff, 0xfe, 0x50, 0x0, 0x0, 0x0, 0x0, 0xfd,
    0x0, 0x0, 0x0, 0x0,

    /* U+5E45 "幅" */
    0x0, 0x0, 0x10, 0x0, 0x0, 0x0, 0x0, 0x0,
    0x0, 0x0, 0x0, 0xa, 0xf0, 0x0, 0x0, 0x0,
    0x0, 0x0, 0x0, 0x0, 0x0, 0xa, 0xf0, 0x0,
    0x7d, 0xdd, 0xdd, 0xdd, 0xdd, 0xd4, 0x0, 0xa,
    0xf0, 0x0, 0x9f, 0xff, 0xff, 0xff, 0xff, 0xf5,
    0x0, 0xa, 0xf0, 0x0, 0x0, 0x0, 0x0, 0x0,
    0x0, 0x0, 0x1d, 0xde, 0xfd, 0xdd, 0x4, 0x66,
    0x66, 0x66, 0x66, 0x0, 0x1f, 0xff, 0xff, 0xff,
    0xa, 0xff, 0xff, 0xff, 0xff, 0x0, 0x1f, 0x4a,
    0xf0, 0x7f, 0xa, 0xf0, 0x0, 0x0, 0xaf, 0x0,
    0x1f, 0x4a, 0xf0, 0x7f, 0xa, 0xf1, 0x11, 0x11,
    0xaf, 0x0, 0x1f, 0x4a, 0xf0, 0x7f, 0xa, 0xff,
    0xff, 0xff, 0xff, 0x0, 0x1f, 0x4a, 0xf0, 0x7f,
    0x3, 0x55, 0x55, 0x55, 0x55, 0x0, 0x1f, 0x4a,
    0xf0, 0x7f, 0x0, 0x0, 0x0, 0x0, 0x0, 0x0,
    0x1f, 0x4a, 0xf0, 0x7f, 0x4f, 0xff, 0xff, 0xff,
    0xff, 0xe0, 0x1f, 0x4a, 0xf0, 0x7f, 0x4f, 0x98,
    0x8f, 0xc8, 0x8e, 0xe0, 0x1f, 0x4a, 0xf0, 0x7f,
    0x4f, 0x30, 0xf, 0x80, 0xc, 0xe0, 0x1f, 0x4a,
    0xf0, 0x7f, 0x4f, 0x86, 0x6f, 0xb6, 0x6d, 0xe0,
    0x1f, 0x4a, 0xf9, 0xfe, 0x4f, 0xff, 0xff, 0xff,
    0xff, 0xe0, 0x1a, 0x2a, 0xf3, 0x84, 0x4f, 0x30,
    0xf, 0x80, 0xc, 0xe0, 0x0, 0xa, 0xf0, 0x0,
    0x4f, 0x30, 0xf, 0x80, 0xc, 0xe0, 0x0, 0xa,
    0xf0, 0x0, 0x4f, 0xff, 0xff, 0xff, 0xff, 0xe0,
    0x0, 0xa, 0xf0, 0x0, 0x4f, 0x87, 0x77, 0x77,
    0x7e, 0xe0, 0x0, 0x0, 0x0, 0x0, 0x0, 0x0,
    0x0, 0x0, 0x0, 0x0,

    /* U+5E73 "平" */
    0x1e, 0xee, 0xee, 0xee, 0xee, 0xee, 0xee, 0xee,
    0xee, 0x20, 0x1f, 0xff, 0xff, 0xff, 0xff, 0xff,
    0xff, 0xff, 0xff, 0x30, 0x0, 0x0, 0x0, 0x0,
    0x6f, 0x80, 0x0, 0x0, 0x0, 0x0, 0x0, 0x41,
    0x0, 0x0, 0x6f, 0x80, 0x0, 0x2, 0x60, 0x0,
    0x3, 0xfc, 0x0, 0x0, 0x6f, 0x80, 0x0, 0xb,
    0xf5, 0x0, 0x0, 0xbf, 0x70, 0x0, 0x6f, 0x80,
    0x0, 0x6f, 0xd0, 0x0, 0x0, 0x1e, 0xf3, 0x0,
    0x6f, 0x80, 0x2, 0xff, 0x20, 0x0, 0x0, 0x5,
    0xfd, 0x0, 0x6f, 0x80, 0xc, 0xf7, 0x0, 0x0,
    0x0, 0x0, 0xbf, 0x50, 0x6f, 0x80, 0x6f, 0xb0,
    0x0, 0x0, 0x0, 0x0, 0x16, 0x0, 0x6f, 0x80,
    0x7, 0x10, 0x0, 0x0, 0x0, 0x0, 0x0, 0x0,
    0x6f, 0x80, 0x0, 0x0, 0x0, 0x0, 0xff, 0xff,
    0xff, 0xff, 0xff, 0xff, 0xff, 0xff, 0xff, 0xf1,
    0xdd, 0xdd, 0xdd, 0xdd, 0xef, 0xed, 0xdd, 0xdd,
    0xdd, 0xd1, 0x0, 0x0, 0x0, 0x0, 0x6f, 0x80,
    0x0, 0x0, 0x0, 0x0, 0x0, 0x0, 0x0, 0x0,
    0x6f, 0x80, 0x0, 0x0, 0x0, 0x0, 0x0, 0x0,
    0x0, 0x0, 0x6f, 0x80, 0x0, 0x0, 0x0, 0x0,
    0x0, 0x0, 0x0, 0x0, 0x6f, 0x80, 0x0, 0x0,
    0x0, 0x0, 0x0, 0x0, 0x0, 0x0, 0x6f, 0x80,
    0x0, 0x0, 0x0, 0x0, 0x0, 0x0, 0x0, 0x0,
    0x6f, 0x80, 0x0, 0x0, 0x0, 0x0,

    /* U+5E76 "并" */
    0x0, 0x0, 0x1a, 0x10, 0x0, 0x0, 0x2, 0xa3,
    0x0, 0x0, 0x0, 0x0, 0x8f, 0xc0, 0x0, 0x0,
    0xc, 0xf9, 0x0, 0x0, 0x0, 0x0, 0xc, 0xf9,
    0x0, 0x0, 0x7f, 0xd0, 0x0, 0x0, 0x0, 0x0,
    0x1, 0xee, 0x10, 0x2, 0xff, 0x30, 0x0, 0x0,
    0x1d, 0xdd, 0xdd, 0xee, 0xdd, 0xde, 0xff, 0xdd,
    0xdd, 0xc0, 0x2f, 0xff, 0xff, 0xff, 0xff, 0xff,
    0xff, 0xff, 0xff, 0xf0, 0x0, 0x0, 0xb, 0xf2,
    0x0, 0x0, 0xf, 0xe0, 0x0, 0x0, 0x0, 0x0,
    0xb, 0xf2, 0x0, 0x0, 0xf, 0xe0, 0x0, 0x0,
    0x0, 0x0, 0xb, 0xf2, 0x0, 0x0, 0xf, 0xe0,
    0x0, 0x0, 0x0, 0x0, 0xb, 0xf2, 0x0, 0x0,
    0xf, 0xe0, 0x0, 0x0, 0x0, 0x0, 0xb, 0xf2,
    0x0, 0x0, 0xf, 0xe0, 0x0, 0x0, 0xff, 0xff,
    0xff, 0xff, 0xff, 0xff, 0xff, 0xff, 0xff, 0xfb,
    0xee, 0xee, 0xef, 0xfe, 0xee, 0xee, 0xef, 0xfe,
    0xee, 0xea, 0x0, 0x0, 0xf, 0xe0, 0x0, 0x0,
    0xf, 0xe0, 0x0, 0x0, 0x0, 0x0, 0x2f, 0xc0,
    0x0, 0x0, 0xf, 0xe0, 0x0, 0x0, 0x0, 0x0,
    0x8f, 0x80, 0x0, 0x0, 0xf, 0xe0, 0x0, 0x0,
    0x0, 0x3, 0xff, 0x10, 0x0, 0x0, 0xf, 0xe0,
    0x0, 0x0, 0x0, 0x4f, 0xf7, 0x0, 0x0, 0x0,
    0xf, 0xe0, 0x0, 0x0, 0x7, 0xff, 0x90, 0x0,
    0x0, 0x0, 0xf, 0xe0, 0x0, 0x0, 0x5, 0xf7,
    0x0, 0x0, 0x0, 0x0, 0xf, 0xe0, 0x0, 0x0,
    0x0, 0x10, 0x0, 0x0, 0x0, 0x0, 0x0, 0x0,
    0x0, 0x0,

    /* U+5E8F "序" */
    0x0, 0x0, 0x0, 0x0, 0x0, 0x0, 0x0, 0x0,
    0x0, 0x0, 0x0, 0x0, 0x0, 0x0, 0x1, 0xce,
    0x10, 0x0, 0x0, 0x0, 0x0, 0x0, 0x0, 0x0,
    0x0, 0xcf, 0x70, 0x0, 0x0, 0x0, 0x0, 0xbd,
    0xdd, 0xdd, 0xdd, 0xef, 0xfd, 0xdd, 0xdd, 0xdc,
    0x0, 0xdf, 0xff, 0xff, 0xff, 0xff, 0xff, 0xff,
    0xff, 0xfe, 0x0, 0xdf, 0x0, 0x0, 0x0, 0x0,
    0x0, 0x0, 0x0, 0x0, 0x0, 0xdf, 0x0, 0x0,
    0x0, 0x0, 0x0, 0x0, 0x0, 0x0, 0x0, 0xdf,
    0x0, 0xff, 0xff, 0xff, 0xff, 0xff, 0xff, 0x90,
    0x0, 0xdf, 0x0, 0xdd, 0xdd, 0xdd, 0xdd, 0xdd,
    0xff, 0x90, 0x0, 0xdf, 0x0, 0x0, 0x89, 0x10,
    0x0, 0x5d, 0xf9, 0x10, 0x0, 0xdf, 0x0, 0x0,
    0x8f, 0xe6, 0x4c, 0xfb, 0x20, 0x0, 0x0, 0xdf,
    0x0, 0x0, 0x2, 0xaf, 0xfe, 0x40, 0x0, 0x0,
    0x0, 0xef, 0xd, 0xdd, 0xdd, 0xdf, 0xff, 0xdd,
    0xdd, 0xda, 0x0, 0xfe, 0x1f, 0xff, 0xff, 0xff,
    0xff, 0xff, 0xff, 0xfc, 0x0, 0xfd, 0x0, 0x0,
    0x0, 0x7, 0xf6, 0x0, 0x7, 0xf7, 0x3, 0xfb,
    0x0, 0x0, 0x0, 0x7, 0xf6, 0x0, 0x1f, 0xe0,
    0x6, 0xf9, 0x0, 0x0, 0x0, 0x7, 0xf6, 0x0,
    0x9f, 0x60, 0xa, 0xf5, 0x0, 0x0, 0x0, 0x7,
    0xf6, 0x0, 0x5, 0x0, 0x1f, 0xf1, 0x0, 0x0,
    0x0, 0x9, 0xf5, 0x0, 0x0, 0x0, 0x8f, 0xa0,
    0x0, 0x6, 0xdd, 0xef, 0xf3, 0x0, 0x0, 0x0,
    0x2c, 0x30, 0x0, 0x5, 0xff, 0xfe, 0x90, 0x0,
    0x0, 0x0, 0x0, 0x0, 0x0, 0x0, 0x0, 0x0,
    0x0, 0x0, 0x0, 0x0,

    /* U+5E93 "库" */
    0x0, 0x0, 0x0, 0x0, 0x2, 0xab, 0x0, 0x0,
    0x0, 0x0, 0x0, 0x0, 0x0, 0x0, 0x0, 0xff,
    0x20, 0x0, 0x0, 0x0, 0x0, 0x8a, 0xaa, 0xaa,
    0xaa, 0xef, 0xca, 0xaa, 0xaa, 0xa8, 0x0, 0xdf,
    0xff, 0xff, 0xff, 0xff, 0xff, 0xff, 0xff, 0xfc,
    0x0, 0xdf, 0x0, 0x0, 0x1, 0x84, 0x0, 0x0,
    0x0, 0x0, 0x0, 0xdf, 0x0, 0x0, 0xa, 0xf5,
    0x0, 0x0, 0x0, 0x0, 0x0, 0xdf, 0x1d, 0xdd,
    0xdf, 0xfd, 0xdd, 0xdd, 0xdd, 0xd1, 0x0, 0xdf,
    0x1f, 0xff, 0xff, 0xff, 0xff, 0xff, 0xff, 0xf1,
    0x0, 0xdf, 0x0, 0x3, 0xfc, 0x1, 0x63, 0x0,
    0x0, 0x0, 0x0, 0xdf, 0x0, 0xb, 0xf5, 0x4,
    0xf9, 0x0, 0x0, 0x0, 0x0, 0xdf, 0x0, 0x3f,
    0xc0, 0x4, 0xf9, 0x0, 0x0, 0x0, 0x0, 0xef,
    0x0, 0xbf, 0x40, 0x4, 0xf9, 0x0, 0x0, 0x0,
    0x0, 0xfe, 0x0, 0xff, 0xff, 0xff, 0xff, 0xff,
    0xff, 0x90, 0x1, 0xfd, 0x0, 0xdd, 0xdd, 0xde,
    0xfe, 0xdd, 0xdd, 0x80, 0x3, 0xfa, 0x0, 0x0,
    0x0, 0x4, 0xf9, 0x0, 0x0, 0x0, 0x7, 0xf8,
    0x7d, 0xdd, 0xdd, 0xde, 0xfe, 0xdd, 0xdd, 0xdb,
    0xc, 0xf4, 0x9f, 0xff, 0xff, 0xff, 0xff, 0xff,
    0xff, 0xfd, 0x3f, 0xe0, 0x0, 0x0, 0x0, 0x4,
    0xf9, 0x0, 0x0, 0x0, 0xaf, 0x80, 0x0, 0x0,
    0x0, 0x4, 0xf9, 0x0, 0x0, 0x0, 0x5d, 0x10,
    0x0, 0x0, 0x0, 0x4, 0xf9, 0x0, 0x0, 0x0,
    0x0, 0x0, 0x0, 0x0, 0x0, 0x0, 0x0, 0x0,
    0x0, 0x0,

    /* U+5E94 "应" */
    0x0, 0x0, 0x0, 0x0, 0x3, 0x85, 0x0, 0x0,
    0x0, 0x0, 0x0, 0x0, 0x0, 0x0, 0x5, 0xfc,
    0x0, 0x0, 0x0, 0x0, 0x0, 0x0, 0x0, 0x0,
    0x0, 0xff, 0x20, 0x0, 0x0, 0x0, 0x0, 0xef,
    0xff, 0xff, 0xff, 0xff, 0xff, 0xff, 0xff, 0xf7,
    0x0, 0xef, 0xdd, 0xdd, 0xdd, 0xdd, 0xdd, 0xdd,
    0xdd, 0xd6, 0x0, 0xef, 0x0, 0x0, 0x0, 0x0,
    0x0, 0x0, 0x0, 0x0, 0x0, 0xef, 0x0, 0x0,
    0x0, 0x99, 0x0, 0x0, 0x0, 0x0, 0x0, 0xef,
    0xb, 0xb0, 0x0, 0xdf, 0x0, 0x0, 0x7f, 0x50,
    0x0, 0xef, 0xb, 0xf2, 0x0, 0x9f, 0x40, 0x0,
    0xcf, 0x20, 0x0, 0xef, 0x5, 0xf7, 0x0, 0x5f,
    0x70, 0x1, 0xfd, 0x0, 0x0, 0xef, 0x0, 0xfd,
    0x0, 0x1f, 0xb0, 0x6, 0xf8, 0x0, 0x0, 0xef,
    0x0, 0xaf, 0x20, 0xe, 0xe0, 0xb, 0xf2, 0x0,
    0x0, 0xfe, 0x0, 0x5f, 0x80, 0xb, 0xf2, 0x1f,
    0xd0, 0x0, 0x1, 0xfd, 0x0, 0xf, 0xd0, 0x8,
    0xf5, 0x6f, 0x70, 0x0, 0x3, 0xfb, 0x0, 0xb,
    0xf2, 0x2, 0x30, 0xcf, 0x10, 0x0, 0x7, 0xf8,
    0x0, 0x5, 0x60, 0x0, 0x2, 0xfb, 0x0, 0x0,
    0xc, 0xf5, 0x0, 0x0, 0x0, 0x0, 0x9, 0xf5,
    0x0, 0x0, 0x3f, 0xf0, 0xcd, 0xdd, 0xdd, 0xdd,
    0xdf, 0xfd, 0xdd, 0xd9, 0xbf, 0x90, 0xff, 0xff,
    0xff, 0xff, 0xff, 0xff, 0xff, 0xfb, 0x4e, 0x20,
    0x0, 0x0, 0x0, 0x0, 0x0, 0x0, 0x0, 0x0,
    0x0, 0x0, 0x0, 0x0, 0x0, 0x0, 0x0, 0x0,
    0x0, 0x0,

    /* U+5E95 "底" */
    0x0, 0x0, 0x0, 0x0, 0x0, 0x0, 0x0, 0x0,
    0x0, 0x0, 0x0, 0x0, 0x0, 0x0, 0x4, 0xea,
    0x0, 0x0, 0x0, 0x0, 0x0, 0x0, 0x0, 0x0,
    0x0, 0xff, 0x0, 0x0, 0x0, 0x0, 0x0, 0xbd,
    0xdd, 0xdd, 0xdd, 0xff, 0xed, 0xdd, 0xdd, 0xd8,
    0x0, 0xdf, 0xff, 0xff, 0xff, 0xff, 0xff, 0xff,
    0xff, 0xfa, 0x0, 0xdf, 0x0, 0x0, 0x0, 0x0,
    0x0, 0x0, 0x0, 0x0, 0x0, 0xdf, 0x0, 0x0,
    0x0, 0x0, 0x12, 0x35, 0x79, 0x30, 0x0, 0xdf,
    0x0, 0xac, 0xde, 0xef, 0xff, 0xff, 0xff, 0x70,
    0x0, 0xdf, 0x0, 0xdf, 0xff, 0xed, 0xff, 0x97,
    0x53, 0x0, 0x0, 0xdf, 0x0, 0xdf, 0x0, 0x0,
    0xdf, 0x0, 0x0, 0x0, 0x0, 0xdf, 0x0, 0xdf,
    0x0, 0x0, 0xcf, 0x10, 0x0, 0x0, 0x0, 0xdf,
    0x0, 0xdf, 0x0, 0x0, 0xbf, 0x20, 0x0, 0x0,
    0x0, 0xef, 0x0, 0xdf, 0xff, 0xff, 0xff, 0xff,
    0xff, 0xfa, 0x0, 0xfe, 0x0, 0xdf, 0xdd, 0xdd,
    0xef, 0xed, 0xdd, 0xd8, 0x0, 0xfd, 0x0, 0xdf,
    0x0, 0x0, 0x4f, 0x90, 0x0, 0x0, 0x2, 0xfb,
    0x0, 0xdf, 0x0, 0x0, 0x1f, 0xd0, 0x0, 0x0,
    0x5, 0xf9, 0x0, 0xdf, 0x0, 0x0, 0xc, 0xf3,
    0x0, 0xc9, 0x9, 0xf5, 0x0, 0xdf, 0x0, 0x2c,
    0x46, 0xfa, 0x0, 0xfa, 0xf, 0xf1, 0x0, 0xdf,
    0x9f, 0x1f, 0xc0, 0xef, 0x55, 0xf6, 0x7f, 0xb0,
    0x4, 0xff, 0xfc, 0x17, 0xf5, 0x5f, 0xff, 0xf1,
    0x8f, 0x40, 0x1, 0xea, 0x30, 0x1, 0xfc, 0x5,
    0xee, 0x50, 0x3, 0x0, 0x0, 0x0, 0x0, 0x0,
    0x30, 0x0, 0x0, 0x0,

    /* U+5EA6 "度" */
    0x0, 0x0, 0x0, 0x0, 0x7, 0xc6, 0x0, 0x0,
    0x0, 0x0, 0x0, 0x0, 0x0, 0x0, 0x7, 0xfc,
    0x0, 0x0, 0x0, 0x0, 0x0, 0xaa, 0xaa, 0xaa,
    0xab, 0xff, 0xaa, 0xaa, 0xaa, 0xa5, 0x0, 0xff,
    0xff, 0xff, 0xff, 0xff, 0xff, 0xff, 0xff, 0xf8,
    0x0, 0xfd, 0x0, 0x3f, 0x80, 0x0, 0x2, 0xfa,
    0x0, 0x0, 0x0, 0xfd, 0x0, 0x3f, 0x80, 0x0,
    0x2, 0xfa, 0x0, 0x0, 0x0, 0xfe, 0x88, 0xaf,
    0xc8, 0x88, 0x89, 0xfd, 0x88, 0x83, 0x0, 0xff,
    0xff, 0xff, 0xff, 0xff, 0xff, 0xff, 0xff, 0xf7,
    0x0, 0xfd, 0x0, 0x3f, 0x80, 0x0, 0x2, 0xfa,
    0x0, 0x0, 0x0, 0xfd, 0x0, 0x3f, 0xc8, 0x88,
    0x89, 0xfa, 0x0, 0x0, 0x0, 0xfd, 0x0, 0x3f,
    0xff, 0xff, 0xff, 0xfa, 0x0, 0x0, 0x0, 0xfc,
    0x0, 0x0, 0x0, 0x0, 0x0, 0x0, 0x0, 0x0,
    0x1, 0xfc, 0x8, 0x88, 0x88, 0x88, 0x88, 0x88,
    0x80, 0x0, 0x2, 0xfb, 0xf, 0xff, 0xff, 0xff,
    0xff, 0xff, 0xf0, 0x0, 0x4, 0xf9, 0x7, 0xfe,
    0x20, 0x0, 0x1, 0xcf, 0x90, 0x0, 0x7, 0xf7,
    0x0, 0x6f, 0xf5, 0x0, 0x4e, 0xf9, 0x0, 0x0,
    0xb, 0xf4, 0x0, 0x4, 0xef, 0xbb, 0xfe, 0x50,
    0x0, 0x0, 0xf, 0xf0, 0x0, 0x1, 0x8f, 0xff,
    0xf9, 0x30, 0x0, 0x0, 0x6f, 0xa2, 0x59, 0xdf,
    0xfe, 0x89, 0xff, 0xff, 0xda, 0x84, 0xbf, 0x37,
    0xff, 0xea, 0x50, 0x0, 0x4, 0x9c, 0xff, 0xf6,
    0x5, 0x1, 0x73, 0x0, 0x0, 0x0, 0x0, 0x0,
    0x3, 0x51,

    /* U+5EF6 "延" */
    0x2, 0x22, 0x22, 0x20, 0x0, 0x0, 0x13, 0x57,
    0x9c, 0xd0, 0x2, 0xff, 0xff, 0xff, 0x7, 0xde,
    0xff, 0xff, 0xff, 0xfe, 0x10, 0x1a, 0xaa, 0xdf,
    0xe0, 0x7f, 0xdc, 0xae, 0xf4, 0x20, 0x0, 0x0,
    0x0, 0x1e, 0xf4, 0x0, 0x0, 0x0, 0xdf, 0x0,
    0x0, 0x0, 0x0, 0xc, 0xf6, 0x0, 0x0, 0x0,
    0xd, 0xf0, 0x0, 0x0, 0x0, 0xa, 0xf9, 0x0,
    0x0, 0xa8, 0x0, 0xdf, 0x0, 0x0, 0x0, 0x7,
    0xfb, 0x0, 0x0, 0xf, 0xd0, 0xd, 0xf7, 0x77,
    0x70, 0x0, 0xff, 0xff, 0xff, 0x0, 0xfd, 0x0,
    0xdf, 0xff, 0xff, 0x0, 0xd, 0xdd, 0xdf, 0xf0,
    0xf, 0xd0, 0xd, 0xf4, 0x44, 0x40, 0x0, 0x0,
    0x0, 0xdd, 0x0, 0xfd, 0x0, 0xdf, 0x0, 0x0,
    0x0, 0x2e, 0x70, 0xf, 0xa0, 0xf, 0xd0, 0xd,
    0xf0, 0x0, 0x0, 0x0, 0xfd, 0x5, 0xf5, 0x0,
    0xfd, 0x0, 0xdf, 0x0, 0x0, 0x0, 0xa, 0xf4,
    0xbf, 0x10, 0xf, 0xd0, 0xd, 0xf0, 0x0, 0x0,
    0x0, 0x3f, 0xdf, 0xa0, 0x0, 0xff, 0xff, 0xff,
    0xff, 0xff, 0x90, 0x0, 0xaf, 0xf4, 0x0, 0xd,
    0xdd, 0xdd, 0xdd, 0xdd, 0xd8, 0x0, 0x5, 0xff,
    0x90, 0x0, 0x0, 0x0, 0x0, 0x0, 0x0, 0x0,
    0x2, 0xef, 0xdf, 0xe8, 0x30, 0x0, 0x0, 0x0,
    0x0, 0x0, 0x2, 0xef, 0x50, 0x9f, 0xff, 0xfe,
    0xed, 0xdd, 0xdd, 0xdd, 0xd0, 0x9f, 0x80, 0x0,
    0x16, 0xad, 0xef, 0xff, 0xff, 0xff, 0xfe, 0x1,
    0x70, 0x0, 0x0, 0x0, 0x0, 0x0, 0x0, 0x0,
    0x0, 0x0,

    /* U+5EFA "建" */
    0x0, 0x0, 0x0, 0x0, 0x0, 0x0, 0xde, 0x0,
    0x0, 0x0, 0x0, 0x67, 0x77, 0x77, 0x4, 0x55,
    0x5e, 0xe5, 0x55, 0x53, 0x0, 0xd, 0xff, 0xff,
    0xf0, 0xdf, 0xff, 0xff, 0xff, 0xff, 0xc0, 0x0,
    0x22, 0x26, 0xfb, 0x1, 0x11, 0x1d, 0xe1, 0x11,
    0xfc, 0x0, 0x0, 0x1, 0xee, 0x12, 0x33, 0x33,
    0xee, 0x33, 0x3f, 0xd3, 0x10, 0x0, 0xcf, 0x30,
    0xaf, 0xff, 0xff, 0xff, 0xff, 0xff, 0xf6, 0x0,
    0x9f, 0x60, 0x2, 0x44, 0x44, 0xee, 0x44, 0x4f,
    0xd4, 0x10, 0x5f, 0xd4, 0x44, 0x1, 0x11, 0x1d,
    0xe1, 0x11, 0xfc, 0x0, 0x8, 0xff, 0xff, 0xf0,
    0xef, 0xff, 0xff, 0xff, 0xff, 0xc0, 0x0, 0x24,
    0x44, 0xde, 0x4, 0x55, 0x5e, 0xe5, 0x55, 0x54,
    0x0, 0x2, 0x40, 0xf, 0xb0, 0x0, 0x0, 0xde,
    0x0, 0x0, 0x0, 0x0, 0xae, 0x2, 0xf8, 0xf,
    0xff, 0xff, 0xff, 0xff, 0xff, 0x20, 0x5, 0xf4,
    0x6f, 0x40, 0x77, 0x77, 0xee, 0x77, 0x77, 0x71,
    0x0, 0xe, 0xcb, 0xf0, 0x0, 0x0, 0xd, 0xe0,
    0x0, 0x0, 0x0, 0x0, 0x7f, 0xf9, 0xe, 0xff,
    0xff, 0xff, 0xff, 0xff, 0xfd, 0x0, 0x0, 0xef,
    0x50, 0x78, 0x88, 0x8e, 0xf8, 0x88, 0x88, 0x70,
    0x0, 0x3f, 0xfe, 0x20, 0x0, 0x0, 0xde, 0x0,
    0x0, 0x0, 0x0, 0xc, 0xf7, 0xff, 0x83, 0x0,
    0x1, 0x10, 0x0, 0x0, 0x0, 0x9, 0xf9, 0x4,
    0xdf, 0xff, 0xed, 0xdd, 0xdd, 0xdd, 0xdd, 0x41,
    0xed, 0x0, 0x0, 0x6a, 0xde, 0xff, 0xff, 0xff,
    0xff, 0xf3, 0x3, 0x30, 0x0, 0x0, 0x0, 0x0,
    0x0, 0x0, 0x0, 0x0, 0x0,

    /* U+5F00 "开" */
    0x1f, 0xff, 0xff, 0xff, 0xff, 0xff, 0xff, 0xff,
    0xff, 0xb0, 0x1d, 0xdd, 0xdf, 0xfd, 0xdd, 0xdd,
    0xdf, 0xfd, 0xdd, 0x90, 0x0, 0x0, 0xe, 0xf1,
    0x0, 0x0, 0xf, 0xf0, 0x0, 0x0, 0x0, 0x0,
    0xe, 0xf1, 0x0, 0x0, 0xf, 0xf0, 0x0, 0x0,
    0x0, 0x0, 0xe, 0xf1, 0x0, 0x0, 0xf, 0xf0,
    0x0, 0x0, 0x0, 0x0, 0xe, 0xf1, 0x0, 0x0,
    0xf, 0xf0, 0x0, 0x0, 0x0, 0x0, 0xe, 0xf1,
    0x0, 0x0, 0xf, 0xf0, 0x0, 0x0, 0xee, 0xee,
    0xef, 0xfe, 0xee, 0xee, 0xef, 0xfe, 0xee, 0xe8,
    0xff, 0xff, 0xff, 0xff, 0xff, 0xff, 0xff, 0xff,
    0xff, 0xf9, 0x0, 0x0, 0xf, 0xf0, 0x0, 0x0,
    0xf, 0xf0, 0x0, 0x0, 0x0, 0x0, 0x1f, 0xd0,
    0x0, 0x0, 0xf, 0xf0, 0x0, 0x0, 0x0, 0x0,
    0x5f, 0xb0, 0x0, 0x0, 0xf, 0xf0, 0x0, 0x0,
    0x0, 0x0, 0xaf, 0x70, 0x0, 0x0, 0xf, 0xf0,
    0x0, 0x0, 0x0, 0x2, 0xff, 0x10, 0x0, 0x0,
    0xf, 0xf0, 0x0, 0x0, 0x0, 0xc, 0xf9, 0x0,
    0x0, 0x0, 0xf, 0xf0, 0x0, 0x0, 0x0, 0xbf,
    0xd0, 0x0, 0x0, 0x0, 0xf, 0xf0, 0x0, 0x0,
    0x1c, 0xfe, 0x20, 0x0, 0x0, 0x0, 0xf, 0xf0,
    0x0, 0x0, 0xa, 0xe2, 0x0, 0x0, 0x0, 0x0,
    0xf, 0xf0, 0x0, 0x0, 0x0, 0x10, 0x0, 0x0,
    0x0, 0x0, 0x0, 0x0, 0x0, 0x0,

    /* U+5F0F "式" */
    0x0, 0x0, 0x0, 0x0, 0x0, 0x0, 0xb8, 0x0,
    0x50, 0x0, 0x0, 0x0, 0x0, 0x0, 0x0, 0x0,
    0xf, 0xc0, 0x9f, 0x70, 0x0, 0x0, 0x0, 0x0,
    0x0, 0x0, 0x0, 0xfd, 0x1, 0xdf, 0x70, 0x0,
    0x0, 0x0, 0x0, 0x0, 0x0, 0xf, 0xd0, 0x1,
    0xd9, 0x0, 0xd, 0xdd, 0xdd, 0xdd, 0xdd, 0xdd,
    0xff, 0xdd, 0xde, 0xdd, 0x20, 0xff, 0xff, 0xff,
    0xff, 0xff, 0xff, 0xff, 0xff, 0xff, 0xf3, 0x0,
    0x0, 0x0, 0x0, 0x0, 0x0, 0xdf, 0x0, 0x0,
    0x0, 0x0, 0x0, 0x0, 0x0, 0x0, 0x0, 0xc,
    0xf1, 0x0, 0x0, 0x0, 0x0, 0x0, 0x0, 0x0,
    0x0, 0x0, 0xaf, 0x20, 0x0, 0x0, 0x0, 0x4d,
    0xdd, 0xdd, 0xdd, 0xdd, 0x48, 0xf4, 0x0, 0x0,
    0x0, 0x5, 0xff, 0xff, 0xff, 0xff, 0xf4, 0x7f,
    0x60, 0x0, 0x0, 0x0, 0x0, 0x0, 0x7f, 0x80,
    0x0, 0x4, 0xf8, 0x0, 0x0, 0x0, 0x0, 0x0,
    0x7, 0xf8, 0x0, 0x0, 0x2f, 0xb0, 0x0, 0x0,
    0x0, 0x0, 0x0, 0x7f, 0x80, 0x0, 0x0, 0xee,
    0x0, 0x0, 0x0, 0x0, 0x0, 0x7, 0xf8, 0x0,
    0x0, 0xb, 0xf3, 0x0, 0x7e, 0x0, 0x0, 0x0,
    0x7f, 0x80, 0x13, 0x61, 0x6f, 0x80, 0xa, 0xf0,
    0x2, 0x35, 0x7c, 0xff, 0xff, 0xff, 0x31, 0xfe,
    0x0, 0xdc, 0x0, 0xff, 0xff, 0xff, 0xec, 0xa8,
    0x61, 0x9, 0xfa, 0x4f, 0x90, 0xa, 0x97, 0x53,
    0x10, 0x0, 0x0, 0x0, 0x1e, 0xff, 0xf3, 0x0,
    0x0, 0x0, 0x0, 0x0, 0x0, 0x0, 0x0, 0x2c,
    0xf8, 0x0,

    /* U+5F15 "引" */
    0x0, 0x0, 0x0, 0x0, 0x0, 0x0, 0x0, 0xc,
    0xb6, 0xdd, 0xdd, 0xdd, 0xdd, 0xd3, 0x0, 0x0,
    0xff, 0x7f, 0xff, 0xff, 0xff, 0xff, 0x30, 0x0,
    0xf, 0xf0, 0x0, 0x0, 0x0, 0xb, 0xf3, 0x0,
    0x0, 0xff, 0x0, 0x0, 0x0, 0x0, 0xbf, 0x30,
    0x0, 0xf, 0xf0, 0x0, 0x0, 0x0, 0xb, 0xf3,
    0x0, 0x0, 0xff, 0xc, 0xdd, 0xdd, 0xdd, 0xff,
    0x30, 0x0, 0xf, 0xf0, 0xff, 0xff, 0xff, 0xff,
    0xf3, 0x0, 0x0, 0xff, 0x1f, 0xc0, 0x0, 0x0,
    0x0, 0x0, 0x0, 0xf, 0xf3, 0xfb, 0x0, 0x0,
    0x0, 0x0, 0x0, 0x0, 0xff, 0x4f, 0xa0, 0x0,
    0x0, 0x0, 0x0, 0x0, 0xf, 0xf5, 0xff, 0xdd,
    0xdd, 0xdd, 0xd2, 0x0, 0x0, 0xff, 0x6f, 0xff,
    0xff, 0xff, 0xff, 0x20, 0x0, 0xf, 0xf0, 0x0,
    0x0, 0x0, 0xd, 0xf1, 0x0, 0x0, 0xff, 0x0,
    0x0, 0x0, 0x0, 0xef, 0x0, 0x0, 0xf, 0xf0,
    0x0, 0x0, 0x0, 0xf, 0xf0, 0x0, 0x0, 0xff,
    0x0, 0x0, 0x0, 0x0, 0xfe, 0x0, 0x0, 0xf,
    0xf0, 0x0, 0x0, 0x0, 0x5f, 0xd0, 0x0, 0x0,
    0xff, 0x1, 0xdd, 0xdd, 0xef, 0xf9, 0x0, 0x0,
    0xf, 0xf0, 0xf, 0xff, 0xff, 0xea, 0x10, 0x0,
    0x0, 0xff,

    /* U+5F39 "弹" */
    0x0, 0x0, 0x0, 0x0, 0x0, 0x0, 0x0, 0x0,
    0x0, 0x0, 0x0, 0x0, 0x0, 0x0, 0x6, 0xd0,
    0x0, 0x6, 0xe5, 0x0, 0x18, 0x88, 0x88, 0x20,
    0x5, 0xf7, 0x0, 0x1e, 0xf2, 0x0, 0x3f, 0xff,
    0xff, 0x40, 0x0, 0xcf, 0x10, 0xaf, 0x60, 0x0,
    0x4, 0x44, 0xaf, 0x40, 0xaa, 0xcd, 0xaa, 0xff,
    0xaa, 0x80, 0x0, 0x0, 0x8f, 0x40, 0xff, 0xff,
    0xff, 0xff, 0xff, 0xd0, 0x0, 0x0, 0x8f, 0x40,
    0xfa, 0x0, 0xdf, 0x0, 0xf, 0xd0, 0x6, 0x88,
    0xcf, 0x40, 0xfa, 0x0, 0xdf, 0x0, 0xf, 0xd0,
    0xd, 0xff, 0xff, 0x40, 0xfd, 0x99, 0xef, 0x99,
    0x9f, 0xd0, 0xe, 0xc4, 0x44, 0x10, 0xff, 0xff,
    0xff, 0xff, 0xff, 0xd0, 0xf, 0xa0, 0x0, 0x0,
    0xfa, 0x0, 0xdf, 0x0, 0xf, 0xd0, 0xf, 0x80,
    0x0, 0x0, 0xfa, 0x0, 0xdf, 0x0, 0xf, 0xd0,
    0x1f, 0xed, 0xdd, 0x10, 0xfe, 0xcc, 0xff, 0xcc,
    0xcf, 0xd0, 0x2f, 0xff, 0xff, 0x0, 0xff, 0xff,
    0xff, 0xff, 0xff, 0xd0, 0x0, 0x0, 0xcf, 0x0,
    0x0, 0x0, 0xdf, 0x0, 0x0, 0x0, 0x0, 0x0,
    0xcf, 0x0, 0x0, 0x0, 0xdf, 0x0, 0x0, 0x0,
    0x0, 0x0, 0xdf, 0x3f, 0xff, 0xff, 0xff, 0xff,
    0xff, 0xff, 0x0, 0x0, 0xee, 0x2d, 0xdd, 0xdd,
    0xff, 0xdd, 0xdd, 0xdd, 0x0, 0x2, 0xfd, 0x0,
    0x0, 0x0, 0xdf, 0x0, 0x0, 0x0, 0x3d, 0xdf,
    0xfa, 0x0, 0x0, 0x0, 0xdf, 0x0, 0x0, 0x0,
    0x2f, 0xff, 0xc2, 0x0, 0x0, 0x0, 0xdf, 0x0,
    0x0, 0x0,

    /* U+5F3A "强" */
    0x5d, 0xdd, 0xdd, 0x30, 0xff, 0xff, 0xff, 0xff,
    0xfc, 0x0, 0x6f, 0xff, 0xff, 0x40, 0xfe, 0xaa,
    0xaa, 0xaa, 0xfd, 0x0, 0x0, 0x0, 0x8f, 0x40,
    0xfc, 0x0, 0x0, 0x0, 0xfd, 0x0, 0x0, 0x0,
    0x8f, 0x40, 0xfc, 0x0, 0x0, 0x0, 0xfd, 0x0,
    0x0, 0x0, 0x8f, 0x40, 0xfe, 0x88, 0x88, 0x88,
    0xfd, 0x0, 0x6, 0x99, 0xcf, 0x40, 0xff, 0xff,
    0xff, 0xff, 0xfd, 0x0, 0xc, 0xff, 0xff, 0x40,
    0x0, 0x0, 0xdf, 0x0, 0x0, 0x0, 0xd, 0xc1,
    0x11, 0x0, 0x0, 0x0, 0xdf, 0x0, 0x0, 0x0,
    0xe, 0xb0, 0x0, 0xd, 0xff, 0xff, 0xff, 0xff,
    0xff, 0xa0, 0xf, 0xa0, 0x0, 0xd, 0xf7, 0x77,
    0xef, 0x77, 0x8f, 0xa0, 0xf, 0xda, 0xaa, 0x1d,
    0xf0, 0x0, 0xdf, 0x0, 0x2f, 0xa0, 0x2f, 0xff,
    0xff, 0x2d, 0xf0, 0x0, 0xdf, 0x0, 0x2f, 0xa0,
    0x3, 0x33, 0xcf, 0x1d, 0xf8, 0x88, 0xef, 0x88,
    0x9f, 0xa0, 0x0, 0x0, 0xcf, 0xd, 0xff, 0xff,
    0xff, 0xff, 0xff, 0xa0, 0x0, 0x0, 0xdf, 0x0,
    0x0, 0x0, 0xdf, 0x0, 0x14, 0x0, 0x0, 0x0,
    0xee, 0x0, 0x0, 0x0, 0xdf, 0x0, 0xcf, 0x10,
    0x0, 0x1, 0xfd, 0x0, 0x0, 0x1, 0xdf, 0x34,
    0x9f, 0x90, 0x5d, 0xde, 0xfb, 0x6e, 0xff, 0xff,
    0xff, 0xff, 0xff, 0xf2, 0x3f, 0xff, 0xd3, 0x5d,
    0xcb, 0xa9, 0x87, 0x65, 0x45, 0xfa, 0x0, 0x0,
    0x0, 0x0, 0x0, 0x0, 0x0, 0x0, 0x0, 0x72,

    /* U+5F52 "归" */
    0x0, 0x0, 0xb, 0xa0, 0x0, 0x0, 0x0, 0x0,
    0x0, 0x0, 0x0, 0xfe, 0x12, 0x22, 0x22, 0x22,
    0x22, 0xdf, 0x0, 0xf, 0xe9, 0xff, 0xff, 0xff,
    0xff, 0xfd, 0xf0, 0x0, 0xfe, 0x6b, 0xbb, 0xbb,
    0xbb, 0xff, 0xdf, 0x0, 0xf, 0xe0, 0x0, 0x0,
    0x0, 0xf, 0xfd, 0xf0, 0x0, 0xfe, 0x0, 0x0,
    0x0, 0x0, 0xff, 0xdf, 0x0, 0xf, 0xe0, 0x0,
    0x0, 0x0, 0xf, 0xfd, 0xf0, 0x0, 0xfe, 0x0,
    0x0, 0x0, 0x0, 0xff, 0xdf, 0x0, 0xf, 0xe0,
    0x0, 0x0, 0x0, 0xf, 0xfd, 0xf0, 0x0, 0xfe,
    0x4d, 0xdd, 0xdd, 0xdd, 0xff, 0xdf, 0x0, 0xf,
    0xe4, 0xff, 0xff, 0xff, 0xff, 0xfd, 0xf0, 0x1,
    0xfd, 0x0, 0x0, 0x0, 0x0, 0xff, 0xdf, 0x0,
    0x2f, 0xb0, 0x0, 0x0, 0x0, 0xf, 0xfd, 0xf0,
    0x5, 0xf9, 0x0, 0x0, 0x0, 0x0, 0xff, 0xdf,
    0x0, 0x9f, 0x60, 0x0, 0x0, 0x0, 0xf, 0xf3,
    0x30, 0x1e, 0xf1, 0x0, 0x0, 0x0, 0x0, 0xff,
    0x0, 0xa, 0xfa, 0x0, 0x0, 0x0, 0x0, 0xf,
    0xf0, 0x9, 0xfe, 0x16, 0xff, 0xff, 0xff, 0xff,
    0xff, 0x1b, 0xff, 0x30, 0x5d, 0xdd, 0xdd, 0xdd,
    0xdf, 0xf8, 0xfe, 0x30, 0x0, 0x0, 0x0, 0x0,
    0x0, 0xff, 0x7, 0x20, 0x0, 0x0, 0x0, 0x0,
    0x0, 0x0, 0x0,

    /* U+5F53 "当" */
    0x0, 0x10, 0x0, 0x0, 0xe, 0xd0, 0x0, 0x0,
    0x10, 0x0, 0x1d, 0xa0, 0x0, 0x0, 0xff, 0x0,
    0x0, 0x1e, 0x90, 0x1, 0xef, 0xa0, 0x0, 0xf,
    0xf0, 0x0, 0xc, 0xf9, 0x0, 0x2, 0xef, 0x90,
    0x0, 0xff, 0x0, 0xa, 0xfc, 0x0, 0x0, 0x3,
    0xff, 0x70, 0xf, 0xf0, 0x8, 0xfd, 0x10, 0x0,
    0x0, 0x4, 0xf9, 0x0, 0xff, 0x0, 0xde, 0x20,
    0x0, 0x0, 0x0, 0x2, 0x0, 0xf, 0xf0, 0x1,
    0x30, 0x0, 0x0, 0xcd, 0xdd, 0xdd, 0xdd, 0xff,
    0xdd, 0xdd, 0xdd, 0xd0, 0xe, 0xff, 0xff, 0xff,
    0xff, 0xff, 0xff, 0xff, 0xff, 0x0, 0x0, 0x0,
    0x0, 0x0, 0x0, 0x0, 0x0, 0xf, 0xf0, 0x0,
    0x0, 0x0, 0x0, 0x0, 0x0, 0x0, 0x0, 0xff,
    0x0, 0x0, 0x0, 0x0, 0x0, 0x0, 0x0, 0x0,
    0xf, 0xf0, 0x3, 0xdd, 0xdd, 0xdd, 0xdd, 0xdd,
    0xdd, 0xdd, 0xff, 0x0, 0x3f, 0xff, 0xff, 0xff,
    0xff, 0xff, 0xff, 0xff, 0xf0, 0x0, 0x0, 0x0,
    0x0, 0x0, 0x0, 0x0, 0x0, 0xff, 0x0, 0x0,
    0x0, 0x0, 0x0, 0x0, 0x0, 0x0, 0xf, 0xf0,
    0x0, 0x0, 0x0, 0x0, 0x0, 0x0, 0x0, 0x0,
    0xff, 0x4, 0xdd, 0xdd, 0xdd, 0xdd, 0xdd, 0xdd,
    0xdd, 0xdf, 0xf0, 0x5f, 0xff, 0xff, 0xff, 0xff,
    0xff, 0xff, 0xff, 0xff, 0x0, 0x0, 0x0, 0x0,
    0x0, 0x0, 0x0, 0x0, 0xf, 0xf0,

    /* U+5F55 "录" */
    0x0, 0xcd, 0xdd, 0xdd, 0xdd, 0xdd, 0xdd, 0xdd,
    0xd1, 0x0, 0x0, 0xe, 0xff, 0xff, 0xff, 0xff,
    0xff, 0xff, 0xff, 0x10, 0x0, 0x0, 0x0, 0x0,
    0x0, 0x0, 0x0, 0x0, 0xd, 0xf1, 0x0, 0x0,
    0x0, 0x0, 0x0, 0x0, 0x0, 0x0, 0x0, 0xdf,
    0x10, 0x0, 0x0, 0x4f, 0xff, 0xff, 0xff, 0xff,
    0xff, 0xff, 0xf1, 0x0, 0x0, 0x2, 0x99, 0x99,
    0x99, 0x99, 0x99, 0x99, 0xef, 0x10, 0x0, 0x0,
    0x0, 0x0, 0x0, 0x0, 0x0, 0x0, 0xd, 0xf1,
    0x0, 0x4, 0xdd, 0xdd, 0xdd, 0xdd, 0xdd, 0xdd,
    0xdd, 0xff, 0xdd, 0xd0, 0x4f, 0xff, 0xff, 0xff,
    0xff, 0xff, 0xff, 0xff, 0xff, 0xff, 0x0, 0x5,
    0x70, 0x0, 0x0, 0xbf, 0x40, 0x0, 0x1, 0x60,
    0x0, 0x0, 0xdf, 0xb1, 0x0, 0xb, 0xfc, 0x0,
    0x3, 0xef, 0x50, 0x0, 0x0, 0xaf, 0xe3, 0x0,
    0xcf, 0xf8, 0x8, 0xff, 0x90, 0x0, 0x0, 0x0,
    0x6d, 0x27, 0xef, 0xfe, 0xfe, 0xfd, 0x40, 0x0,
    0x0, 0x0, 0x1, 0x8f, 0xff, 0xef, 0x5d, 0xfe,
    0x10, 0x0, 0x0, 0x0, 0x29, 0xff, 0xe8, 0x1b,
    0xf3, 0x1c, 0xfd, 0x50, 0x0, 0x2, 0xaf, 0xfe,
    0x70, 0x0, 0xbf, 0x30, 0x9, 0xff, 0xd6, 0x0,
    0x4f, 0xe6, 0x0, 0x0, 0xd, 0xf3, 0x0, 0x3,
    0xcf, 0xfd, 0x0, 0x50, 0x0, 0x4d, 0xde, 0xff,
    0x10, 0x0, 0x0, 0x4b, 0x70, 0x0, 0x0, 0x2,
    0xff, 0xfe, 0x70, 0x0, 0x0, 0x0, 0x0, 0x0,

    /* U+5F62 "形" */
    0x0, 0x0, 0x0, 0x0, 0x0, 0x0, 0x0, 0x0,
    0x0, 0x0, 0x0, 0x0, 0x0, 0x0, 0x0, 0x0,
    0x0, 0x0, 0x5c, 0x10, 0x2f, 0xff, 0xff, 0xff,
    0xff, 0xf7, 0x0, 0x6, 0xff, 0x30, 0x2d, 0xdf,
    0xed, 0xde, 0xfe, 0xd6, 0x0, 0x8f, 0xf4, 0x0,
    0x0, 0x2f, 0x90, 0x6, 0xf6, 0x0, 0x1b, 0xfe,
    0x30, 0x0, 0x0, 0x2f, 0x90, 0x6, 0xf6, 0x5,
    0xef, 0xc1, 0x0, 0x0, 0x0, 0x2f, 0x90, 0x6,
    0xf6, 0x7, 0xf7, 0x0, 0x1, 0x0, 0x0, 0x2f,
    0x90, 0x6, 0xf6, 0x0, 0x20, 0x0, 0x3e, 0x70,
    0x0, 0x2f, 0x90, 0x6, 0xf6, 0x0, 0x0, 0x3,
    0xef, 0x70, 0x8d, 0xdf, 0xed, 0xde, 0xfe, 0xdd,
    0x0, 0x5f, 0xf7, 0x0, 0x9f, 0xff, 0xff, 0xff,
    0xff, 0xff, 0x8, 0xff, 0x50, 0x0, 0x0, 0x3f,
    0x80, 0x6, 0xf6, 0x3, 0xdf, 0xd3, 0x0, 0x0,
    0x0, 0x4f, 0x70, 0x6, 0xf6, 0xa, 0xfa, 0x0,
    0x0, 0x60, 0x0, 0x5f, 0x60, 0x6, 0xf6, 0x1,
    0x50, 0x0, 0xb, 0xf6, 0x0, 0x7f, 0x40, 0x6,
    0xf6, 0x0, 0x0, 0x0, 0xbf, 0xb0, 0x0, 0xbf,
    0x10, 0x6, 0xf6, 0x0, 0x0, 0x1c, 0xfb, 0x0,
    0x2, 0xfd, 0x0, 0x6, 0xf6, 0x0, 0x4, 0xef,
    0xa0, 0x0, 0xa, 0xf6, 0x0, 0x6, 0xf6, 0x1,
    0x9f, 0xf8, 0x0, 0x0, 0x5f, 0xd0, 0x0, 0x6,
    0xf6, 0x4e, 0xfe, 0x40, 0x0, 0x0, 0x6f, 0x40,
    0x0, 0x6, 0xf6, 0x1e, 0x91, 0x0, 0x0, 0x0,
    0x0, 0x0, 0x0, 0x0, 0x0, 0x0, 0x0, 0x0,
    0x0, 0x0,

    /* U+5F80 "往" */
    0x0, 0x0, 0x0, 0x0, 0x0, 0x0, 0x0, 0x0,
    0x0, 0x0, 0x0, 0x0, 0x6, 0x0, 0x0, 0x8,
    0xd0, 0x0, 0x0, 0x0, 0x0, 0x0, 0x9f, 0x80,
    0x0, 0xa, 0xf7, 0x0, 0x0, 0x0, 0x0, 0x6,
    0xff, 0x20, 0x0, 0x2, 0xff, 0x10, 0x0, 0x0,
    0x0, 0x4f, 0xf4, 0x0, 0x0, 0x0, 0xaa, 0x20,
    0x0, 0x0, 0x3, 0xff, 0x70, 0x2d, 0xdd, 0xdd,
    0xdd, 0xdd, 0xdd, 0xd0, 0x3f, 0xf8, 0x0, 0x3f,
    0xff, 0xff, 0xff, 0xff, 0xff, 0xf1, 0x4f, 0x90,
    0x1a, 0x10, 0x0, 0x1, 0xfe, 0x0, 0x0, 0x0,
    0x6, 0x0, 0xaf, 0x70, 0x0, 0x1, 0xfe, 0x0,
    0x0, 0x0, 0x0, 0x4, 0xfe, 0x0, 0x0, 0x1,
    0xfe, 0x0, 0x0, 0x0, 0x0, 0x1e, 0xf6, 0x0,
    0x0, 0x1, 0xfe, 0x0, 0x0, 0x0, 0x0, 0xbf,
    0xe0, 0x0, 0x0, 0x1, 0xfe, 0x0, 0x0, 0x0,
    0x8, 0xff, 0xd0, 0xd, 0xff, 0xff, 0xff, 0xff,
    0xff, 0x70, 0x7f, 0xff, 0xd0, 0xc, 0xee, 0xee,
    0xff, 0xee, 0xee, 0x60, 0xaf, 0x5f, 0xd0, 0x0,
    0x0, 0x1, 0xfe, 0x0, 0x0, 0x0, 0x45, 0xf,
    0xd0, 0x0, 0x0, 0x1, 0xfe, 0x0, 0x0, 0x0,
    0x0, 0xf, 0xd0, 0x0, 0x0, 0x1, 0xfe, 0x0,
    0x0, 0x0, 0x0, 0xf, 0xd0, 0x0, 0x0, 0x1,
    0xfe, 0x0, 0x0, 0x0, 0x0, 0xf, 0xd0, 0x0,
    0x0, 0x1, 0xfe, 0x0, 0x0, 0x0, 0x0, 0xf,
    0xd0, 0xff, 0xff, 0xff, 0xff, 0xff, 0xff, 0xf8,
    0x0, 0xf, 0xd0, 0xdd, 0xdd, 0xdd, 0xdd, 0xdd,
    0xdd, 0xd7,

    /* U+5F84 "径" */
    0x0, 0x0, 0x1, 0x0, 0x0, 0x0, 0x0, 0x0,
    0x0, 0x0, 0x0, 0x0, 0x3, 0xf7, 0x0, 0x0,
    0x0, 0x0, 0x0, 0x0, 0x0, 0x0, 0x1, 0xef,
    0x52, 0xff, 0xff, 0xff, 0xff, 0xff, 0x0, 0x0,
    0x0, 0xcf, 0x90, 0x1d, 0xdd, 0xdd, 0xdd, 0xef,
    0xf0, 0x0, 0x0, 0xcf, 0xb0, 0x0, 0x0, 0x0,
    0x0, 0x2e, 0xf6, 0x0, 0x1, 0xcf, 0xb0, 0x0,
    0x0, 0x0, 0x0, 0x3e, 0xf8, 0x0, 0x0, 0x3f,
    0xb0, 0xa, 0x60, 0x0, 0x0, 0x8f, 0xf7, 0x0,
    0x0, 0x0, 0x60, 0x5, 0xfb, 0x0, 0x5, 0xdf,
    0xff, 0xd5, 0x0, 0x0, 0x0, 0x1, 0xef, 0x20,
    0x5c, 0xff, 0x93, 0xaf, 0xfc, 0x30, 0x0, 0x0,
    0xcf, 0x64, 0xef, 0xfc, 0x30, 0x0, 0x3b, 0xff,
    0xa0, 0x0, 0x9f, 0xe0, 0x1e, 0xa3, 0x0, 0x0,
    0x0, 0x5, 0xda, 0x0, 0x7f, 0xfd, 0x0, 0x0,
    0x0, 0x0, 0x0, 0x0, 0x0, 0x10, 0x5f, 0xef,
    0xd0, 0x7, 0xff, 0xff, 0xff, 0xff, 0xff, 0xe0,
    0x6, 0xf3, 0xfd, 0x0, 0x6d, 0xdd, 0xdf, 0xfd,
    0xdd, 0xdb, 0x0, 0x3, 0xf, 0xd0, 0x0, 0x0,
    0x0, 0xcf, 0x20, 0x0, 0x0, 0x0, 0x0, 0xfd,
    0x0, 0x0, 0x0, 0xc, 0xf2, 0x0, 0x0, 0x0,
    0x0, 0xf, 0xd0, 0x0, 0x0, 0x0, 0xcf, 0x20,
    0x0, 0x0, 0x0, 0x0, 0xfd, 0x0, 0x0, 0x0,
    0xc, 0xf2, 0x0, 0x0, 0x0, 0x0, 0xf, 0xd0,
    0xbf, 0xff, 0xff, 0xff, 0xff, 0xff, 0xff, 0x0,
    0x0, 0xfd, 0x9, 0xdd, 0xdd, 0xdd, 0xdd, 0xdd,
    0xdd, 0xd0,

    /* U+5F85 "待" */
    0x0, 0x0, 0x0, 0x0, 0x0, 0x0, 0x0, 0x0,
    0x0, 0x0, 0x0, 0x0, 0x1c, 0x30, 0x0, 0x0,
    0xbd, 0x0, 0x0, 0x0, 0x0, 0x0, 0xbf, 0x90,
    0x0, 0x0, 0xef, 0x0, 0x0, 0x0, 0x0, 0x8,
    0xfc, 0x0, 0x0, 0x0, 0xef, 0x0, 0x0, 0x0,
    0x0, 0x6f, 0xe1, 0x3, 0xdd, 0xdd, 0xff, 0xdd,
    0xdd, 0xd0, 0x5, 0xfe, 0x20, 0x4, 0xff, 0xff,
    0xff, 0xff, 0xff, 0xf0, 0x5f, 0xe3, 0x2, 0x0,
    0x0, 0x0, 0xef, 0x0, 0x0, 0x0, 0x2e, 0x20,
    0x5f, 0x60, 0x0, 0x0, 0xef, 0x0, 0x0, 0x0,
    0x0, 0x1, 0xef, 0x7d, 0xdd, 0xdd, 0xff, 0xdd,
    0xdd, 0xdd, 0x0, 0xa, 0xf6, 0x6f, 0xff, 0xff,
    0xff, 0xff, 0xff, 0xff, 0x0, 0x6f, 0xe0, 0x0,
    0x0, 0x0, 0x0, 0xe, 0xf0, 0x0, 0x4, 0xff,
    0xd0, 0x0, 0x0, 0x0, 0x0, 0xe, 0xf0, 0x0,
    0x3f, 0xff, 0xd0, 0xd, 0xdd, 0xdd, 0xdd, 0xdf,
    0xfd, 0xd9, 0x8f, 0x5f, 0xd0, 0xf, 0xff, 0xff,
    0xff, 0xff, 0xff, 0xfa, 0x27, 0xf, 0xd0, 0x0,
    0x44, 0x0, 0x0, 0xe, 0xf0, 0x0, 0x0, 0xf,
    0xd0, 0x1, 0xff, 0x30, 0x0, 0xe, 0xf0, 0x0,
    0x0, 0xf, 0xd0, 0x0, 0x7f, 0xf3, 0x0, 0xe,
    0xf0, 0x0, 0x0, 0xf, 0xd0, 0x0, 0x8, 0xfa,
    0x0, 0xe, 0xf0, 0x0, 0x0, 0xf, 0xd0, 0x0,
    0x0, 0x60, 0x0, 0x1f, 0xe0, 0x0, 0x0, 0xf,
    0xd0, 0x0, 0x0, 0xb, 0xdd, 0xff, 0xc0, 0x0,
    0x0, 0xf, 0xd0, 0x0, 0x0, 0xa, 0xff, 0xfc,
    0x30, 0x0, 0x0, 0x3, 0x20, 0x0, 0x0, 0x0,
    0x0, 0x0, 0x0, 0x0,

    /* U+5F97 "得" */
    0x0, 0x0, 0x3, 0x0, 0x0, 0x0, 0x0, 0x0,
    0x0, 0x0, 0x0, 0x0, 0x7f, 0x70, 0x77, 0x77,
    0x77, 0x77, 0x77, 0x30, 0x0, 0x3, 0xfe, 0x11,
    0xff, 0xff, 0xff, 0xff, 0xff, 0x70, 0x0, 0x2e,
    0xf3, 0x1, 0xfb, 0x0, 0x0, 0x0, 0x5f, 0x70,
    0x2, 0xef, 0x40, 0x1, 0xfd, 0x55, 0x55, 0x55,
    0x9f, 0x70, 0x2e, 0xf4, 0x0, 0x1, 0xff, 0xff,
    0xff, 0xff, 0xff, 0x70, 0xc, 0x30, 0x1c, 0x31,
    0xfb, 0x0, 0x0, 0x0, 0x5f, 0x70, 0x0, 0x0,
    0xaf, 0x51, 0xff, 0xff, 0xff, 0xff, 0xff, 0x70,
    0x0, 0x6, 0xfa, 0x0, 0x88, 0x88, 0x88, 0x88,
    0x88, 0x30, 0x0, 0x2f, 0xe0, 0x0, 0x0, 0x0,
    0x0, 0x0, 0x0, 0x0, 0x1, 0xdf, 0xd0, 0x1f,
    0xff, 0xff, 0xff, 0xff, 0xff, 0xf9, 0xc, 0xff,
    0xd0, 0x9, 0x99, 0x99, 0x99, 0x9b, 0xfb, 0x95,
    0x8f, 0x8f, 0xd0, 0x0, 0x0, 0x0, 0x0, 0x6,
    0xf6, 0x0, 0x4a, 0xf, 0xd0, 0x69, 0x99, 0x99,
    0x99, 0x9b, 0xfb, 0x99, 0x0, 0xf, 0xd0, 0xaf,
    0xff, 0xff, 0xff, 0xff, 0xff, 0xff, 0x0, 0xf,
    0xd0, 0x0, 0x7c, 0x10, 0x0, 0x6, 0xf6, 0x0,
    0x0, 0xf, 0xd0, 0x0, 0x8f, 0xd1, 0x0, 0x6,
    0xf6, 0x0, 0x0, 0xf, 0xd0, 0x0, 0x6, 0xf8,
    0x0, 0x7, 0xf6, 0x0, 0x0, 0xf, 0xd0, 0x0,
    0x0, 0x30, 0xbd, 0xdf, 0xf4, 0x0, 0x0, 0xf,
    0xd0, 0x0, 0x0, 0x0, 0x9e, 0xed, 0x90, 0x0,

    /* U+5FC3 "心" */
    0x0, 0x0, 0x0, 0x0, 0x4, 0x0, 0x0, 0x0,
    0x0, 0x0, 0x0, 0x0, 0x0, 0x0, 0xb, 0xf3,
    0x0, 0x0, 0x0, 0x0, 0x0, 0x0, 0x0, 0x0,
    0x0, 0x5f, 0xe1, 0x0, 0x0, 0x0, 0x0, 0x0,
    0x0, 0x0, 0x0, 0x0, 0xaf, 0xa0, 0x0, 0x0,
    0x0, 0x0, 0x0, 0x0, 0x0, 0x0, 0x1, 0xef,
    0x50, 0x0, 0x0, 0x0, 0x0, 0x0, 0x0, 0xf,
    0xf0, 0x4, 0xff, 0x10, 0x0, 0x0, 0x0, 0x0,
    0x0, 0x0, 0xff, 0x0, 0xa, 0xf8, 0x0, 0x40,
    0x0, 0x0, 0x1, 0xfa, 0xf, 0xf0, 0x0, 0x18,
    0x0, 0xaf, 0x40, 0x0, 0x0, 0x5f, 0xb0, 0xff,
    0x0, 0x0, 0x0, 0x5, 0xfb, 0x0, 0x0, 0x9,
    0xf7, 0xf, 0xf0, 0x0, 0x0, 0x0, 0xe, 0xf2,
    0x0, 0x0, 0xdf, 0x30, 0xff, 0x0, 0x0, 0x0,
    0x0, 0x8f, 0x90, 0x0, 0x1f, 0xe0, 0xf, 0xf0,
    0x0, 0x0, 0x0, 0x2, 0xff, 0x0, 0x6, 0xfa,
    0x0, 0xff, 0x0, 0x0, 0x0, 0x0, 0xb, 0xf6,
    0x0, 0xbf, 0x50, 0xf, 0xf0, 0x0, 0x0, 0xb,
    0xa1, 0x5f, 0xc0, 0x1f, 0xf0, 0x0, 0xff, 0x0,
    0x0, 0x0, 0xdf, 0x10, 0xef, 0x11, 0x88, 0x0,
    0xf, 0xf0, 0x0, 0x0, 0xe, 0xf0, 0x5, 0x20,
    0x0, 0x0, 0x0, 0xff, 0x0, 0x0, 0x0, 0xff,
    0x0, 0x0, 0x0, 0x0, 0x0, 0xf, 0xf6, 0x0,
    0x0, 0x4f, 0xe0, 0x0, 0x0, 0x0, 0x0, 0x0,
    0xbf, 0xff, 0xff, 0xff, 0xfa, 0x0, 0x0, 0x0,
    0x0, 0x0, 0x2, 0xbf, 0xff, 0xff, 0xea, 0x10,
    0x0, 0x0,

    /* U+5FEB "快" */
    0x0, 0x0, 0x0, 0x0, 0x0, 0x0, 0x0, 0x0,
    0x0, 0x0, 0x0, 0x0, 0xf, 0xd0, 0x0, 0x0,
    0xd, 0xf0, 0x0, 0x0, 0x0, 0x0, 0x0, 0xfd,
    0x0, 0x0, 0x0, 0xdf, 0x0, 0x0, 0x0, 0x0,
    0x0, 0xf, 0xd0, 0x0, 0x0, 0xd, 0xf0, 0x0,
    0x0, 0x0, 0x0, 0x0, 0xfd, 0x0, 0x0, 0x0,
    0xdf, 0x0, 0x0, 0x0, 0x0, 0xc, 0x5f, 0xf5,
    0x5, 0xff, 0xff, 0xff, 0xff, 0xfa, 0x0, 0x2,
    0xf6, 0xff, 0xf8, 0x4d, 0xdd, 0xff, 0xdd, 0xdf,
    0xa0, 0x0, 0x4f, 0x4f, 0xed, 0xfa, 0x0, 0xd,
    0xf0, 0x2, 0xfa, 0x0, 0x6, 0xf2, 0xfd, 0xb,
    0x40, 0x0, 0xdf, 0x0, 0x2f, 0xa0, 0x0, 0x8f,
    0xf, 0xd0, 0x0, 0x0, 0xd, 0xf0, 0x2, 0xfa,
    0x0, 0xa, 0xd0, 0xfd, 0x0, 0x0, 0x0, 0xdf,
    0x0, 0x2f, 0xa0, 0x0, 0xdb, 0xf, 0xd0, 0xdd,
    0xdd, 0xdf, 0xfd, 0xdd, 0xff, 0xd4, 0x9, 0x60,
    0xfd, 0xf, 0xff, 0xff, 0xff, 0xff, 0xff, 0xff,
    0x40, 0x0, 0xf, 0xd0, 0x0, 0x0, 0x3f, 0xf8,
    0x0, 0x0, 0x0, 0x0, 0x0, 0xfd, 0x0, 0x0,
    0x9, 0xff, 0xf1, 0x0, 0x0, 0x0, 0x0, 0xf,
    0xd0, 0x0, 0x3, 0xfe, 0x7f, 0xa0, 0x0, 0x0,
    0x0, 0x0, 0xfd, 0x0, 0x1, 0xdf, 0x60, 0xdf,
    0x60, 0x0, 0x0, 0x0, 0xf, 0xd0, 0x1, 0xdf,
    0xa0, 0x2, 0xef, 0x70, 0x0, 0x0, 0x0, 0xfd,
    0x4, 0xef, 0xa0, 0x0, 0x4, 0xff, 0xb3, 0x0,
    0x0, 0xf, 0xd9, 0xff, 0x80, 0x0, 0x0, 0x2,
    0xdf, 0xf2, 0x0, 0x0, 0xfd, 0x6d, 0x30, 0x0,
    0x0, 0x0, 0x0, 0x8b, 0x0, 0x0, 0x0, 0x0,
    0x0, 0x0, 0x0, 0x0, 0x0, 0x0, 0x0,

    /* U+6001 "态" */
    0x0, 0x0, 0x0, 0x0, 0xb, 0xa0, 0x0, 0x0,
    0x0, 0x0, 0x0, 0x0, 0x0, 0x0, 0x1f, 0xd0,
    0x0, 0x0, 0x0, 0x0, 0x0, 0x0, 0x0, 0x0,
    0x3f, 0xb0, 0x0, 0x0, 0x0, 0x0, 0x3f, 0xff,
    0xff, 0xff, 0xff, 0xff, 0xff, 0xff, 0xff, 0xf3,
    0x2d, 0xdd, 0xdd, 0xdd, 0xff, 0xfe, 0xdd, 0xdd,
    0xdd, 0xd3, 0x0, 0x0, 0x0, 0x2, 0xff, 0xfd,
    0x10, 0x0, 0x0, 0x0, 0x0, 0x0, 0x0, 0x1d,
    0xf8, 0x7f, 0xc1, 0x0, 0x0, 0x0, 0x0, 0x0,
    0x2, 0xdf, 0xc0, 0xa, 0xfe, 0x30, 0x0, 0x0,
    0x0, 0x0, 0x7f, 0xff, 0xf6, 0x0, 0x8f, 0xfa,
    0x20, 0x0, 0x3, 0x9e, 0xff, 0x83, 0xef, 0x90,
    0x5, 0xef, 0xfb, 0x50, 0x9f, 0xff, 0xa2, 0x0,
    0x1c, 0xd1, 0x0, 0x8, 0xff, 0xf9, 0x2e, 0x82,
    0x0, 0x0, 0x1, 0x20, 0x0, 0x0, 0x6, 0xc3,
    0x0, 0x20, 0x7, 0xa2, 0x2e, 0x90, 0x0, 0x0,
    0x60, 0x0, 0x0, 0xed, 0xb, 0xf3, 0xb, 0xf5,
    0x0, 0xa, 0xf5, 0x0, 0x4, 0xf9, 0xb, 0xf3,
    0x1, 0xef, 0x20, 0x1, 0xfe, 0x10, 0x9, 0xf4,
    0xb, 0xf3, 0x0, 0x5e, 0x39, 0xd1, 0x7f, 0x90,
    0x1f, 0xe0, 0xb, 0xf3, 0x0, 0x1, 0xa, 0xf1,
    0xe, 0xf2, 0x7f, 0x70, 0xa, 0xf5, 0x0, 0x0,
    0xc, 0xf0, 0x6, 0xf9, 0x5d, 0x10, 0x8, 0xff,
    0xdd, 0xdd, 0xef, 0xd0, 0x0, 0x70, 0x0, 0x0,
    0x1, 0xbf, 0xff, 0xff, 0xfd, 0x40, 0x0, 0x0,

    /* U+601D "思" */
    0x0, 0xbd, 0xdd, 0xdd, 0xdd, 0xdd, 0xdd, 0xdd,
    0xd4, 0x0, 0x0, 0xdf, 0xff, 0xff, 0xff, 0xff,
    0xff, 0xff, 0xf5, 0x0, 0x0, 0xdf, 0x0, 0x0,
    0xf, 0xd0, 0x0, 0x9, 0xf5, 0x0, 0x0, 0xdf,
    0x0, 0x0, 0xf, 0xd0, 0x0, 0x9, 0xf5, 0x0,
    0x0, 0xdf, 0xdd, 0xdd, 0xdf, 0xfd, 0xdd, 0xde,
    0xf5, 0x0, 0x0, 0xdf, 0xff, 0xff, 0xff, 0xff,
    0xff, 0xff, 0xf5, 0x0, 0x0, 0xdf, 0x0, 0x0,
    0xf, 0xd0, 0x0, 0x9, 0xf5, 0x0, 0x0, 0xdf,
    0x0, 0x0, 0xf, 0xd0, 0x0, 0x9, 0xf5, 0x0,
    0x0, 0xdf, 0x0, 0x0, 0xf, 0xd0, 0x0, 0x9,
    0xf5, 0x0, 0x0, 0xdf, 0xff, 0xff, 0xff, 0xff,
    0xff, 0xff, 0xf5, 0x0, 0x0, 0xbd, 0xdd, 0xdd,
    0xdd, 0xdd, 0xdd, 0xdd, 0xd4, 0x0, 0x0, 0x0,
    0x4, 0x30, 0x2c, 0x70, 0x0, 0x0, 0x0, 0x0,
    0x2, 0xc6, 0xf, 0xd0, 0xd, 0xf3, 0x0, 0x7,
    0xe1, 0x0, 0x6, 0xf6, 0xf, 0xd0, 0x3, 0xfd,
    0x2, 0x7, 0xf9, 0x0, 0xb, 0xf2, 0xf, 0xd0,
    0x0, 0x9d, 0x1d, 0xf0, 0xdf, 0x30, 0x1f, 0xd0,
    0xf, 0xd0, 0x0, 0x0, 0xe, 0xe0, 0x5f, 0xc0,
    0x7f, 0x70, 0xf, 0xf1, 0x0, 0x0, 0x1f, 0xd0,
    0xc, 0xf4, 0xaf, 0x10, 0xd, 0xff, 0xdd, 0xdd,
    0xff, 0xa0, 0x4, 0xa1, 0x1, 0x0, 0x4, 0xdf,
    0xff, 0xff, 0xfb, 0x20, 0x0, 0x0,

    /* U+6025 "急" */
    0x0, 0x0, 0x0, 0xb8, 0x0, 0x0, 0x0, 0x0,
    0x0, 0x0, 0x0, 0x0, 0x9, 0xfa, 0x0, 0x0,
    0x0, 0x0, 0x0, 0x0, 0x0, 0x0, 0x7f, 0xff,
    0xff, 0xff, 0xff, 0xf5, 0x0, 0x0, 0x0, 0x7,
    0xfe, 0x99, 0x99, 0x99, 0xcf, 0xf2, 0x0, 0x0,
    0x0, 0x9f, 0xd2, 0x0, 0x0, 0x3, 0xff, 0x30,
    0x0, 0x0, 0x2c, 0xff, 0xa8, 0x88, 0x88, 0x8f,
    0xfc, 0x88, 0x85, 0x0, 0x3f, 0xcf, 0xff, 0xff,
    0xff, 0xff, 0xff, 0xff, 0xfa, 0x0, 0x2, 0x0,
    0x0, 0x0, 0x0, 0x0, 0x0, 0x1, 0xfa, 0x0,
    0x0, 0x4, 0x44, 0x44, 0x44, 0x44, 0x44, 0x45,
    0xfa, 0x0, 0x0, 0x2f, 0xff, 0xff, 0xff, 0xff,
    0xff, 0xff, 0xfa, 0x0, 0x0, 0x3, 0x33, 0x33,
    0x33, 0x33, 0x33, 0x34, 0xfa, 0x0, 0x0, 0x0,
    0x0, 0x0, 0x0, 0x0, 0x0, 0x1, 0xfa, 0x0,
    0x0, 0xdf, 0xff, 0xff, 0xff, 0xff, 0xff, 0xff,
    0xfa, 0x0, 0x0, 0x89, 0x99, 0x99, 0x9e, 0xa9,
    0x99, 0x99, 0x96, 0x0, 0x0, 0x73, 0x7, 0x80,
    0x3f, 0xb0, 0x0, 0x3, 0xc1, 0x0, 0x2, 0xf9,
    0xd, 0xf0, 0x7, 0xf9, 0x9, 0x86, 0xfb, 0x0,
    0x9, 0xf3, 0xd, 0xf0, 0x0, 0xa5, 0xd, 0xf0,
    0xbf, 0x60, 0x1f, 0xc0, 0xd, 0xf1, 0x0, 0x0,
    0xe, 0xe0, 0x1f, 0xe1, 0x9f, 0x50, 0xb, 0xfd,
    0xaa, 0xaa, 0xcf, 0xb0, 0x6, 0xf6, 0x18, 0x0,
    0x3, 0xdf, 0xff, 0xff, 0xfd, 0x30, 0x0, 0x20,

    /* U+603B "总" */
    0x0, 0x0, 0x0, 0x20, 0x0, 0x0, 0x0, 0x10,
    0x0, 0x0, 0x0, 0x0, 0x0, 0x7f, 0x80, 0x0,
    0x0, 0x5f, 0x80, 0x0, 0x0, 0x0, 0x0, 0x2,
    0xff, 0x30, 0x0, 0x1e, 0xf5, 0x0, 0x0, 0x0,
    0x0, 0x0, 0x6, 0xfa, 0x0, 0xa, 0xf9, 0x0,
    0x0, 0x0, 0x0, 0xc, 0xdd, 0xdf, 0xdd, 0xdd,
    0xff, 0xdd, 0xdd, 0x0, 0x0, 0x0, 0xef, 0xff,
    0xff, 0xff, 0xff, 0xff, 0xff, 0xf0, 0x0, 0x0,
    0xe, 0xf0, 0x0, 0x0, 0x0, 0x0, 0x0, 0xdf,
    0x0, 0x0, 0x0, 0xef, 0x0, 0x0, 0x0, 0x0,
    0x0, 0xd, 0xf0, 0x0, 0x0, 0xe, 0xf0, 0x0,
    0x0, 0x0, 0x0, 0x0, 0xdf, 0x0, 0x0, 0x0,
    0xef, 0x0, 0x0, 0x0, 0x0, 0x0, 0xd, 0xf0,
    0x0, 0x0, 0xe, 0xfd, 0xdd, 0xdd, 0xdd, 0xdd,
    0xdd, 0xff, 0x0, 0x0, 0x0, 0xef, 0xff, 0xff,
    0xff, 0xff, 0xff, 0xff, 0xf0, 0x0, 0x0, 0x0,
    0x0, 0x0, 0x0, 0x40, 0x0, 0x0, 0x0, 0x0,
    0x0, 0x0, 0x10, 0x1, 0x10, 0x9f, 0x50, 0x0,
    0x0, 0x20, 0x0, 0x0, 0x6f, 0x60, 0xfe, 0x2,
    0xff, 0x10, 0x0, 0xce, 0x10, 0x0, 0xb, 0xf2,
    0xf, 0xe0, 0x6, 0xfb, 0x0, 0x7, 0xf9, 0x0,
    0x1, 0xfd, 0x0, 0xfe, 0x0, 0xa, 0x40, 0xdd,
    0x1e, 0xf2, 0x0, 0x6f, 0x80, 0xf, 0xe0, 0x0,
    0x0, 0xd, 0xf0, 0x5f, 0xb0, 0xd, 0xf2, 0x0,
    0xff, 0x0, 0x0, 0x1, 0xfe, 0x0, 0xdf, 0x41,
    0xcb, 0x0, 0xd, 0xff, 0xdd, 0xdd, 0xff, 0xb0,
    0x4, 0x50, 0x0, 0x0, 0x0, 0x5e, 0xff, 0xff,
    0xff, 0xc2, 0x0, 0x0, 0x0,

    /* U+6062 "恢" */
    0x0, 0x0, 0x0, 0x0, 0x1, 0x10, 0x0, 0x0,
    0x0, 0x0, 0x0, 0x0, 0xfd, 0x0, 0x0, 0x9f,
    0x20, 0x0, 0x0, 0x0, 0x0, 0x0, 0xf, 0xd0,
    0x0, 0xa, 0xf2, 0x0, 0x0, 0x0, 0x0, 0x0,
    0x0, 0xfd, 0x0, 0x0, 0xaf, 0x10, 0x0, 0x0,
    0x0, 0x0, 0x0, 0xf, 0xd0, 0xf, 0xff, 0xff,
    0xff, 0xff, 0xff, 0xfe, 0x0, 0xd5, 0xff, 0x50,
    0xdd, 0xff, 0xdd, 0xdd, 0xdd, 0xdd, 0xc0, 0xf,
    0x5f, 0xff, 0xa0, 0xe, 0xf0, 0x0, 0x10, 0x0,
    0x0, 0x2, 0xf3, 0xfe, 0xaf, 0x90, 0xfd, 0x0,
    0x8f, 0x20, 0x0, 0x0, 0x4f, 0x1f, 0xd0, 0x71,
    0x2f, 0xb0, 0x8, 0xf2, 0x0, 0x0, 0x6, 0xf0,
    0xfd, 0x0, 0x5, 0xfd, 0x20, 0x8f, 0x20, 0x5e,
    0x30, 0x9d, 0xf, 0xd0, 0x0, 0x9f, 0xfa, 0x9,
    0xf2, 0xc, 0xe0, 0xb, 0xb0, 0xfd, 0x0, 0xe,
    0xf9, 0xf2, 0xaf, 0x25, 0xf7, 0x0, 0xb7, 0xf,
    0xd0, 0x4, 0xfb, 0x1f, 0x9c, 0xf5, 0xdd, 0x0,
    0x0, 0x0, 0xfd, 0x0, 0xbf, 0x50, 0x9a, 0xff,
    0xaa, 0x50, 0x0, 0x0, 0xf, 0xd0, 0x2f, 0xe0,
    0x0, 0x5f, 0xfe, 0x0, 0x0, 0x0, 0x0, 0xfd,
    0xb, 0xf6, 0x0, 0xc, 0xf7, 0xf7, 0x0, 0x0,
    0x0, 0xf, 0xd6, 0xfd, 0x0, 0x8, 0xf8, 0xd,
    0xf2, 0x0, 0x0, 0x0, 0xfd, 0x9f, 0x40, 0x7,
    0xfc, 0x0, 0x4f, 0xd1, 0x0, 0x0, 0xf, 0xd0,
    0x40, 0x9, 0xfd, 0x10, 0x0, 0x8f, 0xd2, 0x0,
    0x0, 0xfd, 0x0, 0x1d, 0xfd, 0x10, 0x0, 0x0,
    0xaf, 0xe0, 0x0, 0xf, 0xd0, 0x0, 0xa9, 0x0,
    0x0, 0x0, 0x0, 0x85, 0x0, 0x0, 0x0, 0x0,
    0x0, 0x0, 0x0, 0x0, 0x0, 0x0, 0x0,

    /* U+60E0 "惠" */
    0x0, 0x0, 0x0, 0x0, 0x3, 0x81, 0x0, 0x0,
    0x0, 0x0, 0x0, 0x0, 0x0, 0x0, 0x0, 0x7f,
    0x30, 0x0, 0x0, 0x0, 0x0, 0xf, 0xff, 0xff,
    0xff, 0xff, 0xff, 0xff, 0xff, 0xff, 0xfc, 0x0,
    0x88, 0x88, 0x88, 0x88, 0xbf, 0xa8, 0x88, 0x88,
    0x88, 0x60, 0x0, 0x2, 0x22, 0x22, 0x28, 0xf5,
    0x22, 0x22, 0x22, 0x0, 0x0, 0x5, 0xff, 0xff,
    0xff, 0xff, 0xff, 0xff, 0xff, 0xf1, 0x0, 0x0,
    0x5f, 0x83, 0x33, 0x39, 0xf6, 0x33, 0x33, 0xcf,
    0x10, 0x0, 0x5, 0xf8, 0x22, 0x22, 0x8f, 0x52,
    0x22, 0x2c, 0xf1, 0x0, 0x0, 0x5f, 0xff, 0xff,
    0xff, 0xff, 0xff, 0xff, 0xff, 0x10, 0x0, 0x5,
    0xf8, 0x22, 0x22, 0x8f, 0x52, 0x22, 0x2c, 0xf1,
    0x0, 0x0, 0x5f, 0xff, 0xff, 0xff, 0xff, 0xff,
    0xff, 0xff, 0x10, 0x0, 0x1, 0x33, 0x33, 0x33,
    0x9f, 0x63, 0x33, 0x6f, 0x80, 0x0, 0x1, 0x12,
    0x22, 0x23, 0x39, 0xf6, 0x44, 0x46, 0xff, 0x20,
    0x0, 0xff, 0xff, 0xff, 0xff, 0xff, 0xff, 0xff,
    0xfe, 0xfd, 0x0, 0x5, 0x56, 0x43, 0x32, 0x28,
    0xc1, 0x0, 0x0, 0x8, 0xf5, 0x0, 0x5, 0xf5,
    0x7f, 0x60, 0x6f, 0xc0, 0x1, 0xb, 0xe4, 0x0,
    0x0, 0xdf, 0x27, 0xf6, 0x0, 0x7f, 0x43, 0xf7,
    0x6f, 0xa0, 0x0, 0x6f, 0x90, 0x7f, 0x60, 0x0,
    0x20, 0x4f, 0x70, 0xcf, 0x40, 0x2f, 0xe1, 0x6,
    0xfd, 0x88, 0x88, 0x8d, 0xf4, 0x2, 0xfc, 0x0,
    0x75, 0x0, 0xa, 0xff, 0xff, 0xff, 0xe9, 0x0,
    0x4, 0x0,

    /* U+611F "感" */
    0x0, 0x0, 0x0, 0x0, 0x0, 0x0, 0x27, 0x20,
    0x2, 0x0, 0x0, 0x0, 0x0, 0x0, 0x0, 0x0,
    0x4, 0xf5, 0xb, 0xd0, 0x0, 0x0, 0x0, 0x0,
    0x0, 0x0, 0x0, 0x2f, 0x70, 0x4f, 0x40, 0x0,
    0x0, 0xff, 0xff, 0xff, 0xff, 0xff, 0xff, 0xff,
    0xff, 0xf6, 0x0, 0xf, 0xfa, 0xaa, 0xaa, 0xaa,
    0xaf, 0xea, 0xaa, 0xaa, 0x40, 0x0, 0xfd, 0x12,
    0x22, 0x22, 0x21, 0xcd, 0x0, 0x36, 0x0, 0x0,
    0xf, 0xd7, 0xff, 0xff, 0xff, 0x8a, 0xf0, 0xb,
    0xf1, 0x0, 0x0, 0xfc, 0x13, 0x33, 0x33, 0x32,
    0x7f, 0x24, 0xf7, 0x0, 0x0, 0x1f, 0xc0, 0x22,
    0x22, 0x22, 0x4, 0xf7, 0xed, 0x0, 0x0, 0x3,
    0xfa, 0x2f, 0xff, 0xff, 0xf0, 0xf, 0xff, 0x30,
    0x63, 0x0, 0x6f, 0x82, 0xf5, 0x0, 0x6f, 0x0,
    0xdf, 0x80, 0xe, 0xa0, 0xb, 0xf5, 0x2f, 0x97,
    0x7a, 0xf2, 0xdf, 0xfd, 0x13, 0xf7, 0x2, 0xff,
    0x1, 0xcc, 0xcc, 0xcc, 0x7f, 0x56, 0xff, 0xff,
    0x10, 0x6f, 0x80, 0x0, 0x0, 0x5, 0x10, 0x30,
    0x6, 0xee, 0x60, 0x0, 0x58, 0x10, 0x88, 0x2,
    0xfd, 0x10, 0x0, 0x6, 0x10, 0x0, 0x4, 0xfb,
    0xe, 0xe0, 0x5, 0xfd, 0x14, 0x46, 0xfa, 0x0,
    0x0, 0xcf, 0x40, 0xee, 0x0, 0x6, 0xc0, 0xaf,
    0xb, 0xf5, 0x0, 0x5f, 0xc0, 0xe, 0xf0, 0x0,
    0x0, 0xc, 0xf0, 0x2f, 0xe1, 0xe, 0xf2, 0x0,
    0xdf, 0xca, 0xaa, 0xab, 0xfc, 0x0, 0x7f, 0x40,
    0x26, 0x0, 0x4, 0xdf, 0xff, 0xff, 0xfd, 0x40,
    0x0, 0x10,

    /* U+6210 "成" */
    0x0, 0x0, 0x0, 0x0, 0x0, 0x69, 0x10, 0x28,
    0x0, 0x0, 0x0, 0x0, 0x0, 0x0, 0x0, 0x9f,
    0x30, 0xbf, 0x90, 0x0, 0x0, 0x0, 0x0, 0x0,
    0x0, 0x8f, 0x40, 0x1c, 0xf9, 0x0, 0x0, 0x0,
    0x0, 0x0, 0x0, 0x7f, 0x50, 0x0, 0xc4, 0x0,
    0x0, 0xff, 0xff, 0xff, 0xff, 0xff, 0xff, 0xff,
    0xff, 0xf7, 0x0, 0xff, 0xdd, 0xdd, 0xdd, 0xef,
    0xed, 0xdd, 0xdd, 0xd5, 0x0, 0xfd, 0x0, 0x0,
    0x0, 0x2f, 0xa0, 0x0, 0x0, 0x0, 0x0, 0xfd,
    0x0, 0x0, 0x0, 0x1f, 0xb0, 0x0, 0x65, 0x0,
    0x0, 0xfd, 0x0, 0x0, 0x0, 0xf, 0xd0, 0x0,
    0xef, 0x10, 0x0, 0xff, 0xff, 0xff, 0xf2, 0xd,
    0xf0, 0x5, 0xfa, 0x0, 0x0, 0xff, 0xdd, 0xdf,
    0xf1, 0xa, 0xf2, 0xc, 0xf3, 0x0, 0x0, 0xfd,
    0x0, 0xc, 0xf0, 0x7, 0xf5, 0x5f, 0xb0, 0x0,
    0x1, 0xfc, 0x0, 0xd, 0xf0, 0x4, 0xf9, 0xef,
    0x30, 0x0, 0x2, 0xfb, 0x0, 0xe, 0xf0, 0x1,
    0xff, 0xf9, 0x0, 0x0, 0x4, 0xf9, 0x0, 0xf,
    0xe0, 0x0, 0xcf, 0xe0, 0x0, 0x96, 0x7, 0xf7,
    0x0, 0x2f, 0xc0, 0x6, 0xff, 0x90, 0x0, 0xfb,
    0xb, 0xf4, 0xdd, 0xff, 0x90, 0x7f, 0xff, 0xf2,
    0x2, 0xf8, 0x1f, 0xf0, 0xdf, 0xfb, 0x2a, 0xff,
    0x56, 0xfd, 0x39, 0xf4, 0x8f, 0x90, 0x0, 0x0,
    0x8f, 0xe3, 0x0, 0xaf, 0xff, 0xe0, 0x9f, 0x20,
    0x0, 0x0, 0x8, 0x10, 0x0, 0x9, 0xfd, 0x30,
    0x1, 0x0, 0x0, 0x0, 0x0, 0x0, 0x0, 0x0,
    0x0, 0x0,

    /* U+6216 "或" */
    0x0, 0x0, 0x0, 0x0, 0x0, 0x3, 0x61, 0x0,
    0x20, 0x0, 0x0, 0x0, 0x0, 0x0, 0x0, 0x0,
    0x9f, 0x50, 0xbe, 0x0, 0x0, 0x0, 0x0, 0x0,
    0x0, 0x0, 0x8, 0xf5, 0x7, 0xf4, 0x0, 0x0,
    0x0, 0x0, 0x0, 0x0, 0x0, 0x7f, 0x60, 0x3f,
    0x80, 0x0, 0x2f, 0xff, 0xff, 0xff, 0xff, 0xff,
    0xff, 0xff, 0xff, 0xff, 0x2, 0xdd, 0xdd, 0xdd,
    0xdd, 0xdd, 0xef, 0xed, 0xdd, 0xdd, 0xd0, 0x0,
    0x0, 0x0, 0x0, 0x0, 0x4, 0xf9, 0x0, 0x4,
    0x0, 0x0, 0xb, 0xdd, 0xdd, 0xdd, 0x60, 0x3f,
    0xb0, 0x5, 0xf8, 0x0, 0x0, 0xdf, 0xff, 0xff,
    0xf8, 0x2, 0xfd, 0x0, 0xaf, 0x20, 0x0, 0xd,
    0xf0, 0x0, 0x4f, 0x80, 0xf, 0xf0, 0x1f, 0xc0,
    0x0, 0x0, 0xdf, 0x0, 0x4, 0xf8, 0x0, 0xdf,
    0x18, 0xf5, 0x0, 0x0, 0xd, 0xf0, 0x0, 0x4f,
    0x80, 0xb, 0xf5, 0xfe, 0x0, 0x0, 0x0, 0xdf,
    0xdd, 0xde, 0xf8, 0x0, 0x8f, 0xef, 0x60, 0x0,
    0x0, 0xd, 0xff, 0xff, 0xff, 0x80, 0x4, 0xff,
    0xd0, 0x2, 0x10, 0x0, 0x0, 0x0, 0x0, 0x0,
    0x0, 0x2f, 0xf3, 0x0, 0x9f, 0x10, 0x0, 0x0,
    0x1, 0x36, 0x91, 0x1c, 0xff, 0x30, 0xc, 0xf0,
    0x15, 0x7a, 0xce, 0xff, 0xff, 0x4c, 0xfd, 0xfa,
    0x0, 0xfc, 0x4, 0xff, 0xff, 0xdb, 0x86, 0x6e,
    0xfa, 0xd, 0xf6, 0x6f, 0x80, 0x17, 0x52, 0x0,
    0x0, 0x1e, 0xf9, 0x0, 0x4f, 0xff, 0xf2, 0x0,
    0x0, 0x0, 0x0, 0x0, 0x77, 0x0, 0x0, 0x5e,
    0xe6, 0x0,

    /* U+624B "手" */
    0x0, 0x0, 0x0, 0x0, 0x0, 0x0, 0x0, 0x0,
    0x0, 0x0, 0x0, 0x0, 0x0, 0x1, 0x23, 0x46,
    0x78, 0xac, 0xdf, 0x40, 0x2, 0xdd, 0xef, 0xff,
    0xff, 0xff, 0xff, 0xff, 0xff, 0x60, 0x2, 0xff,
    0xff, 0xfe, 0xde, 0xfc, 0x86, 0x53, 0x20, 0x0,
    0x0, 0x22, 0x10, 0x0, 0x7, 0xf7, 0x0, 0x0,
    0x0, 0x0, 0x0, 0x0, 0x0, 0x0, 0x7, 0xf7,
    0x0, 0x0, 0x0, 0x0, 0x0, 0x0, 0x0, 0x0,
    0x7, 0xf7, 0x0, 0x0, 0x0, 0x0, 0x0, 0xce,
    0xee, 0xee, 0xef, 0xff, 0xee, 0xee, 0xee, 0x60,
    0x0, 0xef, 0xff, 0xff, 0xff, 0xff, 0xff, 0xff,
    0xff, 0x70, 0x0, 0x0, 0x0, 0x0, 0x7, 0xf7,
    0x0, 0x0, 0x0, 0x0, 0x0, 0x0, 0x0, 0x0,
    0x7, 0xf7, 0x0, 0x0, 0x0, 0x0, 0x0, 0x0,
    0x0, 0x0, 0x7, 0xf7, 0x0, 0x0, 0x0, 0x0,
    0x5e, 0xee, 0xee, 0xee, 0xee, 0xfe, 0xee, 0xee,
    0xee, 0xee, 0x6f, 0xff, 0xff, 0xff, 0xff, 0xff,
    0xff, 0xff, 0xff, 0xff, 0x0, 0x0, 0x0, 0x0,
    0x7, 0xf7, 0x0, 0x0, 0x0, 0x0, 0x0, 0x0,
    0x0, 0x0, 0x7, 0xf7, 0x0, 0x0, 0x0, 0x0,
    0x0, 0x0, 0x0, 0x0, 0x7, 0xf7, 0x0, 0x0,
    0x0, 0x0, 0x0, 0x0, 0x0, 0x0, 0xa, 0xf7,
    0x0, 0x0, 0x0, 0x0, 0x0, 0x0, 0xb, 0xff,
    0xff, 0xf5, 0x0, 0x0, 0x0, 0x0, 0x0, 0x0,
    0x8, 0xff, 0xfe, 0xa0, 0x0, 0x0, 0x0, 0x0,

    /* U+6253 "打" */
    0x0, 0x7, 0xb3, 0x0, 0x0, 0x0, 0x0, 0x0,
    0x0, 0x0, 0x0, 0xa, 0xf4, 0x0, 0x13, 0x33,
    0x33, 0x33, 0x33, 0x32, 0x0, 0xa, 0xf4, 0x0,
    0x6f, 0xff, 0xff, 0xff, 0xff, 0xf8, 0x0, 0xa,
    0xf4, 0x0, 0x39, 0x99, 0x99, 0xff, 0x99, 0x95,
    0x8e, 0xef, 0xfe, 0xee, 0x0, 0x0, 0x0, 0xff,
    0x0, 0x0, 0x9f, 0xff, 0xff, 0xff, 0x0, 0x0,
    0x0, 0xff, 0x0, 0x0, 0x0, 0xa, 0xf4, 0x0,
    0x0, 0x0, 0x0, 0xff, 0x0, 0x0, 0x0, 0xa,
    0xf4, 0x0, 0x0, 0x0, 0x0, 0xff, 0x0, 0x0,
    0x0, 0xa, 0xf4, 0x0, 0x0, 0x0, 0x0, 0xff,
    0x0, 0x0, 0x0, 0xa, 0xf7, 0x8d, 0x20, 0x0,
    0x0, 0xff, 0x0, 0x0, 0x1, 0x5d, 0xff, 0xff,
    0x30, 0x0, 0x0, 0xff, 0x0, 0x0, 0xbf, 0xff,
    0xfb, 0x51, 0x0, 0x0, 0x0, 0xff, 0x0, 0x0,
    0xce, 0x9c, 0xf4, 0x0, 0x0, 0x0, 0x0, 0xff,
    0x0, 0x0, 0x10, 0xa, 0xf4, 0x0, 0x0, 0x0,
    0x0, 0xff, 0x0, 0x0, 0x0, 0xa, 0xf4, 0x0,
    0x0, 0x0, 0x0, 0xff, 0x0, 0x0, 0x0, 0xa,
    0xf4, 0x0, 0x0, 0x0, 0x0, 0xff, 0x0, 0x0,
    0x0, 0xa, 0xf4, 0x0, 0x0, 0x0, 0x0, 0xff,
    0x0, 0x0, 0x0, 0xb, 0xf4, 0x0, 0x0, 0x0,
    0x3, 0xff, 0x0, 0x0, 0xaf, 0xff, 0xf2, 0x0,
    0x2, 0xee, 0xef, 0xfd, 0x0, 0x0, 0x7f, 0xfe,
    0x90, 0x0, 0x0, 0xef, 0xff, 0xc3, 0x0, 0x0,

    /* U+626B "扫" */
    0x0, 0x5, 0xb4, 0x0, 0x0, 0x0, 0x0, 0x0,
    0x0, 0x0, 0x0, 0x8f, 0x60, 0x0, 0x0, 0x0,
    0x0, 0x0, 0x0, 0x0, 0x8, 0xf6, 0x0, 0x7f,
    0xff, 0xff, 0xff, 0xff, 0xf0, 0x0, 0x8f, 0x60,
    0x6, 0xee, 0xee, 0xee, 0xee, 0xff, 0xd, 0xde,
    0xfe, 0xdd, 0x0, 0x0, 0x0, 0x0, 0xe, 0xf0,
    0xff, 0xff, 0xff, 0xf0, 0x0, 0x0, 0x0, 0x0,
    0xef, 0x0, 0x8, 0xf6, 0x0, 0x0, 0x0, 0x0,
    0x0, 0xe, 0xf0, 0x0, 0x8f, 0x60, 0x0, 0x0,
    0x0, 0x0, 0x0, 0xef, 0x0, 0x8, 0xf6, 0x2,
    0x0, 0x0, 0x0, 0x0, 0xe, 0xf0, 0x0, 0x8f,
    0xbd, 0xf0, 0xff, 0xff, 0xff, 0xff, 0xff, 0x2,
    0x7d, 0xff, 0xfc, 0xf, 0xff, 0xff, 0xff, 0xff,
    0xf7, 0xff, 0xff, 0xa2, 0x0, 0x0, 0x0, 0x0,
    0x0, 0xef, 0x5e, 0x9a, 0xf6, 0x0, 0x0, 0x0,
    0x0, 0x0, 0xe, 0xf0, 0x0, 0x8f, 0x60, 0x0,
    0x0, 0x0, 0x0, 0x0, 0xef, 0x0, 0x8, 0xf6,
    0x0, 0x0, 0x0, 0x0, 0x0, 0xe, 0xf0, 0x0,
    0x8f, 0x60, 0x0, 0x0, 0x0, 0x0, 0x0, 0xef,
    0x0, 0x8, 0xf6, 0x0, 0x0, 0x0, 0x0, 0x0,
    0xe, 0xf0, 0x0, 0x9f, 0x50, 0x3e, 0xee, 0xee,
    0xee, 0xee, 0xff, 0x4e, 0xef, 0xf4, 0x4, 0xff,
    0xff, 0xff, 0xff, 0xff, 0xf1, 0xff, 0xfa, 0x0,
    0x0, 0x0, 0x0, 0x0, 0x0, 0xef, 0x0, 0x0,
    0x0, 0x0, 0x0, 0x0, 0x0, 0x0, 0x1, 0x10,

    /* U+627E "找" */
    0x0, 0x0, 0x20, 0x0, 0x0, 0x23, 0x0, 0x0,
    0x0, 0x0, 0x0, 0x6, 0xf5, 0x0, 0x0, 0xef,
    0x1, 0x90, 0x0, 0x0, 0x0, 0x6, 0xf5, 0x0,
    0x0, 0xdf, 0x8, 0xfb, 0x0, 0x0, 0x0, 0x6,
    0xf5, 0x0, 0x0, 0xcf, 0x0, 0xaf, 0xb0, 0x0,
    0x0, 0x6, 0xf5, 0x0, 0x0, 0xbf, 0x10, 0xa,
    0xf7, 0x0, 0x5d, 0xde, 0xfe, 0xdd, 0x0, 0xaf,
    0x30, 0x0, 0x80, 0x0, 0x6f, 0xff, 0xff, 0xff,
    0x0, 0x9f, 0x64, 0x69, 0xbd, 0xf3, 0x0, 0x6,
    0xf5, 0x1, 0xac, 0xff, 0xff, 0xff, 0xff, 0xe4,
    0x0, 0x6, 0xf5, 0x2, 0xff, 0xff, 0xc8, 0x64,
    0x20, 0x0, 0x0, 0x6, 0xf5, 0x0, 0x20, 0x4f,
    0x90, 0x0, 0x7c, 0x10, 0x0, 0x6, 0xf7, 0x6a,
    0x0, 0x2f, 0xb0, 0x3, 0xfe, 0x10, 0x0, 0x3a,
    0xff, 0xff, 0x10, 0xf, 0xe0, 0x2e, 0xf3, 0x0,
    0x6f, 0xff, 0xfc, 0x73, 0x0, 0xd, 0xf3, 0xef,
    0x60, 0x0, 0x6f, 0xaa, 0xf5, 0x0, 0x0, 0xa,
    0xff, 0xf7, 0x0, 0x0, 0x0, 0x6, 0xf5, 0x0,
    0x0, 0xa, 0xff, 0x60, 0x0, 0x10, 0x0, 0x6,
    0xf5, 0x0, 0x2, 0xcf, 0xfd, 0x0, 0x2, 0xf5,
    0x0, 0x6, 0xf5, 0x1, 0x8f, 0xfc, 0xcf, 0x30,
    0x5, 0xf4, 0x0, 0x6, 0xf5, 0x2f, 0xff, 0x80,
    0x4f, 0xc0, 0x9, 0xf1, 0x1, 0x19, 0xf5, 0xc,
    0xa2, 0x0, 0xc, 0xf8, 0x2e, 0xd0, 0x2f, 0xff,
    0xf4, 0x0, 0x0, 0x0, 0x2, 0xff, 0xff, 0x70,
    0xc, 0xdc, 0x80, 0x0, 0x0, 0x0, 0x0, 0x3c,
    0xfa, 0x0,

    /* U+6297 "抗" */
    0x0, 0x8, 0x90, 0x0, 0x0, 0x2, 0x98, 0x0,
    0x0, 0x0, 0x0, 0x0, 0xdf, 0x0, 0x0, 0x0,
    0x1f, 0xf1, 0x0, 0x0, 0x0, 0x0, 0xd, 0xf0,
    0x0, 0x0, 0x0, 0xcf, 0x60, 0x0, 0x0, 0x0,
    0x0, 0xdf, 0x0, 0x4b, 0xbb, 0xbd, 0xfe, 0xbb,
    0xbb, 0x30, 0x1d, 0xdf, 0xfd, 0xd7, 0xff, 0xff,
    0xff, 0xff, 0xff, 0xf5, 0x2, 0xff, 0xff, 0xff,
    0x2, 0x22, 0x22, 0x22, 0x22, 0x22, 0x0, 0x0,
    0xd, 0xf0, 0x0, 0x0, 0x0, 0x0, 0x0, 0x0,
    0x0, 0x0, 0x0, 0xdf, 0x0, 0x0, 0x0, 0x0,
    0x0, 0x0, 0x0, 0x0, 0x0, 0xd, 0xf0, 0x0,
    0xf, 0xff, 0xff, 0xff, 0xd0, 0x0, 0x0, 0x0,
    0xdf, 0x5a, 0x10, 0xff, 0xdd, 0xdd, 0xfd, 0x0,
    0x0, 0x1, 0x6e, 0xff, 0xf3, 0xf, 0xd0, 0x0,
    0xf, 0xd0, 0x0, 0x8, 0xff, 0xff, 0xa4, 0x0,
    0xfd, 0x0, 0x0, 0xfd, 0x0, 0x0, 0x7e, 0x9e,
    0xf0, 0x0, 0xf, 0xd0, 0x0, 0xf, 0xd0, 0x0,
    0x0, 0x0, 0xdf, 0x0, 0x1, 0xfc, 0x0, 0x0,
    0xfd, 0x0, 0x0, 0x0, 0xd, 0xf0, 0x0, 0x2f,
    0xb0, 0x0, 0xf, 0xd0, 0xbb, 0x0, 0x0, 0xdf,
    0x0, 0x5, 0xf9, 0x0, 0x0, 0xfd, 0xc, 0xf0,
    0x0, 0xd, 0xf0, 0x0, 0xbf, 0x50, 0x0, 0xf,
    0xd0, 0xdf, 0x0, 0x0, 0xdf, 0x0, 0x6f, 0xe0,
    0x0, 0x0, 0xfd, 0xe, 0xf0, 0x4d, 0xef, 0xe0,
    0x5f, 0xf4, 0x0, 0x0, 0xe, 0xfe, 0xfd, 0x2,
    0xff, 0xe5, 0xc, 0xf7, 0x0, 0x0, 0x0, 0x5d,
    0xec, 0x40, 0x0, 0x0, 0x0, 0x5, 0x0, 0x0,
    0x0, 0x0, 0x0, 0x0, 0x0,

    /* U+6298 "折" */
    0x0, 0x2, 0xa4, 0x0, 0x0, 0x0, 0x0, 0x0,
    0x0, 0x0, 0x0, 0x4, 0xf7, 0x0, 0x0, 0x0,
    0x2, 0x47, 0xad, 0xb0, 0x0, 0x4, 0xf7, 0x0,
    0x8, 0xce, 0xff, 0xff, 0xff, 0xc0, 0x0, 0x4,
    0xf7, 0x0, 0xb, 0xfe, 0xca, 0x86, 0x30, 0x0,
    0x2d, 0xde, 0xfe, 0xdd, 0xb, 0xf1, 0x0, 0x0,
    0x0, 0x0, 0x2f, 0xff, 0xff, 0xff, 0xb, 0xf1,
    0x0, 0x0, 0x0, 0x0, 0x0, 0x4, 0xf7, 0x0,
    0xb, 0xf1, 0x0, 0x0, 0x0, 0x0, 0x0, 0x4,
    0xf7, 0x0, 0xb, 0xf1, 0x0, 0x0, 0x0, 0x0,
    0x0, 0x4, 0xf7, 0x0, 0xb, 0xfe, 0xee, 0xee,
    0xee, 0xec, 0x0, 0x4, 0xfb, 0xcb, 0xb, 0xff,
    0xff, 0xff, 0xff, 0xfe, 0x2, 0x7c, 0xff, 0xfd,
    0xc, 0xf0, 0x0, 0xf, 0xe0, 0x0, 0x5f, 0xff,
    0xfb, 0x30, 0xc, 0xf0, 0x0, 0xf, 0xe0, 0x0,
    0x2d, 0x87, 0xf7, 0x0, 0xd, 0xf0, 0x0, 0xf,
    0xe0, 0x0, 0x0, 0x4, 0xf7, 0x0, 0xe, 0xe0,
    0x0, 0xf, 0xe0, 0x0, 0x0, 0x4, 0xf7, 0x0,
    0x1f, 0xc0, 0x0, 0xf, 0xe0, 0x0, 0x0, 0x4,
    0xf7, 0x0, 0x4f, 0x90, 0x0, 0xf, 0xe0, 0x0,
    0x0, 0x4, 0xf7, 0x0, 0x9f, 0x40, 0x0, 0xf,
    0xe0, 0x0, 0x0, 0x6, 0xf7, 0x1, 0xfe, 0x0,
    0x0, 0xf, 0xe0, 0x0, 0x1d, 0xdf, 0xf6, 0x9,
    0xf7, 0x0, 0x0, 0xf, 0xe0, 0x0, 0xf, 0xff,
    0xc1, 0x8, 0xd0, 0x0, 0x0, 0xf, 0xe0, 0x0,
    0x0, 0x0, 0x0, 0x0, 0x0, 0x0, 0x0, 0x0,
    0x0, 0x0,

    /* U+62A4 "护" */
    0x0, 0x9, 0xb0, 0x0, 0x0, 0x1, 0xbd, 0x0,
    0x0, 0x0, 0x0, 0xdf, 0x0, 0x0, 0x0, 0xc,
    0xf5, 0x0, 0x0, 0x0, 0xd, 0xf0, 0x0, 0x0,
    0x0, 0x6f, 0xb0, 0x0, 0x0, 0x0, 0xdf, 0x0,
    0xc, 0xee, 0xee, 0xff, 0xee, 0xee, 0x5d, 0xdf,
    0xfd, 0xd4, 0xdf, 0xee, 0xee, 0xee, 0xef, 0xf7,
    0xff, 0xff, 0xff, 0x5d, 0xf1, 0x0, 0x0, 0x0,
    0xef, 0x0, 0xd, 0xf0, 0x0, 0xdf, 0x10, 0x0,
    0x0, 0xe, 0xf0, 0x0, 0xdf, 0x0, 0xd, 0xf1,
    0x0, 0x0, 0x0, 0xef, 0x0, 0xd, 0xf0, 0x0,
    0xdf, 0x10, 0x0, 0x0, 0xe, 0xf0, 0x0, 0xdf,
    0x7e, 0x3d, 0xf1, 0x0, 0x0, 0x0, 0xef, 0x0,
    0x4e, 0xff, 0xf4, 0xdf, 0xff, 0xff, 0xff, 0xff,
    0xf7, 0xef, 0xff, 0x82, 0xe, 0xfd, 0xdd, 0xdd,
    0xdd, 0xdd, 0x9e, 0x9e, 0xf0, 0x0, 0xff, 0x0,
    0x0, 0x0, 0x0, 0x1, 0x0, 0xdf, 0x0, 0xf,
    0xe0, 0x0, 0x0, 0x0, 0x0, 0x0, 0xd, 0xf0,
    0x3, 0xfc, 0x0, 0x0, 0x0, 0x0, 0x0, 0x0,
    0xdf, 0x0, 0x7f, 0x90, 0x0, 0x0, 0x0, 0x0,
    0x0, 0xd, 0xf0, 0xc, 0xf5, 0x0, 0x0, 0x0,
    0x0, 0x0, 0x0, 0xef, 0x3, 0xfe, 0x0, 0x0,
    0x0, 0x0, 0x0, 0x3e, 0xff, 0xf0, 0xcf, 0x70,
    0x0, 0x0, 0x0, 0x0, 0x0, 0xff, 0xe7, 0xc,
    0xe0, 0x0, 0x0, 0x0, 0x0, 0x0, 0x0, 0x0,
    0x0, 0x2, 0x0, 0x0, 0x0, 0x0, 0x0, 0x0,

    /* U+62BD "抽" */
    0x0, 0x8, 0x60, 0x0, 0x0, 0x0, 0x89, 0x0,
    0x0, 0x0, 0x0, 0xfd, 0x0, 0x0, 0x0, 0xd,
    0xf0, 0x0, 0x0, 0x0, 0xf, 0xd0, 0x0, 0x0,
    0x0, 0xdf, 0x0, 0x0, 0x0, 0x0, 0xfd, 0x0,
    0x23, 0x33, 0x3e, 0xf3, 0x33, 0x33, 0x4d, 0xdf,
    0xfd, 0xcd, 0xff, 0xff, 0xff, 0xff, 0xff, 0xf5,
    0xff, 0xff, 0xfe, 0xdf, 0x99, 0x9e, 0xf9, 0x99,
    0xef, 0x0, 0xf, 0xd0, 0xd, 0xf0, 0x0, 0xdf,
    0x0, 0xd, 0xf0, 0x0, 0xfd, 0x0, 0xdf, 0x0,
    0xd, 0xf0, 0x0, 0xdf, 0x0, 0xf, 0xd0, 0xd,
    0xf0, 0x0, 0xdf, 0x0, 0xd, 0xf0, 0x0, 0xfe,
    0xbc, 0xdf, 0x0, 0xd, 0xf0, 0x0, 0xdf, 0x17,
    0xcf, 0xff, 0xcd, 0xfd, 0xdd, 0xff, 0xdd, 0xdf,
    0xf9, 0xff, 0xfe, 0x20, 0xdf, 0xff, 0xff, 0xff,
    0xff, 0xff, 0x58, 0x2f, 0xd0, 0xd, 0xf0, 0x0,
    0xdf, 0x0, 0xd, 0xf0, 0x0, 0xfd, 0x0, 0xdf,
    0x0, 0xd, 0xf0, 0x0, 0xdf, 0x0, 0xf, 0xd0,
    0xd, 0xf0, 0x0, 0xdf, 0x0, 0xd, 0xf0, 0x0,
    0xfd, 0x0, 0xdf, 0x0, 0xd, 0xf0, 0x0, 0xdf,
    0x0, 0xf, 0xd0, 0xd, 0xf0, 0x0, 0xdf, 0x0,
    0xd, 0xf0, 0x1, 0xfd, 0x0, 0xdf, 0xdd, 0xdf,
    0xfd, 0xdd, 0xff, 0x8d, 0xef, 0xc0, 0xd, 0xff,
    0xff, 0xff, 0xff, 0xff, 0xf7, 0xff, 0xe5, 0x0,
    0xdf, 0x0, 0x0, 0x0, 0x0, 0xdf,

    /* U+62D4 "拔" */
    0x0, 0x7, 0x50, 0x0, 0x0, 0x87, 0x0, 0x17,
    0x0, 0x0, 0x0, 0x0, 0xfd, 0x0, 0x0, 0xf,
    0xd0, 0x9, 0xf8, 0x0, 0x0, 0x0, 0xf, 0xd0,
    0x0, 0x0, 0xfc, 0x0, 0xb, 0xf8, 0x0, 0x0,
    0x0, 0xfd, 0x0, 0x1, 0x2f, 0xc1, 0x11, 0x2d,
    0x61, 0x10, 0x2d, 0xdf, 0xfd, 0xc3, 0xff, 0xff,
    0xff, 0xff, 0xff, 0xff, 0x2, 0xff, 0xff, 0xfe,
    0x2c, 0xdf, 0xec, 0xcc, 0xcc, 0xcc, 0xc0, 0x0,
    0xf, 0xd0, 0x0, 0x5, 0xf7, 0x0, 0x0, 0x0,
    0x0, 0x0, 0x0, 0xfd, 0x0, 0x0, 0x7f, 0x60,
    0x0, 0x0, 0x0, 0x0, 0x0, 0xf, 0xd0, 0x0,
    0x9, 0xfe, 0xdd, 0xdd, 0xdd, 0x50, 0x0, 0x0,
    0xfe, 0x9e, 0x0, 0xcf, 0xff, 0xff, 0xff, 0xf6,
    0x0, 0x2, 0x7f, 0xff, 0xf0, 0xf, 0xfe, 0x0,
    0x0, 0xaf, 0x40, 0x9, 0xff, 0xff, 0x60, 0x5,
    0xfe, 0xf6, 0x0, 0x1f, 0xe0, 0x0, 0x8c, 0x6f,
    0xd0, 0x0, 0xaf, 0x4e, 0xd0, 0x8, 0xf7, 0x0,
    0x0, 0x0, 0xfd, 0x0, 0x1f, 0xe0, 0x7f, 0x83,
    0xfe, 0x0, 0x0, 0x0, 0xf, 0xd0, 0x9, 0xf7,
    0x0, 0xcf, 0xdf, 0x50, 0x0, 0x0, 0x0, 0xfd,
    0x2, 0xff, 0x10, 0x3, 0xff, 0xb0, 0x0, 0x0,
    0x0, 0xf, 0xd0, 0xbf, 0x70, 0x2, 0xcf, 0xff,
    0x70, 0x0, 0x0, 0x1, 0xfd, 0x6f, 0xd0, 0x7,
    0xff, 0x94, 0xff, 0xd4, 0x0, 0x6e, 0xff, 0xb4,
    0xf4, 0x5d, 0xfe, 0x50, 0x2, 0xcf, 0xfc, 0x4,
    0xff, 0xd3, 0x2, 0xa, 0xfa, 0x10, 0x0, 0x0,
    0x6e, 0x90, 0x0, 0x0, 0x0, 0x0, 0x13, 0x0,
    0x0, 0x0, 0x0, 0x1, 0x0,

    /* U+62DF "拟" */
    0x0, 0xb, 0xf1, 0x0, 0x0, 0x3, 0x50, 0x0,
    0x34, 0x0, 0x0, 0x0, 0xbf, 0x10, 0x6, 0x60,
    0xde, 0x0, 0xc, 0xf1, 0x0, 0x0, 0xb, 0xf1,
    0x0, 0xde, 0x6, 0xf7, 0x0, 0xcf, 0x10, 0x0,
    0x0, 0xbf, 0x10, 0xd, 0xe0, 0xe, 0xe0, 0xc,
    0xf0, 0x0, 0xe, 0xef, 0xfe, 0xe0, 0xde, 0x0,
    0x7f, 0x60, 0xcf, 0x0, 0x0, 0xff, 0xff, 0xff,
    0xd, 0xe0, 0x0, 0xe6, 0xd, 0xf0, 0x0, 0x0,
    0xb, 0xf1, 0x0, 0xde, 0x0, 0x0, 0x0, 0xef,
    0x0, 0x0, 0x0, 0xbf, 0x10, 0xd, 0xe0, 0x0,
    0x0, 0xe, 0xe0, 0x0, 0x0, 0xb, 0xf1, 0x0,
    0xde, 0x0, 0x0, 0x0, 0xfc, 0x0, 0x0, 0x0,
    0xbf, 0xbe, 0xd, 0xe0, 0x0, 0x0, 0x2f, 0xb0,
    0x0, 0x2, 0x8e, 0xff, 0xd0, 0xde, 0x0, 0x10,
    0x4, 0xf9, 0x0, 0x4, 0xff, 0xff, 0x40, 0xd,
    0xe0, 0x1d, 0x50, 0x7f, 0x60, 0x0, 0x2e, 0x7c,
    0xf1, 0x0, 0xde, 0x1d, 0xf7, 0xc, 0xf2, 0x0,
    0x0, 0x0, 0xbf, 0x10, 0xd, 0xed, 0xf7, 0x2,
    0xfe, 0x0, 0x0, 0x0, 0xb, 0xf1, 0x0, 0xdf,
    0xf7, 0x0, 0xbf, 0xf8, 0x0, 0x0, 0x0, 0xbf,
    0x10, 0x2f, 0xf6, 0x0, 0x6f, 0xdf, 0xf3, 0x0,
    0x0, 0xb, 0xf1, 0x0, 0xa5, 0x0, 0x4f, 0xf3,
    0x7f, 0xd0, 0x0, 0x0, 0xdf, 0x10, 0x0, 0x0,
    0x6f, 0xf5, 0x0, 0xcf, 0x90, 0x3e, 0xff, 0xf0,
    0x0, 0x0, 0x7f, 0xf6, 0x0, 0x2, 0xfd, 0x1,
    0xff, 0xe5, 0x0, 0x0, 0x3, 0xe4, 0x0, 0x0,
    0x5, 0x10, 0x0, 0x0, 0x0, 0x0, 0x0, 0x0,
    0x0, 0x0, 0x0, 0x0, 0x0,

    /* U+62E9 "择" */
    0x0, 0x9, 0x70, 0x0, 0x0, 0x0, 0x0, 0x0,
    0x0, 0x0, 0x0, 0x0, 0xfd, 0x0, 0xc, 0xdd,
    0xdd, 0xdd, 0xdd, 0xd9, 0x0, 0x0, 0xf, 0xd0,
    0x0, 0xff, 0xff, 0xff, 0xff, 0xff, 0xb0, 0x0,
    0x0, 0xfd, 0x0, 0x9, 0xf9, 0x0, 0x0, 0xc,
    0xf5, 0x0, 0x3d, 0xdf, 0xfd, 0xd0, 0xb, 0xf8,
    0x0, 0xa, 0xf9, 0x0, 0x4, 0xff, 0xff, 0xff,
    0x0, 0xc, 0xfb, 0x3c, 0xfa, 0x0, 0x0, 0x0,
    0xf, 0xd0, 0x0, 0x0, 0xc, 0xff, 0xfa, 0x0,
    0x0, 0x0, 0x0, 0xfd, 0x0, 0x3, 0x7d, 0xff,
    0xdf, 0xfd, 0x85, 0x10, 0x0, 0xf, 0xd3, 0x5d,
    0xff, 0xd8, 0x20, 0x39, 0xef, 0xfe, 0x0, 0x0,
    0xff, 0xfc, 0x67, 0x20, 0x8, 0xf4, 0x0, 0x26,
    0x50, 0x18, 0xef, 0xfd, 0x70, 0x0, 0x0, 0x9f,
    0x40, 0x0, 0x0, 0x8, 0xff, 0xfd, 0x0, 0x5d,
    0xdd, 0xde, 0xfe, 0xdd, 0xdd, 0x10, 0x59, 0x2f,
    0xd0, 0x6, 0xff, 0xff, 0xff, 0xff, 0xff, 0xf1,
    0x0, 0x0, 0xfd, 0x0, 0x0, 0x0, 0x9, 0xf4,
    0x0, 0x0, 0x0, 0x0, 0xf, 0xd0, 0x0, 0x0,
    0x0, 0x9f, 0x40, 0x0, 0x0, 0x0, 0x0, 0xfd,
    0x2, 0xdd, 0xdd, 0xde, 0xfe, 0xdd, 0xdd, 0xd0,
    0x0, 0xf, 0xd0, 0x3f, 0xff, 0xff, 0xff, 0xff,
    0xff, 0xff, 0x0, 0x1, 0xfd, 0x0, 0x0, 0x0,
    0x9, 0xf4, 0x0, 0x0, 0x0, 0x7d, 0xef, 0xc0,
    0x0, 0x0, 0x0, 0x9f, 0x40, 0x0, 0x0, 0x5,
    0xff, 0xe4, 0x0, 0x0, 0x0, 0x9, 0xf4, 0x0,
    0x0, 0x0,

    /* U+62FF "拿" */
    0x0, 0x0, 0x0, 0x0, 0x7, 0xa8, 0x0, 0x0,
    0x0, 0x0, 0x0, 0x0, 0x0, 0x0, 0x2c, 0xfe,
    0xfd, 0x30, 0x0, 0x0, 0x0, 0x0, 0x0, 0x1,
    0x9f, 0xf8, 0x7, 0xff, 0xa2, 0x0, 0x0, 0x0,
    0x0, 0x3a, 0xff, 0xd4, 0x11, 0x13, 0xcf, 0xfa,
    0x40, 0x0, 0x18, 0xdf, 0xfb, 0xaf, 0xff, 0xff,
    0xff, 0xbb, 0xff, 0xe8, 0x21, 0xff, 0x93, 0x0,
    0x0, 0x0, 0x0, 0x0, 0x3, 0x9f, 0xf2, 0x3,
    0x0, 0xff, 0xff, 0xff, 0xff, 0xff, 0xff, 0xf2,
    0x4, 0x0, 0x0, 0xf, 0xb2, 0x22, 0x22, 0x22,
    0x22, 0xaf, 0x20, 0x0, 0x0, 0x0, 0xfb, 0x22,
    0x22, 0x22, 0x22, 0x2a, 0xf2, 0x0, 0x0, 0x0,
    0xf, 0xff, 0xff, 0xff, 0xff, 0xff, 0xff, 0x20,
    0x0, 0x0, 0x0, 0x0, 0x0, 0x0, 0x11, 0x23,
    0x34, 0x56, 0x20, 0x0, 0xb, 0xee, 0xef, 0xff,
    0xff, 0xff, 0xff, 0xfe, 0xe5, 0x0, 0x0, 0x45,
    0x54, 0x44, 0x33, 0xfe, 0x10, 0x0, 0x0, 0x0,
    0x0, 0x0, 0x22, 0x22, 0x22, 0x3f, 0xe2, 0x22,
    0x22, 0x20, 0x0, 0x0, 0x2f, 0xff, 0xff, 0xff,
    0xff, 0xff, 0xff, 0xff, 0x50, 0x0, 0x0, 0x0,
    0x0, 0x0, 0x1f, 0xe0, 0x0, 0x0, 0x0, 0x0,
    0xf, 0xff, 0xff, 0xff, 0xff, 0xff, 0xff, 0xff,
    0xff, 0xff, 0x0, 0x45, 0x55, 0x55, 0x55, 0x5f,
    0xe5, 0x55, 0x55, 0x55, 0x50, 0x0, 0x0, 0x0,
    0x67, 0x7a, 0xfd, 0x0, 0x0, 0x0, 0x0, 0x0,
    0x0, 0x0, 0xc, 0xff, 0xfd, 0x50, 0x0, 0x0,
    0x0, 0x0,

    /* U+6301 "持" */
    0x0, 0x0, 0xdb, 0x0, 0x0, 0x0, 0x7, 0xc3,
    0x0, 0x0, 0x0, 0x0, 0xf, 0xd0, 0x0, 0x0,
    0x0, 0x9f, 0x40, 0x0, 0x0, 0x0, 0x0, 0xfd,
    0x0, 0x1, 0x11, 0x19, 0xf5, 0x11, 0x11, 0x0,
    0x0, 0xf, 0xd0, 0x0, 0xef, 0xff, 0xff, 0xff,
    0xff, 0xf0, 0x4, 0xdd, 0xff, 0xdd, 0xa, 0xbb,
    0xbe, 0xfc, 0xbb, 0xbb, 0x0, 0x5f, 0xff, 0xff,
    0xf0, 0x0, 0x0, 0x9f, 0x40, 0x0, 0x0, 0x0,
    0x0, 0xfd, 0x0, 0x0, 0x0, 0x9, 0xf4, 0x0,
    0x0, 0x0, 0x0, 0xf, 0xd0, 0xd, 0xdd, 0xdd,
    0xef, 0xed, 0xdd, 0xdd, 0x0, 0x0, 0xfd, 0x0,
    0xff, 0xff, 0xff, 0xff, 0xff, 0xff, 0xf0, 0x0,
    0xf, 0xe7, 0xa0, 0x0, 0x0, 0x0, 0xc, 0xf1,
    0x0, 0x1, 0x59, 0xff, 0xfe, 0x0, 0x0, 0x0,
    0x0, 0xcf, 0x10, 0x0, 0xef, 0xff, 0xe5, 0x9,
    0xdd, 0xdd, 0xdd, 0xdf, 0xfd, 0xda, 0xb, 0xa4,
    0xfd, 0x0, 0xbf, 0xff, 0xff, 0xff, 0xff, 0xff,
    0xc0, 0x0, 0xf, 0xd0, 0x0, 0x17, 0x0, 0x0,
    0xc, 0xf1, 0x0, 0x0, 0x0, 0xfd, 0x0, 0xb,
    0xf9, 0x0, 0x0, 0xcf, 0x10, 0x0, 0x0, 0xf,
    0xd0, 0x0, 0x1d, 0xf8, 0x0, 0xc, 0xf1, 0x0,
    0x0, 0x0, 0xfd, 0x0, 0x0, 0x2e, 0xe0, 0x0,
    0xcf, 0x10, 0x0, 0x0, 0x1f, 0xd0, 0x0, 0x0,
    0x32, 0x0, 0xe, 0xf0, 0x0, 0x5, 0xde, 0xfc,
    0x0, 0x0, 0x0, 0x8d, 0xdf, 0xff, 0x0, 0x0,
    0x4f, 0xfe, 0x40, 0x0, 0x0, 0x7, 0xff, 0xfe,
    0x60, 0x0, 0x0, 0x0, 0x0, 0x0, 0x0, 0x0,
    0x0, 0x0, 0x0, 0x0, 0x0,

    /* U+6307 "指" */
    0x0, 0x8, 0x70, 0x0, 0x75, 0x0, 0x0, 0x0,
    0x0, 0x0, 0x0, 0xf, 0xd0, 0x0, 0xfd, 0x0,
    0x0, 0x0, 0x27, 0x60, 0x0, 0xf, 0xd0, 0x0,
    0xfd, 0x0, 0x26, 0xae, 0xff, 0xd0, 0x0, 0xf,
    0xd0, 0x0, 0xfe, 0xbe, 0xff, 0xfd, 0x95, 0x0,
    0x3c, 0xcf, 0xfc, 0xc1, 0xff, 0xfc, 0x95, 0x10,
    0x0, 0xb7, 0x4f, 0xff, 0xff, 0xf1, 0xfd, 0x0,
    0x0, 0x0, 0x0, 0xfb, 0x0, 0xf, 0xd0, 0x0,
    0xff, 0x20, 0x0, 0x0, 0x5, 0xfa, 0x0, 0xf,
    0xd0, 0x0, 0xbf, 0xff, 0xff, 0xff, 0xff, 0xf6,
    0x0, 0xf, 0xd0, 0x0, 0x17, 0x9a, 0xaa, 0xaa,
    0xa9, 0x60, 0x0, 0xf, 0xe7, 0x90, 0x0, 0x0,
    0x0, 0x0, 0x0, 0x0, 0x0, 0x5f, 0xff, 0xe0,
    0x99, 0x99, 0x99, 0x99, 0x99, 0x80, 0x7f, 0xff,
    0xf9, 0x30, 0xff, 0xff, 0xff, 0xff, 0xff, 0xe0,
    0x8e, 0x9f, 0xd0, 0x0, 0xfc, 0x0, 0x0, 0x0,
    0xf, 0xe0, 0x10, 0xf, 0xd0, 0x0, 0xfc, 0x0,
    0x0, 0x0, 0xf, 0xe0, 0x0, 0xf, 0xd0, 0x0,
    0xff, 0xff, 0xff, 0xff, 0xff, 0xe0, 0x0, 0xf,
    0xd0, 0x0, 0xfe, 0xaa, 0xaa, 0xaa, 0xaf, 0xe0,
    0x0, 0xf, 0xd0, 0x0, 0xfc, 0x0, 0x0, 0x0,
    0xf, 0xe0, 0x0, 0xf, 0xd0, 0x0, 0xfc, 0x0,
    0x0, 0x0, 0xf, 0xe0, 0x6d, 0xef, 0xc0, 0x0,
    0xff, 0xff, 0xff, 0xff, 0xff, 0xe0, 0x4f, 0xfe,
    0x50, 0x0, 0xfe, 0x99, 0x99, 0x99, 0x9f, 0xd0,

    /* U+6309 "按" */
    0x0, 0x9, 0x70, 0x0, 0x0, 0x2, 0xba, 0x0,
    0x0, 0x0, 0x0, 0xf, 0xd0, 0x0, 0x0, 0x0,
    0xef, 0x20, 0x0, 0x0, 0x0, 0xf, 0xd0, 0x3,
    0x55, 0x55, 0xcf, 0xa5, 0x55, 0x51, 0x0, 0xf,
    0xd0, 0x9, 0xff, 0xff, 0xff, 0xff, 0xff, 0xf3,
    0x3d, 0xdf, 0xfd, 0xb9, 0xf7, 0x66, 0x66, 0x66,
    0x6b, 0xf3, 0x3f, 0xff, 0xff, 0xe9, 0xf2, 0x6,
    0x30, 0x0, 0x8, 0xf3, 0x0, 0xf, 0xd0, 0x9,
    0xf2, 0x2f, 0xd0, 0x0, 0x8, 0xf3, 0x0, 0xf,
    0xd0, 0x0, 0x0, 0x6f, 0x80, 0x0, 0x0, 0x0,
    0x0, 0xf, 0xd0, 0x0, 0x0, 0xbf, 0x30, 0x0,
    0x0, 0x0, 0x0, 0xf, 0xe9, 0x7f, 0xff, 0xff,
    0xff, 0xff, 0xff, 0xfb, 0x0, 0x5f, 0xff, 0xad,
    0xdf, 0xfe, 0xdd, 0xde, 0xfe, 0xd9, 0x6e, 0xff,
    0xf6, 0x0, 0xe, 0xf1, 0x0, 0xb, 0xf4, 0x0,
    0x7e, 0x8f, 0xd0, 0x0, 0x6f, 0x90, 0x0, 0x1f,
    0xe0, 0x0, 0x0, 0xf, 0xd0, 0x0, 0xdf, 0x91,
    0x0, 0xaf, 0x80, 0x0, 0x0, 0xf, 0xd0, 0x0,
    0x4d, 0xff, 0x86, 0xfe, 0x10, 0x0, 0x0, 0xf,
    0xd0, 0x0, 0x0, 0x5e, 0xff, 0xf5, 0x0, 0x0,
    0x0, 0xf, 0xd0, 0x0, 0x0, 0x2b, 0xff, 0xfd,
    0x50, 0x0, 0x0, 0x1f, 0xd0, 0x0, 0x4a, 0xff,
    0xd4, 0xaf, 0xfb, 0x20, 0x5d, 0xff, 0xc0, 0x9e,
    0xff, 0xe7, 0x0, 0x4, 0xef, 0xf5, 0x3f, 0xfe,
    0x40, 0x9f, 0xc6, 0x0, 0x0, 0x0, 0x9, 0xe1,
    0x0, 0x0, 0x0, 0x12, 0x0, 0x0, 0x0, 0x0,
    0x0, 0x0,

    /* U+6362 "换" */
    0x0, 0x0, 0x0, 0x0, 0x0, 0x0, 0x0, 0x0,
    0x0, 0x0, 0x0, 0x0, 0x9c, 0x0, 0x0, 0x5,
    0xc1, 0x0, 0x0, 0x0, 0x0, 0x0, 0xc, 0xf0,
    0x0, 0x0, 0xcf, 0x0, 0x0, 0x0, 0x0, 0x0,
    0x0, 0xcf, 0x0, 0x0, 0x4f, 0xea, 0xaa, 0xaa,
    0x60, 0x0, 0x0, 0xc, 0xf0, 0x0, 0xc, 0xff,
    0xff, 0xff, 0xf9, 0x0, 0x0, 0xaa, 0xef, 0xaa,
    0x16, 0xfb, 0x0, 0x2, 0xff, 0x20, 0x0, 0xf,
    0xff, 0xff, 0xf4, 0xff, 0x20, 0x0, 0xcf, 0x70,
    0x0, 0x0, 0x66, 0xdf, 0x67, 0xef, 0x70, 0x0,
    0x8f, 0xb0, 0x0, 0x0, 0x0, 0xc, 0xf0, 0x3f,
    0xff, 0xff, 0xff, 0xff, 0xff, 0xf0, 0x0, 0x0,
    0xcf, 0x0, 0x4d, 0xfd, 0xdf, 0xfd, 0xdd, 0xff,
    0x0, 0x0, 0xc, 0xf2, 0x50, 0xdf, 0x0, 0xdf,
    0x0, 0xd, 0xf0, 0x0, 0x3, 0xdf, 0xff, 0xd,
    0xf0, 0xd, 0xf0, 0x0, 0xdf, 0x0, 0x1f, 0xff,
    0xf8, 0x30, 0xdf, 0x0, 0xdf, 0x0, 0xd, 0xf0,
    0x0, 0xc8, 0xdf, 0x5, 0xdf, 0xfd, 0xdf, 0xfd,
    0xdd, 0xff, 0xd5, 0x0, 0xc, 0xf0, 0x6f, 0xff,
    0xff, 0xff, 0xff, 0xff, 0xff, 0x60, 0x0, 0xcf,
    0x0, 0x0, 0x0, 0x4f, 0xf9, 0x0, 0x0, 0x0,
    0x0, 0xc, 0xf0, 0x0, 0x0, 0x1d, 0xfe, 0xf5,
    0x0, 0x0, 0x0, 0x0, 0xcf, 0x0, 0x0, 0x2d,
    0xfa, 0x2f, 0xf7, 0x0, 0x0, 0x0, 0xd, 0xf0,
    0x2, 0x9f, 0xfb, 0x0, 0x3e, 0xfd, 0x50, 0x0,
    0xef, 0xff, 0xb, 0xff, 0xf7, 0x0, 0x0, 0x2b,
    0xff, 0xf3, 0xe, 0xfe, 0x70, 0x6e, 0x81, 0x0,
    0x0, 0x0, 0x4, 0xbe, 0x0, 0x0, 0x0, 0x0,
    0x0, 0x0, 0x0, 0x0, 0x0, 0x0, 0x0,

    /* U+636E "据" */
    0x0, 0xb, 0x90, 0x0, 0x0, 0x0, 0x0, 0x0,
    0x0, 0x0, 0x0, 0xf, 0xd0, 0x6, 0xaa, 0xaa,
    0xaa, 0xaa, 0xaa, 0xa1, 0x0, 0xf, 0xd0, 0xa,
    0xff, 0xff, 0xff, 0xff, 0xff, 0xf2, 0x0, 0xf,
    0xd0, 0xa, 0xf2, 0x0, 0x0, 0x0, 0xa, 0xf2,
    0x4a, 0xaf, 0xfa, 0x7a, 0xf2, 0x0, 0x0, 0x0,
    0xa, 0xf2, 0x6f, 0xff, 0xff, 0xba, 0xfa, 0x99,
    0x99, 0x99, 0x9d, 0xf2, 0x12, 0x2f, 0xd2, 0x1a,
    0xff, 0xff, 0xff, 0xff, 0xff, 0xf2, 0x0, 0xf,
    0xd0, 0xa, 0xf2, 0x0, 0xd, 0xf0, 0x0, 0x0,
    0x0, 0xf, 0xd0, 0x1a, 0xf2, 0x0, 0xd, 0xf0,
    0x0, 0x0, 0x0, 0xf, 0xec, 0xaa, 0xfa, 0xaa,
    0xaf, 0xfa, 0xaa, 0xa6, 0x1, 0x7f, 0xff, 0xaa,
    0xff, 0xff, 0xff, 0xff, 0xff, 0xfa, 0x5f, 0xff,
    0xe4, 0xb, 0xf0, 0x0, 0xd, 0xf0, 0x0, 0x0,
    0x6f, 0x9f, 0xd0, 0xc, 0xe0, 0x0, 0xd, 0xf0,
    0x0, 0x0, 0x11, 0xf, 0xd0, 0xe, 0xd2, 0x99,
    0x9f, 0xf9, 0x99, 0x80, 0x0, 0xf, 0xd0, 0x1f,
    0xa3, 0xff, 0xff, 0xff, 0xff, 0xd0, 0x0, 0xf,
    0xd0, 0x5f, 0x73, 0xf6, 0x0, 0x0, 0xf, 0xd0,
    0x0, 0xf, 0xd0, 0x9f, 0x33, 0xf6, 0x0, 0x0,
    0xf, 0xd0, 0x0, 0x1f, 0xd0, 0xee, 0x3, 0xf6,
    0x0, 0x0, 0xf, 0xd0, 0x6d, 0xef, 0xc6, 0xf7,
    0x3, 0xff, 0xff, 0xff, 0xff, 0xd0, 0x5f, 0xfe,
    0x58, 0xd0, 0x3, 0xfb, 0x99, 0x99, 0x9f, 0xd0,
    0x0, 0x0, 0x0, 0x0, 0x0, 0x0, 0x0, 0x0,
    0x0, 0x0,

    /* U+6389 "掉" */
    0x0, 0x9, 0x80, 0x0, 0x0, 0x0, 0xcb, 0x0,
    0x0, 0x0, 0x0, 0xf, 0xc0, 0x0, 0x0, 0x0,
    0xfe, 0x0, 0x0, 0x0, 0x0, 0xf, 0xc0, 0x0,
    0x0, 0x0, 0xff, 0x99, 0x99, 0x96, 0x0, 0xf,
    0xc0, 0x0, 0x0, 0x0, 0xff, 0xff, 0xff, 0xfa,
    0x39, 0x9f, 0xe9, 0x90, 0x0, 0x0, 0xfe, 0x0,
    0x0, 0x0, 0x5f, 0xff, 0xff, 0xf1, 0x99, 0x99,
    0xff, 0x99, 0x99, 0x70, 0x0, 0xf, 0xc0, 0x2,
    0xff, 0xff, 0xff, 0xff, 0xff, 0xd0, 0x0, 0xf,
    0xc0, 0x2, 0xf9, 0x0, 0x0, 0x0, 0xf, 0xd0,
    0x0, 0xf, 0xc0, 0x2, 0xf9, 0x22, 0x22, 0x22,
    0x2f, 0xd0, 0x0, 0xf, 0xd7, 0xa2, 0xff, 0xff,
    0xff, 0xff, 0xff, 0xd0, 0x2, 0x7f, 0xff, 0xf3,
    0xfb, 0x55, 0x55, 0x55, 0x5f, 0xd0, 0xaf, 0xff,
    0xf8, 0x22, 0xf9, 0x0, 0x0, 0x0, 0xf, 0xd0,
    0x9e, 0x9f, 0xc0, 0x2, 0xff, 0xff, 0xff, 0xff,
    0xff, 0xd0, 0x0, 0xf, 0xc0, 0x1, 0x99, 0x99,
    0xef, 0x99, 0x99, 0x70, 0x0, 0xf, 0xc0, 0x0,
    0x0, 0x0, 0xdf, 0x0, 0x0, 0x0, 0x0, 0xf,
    0xc0, 0x9d, 0xdd, 0xdd, 0xff, 0xdd, 0xdd, 0xdc,
    0x0, 0xf, 0xc0, 0xbf, 0xff, 0xff, 0xff, 0xff,
    0xff, 0xfe, 0x0, 0xf, 0xc0, 0x0, 0x0, 0x0,
    0xdf, 0x0, 0x0, 0x0, 0x7d, 0xef, 0xb0, 0x0,
    0x0, 0x0, 0xdf, 0x0, 0x0, 0x0, 0x6f, 0xfe,
    0x40, 0x0, 0x0, 0x0, 0xdf, 0x0, 0x0, 0x0,

    /* U+6392 "排" */
    0x0, 0xc, 0xa0, 0x0, 0x0, 0xb9, 0x0, 0xce,
    0x0, 0x0, 0x0, 0x0, 0xfd, 0x0, 0x0, 0xf,
    0xd0, 0xd, 0xf0, 0x0, 0x0, 0x0, 0xf, 0xd0,
    0x0, 0x0, 0xfd, 0x0, 0xdf, 0x0, 0x0, 0x0,
    0x0, 0xfd, 0x0, 0x44, 0x4f, 0xd0, 0xd, 0xf4,
    0x44, 0x30, 0xd, 0xdf, 0xfd, 0x8f, 0xff, 0xfd,
    0x0, 0xdf, 0xff, 0xfd, 0x0, 0xff, 0xff, 0xf9,
    0xaa, 0xaf, 0xd0, 0xd, 0xf9, 0x99, 0x80, 0x0,
    0xf, 0xd0, 0x0, 0x0, 0xfd, 0x0, 0xdf, 0x0,
    0x0, 0x0, 0x0, 0xfd, 0x0, 0x0, 0xf, 0xd0,
    0xd, 0xf0, 0x0, 0x0, 0x0, 0xf, 0xd0, 0x0,
    0x0, 0xfd, 0x0, 0xdf, 0x0, 0x0, 0x0, 0x0,
    0xfe, 0xc6, 0xdd, 0xdf, 0xd0, 0xd, 0xfd, 0xdd,
    0x70, 0x1, 0x7f, 0xff, 0x7f, 0xff, 0xfd, 0x0,
    0xdf, 0xff, 0xf8, 0x3, 0xff, 0xfe, 0x20, 0x0,
    0xf, 0xd0, 0xd, 0xf0, 0x0, 0x0, 0xb, 0x5f,
    0xd0, 0x0, 0x0, 0xfd, 0x0, 0xdf, 0x0, 0x0,
    0x0, 0x0, 0xfd, 0x0, 0x0, 0xf, 0xd0, 0xd,
    0xf0, 0x0, 0x0, 0x0, 0xf, 0xd0, 0x9d, 0xdd,
    0xfd, 0x0, 0xdf, 0xdd, 0xdd, 0x10, 0x0, 0xfd,
    0xb, 0xff, 0xff, 0xd0, 0xd, 0xff, 0xff, 0xf1,
    0x0, 0xf, 0xd0, 0x0, 0x0, 0xfd, 0x0, 0xdf,
    0x0, 0x0, 0x0, 0x1, 0xfd, 0x0, 0x0, 0xf,
    0xd0, 0xd, 0xf0, 0x0, 0x0, 0x4d, 0xef, 0xc0,
    0x0, 0x0, 0xfd, 0x0, 0xdf, 0x0, 0x0, 0x2,
    0xff, 0xd4, 0x0, 0x0, 0xf, 0xc0, 0xd, 0xf0,
    0x0, 0x0,

    /* U+63A5 "接" */
    0x0, 0xa, 0x80, 0x0, 0x0, 0x0, 0x9d, 0x30,
    0x0, 0x0, 0x0, 0x0, 0xfd, 0x0, 0x0, 0x0,
    0x8, 0xfa, 0x0, 0x0, 0x0, 0x0, 0xf, 0xd0,
    0x3, 0xbb, 0xbb, 0xcf, 0xfb, 0xbb, 0xb5, 0x0,
    0x0, 0xfd, 0x0, 0x5e, 0xff, 0xfe, 0xee, 0xff,
    0xfe, 0x60, 0x3d, 0xdf, 0xfd, 0xa0, 0x3, 0xf7,
    0x0, 0x7, 0xf4, 0x0, 0x3, 0xff, 0xff, 0xfc,
    0x0, 0xf, 0xb0, 0x0, 0xbf, 0x0, 0x0, 0x0,
    0xf, 0xd0, 0x0, 0x0, 0xce, 0x0, 0xf, 0xc0,
    0x0, 0x0, 0x0, 0xfd, 0x0, 0xaa, 0xad, 0xfa,
    0xaa, 0xfd, 0xaa, 0xa0, 0x0, 0xf, 0xd0, 0x1f,
    0xff, 0xff, 0xff, 0xff, 0xff, 0xff, 0x0, 0x0,
    0xfe, 0x77, 0x0, 0x0, 0x85, 0x0, 0x0, 0x0,
    0x0, 0x0, 0x5f, 0xff, 0xa0, 0x0, 0x4f, 0xa0,
    0x0, 0x0, 0x0, 0x7, 0xff, 0xff, 0x63, 0x99,
    0x9d, 0xfb, 0x99, 0x99, 0x99, 0x91, 0x8d, 0x7f,
    0xd0, 0x4f, 0xff, 0xff, 0xff, 0xff, 0xff, 0xff,
    0x20, 0x0, 0xfd, 0x0, 0x0, 0xcf, 0x20, 0x0,
    0x6f, 0x70, 0x0, 0x0, 0xf, 0xd0, 0x0, 0x5f,
    0xc1, 0x0, 0x1e, 0xe0, 0x0, 0x0, 0x0, 0xfd,
    0x0, 0x5, 0xcf, 0xfa, 0x4c, 0xf5, 0x0, 0x0,
    0x0, 0xf, 0xd0, 0x0, 0x0, 0x29, 0xff, 0xfc,
    0x0, 0x0, 0x0, 0x1, 0xfd, 0x0, 0x0, 0x49,
    0xef, 0xee, 0xfe, 0x71, 0x0, 0x6d, 0xff, 0xc0,
    0x7c, 0xff, 0xfe, 0x80, 0x6, 0xef, 0xf7, 0x4,
    0xff, 0xd4, 0x9, 0xfe, 0x94, 0x0, 0x0, 0x0,
    0x7e, 0x80, 0x0, 0x0, 0x0, 0x12, 0x0, 0x0,
    0x0, 0x0, 0x0, 0x0, 0x0,

    /* U+63A7 "控" */
    0x0, 0xe, 0xb0, 0x0, 0x0, 0x1, 0xcc, 0x0,
    0x0, 0x0, 0x0, 0xf, 0xd0, 0x0, 0x0, 0x0,
    0xcf, 0x40, 0x0, 0x0, 0x0, 0xf, 0xd0, 0x3,
    0x55, 0x55, 0xaf, 0xb5, 0x55, 0x53, 0x0, 0xf,
    0xd0, 0x8, 0xff, 0xff, 0xff, 0xff, 0xff, 0xf9,
    0x4d, 0xdf, 0xfd, 0xa8, 0xf9, 0x77, 0x77, 0x77,
    0x78, 0xf9, 0x5f, 0xff, 0xff, 0xc8, 0xf3, 0x0,
    0x0, 0x0, 0x2, 0xf9, 0x0, 0xf, 0xd0, 0x8,
    0xf3, 0x9, 0x0, 0x26, 0x2, 0xf9, 0x0, 0xf,
    0xd0, 0x0, 0x11, 0xcf, 0x70, 0xbf, 0xa0, 0x10,
    0x0, 0xf, 0xd0, 0x0, 0x1c, 0xfa, 0x0, 0x1c,
    0xfd, 0x20, 0x0, 0xf, 0xea, 0x84, 0xef, 0x90,
    0x0, 0x0, 0x8f, 0xe4, 0x0, 0x5f, 0xff, 0xba,
    0xf6, 0x0, 0x0, 0x0, 0x5, 0xfb, 0x5e, 0xff,
    0xf6, 0x1, 0x30, 0x0, 0x0, 0x0, 0x0, 0x32,
    0x6f, 0xbf, 0xd0, 0x0, 0xff, 0xff, 0xff, 0xff,
    0xff, 0xc0, 0x11, 0xf, 0xd0, 0x0, 0xdd, 0xdd,
    0xef, 0xed, 0xdd, 0xa0, 0x0, 0xf, 0xd0, 0x0,
    0x0, 0x0, 0x8f, 0x50, 0x0, 0x0, 0x0, 0xf,
    0xd0, 0x0, 0x0, 0x0, 0x8f, 0x50, 0x0, 0x0,
    0x0, 0xf, 0xd0, 0x0, 0x0, 0x0, 0x8f, 0x50,
    0x0, 0x0, 0x0, 0x1f, 0xd0, 0x0, 0x0, 0x0,
    0x8f, 0x50, 0x0, 0x0, 0x6d, 0xef, 0xc0, 0x2f,
    0xff, 0xff, 0xff, 0xff, 0xff, 0xff, 0x4f, 0xfd,
    0x40, 0x2d, 0xdd, 0xdd, 0xdd, 0xdd, 0xdd, 0xdd,

    /* U+63A8 "推" */
    0x0, 0x7, 0xb1, 0x0, 0x4, 0xa4, 0x1, 0x74,
    0x0, 0x0, 0x0, 0x0, 0xbf, 0x10, 0x0, 0xaf,
    0x40, 0x2f, 0xb0, 0x0, 0x0, 0x0, 0xb, 0xf1,
    0x0, 0xf, 0xe0, 0x0, 0xcf, 0x10, 0x0, 0x0,
    0x0, 0xbf, 0x10, 0x6, 0xfb, 0x33, 0x39, 0xf8,
    0x33, 0x30, 0xd, 0xdf, 0xfd, 0xd0, 0xdf, 0xff,
    0xff, 0xff, 0xff, 0xff, 0x0, 0xff, 0xff, 0xff,
    0x5f, 0xf7, 0x77, 0x7f, 0xe7, 0x77, 0x70, 0x0,
    0xb, 0xf1, 0xd, 0xff, 0x0, 0x0, 0xfd, 0x0,
    0x0, 0x0, 0x0, 0xbf, 0x17, 0xff, 0xf0, 0x0,
    0xf, 0xd0, 0x0, 0x0, 0x0, 0xb, 0xf1, 0x7e,
    0xef, 0xaa, 0xaa, 0xff, 0xaa, 0xa6, 0x0, 0x0,
    0xbf, 0x25, 0x4d, 0xff, 0xff, 0xff, 0xff, 0xff,
    0x90, 0x0, 0xc, 0xff, 0xf0, 0xdf, 0x0, 0x0,
    0xfd, 0x0, 0x0, 0x1, 0xaf, 0xff, 0xfb, 0xd,
    0xf0, 0x0, 0xf, 0xd0, 0x0, 0x0, 0x2f, 0xff,
    0xf2, 0x0, 0xdf, 0x0, 0x0, 0xfd, 0x0, 0x0,
    0x0, 0x72, 0xbf, 0x10, 0xd, 0xff, 0xff, 0xff,
    0xff, 0xff, 0x90, 0x0, 0xb, 0xf1, 0x0, 0xdf,
    0xdd, 0xdd, 0xff, 0xdd, 0xd8, 0x0, 0x0, 0xbf,
    0x10, 0xd, 0xf0, 0x0, 0xf, 0xd0, 0x0, 0x0,
    0x0, 0xb, 0xf1, 0x0, 0xdf, 0x0, 0x0, 0xfd,
    0x0, 0x0, 0x0, 0x0, 0xcf, 0x10, 0xd, 0xfd,
    0xdd, 0xdf, 0xfd, 0xdd, 0xd1, 0x1d, 0xdf, 0xf0,
    0x0, 0xdf, 0xff, 0xff, 0xff, 0xff, 0xff, 0x20,
    0xff, 0xe8, 0x0, 0xd, 0xf0, 0x0, 0x0, 0x0,
    0x0, 0x0,

    /* U+63CF "描" */
    0x0, 0xf, 0xc0, 0x0, 0x2, 0xf8, 0x0, 0xf,
    0xb0, 0x0, 0x0, 0xf, 0xd0, 0x0, 0x3, 0xf8,
    0x0, 0xf, 0xb0, 0x0, 0x0, 0xf, 0xd0, 0x8,
    0x9a, 0xfc, 0x99, 0x9f, 0xd9, 0x99, 0x4, 0x4f,
    0xe4, 0x3e, 0xff, 0xff, 0xff, 0xff, 0xff, 0xff,
    0x1f, 0xff, 0xff, 0xb3, 0x46, 0xfa, 0x44, 0x4f,
    0xc4, 0x44, 0x9, 0x9f, 0xe9, 0x60, 0x3, 0xf8,
    0x0, 0xf, 0xb0, 0x0, 0x0, 0xf, 0xd0, 0x0,
    0x1, 0x53, 0x0, 0x5, 0x30, 0x0, 0x0, 0xf,
    0xd0, 0x4, 0xdd, 0xdd, 0xdd, 0xdd, 0xdd, 0xc0,
    0x0, 0xf, 0xd1, 0x25, 0xff, 0xff, 0xff, 0xff,
    0xff, 0xe0, 0x0, 0xf, 0xff, 0x85, 0xf6, 0x0,
    0x9f, 0x20, 0xc, 0xe0, 0x4b, 0xff, 0xfd, 0x55,
    0xf6, 0x0, 0x9f, 0x20, 0xc, 0xe0, 0x8f, 0xef,
    0xd0, 0x5, 0xf6, 0x0, 0x9f, 0x20, 0xc, 0xe0,
    0x35, 0xf, 0xd0, 0x5, 0xfe, 0xdd, 0xef, 0xdd,
    0xdf, 0xe0, 0x0, 0xf, 0xd0, 0x5, 0xff, 0xff,
    0xff, 0xff, 0xff, 0xe0, 0x0, 0xf, 0xd0, 0x5,
    0xf6, 0x0, 0x9f, 0x20, 0xc, 0xe0, 0x0, 0xf,
    0xd0, 0x5, 0xf6, 0x0, 0x9f, 0x20, 0xc, 0xe0,
    0x0, 0xf, 0xd0, 0x5, 0xf6, 0x0, 0x9f, 0x20,
    0xc, 0xe0, 0x0, 0x1f, 0xd0, 0x5, 0xfe, 0xdd,
    0xef, 0xdd, 0xdf, 0xe0, 0x4e, 0xff, 0xb0, 0x5,
    0xff, 0xff, 0xff, 0xff, 0xff, 0xe0, 0x2f, 0xfd,
    0x40, 0x5, 0xf6, 0x0, 0x0, 0x0, 0xc, 0xe0,

    /* U+63D0 "提" */
    0x0, 0x9, 0x80, 0x0, 0x0, 0x0, 0x0, 0x0,
    0x0, 0x0, 0x0, 0x0, 0xfd, 0x0, 0x5, 0x77,
    0x77, 0x77, 0x77, 0x70, 0x0, 0x0, 0xf, 0xd0,
    0x0, 0xcf, 0xff, 0xff, 0xff, 0xff, 0x0, 0x0,
    0x0, 0xfd, 0x0, 0xc, 0xe0, 0x0, 0x0, 0xb,
    0xf0, 0x0, 0x3d, 0xdf, 0xfd, 0xc0, 0xcf, 0xdd,
    0xdd, 0xdd, 0xff, 0x0, 0x4, 0xff, 0xff, 0xfe,
    0xc, 0xf8, 0x88, 0x88, 0x8d, 0xf0, 0x0, 0x0,
    0xf, 0xd0, 0x0, 0xce, 0x0, 0x0, 0x0, 0xbf,
    0x0, 0x0, 0x0, 0xfd, 0x0, 0xc, 0xf7, 0x77,
    0x77, 0x7d, 0xf0, 0x0, 0x0, 0xf, 0xd0, 0x20,
    0xcf, 0xff, 0xff, 0xff, 0xff, 0x0, 0x0, 0x0,
    0xff, 0xeb, 0x0, 0x0, 0x0, 0x0, 0x0, 0x0,
    0x0, 0x29, 0xef, 0xfd, 0x99, 0x99, 0x99, 0x99,
    0x99, 0x99, 0x99, 0x7, 0xff, 0xfd, 0x5, 0xff,
    0xff, 0xff, 0xff, 0xff, 0xff, 0xf0, 0x36, 0xf,
    0xd0, 0x0, 0x21, 0x0, 0x8f, 0x20, 0x0, 0x0,
    0x0, 0x0, 0xfd, 0x0, 0xe, 0xb0, 0x8, 0xf2,
    0x0, 0x0, 0x0, 0x0, 0xf, 0xd0, 0x1, 0xf8,
    0x0, 0x8f, 0xa9, 0x99, 0x70, 0x0, 0x0, 0xfd,
    0x0, 0x6f, 0xc0, 0x8, 0xff, 0xff, 0xfb, 0x0,
    0x0, 0xf, 0xd0, 0xc, 0xff, 0x60, 0x8f, 0x20,
    0x0, 0x0, 0x0, 0x1, 0xfd, 0x5, 0xf9, 0xaf,
    0x79, 0xf2, 0x0, 0x0, 0x0, 0x3d, 0xff, 0xc3,
    0xff, 0x10, 0xbf, 0xff, 0xee, 0xee, 0xee, 0x21,
    0xff, 0xe5, 0x5f, 0x50, 0x0, 0x49, 0xbc, 0xdd,
    0xdd, 0xc0, 0x0, 0x0, 0x0, 0x20, 0x0, 0x0,
    0x0, 0x0, 0x0, 0x0, 0x0,

    /* U+641C "搜" */
    0x0, 0x4, 0x50, 0x0, 0x0, 0x0, 0x57, 0x0,
    0x0, 0x0, 0x0, 0x0, 0xdf, 0x0, 0x0, 0x27,
    0x3d, 0xf0, 0x0, 0x0, 0x0, 0x0, 0xd, 0xf0,
    0x7, 0xef, 0xf8, 0xdf, 0x7f, 0xff, 0xf0, 0x0,
    0x0, 0xdf, 0x0, 0x9f, 0x72, 0xd, 0xf3, 0x88,
    0xef, 0x0, 0xb, 0xbf, 0xfb, 0x89, 0xf0, 0x0,
    0xdf, 0x0, 0xd, 0xf0, 0x0, 0xff, 0xff, 0xfd,
    0x9f, 0x55, 0x2d, 0xf2, 0x55, 0xef, 0x0, 0x4,
    0x4e, 0xf4, 0x39, 0xff, 0xf7, 0xdf, 0x7f, 0xff,
    0xf0, 0x0, 0x0, 0xdf, 0x0, 0x9f, 0x11, 0xd,
    0xf0, 0x11, 0xdf, 0x0, 0x0, 0xd, 0xf0, 0x19,
    0xf0, 0x0, 0xdf, 0x0, 0xd, 0xf0, 0x0, 0x0,
    0xdf, 0xcb, 0x9f, 0xff, 0xff, 0xff, 0xff, 0xff,
    0x0, 0x1, 0x7f, 0xff, 0xb5, 0x88, 0x88, 0xef,
    0x88, 0x88, 0x80, 0x1, 0xff, 0xff, 0x50, 0x0,
    0x0, 0xd, 0xf0, 0x0, 0x0, 0x0, 0xf, 0xae,
    0xf0, 0x4, 0x88, 0x88, 0xef, 0x88, 0x88, 0x30,
    0x0, 0x10, 0xdf, 0x0, 0x8f, 0xff, 0xff, 0xff,
    0xff, 0xf7, 0x0, 0x0, 0xd, 0xf0, 0x2, 0xef,
    0x60, 0x0, 0x7, 0xfd, 0x10, 0x0, 0x0, 0xdf,
    0x0, 0x2, 0xdf, 0x90, 0x9, 0xfd, 0x10, 0x0,
    0x0, 0xd, 0xf0, 0x0, 0x1, 0xaf, 0xde, 0xf9,
    0x0, 0x0, 0x0, 0x0, 0xef, 0x0, 0x0, 0x49,
    0xff, 0xff, 0x84, 0x10, 0x0, 0x1d, 0xef, 0xf0,
    0x9c, 0xff, 0xfb, 0x56, 0xdf, 0xff, 0xdb, 0x10,
    0xef, 0xe7, 0xd, 0xfc, 0x71, 0x0, 0x0, 0x37,
    0xcf, 0xe0, 0x0, 0x0, 0x0, 0x21, 0x0, 0x0,
    0x0, 0x0, 0x0, 0x2, 0x0,

    /* U+64AD "播" */
    0x0, 0x8, 0xa0, 0x0, 0x0, 0x0, 0x0, 0x0,
    0x23, 0x51, 0x0, 0x0, 0xdf, 0x0, 0x79, 0xab,
    0xcd, 0xef, 0xff, 0xff, 0x60, 0x0, 0xd, 0xf0,
    0xc, 0xff, 0xdc, 0xef, 0xa8, 0x68, 0x31, 0x0,
    0x0, 0xdf, 0x0, 0xa, 0xb0, 0x9, 0xf1, 0x5,
    0xf5, 0x0, 0xc, 0xef, 0xfe, 0xa0, 0x6f, 0x80,
    0x9f, 0x11, 0xed, 0x0, 0x0, 0xdf, 0xff, 0xfb,
    0x0, 0xa9, 0x9, 0xf1, 0x3d, 0x30, 0x0, 0x0,
    0xd, 0xf0, 0x3f, 0xff, 0xff, 0xff, 0xff, 0xff,
    0xff, 0x10, 0x0, 0xdf, 0x1, 0x88, 0x8c, 0xff,
    0xff, 0xf9, 0x88, 0x80, 0x0, 0xd, 0xf1, 0x30,
    0x5, 0xfe, 0xbf, 0xaf, 0xd1, 0x0, 0x0, 0x0,
    0xdf, 0xfa, 0x9, 0xfe, 0x29, 0xf1, 0x9f, 0xe5,
    0x0, 0x5, 0xcf, 0xff, 0xde, 0xfd, 0x20, 0x9f,
    0x10, 0x7f, 0xfc, 0x22, 0xff, 0xff, 0x29, 0xfe,
    0x76, 0x66, 0x66, 0x66, 0xaf, 0xf4, 0xb, 0x6d,
    0xf0, 0x18, 0xff, 0xff, 0xff, 0xff, 0xff, 0xd4,
    0x0, 0x0, 0xdf, 0x0, 0x5f, 0x50, 0x9, 0xf1,
    0x0, 0xdd, 0x0, 0x0, 0xd, 0xf0, 0x5, 0xf7,
    0x33, 0xaf, 0x43, 0x3e, 0xd0, 0x0, 0x0, 0xdf,
    0x0, 0x5f, 0xff, 0xff, 0xff, 0xff, 0xfd, 0x0,
    0x0, 0xd, 0xf0, 0x5, 0xf6, 0x22, 0x9f, 0x22,
    0x2d, 0xd0, 0x0, 0x0, 0xef, 0x0, 0x5f, 0x50,
    0x9, 0xf1, 0x0, 0xdd, 0x0, 0xd, 0xef, 0xf0,
    0x5, 0xff, 0xff, 0xff, 0xff, 0xff, 0xd0, 0x0,
    0xcf, 0xe7, 0x0, 0x5f, 0x96, 0x66, 0x66, 0x66,
    0xed, 0x0,

    /* U+652F "支" */
    0x0, 0x0, 0x0, 0x0, 0x4, 0x95, 0x0, 0x0,
    0x0, 0x0, 0x0, 0x0, 0x0, 0x0, 0x0, 0x6f,
    0x80, 0x0, 0x0, 0x0, 0x0, 0x0, 0x0, 0x0,
    0x0, 0x6, 0xf8, 0x0, 0x0, 0x0, 0x0, 0x0,
    0xcd, 0xdd, 0xdd, 0xdd, 0xef, 0xed, 0xdd, 0xdd,
    0xdd, 0xd0, 0xe, 0xff, 0xff, 0xff, 0xff, 0xff,
    0xff, 0xff, 0xff, 0xff, 0x0, 0x0, 0x0, 0x0,
    0x0, 0x6f, 0x80, 0x0, 0x0, 0x0, 0x0, 0x0,
    0x0, 0x0, 0x0, 0x6, 0xf8, 0x0, 0x0, 0x0,
    0x0, 0x0, 0x0, 0x0, 0x0, 0x0, 0x6f, 0x80,
    0x0, 0x0, 0x0, 0x0, 0x0, 0x4, 0xff, 0xff,
    0xff, 0xff, 0xff, 0xff, 0xf5, 0x0, 0x0, 0x0,
    0x4f, 0xfd, 0xdd, 0xdd, 0xdd, 0xdd, 0xff, 0x50,
    0x0, 0x0, 0x0, 0xdf, 0x50, 0x0, 0x0, 0x0,
    0x5f, 0xe0, 0x0, 0x0, 0x0, 0x3, 0xfe, 0x10,
    0x0, 0x0, 0x2e, 0xf5, 0x0, 0x0, 0x0, 0x0,
    0x8, 0xfc, 0x0, 0x0, 0xd, 0xf9, 0x0, 0x0,
    0x0, 0x0, 0x0, 0xb, 0xfc, 0x10, 0x1c, 0xfc,
    0x0, 0x0, 0x0, 0x0, 0x0, 0x0, 0xc, 0xfe,
    0x5e, 0xfc, 0x10, 0x0, 0x0, 0x0, 0x0, 0x0,
    0x0, 0xb, 0xff, 0xfb, 0x0, 0x0, 0x0, 0x0,
    0x0, 0x0, 0x0, 0x29, 0xff, 0xff, 0xe7, 0x10,
    0x0, 0x0, 0x0, 0x0, 0x16, 0xcf, 0xff, 0x94,
    0xbf, 0xff, 0xa5, 0x10, 0x0, 0x7, 0xcf, 0xff,
    0xe8, 0x10, 0x0, 0x3a, 0xff, 0xff, 0xc8, 0x0,
    0xdf, 0xfb, 0x50, 0x0, 0x0, 0x0, 0x1, 0x6c,
    0xff, 0xc0, 0x5, 0x51, 0x0, 0x0, 0x0, 0x0,
    0x0, 0x0, 0x1, 0x54, 0x0,

    /* U+6536 "收" */
    0x0, 0x0, 0x0, 0x0, 0x0, 0x0, 0x0, 0x0,
    0x0, 0x0, 0x0, 0x0, 0xc, 0xf0, 0x0, 0x1f,
    0xc0, 0x0, 0x0, 0x0, 0x0, 0x0, 0xd, 0xf0,
    0x0, 0x5f, 0xa0, 0x0, 0x0, 0x0, 0x0, 0x0,
    0xd, 0xf0, 0x0, 0xaf, 0x60, 0x0, 0x0, 0x0,
    0xf, 0xd0, 0xd, 0xf0, 0x1, 0xff, 0x20, 0x0,
    0x0, 0x0, 0xf, 0xd0, 0xd, 0xf0, 0x7, 0xff,
    0xff, 0xff, 0xff, 0xf8, 0xf, 0xd0, 0xd, 0xf0,
    0xd, 0xff, 0xff, 0xff, 0xff, 0xf7, 0xf, 0xd0,
    0xd, 0xf0, 0x5f, 0xf0, 0x0, 0x4, 0xf9, 0x0,
    0xf, 0xd0, 0xd, 0xf0, 0xdf, 0xf2, 0x0, 0x6,
    0xf6, 0x0, 0xf, 0xd0, 0xd, 0xf7, 0xfe, 0xf6,
    0x0, 0x9, 0xf3, 0x0, 0xf, 0xd0, 0xd, 0xf8,
    0xf3, 0xfb, 0x0, 0xe, 0xe0, 0x0, 0xf, 0xd0,
    0xd, 0xf0, 0x20, 0xbf, 0x20, 0x3f, 0xa0, 0x0,
    0xf, 0xd0, 0xd, 0xf0, 0x0, 0x4f, 0x90, 0x9f,
    0x40, 0x0, 0xf, 0xd0, 0x6f, 0xf0, 0x0, 0xd,
    0xf6, 0xfe, 0x0, 0x0, 0xf, 0xfe, 0xff, 0xf0,
    0x0, 0x4, 0xff, 0xf5, 0x0, 0x0, 0x6f, 0xff,
    0x8e, 0xf0, 0x0, 0x0, 0xcf, 0xe0, 0x0, 0x0,
    0xc, 0x70, 0xd, 0xf0, 0x0, 0x8, 0xff, 0xfc,
    0x10, 0x0, 0x0, 0x0, 0xd, 0xf0, 0x0, 0xaf,
    0xe4, 0xdf, 0xd3, 0x0, 0x0, 0x0, 0xd, 0xf0,
    0x3d, 0xfe, 0x20, 0x1d, 0xff, 0x70, 0x0, 0x0,
    0xd, 0xf7, 0xff, 0xb1, 0x0, 0x0, 0xaf, 0xf6,
    0x0, 0x0, 0xd, 0xf2, 0xf7, 0x0, 0x0, 0x0,
    0x6, 0xc0, 0x0, 0x0, 0x0, 0x0, 0x10, 0x0,
    0x0, 0x0, 0x0, 0x0,

    /* U+6539 "改" */
    0x0, 0x0, 0x0, 0x0, 0x0, 0x2, 0x51, 0x0,
    0x0, 0x0, 0x0, 0x0, 0x0, 0x0, 0x0, 0x8,
    0xf8, 0x0, 0x0, 0x0, 0x1b, 0xbb, 0xbb, 0xb9,
    0x0, 0xc, 0xf3, 0x0, 0x0, 0x0, 0x2f, 0xff,
    0xff, 0xfd, 0x0, 0x1f, 0xe0, 0x0, 0x0, 0x0,
    0x3, 0x33, 0x33, 0xfd, 0x0, 0x8f, 0xff, 0xff,
    0xff, 0xfc, 0x0, 0x0, 0x0, 0xfd, 0x0, 0xef,
    0xee, 0xee, 0xff, 0xeb, 0x0, 0x0, 0x0, 0xfd,
    0x6, 0xfb, 0x0, 0x0, 0xee, 0x0, 0x0, 0x0,
    0x0, 0xfd, 0xe, 0xfb, 0x0, 0x1, 0xfb, 0x0,
    0x0, 0x0, 0x0, 0xfd, 0x9f, 0xfe, 0x0, 0x4,
    0xf9, 0x0, 0xf, 0xff, 0xff, 0xfd, 0xce, 0xbf,
    0x30, 0x8, 0xf5, 0x0, 0xf, 0xfe, 0xee, 0xec,
    0x14, 0x4f, 0x80, 0xd, 0xf1, 0x0, 0xf, 0xf0,
    0x0, 0x0, 0x0, 0xf, 0xe0, 0x3f, 0xb0, 0x0,
    0xf, 0xf0, 0x0, 0x0, 0x0, 0x9, 0xf7, 0xbf,
    0x50, 0x0, 0xf, 0xf0, 0x0, 0x0, 0x0, 0x1,
    0xff, 0xfd, 0x0, 0x0, 0xf, 0xf0, 0x0, 0x1,
    0x0, 0x0, 0x8f, 0xf4, 0x0, 0x0, 0xf, 0xf0,
    0x1, 0x9e, 0x0, 0x2, 0xef, 0xfa, 0x0, 0x0,
    0xf, 0xf1, 0x9f, 0xff, 0x10, 0x3e, 0xfb, 0xef,
    0xa0, 0x0, 0xf, 0xff, 0xff, 0x81, 0x7, 0xff,
    0xa0, 0x3f, 0xfc, 0x10, 0x3f, 0xff, 0x91, 0x3,
    0xcf, 0xf7, 0x0, 0x3, 0xef, 0xe5, 0xe, 0x91,
    0x0, 0xe, 0xfd, 0x30, 0x0, 0x0, 0x1c, 0xf9,
    0x0, 0x0, 0x0, 0x4, 0x80, 0x0, 0x0, 0x0,
    0x0, 0x70,

    /* U+653E "放" */
    0x0, 0x0, 0x36, 0x0, 0x0, 0x0, 0x34, 0x10,
    0x0, 0x0, 0x0, 0x0, 0xdf, 0x20, 0x0, 0x0,
    0xaf, 0x30, 0x0, 0x0, 0x0, 0x0, 0x7f, 0x80,
    0x0, 0x0, 0xff, 0x0, 0x0, 0x0, 0x2, 0x22,
    0x5f, 0xd2, 0x22, 0x5, 0xfa, 0x0, 0x0, 0x0,
    0x2f, 0xff, 0xff, 0xff, 0xff, 0xb, 0xff, 0xff,
    0xff, 0xfe, 0x1b, 0xcf, 0xdb, 0xbb, 0xbb, 0x1f,
    0xff, 0xff, 0xff, 0xfd, 0x0, 0x4f, 0x70, 0x0,
    0x0, 0x9f, 0x80, 0x0, 0xaf, 0x20, 0x0, 0x5f,
    0x70, 0x0, 0x2, 0xff, 0x90, 0x0, 0xcf, 0x0,
    0x0, 0x6f, 0x60, 0x0, 0xb, 0xff, 0xc0, 0x0,
    0xed, 0x0, 0x0, 0x6f, 0xff, 0xff, 0xe9, 0xdc,
    0xf0, 0x2, 0xf9, 0x0, 0x0, 0x7f, 0xff, 0xff,
    0xf1, 0x37, 0xf4, 0x6, 0xf6, 0x0, 0x0, 0x8f,
    0x40, 0xc, 0xe0, 0x2, 0xfa, 0xb, 0xf1, 0x0,
    0x0, 0x9f, 0x30, 0xc, 0xd0, 0x0, 0xcf, 0x4f,
    0xb0, 0x0, 0x0, 0xbf, 0x20, 0xd, 0xd0, 0x0,
    0x5f, 0xff, 0x40, 0x0, 0x0, 0xdf, 0x0, 0xe,
    0xc0, 0x0, 0xd, 0xfc, 0x0, 0x0, 0x1, 0xfd,
    0x0, 0xf, 0xb0, 0x0, 0x2f, 0xff, 0x20, 0x0,
    0x6, 0xf9, 0x0, 0xf, 0xb0, 0x3, 0xef, 0xcf,
    0xe2, 0x0, 0xd, 0xf3, 0x0, 0x6f, 0x90, 0x5f,
    0xf8, 0x9, 0xfe, 0x40, 0x5f, 0xc1, 0xff, 0xff,
    0x79, 0xff, 0x80, 0x0, 0xaf, 0xf8, 0x9f, 0x40,
    0xcd, 0xc8, 0x2f, 0xf6, 0x0, 0x0, 0x7, 0xf8,
    0x5, 0x0, 0x0, 0x0, 0x5, 0x30, 0x0, 0x0,
    0x0, 0x40,

    /* U+6548 "效" */
    0x0, 0x0, 0x16, 0x40, 0x0, 0x0, 0x6, 0x70,
    0x0, 0x0, 0x0, 0x0, 0x1, 0xfd, 0x0, 0x0,
    0x0, 0xee, 0x0, 0x0, 0x0, 0x0, 0x0, 0xd,
    0xf1, 0x0, 0x0, 0x2f, 0xa0, 0x0, 0x0, 0x0,
    0x9a, 0xaa, 0xef, 0xca, 0xaa, 0x8, 0xf5, 0x0,
    0x0, 0x0, 0xd, 0xff, 0xff, 0xff, 0xff, 0xf0,
    0xef, 0xff, 0xff, 0xff, 0x40, 0x0, 0x11, 0x0,
    0x10, 0x0, 0x5f, 0xed, 0xdd, 0xff, 0xd3, 0x0,
    0x8, 0xd2, 0x4f, 0x50, 0xc, 0xf6, 0x0, 0xf,
    0xa0, 0x0, 0x2, 0xfd, 0x1, 0xef, 0x25, 0xff,
    0x80, 0x3, 0xf8, 0x0, 0x0, 0xbf, 0x40, 0x3,
    0xfc, 0x7f, 0xfc, 0x0, 0x6f, 0x50, 0x0, 0x8f,
    0xa0, 0x0, 0x7, 0xf9, 0x4a, 0xf0, 0x9, 0xf2,
    0x0, 0x2f, 0xc2, 0x0, 0xa, 0x8b, 0xd0, 0x6f,
    0x50, 0xee, 0x0, 0x0, 0x54, 0xea, 0x1, 0xfb,
    0x11, 0x2, 0xfa, 0x3f, 0x90, 0x0, 0x0, 0xc,
    0xf9, 0x8f, 0x50, 0x0, 0xc, 0xfc, 0xf3, 0x0,
    0x0, 0x0, 0x1d, 0xff, 0xe0, 0x0, 0x0, 0x4f,
    0xfc, 0x0, 0x0, 0x0, 0x0, 0x2f, 0xf8, 0x0,
    0x0, 0x0, 0xff, 0x60, 0x0, 0x0, 0x0, 0x6,
    0xff, 0xf3, 0x0, 0x0, 0x9f, 0xfe, 0x20, 0x0,
    0x0, 0x5, 0xff, 0x8f, 0xe1, 0x0, 0x8f, 0xda,
    0xfd, 0x10, 0x0, 0x7, 0xff, 0x40, 0x9f, 0xb0,
    0x9f, 0xe2, 0xc, 0xfd, 0x20, 0xb, 0xff, 0x40,
    0x0, 0x94, 0xcf, 0xe2, 0x0, 0x1d, 0xfe, 0x20,
    0xbe, 0x30, 0x0, 0x0, 0x4f, 0xd2, 0x0, 0x0,
    0x1c, 0xe0, 0x2, 0x10, 0x0, 0x0, 0x0, 0x51,
    0x0, 0x0, 0x0, 0x3, 0x0,

    /* U+6570 "数" */
    0x0, 0x0, 0x0, 0x0, 0x0, 0x0, 0x1, 0x0,
    0x0, 0x0, 0x2, 0x20, 0x1f, 0x90, 0x5, 0x0,
    0xf, 0xb0, 0x0, 0x0, 0xd, 0xc0, 0x1f, 0x90,
    0x5f, 0x50, 0x3f, 0x80, 0x0, 0x0, 0x3, 0xf7,
    0x1f, 0x91, 0xec, 0x0, 0x8f, 0x30, 0x0, 0x0,
    0x0, 0x8b, 0x1f, 0x95, 0xe2, 0x0, 0xdf, 0xaa,
    0xaa, 0xa7, 0x37, 0x77, 0x8f, 0xc7, 0x87, 0x53,
    0xff, 0xff, 0xff, 0xfb, 0x7f, 0xff, 0xff, 0xff,
    0xff, 0xca, 0xf5, 0x44, 0xbf, 0x42, 0x1, 0x14,
    0xef, 0xc2, 0x11, 0x3f, 0xf3, 0x0, 0xbf, 0x0,
    0x0, 0x6f, 0xef, 0xff, 0x80, 0xaf, 0xf5, 0x0,
    0xed, 0x0, 0x3c, 0xfb, 0x2f, 0xa9, 0xfe, 0xac,
    0xf9, 0x2, 0xfa, 0x0, 0x7e, 0x60, 0x1e, 0x70,
    0x3b, 0x12, 0xce, 0x6, 0xf6, 0x0, 0x1, 0x5,
    0xf6, 0x0, 0x0, 0x0, 0x8f, 0x4b, 0xf2, 0x0,
    0x9f, 0xff, 0xff, 0xff, 0xff, 0x0, 0x2f, 0xcf,
    0xc0, 0x0, 0x48, 0xcf, 0xb8, 0x88, 0xfe, 0x0,
    0xb, 0xff, 0x50, 0x0, 0x0, 0xef, 0x10, 0x6,
    0xf7, 0x0, 0x6, 0xfe, 0x0, 0x0, 0x3, 0xef,
    0xd5, 0x4f, 0xd0, 0x0, 0x1e, 0xff, 0x80, 0x0,
    0x0, 0x7, 0xef, 0xff, 0x20, 0x1, 0xdf, 0x9e,
    0xf7, 0x0, 0x0, 0x5, 0xdf, 0xff, 0xe6, 0x1d,
    0xfa, 0x3, 0xff, 0x80, 0x4a, 0xff, 0xe7, 0x18,
    0xfb, 0xef, 0xb0, 0x0, 0x4f, 0xf8, 0x7f, 0xd6,
    0x0, 0x0, 0x13, 0xea, 0x0, 0x0, 0x4, 0xf3,
    0x2, 0x0, 0x0, 0x0, 0x0, 0x20, 0x0, 0x0,
    0x0, 0x10,

    /* U+6587 "文" */
    0x0, 0x0, 0x0, 0x0, 0x2, 0x50, 0x0, 0x0,
    0x0, 0x0, 0x0, 0x0, 0x0, 0x0, 0x0, 0xdf,
    0x50, 0x0, 0x0, 0x0, 0x0, 0x0, 0x0, 0x0,
    0x0, 0x7, 0xfb, 0x0, 0x0, 0x0, 0x0, 0x0,
    0x0, 0x0, 0x0, 0x0, 0x1f, 0xf1, 0x0, 0x0,
    0x0, 0x0, 0xf, 0xff, 0xff, 0xff, 0xff, 0xff,
    0xff, 0xff, 0xff, 0xff, 0x0, 0xcd, 0xde, 0xfe,
    0xdd, 0xdd, 0xdd, 0xdf, 0xfe, 0xdd, 0xd0, 0x0,
    0x0, 0x5f, 0xb0, 0x0, 0x0, 0x0, 0xcf, 0x40,
    0x0, 0x0, 0x0, 0x0, 0xff, 0x0, 0x0, 0x0,
    0x1f, 0xf0, 0x0, 0x0, 0x0, 0x0, 0xa, 0xf6,
    0x0, 0x0, 0x7, 0xfa, 0x0, 0x0, 0x0, 0x0,
    0x0, 0x3f, 0xd0, 0x0, 0x0, 0xdf, 0x40, 0x0,
    0x0, 0x0, 0x0, 0x0, 0xcf, 0x50, 0x0, 0x6f,
    0xd0, 0x0, 0x0, 0x0, 0x0, 0x0, 0x4, 0xfe,
    0x10, 0x1e, 0xf4, 0x0, 0x0, 0x0, 0x0, 0x0,
    0x0, 0xa, 0xfb, 0xb, 0xfb, 0x0, 0x0, 0x0,
    0x0, 0x0, 0x0, 0x0, 0x1d, 0xfd, 0xfe, 0x10,
    0x0, 0x0, 0x0, 0x0, 0x0, 0x0, 0x0, 0x3f,
    0xff, 0x40, 0x0, 0x0, 0x0, 0x0, 0x0, 0x0,
    0x0, 0x3d, 0xff, 0xfe, 0x40, 0x0, 0x0, 0x0,
    0x0, 0x0, 0x2, 0xaf, 0xfd, 0x4c, 0xff, 0xb3,
    0x0, 0x0, 0x0, 0x0, 0x2a, 0xff, 0xf8, 0x0,
    0x7, 0xff, 0xfb, 0x40, 0x0, 0x6, 0xcf, 0xff,
    0xb2, 0x0, 0x0, 0x1, 0x9f, 0xff, 0xe9, 0x0,
    0xcf, 0xfb, 0x30, 0x0, 0x0, 0x0, 0x0, 0x29,
    0xff, 0xd0, 0x5, 0x92, 0x0, 0x0, 0x0, 0x0,
    0x0, 0x0, 0x0, 0x65, 0x0,

    /* U+6597 "斗" */
    0x0, 0x0, 0x0, 0x0, 0x0, 0x0, 0x22, 0x0,
    0x0, 0x0, 0x0, 0x0, 0x10, 0x0, 0x0, 0x0,
    0xff, 0x0, 0x0, 0x0, 0x0, 0x0, 0xcc, 0x20,
    0x0, 0x0, 0xff, 0x0, 0x0, 0x0, 0x0, 0x1,
    0xdf, 0xf8, 0x0, 0x0, 0xff, 0x0, 0x0, 0x0,
    0x0, 0x0, 0x7, 0xff, 0xd3, 0x0, 0xff, 0x0,
    0x0, 0x0, 0x0, 0x0, 0x0, 0x2c, 0xff, 0x40,
    0xff, 0x0, 0x0, 0x0, 0x0, 0x0, 0x0, 0x0,
    0x7e, 0x0, 0xff, 0x0, 0x0, 0x0, 0x0, 0x8a,
    0x10, 0x0, 0x0, 0x0, 0xff, 0x0, 0x0, 0x0,
    0x0, 0xef, 0xf7, 0x0, 0x0, 0x0, 0xff, 0x0,
    0x0, 0x0, 0x0, 0x1a, 0xff, 0xd3, 0x0, 0x0,
    0xff, 0x0, 0x0, 0x0, 0x0, 0x0, 0x4d, 0xff,
    0x60, 0x0, 0xff, 0x0, 0x0, 0x0, 0x0, 0x0,
    0x0, 0x8f, 0x30, 0x0, 0xff, 0x0, 0x0, 0x0,
    0x0, 0x0, 0x0, 0x2, 0x0, 0x0, 0xff, 0x1,
    0x24, 0x52, 0x0, 0x0, 0x2, 0x35, 0x68, 0x9b,
    0xff, 0xff, 0xff, 0xf5, 0x6c, 0xdf, 0xff, 0xff,
    0xff, 0xff, 0xff, 0xfe, 0xcb, 0x93, 0x9f, 0xff,
    0xed, 0xba, 0x87, 0x54, 0xff, 0x0, 0x0, 0x0,
    0x23, 0x10, 0x0, 0x0, 0x0, 0x0, 0xff, 0x0,
    0x0, 0x0, 0x0, 0x0, 0x0, 0x0, 0x0, 0x0,
    0xff, 0x0, 0x0, 0x0, 0x0, 0x0, 0x0, 0x0,
    0x0, 0x0, 0xff, 0x0, 0x0, 0x0, 0x0, 0x0,
    0x0, 0x0, 0x0, 0x0, 0xff, 0x0, 0x0, 0x0,
    0x0, 0x0, 0x0, 0x0, 0x0, 0x0, 0xff, 0x0,
    0x0, 0x0,

    /* U+659C "斜" */
    0x0, 0x0, 0x0, 0x0, 0x0, 0x0, 0x0, 0x0,
    0x0, 0x0, 0x0, 0x0, 0x0, 0x8f, 0xd1, 0x0,
    0x0, 0x0, 0xd, 0xf0, 0x0, 0x0, 0x0, 0x3f,
    0xef, 0xc0, 0x0, 0x20, 0x0, 0xdf, 0x0, 0x0,
    0x0, 0xd, 0xf4, 0x7f, 0xa0, 0x5f, 0x50, 0xd,
    0xf0, 0x0, 0x0, 0xb, 0xfa, 0x0, 0xaf, 0x73,
    0xef, 0x50, 0xdf, 0x0, 0x0, 0x9, 0xfd, 0x0,
    0x0, 0xcf, 0x43, 0xff, 0x2d, 0xf0, 0x0, 0x9,
    0xff, 0x20, 0x0, 0x2, 0xe2, 0x3, 0x80, 0xdf,
    0x0, 0x0, 0xef, 0xed, 0xdd, 0xdd, 0xd4, 0x0,
    0x0, 0xd, 0xf0, 0x0, 0x8, 0x5e, 0xff, 0xff,
    0xff, 0x35, 0x40, 0x0, 0xdf, 0x0, 0x0, 0x0,
    0x0, 0x3f, 0x90, 0x0, 0xef, 0x40, 0xd, 0xf0,
    0x0, 0x0, 0x0, 0x3, 0xf9, 0x0, 0x2, 0xef,
    0x50, 0xdf, 0x0, 0x0, 0x6a, 0xaa, 0xbf, 0xda,
    0xaa, 0x2, 0xeb, 0xd, 0xf0, 0x0, 0xa, 0xff,
    0xff, 0xff, 0xff, 0xf0, 0x2, 0x10, 0xdf, 0x0,
    0x0, 0x0, 0x0, 0x3f, 0x90, 0x0, 0x0, 0x0,
    0x1d, 0xf8, 0xa1, 0x0, 0x2e, 0x53, 0xf9, 0x8b,
    0x18, 0xbd, 0xff, 0xff, 0xff, 0x20, 0x9, 0xf2,
    0x3f, 0x94, 0xf5, 0xff, 0xec, 0xae, 0xf3, 0x10,
    0x1, 0xfc, 0x3, 0xf9, 0xb, 0xc3, 0x0, 0x0,
    0xdf, 0x0, 0x0, 0x9f, 0x40, 0x3f, 0x90, 0x3e,
    0x10, 0x0, 0xd, 0xf0, 0x0, 0x1f, 0xc0, 0x4,
    0xf8, 0x0, 0x10, 0x0, 0x0, 0xdf, 0x0, 0x0,
    0x12, 0x8d, 0xff, 0x70, 0x0, 0x0, 0x0, 0xd,
    0xf0, 0x0, 0x0, 0x7, 0xff, 0xc1, 0x0, 0x0,
    0x0, 0x0, 0xdf, 0x0, 0x0,

    /* U+65AD "断" */
    0x0, 0x0, 0x0, 0x0, 0x0, 0x0, 0x0, 0x0,
    0x0, 0x0, 0x45, 0x0, 0x9, 0xf0, 0x0, 0x0,
    0x0, 0x0, 0x59, 0x10, 0xdf, 0x24, 0x9, 0xf0,
    0x7, 0x23, 0x69, 0xcf, 0xff, 0x50, 0xdf, 0x8d,
    0x9, 0xf0, 0x3f, 0x4f, 0xff, 0xff, 0xb6, 0x10,
    0xdf, 0x1f, 0x59, 0xf0, 0xbd, 0xf, 0xe6, 0x30,
    0x0, 0x0, 0xdf, 0xa, 0xb9, 0xf3, 0xf6, 0xf,
    0xd0, 0x0, 0x0, 0x0, 0xdf, 0x4, 0xc9, 0xf6,
    0xd0, 0xf, 0xd0, 0x0, 0x0, 0x0, 0xdf, 0x0,
    0x9, 0xf0, 0x0, 0xf, 0xd0, 0x0, 0x0, 0x0,
    0xdf, 0x6f, 0xff, 0xff, 0xff, 0xf, 0xfe, 0xee,
    0xee, 0xe1, 0xdf, 0x5d, 0xdf, 0xfd, 0xdc, 0xf,
    0xff, 0xff, 0xff, 0xf1, 0xdf, 0x0, 0x2f, 0xf0,
    0x0, 0xf, 0xd0, 0xd, 0xf0, 0x0, 0xdf, 0x0,
    0xaf, 0xf9, 0x0, 0xf, 0xc0, 0xd, 0xf0, 0x0,
    0xdf, 0x4, 0xfe, 0xff, 0xc1, 0x1f, 0xc0, 0xd,
    0xf0, 0x0, 0xdf, 0x2e, 0xc9, 0xf4, 0xfe, 0x3f,
    0xa0, 0xd, 0xf0, 0x0, 0xdf, 0xbf, 0x39, 0xf0,
    0x29, 0x4f, 0x90, 0xd, 0xf0, 0x0, 0xdf, 0x67,
    0x9, 0xf0, 0x0, 0x6f, 0x60, 0xd, 0xf0, 0x0,
    0xdf, 0x0, 0x9, 0xf0, 0x0, 0xaf, 0x20, 0xd,
    0xf0, 0x0, 0xdf, 0x0, 0x2, 0x50, 0x0, 0xed,
    0x0, 0xd, 0xf0, 0x0, 0xdf, 0xff, 0xff, 0xff,
    0xf5, 0xf6, 0x0, 0xd, 0xf0, 0x0, 0xbd, 0xdd,
    0xdd, 0xdd, 0xdc, 0xe0, 0x0, 0xd, 0xf0, 0x0,
    0x0, 0x0, 0x0, 0x0, 0x0, 0x0, 0x0, 0x0,
    0x0, 0x0,

    /* U+65B0 "新" */
    0x0, 0x0, 0xb, 0xb0, 0x0, 0x0, 0x0, 0x0,
    0x0, 0x0, 0x0, 0x0, 0x0, 0xcf, 0x10, 0x0,
    0x0, 0x0, 0x25, 0x9e, 0xa0, 0x3, 0x99, 0x9d,
    0xfb, 0x99, 0x80, 0x9d, 0xff, 0xff, 0xfb, 0x0,
    0x5f, 0xff, 0xff, 0xff, 0xfd, 0xd, 0xfe, 0xc9,
    0x51, 0x0, 0x0, 0xe, 0x90, 0x1, 0xf8, 0x0,
    0xdf, 0x0, 0x0, 0x0, 0x0, 0x0, 0xbd, 0x0,
    0x4f, 0x40, 0xd, 0xf0, 0x0, 0x0, 0x0, 0x0,
    0x8, 0xf0, 0x8, 0xf1, 0x0, 0xdf, 0x0, 0x0,
    0x0, 0x0, 0x77, 0xaf, 0x97, 0xde, 0x77, 0x2d,
    0xf0, 0x0, 0x0, 0x0, 0xf, 0xff, 0xff, 0xff,
    0xff, 0xf5, 0xdf, 0xff, 0xff, 0xff, 0x90, 0x44,
    0x44, 0xaf, 0x64, 0x44, 0x1d, 0xfd, 0xdf, 0xfd,
    0xd7, 0x0, 0x0, 0x8, 0xf2, 0x0, 0x0, 0xdf,
    0x0, 0xdf, 0x0, 0x0, 0x7d, 0xdd, 0xef, 0xdd,
    0xdc, 0xe, 0xf0, 0xd, 0xf0, 0x0, 0x9, 0xff,
    0xff, 0xff, 0xff, 0xf0, 0xfe, 0x0, 0xdf, 0x0,
    0x0, 0x0, 0x20, 0x8f, 0x21, 0x0, 0xf, 0xd0,
    0xd, 0xf0, 0x0, 0x0, 0x5f, 0x48, 0xf4, 0xf8,
    0x2, 0xfc, 0x0, 0xdf, 0x0, 0x0, 0xd, 0xd0,
    0x8f, 0x29, 0xf4, 0x5f, 0x90, 0xd, 0xf0, 0x0,
    0x6, 0xf6, 0x8, 0xf2, 0xd, 0xba, 0xf5, 0x0,
    0xdf, 0x0, 0x0, 0xed, 0x0, 0x8f, 0x20, 0x22,
    0xff, 0x10, 0xd, 0xf0, 0x0, 0x4, 0x3b, 0xdf,
    0xf1, 0x0, 0x9f, 0xa0, 0x0, 0xdf, 0x0, 0x0,
    0x0, 0xaf, 0xfa, 0x0, 0xb, 0xf2, 0x0, 0xd,
    0xf0, 0x0, 0x0, 0x0, 0x0, 0x0, 0x0, 0x1,
    0x0, 0x0, 0x22, 0x0, 0x0,

    /* U+65B9 "方" */
    0x0, 0x0, 0x0, 0x0, 0x0, 0x0, 0x0, 0x0,
    0x0, 0x0, 0x0, 0x0, 0x0, 0x0, 0xb, 0xe2,
    0x0, 0x0, 0x0, 0x0, 0x0, 0x0, 0x0, 0x0,
    0xb, 0xf9, 0x0, 0x0, 0x0, 0x0, 0x0, 0x0,
    0x0, 0x0, 0x5, 0xfe, 0x0, 0x0, 0x0, 0x0,
    0xe, 0xee, 0xee, 0xee, 0xee, 0xff, 0xee, 0xee,
    0xee, 0xec, 0xf, 0xff, 0xff, 0xff, 0xff, 0xff,
    0xff, 0xff, 0xff, 0xfe, 0x0, 0x0, 0x0, 0xcf,
    0x20, 0x0, 0x0, 0x0, 0x0, 0x0, 0x0, 0x0,
    0x0, 0xdf, 0x20, 0x0, 0x0, 0x0, 0x0, 0x0,
    0x0, 0x0, 0x0, 0xdf, 0x10, 0x0, 0x0, 0x0,
    0x0, 0x0, 0x0, 0x0, 0x0, 0xff, 0x0, 0x0,
    0x0, 0x0, 0x0, 0x0, 0x0, 0x0, 0x0, 0xff,
    0xff, 0xff, 0xff, 0xff, 0xf7, 0x0, 0x0, 0x0,
    0x2, 0xff, 0xee, 0xee, 0xee, 0xef, 0xf6, 0x0,
    0x0, 0x0, 0x5, 0xfb, 0x0, 0x0, 0x0, 0xa,
    0xf5, 0x0, 0x0, 0x0, 0x9, 0xf8, 0x0, 0x0,
    0x0, 0xb, 0xf4, 0x0, 0x0, 0x0, 0xe, 0xf4,
    0x0, 0x0, 0x0, 0xc, 0xf3, 0x0, 0x0, 0x0,
    0x5f, 0xe0, 0x0, 0x0, 0x0, 0xd, 0xf2, 0x0,
    0x0, 0x0, 0xef, 0x80, 0x0, 0x0, 0x0, 0xe,
    0xf1, 0x0, 0x0, 0xa, 0xfe, 0x10, 0x0, 0x0,
    0x0, 0xf, 0xf0, 0x0, 0x0, 0x8f, 0xf5, 0x0,
    0x0, 0x0, 0x0, 0x7f, 0xd0, 0x0, 0x8, 0xff,
    0x80, 0x0, 0xa, 0xee, 0xef, 0xff, 0x80, 0x0,
    0x1e, 0xf9, 0x0, 0x0, 0x9, 0xff, 0xff, 0xe9,
    0x0, 0x0, 0x2, 0x70, 0x0, 0x0, 0x0, 0x0,
    0x0, 0x0, 0x0, 0x0,

    /* U+65CF "族" */
    0x0, 0x1, 0x40, 0x0, 0x0, 0x26, 0x10, 0x0,
    0x0, 0x0, 0x0, 0xc, 0xf1, 0x0, 0x0, 0xaf,
    0x40, 0x0, 0x0, 0x0, 0x0, 0x7, 0xf6, 0x0,
    0x1, 0xfe, 0x0, 0x0, 0x0, 0x0, 0x0, 0x3,
    0xfa, 0x0, 0x8, 0xff, 0xff, 0xff, 0xff, 0xf9,
    0x7f, 0xff, 0xff, 0xff, 0x3f, 0xfd, 0xdd, 0xdd,
    0xdd, 0xd8, 0x6d, 0xff, 0xdd, 0xde, 0xdf, 0x56,
    0x20, 0x0, 0x0, 0x0, 0x0, 0xce, 0x0, 0x2,
    0xe8, 0x6f, 0x50, 0x0, 0x0, 0x0, 0x0, 0xce,
    0x0, 0x0, 0x10, 0xdf, 0xdd, 0xdd, 0xdd, 0xd0,
    0x0, 0xcf, 0xdd, 0xd6, 0x6, 0xfc, 0xbf, 0xfb,
    0xbb, 0xb0, 0x0, 0xdf, 0xff, 0xf7, 0x2f, 0xc0,
    0xf, 0xd0, 0x0, 0x0, 0x0, 0xec, 0x1, 0xf6,
    0x5f, 0x30, 0xf, 0xd0, 0x0, 0x0, 0x0, 0xfb,
    0x2, 0xf6, 0x1, 0x0, 0xf, 0xd0, 0x0, 0x0,
    0x0, 0xfa, 0x2, 0xf5, 0xdf, 0xff, 0xff, 0xff,
    0xff, 0xfb, 0x2, 0xf8, 0x3, 0xf5, 0xbd, 0xdd,
    0xef, 0xfd, 0xdd, 0xd9, 0x4, 0xf6, 0x4, 0xf5,
    0x0, 0x0, 0x9f, 0xf5, 0x0, 0x0, 0x7, 0xf3,
    0x4, 0xf4, 0x0, 0x2, 0xff, 0xfd, 0x0, 0x0,
    0xb, 0xf0, 0x5, 0xf4, 0x0, 0x1d, 0xf7, 0x8f,
    0xa0, 0x0, 0xf, 0xb0, 0x7, 0xf3, 0x3, 0xdf,
    0xb0, 0xc, 0xfa, 0x0, 0x7f, 0x6c, 0xdf, 0xf2,
    0x8f, 0xfb, 0x0, 0x1, 0xdf, 0xe5, 0xce, 0xc,
    0xff, 0x91, 0xef, 0x80, 0x0, 0x0, 0x1b, 0xf7,
    0x15, 0x0, 0x0, 0x0, 0x43, 0x0, 0x0, 0x0,
    0x0, 0x60,

    /* U+65E0 "无" */
    0x0, 0xbf, 0xff, 0xff, 0xff, 0xff, 0xff, 0xff,
    0xff, 0xa0, 0x0, 0x9d, 0xdd, 0xdd, 0xdf, 0xfd,
    0xdd, 0xdd, 0xdd, 0x90, 0x0, 0x0, 0x0, 0x0,
    0x1f, 0xe0, 0x0, 0x0, 0x0, 0x0, 0x0, 0x0,
    0x0, 0x0, 0x2f, 0xe0, 0x0, 0x0, 0x0, 0x0,
    0x0, 0x0, 0x0, 0x0, 0x3f, 0xd0, 0x0, 0x0,
    0x0, 0x0, 0x0, 0x0, 0x0, 0x0, 0x4f, 0xc0,
    0x0, 0x0, 0x0, 0x0, 0xf, 0xff, 0xff, 0xff,
    0xff, 0xff, 0xff, 0xff, 0xff, 0xff, 0xe, 0xee,
    0xee, 0xee, 0xff, 0xee, 0xee, 0xee, 0xee, 0xed,
    0x0, 0x0, 0x0, 0x0, 0xdf, 0x30, 0x0, 0x0,
    0x0, 0x0, 0x0, 0x0, 0x0, 0x2, 0xff, 0x5c,
    0x70, 0x0, 0x0, 0x0, 0x0, 0x0, 0x0, 0x9,
    0xf9, 0x6f, 0x90, 0x0, 0x0, 0x0, 0x0, 0x0,
    0x0, 0x2f, 0xf3, 0x6f, 0x90, 0x0, 0x0, 0x30,
    0x0, 0x0, 0x0, 0xcf, 0xa0, 0x6f, 0x90, 0x0,
    0x2, 0xfd, 0x0, 0x0, 0xa, 0xfe, 0x10, 0x6f,
    0x90, 0x0, 0x2, 0xfc, 0x0, 0x0, 0xaf, 0xf3,
    0x0, 0x6f, 0x90, 0x0, 0x3, 0xfc, 0x0, 0x2c,
    0xff, 0x40, 0x0, 0x5f, 0xc0, 0x0, 0x7, 0xfb,
    0x7, 0xff, 0xe3, 0x0, 0x0, 0x2f, 0xff, 0xee,
    0xef, 0xf8, 0xc, 0xfc, 0x10, 0x0, 0x0, 0x7,
    0xef, 0xff, 0xfe, 0xa1, 0x1, 0x60, 0x0, 0x0,
    0x0, 0x0, 0x0, 0x0, 0x0, 0x0,

    /* U+65E5 "日" */
    0xff, 0xff, 0xff, 0xff, 0xff, 0xff, 0xff, 0xff,
    0xff, 0xff, 0xff, 0xff, 0xff, 0xff, 0xff, 0xff,
    0x0, 0x0, 0x0, 0x0, 0x0, 0xf, 0xff, 0xf0,
    0x0, 0x0, 0x0, 0x0, 0x0, 0xff, 0xff, 0x0,
    0x0, 0x0, 0x0, 0x0, 0xf, 0xff, 0xf0, 0x0,
    0x0, 0x0, 0x0, 0x0, 0xff, 0xff, 0x0, 0x0,
    0x0, 0x0, 0x0, 0xf, 0xff, 0xfe, 0xee, 0xee,
    0xee, 0xee, 0xee, 0xff, 0xff, 0xff, 0xff, 0xff,
    0xff, 0xff, 0xff, 0xff, 0xf0, 0x0, 0x0, 0x0,
    0x0, 0x0, 0xff, 0xff, 0x0, 0x0, 0x0, 0x0,
    0x0, 0xf, 0xff, 0xf0, 0x0, 0x0, 0x0, 0x0,
    0x0, 0xff, 0xff, 0x0, 0x0, 0x0, 0x0, 0x0,
    0xf, 0xff, 0xf0, 0x0, 0x0, 0x0, 0x0, 0x0,
    0xff, 0xff, 0x0, 0x0, 0x0, 0x0, 0x0, 0xf,
    0xff, 0xff, 0xff, 0xff, 0xff, 0xff, 0xff, 0xff,
    0xff, 0xee, 0xee, 0xee, 0xee, 0xee, 0xef, 0xff,
    0xf0, 0x0, 0x0, 0x0, 0x0, 0x0, 0xff, 0x0,
    0x0, 0x0, 0x0, 0x0, 0x0, 0x0, 0x0,

    /* U+65F6 "时" */
    0x0, 0x0, 0x0, 0x0, 0x0, 0x0, 0x0, 0x9a,
    0x0, 0x0, 0x0, 0x0, 0x0, 0x0, 0x0, 0x0,
    0xe, 0xf0, 0x0, 0xdf, 0xff, 0xff, 0xf0, 0x0,
    0x0, 0x0, 0xef, 0x0, 0xd, 0xfe, 0xee, 0xff,
    0x0, 0x0, 0x0, 0xe, 0xf0, 0x0, 0xdf, 0x0,
    0xd, 0xf0, 0x0, 0x0, 0x0, 0xef, 0x0, 0xd,
    0xf0, 0x0, 0xdf, 0x2f, 0xff, 0xff, 0xff, 0xff,
    0xf5, 0xdf, 0x0, 0xd, 0xf2, 0xee, 0xee, 0xee,
    0xff, 0xee, 0x4d, 0xf0, 0x0, 0xdf, 0x0, 0x0,
    0x0, 0xe, 0xf0, 0x0, 0xdf, 0x0, 0xd, 0xf0,
    0x7, 0x0, 0x0, 0xef, 0x0, 0xd, 0xfd, 0xdd,
    0xff, 0x6, 0xf7, 0x0, 0xe, 0xf0, 0x0, 0xdf,
    0xff, 0xff, 0xf0, 0xd, 0xf1, 0x0, 0xef, 0x0,
    0xd, 0xf0, 0x0, 0xdf, 0x0, 0x5f, 0x90, 0xe,
    0xf0, 0x0, 0xdf, 0x0, 0xd, 0xf0, 0x0, 0xcf,
    0x20, 0xef, 0x0, 0xd, 0xf0, 0x0, 0xdf, 0x0,
    0x5, 0xd3, 0xe, 0xf0, 0x0, 0xdf, 0x0, 0xd,
    0xf0, 0x0, 0x0, 0x0, 0xef, 0x0, 0xd, 0xf0,
    0x0, 0xdf, 0x0, 0x0, 0x0, 0xe, 0xf0, 0x0,
    0xdf, 0xff, 0xff, 0xf0, 0x0, 0x0, 0x0, 0xef,
    0x0, 0xd, 0xff, 0xff, 0xff, 0x0, 0x0, 0x0,
    0x2f, 0xf0, 0x0, 0xdf, 0x0, 0x0, 0x0, 0x1,
    0xff, 0xff, 0xfd, 0x0, 0x8, 0x90, 0x0, 0x0,
    0x0, 0xe, 0xff, 0xfc, 0x30, 0x0,

    /* U+660E "明" */
    0x0, 0x0, 0x0, 0x0, 0x5, 0x77, 0x77, 0x77,
    0x75, 0xdf, 0xff, 0xff, 0xf0, 0xd, 0xff, 0xff,
    0xff, 0xfd, 0xdf, 0xdd, 0xdf, 0xf0, 0xd, 0xf6,
    0x66, 0x66, 0xfd, 0xdf, 0x0, 0xd, 0xf0, 0xd,
    0xf0, 0x0, 0x0, 0xfd, 0xdf, 0x0, 0xd, 0xf0,
    0xd, 0xf0, 0x0, 0x0, 0xfd, 0xdf, 0x0, 0xd,
    0xf0, 0xd, 0xf3, 0x33, 0x33, 0xfd, 0xdf, 0x0,
    0xd, 0xf0, 0xd, 0xff, 0xff, 0xff, 0xfd, 0xdf,
    0xdd, 0xdf, 0xf0, 0xd, 0xf7, 0x77, 0x77, 0xfd,
    0xdf, 0xff, 0xff, 0xf0, 0xd, 0xf0, 0x0, 0x0,
    0xfd, 0xdf, 0x0, 0xd, 0xf0, 0xd, 0xf0, 0x0,
    0x0, 0xfd, 0xdf, 0x0, 0xd, 0xf0, 0xe, 0xf0,
    0x0, 0x0, 0xfd, 0xdf, 0x0, 0xd, 0xf0, 0xf,
    0xfd, 0xdd, 0xdd, 0xfd, 0xdf, 0x0, 0xd, 0xf0,
    0x1f, 0xff, 0xff, 0xff, 0xfd, 0xdf, 0x0, 0xd,
    0xf0, 0x4f, 0xa0, 0x0, 0x0, 0xfd, 0xdf, 0xff,
    0xff, 0xf0, 0x9f, 0x60, 0x0, 0x0, 0xfd, 0xdf,
    0xdd, 0xdd, 0xd1, 0xff, 0x10, 0x0, 0x0, 0xfd,
    0xdf, 0x0, 0x0, 0xb, 0xf8, 0x0, 0x0, 0x2,
    0xfd, 0x67, 0x0, 0x0, 0xaf, 0xd0, 0x0, 0xae,
    0xef, 0xfb, 0x0, 0x0, 0x5, 0xfe, 0x20, 0x0,
    0x8f, 0xff, 0xc3, 0x0, 0x0, 0x0, 0x42, 0x0,
    0x0, 0x0, 0x0, 0x0,

    /* U+661F "星" */
    0x0, 0x7, 0x88, 0x88, 0x88, 0x88, 0x88, 0x88,
    0x86, 0x0, 0x0, 0xf, 0xff, 0xff, 0xff, 0xff,
    0xff, 0xff, 0xfd, 0x0, 0x0, 0xf, 0xf0, 0x0,
    0x0, 0x0, 0x0, 0x1, 0xfd, 0x0, 0x0, 0xf,
    0xf6, 0x66, 0x66, 0x66, 0x66, 0x67, 0xfd, 0x0,
    0x0, 0xf, 0xff, 0xff, 0xff, 0xff, 0xff, 0xff,
    0xfd, 0x0, 0x0, 0xf, 0xf0, 0x0, 0x0, 0x0,
    0x0, 0x1, 0xfd, 0x0, 0x0, 0xf, 0xf8, 0x88,
    0x88, 0x88, 0x88, 0x88, 0xfd, 0x0, 0x0, 0xf,
    0xff, 0xff, 0xff, 0xff, 0xff, 0xff, 0xfd, 0x0,
    0x0, 0x0, 0x86, 0x0, 0x5, 0xf9, 0x0, 0x0,
    0x0, 0x0, 0x0, 0x4, 0xfb, 0x0, 0x5, 0xf9,
    0x0, 0x0, 0x0, 0x0, 0x0, 0xd, 0xff, 0xff,
    0xff, 0xff, 0xff, 0xff, 0xff, 0xf0, 0x0, 0xaf,
    0xb9, 0x99, 0x9b, 0xfd, 0x99, 0x99, 0x99, 0x90,
    0x7, 0xfb, 0x0, 0x0, 0x5, 0xf9, 0x0, 0x0,
    0x0, 0x0, 0x1f, 0xd4, 0x88, 0x88, 0x8a, 0xfc,
    0x88, 0x88, 0x88, 0x10, 0x3, 0x36, 0xff, 0xff,
    0xff, 0xff, 0xff, 0xff, 0xff, 0x30, 0x0, 0x0,
    0x0, 0x0, 0x5, 0xf9, 0x0, 0x0, 0x0, 0x0,
    0x0, 0x0, 0x0, 0x0, 0x5, 0xf9, 0x0, 0x0,
    0x0, 0x0, 0xf, 0xff, 0xff, 0xff, 0xff, 0xff,
    0xff, 0xff, 0xff, 0xfb, 0x9, 0x99, 0x99, 0x99,
    0x99, 0x99, 0x99, 0x99, 0x99, 0x96,

    /* U+662F "是" */
    0x0, 0x3, 0x99, 0x99, 0x99, 0x99, 0x99, 0x99,
    0x97, 0x0, 0x0, 0x0, 0x6f, 0xff, 0xff, 0xff,
    0xff, 0xff, 0xff, 0xc0, 0x0, 0x0, 0x6, 0xf9,
    0x0, 0x0, 0x0, 0x0, 0x2, 0xfc, 0x0, 0x0,
    0x0, 0x6f, 0xc6, 0x66, 0x66, 0x66, 0x66, 0x8f,
    0xc0, 0x0, 0x0, 0x6, 0xff, 0xff, 0xff, 0xff,
    0xff, 0xff, 0xfc, 0x0, 0x0, 0x0, 0x6f, 0x90,
    0x0, 0x0, 0x0, 0x0, 0x2f, 0xc0, 0x0, 0x0,
    0x6, 0xfc, 0x66, 0x66, 0x66, 0x66, 0x67, 0xfc,
    0x0, 0x0, 0x0, 0x6f, 0xff, 0xff, 0xff, 0xff,
    0xff, 0xff, 0xc0, 0x0, 0x0, 0x0, 0x11, 0x11,
    0x11, 0x11, 0x11, 0x11, 0x11, 0x0, 0x0, 0x0,
    0x0, 0x0, 0x0, 0x0, 0x0, 0x0, 0x0, 0x0,
    0x0, 0xf, 0xff, 0xff, 0xff, 0xff, 0xff, 0xff,
    0xff, 0xff, 0xff, 0x10, 0x99, 0x99, 0x99, 0x99,
    0x9f, 0xf9, 0x99, 0x99, 0x99, 0x90, 0x0, 0x0,
    0x99, 0x0, 0x0, 0xff, 0x0, 0x0, 0x0, 0x0,
    0x0, 0x0, 0xf, 0xe0, 0x0, 0xf, 0xf9, 0x99,
    0x99, 0x99, 0x0, 0x0, 0x6, 0xfc, 0x0, 0x0,
    0xff, 0xff, 0xff, 0xff, 0xf0, 0x0, 0x0, 0xdf,
    0xf8, 0x0, 0xf, 0xf0, 0x0, 0x0, 0x0, 0x0,
    0x0, 0x8f, 0xad, 0xfc, 0x51, 0xff, 0x0, 0x0,
    0x0, 0x0, 0x0, 0x6f, 0xe1, 0x1c, 0xff, 0xff,
    0xfd, 0xdd, 0xdd, 0xdd, 0xd2, 0x1f, 0xf4, 0x0,
    0x5, 0x9d, 0xef, 0xff, 0xff, 0xff, 0xff, 0x10,
    0x45, 0x0, 0x0, 0x0, 0x0, 0x0, 0x0, 0x0,
    0x0, 0x0,

    /* U+663E "显" */
    0x0, 0x2a, 0xaa, 0xaa, 0xaa, 0xaa, 0xaa, 0xaa,
    0xa9, 0x0, 0x0, 0x3f, 0xff, 0xff, 0xff, 0xff,
    0xff, 0xff, 0xfe, 0x0, 0x0, 0x3f, 0xa0, 0x0,
    0x0, 0x0, 0x0, 0x0, 0xfe, 0x0, 0x0, 0x3f,
    0xa0, 0x0, 0x0, 0x0, 0x0, 0x0, 0xfe, 0x0,
    0x0, 0x3f, 0xff, 0xff, 0xff, 0xff, 0xff, 0xff,
    0xfe, 0x0, 0x0, 0x3f, 0xd8, 0x88, 0x88, 0x88,
    0x88, 0x88, 0xfe, 0x0, 0x0, 0x3f, 0xa0, 0x0,
    0x0, 0x0, 0x0, 0x0, 0xfe, 0x0, 0x0, 0x3f,
    0xfd, 0xdd, 0xdd, 0xdd, 0xdd, 0xdd, 0xfe, 0x0,
    0x0, 0x3f, 0xff, 0xff, 0xff, 0xff, 0xff, 0xff,
    0xfe, 0x0, 0x0, 0x0, 0x0, 0xe, 0xf0, 0x4,
    0xf9, 0x0, 0x0, 0x0, 0x0, 0x86, 0x0, 0xe,
    0xf0, 0x4, 0xf9, 0x0, 0xd, 0x80, 0x2, 0xff,
    0x20, 0xe, 0xf0, 0x4, 0xf9, 0x0, 0x6f, 0x90,
    0x0, 0x6f, 0xc0, 0xe, 0xf0, 0x4, 0xf9, 0x1,
    0xef, 0x10, 0x0, 0xb, 0xf6, 0xe, 0xf0, 0x4,
    0xf9, 0x9, 0xf7, 0x0, 0x0, 0x2, 0xfe, 0xe,
    0xf0, 0x4, 0xf9, 0x3f, 0xd0, 0x0, 0x0, 0x0,
    0x73, 0xe, 0xf0, 0x4, 0xf9, 0x8, 0x30, 0x0,
    0x0, 0x0, 0x0, 0xe, 0xf0, 0x4, 0xf9, 0x0,
    0x0, 0x0, 0x4d, 0xdd, 0xdd, 0xdf, 0xfd, 0xde,
    0xfe, 0xdd, 0xdd, 0xdd, 0x4f, 0xff, 0xff, 0xff,
    0xff, 0xff, 0xff, 0xff, 0xff, 0xff,

    /* U+666E "普" */
    0x0, 0x0, 0x0, 0x0, 0x0, 0x0, 0x0, 0x0,
    0x0, 0x0, 0x0, 0x0, 0x6, 0xe4, 0x0, 0x0,
    0x6, 0xd4, 0x0, 0x0, 0x0, 0x0, 0x3, 0xfe,
    0x10, 0x0, 0x2f, 0xe1, 0x0, 0x0, 0x5, 0x99,
    0x99, 0xdf, 0xc9, 0x99, 0xdf, 0xc9, 0x99, 0x92,
    0xa, 0xff, 0xff, 0xff, 0xff, 0xff, 0xff, 0xff,
    0xff, 0xf5, 0x0, 0x19, 0x0, 0xd, 0xf0, 0x4,
    0xf8, 0x0, 0x48, 0x0, 0x0, 0x5f, 0xb0, 0xd,
    0xf0, 0x4, 0xf8, 0x2, 0xee, 0x10, 0x0, 0x9,
    0xfa, 0xd, 0xf0, 0x4, 0xf8, 0x1d, 0xf3, 0x0,
    0x0, 0x0, 0xb8, 0xd, 0xf0, 0x4, 0xf8, 0x2d,
    0x50, 0x0, 0x39, 0x99, 0xa9, 0x9e, 0xf9, 0x9b,
    0xfd, 0x9a, 0x99, 0x99, 0x5f, 0xff, 0xff, 0xff,
    0xff, 0xff, 0xff, 0xff, 0xff, 0xff, 0x0, 0x0,
    0x0, 0x0, 0x0, 0x0, 0x0, 0x0, 0x0, 0x0,
    0x0, 0x6, 0x88, 0x88, 0x88, 0x88, 0x88, 0x88,
    0x83, 0x0, 0x0, 0xb, 0xff, 0xff, 0xff, 0xff,
    0xff, 0xff, 0xf6, 0x0, 0x0, 0xb, 0xf2, 0x0,
    0x0, 0x0, 0x0, 0x7, 0xf6, 0x0, 0x0, 0xb,
    0xf4, 0x22, 0x22, 0x22, 0x22, 0x28, 0xf6, 0x0,
    0x0, 0xb, 0xff, 0xff, 0xff, 0xff, 0xff, 0xff,
    0xf6, 0x0, 0x0, 0xb, 0xf6, 0x44, 0x44, 0x44,
    0x44, 0x49, 0xf6, 0x0, 0x0, 0xb, 0xf2, 0x0,
    0x0, 0x0, 0x0, 0x7, 0xf6, 0x0, 0x0, 0xb,
    0xff, 0xff, 0xff, 0xff, 0xff, 0xff, 0xf6, 0x0,
    0x0, 0xb, 0xf9, 0x88, 0x88, 0x88, 0x88, 0x8b,
    0xf6, 0x0,

    /* U+6682 "暂" */
    0x0, 0x0, 0xba, 0x0, 0x0, 0x0, 0x0, 0x0,
    0x1, 0x10, 0x0, 0x4, 0xf9, 0x0, 0x0, 0x1,
    0x35, 0x7a, 0xdf, 0xa0, 0x4f, 0xff, 0xff, 0xff,
    0xff, 0x1f, 0xff, 0xff, 0xea, 0x60, 0x16, 0xaf,
    0xa6, 0x66, 0x66, 0x1f, 0xc6, 0x41, 0x0, 0x0,
    0x0, 0xde, 0xc, 0xc0, 0x0, 0x1f, 0x90, 0x0,
    0x0, 0x0, 0x8, 0xf9, 0x5e, 0xe5, 0x53, 0x1f,
    0xd9, 0x99, 0x99, 0x96, 0xc, 0xff, 0xff, 0xff,
    0xf9, 0x1f, 0xfe, 0xef, 0xff, 0xe9, 0x0, 0x0,
    0xe, 0xd0, 0x0, 0x2f, 0x80, 0x7, 0xf4, 0x0,
    0x14, 0x55, 0x6f, 0xfa, 0xb8, 0x5f, 0x60, 0x7,
    0xf4, 0x0, 0x8f, 0xff, 0xff, 0xfc, 0xb7, 0xbf,
    0x20, 0x7, 0xf4, 0x0, 0x13, 0x20, 0xe, 0xd0,
    0x5, 0xf9, 0x0, 0x7, 0xf4, 0x0, 0x0, 0x0,
    0x4, 0x40, 0x0, 0x50, 0x0, 0x0, 0x10, 0x0,
    0x0, 0xe, 0xff, 0xff, 0xff, 0xff, 0xff, 0xff,
    0xf0, 0x0, 0x0, 0xe, 0xf7, 0x77, 0x77, 0x77,
    0x77, 0x7f, 0xf0, 0x0, 0x0, 0xe, 0xf0, 0x0,
    0x0, 0x0, 0x0, 0xe, 0xf0, 0x0, 0x0, 0xe,
    0xff, 0xff, 0xff, 0xff, 0xff, 0xff, 0xf0, 0x0,
    0x0, 0xe, 0xf5, 0x55, 0x55, 0x55, 0x55, 0x5e,
    0xf0, 0x0, 0x0, 0xe, 0xf0, 0x0, 0x0, 0x0,
    0x0, 0xe, 0xf0, 0x0, 0x0, 0xe, 0xff, 0xff,
    0xff, 0xff, 0xff, 0xff, 0xf0, 0x0, 0x0, 0xe,
    0xf5, 0x55, 0x55, 0x55, 0x55, 0x5e, 0xf0, 0x0,

    /* U+6697 "暗" */
    0x0, 0x0, 0x0, 0x0, 0x0, 0x9, 0xe0, 0x0,
    0x0, 0x0, 0x0, 0x0, 0x0, 0x0, 0x0, 0x7f,
    0x60, 0x0, 0x0, 0xff, 0xff, 0xf8, 0x9, 0xaa,
    0xab, 0xfd, 0xaa, 0xaa, 0xf, 0xfe, 0xef, 0x90,
    0xff, 0xff, 0xff, 0xff, 0xff, 0xf0, 0xfd, 0x0,
    0xf9, 0x0, 0xf, 0xc0, 0x0, 0xbf, 0x0, 0xf,
    0xd0, 0xf, 0x90, 0x0, 0xbf, 0x0, 0xe, 0xb0,
    0x0, 0xfd, 0x0, 0xf9, 0x0, 0x7, 0xf3, 0x3,
    0xf7, 0x0, 0xf, 0xd0, 0xf, 0x97, 0xdd, 0xef,
    0xed, 0xef, 0xed, 0xd8, 0xfd, 0x0, 0xf9, 0x8f,
    0xff, 0xff, 0xff, 0xff, 0xff, 0xaf, 0xff, 0xff,
    0x90, 0x0, 0x0, 0x0, 0x0, 0x0, 0x0, 0xff,
    0xff, 0xf9, 0x0, 0x0, 0x0, 0x0, 0x0, 0x0,
    0xf, 0xd0, 0xf, 0x90, 0x6f, 0xff, 0xff, 0xff,
    0xff, 0x40, 0xfd, 0x0, 0xf9, 0x6, 0xfb, 0x99,
    0x99, 0x9b, 0xf4, 0xf, 0xd0, 0xf, 0x90, 0x6f,
    0x40, 0x0, 0x0, 0x6f, 0x40, 0xfd, 0x0, 0xf9,
    0x6, 0xfa, 0x77, 0x77, 0x7b, 0xf4, 0xf, 0xd0,
    0xf, 0x90, 0x6f, 0xff, 0xff, 0xff, 0xff, 0x40,
    0xff, 0xff, 0xf9, 0x6, 0xf4, 0x0, 0x0, 0x6,
    0xf4, 0xf, 0xfd, 0xdd, 0x70, 0x6f, 0x40, 0x0,
    0x0, 0x6f, 0x40, 0xfd, 0x0, 0x0, 0x6, 0xff,
    0xff, 0xff, 0xff, 0xf4, 0x6, 0x50, 0x0, 0x0,
    0x6f, 0xa8, 0x88, 0x88, 0xbf, 0x40,

    /* U+66F4 "更" */
    0xd, 0xdd, 0xdd, 0xdd, 0xdd, 0xdd, 0xdd, 0xdd,
    0xdd, 0xd8, 0xf, 0xff, 0xff, 0xff, 0xff, 0xff,
    0xff, 0xff, 0xff, 0xfa, 0x0, 0x0, 0x0, 0x0,
    0x9, 0xf4, 0x0, 0x0, 0x0, 0x0, 0x0, 0x0,
    0x0, 0x0, 0x9, 0xf4, 0x0, 0x0, 0x0, 0x0,
    0x0, 0x6f, 0xff, 0xff, 0xff, 0xff, 0xff, 0xff,
    0xff, 0x0, 0x0, 0x6f, 0xc9, 0x99, 0x9d, 0xfa,
    0x99, 0x99, 0xef, 0x0, 0x0, 0x6f, 0x70, 0x0,
    0x9, 0xf4, 0x0, 0x0, 0xcf, 0x0, 0x0, 0x6f,
    0xb7, 0x77, 0x7c, 0xf9, 0x77, 0x77, 0xef, 0x0,
    0x0, 0x6f, 0xff, 0xff, 0xff, 0xff, 0xff, 0xff,
    0xff, 0x0, 0x0, 0x6f, 0x70, 0x0, 0x9, 0xf4,
    0x0, 0x0, 0xcf, 0x0, 0x0, 0x6f, 0x70, 0x0,
    0x9, 0xf4, 0x0, 0x0, 0xcf, 0x0, 0x0, 0x6f,
    0xff, 0xff, 0xff, 0xff, 0xff, 0xff, 0xff, 0x0,
    0x0, 0x39, 0xa9, 0x99, 0x9e, 0xf9, 0x99, 0x99,
    0x99, 0x0, 0x0, 0x3, 0xe8, 0x0, 0xf, 0xe0,
    0x0, 0x0, 0x0, 0x0, 0x0, 0x1, 0xcf, 0xb2,
    0x7f, 0x90, 0x0, 0x0, 0x0, 0x0, 0x0, 0x0,
    0x9, 0xff, 0xff, 0x10, 0x0, 0x0, 0x0, 0x0,
    0x0, 0x0, 0x17, 0xef, 0xff, 0xd9, 0x64, 0x20,
    0x0, 0x0, 0x5, 0x9d, 0xff, 0xf9, 0x49, 0xff,
    0xff, 0xff, 0xfe, 0xda, 0x2f, 0xff, 0xc6, 0x10,
    0x0, 0x3, 0x69, 0xbc, 0xef, 0xfa, 0x7, 0x51,
    0x0, 0x0, 0x0, 0x0, 0x0, 0x0, 0x0, 0x0,

    /* U+6700 "最" */
    0x0, 0xd, 0xff, 0xff, 0xff, 0xff, 0xff, 0xff,
    0xf5, 0x0, 0x0, 0x0, 0xdf, 0x66, 0x66, 0x66,
    0x66, 0x66, 0xbf, 0x50, 0x0, 0x0, 0xd, 0xe2,
    0x22, 0x22, 0x22, 0x22, 0x29, 0xf5, 0x0, 0x0,
    0x0, 0xdf, 0xff, 0xff, 0xff, 0xff, 0xff, 0xff,
    0x50, 0x0, 0x0, 0xd, 0xe0, 0x0, 0x0, 0x0,
    0x0, 0x8, 0xf5, 0x0, 0x0, 0x0, 0xdf, 0xff,
    0xff, 0xff, 0xff, 0xff, 0xff, 0x50, 0x0, 0x0,
    0x4, 0x55, 0x55, 0x55, 0x55, 0x55, 0x55, 0x51,
    0x0, 0x2, 0x66, 0x66, 0x66, 0x66, 0x66, 0x66,
    0x66, 0x66, 0x66, 0x60, 0x5f, 0xff, 0xff, 0xff,
    0xff, 0xff, 0xff, 0xff, 0xff, 0xff, 0x0, 0x9,
    0xf2, 0x0, 0x1f, 0x90, 0x0, 0x0, 0x0, 0x0,
    0x0, 0x0, 0x9f, 0x32, 0x23, 0xf8, 0x17, 0x77,
    0x77, 0x77, 0x50, 0x0, 0x9, 0xff, 0xff, 0xff,
    0x82, 0xff, 0xff, 0xff, 0xfb, 0x0, 0x0, 0x9f,
    0x10, 0x0, 0xf8, 0xd, 0xe0, 0x0, 0x7f, 0x70,
    0x0, 0x9, 0xf3, 0x22, 0x3f, 0x80, 0x5f, 0x80,
    0x1e, 0xe0, 0x0, 0x0, 0x9f, 0xff, 0xff, 0xf8,
    0x0, 0xbf, 0x4b, 0xf4, 0x0, 0x0, 0x9, 0xf1,
    0x0, 0xf, 0x93, 0x1, 0xdf, 0xf7, 0x0, 0x0,
    0x14, 0xbf, 0xab, 0xce, 0xff, 0xf0, 0x6e, 0xff,
    0xd5, 0x0, 0x3, 0xfd, 0xca, 0x87, 0x6f, 0x99,
    0xef, 0xa2, 0x5e, 0xff, 0xa0, 0x0, 0x0, 0x0,
    0x0, 0xf8, 0x79, 0x20, 0x0, 0x6, 0xca, 0x0,
    0x0, 0x0, 0x0, 0x0, 0x0, 0x0, 0x0, 0x0,
    0x0, 0x0,

    /* U+6709 "有" */
    0x0, 0x0, 0x0, 0x0, 0x75, 0x0, 0x0, 0x0,
    0x0, 0x0, 0x0, 0x0, 0x0, 0x5, 0xfc, 0x0,
    0x0, 0x0, 0x0, 0x0, 0x0, 0x0, 0x0, 0xc,
    0xf5, 0x0, 0x0, 0x0, 0x0, 0x0, 0x2f, 0xff,
    0xff, 0xff, 0xff, 0xff, 0xff, 0xff, 0xff, 0xff,
    0x1d, 0xdd, 0xdd, 0xff, 0xed, 0xdd, 0xdd, 0xdd,
    0xdd, 0xdd, 0x0, 0x0, 0x5, 0xfd, 0x0, 0x0,
    0x0, 0x0, 0x0, 0x0, 0x0, 0x0, 0x1e, 0xf4,
    0x0, 0x0, 0x0, 0x0, 0x0, 0x0, 0x0, 0x0,
    0xcf, 0xff, 0xff, 0xff, 0xff, 0xff, 0xf9, 0x0,
    0x0, 0xa, 0xff, 0xdd, 0xdd, 0xdd, 0xdd, 0xde,
    0xf9, 0x0, 0x0, 0x9f, 0xff, 0x0, 0x0, 0x0,
    0x0, 0x4, 0xf9, 0x0, 0x9, 0xfd, 0xdf, 0x99,
    0x99, 0x99, 0x99, 0x9b, 0xf9, 0x0, 0x6f, 0xe2,
    0xcf, 0xff, 0xff, 0xff, 0xff, 0xff, 0xf9, 0x0,
    0x2d, 0x10, 0xcf, 0x0, 0x0, 0x0, 0x0, 0x4,
    0xf9, 0x0, 0x0, 0x0, 0xcf, 0x0, 0x0, 0x0,
    0x0, 0x4, 0xf9, 0x0, 0x0, 0x0, 0xcf, 0x99,
    0x99, 0x99, 0x99, 0x9b, 0xf9, 0x0, 0x0, 0x0,
    0xcf, 0xff, 0xff, 0xff, 0xff, 0xff, 0xf9, 0x0,
    0x0, 0x0, 0xcf, 0x0, 0x0, 0x0, 0x0, 0x4,
    0xf9, 0x0, 0x0, 0x0, 0xcf, 0x0, 0x0, 0x0,
    0x0, 0x5, 0xf9, 0x0, 0x0, 0x0, 0xcf, 0x0,
    0x0, 0x4, 0xdd, 0xdf, 0xf7, 0x0, 0x0, 0x0,
    0xcf, 0x0, 0x0, 0x3, 0xff, 0xff, 0xb1, 0x0,
    0x0, 0x0, 0x23, 0x0, 0x0, 0x0, 0x0, 0x0,
    0x0, 0x0,

    /* U+671F "期" */
    0x0, 0x58, 0x0, 0x1, 0x83, 0x0, 0x0, 0x0,
    0x0, 0x0, 0xb, 0xf0, 0x0, 0x3f, 0x70, 0x9,
    0x99, 0x99, 0x99, 0xa, 0xef, 0xaa, 0xab, 0xfc,
    0x81, 0xff, 0xff, 0xff, 0xf1, 0xff, 0xff, 0xff,
    0xff, 0xfd, 0x1f, 0x92, 0x22, 0xdf, 0x0, 0xbf,
    0x0, 0x3, 0xf7, 0x1, 0xf9, 0x0, 0xd, 0xf0,
    0xb, 0xf0, 0x0, 0x3f, 0x70, 0x1f, 0x90, 0x0,
    0xdf, 0x0, 0xbf, 0x88, 0x8a, 0xf7, 0x1, 0xf9,
    0x0, 0xd, 0xf0, 0xb, 0xff, 0xff, 0xff, 0x70,
    0x1f, 0xff, 0xff, 0xff, 0x0, 0xbf, 0x44, 0x46,
    0xf7, 0x1, 0xfe, 0xdd, 0xdf, 0xf0, 0xb, 0xf0,
    0x0, 0x3f, 0x70, 0x1f, 0x90, 0x0, 0xdf, 0x0,
    0xbf, 0xff, 0xff, 0xf7, 0x1, 0xf8, 0x0, 0xd,
    0xf0, 0xb, 0xf8, 0x88, 0xaf, 0x70, 0x1f, 0x80,
    0x0, 0xdf, 0x0, 0xbf, 0x0, 0x3, 0xf7, 0x2,
    0xff, 0xff, 0xff, 0xf4, 0x9e, 0xf9, 0x99, 0xbf,
    0xc9, 0x3f, 0xda, 0xaa, 0xff, 0x7f, 0xff, 0xff,
    0xff, 0xff, 0xf5, 0xf5, 0x0, 0xd, 0xf0, 0x0,
    0x54, 0x0, 0x91, 0x0, 0x8f, 0x30, 0x0, 0xdf,
    0x0, 0x2f, 0xf1, 0x4f, 0xe2, 0xd, 0xf0, 0x0,
    0xd, 0xf0, 0x1e, 0xf4, 0x0, 0x5f, 0xd5, 0xfa,
    0x0, 0x0, 0xef, 0x2d, 0xf6, 0x0, 0x0, 0x55,
    0xef, 0x30, 0xad, 0xef, 0xd3, 0xf7, 0x0, 0x0,
    0x0, 0x5f, 0xa0, 0x9, 0xff, 0xd4, 0x1, 0x0,
    0x0, 0x0, 0x0, 0x31, 0x0, 0x0, 0x0, 0x0,

    /* U+672A "未" */
    0x0, 0x0, 0x0, 0x0, 0x0, 0x0, 0x0, 0x0,
    0x0, 0x0, 0x0, 0x0, 0x0, 0x0, 0x0, 0x9f,
    0x40, 0x0, 0x0, 0x0, 0x0, 0x0, 0x0, 0x0,
    0x0, 0x9, 0xf4, 0x0, 0x0, 0x0, 0x0, 0x0,
    0x0, 0x0, 0x0, 0x0, 0x9f, 0x40, 0x0, 0x0,
    0x0, 0x0, 0x0, 0x8d, 0xdd, 0xdd, 0xde, 0xfe,
    0xdd, 0xdd, 0xdd, 0x40, 0x0, 0x9, 0xff, 0xff,
    0xff, 0xff, 0xff, 0xff, 0xff, 0xf5, 0x0, 0x0,
    0x0, 0x0, 0x0, 0x9, 0xf4, 0x0, 0x0, 0x0,
    0x0, 0x0, 0x0, 0x0, 0x0, 0x0, 0x9f, 0x40,
    0x0, 0x0, 0x0, 0x0, 0x0, 0x0, 0x0, 0x0,
    0x9, 0xf4, 0x0, 0x0, 0x0, 0x0, 0x0, 0x0,
    0x0, 0x0, 0x0, 0x9f, 0x40, 0x0, 0x0, 0x0,
    0x0, 0xf, 0xff, 0xff, 0xff, 0xff, 0xff, 0xff,
    0xff, 0xff, 0xfa, 0x0, 0xdd, 0xdd, 0xdd, 0xde,
    0xff, 0xfe, 0xdd, 0xdd, 0xdd, 0x80, 0x0, 0x0,
    0x0, 0x1, 0xef, 0xff, 0xb0, 0x0, 0x0, 0x0,
    0x0, 0x0, 0x0, 0x0, 0xcf, 0xef, 0xdf, 0x90,
    0x0, 0x0, 0x0, 0x0, 0x0, 0x1, 0xcf, 0x99,
    0xf4, 0xcf, 0xa0, 0x0, 0x0, 0x0, 0x0, 0x3,
    0xdf, 0xa0, 0x9f, 0x41, 0xcf, 0xb1, 0x0, 0x0,
    0x0, 0x7, 0xff, 0x90, 0x9, 0xf4, 0x0, 0xbf,
    0xe4, 0x0, 0x0, 0x4d, 0xff, 0x60, 0x0, 0x9f,
    0x40, 0x0, 0x9f, 0xfb, 0x20, 0x3f, 0xfc, 0x20,
    0x0, 0x9, 0xf4, 0x0, 0x0, 0x5e, 0xfc, 0x0,
    0x86, 0x0, 0x0, 0x0, 0x9f, 0x40, 0x0, 0x0,
    0x19, 0x20, 0x0, 0x0, 0x0, 0x0, 0x9, 0xf4,
    0x0, 0x0, 0x0, 0x0, 0x0,

    /* U+672B "末" */
    0x0, 0x0, 0x0, 0x0, 0xe, 0xd0, 0x0, 0x0,
    0x0, 0x0, 0x0, 0x0, 0x0, 0x0, 0xf, 0xe0,
    0x0, 0x0, 0x0, 0x0, 0x0, 0x0, 0x0, 0x0,
    0xf, 0xe0, 0x0, 0x0, 0x0, 0x0, 0x0, 0x0,
    0x0, 0x0, 0xf, 0xe0, 0x0, 0x0, 0x0, 0x0,
    0xf, 0xff, 0xff, 0xff, 0xff, 0xff, 0xff, 0xff,
    0xff, 0xf0, 0xd, 0xdd, 0xdd, 0xdd, 0xdf, 0xfd,
    0xdd, 0xdd, 0xdd, 0xc0, 0x0, 0x0, 0x0, 0x0,
    0xf, 0xe0, 0x0, 0x0, 0x0, 0x0, 0x0, 0x0,
    0x0, 0x0, 0xf, 0xe0, 0x0, 0x0, 0x0, 0x0,
    0x0, 0x0, 0x0, 0x0, 0xf, 0xe0, 0x0, 0x0,
    0x0, 0x0, 0x3, 0xff, 0xff, 0xff, 0xff, 0xff,
    0xff, 0xff, 0xff, 0x20, 0x2, 0xdd, 0xdd, 0xdd,
    0xff, 0xff, 0xdd, 0xdd, 0xdd, 0x10, 0x0, 0x0,
    0x0, 0x5, 0xff, 0xff, 0x50, 0x0, 0x0, 0x0,
    0x0, 0x0, 0x0, 0x4f, 0xef, 0xfe, 0xf4, 0x0,
    0x0, 0x0, 0x0, 0x0, 0x5, 0xff, 0x3f, 0xe3,
    0xff, 0x50, 0x0, 0x0, 0x0, 0x0, 0x8f, 0xf3,
    0xf, 0xe0, 0x4f, 0xf8, 0x0, 0x0, 0x0, 0x2c,
    0xfe, 0x20, 0xf, 0xe0, 0x3, 0xef, 0xc2, 0x0,
    0x7, 0xff, 0xc1, 0x0, 0xf, 0xe0, 0x0, 0x2c,
    0xff, 0x81, 0x9f, 0xf8, 0x0, 0x0, 0xf, 0xe0,
    0x0, 0x0, 0x9f, 0xf8, 0x1b, 0x30, 0x0, 0x0,
    0xf, 0xe0, 0x0, 0x0, 0x3, 0xa0, 0x0, 0x0,
    0x0, 0x0, 0xf, 0xe0, 0x0, 0x0, 0x0, 0x0,

    /* U+672C "本" */
    0x0, 0x0, 0x0, 0x0, 0x1, 0x10, 0x0, 0x0,
    0x0, 0x0, 0x0, 0x0, 0x0, 0x0, 0xf, 0xf0,
    0x0, 0x0, 0x0, 0x0, 0x0, 0x0, 0x0, 0x0,
    0xf, 0xf0, 0x0, 0x0, 0x0, 0x0, 0x0, 0x0,
    0x0, 0x0, 0xf, 0xf0, 0x0, 0x0, 0x0, 0x0,
    0x0, 0x0, 0x0, 0x0, 0xf, 0xf0, 0x0, 0x0,
    0x0, 0x0, 0x2f, 0xff, 0xff, 0xff, 0xff, 0xff,
    0xff, 0xff, 0xff, 0xf2, 0x1e, 0xee, 0xee, 0xee,
    0xff, 0xff, 0xee, 0xee, 0xee, 0xe2, 0x0, 0x0,
    0x0, 0x7, 0xff, 0xff, 0x70, 0x0, 0x0, 0x0,
    0x0, 0x0, 0x0, 0x1f, 0xbf, 0xfd, 0xe1, 0x0,
    0x0, 0x0, 0x0, 0x0, 0x0, 0x8f, 0x4f, 0xf5,
    0xf8, 0x0, 0x0, 0x0, 0x0, 0x0, 0x3, 0xfc,
    0xf, 0xf0, 0xdf, 0x30, 0x0, 0x0, 0x0, 0x0,
    0xd, 0xf2, 0xf, 0xf0, 0x4f, 0xd0, 0x0, 0x0,
    0x0, 0x0, 0xaf, 0x80, 0xf, 0xf0, 0x9, 0xfa,
    0x0, 0x0, 0x0, 0x8, 0xfc, 0x0, 0xf, 0xf0,
    0x0, 0xdf, 0x90, 0x0, 0x0, 0x7f, 0xe2, 0x0,
    0xf, 0xf0, 0x0, 0x2e, 0xf8, 0x0, 0x8, 0xff,
    0x30, 0x0, 0xf, 0xf0, 0x0, 0x3, 0xff, 0xa0,
    0x8f, 0xf4, 0x4f, 0xff, 0xff, 0xff, 0xff, 0xf4,
    0x4f, 0xfa, 0x7f, 0x50, 0x3d, 0xdd, 0xdf, 0xfd,
    0xdd, 0xd3, 0x4, 0xf4, 0x3, 0x0, 0x0, 0x0,
    0xf, 0xf0, 0x0, 0x0, 0x0, 0x10, 0x0, 0x0,
    0x0, 0x0, 0xf, 0xf0, 0x0, 0x0, 0x0, 0x0,
    0x0, 0x0, 0x0, 0x0, 0xf, 0xf0, 0x0, 0x0,
    0x0, 0x0,

    /* U+673A "机" */
    0x0, 0x1, 0x20, 0x0, 0x0, 0x0, 0x0, 0x0,
    0x0, 0x0, 0x0, 0xd, 0xf0, 0x0, 0x0, 0x0,
    0x0, 0x0, 0x0, 0x0, 0x0, 0xd, 0xf0, 0x0,
    0xa, 0xaa, 0xaa, 0xaa, 0x0, 0x0, 0x0, 0xd,
    0xf0, 0x0, 0xf, 0xff, 0xff, 0xff, 0x0, 0x0,
    0x0, 0xd, 0xf0, 0x0, 0xf, 0xe5, 0x55, 0xef,
    0x0, 0x0, 0x7d, 0xdf, 0xfd, 0xd9, 0xf, 0xd0,
    0x0, 0xdf, 0x0, 0x0, 0x8f, 0xff, 0xff, 0xfa,
    0xf, 0xd0, 0x0, 0xdf, 0x0, 0x0, 0x0, 0xf,
    0xf0, 0x0, 0xf, 0xd0, 0x0, 0xdf, 0x0, 0x0,
    0x0, 0x5f, 0xf0, 0x0, 0xf, 0xd0, 0x0, 0xdf,
    0x0, 0x0, 0x0, 0xbf, 0xf6, 0x0, 0xf, 0xd0,
    0x0, 0xdf, 0x0, 0x0, 0x2, 0xff, 0xff, 0xa0,
    0xf, 0xd0, 0x0, 0xdf, 0x0, 0x0, 0x9, 0xff,
    0xfb, 0xfc, 0x1f, 0xd0, 0x0, 0xdf, 0x0, 0x0,
    0x1f, 0xbd, 0xf0, 0x9f, 0x2f, 0xc0, 0x0, 0xdf,
    0x0, 0x0, 0xaf, 0x3d, 0xf0, 0x3, 0x1f, 0xb0,
    0x0, 0xdf, 0x0, 0x0, 0xeb, 0xd, 0xf0, 0x0,
    0x3f, 0x90, 0x0, 0xdf, 0x0, 0xc6, 0xa2, 0xd,
    0xf0, 0x0, 0x6f, 0x60, 0x0, 0xdf, 0x0, 0xfa,
    0x10, 0xd, 0xf0, 0x0, 0xaf, 0x20, 0x0, 0xdf,
    0x0, 0xf9, 0x0, 0xd, 0xf0, 0x1, 0xfc, 0x0,
    0x0, 0xdf, 0x0, 0xf9, 0x0, 0xd, 0xf0, 0xa,
    0xf4, 0x0, 0x0, 0xdf, 0x1, 0xf8, 0x0, 0xd,
    0xf0, 0x6f, 0x90, 0x0, 0x0, 0xcf, 0xee, 0xf7,
    0x0, 0xd, 0xf1, 0xcc, 0x0, 0x0, 0x0, 0x4e,
    0xff, 0xc1, 0x0, 0x0, 0x0, 0x0, 0x0, 0x0,
    0x0, 0x0, 0x0, 0x0,

    /* U+675F "束" */
    0x0, 0x0, 0x0, 0x0, 0x1, 0x10, 0x0, 0x0,
    0x0, 0x0, 0x0, 0x0, 0x0, 0x0, 0x0, 0x9f,
    0x40, 0x0, 0x0, 0x0, 0x0, 0x0, 0x0, 0x0,
    0x0, 0x9, 0xf4, 0x0, 0x0, 0x0, 0x0, 0x0,
    0xdd, 0xdd, 0xdd, 0xdd, 0xff, 0xed, 0xdd, 0xdd,
    0xdd, 0x90, 0xf, 0xff, 0xff, 0xff, 0xff, 0xff,
    0xff, 0xff, 0xff, 0xfb, 0x0, 0x0, 0x0, 0x0,
    0x0, 0x9f, 0x40, 0x0, 0x0, 0x0, 0x0, 0x0,
    0x0, 0x0, 0x0, 0x9, 0xf4, 0x0, 0x0, 0x0,
    0x0, 0x0, 0x6, 0xdd, 0xdd, 0xdd, 0xff, 0xed,
    0xdd, 0xdd, 0xd2, 0x0, 0x0, 0x7f, 0xff, 0xff,
    0xff, 0xff, 0xff, 0xff, 0xff, 0x20, 0x0, 0x7,
    0xf5, 0x0, 0x0, 0x9f, 0x40, 0x0, 0xb, 0xf2,
    0x0, 0x0, 0x7f, 0x50, 0x0, 0x9, 0xf4, 0x0,
    0x0, 0xbf, 0x20, 0x0, 0x7, 0xf5, 0x0, 0x0,
    0x9f, 0x40, 0x0, 0xb, 0xf2, 0x0, 0x0, 0x7f,
    0xed, 0xdd, 0xdf, 0xfe, 0xdd, 0xdd, 0xff, 0x20,
    0x0, 0x7, 0xff, 0xff, 0xff, 0xff, 0xff, 0xff,
    0xff, 0xf2, 0x0, 0x0, 0x0, 0x0, 0x2, 0xdf,
    0xff, 0xa0, 0x0, 0x0, 0x0, 0x0, 0x0, 0x0,
    0x4, 0xef, 0xdf, 0xdf, 0xc1, 0x0, 0x0, 0x0,
    0x0, 0x0, 0x19, 0xff, 0x49, 0xf4, 0x8f, 0xf6,
    0x0, 0x0, 0x0, 0x0, 0x7e, 0xfc, 0x20, 0x9f,
    0x40, 0x4e, 0xfd, 0x50, 0x0, 0x29, 0xff, 0xe6,
    0x0, 0x9, 0xf4, 0x0, 0x18, 0xff, 0xe8, 0x1,
    0xfe, 0x70, 0x0, 0x0, 0x9f, 0x40, 0x0, 0x1,
    0x8f, 0xa0, 0x2, 0x0, 0x0, 0x0, 0x9, 0xf4,
    0x0, 0x0, 0x0, 0x1, 0x0,

    /* U+6761 "条" */
    0x0, 0x0, 0x0, 0x42, 0x0, 0x0, 0x0, 0x0,
    0x0, 0x0, 0x0, 0x0, 0x3, 0xff, 0x10, 0x0,
    0x0, 0x0, 0x0, 0x0, 0x0, 0x0, 0x3f, 0xfd,
    0x99, 0x99, 0x99, 0x99, 0x91, 0x0, 0x0, 0x4,
    0xff, 0xff, 0xff, 0xff, 0xff, 0xff, 0xf3, 0x0,
    0x0, 0x7f, 0xff, 0x60, 0x0, 0x0, 0x4, 0xdf,
    0xb0, 0x0, 0x1b, 0xfe, 0x7e, 0xfb, 0x20, 0x2,
    0xaf, 0xf6, 0x0, 0x0, 0x1e, 0xb1, 0x1, 0x9f,
    0xfa, 0xbf, 0xf9, 0x10, 0x0, 0x0, 0x1, 0x0,
    0x0, 0x5c, 0xff, 0xff, 0xb5, 0x10, 0x0, 0x0,
    0x1, 0x47, 0xbf, 0xff, 0xd7, 0x7d, 0xff, 0xfd,
    0xb8, 0x62, 0xaf, 0xff, 0xfc, 0x83, 0x2, 0x30,
    0x26, 0xad, 0xff, 0xf6, 0x6b, 0x85, 0x10, 0x0,
    0xc, 0xf1, 0x0, 0x0, 0x13, 0x61, 0x0, 0x0,
    0x0, 0x0, 0xc, 0xf1, 0x0, 0x0, 0x0, 0x0,
    0xf, 0xff, 0xff, 0xff, 0xff, 0xff, 0xff, 0xff,
    0xff, 0xb0, 0xd, 0xdd, 0xdd, 0xdd, 0xdf, 0xfd,
    0xdd, 0xdd, 0xdd, 0x90, 0x0, 0x0, 0x6, 0x0,
    0xc, 0xf1, 0x5, 0x0, 0x0, 0x0, 0x0, 0x0,
    0xaf, 0x90, 0xc, 0xf1, 0x5f, 0xe6, 0x0, 0x0,
    0x0, 0x5e, 0xfc, 0x10, 0xc, 0xf1, 0x7, 0xff,
    0xc3, 0x0, 0x3c, 0xff, 0x80, 0x0, 0xe, 0xf0,
    0x0, 0x2c, 0xff, 0xa1, 0x9f, 0xd4, 0x5, 0xdd,
    0xef, 0xf0, 0x0, 0x0, 0x6f, 0xf2, 0x17, 0x0,
    0x3, 0xff, 0xfe, 0x60, 0x0, 0x0, 0x1, 0x60,

    /* U+6765 "来" */
    0x0, 0x0, 0x0, 0x0, 0x1, 0x31, 0x0, 0x0,
    0x0, 0x0, 0x0, 0x0, 0x0, 0x0, 0x0, 0x6f,
    0x70, 0x0, 0x0, 0x0, 0x0, 0x0, 0x0, 0x0,
    0x0, 0x6, 0xf7, 0x0, 0x0, 0x0, 0x0, 0x0,
    0x0, 0x0, 0x0, 0x0, 0x6f, 0x70, 0x0, 0x0,
    0x0, 0x0, 0x0, 0xdf, 0xff, 0xff, 0xff, 0xff,
    0xff, 0xff, 0xff, 0xe0, 0x0, 0xa, 0xdd, 0xdd,
    0xdd, 0xef, 0xed, 0xdd, 0xdd, 0xdc, 0x0, 0x0,
    0x0, 0x92, 0x0, 0x6, 0xf7, 0x0, 0x0, 0x90,
    0x0, 0x0, 0x0, 0x6f, 0xd1, 0x0, 0x6f, 0x70,
    0x0, 0xbf, 0x80, 0x0, 0x0, 0x0, 0x9f, 0xc0,
    0x6, 0xf7, 0x0, 0x9f, 0xc0, 0x0, 0x0, 0x0,
    0x0, 0xbf, 0x60, 0x6f, 0x70, 0x6f, 0xd1, 0x0,
    0x0, 0x0, 0x0, 0x1, 0x70, 0x6, 0xf7, 0x0,
    0x91, 0x0, 0x0, 0x0, 0xff, 0xff, 0xff, 0xff,
    0xff, 0xff, 0xff, 0xff, 0xff, 0xf1, 0xd, 0xdd,
    0xdd, 0xdd, 0xef, 0xff, 0xed, 0xdd, 0xdd, 0xdd,
    0x10, 0x0, 0x0, 0x0, 0xc, 0xff, 0xfc, 0x10,
    0x0, 0x0, 0x0, 0x0, 0x0, 0x0, 0x2c, 0xfd,
    0xfd, 0xfd, 0x20, 0x0, 0x0, 0x0, 0x0, 0x0,
    0x5f, 0xf8, 0x6f, 0x76, 0xff, 0x60, 0x0, 0x0,
    0x0, 0x2, 0xbf, 0xf6, 0x6, 0xf7, 0x4, 0xef,
    0xd4, 0x0, 0x0, 0x2a, 0xff, 0xd3, 0x0, 0x6f,
    0x70, 0x1, 0xbf, 0xfc, 0x40, 0x1f, 0xff, 0x70,
    0x0, 0x6, 0xf7, 0x0, 0x0, 0x5d, 0xff, 0x10,
    0x77, 0x0, 0x0, 0x0, 0x6f, 0x70, 0x0, 0x0,
    0x5, 0x70, 0x0, 0x0, 0x0, 0x0, 0x6, 0xf7,
    0x0, 0x0, 0x0, 0x0, 0x0,

    /* U+677F "板" */
    0x0, 0x1, 0x0, 0x0, 0x0, 0x0, 0x0, 0x0,
    0x0, 0x0, 0x0, 0xf, 0xd0, 0x0, 0x0, 0x0,
    0x0, 0x0, 0x0, 0x20, 0x0, 0xf, 0xd0, 0x0,
    0x0, 0x0, 0x0, 0x36, 0xae, 0xf0, 0x0, 0xf,
    0xd0, 0x0, 0x57, 0x8b, 0xdf, 0xff, 0xff, 0xf3,
    0x0, 0xf, 0xd0, 0x0, 0xff, 0xff, 0xff, 0xdb,
    0x86, 0x30, 0x24, 0x4f, 0xe4, 0x41, 0xfe, 0x53,
    0x10, 0x0, 0x0, 0x0, 0x8f, 0xff, 0xff, 0xf5,
    0xfd, 0x0, 0x0, 0x0, 0x0, 0x0, 0x48, 0x9f,
    0xe8, 0x82, 0xfd, 0x0, 0x0, 0x0, 0x0, 0x0,
    0x0, 0x6f, 0xd0, 0x0, 0xff, 0xff, 0xff, 0xff,
    0xff, 0xc0, 0x0, 0xcf, 0xe0, 0x0, 0xff, 0xef,
    0xed, 0xdd, 0xdf, 0xb0, 0x2, 0xff, 0xfc, 0x10,
    0xfd, 0x5f, 0x60, 0x0, 0x4f, 0x80, 0xa, 0xff,
    0xff, 0xe4, 0xfd, 0x1f, 0xc0, 0x0, 0x9f, 0x30,
    0x2f, 0xaf, 0xd6, 0xf9, 0xfc, 0xb, 0xf3, 0x0,
    0xfd, 0x0, 0xbf, 0x2f, 0xd0, 0x44, 0xfa, 0x4,
    0xfa, 0x8, 0xf6, 0x0, 0xca, 0xf, 0xd0, 0x6,
    0xf8, 0x0, 0xcf, 0x7f, 0xe0, 0x0, 0x71, 0xf,
    0xd0, 0xa, 0xf5, 0x0, 0x3f, 0xff, 0x40, 0x0,
    0x0, 0xf, 0xd0, 0xe, 0xf1, 0x0, 0x2e, 0xfe,
    0x10, 0x0, 0x0, 0xf, 0xd0, 0x5f, 0xb0, 0x5,
    0xef, 0xdf, 0xd3, 0x0, 0x0, 0xf, 0xd0, 0xdf,
    0x52, 0xbf, 0xf7, 0x8, 0xff, 0x80, 0x0, 0xf,
    0xd6, 0xfc, 0x5f, 0xfd, 0x40, 0x0, 0x6f, 0xfb,
    0x0, 0xf, 0xd1, 0xa3, 0xd, 0x80, 0x0, 0x0,
    0x1, 0xb3, 0x0, 0x0, 0x0, 0x0, 0x0, 0x0,
    0x0, 0x0, 0x0, 0x0,

    /* U+6781 "极" */
    0x0, 0x0, 0x0, 0x0, 0x0, 0x0, 0x0, 0x0,
    0x0, 0x0, 0x0, 0x0, 0xf, 0xd0, 0x0, 0x0,
    0x0, 0x0, 0x0, 0x0, 0x0, 0x0, 0x0, 0xfd,
    0x0, 0xdd, 0xdd, 0xdd, 0xdd, 0xdd, 0x90, 0x0,
    0x0, 0xf, 0xd0, 0xf, 0xff, 0xff, 0xff, 0xff,
    0xfa, 0x0, 0x0, 0x0, 0xfd, 0x0, 0x0, 0xfc,
    0x0, 0x0, 0x7f, 0x70, 0x0, 0x7d, 0xdf, 0xfd,
    0xd4, 0xf, 0xb0, 0x0, 0xe, 0xf1, 0x0, 0x9,
    0xff, 0xff, 0xff, 0x50, 0xfc, 0x0, 0x5, 0xf9,
    0x0, 0x0, 0x11, 0x3f, 0xd1, 0x10, 0xf, 0xf0,
    0x0, 0xcf, 0x20, 0x0, 0x0, 0x7, 0xfd, 0x0,
    0x1, 0xff, 0x40, 0x1f, 0xfd, 0xdd, 0x0, 0x0,
    0xcf, 0xe2, 0x0, 0x2f, 0xf9, 0x2, 0xff, 0xff,
    0xf0, 0x0, 0x3f, 0xff, 0xf4, 0x4, 0xff, 0xf0,
    0x0, 0x2, 0xfc, 0x0, 0xa, 0xff, 0xef, 0xf5,
    0x6f, 0xbf, 0x60, 0x0, 0x9f, 0x50, 0x2, 0xf8,
    0xfd, 0x2e, 0x29, 0xf3, 0xee, 0x0, 0x1f, 0xe0,
    0x0, 0xbf, 0x1f, 0xd0, 0x10, 0xdf, 0x7, 0xf8,
    0xb, 0xf6, 0x0, 0x1f, 0x90, 0xfd, 0x0, 0x3f,
    0xb0, 0xc, 0xf9, 0xfc, 0x0, 0x0, 0x81, 0xf,
    0xd0, 0x9, 0xf6, 0x0, 0x2f, 0xff, 0x20, 0x0,
    0x0, 0x0, 0xfd, 0x1, 0xff, 0x10, 0x4, 0xff,
    0xe3, 0x0, 0x0, 0x0, 0xf, 0xd0, 0x9f, 0x90,
    0x7, 0xff, 0x9f, 0xf5, 0x0, 0x0, 0x0, 0xfd,
    0x2f, 0xf1, 0x2c, 0xfe, 0x40, 0x5f, 0xfa, 0x10,
    0x0, 0xf, 0xd4, 0xf7, 0x6f, 0xfc, 0x20, 0x0,
    0x3e, 0xfc, 0x0, 0x0, 0xfd, 0x5, 0x3, 0xf7,
    0x0, 0x0, 0x0, 0x1a, 0x30, 0x0, 0x0, 0x0,
    0x0, 0x0, 0x0, 0x0, 0x0, 0x0, 0x0,

    /* U+67E5 "查" */
    0x0, 0x0, 0x0, 0x0, 0xe, 0xc0, 0x0, 0x0,
    0x0, 0x0, 0x0, 0x0, 0x0, 0x0, 0xf, 0xe0,
    0x0, 0x0, 0x0, 0x0, 0x3d, 0xdd, 0xdd, 0xdd,
    0xdf, 0xfd, 0xdd, 0xdd, 0xdd, 0xd2, 0x4f, 0xff,
    0xff, 0xff, 0xff, 0xff, 0xff, 0xff, 0xff, 0xf2,
    0x0, 0x0, 0x0, 0x2c, 0xff, 0xff, 0xb1, 0x0,
    0x0, 0x0, 0x0, 0x0, 0x18, 0xff, 0x6f, 0xe8,
    0xfe, 0x70, 0x0, 0x0, 0x0, 0x18, 0xef, 0xc3,
    0xf, 0xe0, 0x4d, 0xfe, 0x81, 0x0, 0x5b, 0xff,
    0xe6, 0x0, 0xe, 0xc0, 0x0, 0x7e, 0xff, 0xc5,
    0x9f, 0xda, 0x55, 0x55, 0x55, 0x55, 0x55, 0x55,
    0x9c, 0xf6, 0x24, 0xc, 0xff, 0xff, 0xff, 0xff,
    0xff, 0xff, 0xa0, 0x30, 0x0, 0xc, 0xf3, 0x22,
    0x22, 0x22, 0x22, 0x5f, 0xa0, 0x0, 0x0, 0xc,
    0xf4, 0x44, 0x44, 0x44, 0x44, 0x7f, 0xa0, 0x0,
    0x0, 0xc, 0xff, 0xff, 0xff, 0xff, 0xff, 0xff,
    0xa0, 0x0, 0x0, 0xc, 0xf4, 0x33, 0x33, 0x33,
    0x33, 0x6f, 0xa0, 0x0, 0x0, 0xc, 0xf0, 0x0,
    0x0, 0x0, 0x0, 0x3f, 0xa0, 0x0, 0x0, 0xc,
    0xff, 0xff, 0xff, 0xff, 0xff, 0xff, 0xa0, 0x0,
    0x0, 0x6, 0x88, 0x88, 0x88, 0x88, 0x88, 0x88,
    0x50, 0x0, 0x0, 0x0, 0x0, 0x0, 0x0, 0x0,
    0x0, 0x0, 0x0, 0x0, 0x6f, 0xff, 0xff, 0xff,
    0xff, 0xff, 0xff, 0xff, 0xff, 0xf4, 0x3a, 0xaa,
    0xaa, 0xaa, 0xaa, 0xaa, 0xaa, 0xaa, 0xaa, 0xa2,

    /* U+6807 "标" */
    0x0, 0xf, 0xd0, 0x0, 0x0, 0x0, 0x0, 0x0,
    0x0, 0x0, 0x0, 0x0, 0xfd, 0x0, 0x0, 0x0,
    0x0, 0x0, 0x0, 0x0, 0x0, 0x0, 0xf, 0xd0,
    0x0, 0x7f, 0xff, 0xff, 0xff, 0xff, 0xf2, 0x0,
    0x0, 0xfd, 0x0, 0x6, 0xdd, 0xdd, 0xdd, 0xdd,
    0xdd, 0x10, 0x24, 0x4f, 0xe4, 0x40, 0x0, 0x0,
    0x0, 0x0, 0x0, 0x0, 0x8, 0xff, 0xff, 0xff,
    0x20, 0x0, 0x0, 0x0, 0x0, 0x0, 0x0, 0x25,
    0x6f, 0xe5, 0x50, 0x0, 0x0, 0x0, 0x0, 0x0,
    0x0, 0x0, 0x7, 0xfd, 0x0, 0x5d, 0xdd, 0xdd,
    0xdd, 0xdd, 0xdd, 0xd0, 0x0, 0xdf, 0xe1, 0x6,
    0xff, 0xff, 0xff, 0xff, 0xff, 0xff, 0x0, 0x4f,
    0xff, 0xe3, 0x0, 0x0, 0x2, 0xfb, 0x0, 0x0,
    0x0, 0xb, 0xef, 0xff, 0xf6, 0x2, 0x10, 0x2f,
    0xb0, 0x12, 0x0, 0x3, 0xf8, 0xfd, 0x2e, 0x70,
    0xcf, 0x12, 0xfb, 0x1f, 0xc0, 0x0, 0xcf, 0x1f,
    0xd0, 0x10, 0x2f, 0xd0, 0x2f, 0xb0, 0xbf, 0x20,
    0xd, 0x80, 0xfd, 0x0, 0x9, 0xf7, 0x2, 0xfb,
    0x5, 0xf9, 0x0, 0x80, 0xf, 0xd0, 0x1, 0xff,
    0x10, 0x2f, 0xb0, 0xe, 0xf0, 0x0, 0x0, 0xfd,
    0x0, 0x9f, 0x90, 0x2, 0xfb, 0x0, 0x8f, 0x60,
    0x0, 0xf, 0xd0, 0x3f, 0xf2, 0x0, 0x2f, 0xb0,
    0x2, 0xfc, 0x0, 0x0, 0xfd, 0x5, 0xe9, 0x0,
    0x4, 0xfb, 0x0, 0xc, 0xc0, 0x0, 0xf, 0xd0,
    0x0, 0x3, 0xee, 0xff, 0x90, 0x0, 0x0, 0x0,
    0x0, 0xfd, 0x0, 0x0, 0xf, 0xff, 0xc2, 0x0,
    0x0, 0x0,

    /* U+680F "栏" */
    0x0, 0x0, 0x0, 0x0, 0x0, 0x0, 0x0, 0x0,
    0x11, 0x0, 0x0, 0xd, 0xf0, 0x0, 0x9, 0xb0,
    0x0, 0x0, 0x8f, 0x50, 0x0, 0xd, 0xf0, 0x0,
    0xd, 0xf5, 0x0, 0x1, 0xff, 0x20, 0x0, 0xd,
    0xf0, 0x0, 0x4, 0xfe, 0x0, 0x9, 0xf9, 0x0,
    0x0, 0xd, 0xf0, 0x0, 0x0, 0xbf, 0x70, 0x2f,
    0xf1, 0x0, 0x59, 0x9f, 0xf9, 0x94, 0x0, 0x28,
    0x0, 0xbf, 0x70, 0x0, 0x9f, 0xff, 0xff, 0xf7,
    0xee, 0xee, 0xee, 0xff, 0xee, 0xe7, 0x24, 0x4f,
    0xf4, 0x41, 0xff, 0xff, 0xff, 0xff, 0xff, 0xf8,
    0x0, 0x4f, 0xf0, 0x0, 0x0, 0x0, 0x0, 0x0,
    0x0, 0x0, 0x0, 0xaf, 0xf1, 0x0, 0x0, 0x0,
    0x0, 0x0, 0x0, 0x0, 0x1, 0xff, 0xfe, 0x40,
    0x0, 0x0, 0x0, 0x0, 0x0, 0x0, 0x9, 0xff,
    0xfe, 0xf8, 0x0, 0x0, 0x0, 0x0, 0x0, 0x0,
    0x2f, 0xbd, 0xf1, 0xca, 0x5f, 0xff, 0xff, 0xff,
    0xff, 0xa0, 0xaf, 0x4d, 0xf0, 0x1, 0x4d, 0xdd,
    0xdd, 0xdd, 0xdd, 0x90, 0xbb, 0xd, 0xf0, 0x0,
    0x0, 0x0, 0x0, 0x0, 0x0, 0x0, 0x72, 0xd,
    0xf0, 0x0, 0x0, 0x0, 0x0, 0x0, 0x0, 0x0,
    0x0, 0xd, 0xf0, 0x0, 0x0, 0x0, 0x0, 0x0,
    0x0, 0x0, 0x0, 0xd, 0xf0, 0x0, 0x0, 0x0,
    0x0, 0x0, 0x0, 0x0, 0x0, 0xd, 0xf0, 0xd,
    0xdd, 0xdd, 0xdd, 0xdd, 0xdd, 0xda, 0x0, 0xd,
    0xf0, 0xf, 0xff, 0xff, 0xff, 0xff, 0xff, 0xfd,
    0x0, 0xd, 0xf0, 0x0, 0x0, 0x0, 0x0, 0x0,
    0x0, 0x0,

    /* U+6821 "校" */
    0x0, 0x0, 0x0, 0x0, 0x0, 0x0, 0x3, 0x0,
    0x0, 0x0, 0x0, 0x0, 0xf, 0xd0, 0x0, 0x0,
    0x9, 0xf6, 0x0, 0x0, 0x0, 0x0, 0x0, 0xfd,
    0x0, 0x0, 0x0, 0x4f, 0xb0, 0x0, 0x0, 0x0,
    0x0, 0xf, 0xd0, 0x3, 0x33, 0x33, 0xff, 0x33,
    0x33, 0x30, 0x0, 0x0, 0xfd, 0x0, 0xff, 0xff,
    0xff, 0xff, 0xff, 0xff, 0x0, 0x7d, 0xdf, 0xfd,
    0xda, 0xaa, 0xaa, 0xaa, 0xaa, 0xaa, 0xa0, 0x9,
    0xff, 0xff, 0xff, 0x0, 0x9, 0x10, 0x6, 0x40,
    0x0, 0x0, 0x0, 0x3f, 0xd0, 0x0, 0x8, 0xf9,
    0x1, 0xff, 0x30, 0x0, 0x0, 0xa, 0xfd, 0x0,
    0x2, 0xfe, 0x10, 0x4, 0xfe, 0x20, 0x0, 0x0,
    0xff, 0xf5, 0x0, 0xdf, 0x30, 0x0, 0x6, 0xfd,
    0x10, 0x0, 0x6f, 0xff, 0xf7, 0xaf, 0x72, 0x0,
    0x2, 0x48, 0xfc, 0x0, 0xd, 0xdf, 0xee, 0xfe,
    0x9f, 0xc0, 0x0, 0xaf, 0x5b, 0x90, 0x6, 0xf5,
    0xfd, 0x25, 0x20, 0xaf, 0x40, 0x2f, 0xd0, 0x0,
    0x0, 0xee, 0xf, 0xd0, 0x0, 0x3, 0xfd, 0xb,
    0xf6, 0x0, 0x0, 0xc, 0x50, 0xfd, 0x0, 0x0,
    0x9, 0xfc, 0xfb, 0x0, 0x0, 0x0, 0x40, 0xf,
    0xd0, 0x0, 0x0, 0xe, 0xff, 0x10, 0x0, 0x0,
    0x0, 0x0, 0xfd, 0x0, 0x0, 0x6, 0xff, 0xf8,
    0x0, 0x0, 0x0, 0x0, 0xf, 0xd0, 0x0, 0x9,
    0xff, 0x7e, 0xfc, 0x30, 0x0, 0x0, 0x0, 0xfd,
    0x0, 0x5e, 0xfd, 0x30, 0x2c, 0xff, 0xa3, 0x0,
    0x0, 0xf, 0xd0, 0x9f, 0xf9, 0x10, 0x0, 0x7,
    0xff, 0xf1, 0x0, 0x0, 0xfd, 0x3, 0xc3, 0x0,
    0x0, 0x0, 0x1, 0x87, 0x0,

    /* U+6837 "样" */
    0x0, 0x0, 0x0, 0x0, 0x0, 0x10, 0x0, 0x0,
    0x20, 0x0, 0x0, 0xd, 0xf0, 0x0, 0x7, 0xf3,
    0x0, 0x3, 0xf9, 0x0, 0x0, 0xd, 0xf0, 0x0,
    0x5, 0xfb, 0x0, 0xb, 0xf5, 0x0, 0x0, 0xd,
    0xf0, 0x0, 0x0, 0xcf, 0x40, 0x3f, 0xc0, 0x0,
    0x0, 0xd, 0xf0, 0x0, 0x11, 0x5a, 0x21, 0xcf,
    0x51, 0x10, 0x4d, 0xdf, 0xfd, 0xd5, 0xff, 0xff,
    0xff, 0xff, 0xff, 0xf4, 0x4f, 0xff, 0xff, 0xf5,
    0xcc, 0xcc, 0xef, 0xdc, 0xcc, 0xc3, 0x0, 0xf,
    0xf0, 0x0, 0x0, 0x0, 0x8f, 0x60, 0x0, 0x0,
    0x0, 0x6f, 0xf0, 0x0, 0x0, 0x0, 0x8f, 0x60,
    0x0, 0x0, 0x0, 0xcf, 0xf5, 0x0, 0x0, 0x0,
    0x8f, 0x60, 0x0, 0x0, 0x2, 0xff, 0xff, 0x60,
    0xbf, 0xff, 0xff, 0xff, 0xff, 0xb0, 0x8, 0xff,
    0xfe, 0xf6, 0x9d, 0xdd, 0xef, 0xed, 0xdd, 0x90,
    0x1f, 0xdd, 0xf2, 0xe4, 0x0, 0x0, 0x8f, 0x60,
    0x0, 0x0, 0x9f, 0x5d, 0xf0, 0x0, 0x0, 0x0,
    0x8f, 0x60, 0x0, 0x0, 0xcd, 0xd, 0xf0, 0x0,
    0x0, 0x0, 0x8f, 0x60, 0x0, 0x0, 0x85, 0xd,
    0xf0, 0xf, 0xff, 0xff, 0xff, 0xff, 0xff, 0xfd,
    0x10, 0xd, 0xf0, 0xd, 0xdd, 0xdd, 0xef, 0xed,
    0xdd, 0xdb, 0x0, 0xd, 0xf0, 0x0, 0x0, 0x0,
    0x8f, 0x60, 0x0, 0x0, 0x0, 0xd, 0xf0, 0x0,
    0x0, 0x0, 0x8f, 0x60, 0x0, 0x0, 0x0, 0xd,
    0xf0, 0x0, 0x0, 0x0, 0x8f, 0x60, 0x0, 0x0,
    0x0, 0xd, 0xf0, 0x0, 0x0, 0x0, 0x8f, 0x60,
    0x0, 0x0,

    /* U+683C "格" */
    0x0, 0x0, 0x11, 0x0, 0x0, 0x1, 0x10, 0x0,
    0x0, 0x0, 0x0, 0x0, 0xf, 0xd0, 0x0, 0x0,
    0x8f, 0x60, 0x0, 0x0, 0x0, 0x0, 0x0, 0xfd,
    0x0, 0x0, 0x1f, 0xf1, 0x0, 0x0, 0x0, 0x0,
    0x0, 0xf, 0xd0, 0x0, 0x9, 0xff, 0xff, 0xff,
    0xff, 0x80, 0x0, 0x0, 0xfd, 0x0, 0x2, 0xfe,
    0xaa, 0xaa, 0xae, 0xf7, 0x0, 0x6d, 0xdf, 0xfd,
    0xd0, 0xcf, 0xd1, 0x0, 0x5, 0xfe, 0x0, 0x6,
    0xff, 0xff, 0xff, 0x9f, 0xcf, 0xb0, 0x2, 0xef,
    0x40, 0x0, 0x0, 0x2f, 0xd0, 0x1f, 0xb0, 0xaf,
    0xa3, 0xef, 0x70, 0x0, 0x0, 0x7, 0xfd, 0x0,
    0x30, 0x0, 0xbf, 0xff, 0x70, 0x0, 0x0, 0x0,
    0xdf, 0xf8, 0x0, 0x0, 0x3b, 0xff, 0xf8, 0x10,
    0x0, 0x0, 0x3f, 0xff, 0xfb, 0x14, 0xbf, 0xfc,
    0x6e, 0xff, 0xa5, 0x10, 0xa, 0xff, 0xeb, 0xff,
    0xff, 0xd5, 0x0, 0x7, 0xef, 0xfd, 0x2, 0xf9,
    0xfd, 0x2, 0xda, 0x40, 0x0, 0x0, 0x0, 0x49,
    0x70, 0xaf, 0x2f, 0xd0, 0x0, 0xbd, 0xdd, 0xdd,
    0xdd, 0xdd, 0x0, 0xe, 0xa0, 0xfd, 0x0, 0xd,
    0xff, 0xff, 0xff, 0xff, 0xf0, 0x0, 0x62, 0xf,
    0xd0, 0x0, 0xdf, 0x0, 0x0, 0x0, 0xdf, 0x0,
    0x0, 0x0, 0xfd, 0x0, 0xd, 0xf0, 0x0, 0x0,
    0xd, 0xf0, 0x0, 0x0, 0xf, 0xd0, 0x0, 0xdf,
    0x0, 0x0, 0x0, 0xdf, 0x0, 0x0, 0x0, 0xfd,
    0x0, 0xd, 0xfd, 0xdd, 0xdd, 0xdf, 0xf0, 0x0,
    0x0, 0xf, 0xd0, 0x0, 0xdf, 0xff, 0xff, 0xff,
    0xff, 0x0, 0x0, 0x0, 0xfd, 0x0, 0xd, 0xf0,
    0x0, 0x0, 0xd, 0xf0, 0x0, 0x0, 0x0, 0x0,
    0x0, 0x12, 0x0, 0x0, 0x0, 0x12, 0x0,

    /* U+6863 "档" */
    0x0, 0x0, 0x0, 0x0, 0x0, 0x0, 0x1, 0x0,
    0x0, 0x0, 0x0, 0xf, 0xd0, 0x0, 0x0, 0x0,
    0xdf, 0x0, 0x0, 0x0, 0x0, 0xf, 0xd0, 0x4,
    0xe1, 0x0, 0xdf, 0x0, 0x9, 0xb1, 0x0, 0xf,
    0xd0, 0x4, 0xfb, 0x0, 0xdf, 0x0, 0x3f, 0xd0,
    0x0, 0xf, 0xd0, 0x0, 0xbf, 0x50, 0xdf, 0x0,
    0xdf, 0x40, 0x7e, 0xef, 0xfe, 0xe4, 0x2f, 0xe0,
    0xdf, 0x8, 0xfb, 0x0, 0x7f, 0xff, 0xff, 0xf4,
    0x8, 0xc1, 0xdf, 0xc, 0xf2, 0x0, 0x0, 0x3f,
    0xd0, 0x0, 0x0, 0x0, 0xdf, 0x0, 0x20, 0x0,
    0x0, 0x9f, 0xd0, 0x6, 0xdd, 0xdd, 0xff, 0xdd,
    0xdd, 0xb0, 0x0, 0xef, 0xf4, 0x7, 0xff, 0xff,
    0xff, 0xff, 0xff, 0xd0, 0x4, 0xff, 0xff, 0x60,
    0x0, 0x0, 0x0, 0x0, 0xf, 0xd0, 0xb, 0xff,
    0xee, 0xf6, 0x0, 0x0, 0x0, 0x0, 0xf, 0xd0,
    0x2f, 0x9f, 0xd2, 0xe4, 0x0, 0x0, 0x0, 0x0,
    0xf, 0xd0, 0xbf, 0x2f, 0xd0, 0x1, 0xdd, 0xdd,
    0xdd, 0xdd, 0xdf, 0xd0, 0xab, 0xf, 0xd0, 0x1,
    0xff, 0xff, 0xff, 0xff, 0xff, 0xd0, 0x72, 0xf,
    0xd0, 0x0, 0x0, 0x0, 0x0, 0x0, 0xf, 0xd0,
    0x0, 0xf, 0xd0, 0x0, 0x0, 0x0, 0x0, 0x0,
    0xf, 0xd0, 0x0, 0xf, 0xd0, 0x0, 0x0, 0x0,
    0x0, 0x0, 0xf, 0xd0, 0x0, 0xf, 0xd0, 0x0,
    0x0, 0x0, 0x0, 0x0, 0xf, 0xd0, 0x0, 0xf,
    0xd0, 0xe, 0xff, 0xff, 0xff, 0xff, 0xff, 0xd0,
    0x0, 0xf, 0xd0, 0xc, 0xdd, 0xdd, 0xdd, 0xdd,
    0xdf, 0xd0,

    /* U+68C0 "检" */
    0x0, 0x2, 0x20, 0x0, 0x0, 0x0, 0x10, 0x0,
    0x0, 0x0, 0x0, 0xf, 0xd0, 0x0, 0x0, 0x4,
    0xfe, 0x0, 0x0, 0x0, 0x0, 0xf, 0xd0, 0x0,
    0x0, 0xd, 0xff, 0x70, 0x0, 0x0, 0x0, 0xf,
    0xd0, 0x0, 0x0, 0x7f, 0x9d, 0xf2, 0x0, 0x0,
    0x0, 0xf, 0xd0, 0x0, 0x3, 0xfe, 0x14, 0xfd,
    0x0, 0x0, 0x5f, 0xff, 0xff, 0xf1, 0x2e, 0xf4,
    0x0, 0x8f, 0xc0, 0x0, 0x4d, 0xdf, 0xfd, 0xd3,
    0xdf, 0x60, 0x0, 0xb, 0xfc, 0x10, 0x0, 0x3f,
    0xd0, 0x4e, 0xf8, 0x0, 0x0, 0x0, 0xbf, 0xe3,
    0x0, 0x8f, 0xd0, 0x7f, 0xbd, 0xdd, 0xdd, 0xdd,
    0xdb, 0xf6, 0x0, 0xdf, 0xe1, 0x5, 0x4f, 0xff,
    0xff, 0xff, 0xf1, 0x60, 0x3, 0xff, 0xfe, 0x20,
    0x0, 0x0, 0x0, 0x0, 0x0, 0x0, 0xa, 0xff,
    0xff, 0xf5, 0x81, 0x6, 0xd0, 0x0, 0x6b, 0x20,
    0x1f, 0x9f, 0xd5, 0xd5, 0xf5, 0x6, 0xf3, 0x0,
    0xcf, 0x10, 0x9f, 0x2f, 0xd0, 0x0, 0xfa, 0x2,
    0xf7, 0x1, 0xfb, 0x0, 0xbb, 0xf, 0xd0, 0x0,
    0xbf, 0x0, 0xeb, 0x5, 0xf5, 0x0, 0x73, 0xf,
    0xd0, 0x0, 0x7f, 0x30, 0xaf, 0xa, 0xf0, 0x0,
    0x0, 0xf, 0xd0, 0x0, 0x2f, 0x80, 0x7e, 0x3f,
    0xb0, 0x0, 0x0, 0xf, 0xd0, 0x0, 0xb, 0x50,
    0x0, 0x5f, 0x50, 0x0, 0x0, 0xf, 0xd0, 0x0,
    0x0, 0x0, 0x0, 0xbf, 0x0, 0x0, 0x0, 0xf,
    0xd0, 0xff, 0xff, 0xff, 0xff, 0xff, 0xff, 0xf3,
    0x0, 0xf, 0xd0, 0xdd, 0xdd, 0xdd, 0xdd, 0xdd,
    0xdd, 0xd3,

    /* U+6982 "概" */
    0x0, 0x8, 0xe0, 0x0, 0x0, 0x0, 0x0, 0x0,
    0x0, 0x0, 0x0, 0x0, 0x9f, 0x0, 0xff, 0xff,
    0xf5, 0xdd, 0xdd, 0xdd, 0xd0, 0x0, 0x9, 0xf0,
    0xf, 0xda, 0xaf, 0x5f, 0xff, 0xff, 0xff, 0x0,
    0x0, 0x9f, 0x0, 0xf7, 0x0, 0xf5, 0x0, 0xe,
    0x90, 0x0, 0x6, 0xad, 0xfa, 0x7f, 0x70, 0xf,
    0x54, 0x60, 0xf9, 0x0, 0x0, 0x9f, 0xff, 0xfb,
    0xf7, 0x0, 0xf5, 0x9c, 0xf, 0x80, 0x0, 0x3,
    0x6d, 0xf6, 0x4f, 0xff, 0xff, 0x5a, 0xa0, 0xf7,
    0x0, 0x0, 0x0, 0xff, 0x0, 0xfc, 0x89, 0xf5,
    0xc9, 0x1f, 0x60, 0x0, 0x0, 0x4f, 0xf4, 0xf,
    0x70, 0xf, 0x5e, 0x73, 0xf4, 0x0, 0x0, 0x9,
    0xff, 0xf4, 0xf7, 0x0, 0xf5, 0xfd, 0xdf, 0xdc,
    0xc1, 0x0, 0xef, 0xfb, 0xcf, 0xff, 0xff, 0x5c,
    0xde, 0xfd, 0xdd, 0x10, 0x5f, 0xbf, 0x12, 0xfc,
    0x99, 0x93, 0x0, 0xcd, 0x0, 0x0, 0xc, 0xc9,
    0xf0, 0xf, 0x70, 0x24, 0x0, 0x1f, 0xf7, 0x0,
    0x0, 0xe5, 0x9f, 0x0, 0xf7, 0x8, 0xe0, 0x6,
    0xff, 0x90, 0x0, 0x8, 0x9, 0xf0, 0xf, 0x70,
    0x2f, 0x40, 0xde, 0xf9, 0x8, 0x40, 0x0, 0x9f,
    0x0, 0xf7, 0x4d, 0xf9, 0x5f, 0x7f, 0x90, 0xd7,
    0x0, 0x9, 0xf0, 0xf, 0xdf, 0xe8, 0xee, 0xe0,
    0xf9, 0xd, 0x70, 0x0, 0x9f, 0x2, 0xff, 0xa1,
    0xb, 0xf5, 0xe, 0x90, 0xd6, 0x0, 0x9, 0xf0,
    0xc, 0x50, 0x5, 0xfa, 0x0, 0xde, 0xaf, 0x50,
    0x0, 0x9f, 0x0, 0x0, 0x0, 0x6c, 0x0, 0x6,
    0xff, 0xc0, 0x0, 0x0, 0x0, 0x0, 0x0, 0x0,
    0x0, 0x0, 0x0, 0x0, 0x0,

    /* U+6A21 "模" */
    0x0, 0x1, 0x0, 0x0, 0x0, 0x11, 0x0, 0x1,
    0x10, 0x0, 0x0, 0x0, 0xfd, 0x0, 0x0, 0xf,
    0xa0, 0x0, 0xfa, 0x0, 0x0, 0x0, 0xf, 0xd0,
    0x0, 0x1, 0xfa, 0x0, 0x1f, 0xa0, 0x0, 0x0,
    0x0, 0xfd, 0x0, 0xff, 0xff, 0xff, 0xff, 0xff,
    0xff, 0xc0, 0x0, 0xf, 0xd0, 0xb, 0xbb, 0xfe,
    0xbb, 0xbf, 0xeb, 0xb8, 0x4, 0x99, 0xff, 0x99,
    0x0, 0xf, 0xa0, 0x0, 0xfa, 0x0, 0x0, 0x7f,
    0xff, 0xff, 0xf1, 0x33, 0x65, 0x33, 0x36, 0x53,
    0x20, 0x1, 0x36, 0xfe, 0x33, 0x3f, 0xff, 0xff,
    0xff, 0xff, 0xfa, 0x0, 0x0, 0x8f, 0xd0, 0x3,
    0xf8, 0x33, 0x33, 0x33, 0x3f, 0xa0, 0x0, 0xe,
    0xfe, 0x10, 0x3f, 0x82, 0x22, 0x22, 0x22, 0xfa,
    0x0, 0x4, 0xff, 0xfd, 0x23, 0xff, 0xff, 0xff,
    0xff, 0xff, 0xa0, 0x0, 0xbf, 0xff, 0xfe, 0x5f,
    0x70, 0x0, 0x0, 0x0, 0xfa, 0x0, 0x3f, 0xaf,
    0xd4, 0xc3, 0xfa, 0x66, 0x66, 0x66, 0x6f, 0xa0,
    0xc, 0xf2, 0xfd, 0x0, 0x3f, 0xff, 0xff, 0xff,
    0xff, 0xfa, 0x0, 0xda, 0xf, 0xd0, 0x0, 0x0,
    0x0, 0xbf, 0x10, 0x0, 0x0, 0x7, 0x10, 0xfd,
    0x3, 0xff, 0xff, 0xff, 0xff, 0xff, 0xff, 0xf0,
    0x0, 0xf, 0xd0, 0x19, 0x99, 0x9b, 0xff, 0xd9,
    0x99, 0x99, 0x0, 0x0, 0xfd, 0x0, 0x0, 0x1,
    0xdf, 0xef, 0x40, 0x0, 0x0, 0x0, 0xf, 0xd0,
    0x0, 0x17, 0xff, 0x61, 0xdf, 0xa4, 0x0, 0x0,
    0x0, 0xfd, 0x7, 0xcf, 0xfc, 0x30, 0x0, 0x9f,
    0xfe, 0xa1, 0x0, 0xf, 0xd0, 0xad, 0x93, 0x0,
    0x0, 0x0, 0x17, 0xce, 0x0, 0x0, 0x0, 0x0,
    0x0, 0x0, 0x0, 0x0, 0x0, 0x0, 0x0,

    /* U+6A2A "横" */
    0x0, 0x0, 0x0, 0x0, 0x0, 0x0, 0x0, 0x0,
    0x0, 0x0, 0x0, 0x0, 0xfd, 0x0, 0x0, 0x3f,
    0x80, 0x0, 0xfc, 0x0, 0x0, 0x0, 0xf, 0xd0,
    0x0, 0x3, 0xf8, 0x0, 0xf, 0xc0, 0x0, 0x0,
    0x0, 0xfd, 0x0, 0x48, 0x9f, 0xc8, 0x88, 0xfe,
    0x88, 0x20, 0x0, 0xf, 0xd0, 0x8, 0xff, 0xff,
    0xff, 0xff, 0xff, 0xf5, 0x1, 0x77, 0xfe, 0x74,
    0x0, 0x3f, 0x80, 0x0, 0xfc, 0x0, 0x0, 0x4f,
    0xff, 0xff, 0xa0, 0x3, 0xf8, 0x0, 0xf, 0xc0,
    0x0, 0x1, 0x56, 0xfe, 0x53, 0xff, 0xff, 0xff,
    0xff, 0xff, 0xff, 0xe0, 0x0, 0x5f, 0xd0, 0x8,
    0x88, 0x88, 0xcf, 0x98, 0x88, 0x87, 0x0, 0xb,
    0xfe, 0x20, 0x1, 0x11, 0x18, 0xf3, 0x11, 0x11,
    0x0, 0x1, 0xff, 0xfe, 0x33, 0xff, 0xff, 0xff,
    0xff, 0xff, 0xd0, 0x0, 0x8f, 0xfe, 0xef, 0x4f,
    0xa5, 0x5a, 0xf6, 0x55, 0xed, 0x0, 0x1f, 0xaf,
    0xd3, 0x93, 0xf7, 0x0, 0x8f, 0x20, 0xe, 0xd0,
    0x9, 0xf3, 0xfd, 0x0, 0x3f, 0xff, 0xff, 0xff,
    0xff, 0xfd, 0x0, 0xbb, 0xf, 0xd0, 0x3, 0xf9,
    0x22, 0x9f, 0x42, 0x2e, 0xd0, 0x7, 0x30, 0xfd,
    0x0, 0x3f, 0x70, 0x8, 0xf2, 0x0, 0xed, 0x0,
    0x0, 0xf, 0xd0, 0x3, 0xff, 0xff, 0xff, 0xff,
    0xff, 0xd0, 0x0, 0x0, 0xfd, 0x0, 0x16, 0x66,
    0xa6, 0x67, 0xb6, 0x64, 0x0, 0x0, 0xf, 0xd0,
    0x0, 0x17, 0xdf, 0x30, 0x8f, 0xe7, 0x10, 0x0,
    0x0, 0xfd, 0x4, 0xaf, 0xfa, 0x30, 0x0, 0x5b,
    0xff, 0x91, 0x0, 0xf, 0xd0, 0x9e, 0x81, 0x0,
    0x0, 0x0, 0x2, 0x9d, 0x0, 0x0, 0x0, 0x0,
    0x0, 0x0, 0x0, 0x0, 0x0, 0x0, 0x0,

    /* U+6B21 "次" */
    0x0, 0x0, 0x0, 0x0, 0x1, 0x30, 0x0, 0x0,
    0x0, 0x0, 0x1, 0x50, 0x0, 0x0, 0x8, 0xf7,
    0x0, 0x0, 0x0, 0x0, 0xd, 0xf2, 0x0, 0x0,
    0xe, 0xf2, 0x0, 0x0, 0x0, 0x0, 0x6, 0xfc,
    0x0, 0x0, 0x4f, 0xc0, 0x0, 0x0, 0x0, 0x0,
    0x0, 0xdf, 0x60, 0x0, 0xbf, 0xff, 0xff, 0xff,
    0xff, 0xf1, 0x0, 0x4f, 0xe0, 0x2, 0xff, 0xdd,
    0xdd, 0xdd, 0xdf, 0xf0, 0x0, 0xb, 0xf7, 0xa,
    0xf7, 0x0, 0x0, 0x0, 0x3f, 0xb0, 0x0, 0x3,
    0x80, 0x3f, 0xe0, 0xd, 0xe0, 0x0, 0xbf, 0x30,
    0x0, 0x0, 0x0, 0xdf, 0x50, 0xe, 0xf0, 0x3,
    0xfc, 0x0, 0x0, 0x0, 0x1, 0xac, 0x0, 0xf,
    0xf0, 0x9, 0xf4, 0x0, 0x0, 0x2, 0x20, 0x0,
    0x0, 0xf, 0xf2, 0x0, 0x30, 0x0, 0x0, 0xb,
    0xf4, 0x0, 0x0, 0x2f, 0xf6, 0x0, 0x0, 0x0,
    0x0, 0x1f, 0xf0, 0x0, 0x0, 0x6f, 0xfb, 0x0,
    0x0, 0x0, 0x0, 0x6f, 0xa0, 0x0, 0x0, 0xcf,
    0xef, 0x20, 0x0, 0x0, 0x0, 0xcf, 0x40, 0x0,
    0x5, 0xfc, 0x4f, 0xc0, 0x0, 0x0, 0x2, 0xfe,
    0x0, 0x0, 0x2e, 0xf4, 0xc, 0xf7, 0x0, 0x0,
    0x7, 0xf9, 0x0, 0x2, 0xdf, 0x80, 0x2, 0xef,
    0x60, 0x0, 0xd, 0xf4, 0x0, 0x4e, 0xfb, 0x0,
    0x0, 0x4f, 0xf8, 0x0, 0x3f, 0xe0, 0x9, 0xff,
    0xa0, 0x0, 0x0, 0x5, 0xff, 0xc2, 0x2a, 0x80,
    0x7f, 0xf8, 0x0, 0x0, 0x0, 0x0, 0x4e, 0xf7,
    0x0, 0x0, 0xa, 0x30, 0x0, 0x0, 0x0, 0x0,
    0x1, 0x90,

    /* U+6B4C "歌" */
    0x0, 0x0, 0x0, 0x0, 0x0, 0x0, 0x0, 0x0,
    0x0, 0x0, 0x0, 0x0, 0x0, 0x0, 0x0, 0x0,
    0x9, 0xd2, 0x0, 0x0, 0x9d, 0xdd, 0xdd, 0xdd,
    0xdd, 0xd2, 0xe, 0xf0, 0x0, 0x0, 0xbf, 0xff,
    0xff, 0xff, 0xff, 0xf2, 0x2f, 0xb0, 0x0, 0x0,
    0x0, 0x0, 0x0, 0x0, 0xfa, 0x0, 0x8f, 0xb6,
    0x66, 0x63, 0x2, 0x22, 0x22, 0x10, 0xfa, 0x0,
    0xef, 0xff, 0xff, 0xf9, 0xe, 0xff, 0xff, 0x60,
    0xfa, 0x5, 0xfd, 0x77, 0x79, 0xf8, 0xe, 0x90,
    0xf, 0x60, 0xfa, 0xc, 0xf4, 0x75, 0xa, 0xf2,
    0xe, 0xff, 0xff, 0x60, 0xfa, 0x5f, 0xc0, 0xfa,
    0x2f, 0xb0, 0x2, 0x22, 0x22, 0x10, 0xfa, 0x4f,
    0x30, 0xfa, 0x2b, 0x50, 0x0, 0x0, 0x0, 0x0,
    0x10, 0x1, 0x0, 0xf9, 0x0, 0x0, 0xff, 0xff,
    0xff, 0xff, 0xff, 0xf7, 0x2, 0xfb, 0x0, 0x0,
    0x99, 0x99, 0x99, 0x99, 0xfd, 0x94, 0x3, 0xfd,
    0x0, 0x0, 0x0, 0x0, 0x0, 0x0, 0xfb, 0x0,
    0x7, 0xff, 0x10, 0x0, 0xf, 0xff, 0xff, 0x60,
    0xfb, 0x0, 0xc, 0xff, 0x60, 0x0, 0xf, 0x82,
    0x2f, 0x60, 0xfb, 0x0, 0x2f, 0xbd, 0xc0, 0x0,
    0xf, 0x70, 0x1f, 0x60, 0xfb, 0x0, 0xaf, 0x47,
    0xf6, 0x0, 0xf, 0xff, 0xff, 0x60, 0xfb, 0x6,
    0xfc, 0x0, 0xee, 0x10, 0x2, 0x22, 0x22, 0x2,
    0xfa, 0x4f, 0xf2, 0x0, 0x5f, 0xd1, 0x0, 0x0,
    0x3d, 0xdf, 0xfd, 0xff, 0x50, 0x0, 0x9, 0xfa,
    0x0, 0x0, 0x1f, 0xff, 0xc3, 0xe6, 0x0, 0x0,
    0x0, 0xb2, 0x0, 0x0, 0x0, 0x0, 0x0, 0x10,
    0x0, 0x0, 0x0, 0x0,

    /* U+6B62 "止" */
    0x0, 0x0, 0x0, 0x0, 0x0, 0x0, 0x0, 0x0,
    0x0, 0x0, 0x0, 0x0, 0x0, 0x0, 0xf, 0xf2,
    0x0, 0x0, 0x0, 0x0, 0x0, 0x0, 0x0, 0x0,
    0xff, 0x20, 0x0, 0x0, 0x0, 0x0, 0x0, 0x0,
    0x0, 0xf, 0xf2, 0x0, 0x0, 0x0, 0x0, 0x3,
    0x51, 0x0, 0x0, 0xff, 0x20, 0x0, 0x0, 0x0,
    0x0, 0xbf, 0x40, 0x0, 0xf, 0xf2, 0x0, 0x0,
    0x0, 0x0, 0xb, 0xf4, 0x0, 0x0, 0xff, 0x20,
    0x0, 0x0, 0x0, 0x0, 0xbf, 0x40, 0x0, 0xf,
    0xf2, 0x0, 0x0, 0x0, 0x0, 0xb, 0xf4, 0x0,
    0x0, 0xff, 0xff, 0xff, 0xff, 0xa0, 0x0, 0xbf,
    0x40, 0x0, 0xf, 0xfe, 0xee, 0xee, 0xe9, 0x0,
    0xb, 0xf4, 0x0, 0x0, 0xff, 0x20, 0x0, 0x0,
    0x0, 0x0, 0xbf, 0x40, 0x0, 0xf, 0xf2, 0x0,
    0x0, 0x0, 0x0, 0xb, 0xf4, 0x0, 0x0, 0xff,
    0x20, 0x0, 0x0, 0x0, 0x0, 0xbf, 0x40, 0x0,
    0xf, 0xf2, 0x0, 0x0, 0x0, 0x0, 0xb, 0xf4,
    0x0, 0x0, 0xff, 0x20, 0x0, 0x0, 0x0, 0x0,
    0xbf, 0x40, 0x0, 0xf, 0xf2, 0x0, 0x0, 0x0,
    0x0, 0xb, 0xf4, 0x0, 0x0, 0xff, 0x20, 0x0,
    0x0, 0x0, 0x0, 0xbf, 0x40, 0x0, 0xf, 0xf2,
    0x0, 0x0, 0x0, 0xff, 0xff, 0xff, 0xff, 0xff,
    0xff, 0xff, 0xff, 0xff, 0xff, 0xff, 0xff, 0xff,
    0xff, 0xff, 0xff, 0xff, 0xff, 0xff,

    /* U+6B63 "正" */
    0x2, 0xff, 0xff, 0xff, 0xff, 0xff, 0xff, 0xff,
    0xff, 0xf1, 0x2, 0xff, 0xff, 0xff, 0xff, 0xff,
    0xff, 0xff, 0xff, 0xf1, 0x0, 0x0, 0x0, 0x0,
    0x0, 0xcf, 0x20, 0x0, 0x0, 0x0, 0x0, 0x0,
    0x0, 0x0, 0x0, 0xcf, 0x20, 0x0, 0x0, 0x0,
    0x0, 0x1, 0xa7, 0x0, 0x0, 0xcf, 0x20, 0x0,
    0x0, 0x0, 0x0, 0x2, 0xfc, 0x0, 0x0, 0xcf,
    0x20, 0x0, 0x0, 0x0, 0x0, 0x2, 0xfc, 0x0,
    0x0, 0xcf, 0x20, 0x0, 0x0, 0x0, 0x0, 0x2,
    0xfc, 0x0, 0x0, 0xcf, 0xff, 0xff, 0xff, 0x60,
    0x0, 0x2, 0xfc, 0x0, 0x0, 0xcf, 0xff, 0xff,
    0xff, 0x60, 0x0, 0x2, 0xfc, 0x0, 0x0, 0xcf,
    0x20, 0x0, 0x0, 0x0, 0x0, 0x2, 0xfc, 0x0,
    0x0, 0xcf, 0x20, 0x0, 0x0, 0x0, 0x0, 0x2,
    0xfc, 0x0, 0x0, 0xcf, 0x20, 0x0, 0x0, 0x0,
    0x0, 0x2, 0xfc, 0x0, 0x0, 0xcf, 0x20, 0x0,
    0x0, 0x0, 0x0, 0x2, 0xfc, 0x0, 0x0, 0xcf,
    0x20, 0x0, 0x0, 0x0, 0x0, 0x2, 0xfc, 0x0,
    0x0, 0xcf, 0x20, 0x0, 0x0, 0x0, 0x2f, 0xff,
    0xff, 0xff, 0xff, 0xff, 0xff, 0xff, 0xff, 0xff,
    0x2f, 0xff, 0xff, 0xff, 0xff, 0xff, 0xff, 0xff,
    0xff, 0xff,

    /* U+6B64 "此" */
    0x0, 0x0, 0x0, 0x0, 0x0, 0x0, 0x65, 0x0,
    0x0, 0x0, 0x0, 0x0, 0x0, 0xef, 0x0, 0x0,
    0xfe, 0x0, 0x0, 0x0, 0x0, 0x0, 0x0, 0xef,
    0x0, 0x0, 0xfe, 0x0, 0x0, 0x0, 0x0, 0x0,
    0x0, 0xef, 0x0, 0x0, 0xfe, 0x0, 0x0, 0x0,
    0x0, 0x76, 0x0, 0xef, 0x0, 0x0, 0xfe, 0x0,
    0x0, 0x40, 0x0, 0xfe, 0x0, 0xef, 0x0, 0x0,
    0xfe, 0x0, 0x9, 0xf6, 0x0, 0xfe, 0x0, 0xef,
    0x0, 0x0, 0xfe, 0x0, 0xaf, 0xf5, 0x0, 0xfe,
    0x0, 0xef, 0xff, 0xd0, 0xfe, 0x1c, 0xfe, 0x30,
    0x0, 0xfe, 0x0, 0xef, 0xee, 0xb0, 0xff, 0xef,
    0xc1, 0x0, 0x0, 0xfe, 0x0, 0xef, 0x0, 0x0,
    0xff, 0xf9, 0x0, 0x0, 0x0, 0xfe, 0x0, 0xef,
    0x0, 0x0, 0xff, 0x50, 0x0, 0x0, 0x0, 0xfe,
    0x0, 0xef, 0x0, 0x0, 0xfe, 0x0, 0x0, 0x0,
    0x0, 0xfe, 0x0, 0xef, 0x0, 0x0, 0xfe, 0x0,
    0x0, 0x0, 0x0, 0xfe, 0x0, 0xef, 0x0, 0x0,
    0xfe, 0x0, 0x0, 0x96, 0x0, 0xfe, 0x0, 0xef,
    0x0, 0x0, 0xfe, 0x0, 0x0, 0xfe, 0x0, 0xfe,
    0x0, 0xef, 0x3, 0x50, 0xfe, 0x0, 0x0, 0xfd,
    0x0, 0xfe, 0x15, 0xef, 0xff, 0xc0, 0xfe, 0x0,
    0x0, 0xfc, 0x27, 0xff, 0xff, 0xff, 0xfc, 0x70,
    0xff, 0x20, 0x4, 0xfa, 0x8f, 0xff, 0xea, 0x73,
    0x0, 0x0, 0xcf, 0xfe, 0xef, 0xf7, 0x49, 0x51,
    0x0, 0x0, 0x0, 0x0, 0x2b, 0xff, 0xfe, 0x90,

    /* U+6B65 "步" */
    0x0, 0x0, 0x0, 0x0, 0x5, 0x60, 0x0, 0x0,
    0x0, 0x0, 0x0, 0x0, 0x0, 0x0, 0xe, 0xf0,
    0x0, 0x0, 0x0, 0x0, 0x0, 0x6, 0xb4, 0x0,
    0xe, 0xf0, 0x0, 0x0, 0x0, 0x0, 0x0, 0x8,
    0xf5, 0x0, 0xe, 0xff, 0xff, 0xff, 0xff, 0x30,
    0x0, 0x8, 0xf5, 0x0, 0xe, 0xfd, 0xdd, 0xdd,
    0xdd, 0x20, 0x0, 0x8, 0xf5, 0x0, 0xe, 0xf0,
    0x0, 0x0, 0x0, 0x0, 0x0, 0x8, 0xf5, 0x0,
    0xe, 0xf0, 0x0, 0x0, 0x0, 0x0, 0x0, 0x8,
    0xf5, 0x0, 0xe, 0xf0, 0x0, 0x0, 0x0, 0x0,
    0xff, 0xff, 0xff, 0xff, 0xff, 0xff, 0xff, 0xff,
    0xff, 0xf7, 0xdd, 0xdd, 0xdd, 0xdd, 0xde, 0xfe,
    0xdd, 0xdd, 0xdd, 0xd5, 0x0, 0x0, 0x0, 0x0,
    0x9, 0xf6, 0x0, 0x0, 0x0, 0x0, 0x0, 0x0,
    0x2d, 0x40, 0x9, 0xf6, 0x0, 0x0, 0x40, 0x0,
    0x0, 0x3, 0xef, 0xa0, 0x9, 0xf6, 0x0, 0x6,
    0xfd, 0x0, 0x0, 0x6f, 0xf9, 0x0, 0x9, 0xf6,
    0x0, 0x6f, 0xf5, 0x0, 0xa, 0xff, 0x70, 0x0,
    0x9, 0xf6, 0xa, 0xff, 0x50, 0x0, 0x5f, 0xe4,
    0x0, 0x0, 0x6, 0xaa, 0xef, 0xe3, 0x0, 0x0,
    0x8, 0x10, 0x0, 0x0, 0x17, 0xdf, 0xfa, 0x10,
    0x0, 0x0, 0x0, 0x0, 0x2, 0x6b, 0xff, 0xfc,
    0x30, 0x0, 0x0, 0x0, 0x25, 0x8b, 0xef, 0xff,
    0xf9, 0x20, 0x0, 0x0, 0x0, 0x0, 0x8f, 0xff,
    0xfd, 0x94, 0x0, 0x0, 0x0, 0x0, 0x0, 0x0,
    0x2a, 0x74, 0x0, 0x0, 0x0, 0x0, 0x0, 0x0,
    0x0, 0x0,

    /* U+6BB5 "段" */
    0x0, 0x0, 0x1, 0x36, 0x70, 0x0, 0x0, 0x0,
    0x0, 0x0, 0x0, 0xc, 0xef, 0xff, 0xff, 0x22,
    0xdd, 0xdd, 0xdd, 0xb0, 0x0, 0x0, 0xff, 0xff,
    0xc8, 0x40, 0x3f, 0xff, 0xff, 0xfd, 0x0, 0x0,
    0xf, 0xe2, 0x0, 0x0, 0x3, 0xf9, 0x0, 0xf,
    0xd0, 0x0, 0x0, 0xfd, 0x0, 0x0, 0x0, 0x3f,
    0x80, 0x0, 0xfd, 0x0, 0x0, 0xf, 0xe4, 0x44,
    0x41, 0x6, 0xf7, 0x0, 0xf, 0xd0, 0x0, 0x0,
    0xff, 0xff, 0xff, 0x60, 0xdf, 0x40, 0x0, 0xef,
    0xec, 0x0, 0xf, 0xe8, 0x88, 0x83, 0x7f, 0xb0,
    0x0, 0x8, 0xff, 0xd0, 0x0, 0xfd, 0x0, 0x0,
    0x0, 0x71, 0x0, 0x0, 0x0, 0x0, 0x0, 0xf,
    0xd0, 0x0, 0x0, 0xb, 0xbb, 0xbb, 0xbb, 0xb7,
    0x0, 0x0, 0xff, 0xdd, 0xdd, 0x50, 0xff, 0xff,
    0xff, 0xff, 0xa0, 0x0, 0xf, 0xff, 0xff, 0xf6,
    0xc, 0xf4, 0x11, 0x17, 0xf8, 0x0, 0x0, 0xfd,
    0x0, 0x0, 0x0, 0x4f, 0xa0, 0x0, 0xcf, 0x20,
    0x0, 0xf, 0xd0, 0x0, 0x0, 0x0, 0xcf, 0x30,
    0x6f, 0xa0, 0x0, 0x0, 0xfd, 0x35, 0x7a, 0xc0,
    0x2, 0xfe, 0x5f, 0xe1, 0x0, 0xb, 0xef, 0xff,
    0xff, 0xfe, 0x0, 0x5, 0xff, 0xf3, 0x0, 0x0,
    0xbc, 0xfe, 0x64, 0x20, 0x0, 0x1, 0xaf, 0xfe,
    0x50, 0x0, 0x0, 0xf, 0xd0, 0x0, 0x0, 0x29,
    0xff, 0xa5, 0xef, 0xb3, 0x0, 0x0, 0xfd, 0x0,
    0x1, 0xcf, 0xfc, 0x30, 0x1, 0xaf, 0xfb, 0x0,
    0xf, 0xd0, 0x0, 0xa, 0xa3, 0x0, 0x0, 0x0,
    0x2b, 0x60,

    /* U+6BCF "每" */
    0x0, 0x0, 0x1d, 0x80, 0x0, 0x0, 0x0, 0x0,
    0x0, 0x0, 0x0, 0x0, 0xbf, 0x80, 0x0, 0x0,
    0x0, 0x0, 0x0, 0x0, 0x0, 0x7, 0xff, 0xff,
    0xff, 0xff, 0xff, 0xff, 0xff, 0xf6, 0x0, 0x4f,
    0xfd, 0xdd, 0xdd, 0xdd, 0xdd, 0xdd, 0xdd, 0xd5,
    0x3, 0xff, 0x90, 0x0, 0x0, 0x0, 0x0, 0x0,
    0x0, 0x0, 0x1e, 0xfe, 0xdd, 0xdd, 0xdd, 0xdd,
    0xdd, 0xdd, 0xd6, 0x0, 0xb, 0xb5, 0xff, 0xff,
    0xff, 0xff, 0xff, 0xff, 0xf6, 0x0, 0x1, 0x6,
    0xf7, 0x0, 0x9b, 0x20, 0x0, 0x7, 0xf6, 0x0,
    0x0, 0x8, 0xf6, 0x0, 0xbf, 0xf7, 0x0, 0x8,
    0xf5, 0x0, 0x0, 0x9, 0xf4, 0x0, 0x6, 0xff,
    0x70, 0x8, 0xf5, 0x0, 0x0, 0xb, 0xf2, 0x0,
    0x0, 0x2b, 0x10, 0x9, 0xf4, 0x0, 0x6f, 0xff,
    0xff, 0xff, 0xff, 0xff, 0xff, 0xff, 0xff, 0xff,
    0x5d, 0xdf, 0xfd, 0xdd, 0xed, 0xdd, 0xdd, 0xdf,
    0xfd, 0xdd, 0x0, 0x1f, 0xc0, 0x0, 0xde, 0x82,
    0x0, 0xb, 0xf2, 0x0, 0x0, 0x3f, 0x90, 0x0,
    0x5, 0xbf, 0x20, 0xc, 0xf1, 0x0, 0x0, 0x5f,
    0xed, 0xdd, 0xdd, 0xde, 0xdd, 0xdf, 0xfd, 0xd6,
    0x0, 0x8f, 0xff, 0xff, 0xff, 0xff, 0xff, 0xff,
    0xff, 0xf7, 0x0, 0x0, 0x0, 0x0, 0x0, 0x0,
    0x0, 0x3f, 0xf0, 0x0, 0x0, 0x0, 0x0, 0x0,
    0x3, 0xdd, 0xdd, 0xff, 0xc0, 0x0, 0x0, 0x0,
    0x0, 0x0, 0x1, 0xff, 0xff, 0xfc, 0x20, 0x0,

    /* U+6BD4 "比" */
    0x0, 0x0, 0x0, 0x0, 0x2, 0x20, 0x0, 0x0,
    0x0, 0x0, 0xee, 0x0, 0x0, 0x0, 0xff, 0x0,
    0x0, 0x0, 0x0, 0xf, 0xf0, 0x0, 0x0, 0xf,
    0xf0, 0x0, 0x0, 0x0, 0x0, 0xff, 0x0, 0x0,
    0x0, 0xff, 0x0, 0x0, 0x0, 0x0, 0xf, 0xf0,
    0x0, 0x0, 0xf, 0xf0, 0x0, 0x0, 0xc5, 0x0,
    0xff, 0x0, 0x0, 0x0, 0xff, 0x0, 0x1, 0xdf,
    0xc0, 0xf, 0xf0, 0x0, 0x0, 0xf, 0xf0, 0x3,
    0xef, 0xc1, 0x0, 0xff, 0xff, 0xff, 0xf2, 0xff,
    0x5, 0xff, 0xa0, 0x0, 0xf, 0xff, 0xff, 0xff,
    0x1f, 0xf9, 0xff, 0x80, 0x0, 0x0, 0xff, 0x0,
    0x0, 0x0, 0xff, 0xff, 0x50, 0x0, 0x0, 0xf,
    0xf0, 0x0, 0x0, 0xf, 0xfd, 0x20, 0x0, 0x0,
    0x0, 0xff, 0x0, 0x0, 0x0, 0xff, 0x0, 0x0,
    0x0, 0x0, 0xf, 0xf0, 0x0, 0x0, 0xf, 0xf0,
    0x0, 0x0, 0x0, 0x0, 0xff, 0x0, 0x0, 0x0,
    0xff, 0x0, 0x0, 0xa, 0xa0, 0xf, 0xf0, 0x0,
    0x0, 0xf, 0xf0, 0x0, 0x0, 0xdf, 0x0, 0xff,
    0x0, 0x2, 0x80, 0xff, 0x0, 0x0, 0xd, 0xf0,
    0xf, 0xf0, 0x4b, 0xff, 0xf, 0xf0, 0x0, 0x0,
    0xef, 0x0, 0xff, 0xdf, 0xff, 0x90, 0xef, 0x40,
    0x0, 0x3f, 0xe0, 0x7f, 0xff, 0xd7, 0x10, 0xb,
    0xff, 0xff, 0xff, 0xfa, 0x2, 0xfb, 0x50, 0x0,
    0x0, 0x2b, 0xee, 0xee, 0xea, 0x10, 0x2, 0x0,
    0x0, 0x0, 0x0, 0x0, 0x0, 0x0, 0x0, 0x0,

    /* U+6C14 "气" */
    0x0, 0x0, 0x0, 0x0, 0x0, 0x0, 0x0, 0x0,
    0x0, 0x0, 0x0, 0x0, 0xeb, 0x10, 0x0, 0x0,
    0x0, 0x0, 0x0, 0x0, 0x0, 0x5, 0xfd, 0x0,
    0x0, 0x0, 0x0, 0x0, 0x0, 0x0, 0x0, 0xc,
    0xfe, 0xdd, 0xdd, 0xdd, 0xdd, 0xdd, 0xdd, 0x60,
    0x0, 0x3f, 0xff, 0xff, 0xff, 0xff, 0xff, 0xff,
    0xff, 0x70, 0x0, 0xcf, 0x50, 0x0, 0x0, 0x0,
    0x0, 0x0, 0x0, 0x0, 0x6, 0xfd, 0x0, 0x0,
    0x0, 0x0, 0x0, 0x0, 0x0, 0x0, 0x2f, 0xf5,
    0xff, 0xff, 0xff, 0xff, 0xff, 0xff, 0xf0, 0x0,
    0xaf, 0xc0, 0xdd, 0xdd, 0xdd, 0xdd, 0xdd, 0xdd,
    0xd0, 0x0, 0x2e, 0x20, 0x0, 0x0, 0x0, 0x0,
    0x0, 0x0, 0x0, 0x0, 0x1, 0x0, 0x0, 0x0,
    0x0, 0x0, 0x0, 0x0, 0x0, 0x0, 0x6, 0xff,
    0xff, 0xff, 0xff, 0xff, 0xff, 0xf8, 0x0, 0x0,
    0x5, 0xdd, 0xdd, 0xdd, 0xdd, 0xdd, 0xde, 0xf8,
    0x0, 0x0, 0x0, 0x0, 0x0, 0x0, 0x0, 0x0,
    0x6, 0xf8, 0x0, 0x0, 0x0, 0x0, 0x0, 0x0,
    0x0, 0x0, 0x6, 0xf8, 0x0, 0x0, 0x0, 0x0,
    0x0, 0x0, 0x0, 0x0, 0x6, 0xf9, 0x2, 0x10,
    0x0, 0x0, 0x0, 0x0, 0x0, 0x0, 0x4, 0xfa,
    0x7, 0xf4, 0x0, 0x0, 0x0, 0x0, 0x0, 0x0,
    0x2, 0xfd, 0xb, 0xf1, 0x0, 0x0, 0x0, 0x0,
    0x0, 0x0, 0x0, 0xef, 0x5f, 0xd0, 0x0, 0x0,
    0x0, 0x0, 0x0, 0x0, 0x0, 0x8f, 0xff, 0x80,
    0x0, 0x0, 0x0, 0x0, 0x0, 0x0, 0x0, 0xa,
    0xfb, 0x0,

    /* U+6C34 "水" */
    0x0, 0x0, 0x0, 0x0, 0xb, 0xc0, 0x0, 0x0,
    0x0, 0x0, 0x0, 0x0, 0x0, 0x0, 0xe, 0xf0,
    0x0, 0x0, 0x0, 0x0, 0x0, 0x0, 0x0, 0x0,
    0xe, 0xf0, 0x0, 0x0, 0x0, 0x0, 0x0, 0x0,
    0x0, 0x0, 0xe, 0xf2, 0x0, 0x0, 0x19, 0x0,
    0x0, 0x0, 0x0, 0x0, 0xe, 0xf7, 0x0, 0x1,
    0xdf, 0x80, 0xf, 0xff, 0xff, 0xf8, 0xe, 0xfc,
    0x0, 0x2d, 0xfc, 0x10, 0xf, 0xff, 0xff, 0xf9,
    0xe, 0xff, 0x22, 0xef, 0xc0, 0x0, 0x0, 0x0,
    0x5, 0xf6, 0xe, 0xff, 0xcf, 0xfb, 0x0, 0x0,
    0x0, 0x0, 0xa, 0xf2, 0xe, 0xfa, 0xff, 0x90,
    0x0, 0x0, 0x0, 0x0, 0xe, 0xe0, 0xe, 0xf3,
    0xfc, 0x0, 0x0, 0x0, 0x0, 0x0, 0x6f, 0x90,
    0xe, 0xf0, 0xcf, 0x30, 0x0, 0x0, 0x0, 0x0,
    0xdf, 0x20, 0xe, 0xf0, 0x3f, 0xd1, 0x0, 0x0,
    0x0, 0x5, 0xfb, 0x0, 0xe, 0xf0, 0x8, 0xfb,
    0x0, 0x0, 0x0, 0x1e, 0xf4, 0x0, 0xe, 0xf0,
    0x0, 0xdf, 0xa0, 0x0, 0x0, 0xbf, 0xa0, 0x0,
    0xe, 0xf0, 0x0, 0x2e, 0xfa, 0x0, 0x9, 0xfe,
    0x10, 0x0, 0xe, 0xf0, 0x0, 0x3, 0xff, 0xd2,
    0x5f, 0xf3, 0x0, 0x0, 0xe, 0xf0, 0x0, 0x0,
    0x4f, 0xfa, 0x1e, 0x50, 0x0, 0x0, 0x3f, 0xf0,
    0x0, 0x0, 0x3, 0xe2, 0x1, 0x0, 0xa, 0xff,
    0xff, 0xd0, 0x0, 0x0, 0x0, 0x0, 0x0, 0x0,
    0x6, 0xff, 0xfd, 0x40, 0x0, 0x0, 0x0, 0x0,

    /* U+6C42 "求" */
    0x0, 0x0, 0x0, 0x0, 0x8, 0xd2, 0x4, 0x80,
    0x0, 0x0, 0x0, 0x0, 0x0, 0x0, 0x0, 0xaf,
    0x30, 0xcf, 0xa0, 0x0, 0x0, 0x0, 0x0, 0x0,
    0x0, 0xa, 0xf3, 0x1, 0xcf, 0xb0, 0x0, 0x0,
    0x0, 0x0, 0x0, 0x0, 0xaf, 0x30, 0x0, 0xbb,
    0x0, 0x0, 0xf, 0xff, 0xff, 0xff, 0xff, 0xff,
    0xff, 0xff, 0xff, 0xfa, 0x0, 0xdd, 0xdd, 0xdd,
    0xdd, 0xff, 0xed, 0xdd, 0xdd, 0xdd, 0x80, 0x0,
    0x4, 0x0, 0x0, 0xa, 0xf4, 0x0, 0x0, 0x2,
    0x0, 0x0, 0x7, 0xf6, 0x0, 0x0, 0xaf, 0xa0,
    0x0, 0x5, 0xf6, 0x0, 0x0, 0x2e, 0xf5, 0x0,
    0xa, 0xff, 0x10, 0x4, 0xff, 0x40, 0x0, 0x0,
    0x3f, 0xf3, 0x0, 0xaf, 0xf9, 0x5, 0xff, 0x40,
    0x0, 0x0, 0x0, 0x5f, 0xc0, 0xb, 0xfe, 0xf8,
    0xff, 0x30, 0x0, 0x0, 0x0, 0x0, 0x61, 0x2c,
    0xff, 0x5f, 0xfe, 0x30, 0x0, 0x0, 0x0, 0x0,
    0x0, 0x7f, 0xff, 0xf3, 0x7f, 0xb0, 0x0, 0x0,
    0x0, 0x0, 0x3, 0xdf, 0xf6, 0xaf, 0x30, 0xbf,
    0xa0, 0x0, 0x0, 0x0, 0x1a, 0xff, 0xb1, 0xa,
    0xf3, 0x0, 0xdf, 0xc1, 0x0, 0x0, 0x7f, 0xfe,
    0x50, 0x0, 0xaf, 0x30, 0x1, 0xcf, 0xf6, 0x0,
    0x4f, 0xf9, 0x10, 0x0, 0xa, 0xf3, 0x0, 0x0,
    0xaf, 0xfc, 0x0, 0x94, 0x0, 0x0, 0x0, 0xcf,
    0x20, 0x0, 0x0, 0x5e, 0x80, 0x0, 0x0, 0x7,
    0xee, 0xff, 0xf0, 0x0, 0x0, 0x0, 0x10, 0x0,
    0x0, 0x0, 0x4f, 0xff, 0xd5, 0x0, 0x0, 0x0,
    0x0, 0x0,

    /* U+6C47 "汇" */
    0x0, 0x0, 0x0, 0x0, 0x0, 0x0, 0x0, 0x0,
    0x0, 0x0, 0x0, 0x5, 0xc2, 0x0, 0x0, 0x0,
    0x0, 0x0, 0x0, 0x0, 0x0, 0x0, 0xaf, 0xf6,
    0x0, 0xff, 0xff, 0xff, 0xff, 0xff, 0xff, 0x10,
    0x0, 0x7f, 0xfa, 0xf, 0xff, 0xff, 0xff, 0xff,
    0xff, 0xf1, 0x0, 0x0, 0x3e, 0xe0, 0xff, 0x0,
    0x0, 0x0, 0x0, 0x0, 0x0, 0x10, 0x0, 0x13,
    0xf, 0xf0, 0x0, 0x0, 0x0, 0x0, 0x0, 0xa,
    0xd3, 0x0, 0x0, 0xff, 0x0, 0x0, 0x0, 0x0,
    0x0, 0x0, 0xcf, 0xf7, 0x0, 0xf, 0xf0, 0x0,
    0x0, 0x0, 0x0, 0x0, 0x0, 0x7f, 0xfb, 0x10,
    0xff, 0x0, 0x0, 0x0, 0x0, 0x0, 0x0, 0x0,
    0x3d, 0xf2, 0xf, 0xf0, 0x0, 0x0, 0x0, 0x0,
    0x0, 0x0, 0x0, 0x4, 0x0, 0xff, 0x0, 0x0,
    0x0, 0x0, 0x0, 0x0, 0x0, 0x1, 0x10, 0xf,
    0xf0, 0x0, 0x0, 0x0, 0x0, 0x0, 0x0, 0x0,
    0x9f, 0x40, 0xff, 0x0, 0x0, 0x0, 0x0, 0x0,
    0x0, 0x0, 0x1f, 0xf0, 0xf, 0xf0, 0x0, 0x0,
    0x0, 0x0, 0x0, 0x0, 0x7, 0xf9, 0x0, 0xff,
    0x0, 0x0, 0x0, 0x0, 0x0, 0x0, 0x0, 0xef,
    0x20, 0xf, 0xf0, 0x0, 0x0, 0x0, 0x0, 0x0,
    0x0, 0x5f, 0xb0, 0x0, 0xff, 0x0, 0x0, 0x0,
    0x0, 0x0, 0x0, 0xd, 0xf4, 0x0, 0xf, 0xfe,
    0xee, 0xee, 0xee, 0xee, 0xe5, 0x4, 0xfd, 0x0,
    0x0, 0xff, 0xff, 0xff, 0xff, 0xff, 0xff, 0x60,
    0x6, 0x50, 0x0, 0x0, 0x0, 0x0, 0x0, 0x0,
    0x0, 0x0,

    /* U+6C60 "池" */
    0x0, 0x0, 0x0, 0x0, 0x0, 0x0, 0xb9, 0x0,
    0x0, 0x0, 0x4, 0xd2, 0x0, 0x0, 0x0, 0x0,
    0xfd, 0x0, 0x0, 0x0, 0xa, 0xff, 0x50, 0x9,
    0x80, 0x0, 0xfd, 0x0, 0x0, 0x0, 0x0, 0x8f,
    0xf7, 0xf, 0xe0, 0x0, 0xfd, 0x0, 0x0, 0x0,
    0x0, 0x4, 0xf5, 0xf, 0xe0, 0x0, 0xfd, 0x1,
    0x6c, 0x10, 0x0, 0x0, 0x10, 0xf, 0xe0, 0x0,
    0xfe, 0xbf, 0xff, 0x10, 0x39, 0x0, 0x0, 0xf,
    0xe3, 0x7c, 0xff, 0xfb, 0xdf, 0x0, 0xaf, 0xd3,
    0x0, 0x4f, 0xff, 0xff, 0xfe, 0x10, 0xcf, 0x0,
    0x9, 0xff, 0x6a, 0xff, 0xf9, 0x50, 0xfd, 0x0,
    0xdf, 0x0, 0x0, 0x6f, 0x95, 0x8f, 0xe0, 0x0,
    0xfd, 0x0, 0xdf, 0x0, 0x0, 0x3, 0x0, 0xf,
    0xe0, 0x0, 0xfd, 0x0, 0xee, 0x0, 0x0, 0x0,
    0x0, 0xf, 0xe0, 0x0, 0xfd, 0x0, 0xfe, 0x0,
    0x0, 0x8, 0xc2, 0xf, 0xe0, 0x0, 0xfd, 0x8d,
    0xfb, 0x0, 0x0, 0xe, 0xf1, 0xf, 0xe0, 0x0,
    0xfd, 0x8f, 0xd3, 0x0, 0x0, 0x4f, 0xa0, 0xf,
    0xe0, 0x0, 0xfd, 0x0, 0x6, 0xc3, 0x0, 0xaf,
    0x40, 0xf, 0xe0, 0x0, 0xfd, 0x0, 0x7, 0xf5,
    0x1, 0xfe, 0x0, 0xf, 0xe0, 0x0, 0x0, 0x0,
    0x7, 0xf4, 0x6, 0xf8, 0x0, 0xf, 0xf1, 0x0,
    0x0, 0x0, 0xa, 0xf3, 0xd, 0xf2, 0x0, 0xb,
    0xff, 0xdd, 0xdd, 0xdd, 0xef, 0xf1, 0x1f, 0xc0,
    0x0, 0x2, 0xbe, 0xff, 0xff, 0xff, 0xfd, 0x50,
    0x1, 0x30, 0x0, 0x0, 0x0, 0x0, 0x0, 0x0,
    0x0, 0x0,

    /* U+6CA1 "没" */
    0x0, 0x20, 0x0, 0x0, 0x0, 0x0, 0x0, 0x0,
    0x0, 0x0, 0x1, 0xeb, 0x10, 0x0, 0x8d, 0xdd,
    0xdd, 0xdd, 0x80, 0x0, 0x2, 0xdf, 0xd3, 0x0,
    0xaf, 0xff, 0xff, 0xff, 0xa0, 0x0, 0x0, 0xa,
    0xff, 0x40, 0xaf, 0x30, 0x0, 0x4f, 0xa0, 0x0,
    0x0, 0x0, 0x7f, 0x20, 0xcf, 0x20, 0x0, 0x4f,
    0xa0, 0x0, 0x0, 0x0, 0x1, 0x2, 0xfe, 0x0,
    0x0, 0x4f, 0xc0, 0x0, 0x2e, 0x60, 0x0, 0x3e,
    0xf8, 0x0, 0x0, 0x2f, 0xff, 0xf9, 0x6f, 0xfb,
    0x10, 0xbf, 0xb0, 0x0, 0x0, 0x6, 0xcd, 0xd6,
    0x4, 0xef, 0xe3, 0x6, 0x0, 0x0, 0x0, 0x0,
    0x0, 0x0, 0x0, 0x1b, 0xf1, 0xd, 0xdd, 0xdd,
    0xdd, 0xdd, 0xdc, 0x0, 0x0, 0x0, 0x20, 0xf,
    0xff, 0xff, 0xff, 0xff, 0xff, 0x0, 0x0, 0x0,
    0x0, 0xb, 0xf7, 0x0, 0x0, 0x8, 0xfa, 0x0,
    0x0, 0x2, 0x91, 0x1, 0xff, 0x20, 0x0, 0x2f,
    0xf2, 0x0, 0x0, 0x9, 0xf7, 0x0, 0x7f, 0xd1,
    0x1, 0xdf, 0x70, 0x0, 0x0, 0x1f, 0xf1, 0x0,
    0x9, 0xfc, 0x3d, 0xfa, 0x0, 0x0, 0x0, 0x7f,
    0x90, 0x0, 0x0, 0xbf, 0xff, 0xa0, 0x0, 0x0,
    0x0, 0xef, 0x20, 0x0, 0x2, 0xbf, 0xff, 0x81,
    0x0, 0x0, 0x5, 0xfb, 0x0, 0x3, 0xaf, 0xfd,
    0x8f, 0xff, 0x82, 0x0, 0xc, 0xf4, 0x17, 0xdf,
    0xfe, 0x70, 0x1, 0x9f, 0xff, 0xc5, 0x1c, 0xd0,
    0x1f, 0xfd, 0x60, 0x0, 0x0, 0x1, 0x8e, 0xf6,
    0x0, 0x10, 0x5, 0x30, 0x0, 0x0, 0x0, 0x0,
    0x0, 0x50,

    /* U+6CBF "沿" */
    0x0, 0x40, 0x0, 0x0, 0x0, 0x0, 0x0, 0x0,
    0x0, 0x0, 0x5, 0xfa, 0x0, 0x0, 0xad, 0xdd,
    0xdd, 0xdd, 0xb0, 0x0, 0x2, 0xdf, 0xd2, 0x0,
    0xdf, 0xff, 0xff, 0xff, 0xd0, 0x0, 0x0, 0xb,
    0xfe, 0x10, 0xdf, 0x0, 0x0, 0xf, 0xd0, 0x0,
    0x0, 0x0, 0x8a, 0x0, 0xdf, 0x0, 0x0, 0xf,
    0xd0, 0x0, 0x2, 0x0, 0x0, 0x0, 0xff, 0x0,
    0x0, 0xf, 0xd0, 0x0, 0x6f, 0x50, 0x0, 0x4,
    0xfd, 0x0, 0x0, 0xf, 0xf0, 0x0, 0x6f, 0xf8,
    0x0, 0x1d, 0xf8, 0x0, 0x0, 0xd, 0xfe, 0xda,
    0x4, 0xef, 0xb2, 0xdf, 0xe1, 0x0, 0x0, 0x5,
    0xef, 0xf9, 0x0, 0x2d, 0xd0, 0xad, 0x20, 0x0,
    0x0, 0x0, 0x0, 0x0, 0x0, 0x0, 0x20, 0x1,
    0x0, 0x0, 0x0, 0x0, 0x0, 0x0, 0x0, 0x0,
    0x0, 0xe, 0xff, 0xff, 0xff, 0xff, 0xfd, 0x0,
    0x0, 0x7, 0x71, 0xe, 0xfd, 0xdd, 0xdd, 0xdd,
    0xfd, 0x0, 0x0, 0xf, 0xf1, 0xe, 0xf0, 0x0,
    0x0, 0x1, 0xfd, 0x0, 0x0, 0x6f, 0xa0, 0xe,
    0xf0, 0x0, 0x0, 0x1, 0xfd, 0x0, 0x0, 0xcf,
    0x40, 0xe, 0xf0, 0x0, 0x0, 0x1, 0xfd, 0x0,
    0x3, 0xfe, 0x0, 0xe, 0xf0, 0x0, 0x0, 0x1,
    0xfd, 0x0, 0x9, 0xf7, 0x0, 0xe, 0xfd, 0xdd,
    0xdd, 0xdd, 0xfd, 0x0, 0xf, 0xf1, 0x0, 0xe,
    0xff, 0xff, 0xff, 0xff, 0xfd, 0x0, 0x17, 0x90,
    0x0, 0xe, 0xf0, 0x0, 0x0, 0x0, 0xfc, 0x0,

    /* U+6CD5 "法" */
    0x0, 0x0, 0x0, 0x0, 0x0, 0x1, 0x53, 0x0,
    0x0, 0x0, 0x0, 0x92, 0x0, 0x0, 0x0, 0x3,
    0xfc, 0x0, 0x0, 0x0, 0x5, 0xff, 0x70, 0x0,
    0x0, 0x3, 0xfc, 0x0, 0x0, 0x0, 0x0, 0x5e,
    0xfc, 0x0, 0x0, 0x3, 0xfc, 0x0, 0x0, 0x0,
    0x0, 0x1, 0xca, 0xf, 0xff, 0xff, 0xff, 0xff,
    0xff, 0xe0, 0x0, 0x0, 0x0, 0xd, 0xdd, 0xde,
    0xff, 0xdd, 0xdd, 0xc0, 0x6, 0x10, 0x0, 0x0,
    0x0, 0x3, 0xfc, 0x0, 0x0, 0x0, 0x3f, 0xe4,
    0x0, 0x0, 0x0, 0x3, 0xfc, 0x0, 0x0, 0x0,
    0x9, 0xff, 0x70, 0x0, 0x0, 0x3, 0xfc, 0x0,
    0x0, 0x0, 0x0, 0x6f, 0xf2, 0x0, 0x0, 0x3,
    0xfc, 0x0, 0x0, 0x0, 0x0, 0x3, 0x63, 0xff,
    0xff, 0xff, 0xff, 0xff, 0xff, 0xff, 0x0, 0x0,
    0x2, 0xdd, 0xdd, 0xef, 0xfd, 0xdd, 0xdd, 0xdd,
    0x0, 0x3, 0x50, 0x0, 0x0, 0x9f, 0x90, 0x0,
    0x0, 0x0, 0x0, 0xa, 0xf6, 0x0, 0x4, 0xfe,
    0x10, 0x49, 0x0, 0x0, 0x0, 0x1f, 0xf1, 0x0,
    0xe, 0xf5, 0x0, 0xdf, 0x60, 0x0, 0x0, 0x6f,
    0xa0, 0x0, 0xaf, 0xb0, 0x0, 0x3f, 0xf1, 0x0,
    0x0, 0xcf, 0x40, 0x6, 0xfe, 0x10, 0x0, 0x8,
    0xfb, 0x0, 0x3, 0xfe, 0x0, 0x4f, 0xf7, 0x34,
    0x56, 0x78, 0xff, 0x50, 0x9, 0xf8, 0x0, 0xaf,
    0xff, 0xff, 0xff, 0xff, 0xff, 0xe1, 0xf, 0xf2,
    0x0, 0x4d, 0xcb, 0xa9, 0x87, 0x54, 0x3a, 0xf8,
    0x4, 0x70, 0x0, 0x0, 0x0, 0x0, 0x0, 0x0,
    0x1, 0x60,

    /* U+6CE1 "泡" */
    0x0, 0x0, 0x0, 0x0, 0x3, 0x0, 0x0, 0x0,
    0x0, 0x0, 0x0, 0x8, 0x10, 0x0, 0x2, 0xfa,
    0x0, 0x0, 0x0, 0x0, 0x0, 0x5, 0xfe, 0x30,
    0x0, 0x9f, 0x50, 0x0, 0x0, 0x0, 0x0, 0x0,
    0x8, 0xff, 0x60, 0x2f, 0xff, 0xff, 0xff, 0xff,
    0xff, 0x0, 0x0, 0x5, 0xfe, 0xc, 0xfe, 0xdd,
    0xdd, 0xdd, 0xdf, 0xe0, 0x0, 0x0, 0x3, 0x36,
    0xfd, 0x0, 0x0, 0x0, 0x0, 0xee, 0x0, 0x7,
    0x10, 0x3, 0xff, 0x20, 0x0, 0x0, 0x0, 0xf,
    0xe0, 0x5, 0xfe, 0x30, 0xaf, 0xff, 0xff, 0xff,
    0xf0, 0x0, 0xfe, 0x0, 0x8, 0xff, 0x70, 0x5f,
    0xfd, 0xdd, 0xff, 0x0, 0xf, 0xe0, 0x0, 0x5,
    0xff, 0x10, 0xfd, 0x0, 0xd, 0xf0, 0x0, 0xfd,
    0x0, 0x0, 0x3, 0x50, 0xf, 0xd0, 0x0, 0xdf,
    0x0, 0xf, 0xd0, 0x0, 0x0, 0x0, 0x0, 0xfd,
    0x11, 0x1d, 0xf0, 0x0, 0xfd, 0x0, 0x0, 0x5,
    0xb3, 0xf, 0xff, 0xff, 0xff, 0x0, 0x1f, 0xc0,
    0x0, 0x0, 0xbf, 0x40, 0xff, 0xaa, 0xaa, 0xa0,
    0x8, 0xfb, 0x0, 0x0, 0x2f, 0xe0, 0xf, 0xd0,
    0x0, 0xaf, 0xff, 0xff, 0xa0, 0x0, 0x8, 0xf8,
    0x0, 0xfd, 0x0, 0x6, 0xdd, 0xdb, 0x7a, 0xf2,
    0x0, 0xef, 0x20, 0xf, 0xd0, 0x0, 0x0, 0x0,
    0x0, 0xbf, 0x10, 0x4f, 0xc0, 0x0, 0xff, 0x20,
    0x0, 0x0, 0x0, 0x1e, 0xf0, 0xb, 0xf5, 0x0,
    0xc, 0xff, 0xdd, 0xdd, 0xdd, 0xdf, 0xfd, 0x0,
    0xcf, 0x0, 0x0, 0x2b, 0xef, 0xff, 0xff, 0xff,
    0xfd, 0x40, 0x0, 0x10, 0x0, 0x0, 0x0, 0x0,
    0x0, 0x0, 0x0, 0x0, 0x0,

    /* U+6CE2 "波" */
    0x0, 0x0, 0x0, 0x0, 0x0, 0x0, 0x7, 0x60,
    0x0, 0x0, 0x0, 0x7, 0x60, 0x0, 0x0, 0x0,
    0x0, 0xfd, 0x0, 0x0, 0x0, 0x0, 0xef, 0xa0,
    0x0, 0x0, 0x0, 0xf, 0xd0, 0x0, 0x0, 0x0,
    0x1, 0xcf, 0xd2, 0xbd, 0xdd, 0xdd, 0xff, 0xdd,
    0xdd, 0xc0, 0x0, 0x0, 0x9f, 0x1d, 0xff, 0xff,
    0xff, 0xff, 0xff, 0xfe, 0x0, 0x0, 0x0, 0x20,
    0xdf, 0x0, 0x0, 0xfd, 0x0, 0x2f, 0xa0, 0x9,
    0x70, 0x0, 0xd, 0xf0, 0x0, 0xf, 0xd0, 0x8,
    0xf4, 0x1, 0xff, 0xa0, 0x0, 0xdf, 0x0, 0x0,
    0xfd, 0x0, 0x49, 0x0, 0x2, 0xdf, 0xd2, 0xd,
    0xf0, 0x0, 0xf, 0xd0, 0x0, 0x0, 0x0, 0x1,
    0xbf, 0x40, 0xdf, 0xff, 0xff, 0xff, 0xff, 0xfb,
    0x0, 0x0, 0x0, 0x50, 0xd, 0xfe, 0xff, 0xdd,
    0xdd, 0xef, 0xb0, 0x0, 0x0, 0x0, 0x0, 0xef,
    0xf, 0xf1, 0x0, 0x7, 0xf7, 0x0, 0x0, 0x6,
    0x71, 0xf, 0xe0, 0x9f, 0x70, 0x0, 0xef, 0x10,
    0x0, 0x0, 0xdf, 0x11, 0xfd, 0x1, 0xff, 0x20,
    0x7f, 0x80, 0x0, 0x0, 0x2f, 0xc0, 0x3f, 0xb0,
    0x7, 0xfc, 0x3f, 0xe1, 0x0, 0x0, 0x7, 0xf7,
    0x7, 0xf7, 0x0, 0xb, 0xff, 0xf4, 0x0, 0x0,
    0x0, 0xcf, 0x20, 0xcf, 0x30, 0x0, 0x8f, 0xfd,
    0x20, 0x0, 0x0, 0x2f, 0xc0, 0x3f, 0xd0, 0x4,
    0xdf, 0xeb, 0xff, 0x70, 0x0, 0x7, 0xf7, 0xc,
    0xf5, 0x5c, 0xff, 0xb1, 0x7, 0xff, 0xe7, 0x10,
    0xbf, 0x25, 0xfc, 0x3f, 0xfd, 0x50, 0x0, 0x2,
    0xaf, 0xf1, 0x0, 0x30, 0x7, 0x30, 0x85, 0x0,
    0x0, 0x0, 0x0, 0x36, 0x0,

    /* U+6D4B "测" */
    0x0, 0x0, 0x0, 0x0, 0x0, 0x0, 0x0, 0x0,
    0x0, 0x0, 0x86, 0x0, 0x0, 0x0, 0x0, 0x0,
    0x0, 0x0, 0x8e, 0xd, 0xf9, 0x8, 0xff, 0xff,
    0xff, 0xf0, 0x0, 0x9, 0xf0, 0x1c, 0xfa, 0x8f,
    0xaa, 0xaa, 0xdf, 0x8, 0xf0, 0x9f, 0x0, 0xb,
    0x68, 0xf0, 0x12, 0x9, 0xf0, 0x8f, 0x9, 0xf0,
    0x0, 0x0, 0x8f, 0x9, 0xf0, 0x9f, 0x8, 0xf0,
    0x9f, 0x6, 0x0, 0x8, 0xf0, 0x9f, 0x9, 0xf0,
    0x8f, 0x9, 0xf7, 0xfb, 0x10, 0x8f, 0x9, 0xf0,
    0x9f, 0x8, 0xf0, 0x9f, 0xb, 0xfd, 0x28, 0xf0,
    0x9f, 0x9, 0xf0, 0x8f, 0x9, 0xf0, 0x9, 0xf4,
    0x8f, 0x9, 0xf0, 0x9f, 0x8, 0xf0, 0x9f, 0x0,
    0x3, 0x8, 0xf0, 0x9f, 0x9, 0xf0, 0x8f, 0x9,
    0xf0, 0x0, 0x0, 0x8f, 0xa, 0xf0, 0x9f, 0x8,
    0xf0, 0x9f, 0x0, 0x4c, 0x48, 0xf0, 0xbe, 0x9,
    0xf0, 0x8f, 0x9, 0xf0, 0x8, 0xf3, 0x8f, 0xd,
    0xc0, 0x9f, 0x8, 0xf0, 0x9f, 0x0, 0xce, 0x4,
    0x82, 0xfe, 0x24, 0x70, 0x8f, 0x9, 0xf0, 0x1f,
    0xa0, 0x0, 0x9f, 0xfe, 0x20, 0x5, 0xa0, 0x9f,
    0x5, 0xf5, 0x0, 0x5f, 0xe7, 0xfe, 0x20, 0x0,
    0x9, 0xf0, 0xaf, 0x10, 0x5f, 0xf4, 0x7, 0xfe,
    0x20, 0x0, 0xbf, 0xf, 0xc0, 0x8f, 0xf6, 0x0,
    0x6, 0xf4, 0x8d, 0xef, 0xe2, 0xd8, 0x5, 0xe4,
    0x0, 0x0, 0x2, 0x7, 0xff, 0xe5, 0x0, 0x0,
    0x0, 0x0, 0x0, 0x0, 0x0, 0x0, 0x0, 0x0,

    /* U+6D77 "海" */
    0x0, 0x0, 0x0, 0x0, 0x0, 0x0, 0x0, 0x0,
    0x0, 0x0, 0x0, 0x10, 0x0, 0x0, 0x2e, 0x70,
    0x0, 0x0, 0x0, 0x0, 0x7, 0xe4, 0x0, 0x0,
    0x9f, 0x50, 0x0, 0x0, 0x0, 0x0, 0x6, 0xff,
    0x60, 0x2, 0xff, 0xdd, 0xdd, 0xdd, 0xdd, 0xd6,
    0x0, 0x4e, 0xf6, 0xa, 0xff, 0xff, 0xff, 0xff,
    0xff, 0xf7, 0x0, 0x2, 0xb1, 0x5f, 0xc0, 0x0,
    0x0, 0x0, 0x0, 0x0, 0x0, 0x0, 0x1, 0xef,
    0x30, 0x0, 0x0, 0x0, 0x0, 0x0, 0x7, 0x10,
    0xb, 0xff, 0xff, 0xff, 0xff, 0xff, 0xff, 0x0,
    0x4f, 0xd2, 0x4, 0xce, 0xfd, 0xde, 0xdd, 0xdd,
    0xff, 0x0, 0xa, 0xff, 0x40, 0xf, 0xc0, 0x2e,
    0x80, 0x0, 0xbf, 0x0, 0x0, 0x7f, 0xd0, 0x1f,
    0xa0, 0xa, 0xfc, 0x10, 0xbe, 0x0, 0x0, 0x5,
    0x20, 0x3f, 0x80, 0x0, 0x6a, 0x0, 0xce, 0x0,
    0x0, 0x0, 0x1f, 0xff, 0xff, 0xff, 0xff, 0xff,
    0xff, 0xff, 0x0, 0x1, 0x1d, 0xef, 0xed, 0xde,
    0xdd, 0xdd, 0xff, 0xdd, 0x0, 0x5f, 0x60, 0x8f,
    0x30, 0x7f, 0x70, 0x0, 0xfc, 0x0, 0x0, 0xaf,
    0x20, 0xaf, 0x0, 0x5, 0xea, 0x0, 0xfb, 0x0,
    0x0, 0xfd, 0x0, 0xcf, 0xdd, 0xdd, 0xed, 0xdd,
    0xff, 0xd8, 0x4, 0xf8, 0x0, 0xef, 0xff, 0xff,
    0xff, 0xff, 0xff, 0xfa, 0x9, 0xf4, 0x0, 0x0,
    0x0, 0x0, 0x0, 0x4, 0xf9, 0x0, 0xe, 0xf0,
    0x0, 0x0, 0x0, 0xa, 0xaa, 0xbe, 0xf6, 0x0,
    0x2e, 0xa0, 0x0, 0x0, 0x0, 0xd, 0xff, 0xfe,
    0xa0, 0x0, 0x0, 0x0, 0x0, 0x0, 0x0, 0x0,
    0x0, 0x0, 0x0, 0x0,

    /* U+6D88 "消" */
    0x0, 0x20, 0x0, 0x0, 0x0, 0x0, 0xec, 0x0,
    0x0, 0x0, 0x4, 0xf8, 0x0, 0x4e, 0x40, 0x0,
    0xfd, 0x0, 0x6, 0xd1, 0x4, 0xef, 0xc1, 0x3f,
    0xf3, 0x0, 0xfd, 0x0, 0x4f, 0xe1, 0x0, 0x1c,
    0xfe, 0x4, 0xfe, 0x20, 0xfd, 0x3, 0xff, 0x30,
    0x0, 0x0, 0x87, 0x0, 0x6f, 0x30, 0xfd, 0x9,
    0xf4, 0x0, 0x3, 0x0, 0x0, 0x0, 0x1, 0x0,
    0xfd, 0x0, 0x30, 0x0, 0x3f, 0xa0, 0x0, 0xd,
    0xdd, 0xdd, 0xff, 0xdd, 0xdd, 0xb0, 0x2e, 0xfd,
    0x20, 0xf, 0xff, 0xff, 0xff, 0xff, 0xff, 0xd0,
    0x1, 0xbf, 0xf1, 0xf, 0xd0, 0x0, 0x0, 0x0,
    0xf, 0xd0, 0x0, 0x9, 0x90, 0xf, 0xd0, 0x0,
    0x0, 0x0, 0xf, 0xd0, 0x0, 0x0, 0x0, 0xf,
    0xfd, 0xdd, 0xdd, 0xdd, 0xdf, 0xd0, 0x0, 0x0,
    0x0, 0xf, 0xff, 0xff, 0xff, 0xff, 0xff, 0xd0,
    0x0, 0x9, 0xd3, 0xf, 0xd0, 0x0, 0x0, 0x0,
    0xf, 0xd0, 0x0, 0xd, 0xf1, 0xf, 0xd0, 0x0,
    0x0, 0x0, 0xf, 0xd0, 0x0, 0x2f, 0xc0, 0xf,
    0xfd, 0xdd, 0xdd, 0xdd, 0xdf, 0xd0, 0x0, 0x8f,
    0x60, 0xf, 0xff, 0xff, 0xff, 0xff, 0xff, 0xd0,
    0x0, 0xdf, 0x10, 0xf, 0xd0, 0x0, 0x0, 0x0,
    0xf, 0xd0, 0x2, 0xfc, 0x0, 0xf, 0xd0, 0x0,
    0x0, 0x0, 0x2f, 0xd0, 0x8, 0xf7, 0x0, 0xf,
    0xd0, 0x0, 0xa, 0xdd, 0xff, 0xb0, 0x8, 0xe2,
    0x0, 0xf, 0xd0, 0x0, 0x9, 0xff, 0xfd, 0x30,
    0x0, 0x0, 0x0, 0x2, 0x10, 0x0, 0x0, 0x0,
    0x0, 0x0,

    /* U+6DFB "添" */
    0x0, 0x51, 0x0, 0x0, 0x0, 0x0, 0x0, 0x0,
    0x0, 0x0, 0x0, 0x2f, 0xe3, 0x0, 0xdd, 0xdd,
    0xdd, 0xdd, 0xdd, 0xdb, 0x0, 0x0, 0xbf, 0xf4,
    0xf, 0xff, 0xff, 0xff, 0xff, 0xff, 0xd0, 0x0,
    0x0, 0x8f, 0xf3, 0x0, 0x0, 0x8f, 0x50, 0x0,
    0x0, 0x0, 0x0, 0x0, 0x6b, 0x0, 0x0, 0xb,
    0xf1, 0x0, 0x0, 0x0, 0x0, 0x0, 0x0, 0x0,
    0x0, 0x0, 0xfd, 0x0, 0x0, 0x0, 0x0, 0x8,
    0x90, 0x0, 0xdd, 0xdd, 0xdf, 0xfd, 0xdd, 0xdd,
    0xdd, 0x0, 0xef, 0xc1, 0xf, 0xff, 0xff, 0xff,
    0xff, 0xff, 0xff, 0xf0, 0x1, 0xcf, 0xe3, 0x0,
    0x8, 0xf9, 0x1, 0xed, 0x10, 0x0, 0x0, 0x0,
    0x9f, 0x20, 0x8, 0xfc, 0x0, 0x5, 0xfd, 0x20,
    0x0, 0x0, 0x0, 0x20, 0x2c, 0xfc, 0x1d, 0xe0,
    0x6, 0xff, 0x92, 0x0, 0x0, 0x41, 0x8f, 0xfa,
    0x0, 0xde, 0x0, 0x3, 0xdf, 0xf2, 0x0, 0xf,
    0xd5, 0xe5, 0x50, 0xd, 0xe0, 0x40, 0x17, 0x79,
    0x0, 0x4, 0xf9, 0x0, 0x4f, 0x70, 0xde, 0x4f,
    0x45, 0xf5, 0x0, 0x0, 0x8f, 0x50, 0xb, 0xf0,
    0xd, 0xe0, 0xe9, 0xe, 0xc0, 0x0, 0xd, 0xf1,
    0x3, 0xf9, 0x0, 0xde, 0x9, 0xf0, 0x7f, 0x30,
    0x1, 0xfd, 0x0, 0xcf, 0x20, 0xd, 0xe0, 0x4f,
    0x41, 0xfa, 0x0, 0x5f, 0x90, 0x5f, 0x90, 0x0,
    0xee, 0x0, 0xe9, 0x9, 0xf1, 0x9, 0xf5, 0x0,
    0x71, 0x7d, 0xef, 0xc0, 0x3, 0x10, 0x24, 0x0,
    0x7d, 0x10, 0x0, 0x6, 0xff, 0xe5, 0x0, 0x0,
    0x0, 0x0,

    /* U+6E05 "清" */
    0x0, 0x0, 0x0, 0x0, 0x0, 0x2, 0x74, 0x0,
    0x0, 0x0, 0x3, 0xd4, 0x0, 0x0, 0x0, 0x4,
    0xf8, 0x0, 0x0, 0x0, 0x5, 0xff, 0x80, 0xbf,
    0xff, 0xff, 0xff, 0xff, 0xff, 0xf5, 0x0, 0x3e,
    0xf9, 0x45, 0x55, 0x58, 0xfb, 0x55, 0x55, 0x51,
    0x0, 0x1, 0xc3, 0x0, 0x0, 0x4, 0xf8, 0x0,
    0x0, 0x0, 0x0, 0x0, 0x0, 0x2f, 0xff, 0xff,
    0xff, 0xff, 0xff, 0xd0, 0x8, 0x20, 0x0, 0x2,
    0x22, 0x25, 0xf9, 0x22, 0x22, 0x10, 0x5f, 0xe4,
    0x2, 0x66, 0x66, 0x68, 0xfb, 0x66, 0x66, 0x66,
    0x7, 0xff, 0x86, 0xff, 0xff, 0xff, 0xff, 0xff,
    0xff, 0xff, 0x0, 0x3e, 0xd1, 0x0, 0x0, 0x0,
    0x0, 0x0, 0x0, 0x0, 0x0, 0x1, 0x20, 0xf,
    0xff, 0xff, 0xff, 0xff, 0xff, 0x40, 0x0, 0x0,
    0x0, 0xf, 0xd6, 0x66, 0x66, 0x66, 0xaf, 0x40,
    0x0, 0xa, 0x91, 0xf, 0xc0, 0x0, 0x0, 0x0,
    0x7f, 0x40, 0x0, 0xf, 0xe0, 0xf, 0xff, 0xff,
    0xff, 0xff, 0xff, 0x40, 0x0, 0x5f, 0xa0, 0xf,
    0xd4, 0x44, 0x44, 0x44, 0x9f, 0x40, 0x0, 0xaf,
    0x50, 0xf, 0xd4, 0x44, 0x44, 0x44, 0x9f, 0x40,
    0x0, 0xff, 0x0, 0xf, 0xff, 0xff, 0xff, 0xff,
    0xff, 0x40, 0x4, 0xfa, 0x0, 0xf, 0xc1, 0x11,
    0x11, 0x11, 0x8f, 0x40, 0x9, 0xf5, 0x0, 0xf,
    0xc0, 0x0, 0x6, 0x67, 0xdf, 0x30, 0x9, 0xf1,
    0x0, 0xf, 0xc0, 0x0, 0xc, 0xff, 0xf9, 0x0,
    0x0, 0x0, 0x0, 0x1, 0x10, 0x0, 0x0, 0x0,
    0x0, 0x0,

    /* U+6E90 "源" */
    0x1, 0x10, 0x0, 0x0, 0x0, 0x0, 0x0, 0x0,
    0x0, 0x0, 0x0, 0xce, 0x30, 0xd, 0xdd, 0xdd,
    0xdd, 0xdd, 0xdd, 0xdd, 0xc0, 0x6, 0xff, 0x50,
    0xff, 0xff, 0xff, 0xff, 0xff, 0xff, 0xff, 0x0,
    0x4, 0xff, 0x4f, 0xd0, 0x0, 0x6, 0xf9, 0x0,
    0x0, 0x0, 0x0, 0x3, 0xc0, 0xfd, 0x0, 0x0,
    0xaf, 0x50, 0x0, 0x0, 0x0, 0x10, 0x0, 0xf,
    0xd0, 0x79, 0x9e, 0xf9, 0x99, 0x97, 0x0, 0x7e,
    0x30, 0x0, 0xfd, 0xd, 0xff, 0xff, 0xff, 0xff,
    0xd0, 0x6, 0xff, 0x60, 0xf, 0xd0, 0xdf, 0x0,
    0x0, 0x0, 0xfd, 0x0, 0x4, 0xef, 0x90, 0xfd,
    0xd, 0xf3, 0x33, 0x33, 0x3f, 0xd0, 0x0, 0x2,
    0xd8, 0xf, 0xd0, 0xdf, 0xff, 0xff, 0xff, 0xfd,
    0x0, 0x0, 0x1, 0x0, 0xfc, 0xd, 0xf4, 0x44,
    0x44, 0x4f, 0xd0, 0x0, 0x1, 0x10, 0x1f, 0xc0,
    0xdf, 0x0, 0x0, 0x0, 0xfd, 0x0, 0x0, 0x8f,
    0x32, 0xfa, 0xd, 0xff, 0xff, 0xff, 0xff, 0xd0,
    0x0, 0xc, 0xf0, 0x4f, 0x90, 0x78, 0x88, 0xef,
    0x88, 0x87, 0x0, 0x1, 0xfb, 0x7, 0xf6, 0x1,
    0x50, 0xd, 0xf0, 0x32, 0x0, 0x0, 0x5f, 0x70,
    0xbf, 0x30, 0xaf, 0x20, 0xdf, 0xe, 0xd0, 0x0,
    0x9, 0xf3, 0xf, 0xf0, 0x4f, 0x80, 0xd, 0xf0,
    0x3f, 0xa0, 0x0, 0xdf, 0x6, 0xfa, 0x2e, 0xd0,
    0x0, 0xef, 0x0, 0x7f, 0x70, 0x1f, 0xb0, 0xdf,
    0x3b, 0xf3, 0x9d, 0xef, 0xe0, 0x0, 0xce, 0x3,
    0xd7, 0x2f, 0xc0, 0x16, 0x8, 0xff, 0xe6, 0x0,
    0x2, 0x20, 0x0, 0x0, 0x12, 0x0, 0x0, 0x0,
    0x0, 0x0, 0x0, 0x0, 0x0,

    /* U+6EE1 "满" */
    0x1, 0x0, 0x0, 0x0, 0x7c, 0x20, 0x1, 0xc7,
    0x0, 0x0, 0x1e, 0x80, 0x0, 0x0, 0x9f, 0x30,
    0x2, 0xfa, 0x0, 0x0, 0x1d, 0xfa, 0xa, 0xaa,
    0xdf, 0xba, 0xaa, 0xfd, 0xaa, 0xa3, 0x1, 0xcf,
    0xae, 0xee, 0xff, 0xee, 0xee, 0xff, 0xee, 0xe4,
    0x0, 0xb, 0x30, 0x0, 0x9f, 0x30, 0x2, 0xfa,
    0x0, 0x0, 0x0, 0x0, 0x0, 0x0, 0x47, 0x10,
    0x1, 0x64, 0x0, 0x0, 0x4b, 0x0, 0xf, 0xff,
    0xff, 0xff, 0xff, 0xff, 0xff, 0xf5, 0xaf, 0xc1,
    0x8, 0x99, 0x9f, 0xe9, 0x9d, 0xf9, 0x99, 0x93,
    0xa, 0xfd, 0x10, 0x0, 0xe, 0xb0, 0xa, 0xf0,
    0x0, 0x0, 0x0, 0xaf, 0x60, 0x0, 0xe, 0xb0,
    0xa, 0xf0, 0x0, 0x0, 0x0, 0x7, 0xa, 0xff,
    0xff, 0xff, 0xff, 0xff, 0xff, 0xa0, 0x0, 0x0,
    0xa, 0xf8, 0x8f, 0xc8, 0x8e, 0xe8, 0x8f, 0xa0,
    0x0, 0xbd, 0x1a, 0xf0, 0xf, 0xa0, 0xd, 0xb0,
    0xf, 0xa0, 0x0, 0xfe, 0xa, 0xf0, 0x3f, 0xf8,
    0xf, 0xf3, 0xf, 0xa0, 0x4, 0xfa, 0xa, 0xf0,
    0x8f, 0x7f, 0x8f, 0xee, 0x1f, 0xa0, 0x8, 0xf6,
    0xa, 0xf1, 0xe9, 0x5, 0xbd, 0x1e, 0xcf, 0xa0,
    0xd, 0xf2, 0xa, 0xfb, 0xf2, 0x5, 0xf6, 0x2,
    0x3f, 0xa0, 0x1f, 0xd0, 0xa, 0xf6, 0x70, 0xc,
    0xd0, 0x0, 0xf, 0xa0, 0x6f, 0x90, 0xa, 0xf0,
    0x0, 0x0, 0x20, 0x7a, 0xcf, 0x90, 0x7f, 0x50,
    0xa, 0xf0, 0x0, 0x0, 0x0, 0x9f, 0xfc, 0x20,
    0x0, 0x0, 0x1, 0x10, 0x0, 0x0, 0x0, 0x0,
    0x0, 0x0,

    /* U+6EE4 "滤" */
    0x0, 0x0, 0x0, 0x0, 0x0, 0x29, 0x60, 0x0,
    0x0, 0x0, 0x4, 0xb1, 0x0, 0x0, 0x0, 0x3f,
    0xb2, 0x22, 0x22, 0x20, 0x9, 0xfe, 0x30, 0x0,
    0x0, 0x3f, 0xff, 0xff, 0xff, 0xe0, 0x0, 0x7f,
    0xf4, 0x0, 0x0, 0x3f, 0xc4, 0x44, 0x44, 0x30,
    0x0, 0x5, 0xe1, 0x66, 0x66, 0x8f, 0xd6, 0x66,
    0x66, 0x63, 0x1, 0x0, 0x0, 0xff, 0xff, 0xff,
    0xff, 0xff, 0xff, 0xf9, 0x7e, 0x30, 0x0, 0xfd,
    0x0, 0x17, 0x50, 0x0, 0x4, 0xf6, 0x7f, 0xf5,
    0x0, 0xfd, 0x0, 0xf, 0xb1, 0x24, 0x26, 0xe2,
    0x5, 0xff, 0x80, 0xfd, 0x4b, 0xdf, 0xff, 0xff,
    0x84, 0x10, 0x0, 0x3e, 0x70, 0xfd, 0x49, 0x8f,
    0xd4, 0x21, 0xe, 0x90, 0x0, 0x2, 0x0, 0xfd,
    0x0, 0xf, 0xe6, 0x55, 0x7f, 0x70, 0x0, 0x0,
    0x0, 0xfc, 0x0, 0x8, 0xff, 0xff, 0xfd, 0x20,
    0x0, 0x8f, 0x31, 0xfc, 0x0, 0x0, 0x2a, 0x10,
    0x0, 0x0, 0x0, 0xcf, 0x2, 0xfa, 0x14, 0x5a,
    0x2f, 0xb0, 0x19, 0x10, 0x0, 0xfb, 0x4, 0xf8,
    0x5e, 0x8f, 0x5, 0xf7, 0x1f, 0x70, 0x4, 0xf7,
    0x7, 0xf6, 0xaa, 0x8f, 0x0, 0x72, 0xa, 0xe0,
    0x9, 0xf3, 0xc, 0xf2, 0xf5, 0x8f, 0x0, 0x5,
    0xf4, 0xf5, 0xd, 0xf0, 0x2f, 0xc5, 0xf1, 0x8f,
    0x0, 0x5, 0xf0, 0xeb, 0x2f, 0xb0, 0xaf, 0x65,
    0x80, 0x7f, 0xb9, 0x9d, 0xe0, 0x52, 0x4e, 0x70,
    0xdd, 0x0, 0x0, 0x1c, 0xff, 0xfe, 0x60, 0x0,
    0x0, 0x0, 0x2, 0x0, 0x0, 0x0, 0x0, 0x0,
    0x0, 0x0,

    /* U+7070 "灰" */
    0x0, 0x0, 0x29, 0x50, 0x0, 0x0, 0x0, 0x0,
    0x0, 0x0, 0x0, 0x0, 0x4, 0xf9, 0x0, 0x0,
    0x0, 0x0, 0x0, 0x0, 0x0, 0x0, 0x0, 0x5f,
    0x90, 0x0, 0x0, 0x0, 0x0, 0x0, 0x0, 0x0,
    0xff, 0xff, 0xff, 0xff, 0xff, 0xff, 0xff, 0xff,
    0xff, 0xe0, 0xe, 0xee, 0xff, 0xfe, 0xee, 0xee,
    0xee, 0xee, 0xee, 0xed, 0x0, 0x0, 0x8, 0xf6,
    0x0, 0x0, 0x0, 0x0, 0x0, 0x0, 0x0, 0x0,
    0x0, 0x9f, 0x40, 0x0, 0xb, 0xe2, 0x0, 0x0,
    0x0, 0x0, 0x0, 0xb, 0xf3, 0x0, 0x0, 0xcf,
    0x20, 0x0, 0x20, 0x0, 0x0, 0x0, 0xdf, 0xba,
    0x0, 0xc, 0xf2, 0x0, 0x2f, 0xb0, 0x0, 0x0,
    0xf, 0xec, 0xf4, 0x0, 0xdf, 0x20, 0xb, 0xf6,
    0x0, 0x0, 0x4, 0xfa, 0x3f, 0xd0, 0xe, 0xf1,
    0x6, 0xfb, 0x0, 0x0, 0x0, 0x7f, 0x70, 0xaf,
    0x60, 0xff, 0x42, 0xfe, 0x10, 0x0, 0x0, 0xc,
    0xf2, 0x2, 0xf9, 0x4f, 0xfa, 0x5f, 0x50, 0x0,
    0x0, 0x2, 0xfd, 0x0, 0x1, 0xa, 0xff, 0xf2,
    0x10, 0x0, 0x0, 0x0, 0x8f, 0x80, 0x0, 0x3,
    0xfe, 0x4f, 0xc0, 0x0, 0x0, 0x0, 0xe, 0xf1,
    0x0, 0x1, 0xef, 0x50, 0xbf, 0x90, 0x0, 0x0,
    0x8, 0xf9, 0x0, 0x2, 0xdf, 0x90, 0x1, 0xdf,
    0xa0, 0x0, 0x1, 0xff, 0x20, 0x6, 0xff, 0xa0,
    0x0, 0x2, 0xef, 0xd3, 0x0, 0x5f, 0x80, 0x3c,
    0xff, 0x80, 0x0, 0x0, 0x1, 0xdf, 0xf9, 0x0,
    0x90, 0xb, 0xfe, 0x40, 0x0, 0x0, 0x0, 0x0,
    0x8f, 0x90, 0x0, 0x0, 0x18, 0x0, 0x0, 0x0,
    0x0, 0x0, 0x0, 0x21, 0x0,

    /* U+70B9 "点" */
    0x0, 0x0, 0x0, 0x0, 0x3, 0x30, 0x0, 0x0,
    0x0, 0x0, 0x0, 0x0, 0x0, 0x0, 0x0, 0xff,
    0x0, 0x0, 0x0, 0x0, 0x0, 0x0, 0x0, 0x0,
    0x0, 0xf, 0xfd, 0xdd, 0xdd, 0xdd, 0xd9, 0x0,
    0x0, 0x0, 0x0, 0x0, 0xff, 0xff, 0xff, 0xff,
    0xff, 0xa0, 0x0, 0x0, 0x0, 0x0, 0xf, 0xf0,
    0x0, 0x0, 0x0, 0x0, 0x0, 0x0, 0x0, 0x0,
    0x0, 0xff, 0x0, 0x0, 0x0, 0x0, 0x0, 0x0,
    0x0, 0x0, 0x0, 0xf, 0xf0, 0x0, 0x0, 0x0,
    0x0, 0x0, 0x0, 0xff, 0xff, 0xff, 0xff, 0xff,
    0xff, 0xff, 0xe0, 0x0, 0x0, 0xf, 0xfd, 0xdd,
    0xdd, 0xdd, 0xdd, 0xdd, 0xfe, 0x0, 0x0, 0x0,
    0xfe, 0x0, 0x0, 0x0, 0x0, 0x0, 0xf, 0xe0,
    0x0, 0x0, 0xf, 0xe0, 0x0, 0x0, 0x0, 0x0,
    0x0, 0xfe, 0x0, 0x0, 0x0, 0xfe, 0x0, 0x0,
    0x0, 0x0, 0x0, 0xf, 0xe0, 0x0, 0x0, 0xf,
    0xfd, 0xdd, 0xdd, 0xdd, 0xdd, 0xdd, 0xfe, 0x0,
    0x0, 0x0, 0xff, 0xff, 0xff, 0xff, 0xff, 0xff,
    0xff, 0xe0, 0x0, 0x0, 0x2, 0x0, 0x0, 0x0,
    0x0, 0x0, 0x0, 0x2, 0x0, 0x0, 0x2, 0xfa,
    0x3, 0xa4, 0x0, 0x5d, 0x10, 0xe, 0xe0, 0x0,
    0x0, 0x9f, 0x50, 0x4f, 0x90, 0x5, 0xf8, 0x0,
    0x9f, 0x80, 0x0, 0x1f, 0xe0, 0x1, 0xfd, 0x0,
    0xe, 0xd0, 0x1, 0xff, 0x10, 0x9, 0xf7, 0x0,
    0xd, 0xf1, 0x0, 0x9f, 0x30, 0x8, 0xfa, 0x2,
    0xfe, 0x0, 0x0, 0xaf, 0x40, 0x5, 0xe5, 0x0,
    0xe, 0xd0, 0x3, 0x40, 0x0, 0x1, 0x10, 0x0,
    0x0, 0x0, 0x0, 0x30, 0x0,

    /* U+7167 "照" */
    0x4, 0x77, 0x77, 0x76, 0x2a, 0xaa, 0xaa, 0xaa,
    0xaa, 0x30, 0xa, 0xff, 0xff, 0xfd, 0x4f, 0xff,
    0xff, 0xff, 0xff, 0x40, 0xa, 0xf3, 0x33, 0xfd,
    0x0, 0xe, 0xb0, 0x0, 0x7f, 0x20, 0xa, 0xf0,
    0x0, 0xfd, 0x0, 0x4f, 0x70, 0x0, 0x8f, 0x10,
    0xa, 0xf0, 0x0, 0xfd, 0x1, 0xdf, 0x12, 0x23,
    0xdf, 0x0, 0xa, 0xf2, 0x22, 0xfd, 0x3d, 0xf5,
    0xc, 0xff, 0xf9, 0x0, 0xa, 0xff, 0xff, 0xfd,
    0x5e, 0x40, 0x2, 0x44, 0x20, 0x0, 0xa, 0xf6,
    0x66, 0xfd, 0x8, 0x88, 0x88, 0x88, 0x88, 0x0,
    0xa, 0xf0, 0x0, 0xfd, 0xd, 0xff, 0xff, 0xff,
    0xff, 0x0, 0xa, 0xf0, 0x0, 0xfd, 0xd, 0xf0,
    0x0, 0x0, 0x9f, 0x0, 0xa, 0xf0, 0x0, 0xfd,
    0xd, 0xf0, 0x0, 0x0, 0x9f, 0x0, 0xa, 0xf8,
    0x88, 0xfd, 0xd, 0xf0, 0x0, 0x0, 0x9f, 0x0,
    0xa, 0xff, 0xff, 0xfd, 0xd, 0xff, 0xff, 0xff,
    0xff, 0x0, 0x2, 0x33, 0x33, 0x32, 0x7, 0x99,
    0x99, 0x99, 0x99, 0x0, 0x0, 0x8a, 0x10, 0x45,
    0x0, 0x18, 0x30, 0x7, 0xd0, 0x0, 0x1, 0xfe,
    0x0, 0xbf, 0x0, 0x1f, 0xa0, 0x7, 0xf9, 0x0,
    0x8, 0xf8, 0x0, 0x7f, 0x20, 0xb, 0xf1, 0x0,
    0xef, 0x20, 0x1f, 0xf1, 0x0, 0x3f, 0x60, 0x5,
    0xf6, 0x0, 0x5f, 0xb0, 0xaf, 0x80, 0x0, 0xf,
    0x90, 0x0, 0xf9, 0x0, 0xd, 0xf2, 0x18, 0x10,
    0x0, 0x3, 0x0, 0x0, 0x10, 0x0, 0x3, 0x10,

    /* U+722C "爬" */
    0x0, 0x0, 0x0, 0x0, 0x1, 0x0, 0x0, 0x0,
    0x0, 0x0, 0x0, 0x0, 0x3, 0x6a, 0xef, 0x0,
    0x0, 0x0, 0x0, 0x0, 0x5, 0xbe, 0xff, 0xff,
    0xfb, 0x2f, 0xff, 0xff, 0xff, 0x80, 0x8, 0xff,
    0xff, 0x7b, 0xf0, 0xf, 0xed, 0xfe, 0xdf, 0x80,
    0x8, 0xf0, 0x8f, 0x8, 0xf0, 0xf, 0x80, 0xf5,
    0xf, 0x80, 0x8, 0xf0, 0x8f, 0x8, 0xf0, 0xf,
    0x80, 0xf5, 0xf, 0x80, 0x8, 0xf0, 0x8f, 0x8,
    0xf0, 0xf, 0x80, 0xf5, 0xf, 0x80, 0x8, 0xf0,
    0x8f, 0x8, 0xf0, 0xf, 0x80, 0xf5, 0xf, 0x80,
    0x8, 0xf0, 0x8f, 0x8, 0xf0, 0xf, 0xff, 0xff,
    0xff, 0x80, 0x8, 0xf0, 0x8f, 0x8, 0xf0, 0xf,
    0xda, 0xaa, 0xaa, 0x50, 0x8, 0xf0, 0x8f, 0x7,
    0xf1, 0xf, 0x90, 0x0, 0x1, 0x61, 0x9, 0xf0,
    0x8f, 0x5, 0xf2, 0xf, 0x90, 0x0, 0x2, 0xf5,
    0x9, 0xe0, 0x8f, 0x3, 0xf5, 0xf, 0x90, 0x0,
    0x3, 0xf5, 0xa, 0xd0, 0x8f, 0x1, 0xf8, 0xf,
    0xc0, 0x0, 0x6, 0xf4, 0xc, 0xc0, 0x8f, 0x0,
    0xde, 0xc, 0xff, 0xff, 0xff, 0xf1, 0xe, 0xa0,
    0x8f, 0x0, 0x7f, 0x72, 0xad, 0xdd, 0xdc, 0x50,
    0x2f, 0x80, 0x8f, 0x0, 0xe, 0xf7, 0x0, 0x0,
    0x0, 0x0, 0x6f, 0x50, 0x8f, 0x0, 0x3, 0xff,
    0xd7, 0x30, 0x0, 0x0, 0xbf, 0x10, 0x8f, 0x0,
    0x0, 0x2b, 0xff, 0xff, 0xda, 0x94, 0xad, 0x0,
    0x8f, 0x0, 0x0, 0x0, 0x27, 0xae, 0xff, 0xf6,
    0x2, 0x0, 0x0, 0x0, 0x0, 0x0, 0x0, 0x0,
    0x2, 0x41,

    /* U+7236 "父" */
    0x0, 0x0, 0x0, 0x0, 0x0, 0x0, 0x0, 0x0,
    0x0, 0x0, 0x0, 0x0, 0x0, 0x5b, 0x10, 0x0,
    0xc5, 0x0, 0x0, 0x0, 0x0, 0x0, 0x3, 0xff,
    0x60, 0x4, 0xff, 0x60, 0x0, 0x0, 0x0, 0x0,
    0x3f, 0xf8, 0x0, 0x0, 0x4f, 0xf8, 0x0, 0x0,
    0x0, 0x3, 0xef, 0xa0, 0x0, 0x0, 0x4, 0xff,
    0x90, 0x0, 0x0, 0x4f, 0xfa, 0x0, 0x0, 0x0,
    0x0, 0x3f, 0xfa, 0x0, 0x6, 0xff, 0x90, 0x0,
    0x0, 0x0, 0x0, 0x3, 0xff, 0xb0, 0x4f, 0xf8,
    0x1a, 0xa0, 0x0, 0x0, 0x9, 0xc2, 0x3e, 0xf5,
    0xa, 0x60, 0x1f, 0xf2, 0x0, 0x0, 0x1f, 0xe0,
    0x3, 0x70, 0x0, 0x0, 0x8, 0xfa, 0x0, 0x0,
    0x9f, 0x80, 0x0, 0x0, 0x0, 0x0, 0x0, 0xef,
    0x30, 0x2, 0xfe, 0x0, 0x0, 0x0, 0x0, 0x0,
    0x0, 0x5f, 0xd0, 0xc, 0xf6, 0x0, 0x0, 0x0,
    0x0, 0x0, 0x0, 0xb, 0xfb, 0xaf, 0xb0, 0x0,
    0x0, 0x0, 0x0, 0x0, 0x0, 0x1, 0xdf, 0xfe,
    0x10, 0x0, 0x0, 0x0, 0x0, 0x0, 0x0, 0x1,
    0xbf, 0xfd, 0x20, 0x0, 0x0, 0x0, 0x0, 0x0,
    0x0, 0x5e, 0xfe, 0xdf, 0xf6, 0x0, 0x0, 0x0,
    0x0, 0x0, 0x4c, 0xff, 0xb1, 0xb, 0xff, 0xd5,
    0x0, 0x0, 0x0, 0x6d, 0xff, 0xe6, 0x0, 0x0,
    0x5e, 0xff, 0xe8, 0x20, 0x7f, 0xff, 0xf8, 0x10,
    0x0, 0x0, 0x0, 0x7e, 0xff, 0xf7, 0x4f, 0xe8,
    0x10, 0x0, 0x0, 0x0, 0x0, 0x0, 0x7d, 0xf1,
    0x4, 0x0, 0x0, 0x0, 0x0, 0x0, 0x0, 0x0,
    0x0, 0x20,

    /* U+7248 "版" */
    0x0, 0x0, 0x0, 0x32, 0x0, 0x0, 0x0, 0x0,
    0x0, 0x0, 0x0, 0x9, 0xd1, 0x1f, 0xb0, 0x0,
    0x0, 0x0, 0x3, 0x69, 0xa0, 0x0, 0xbf, 0x11,
    0xfb, 0x0, 0x78, 0xac, 0xef, 0xff, 0xff, 0x0,
    0xb, 0xf1, 0x1f, 0xb0, 0xf, 0xff, 0xff, 0xec,
    0x96, 0x20, 0x0, 0xbf, 0x11, 0xfb, 0x0, 0xfe,
    0x42, 0x0, 0x0, 0x0, 0x0, 0xb, 0xf1, 0x1f,
    0xb0, 0xf, 0xd0, 0x0, 0x0, 0x0, 0x0, 0x0,
    0xbf, 0x11, 0xfb, 0x0, 0xfd, 0x11, 0x11, 0x11,
    0x11, 0x0, 0xb, 0xff, 0xff, 0xff, 0xf, 0xff,
    0xff, 0xff, 0xff, 0xa0, 0x0, 0xbf, 0xdd, 0xdd,
    0xc0, 0xff, 0xff, 0xdd, 0xdd, 0xfa, 0x0, 0xb,
    0xf1, 0x0, 0x0, 0xf, 0xda, 0xe0, 0x0, 0x4f,
    0x70, 0x0, 0xbf, 0x10, 0x0, 0x0, 0xfc, 0x6f,
    0x30, 0x9, 0xf3, 0x0, 0xc, 0xff, 0xff, 0xd0,
    0x1f, 0xb1, 0xf9, 0x0, 0xee, 0x0, 0x0, 0xcf,
    0xdd, 0xfd, 0x3, 0xfa, 0xc, 0xe0, 0x5f, 0x80,
    0x0, 0xd, 0xf0, 0xf, 0xd0, 0x5f, 0x80, 0x5f,
    0x7d, 0xf1, 0x0, 0x0, 0xef, 0x0, 0xfd, 0x9,
    0xf5, 0x0, 0xdf, 0xf8, 0x0, 0x0, 0xf, 0xd0,
    0xf, 0xd0, 0xdf, 0x10, 0x7, 0xff, 0x10, 0x0,
    0x2, 0xfb, 0x0, 0xfd, 0x2f, 0xb0, 0x5, 0xff,
    0xfb, 0x0, 0x0, 0x6f, 0x80, 0xf, 0xda, 0xf4,
    0x8, 0xff, 0x39, 0xfc, 0x10, 0xc, 0xf3, 0x0,
    0xfe, 0xfc, 0x2c, 0xfe, 0x20, 0x9, 0xff, 0x30,
    0xcd, 0x0, 0xf, 0xd5, 0x35, 0xfb, 0x10, 0x0,
    0x6, 0xd0, 0x0, 0x20, 0x0, 0x0, 0x0, 0x3,
    0x0, 0x0, 0x0, 0x0, 0x0,

    /* U+7259 "牙" */
    0xf, 0xff, 0xff, 0xff, 0xff, 0xff, 0xff, 0xff,
    0xff, 0xfb, 0xd, 0xdd, 0xdd, 0xdd, 0xdd, 0xdd,
    0xdf, 0xfd, 0xdd, 0xd9, 0x0, 0x1, 0x31, 0x0,
    0x0, 0x0, 0xf, 0xf0, 0x0, 0x0, 0x0, 0x8,
    0xf9, 0x0, 0x0, 0x0, 0xf, 0xf0, 0x0, 0x0,
    0x0, 0xd, 0xf3, 0x0, 0x0, 0x0, 0xf, 0xf0,
    0x0, 0x0, 0x0, 0x3f, 0xd0, 0x0, 0x0, 0x0,
    0xf, 0xf0, 0x0, 0x0, 0x0, 0x6f, 0xfd, 0xdd,
    0xdd, 0xdd, 0xdf, 0xfd, 0xdd, 0xda, 0x0, 0x7f,
    0xff, 0xff, 0xff, 0xff, 0xff, 0xff, 0xff, 0xfc,
    0x0, 0x0, 0x0, 0x0, 0x7, 0xfc, 0xf, 0xf0,
    0x0, 0x0, 0x0, 0x0, 0x0, 0x0, 0x5f, 0xf2,
    0xf, 0xf0, 0x0, 0x0, 0x0, 0x0, 0x0, 0x5,
    0xff, 0x40, 0xf, 0xf0, 0x0, 0x0, 0x0, 0x0,
    0x0, 0x7f, 0xf5, 0x0, 0xf, 0xf0, 0x0, 0x0,
    0x0, 0x0, 0xa, 0xff, 0x50, 0x0, 0xf, 0xf0,
    0x0, 0x0, 0x0, 0x3, 0xdf, 0xe4, 0x0, 0x0,
    0xf, 0xf0, 0x0, 0x0, 0x1, 0xaf, 0xfb, 0x10,
    0x0, 0x0, 0xf, 0xf0, 0x0, 0x0, 0x3f, 0xff,
    0x70, 0x0, 0x0, 0x0, 0x4f, 0xe0, 0x0, 0x0,
    0xd, 0xa1, 0x0, 0x0, 0x7d, 0xde, 0xff, 0xc0,
    0x0, 0x0, 0x1, 0x0, 0x0, 0x0, 0x5f, 0xff,
    0xfc, 0x30, 0x0, 0x0,

    /* U+7279 "特" */
    0x0, 0x0, 0xdb, 0x0, 0x0, 0x0, 0x2f, 0xb0,
    0x0, 0x0, 0x0, 0x0, 0xfd, 0x0, 0x0, 0x0,
    0x2f, 0xb0, 0x0, 0x0, 0x9, 0xc0, 0xfd, 0x0,
    0x0, 0x0, 0x2f, 0xb0, 0x0, 0x0, 0xb, 0xd0,
    0xfd, 0x0, 0x4f, 0xff, 0xff, 0xff, 0xff, 0xf1,
    0xd, 0xb0, 0xfd, 0x0, 0x3d, 0xdd, 0xdf, 0xfd,
    0xdd, 0xd1, 0xf, 0xff, 0xff, 0xfd, 0x0, 0x0,
    0x2f, 0xb0, 0x0, 0x0, 0x1f, 0xca, 0xff, 0xa9,
    0x0, 0x0, 0x2f, 0xb0, 0x0, 0x0, 0x4f, 0x40,
    0xfd, 0x4, 0xdd, 0xdd, 0xdf, 0xfd, 0xdd, 0xdd,
    0x7f, 0x20, 0xfd, 0x5, 0xff, 0xff, 0xff, 0xff,
    0xff, 0xff, 0x8e, 0x0, 0xfd, 0x0, 0x0, 0x0,
    0x0, 0x8, 0xf5, 0x0, 0x0, 0x0, 0xfe, 0xcb,
    0x0, 0x0, 0x0, 0x8, 0xf5, 0x0, 0x2, 0x8d,
    0xff, 0xfc, 0xbd, 0xdd, 0xdd, 0xde, 0xfe, 0xda,
    0x8f, 0xff, 0xfe, 0x40, 0xdf, 0xff, 0xff, 0xff,
    0xff, 0xfc, 0x6f, 0xa4, 0xfd, 0x0, 0x4, 0x30,
    0x0, 0x8, 0xf5, 0x0, 0x0, 0x0, 0xfd, 0x0,
    0x1f, 0xe2, 0x0, 0x8, 0xf5, 0x0, 0x0, 0x0,
    0xfd, 0x0, 0x5, 0xfe, 0x20, 0x8, 0xf5, 0x0,
    0x0, 0x0, 0xfd, 0x0, 0x0, 0x7f, 0x70, 0x8,
    0xf5, 0x0, 0x0, 0x0, 0xfd, 0x0, 0x0, 0x5,
    0x0, 0xb, 0xf5, 0x0, 0x0, 0x0, 0xfd, 0x0,
    0x0, 0x2, 0xdd, 0xef, 0xf2, 0x0, 0x0, 0x0,
    0xfd, 0x0, 0x0, 0x0, 0xff, 0xfe, 0x70, 0x0,

    /* U+72B6 "状" */
    0x0, 0x0, 0x0, 0x0, 0x0, 0x0, 0x0, 0x0,
    0x0, 0x0, 0x0, 0x0, 0xf, 0xe0, 0x0, 0x0,
    0xdf, 0x0, 0x20, 0x0, 0x0, 0x0, 0xf, 0xe0,
    0x0, 0x0, 0xdf, 0xc, 0xd1, 0x0, 0x0, 0x10,
    0xf, 0xe0, 0x0, 0x0, 0xdf, 0x7, 0xfb, 0x0,
    0x2e, 0x80, 0xf, 0xe0, 0x0, 0x0, 0xdf, 0x0,
    0xbf, 0x70, 0xe, 0xe0, 0xf, 0xe0, 0x0, 0x0,
    0xdf, 0x0, 0x1e, 0x90, 0x7, 0xf6, 0xf, 0xe0,
    0x0, 0x0, 0xdf, 0x0, 0x1, 0x0, 0x1, 0xfc,
    0xf, 0xe3, 0xee, 0xee, 0xff, 0xee, 0xee, 0xe8,
    0x0, 0xaf, 0x3f, 0xe3, 0xff, 0xff, 0xff, 0xff,
    0xff, 0xfa, 0x0, 0x3f, 0x9f, 0xe0, 0x0, 0x0,
    0xff, 0x0, 0x0, 0x0, 0x0, 0x5, 0xf, 0xe0,
    0x0, 0x1, 0xff, 0x30, 0x0, 0x0, 0x0, 0x0,
    0x4f, 0xe0, 0x0, 0x3, 0xff, 0x70, 0x0, 0x0,
    0x0, 0x8, 0xff, 0xe0, 0x0, 0x8, 0xff, 0xc0,
    0x0, 0x0, 0x1, 0xbf, 0xff, 0xe0, 0x0, 0xd,
    0xfc, 0xf3, 0x0, 0x0, 0x3d, 0xfd, 0x2f, 0xe0,
    0x0, 0x3f, 0xa4, 0xfb, 0x0, 0x0, 0x7f, 0xb1,
    0xf, 0xe0, 0x0, 0xcf, 0x40, 0xdf, 0x50, 0x0,
    0x8, 0x0, 0xf, 0xe0, 0x7, 0xfb, 0x0, 0x3f,
    0xf2, 0x0, 0x0, 0x0, 0xf, 0xe0, 0x5f, 0xf2,
    0x0, 0x9, 0xfd, 0x10, 0x0, 0x0, 0xf, 0xe4,
    0xff, 0x50, 0x0, 0x0, 0xcf, 0xe2, 0x0, 0x0,
    0xf, 0xef, 0xf8, 0x0, 0x0, 0x0, 0x1d, 0xfc,
    0x0, 0x0, 0xf, 0xe7, 0x80, 0x0, 0x0, 0x0,
    0x1, 0xb2, 0x0, 0x0, 0x0, 0x0, 0x0, 0x0,
    0x0, 0x0, 0x0, 0x0,

    /* U+72EC "独" */
    0x0, 0x0, 0x0, 0x0, 0x0, 0x0, 0xd, 0xb0,
    0x0, 0x0, 0x0, 0x4e, 0x40, 0x7, 0xb0, 0x0,
    0x0, 0xfd, 0x0, 0x0, 0x0, 0x3, 0xfe, 0x5,
    0xfe, 0x20, 0x0, 0xf, 0xd0, 0x0, 0x0, 0x0,
    0x9, 0xfb, 0xff, 0x40, 0x0, 0x0, 0xfd, 0x0,
    0x0, 0x0, 0x0, 0x1e, 0xff, 0x50, 0xdf, 0xff,
    0xff, 0xff, 0xff, 0xf0, 0x0, 0x6, 0xff, 0xa0,
    0xd, 0xfd, 0xdd, 0xff, 0xdd, 0xff, 0x0, 0xa,
    0xff, 0xfe, 0x0, 0xdf, 0x0, 0xf, 0xd0, 0xd,
    0xf0, 0x1, 0xec, 0x2a, 0xf4, 0xd, 0xf0, 0x0,
    0xfd, 0x0, 0xdf, 0x0, 0x3, 0x0, 0x5f, 0x70,
    0xdf, 0x0, 0xf, 0xd0, 0xd, 0xf0, 0x0, 0x0,
    0xb, 0xfa, 0xd, 0xf0, 0x0, 0xfd, 0x0, 0xdf,
    0x0, 0x0, 0x9, 0xff, 0xc0, 0xdf, 0xdd, 0xdf,
    0xfd, 0xdf, 0xf0, 0x0, 0x8, 0xfb, 0xfd, 0xd,
    0xff, 0xff, 0xff, 0xff, 0xff, 0x0, 0x9, 0xfd,
    0x1e, 0xe0, 0x0, 0x0, 0xf, 0xd0, 0x0, 0x0,
    0x1, 0xfe, 0x20, 0xdf, 0x0, 0x0, 0x0, 0xfd,
    0x2, 0x50, 0x0, 0x8, 0x20, 0xd, 0xf0, 0x0,
    0x0, 0xf, 0xd0, 0xaf, 0x0, 0x0, 0x0, 0x0,
    0xdf, 0x0, 0x0, 0x0, 0xfd, 0x5, 0xf6, 0x0,
    0x0, 0x0, 0xf, 0xf0, 0x0, 0x0, 0xf, 0xd1,
    0x3f, 0xd0, 0x0, 0x0, 0x4, 0xfd, 0x7c, 0xcd,
    0xef, 0xff, 0xff, 0xff, 0x30, 0x9, 0xdd, 0xff,
    0x99, 0xff, 0xff, 0xff, 0xed, 0xcb, 0xfa, 0x0,
    0x8f, 0xff, 0xa1, 0x34, 0x32, 0x10, 0x0, 0x0,
    0xd, 0xf0, 0x0, 0x0, 0x0, 0x0, 0x0, 0x0,
    0x0, 0x0, 0x0, 0x43, 0x0,

    /* U+7387 "率" */
    0x0, 0x0, 0x0, 0x0, 0x0, 0x0, 0x0, 0x0,
    0x0, 0x0, 0x0, 0x0, 0x0, 0x0, 0xd, 0xf2,
    0x0, 0x0, 0x0, 0x0, 0x0, 0x0, 0x0, 0x0,
    0xa, 0xf8, 0x0, 0x0, 0x0, 0x0, 0xc, 0xdd,
    0xdd, 0xdd, 0xde, 0xff, 0xdd, 0xdd, 0xdd, 0xd7,
    0xf, 0xff, 0xff, 0xff, 0xff, 0xff, 0xff, 0xff,
    0xff, 0xf9, 0x0, 0x0, 0x0, 0x0, 0x8f, 0x80,
    0x2, 0x0, 0x0, 0x10, 0x3, 0xe3, 0x0, 0x6,
    0xfb, 0x0, 0x6f, 0x30, 0xa, 0xd0, 0x5, 0xff,
    0x40, 0x7f, 0xc0, 0x3, 0xfc, 0x1, 0xcf, 0xb0,
    0x0, 0x5f, 0xf6, 0xff, 0xff, 0xff, 0xc1, 0x3e,
    0xf8, 0x0, 0x0, 0x3, 0xc0, 0xba, 0x9c, 0xfd,
    0x10, 0xc, 0x40, 0x0, 0x0, 0x0, 0x28, 0x0,
    0x7f, 0xc3, 0xc3, 0x5, 0x10, 0x0, 0x0, 0x8,
    0xfe, 0x3a, 0xfc, 0x10, 0xde, 0x3f, 0xe5, 0x0,
    0x4, 0xdf, 0x83, 0xef, 0xe7, 0x89, 0xcf, 0xa5,
    0xef, 0xb1, 0xc, 0x81, 0x1, 0xff, 0xff, 0xfe,
    0xcc, 0xf4, 0x1a, 0xf8, 0x0, 0x0, 0x0, 0x21,
    0xa, 0xf4, 0x0, 0x20, 0x0, 0x40, 0x0, 0x0,
    0x0, 0x0, 0xa, 0xf4, 0x0, 0x0, 0x0, 0x0,
    0x5f, 0xff, 0xff, 0xff, 0xff, 0xff, 0xff, 0xff,
    0xff, 0xff, 0x4d, 0xdd, 0xdd, 0xdd, 0xdf, 0xfe,
    0xdd, 0xdd, 0xdd, 0xdd, 0x0, 0x0, 0x0, 0x0,
    0xa, 0xf4, 0x0, 0x0, 0x0, 0x0, 0x0, 0x0,
    0x0, 0x0, 0xa, 0xf4, 0x0, 0x0, 0x0, 0x0,
    0x0, 0x0, 0x0, 0x0, 0xa, 0xf4, 0x0, 0x0,
    0x0, 0x0,

    /* U+73AF "环" */
    0x2d, 0xdd, 0xdd, 0xd8, 0xcf, 0xff, 0xff, 0xff,
    0xff, 0xf5, 0x3, 0xff, 0xff, 0xff, 0xab, 0xee,
    0xee, 0xff, 0xee, 0xee, 0x40, 0x0, 0xa, 0xf3,
    0x0, 0x0, 0x0, 0x5f, 0x90, 0x0, 0x0, 0x0,
    0x0, 0xaf, 0x30, 0x0, 0x0, 0xc, 0xf3, 0x0,
    0x0, 0x0, 0x0, 0xa, 0xf3, 0x0, 0x0, 0x3,
    0xff, 0x0, 0x0, 0x0, 0x0, 0x0, 0xaf, 0x30,
    0x0, 0x0, 0xbf, 0xf0, 0x0, 0x0, 0x0, 0x0,
    0xa, 0xf3, 0x0, 0x0, 0x4f, 0xff, 0x33, 0x0,
    0x0, 0x0, 0xff, 0xff, 0xff, 0x90, 0xc, 0xff,
    0xff, 0xe2, 0x0, 0x0, 0xd, 0xdf, 0xfe, 0xd7,
    0x8, 0xfd, 0xef, 0x7f, 0xd1, 0x0, 0x0, 0x0,
    0xaf, 0x30, 0x3, 0xff, 0x2e, 0xf0, 0x9f, 0xc0,
    0x0, 0x0, 0xa, 0xf3, 0x2, 0xef, 0x60, 0xef,
    0x0, 0xbf, 0xb0, 0x0, 0x0, 0xaf, 0x31, 0xdf,
    0x90, 0xe, 0xf0, 0x0, 0xdf, 0x90, 0x0, 0xa,
    0xf3, 0xb, 0xb0, 0x0, 0xef, 0x0, 0x2, 0xe8,
    0x0, 0x0, 0xaf, 0x78, 0x70, 0x0, 0xe, 0xf0,
    0x0, 0x2, 0x0, 0x39, 0xbf, 0xff, 0xfb, 0x0,
    0x0, 0xef, 0x0, 0x0, 0x0, 0x7, 0xff, 0xda,
    0x74, 0x10, 0x0, 0xe, 0xf0, 0x0, 0x0, 0x0,
    0x12, 0x0, 0x0, 0x0, 0x0, 0x0, 0xef, 0x0,
    0x0, 0x0, 0x0, 0x0, 0x0, 0x0, 0x0, 0x0,
    0xe, 0xf0, 0x0, 0x0, 0x0,

    /* U+73B0 "现" */
    0x0, 0x0, 0x0, 0x0, 0x19, 0x99, 0x99, 0x99,
    0x99, 0x90, 0x0, 0xcf, 0xff, 0xff, 0xf2, 0xff,
    0xff, 0xff, 0xff, 0xff, 0x0, 0xa, 0xde, 0xfe,
    0xdd, 0x2f, 0xb4, 0x44, 0x44, 0x4e, 0xf0, 0x0,
    0x0, 0x3f, 0x80, 0x2, 0xfa, 0x0, 0x77, 0x0,
    0xdf, 0x0, 0x0, 0x3, 0xf8, 0x0, 0x2f, 0xa0,
    0xe, 0xd0, 0xd, 0xf0, 0x0, 0x0, 0x3f, 0x80,
    0x2, 0xfa, 0x0, 0xed, 0x0, 0xdf, 0x0, 0x0,
    0x3, 0xf8, 0x0, 0x2f, 0xa0, 0xf, 0xd0, 0xd,
    0xf0, 0x0, 0x8d, 0xef, 0xed, 0xc2, 0xfa, 0x0,
    0xfd, 0x0, 0xdf, 0x0, 0x9, 0xff, 0xff, 0xfe,
    0x2f, 0xa0, 0xf, 0xc0, 0xd, 0xf0, 0x0, 0x0,
    0x3f, 0x80, 0x2, 0xfa, 0x2, 0xfb, 0x0, 0xdf,
    0x0, 0x0, 0x3, 0xf8, 0x0, 0x2f, 0xa0, 0x4f,
    0x90, 0xd, 0xf0, 0x0, 0x0, 0x3f, 0x80, 0x2,
    0xfa, 0x8, 0xfd, 0x50, 0xdf, 0x0, 0x0, 0x3,
    0xf8, 0x0, 0x18, 0x50, 0xdf, 0xf8, 0x6, 0x80,
    0x0, 0x0, 0x3f, 0x80, 0x41, 0x0, 0x5f, 0xdf,
    0x80, 0x1, 0x30, 0x0, 0x5, 0xfe, 0xff, 0x50,
    0x1e, 0xf5, 0xf8, 0x0, 0x4f, 0x40, 0x9d, 0xff,
    0xfe, 0xa2, 0x1d, 0xf8, 0x2f, 0x80, 0x5, 0xf4,
    0xe, 0xfc, 0x73, 0x0, 0x3e, 0xfb, 0x2, 0xf9,
    0x0, 0x6f, 0x30, 0x41, 0x0, 0x0, 0x8f, 0xfa,
    0x0, 0x1f, 0xfd, 0xdf, 0xf1, 0x0, 0x0, 0x0,
    0x2f, 0xf7, 0x0, 0x0, 0x8e, 0xff, 0xf8, 0x0,
    0x0, 0x0, 0x0, 0x52, 0x0, 0x0, 0x0, 0x0,
    0x0, 0x0,

    /* U+751F "生" */
    0x0, 0x0, 0x0, 0x0, 0x0, 0x21, 0x0, 0x0,
    0x0, 0x0, 0x0, 0x0, 0x22, 0x0, 0x5, 0xfb,
    0x0, 0x0, 0x0, 0x0, 0x0, 0x0, 0xcf, 0x30,
    0x5, 0xfb, 0x0, 0x0, 0x0, 0x0, 0x0, 0x1,
    0xfe, 0x0, 0x5, 0xfb, 0x0, 0x0, 0x0, 0x0,
    0x0, 0x7, 0xf9, 0x0, 0x5, 0xfb, 0x0, 0x0,
    0x0, 0x0, 0x0, 0xd, 0xff, 0xff, 0xff, 0xff,
    0xff, 0xff, 0xff, 0xf1, 0x0, 0x5f, 0xfe, 0xee,
    0xee, 0xff, 0xee, 0xee, 0xee, 0xe1, 0x0, 0xdf,
    0x50, 0x0, 0x5, 0xfb, 0x0, 0x0, 0x0, 0x0,
    0x7, 0xfc, 0x0, 0x0, 0x5, 0xfb, 0x0, 0x0,
    0x0, 0x0, 0xd, 0xf2, 0x0, 0x0, 0x5, 0xfb,
    0x0, 0x0, 0x0, 0x0, 0x0, 0x30, 0x0, 0x0,
    0x5, 0xfb, 0x0, 0x0, 0x0, 0x0, 0x0, 0x2f,
    0xff, 0xff, 0xff, 0xff, 0xff, 0xff, 0xff, 0x50,
    0x0, 0x1d, 0xdd, 0xdd, 0xde, 0xff, 0xdd, 0xdd,
    0xdd, 0x40, 0x0, 0x0, 0x0, 0x0, 0x5, 0xfb,
    0x0, 0x0, 0x0, 0x0, 0x0, 0x0, 0x0, 0x0,
    0x5, 0xfb, 0x0, 0x0, 0x0, 0x0, 0x0, 0x0,
    0x0, 0x0, 0x5, 0xfb, 0x0, 0x0, 0x0, 0x0,
    0x0, 0x0, 0x0, 0x0, 0x5, 0xfb, 0x0, 0x0,
    0x0, 0x0, 0x0, 0x0, 0x0, 0x0, 0x5, 0xfb,
    0x0, 0x0, 0x0, 0x0, 0xf, 0xff, 0xff, 0xff,
    0xff, 0xff, 0xff, 0xff, 0xff, 0xfe, 0xd, 0xdd,
    0xdd, 0xdd, 0xdd, 0xdd, 0xdd, 0xdd, 0xdd, 0xdc,

    /* U+7528 "用" */
    0x0, 0xef, 0xff, 0xff, 0xff, 0xff, 0xff, 0xff,
    0xff, 0x0, 0xef, 0xee, 0xee, 0xef, 0xfe, 0xee,
    0xee, 0xff, 0x0, 0xef, 0x0, 0x0, 0xf, 0xf0,
    0x0, 0x0, 0xff, 0x0, 0xef, 0x0, 0x0, 0xf,
    0xf0, 0x0, 0x0, 0xff, 0x0, 0xef, 0x0, 0x0,
    0xf, 0xf0, 0x0, 0x0, 0xff, 0x0, 0xef, 0xdd,
    0xdd, 0xdf, 0xfd, 0xdd, 0xdd, 0xff, 0x0, 0xef,
    0xff, 0xff, 0xff, 0xff, 0xff, 0xff, 0xff, 0x0,
    0xef, 0x0, 0x0, 0xf, 0xf0, 0x0, 0x0, 0xff,
    0x0, 0xef, 0x0, 0x0, 0xf, 0xf0, 0x0, 0x0,
    0xff, 0x0, 0xef, 0x0, 0x0, 0xf, 0xf0, 0x0,
    0x0, 0xff, 0x0, 0xef, 0xdd, 0xdd, 0xdf, 0xfd,
    0xdd, 0xdd, 0xff, 0x0, 0xff, 0xff, 0xff, 0xff,
    0xff, 0xff, 0xff, 0xff, 0x0, 0xfd, 0x0, 0x0,
    0xf, 0xf0, 0x0, 0x0, 0xff, 0x3, 0xfb, 0x0,
    0x0, 0xf, 0xf0, 0x0, 0x0, 0xff, 0x7, 0xf7,
    0x0, 0x0, 0xf, 0xf0, 0x0, 0x0, 0xff, 0xd,
    0xf2, 0x0, 0x0, 0xf, 0xf0, 0x0, 0x1, 0xff,
    0x5f, 0xc0, 0x0, 0x0, 0xf, 0xf0, 0x2e, 0xef,
    0xfd, 0x9f, 0x40, 0x0, 0x0, 0xc, 0xd0, 0xf,
    0xff, 0xd4, 0x2, 0x0, 0x0, 0x0, 0x0, 0x0,
    0x0, 0x0, 0x0,

    /* U+7531 "由" */
    0x0, 0x0, 0x0, 0x9, 0xa0, 0x0, 0x0, 0x0,
    0x0, 0x0, 0x0, 0x0, 0xef, 0x0, 0x0, 0x0,
    0x0, 0x0, 0x0, 0x0, 0xe, 0xf0, 0x0, 0x0,
    0x0, 0x0, 0x0, 0x0, 0x0, 0xef, 0x0, 0x0,
    0x0, 0x0, 0xff, 0xff, 0xff, 0xff, 0xff, 0xff,
    0xff, 0xff, 0x1f, 0xfe, 0xee, 0xee, 0xff, 0xee,
    0xee, 0xef, 0xf1, 0xfd, 0x0, 0x0, 0xe, 0xf0,
    0x0, 0x0, 0xcf, 0x1f, 0xd0, 0x0, 0x0, 0xef,
    0x0, 0x0, 0xc, 0xf1, 0xfd, 0x0, 0x0, 0xe,
    0xf0, 0x0, 0x0, 0xcf, 0x1f, 0xd0, 0x0, 0x0,
    0xef, 0x0, 0x0, 0xc, 0xf1, 0xff, 0xdd, 0xdd,
    0xdf, 0xfd, 0xdd, 0xdd, 0xff, 0x1f, 0xff, 0xff,
    0xff, 0xff, 0xff, 0xff, 0xff, 0xf1, 0xfd, 0x0,
    0x0, 0xe, 0xf0, 0x0, 0x0, 0xcf, 0x1f, 0xd0,
    0x0, 0x0, 0xef, 0x0, 0x0, 0xc, 0xf1, 0xfd,
    0x0, 0x0, 0xe, 0xf0, 0x0, 0x0, 0xcf, 0x1f,
    0xd0, 0x0, 0x0, 0xef, 0x0, 0x0, 0xc, 0xf1,
    0xfd, 0x0, 0x0, 0xe, 0xf0, 0x0, 0x0, 0xcf,
    0x1f, 0xfd, 0xdd, 0xdd, 0xff, 0xdd, 0xdd, 0xdf,
    0xf1, 0xff, 0xff, 0xff, 0xff, 0xff, 0xff, 0xff,
    0xff, 0x1f, 0xd0, 0x0, 0x0, 0x0, 0x0, 0x0,
    0xc, 0xf1,

    /* U+7535 "电" */
    0x0, 0x0, 0x0, 0x6, 0x50, 0x0, 0x0, 0x0,
    0x0, 0x0, 0x0, 0x0, 0x0, 0xfe, 0x0, 0x0,
    0x0, 0x0, 0x0, 0x0, 0x0, 0x0, 0xf, 0xe0,
    0x0, 0x0, 0x0, 0x0, 0xd, 0xdd, 0xdd, 0xdd,
    0xff, 0xdd, 0xdd, 0xdd, 0xc0, 0x0, 0xff, 0xff,
    0xff, 0xff, 0xff, 0xff, 0xff, 0xff, 0x0, 0xf,
    0xe0, 0x0, 0x0, 0xfe, 0x0, 0x0, 0xf, 0xf0,
    0x0, 0xfe, 0x0, 0x0, 0xf, 0xe0, 0x0, 0x0,
    0xff, 0x0, 0xf, 0xe0, 0x0, 0x0, 0xfe, 0x0,
    0x0, 0xf, 0xf0, 0x0, 0xff, 0xff, 0xff, 0xff,
    0xff, 0xff, 0xff, 0xff, 0x0, 0xf, 0xfd, 0xdd,
    0xdd, 0xff, 0xdd, 0xdd, 0xdf, 0xf0, 0x0, 0xfe,
    0x0, 0x0, 0xf, 0xe0, 0x0, 0x0, 0xff, 0x0,
    0xf, 0xe0, 0x0, 0x0, 0xfe, 0x0, 0x0, 0xf,
    0xf0, 0x0, 0xfe, 0x0, 0x0, 0xf, 0xe0, 0x0,
    0x0, 0xff, 0x0, 0xf, 0xff, 0xff, 0xff, 0xff,
    0xff, 0xff, 0xff, 0xf0, 0x0, 0xdd, 0xdd, 0xdd,
    0xdf, 0xfd, 0xdd, 0xdd, 0xdc, 0x7e, 0x50, 0x0,
    0x0, 0x0, 0xfe, 0x0, 0x0, 0x0, 0x7, 0xf6,
    0x0, 0x0, 0x0, 0xf, 0xe0, 0x0, 0x0, 0x0,
    0x8f, 0x50, 0x0, 0x0, 0x0, 0xff, 0x20, 0x0,
    0x0, 0xc, 0xf3, 0x0, 0x0, 0x0, 0xc, 0xff,
    0xdd, 0xdd, 0xdf, 0xff, 0x0, 0x0, 0x0, 0x0,
    0x3c, 0xff, 0xff, 0xff, 0xfd, 0x40,

    /* U+753B "画" */
    0x2d, 0xdd, 0xdd, 0xdd, 0xdd, 0xdd, 0xdd, 0xdd,
    0xdd, 0xdd, 0x2f, 0xff, 0xff, 0xff, 0xff, 0xff,
    0xff, 0xff, 0xff, 0xff, 0x0, 0x0, 0x0, 0x0,
    0x0, 0x0, 0x0, 0x0, 0x0, 0x0, 0x0, 0x31,
    0x0, 0x0, 0x0, 0x0, 0x0, 0x0, 0x2, 0x30,
    0x2, 0xf9, 0x6, 0xff, 0xff, 0xff, 0xff, 0xf4,
    0xc, 0xf0, 0x2, 0xf9, 0x6, 0xfa, 0x9b, 0xfa,
    0x9b, 0xf4, 0xc, 0xf0, 0x2, 0xf9, 0x6, 0xf4,
    0x5, 0xf3, 0x6, 0xf4, 0xc, 0xf0, 0x2, 0xf9,
    0x6, 0xf4, 0x5, 0xf3, 0x6, 0xf4, 0xc, 0xf0,
    0x2, 0xf9, 0x6, 0xfa, 0x8a, 0xf9, 0x8b, 0xf4,
    0xc, 0xf0, 0x2, 0xf9, 0x6, 0xff, 0xff, 0xff,
    0xff, 0xf4, 0xc, 0xf0, 0x2, 0xf9, 0x6, 0xf4,
    0x5, 0xf3, 0x6, 0xf4, 0xc, 0xf0, 0x2, 0xf9,
    0x6, 0xf4, 0x5, 0xf3, 0x6, 0xf4, 0xc, 0xf0,
    0x2, 0xf9, 0x6, 0xf4, 0x5, 0xf3, 0x6, 0xf4,
    0xc, 0xf0, 0x2, 0xf9, 0x6, 0xff, 0xff, 0xff,
    0xff, 0xf4, 0xc, 0xf0, 0x2, 0xf9, 0x3, 0x99,
    0x99, 0x99, 0x99, 0x92, 0xc, 0xf0, 0x2, 0xf9,
    0x0, 0x0, 0x0, 0x0, 0x0, 0x0, 0xc, 0xf0,
    0x2, 0xff, 0xdd, 0xdd, 0xdd, 0xdd, 0xdd, 0xdd,
    0xdf, 0xf0, 0x2, 0xff, 0xff, 0xff, 0xff, 0xff,
    0xff, 0xff, 0xff, 0xf0, 0x0, 0x0, 0x0, 0x0,
    0x0, 0x0, 0x0, 0x0, 0xc, 0xf0,

    /* U+754C "界" */
    0x0, 0x8a, 0xaa, 0xaa, 0xaa, 0xaa, 0xaa, 0xaa,
    0xa8, 0x0, 0x0, 0xdf, 0xff, 0xff, 0xff, 0xff,
    0xff, 0xff, 0xfd, 0x0, 0x0, 0xdf, 0x0, 0x0,
    0xf, 0xd0, 0x0, 0x0, 0xfd, 0x0, 0x0, 0xdf,
    0x11, 0x11, 0x1f, 0xd1, 0x11, 0x11, 0xfd, 0x0,
    0x0, 0xdf, 0xff, 0xff, 0xff, 0xff, 0xff, 0xff,
    0xfd, 0x0, 0x0, 0xdf, 0x66, 0x66, 0x6f, 0xe6,
    0x66, 0x66, 0xfd, 0x0, 0x0, 0xdf, 0x0, 0x0,
    0xf, 0xd0, 0x0, 0x0, 0xfd, 0x0, 0x0, 0xdf,
    0x99, 0x99, 0x9f, 0xf9, 0x99, 0x99, 0xfd, 0x0,
    0x0, 0xdf, 0xff, 0xff, 0xff, 0xff, 0xff, 0xff,
    0xfd, 0x0, 0x0, 0x0, 0x0, 0x8, 0xfe, 0xee,
    0x40, 0x0, 0x0, 0x0, 0x0, 0x0, 0x5, 0xdf,
    0xc1, 0x2d, 0xfb, 0x30, 0x0, 0x0, 0x0, 0x17,
    0xdf, 0xf7, 0x0, 0x0, 0x9f, 0xfc, 0x61, 0x0,
    0x6b, 0xff, 0xf8, 0xfd, 0x0, 0x0, 0xef, 0xbf,
    0xff, 0xc6, 0x9f, 0xd7, 0x0, 0xfd, 0x0, 0x0,
    0xef, 0x2, 0x8d, 0xf7, 0x13, 0x0, 0x3, 0xfa,
    0x0, 0x0, 0xef, 0x0, 0x0, 0x30, 0x0, 0x0,
    0xc, 0xf4, 0x0, 0x0, 0xef, 0x0, 0x0, 0x0,
    0x0, 0x2, 0xcf, 0xb0, 0x0, 0x0, 0xef, 0x0,
    0x0, 0x0, 0x0, 0x9f, 0xfb, 0x0, 0x0, 0x0,
    0xef, 0x0, 0x0, 0x0, 0x0, 0x8f, 0x70, 0x0,
    0x0, 0x0, 0xef, 0x0, 0x0, 0x0, 0x0, 0x1,
    0x0, 0x0, 0x0, 0x0, 0x0, 0x0, 0x0, 0x0,

    /* U+7559 "留" */
    0x0, 0x0, 0x0, 0x48, 0x0, 0x0, 0x0, 0x0,
    0x0, 0x0, 0x57, 0xac, 0xff, 0xf5, 0x88, 0x88,
    0x88, 0x88, 0x81, 0xf, 0xff, 0xfc, 0x84, 0xf,
    0xff, 0xff, 0xff, 0xff, 0x10, 0xfe, 0x30, 0x6,
    0x0, 0x4, 0xf7, 0x0, 0xc, 0xf0, 0xf, 0xd0,
    0x5, 0xf4, 0x0, 0x6f, 0x50, 0x0, 0xdf, 0x0,
    0xfd, 0x0, 0xd, 0xd0, 0xa, 0xf2, 0x0, 0xe,
    0xd0, 0xf, 0xd1, 0x7d, 0xff, 0x71, 0xfd, 0x0,
    0x1, 0xfc, 0x1, 0xff, 0xff, 0xe7, 0xba, 0xcf,
    0x54, 0x99, 0xdf, 0x90, 0x5f, 0xfb, 0x40, 0x1,
    0xdf, 0x90, 0x4f, 0xff, 0xc2, 0x0, 0x82, 0x0,
    0x0, 0x6, 0x80, 0x0, 0x0, 0x0, 0x0, 0x2,
    0x99, 0x99, 0x99, 0x99, 0x99, 0x99, 0x99, 0x90,
    0x0, 0x3f, 0xff, 0xff, 0xff, 0xff, 0xff, 0xff,
    0xff, 0x0, 0x3, 0xf9, 0x0, 0x0, 0xdf, 0x0,
    0x0, 0xd, 0xf0, 0x0, 0x3f, 0x90, 0x0, 0xd,
    0xf0, 0x0, 0x0, 0xdf, 0x0, 0x3, 0xfc, 0x77,
    0x77, 0xef, 0x77, 0x77, 0x7e, 0xf0, 0x0, 0x3f,
    0xff, 0xff, 0xff, 0xff, 0xff, 0xff, 0xff, 0x0,
    0x3, 0xf9, 0x0, 0x0, 0xdf, 0x0, 0x0, 0xd,
    0xf0, 0x0, 0x3f, 0x90, 0x0, 0xd, 0xf0, 0x0,
    0x0, 0xdf, 0x0, 0x3, 0xff, 0xff, 0xff, 0xff,
    0xff, 0xff, 0xff, 0xf0, 0x0, 0x3f, 0xc7, 0x77,
    0x77, 0x77, 0x77, 0x77, 0xef, 0x0,

    /* U+767D "白" */
    0x0, 0x0, 0x0, 0x9b, 0x30, 0x0, 0x0, 0x0,
    0x0, 0x0, 0x0, 0xff, 0x10, 0x0, 0x0, 0x0,
    0x0, 0x0, 0x6, 0xfc, 0x0, 0x0, 0x0, 0x0,
    0xdd, 0xdd, 0xdf, 0xfe, 0xdd, 0xdd, 0xdd, 0xdd,
    0xff, 0xff, 0xff, 0xff, 0xff, 0xff, 0xff, 0xff,
    0xfe, 0x0, 0x0, 0x0, 0x0, 0x0, 0x0, 0xef,
    0xfe, 0x0, 0x0, 0x0, 0x0, 0x0, 0x0, 0xef,
    0xfe, 0x0, 0x0, 0x0, 0x0, 0x0, 0x0, 0xef,
    0xfe, 0x0, 0x0, 0x0, 0x0, 0x0, 0x0, 0xef,
    0xfe, 0x0, 0x0, 0x0, 0x0, 0x0, 0x0, 0xef,
    0xff, 0xdd, 0xdd, 0xdd, 0xdd, 0xdd, 0xdd, 0xff,
    0xff, 0xff, 0xff, 0xff, 0xff, 0xff, 0xff, 0xff,
    0xfe, 0x0, 0x0, 0x0, 0x0, 0x0, 0x0, 0xef,
    0xfe, 0x0, 0x0, 0x0, 0x0, 0x0, 0x0, 0xef,
    0xfe, 0x0, 0x0, 0x0, 0x0, 0x0, 0x0, 0xef,
    0xfe, 0x0, 0x0, 0x0, 0x0, 0x0, 0x0, 0xef,
    0xfe, 0x0, 0x0, 0x0, 0x0, 0x0, 0x0, 0xef,
    0xff, 0xff, 0xff, 0xff, 0xff, 0xff, 0xff, 0xff,
    0xff, 0xdd, 0xdd, 0xdd, 0xdd, 0xdd, 0xdd, 0xff,
    0xfe, 0x0, 0x0, 0x0, 0x0, 0x0, 0x0, 0xef,
    0x0, 0x0, 0x0, 0x0, 0x0, 0x0, 0x0, 0x0,

    /* U+7684 "的" */
    0x0, 0x5, 0x61, 0x0, 0x0, 0x9, 0x70, 0x0,
    0x0, 0x0, 0x0, 0xdf, 0x20, 0x0, 0x1, 0xfe,
    0x0, 0x0, 0x0, 0x0, 0x1f, 0xe0, 0x0, 0x0,
    0x6f, 0x90, 0x0, 0x0, 0x0, 0x5, 0xfa, 0x0,
    0x0, 0xc, 0xf4, 0x0, 0x0, 0x0, 0xdf, 0xff,
    0xff, 0xff, 0x2, 0xff, 0xff, 0xff, 0xff, 0xd,
    0xfd, 0xdd, 0xdf, 0xf0, 0xaf, 0xee, 0xee, 0xef,
    0xf0, 0xdf, 0x0, 0x0, 0xdf, 0x3f, 0xf1, 0x0,
    0x0, 0xdf, 0xd, 0xf0, 0x0, 0xd, 0xfa, 0xf7,
    0x0, 0x0, 0xe, 0xf0, 0xdf, 0x0, 0x0, 0xdf,
    0x6, 0x11, 0x0, 0x0, 0xef, 0xd, 0xf0, 0x0,
    0xd, 0xf0, 0x1e, 0xb0, 0x0, 0xf, 0xe0, 0xdf,
    0xee, 0xee, 0xff, 0x0, 0xbf, 0x90, 0x0, 0xfe,
    0xd, 0xff, 0xff, 0xff, 0xf0, 0x1, 0xef, 0x50,
    0xf, 0xd0, 0xdf, 0x0, 0x0, 0xdf, 0x0, 0x4,
    0xff, 0x20, 0xfc, 0xd, 0xf0, 0x0, 0xd, 0xf0,
    0x0, 0x8, 0x80, 0x1f, 0xc0, 0xdf, 0x0, 0x0,
    0xdf, 0x0, 0x0, 0x0, 0x1, 0xfb, 0xd, 0xf0,
    0x0, 0xd, 0xf0, 0x0, 0x0, 0x0, 0x2f, 0xb0,
    0xdf, 0x0, 0x0, 0xdf, 0x0, 0x0, 0x0, 0x2,
    0xfa, 0xd, 0xff, 0xff, 0xff, 0xf0, 0x0, 0x0,
    0x0, 0x7f, 0x90, 0xdf, 0xee, 0xee, 0xee, 0x0,
    0xb, 0xee, 0xff, 0xf6, 0xd, 0xf0, 0x0, 0x0,
    0x0, 0x0, 0x9f, 0xff, 0xe9, 0x0,

    /* U+76D6 "盖" */
    0x0, 0x0, 0x29, 0x10, 0x0, 0x0, 0x9, 0x60,
    0x0, 0x0, 0x0, 0x0, 0x7f, 0xd1, 0x0, 0x0,
    0x8f, 0xb0, 0x0, 0x0, 0x0, 0x0, 0xa, 0xfc,
    0x0, 0x4, 0xfe, 0x10, 0x0, 0x0, 0x4f, 0xff,
    0xff, 0xff, 0xff, 0xff, 0xff, 0xff, 0xff, 0xc0,
    0x29, 0x99, 0x99, 0x99, 0xaf, 0xd9, 0x99, 0x99,
    0x99, 0x60, 0x0, 0x0, 0x0, 0x0, 0x4f, 0xb0,
    0x0, 0x0, 0x0, 0x0, 0x1, 0x99, 0x99, 0x99,
    0xaf, 0xd9, 0x99, 0x99, 0x95, 0x0, 0x2, 0xff,
    0xff, 0xff, 0xff, 0xff, 0xff, 0xff, 0xf9, 0x0,
    0x0, 0x0, 0x0, 0x0, 0x4f, 0xb0, 0x0, 0x0,
    0x0, 0x0, 0x7a, 0xaa, 0xaa, 0xaa, 0xbf, 0xea,
    0xaa, 0xaa, 0xaa, 0xa2, 0xbf, 0xff, 0xff, 0xff,
    0xff, 0xff, 0xff, 0xff, 0xff, 0xf3, 0x0, 0x0,
    0x0, 0x0, 0x0, 0x0, 0x0, 0x0, 0x0, 0x0,
    0x0, 0x0, 0x0, 0x0, 0x0, 0x0, 0x0, 0x0,
    0x0, 0x0, 0x0, 0xff, 0xff, 0xff, 0xff, 0xff,
    0xff, 0xff, 0xf6, 0x0, 0x0, 0xff, 0x99, 0xbf,
    0xc9, 0x9f, 0xe9, 0x9c, 0xf6, 0x0, 0x0, 0xfe,
    0x0, 0x4f, 0x60, 0xe, 0xb0, 0x6, 0xf6, 0x0,
    0x0, 0xfe, 0x0, 0x4f, 0x60, 0xe, 0xb0, 0x6,
    0xf6, 0x0, 0x0, 0xfe, 0x0, 0x4f, 0x60, 0xe,
    0xb0, 0x6, 0xf6, 0x0, 0xdd, 0xff, 0xdd, 0xef,
    0xed, 0xdf, 0xfd, 0xde, 0xfe, 0xd6, 0xff, 0xff,
    0xff, 0xff, 0xff, 0xff, 0xff, 0xff, 0xff, 0xf8,

    /* U+76D8 "盘" */
    0x0, 0x0, 0x0, 0x0, 0xb, 0x90, 0x0, 0x0,
    0x0, 0x0, 0x0, 0x0, 0x0, 0x0, 0x4f, 0xb0,
    0x0, 0x0, 0x0, 0x0, 0x0, 0x0, 0xdf, 0xff,
    0xff, 0xff, 0xff, 0xff, 0xf3, 0x0, 0x0, 0x0,
    0xdf, 0x99, 0x9c, 0x99, 0x99, 0x9d, 0xf3, 0x0,
    0x0, 0x0, 0xdf, 0x0, 0x3f, 0x90, 0x0, 0xa,
    0xf3, 0x0, 0x0, 0x0, 0xdf, 0x0, 0x9, 0xfd,
    0x10, 0xa, 0xf3, 0x0, 0x0, 0x0, 0xdf, 0x0,
    0x0, 0x5c, 0x0, 0xa, 0xf3, 0x0, 0x3f, 0xff,
    0xff, 0xff, 0xff, 0xff, 0xff, 0xff, 0xff, 0xff,
    0x28, 0x89, 0xfe, 0x88, 0x99, 0x88, 0x88, 0x8d,
    0xfa, 0x88, 0x0, 0x5, 0xfa, 0x0, 0xae, 0x60,
    0x0, 0xa, 0xf3, 0x0, 0x0, 0x2e, 0xf3, 0x0,
    0x2b, 0xfb, 0x23, 0x4d, 0xf2, 0x0, 0x4, 0xef,
    0x60, 0x0, 0x0, 0x65, 0x8f, 0xff, 0xc0, 0x0,
    0x9, 0xf6, 0x0, 0x0, 0x0, 0x0, 0x13, 0x32,
    0x0, 0x0, 0x0, 0x8f, 0xff, 0xff, 0xff, 0xff,
    0xff, 0xff, 0xff, 0x0, 0x0, 0x4f, 0xda, 0xae,
    0xfa, 0xac, 0xfc, 0xaa, 0xff, 0x0, 0x0, 0x4f,
    0x80, 0xb, 0xf0, 0x5, 0xf6, 0x0, 0xef, 0x0,
    0x0, 0x4f, 0x80, 0xb, 0xf0, 0x5, 0xf6, 0x0,
    0xef, 0x0, 0x0, 0x4f, 0x80, 0xb, 0xf0, 0x5,
    0xf6, 0x0, 0xef, 0x0, 0x3a, 0xbf, 0xda, 0xae,
    0xfa, 0xac, 0xfc, 0xaa, 0xff, 0xaa, 0x5f, 0xff,
    0xff, 0xff, 0xff, 0xff, 0xff, 0xff, 0xff, 0xff,

    /* U+76EE "目" */
    0xdd, 0xdd, 0xdd, 0xdd, 0xdd, 0xdd, 0xdd, 0xbf,
    0xff, 0xff, 0xff, 0xff, 0xff, 0xff, 0xfd, 0xfe,
    0x0, 0x0, 0x0, 0x0, 0x0, 0xf, 0xdf, 0xe0,
    0x0, 0x0, 0x0, 0x0, 0x0, 0xfd, 0xfe, 0x0,
    0x0, 0x0, 0x0, 0x0, 0xf, 0xdf, 0xe0, 0x0,
    0x0, 0x0, 0x0, 0x0, 0xfd, 0xff, 0xff, 0xff,
    0xff, 0xff, 0xff, 0xff, 0xdf, 0xfd, 0xdd, 0xdd,
    0xdd, 0xdd, 0xdd, 0xfd, 0xfe, 0x0, 0x0, 0x0,
    0x0, 0x0, 0xf, 0xdf, 0xe0, 0x0, 0x0, 0x0,
    0x0, 0x0, 0xfd, 0xfe, 0x0, 0x0, 0x0, 0x0,
    0x0, 0xf, 0xdf, 0xff, 0xff, 0xff, 0xff, 0xff,
    0xff, 0xfd, 0xff, 0xdd, 0xdd, 0xdd, 0xdd, 0xdd,
    0xdf, 0xdf, 0xe0, 0x0, 0x0, 0x0, 0x0, 0x0,
    0xfd, 0xfe, 0x0, 0x0, 0x0, 0x0, 0x0, 0xf,
    0xdf, 0xe0, 0x0, 0x0, 0x0, 0x0, 0x0, 0xfd,
    0xff, 0xee, 0xee, 0xee, 0xee, 0xee, 0xef, 0xdf,
    0xff, 0xff, 0xff, 0xff, 0xff, 0xff, 0xfd, 0xfe,
    0x0, 0x0, 0x0, 0x0, 0x0, 0xf, 0xd1, 0x10,
    0x0, 0x0, 0x0, 0x0, 0x0, 0x0,

    /* U+76F4 "直" */
    0x0, 0x0, 0x0, 0x0, 0x7, 0xa1, 0x0, 0x0,
    0x0, 0x0, 0x0, 0x0, 0x0, 0x0, 0xb, 0xf2,
    0x0, 0x0, 0x0, 0x0, 0xc, 0xff, 0xff, 0xff,
    0xff, 0xff, 0xff, 0xff, 0xff, 0xf5, 0x7, 0x99,
    0x99, 0x99, 0x9e, 0xfa, 0x99, 0x99, 0x99, 0x93,
    0x0, 0x0, 0x0, 0x0, 0xb, 0xf2, 0x0, 0x0,
    0x0, 0x0, 0x0, 0x5, 0x99, 0x99, 0x9e, 0xfa,
    0x99, 0x99, 0x91, 0x0, 0x0, 0xa, 0xff, 0xff,
    0xff, 0xff, 0xff, 0xff, 0xf3, 0x0, 0x0, 0xa,
    0xf4, 0x0, 0x0, 0x0, 0x0, 0xb, 0xf3, 0x0,
    0x0, 0xa, 0xf7, 0x55, 0x55, 0x55, 0x55, 0x5c,
    0xf3, 0x0, 0x0, 0xa, 0xff, 0xff, 0xff, 0xff,
    0xff, 0xff, 0xf3, 0x0, 0x0, 0xa, 0xf5, 0x22,
    0x22, 0x22, 0x22, 0x2b, 0xf3, 0x0, 0x0, 0xa,
    0xf7, 0x33, 0x33, 0x33, 0x33, 0x3c, 0xf3, 0x0,
    0x0, 0xa, 0xff, 0xff, 0xff, 0xff, 0xff, 0xff,
    0xf3, 0x0, 0x0, 0xa, 0xf6, 0x33, 0x33, 0x33,
    0x33, 0x3c, 0xf3, 0x0, 0x0, 0xa, 0xf4, 0x0,
    0x0, 0x0, 0x0, 0xb, 0xf3, 0x0, 0x0, 0xa,
    0xff, 0xff, 0xff, 0xff, 0xff, 0xff, 0xf3, 0x0,
    0x0, 0xa, 0xfa, 0x88, 0x88, 0x88, 0x88, 0x8d,
    0xf3, 0x0, 0x0, 0xa, 0xf4, 0x0, 0x0, 0x0,
    0x0, 0xb, 0xf3, 0x0, 0x7f, 0xff, 0xff, 0xff,
    0xff, 0xff, 0xff, 0xff, 0xff, 0xff, 0x6d, 0xdd,
    0xdd, 0xdd, 0xdd, 0xdd, 0xdd, 0xdd, 0xdd, 0xdd,

    /* U+76F8 "相" */
    0x0, 0x0, 0x0, 0x0, 0x0, 0x0, 0x0, 0x0,
    0x0, 0x0, 0x0, 0x8f, 0x40, 0x0, 0x0, 0x0,
    0x0, 0x0, 0x0, 0x0, 0x8, 0xf4, 0x0, 0x0,
    0x0, 0x0, 0x0, 0x0, 0x0, 0x0, 0x8f, 0x40,
    0x2, 0xff, 0xff, 0xff, 0xff, 0xfd, 0x0, 0x8,
    0xf4, 0x0, 0x2f, 0xfd, 0xdd, 0xdd, 0xdf, 0xd1,
    0x44, 0xaf, 0x74, 0x42, 0xfb, 0x0, 0x0, 0x0,
    0xfd, 0x5f, 0xff, 0xff, 0xff, 0x2f, 0xb0, 0x0,
    0x0, 0xf, 0xd2, 0x66, 0xcf, 0x86, 0x62, 0xfb,
    0x0, 0x0, 0x0, 0xfd, 0x0, 0xd, 0xf4, 0x0,
    0x2f, 0xff, 0xff, 0xff, 0xff, 0xd0, 0x3, 0xff,
    0x60, 0x2, 0xff, 0xdd, 0xdd, 0xdd, 0xfd, 0x0,
    0xaf, 0xff, 0x70, 0x2f, 0xb0, 0x0, 0x0, 0xf,
    0xd0, 0x1f, 0xff, 0xef, 0x92, 0xfb, 0x0, 0x0,
    0x0, 0xfd, 0x9, 0xfb, 0xf4, 0xbf, 0x4f, 0xb0,
    0x0, 0x0, 0xf, 0xd2, 0xfb, 0x8f, 0x40, 0x32,
    0xff, 0xff, 0xff, 0xff, 0xfd, 0x8f, 0x38, 0xf4,
    0x0, 0x2f, 0xfd, 0xdd, 0xdd, 0xdf, 0xd5, 0x90,
    0x8f, 0x40, 0x2, 0xfb, 0x0, 0x0, 0x0, 0xfd,
    0x11, 0x8, 0xf4, 0x0, 0x2f, 0xb0, 0x0, 0x0,
    0xf, 0xd0, 0x0, 0x8f, 0x40, 0x2, 0xfb, 0x0,
    0x0, 0x0, 0xfd, 0x0, 0x8, 0xf4, 0x0, 0x2f,
    0xfd, 0xdd, 0xdd, 0xdf, 0xd0, 0x0, 0x8f, 0x40,
    0x2, 0xff, 0xff, 0xff, 0xff, 0xfd, 0x0, 0x8,
    0xf4, 0x0, 0x2f, 0xb0, 0x0, 0x0, 0xf, 0xd0,

    /* U+770B "看" */
    0x0, 0x0, 0x0, 0x0, 0x0, 0x0, 0x0, 0x0,
    0x0, 0x10, 0x0, 0x1, 0x22, 0x34, 0x45, 0x67,
    0x89, 0xac, 0xdf, 0xfd, 0x0, 0x0, 0xff, 0xff,
    0xff, 0xff, 0xff, 0xfe, 0xcb, 0xa9, 0x70, 0x0,
    0x7, 0x66, 0x55, 0x4a, 0xf6, 0x0, 0x0, 0x0,
    0x0, 0x0, 0x0, 0x25, 0x55, 0x55, 0xdf, 0x65,
    0x55, 0x55, 0x55, 0x30, 0x0, 0x7, 0xff, 0xff,
    0xff, 0xff, 0xff, 0xff, 0xff, 0xfa, 0x0, 0x0,
    0x2, 0x22, 0x2a, 0xf7, 0x22, 0x22, 0x22, 0x22,
    0x10, 0x0, 0x88, 0x88, 0x88, 0xff, 0x98, 0x88,
    0x88, 0x88, 0x88, 0x81, 0xf, 0xff, 0xff, 0xff,
    0xff, 0xff, 0xff, 0xff, 0xff, 0xff, 0x30, 0x0,
    0x0, 0x5f, 0xe0, 0x0, 0x0, 0x0, 0x0, 0x0,
    0x0, 0x0, 0x0, 0x3f, 0xfa, 0x66, 0x66, 0x66,
    0x66, 0x64, 0x0, 0x0, 0x0, 0x2e, 0xff, 0xff,
    0xff, 0xff, 0xff, 0xff, 0xc0, 0x0, 0x0, 0x4f,
    0xff, 0x90, 0x0, 0x0, 0x0, 0x0, 0xfc, 0x0,
    0x0, 0x7f, 0xfa, 0xff, 0xff, 0xff, 0xff, 0xff,
    0xff, 0xc0, 0x0, 0x1f, 0xf7, 0x2f, 0xa2, 0x22,
    0x22, 0x22, 0x22, 0xfc, 0x0, 0x0, 0xa5, 0x2,
    0xfa, 0x22, 0x22, 0x22, 0x22, 0x2f, 0xc0, 0x0,
    0x0, 0x0, 0x2f, 0xff, 0xff, 0xff, 0xff, 0xff,
    0xfc, 0x0, 0x0, 0x0, 0x2, 0xf9, 0x0, 0x0,
    0x0, 0x0, 0xf, 0xc0, 0x0, 0x0, 0x0, 0x2f,
    0xff, 0xff, 0xff, 0xff, 0xff, 0xfc, 0x0, 0x0,
    0x0, 0x2, 0xfb, 0x55, 0x55, 0x55, 0x55, 0x5f,
    0xc0, 0x0, 0x0, 0x0, 0x0, 0x0, 0x0, 0x0,
    0x0, 0x0, 0x0, 0x0, 0x0,

    /* U+7720 "眠" */
    0x0, 0x0, 0x0, 0x5, 0x66, 0x66, 0x66, 0x66,
    0x65, 0xf, 0xff, 0xff, 0xf0, 0xdf, 0xff, 0xff,
    0xff, 0xff, 0xd0, 0xff, 0xdd, 0xff, 0xd, 0xf7,
    0x77, 0x77, 0x77, 0xfd, 0xf, 0xd0, 0xd, 0xf0,
    0xdf, 0x0, 0x0, 0x0, 0xf, 0xd0, 0xfd, 0x0,
    0xdf, 0xd, 0xf0, 0x0, 0x0, 0x0, 0xfd, 0xf,
    0xd0, 0xd, 0xf0, 0xdf, 0x88, 0x88, 0x88, 0x8f,
    0xd0, 0xff, 0xff, 0xff, 0xd, 0xff, 0xff, 0xff,
    0xff, 0xfd, 0xf, 0xfd, 0xdf, 0xf0, 0xdf, 0x55,
    0x5e, 0xf5, 0x55, 0x40, 0xfd, 0x0, 0xdf, 0xd,
    0xf0, 0x0, 0xdf, 0x0, 0x0, 0xf, 0xd0, 0xd,
    0xf0, 0xdf, 0x66, 0x6d, 0xf6, 0x66, 0x61, 0xff,
    0xdd, 0xff, 0xd, 0xff, 0xff, 0xff, 0xff, 0xff,
    0x3f, 0xff, 0xff, 0xf0, 0xdf, 0x33, 0x39, 0xf7,
    0x33, 0x30, 0xfd, 0x0, 0xdf, 0xd, 0xf0, 0x0,
    0x6f, 0x70, 0x0, 0xf, 0xd0, 0xd, 0xf0, 0xdf,
    0x0, 0x3, 0xfa, 0x0, 0x20, 0xfd, 0x0, 0xdf,
    0xd, 0xf0, 0x0, 0xf, 0xe0, 0xa, 0xcf, 0xfd,
    0xdf, 0xf0, 0xdf, 0x3, 0xc0, 0xbf, 0x40, 0xda,
    0xff, 0xff, 0xff, 0xd, 0xfa, 0xff, 0x15, 0xfc,
    0x3f, 0x7f, 0xd0, 0x0, 0x1, 0xff, 0xfa, 0x20,
    0xd, 0xff, 0xf3, 0xfd, 0x0, 0x0, 0xe, 0x92,
    0x0, 0x0, 0x2c, 0xf8, 0x0, 0x0, 0x0, 0x0,
    0x0, 0x0, 0x0, 0x0, 0x0, 0x0,

    /* U+77E5 "知" */
    0x0, 0x4, 0x61, 0x0, 0x0, 0x0, 0x0, 0x0,
    0x0, 0x0, 0x0, 0xbf, 0x10, 0x0, 0x0, 0x0,
    0x0, 0x0, 0x0, 0x0, 0x1f, 0xc0, 0x0, 0x0,
    0x9, 0xbb, 0xbb, 0xbb, 0xb0, 0x6, 0xff, 0xee,
    0xee, 0xe0, 0xdf, 0xff, 0xff, 0xff, 0x0, 0xdf,
    0xff, 0xff, 0xff, 0xd, 0xf3, 0x33, 0x3e, 0xf0,
    0x5f, 0xa0, 0xcf, 0x0, 0x0, 0xdf, 0x0, 0x0,
    0xdf, 0xc, 0xf3, 0xc, 0xf0, 0x0, 0xd, 0xf0,
    0x0, 0xd, 0xf0, 0x7b, 0x0, 0xcf, 0x0, 0x0,
    0xdf, 0x0, 0x0, 0xdf, 0x0, 0x0, 0xc, 0xf0,
    0x0, 0xd, 0xf0, 0x0, 0xd, 0xf0, 0xdd, 0xdd,
    0xff, 0xdd, 0xd5, 0xdf, 0x0, 0x0, 0xdf, 0xf,
    0xff, 0xff, 0xff, 0xff, 0x6d, 0xf0, 0x0, 0xd,
    0xf0, 0x0, 0x0, 0xfd, 0x0, 0x0, 0xdf, 0x0,
    0x0, 0xdf, 0x0, 0x0, 0x2f, 0xb0, 0x0, 0xd,
    0xf0, 0x0, 0xd, 0xf0, 0x0, 0x6, 0xff, 0x30,
    0x0, 0xdf, 0x0, 0x0, 0xdf, 0x0, 0x0, 0xdf,
    0xfe, 0x10, 0xd, 0xf0, 0x0, 0xd, 0xf0, 0x0,
    0x4f, 0xc9, 0xfc, 0x0, 0xdf, 0x0, 0x0, 0xdf,
    0x0, 0xe, 0xf4, 0xc, 0xf9, 0xd, 0xfd, 0xdd,
    0xdf, 0xf0, 0xa, 0xfb, 0x0, 0x1e, 0xf3, 0xdf,
    0xff, 0xff, 0xff, 0x8, 0xfe, 0x10, 0x0, 0x36,
    0xd, 0xf0, 0x0, 0xd, 0xf0, 0xdf, 0x30, 0x0,
    0x0, 0x0, 0xdf, 0x0, 0x0, 0xdf, 0x1, 0x40,
    0x0, 0x0, 0x0, 0x0, 0x0, 0x0, 0x0, 0x0,

    /* U+77ED "短" */
    0x0, 0x11, 0x0, 0x0, 0x0, 0x0, 0x0, 0x0,
    0x0, 0x0, 0x0, 0x9, 0xf2, 0x0, 0x0, 0x0,
    0x0, 0x0, 0x0, 0x0, 0x0, 0x0, 0xef, 0x0,
    0x0, 0xaf, 0xff, 0xff, 0xff, 0xff, 0xfc, 0x0,
    0x3f, 0xd5, 0x55, 0x39, 0xee, 0xee, 0xee, 0xee,
    0xee, 0xa0, 0x8, 0xff, 0xff, 0xfb, 0x0, 0x0,
    0x0, 0x0, 0x0, 0x0, 0x0, 0xfe, 0x7f, 0xb6,
    0x40, 0x0, 0x0, 0x0, 0x0, 0x0, 0x0, 0x6f,
    0x81, 0xf9, 0x0, 0xf, 0xff, 0xff, 0xff, 0xff,
    0xd0, 0xa, 0xf2, 0x1f, 0x90, 0x0, 0xff, 0xdd,
    0xdd, 0xdd, 0xfd, 0x0, 0x3, 0x1, 0xf9, 0x0,
    0xf, 0xd0, 0x0, 0x0, 0xf, 0xd0, 0x4, 0x77,
    0x8f, 0xc7, 0x70, 0xfd, 0x0, 0x0, 0x0, 0xfd,
    0x0, 0x9f, 0xff, 0xff, 0xff, 0xf, 0xd0, 0x0,
    0x0, 0xf, 0xd0, 0x2, 0x55, 0x7f, 0xa5, 0x50,
    0xff, 0xff, 0xff, 0xff, 0xfd, 0x0, 0x0, 0x5,
    0xf6, 0x0, 0xd, 0xdd, 0xdd, 0xdd, 0xdd, 0xb0,
    0x0, 0x0, 0x8f, 0xa0, 0x0, 0x6, 0x30, 0x0,
    0x5, 0x71, 0x0, 0x0, 0xd, 0xff, 0x80, 0x6,
    0xfc, 0x0, 0x0, 0xef, 0x30, 0x0, 0x3, 0xfd,
    0xdf, 0x60, 0xd, 0xf6, 0x0, 0x7f, 0xb0, 0x0,
    0x0, 0xcf, 0x52, 0xef, 0x20, 0x4f, 0xe0, 0xe,
    0xf3, 0x0, 0x0, 0x6f, 0xd0, 0x4, 0xb0, 0x0,
    0x73, 0x8, 0xfa, 0x0, 0x0, 0x3f, 0xf4, 0x0,
    0x7, 0xff, 0xff, 0xff, 0xff, 0xff, 0xff, 0x27,
    0xf9, 0x0, 0x0, 0x6d, 0xdd, 0xdd, 0xdd, 0xdd,
    0xdd, 0xd1, 0x7, 0x0, 0x0, 0x0, 0x0, 0x0,
    0x0, 0x0, 0x0, 0x0, 0x0,

    /* U+7801 "码" */
    0x0, 0x0, 0x0, 0x0, 0x0, 0x66, 0x66, 0x66,
    0x66, 0x40, 0x0, 0x8f, 0xff, 0xff, 0xff, 0x2f,
    0xff, 0xff, 0xff, 0xfa, 0x0, 0x6, 0xdd, 0xff,
    0xdd, 0xd0, 0x77, 0x77, 0x77, 0x9f, 0x80, 0x0,
    0x0, 0xe, 0xf0, 0x0, 0x2, 0x84, 0x0, 0x6,
    0xf7, 0x0, 0x0, 0x3, 0xfb, 0x0, 0x0, 0x4f,
    0x80, 0x0, 0x8f, 0x50, 0x0, 0x0, 0x8f, 0x60,
    0x0, 0x6, 0xf7, 0x0, 0x9, 0xf4, 0x0, 0x0,
    0xe, 0xf0, 0x0, 0x0, 0x7f, 0x50, 0x0, 0xbf,
    0x20, 0x0, 0x5, 0xfe, 0x99, 0x93, 0x9, 0xf4,
    0x0, 0xc, 0xf1, 0x0, 0x0, 0xdf, 0xff, 0xff,
    0x60, 0xaf, 0x20, 0x0, 0xef, 0x0, 0x0, 0x6f,
    0xf9, 0x36, 0xf6, 0xc, 0xff, 0xff, 0xff, 0xff,
    0xf0, 0xe, 0xff, 0x70, 0x3f, 0x60, 0xbd, 0xdd,
    0xdd, 0xdd, 0xff, 0x0, 0xba, 0xf7, 0x3, 0xf6,
    0x0, 0x0, 0x0, 0x0, 0xd, 0xe0, 0x3, 0x2f,
    0x70, 0x3f, 0x60, 0x0, 0x0, 0x0, 0x0, 0xfd,
    0x0, 0x2, 0xf7, 0x3, 0xf6, 0xef, 0xff, 0xff,
    0xff, 0xf, 0xc0, 0x0, 0x2f, 0x70, 0x3f, 0x66,
    0x77, 0x77, 0x77, 0x71, 0xfb, 0x0, 0x2, 0xfe,
    0xde, 0xf6, 0x0, 0x0, 0x0, 0x0, 0x2f, 0xa0,
    0x0, 0x2f, 0xff, 0xff, 0x60, 0x0, 0x0, 0x0,
    0x6, 0xf9, 0x0, 0x2, 0xf7, 0x0, 0x0, 0x0,
    0x0, 0xdd, 0xde, 0xff, 0x50, 0x0, 0x2f, 0x70,
    0x0, 0x0, 0x0, 0xd, 0xff, 0xfe, 0x80, 0x0,

    /* U+786C "硬" */
    0x0, 0x0, 0x0, 0x0, 0x68, 0x88, 0x88, 0x88,
    0x88, 0x86, 0x0, 0xff, 0xff, 0xff, 0xcc, 0xff,
    0xff, 0xff, 0xff, 0xff, 0xd0, 0xd, 0xde, 0xfe,
    0xda, 0x23, 0x33, 0x3f, 0xe3, 0x33, 0x33, 0x0,
    0x0, 0xaf, 0x10, 0x0, 0x0, 0x0, 0xfd, 0x0,
    0x0, 0x0, 0x0, 0xe, 0xb0, 0x0, 0x5f, 0xff,
    0xff, 0xff, 0xff, 0xf0, 0x0, 0x4, 0xf6, 0x0,
    0x5, 0xfb, 0x99, 0xfe, 0x99, 0xdf, 0x0, 0x0,
    0x9f, 0x65, 0x50, 0x5f, 0x40, 0xf, 0xd0, 0x9,
    0xf0, 0x0, 0x1f, 0xff, 0xff, 0x25, 0xfa, 0x88,
    0xfe, 0x88, 0xcf, 0x0, 0x8, 0xfe, 0x69, 0xf2,
    0x5f, 0xff, 0xff, 0xff, 0xff, 0xf0, 0x1, 0xff,
    0xd0, 0x6f, 0x25, 0xf4, 0x0, 0xfd, 0x0, 0x9f,
    0x0, 0x6f, 0xed, 0x6, 0xf2, 0x5f, 0x40, 0xf,
    0xd0, 0x9, 0xf0, 0x2, 0x9c, 0xd0, 0x6f, 0x25,
    0xff, 0xff, 0xff, 0xff, 0xff, 0x0, 0x0, 0xcd,
    0x6, 0xf2, 0x3a, 0x99, 0xaf, 0xe9, 0x99, 0x90,
    0x0, 0xc, 0xd0, 0x6f, 0x23, 0xe8, 0x4, 0xf9,
    0x0, 0x0, 0x0, 0x0, 0xcd, 0x6, 0xf2, 0xd,
    0xf9, 0x9f, 0x60, 0x0, 0x0, 0x0, 0xc, 0xff,
    0xff, 0x20, 0x1d, 0xff, 0xe0, 0x0, 0x0, 0x0,
    0x0, 0xcf, 0xdd, 0xd1, 0x0, 0x8f, 0xff, 0xb5,
    0x0, 0x0, 0x0, 0xc, 0xd0, 0x0, 0x38, 0xef,
    0xf9, 0xef, 0xff, 0xc9, 0x60, 0x0, 0x55, 0x0,
    0x5f, 0xff, 0xa2, 0x0, 0x5a, 0xef, 0xfc, 0x0,
    0x0, 0x0, 0x0, 0xc7, 0x10, 0x0, 0x0, 0x0,
    0x14, 0x30,

    /* U+786E "确" */
    0x0, 0x0, 0x0, 0x0, 0x0, 0xb, 0xa0, 0x0,
    0x0, 0x0, 0x22, 0x22, 0x22, 0x20, 0x4, 0xfb,
    0x0, 0x0, 0x0, 0xf, 0xff, 0xff, 0xff, 0x0,
    0xdf, 0xff, 0xff, 0xfc, 0x0, 0x99, 0xdf, 0xa9,
    0x90, 0x7f, 0xca, 0xaa, 0xef, 0xa0, 0x0, 0xd,
    0xe0, 0x0, 0x2f, 0xe0, 0x0, 0x4f, 0xd1, 0x0,
    0x1, 0xfb, 0x0, 0x1d, 0xf4, 0x0, 0x2e, 0xe2,
    0x0, 0x0, 0x6f, 0x60, 0xb, 0xff, 0xff, 0xff,
    0xff, 0xff, 0xf0, 0xb, 0xf1, 0x0, 0x5d, 0xfe,
    0xdd, 0xff, 0xdd, 0xff, 0x2, 0xff, 0xdd, 0xd1,
    0x3f, 0x60, 0xf, 0xa0, 0x9, 0xf0, 0x9f, 0xfc,
    0xdf, 0x13, 0xf6, 0x0, 0xfa, 0x0, 0x9f, 0x2f,
    0xfc, 0x6, 0xf1, 0x3f, 0xff, 0xff, 0xff, 0xff,
    0xf8, 0xff, 0xc0, 0x6f, 0x13, 0xfe, 0xdd, 0xff,
    0xdd, 0xff, 0x4a, 0xcc, 0x6, 0xf1, 0x3f, 0x60,
    0xf, 0xa0, 0x9, 0xf0, 0x1c, 0xc0, 0x6f, 0x13,
    0xf6, 0x0, 0xfa, 0x0, 0xaf, 0x0, 0xcc, 0x6,
    0xf1, 0x4f, 0xff, 0xff, 0xff, 0xff, 0xf0, 0xc,
    0xc0, 0x6f, 0x16, 0xf9, 0x88, 0xfd, 0x88, 0xcf,
    0x0, 0xcf, 0xde, 0xf1, 0x9f, 0x10, 0xf, 0xa0,
    0x9, 0xf0, 0xc, 0xff, 0xff, 0x2e, 0xc0, 0x0,
    0xfa, 0x0, 0xaf, 0x0, 0xcc, 0x0, 0x7, 0xf6,
    0x0, 0xf, 0xa9, 0xef, 0xe0, 0x5, 0x50, 0x0,
    0xbe, 0x0, 0x0, 0xfa, 0x8f, 0xe6, 0x0, 0x0,
    0x0, 0x0, 0x10, 0x0, 0x0, 0x0, 0x0, 0x0,

    /* U+78C1 "磁" */
    0x0, 0x0, 0x0, 0x0, 0x0, 0x30, 0x0, 0x0,
    0x40, 0x0, 0x0, 0x0, 0x0, 0x0, 0xb, 0xf2,
    0x0, 0x7, 0xf6, 0x0, 0x6a, 0xaa, 0xaa, 0xa0,
    0x3, 0xfb, 0x0, 0x1e, 0xe0, 0x0, 0xaf, 0xff,
    0xff, 0xf0, 0x0, 0xae, 0x10, 0x9f, 0x50, 0x0,
    0x0, 0x1f, 0x90, 0xd, 0xff, 0xff, 0xff, 0xff,
    0xff, 0xfc, 0x0, 0x5f, 0x50, 0xb, 0xde, 0xfd,
    0xdd, 0xdf, 0xfd, 0xda, 0x0, 0xaf, 0x0, 0x0,
    0xd, 0xd0, 0x0, 0x2f, 0x80, 0x0, 0x0, 0xf9,
    0x0, 0x0, 0x4f, 0x52, 0x40, 0x9f, 0x12, 0x30,
    0x5, 0xfe, 0xdd, 0x60, 0xbd, 0x9, 0xe1, 0xf8,
    0xa, 0xe0, 0xc, 0xff, 0xff, 0x84, 0xf5, 0x1f,
    0x89, 0xf1, 0x1f, 0x80, 0x4f, 0xf3, 0xf, 0x8d,
    0xf8, 0xcf, 0x3f, 0xec, 0xef, 0x20, 0xcf, 0xf3,
    0xf, 0x8d, 0xff, 0xfb, 0xe, 0xdc, 0xfb, 0x0,
    0xb9, 0xf3, 0xf, 0x82, 0x16, 0xf4, 0x0, 0x6,
    0xf4, 0x0, 0x34, 0xf3, 0xf, 0x80, 0xd, 0xc0,
    0x0, 0xd, 0xc0, 0x0, 0x4, 0xf3, 0xf, 0x80,
    0x5f, 0x7a, 0x10, 0x5f, 0xad, 0x0, 0x4, 0xf3,
    0xf, 0x80, 0xdd, 0x2f, 0x50, 0xcd, 0x3f, 0x40,
    0x4, 0xf3, 0xf, 0x87, 0xf5, 0xe, 0x95, 0xf5,
    0xd, 0x90, 0x4, 0xff, 0xff, 0x9f, 0xe6, 0x8e,
    0xcd, 0xf7, 0x8d, 0xe0, 0x4, 0xfb, 0xaa, 0x5f,
    0xff, 0xff, 0xfb, 0xff, 0xff, 0xf3, 0x4, 0xf3,
    0x0, 0x3, 0x31, 0x4, 0xf5, 0x32, 0x10, 0xf8,
    0x0, 0x0, 0x0, 0x0, 0x0, 0x1, 0x40, 0x0,
    0x0, 0x30,

    /* U+793A "示" */
    0x0, 0x5f, 0xff, 0xff, 0xff, 0xff, 0xff, 0xff,
    0xff, 0x20, 0x0, 0x4, 0xee, 0xee, 0xee, 0xee,
    0xee, 0xee, 0xee, 0xe1, 0x0, 0x0, 0x0, 0x0,
    0x0, 0x0, 0x0, 0x0, 0x0, 0x0, 0x0, 0x0,
    0x0, 0x0, 0x0, 0x0, 0x0, 0x0, 0x0, 0x0,
    0x0, 0x0, 0x0, 0x0, 0x0, 0x0, 0x0, 0x0,
    0x0, 0x0, 0x0, 0x0, 0x4, 0xee, 0xee, 0xee,
    0xee, 0xee, 0xee, 0xee, 0xee, 0xee, 0xe0, 0x5f,
    0xff, 0xff, 0xff, 0xff, 0xff, 0xff, 0xff, 0xff,
    0xff, 0x0, 0x0, 0x0, 0x0, 0x0, 0x7f, 0x90,
    0x0, 0x0, 0x0, 0x0, 0x0, 0x0, 0x13, 0x0,
    0x7, 0xf9, 0x0, 0x3, 0x0, 0x0, 0x0, 0x0,
    0x8, 0xf6, 0x0, 0x7f, 0x90, 0xc, 0xf3, 0x0,
    0x0, 0x0, 0x2, 0xff, 0x20, 0x7, 0xf9, 0x0,
    0x8f, 0xd0, 0x0, 0x0, 0x0, 0xbf, 0x90, 0x0,
    0x7f, 0x90, 0x0, 0xdf, 0x90, 0x0, 0x0, 0x5f,
    0xe1, 0x0, 0x7, 0xf9, 0x0, 0x3, 0xff, 0x40,
    0x0, 0x1e, 0xf6, 0x0, 0x0, 0x7f, 0x90, 0x0,
    0x8, 0xfe, 0x0, 0xc, 0xfb, 0x0, 0x0, 0x7,
    0xf9, 0x0, 0x0, 0xd, 0xf9, 0x4, 0xfe, 0x10,
    0x0, 0x0, 0xbf, 0x80, 0x0, 0x0, 0x4f, 0xc0,
    0x4, 0x40, 0x6, 0xff, 0xff, 0xf6, 0x0, 0x0,
    0x0, 0x50, 0x0, 0x0, 0x0, 0x3f, 0xff, 0xea,
    0x0, 0x0, 0x0, 0x0, 0x0,

    /* U+79BB "离" */
    0x0, 0x0, 0x0, 0x0, 0x38, 0x30, 0x0, 0x0,
    0x0, 0x0, 0x0, 0x0, 0x0, 0x7, 0xf9, 0x0,
    0x0, 0x0, 0x0, 0x88, 0x88, 0x88, 0x88, 0xaf,
    0xf8, 0x88, 0x88, 0x88, 0x8f, 0xff, 0xff, 0xff,
    0xff, 0xff, 0xff, 0xff, 0xff, 0xff, 0x0, 0x43,
    0x9, 0x72, 0x0, 0x2, 0x87, 0x3, 0x40, 0x0,
    0x1f, 0xc0, 0x6d, 0xfc, 0x7c, 0xfc, 0x50, 0xcf,
    0x0, 0x1, 0xfc, 0x0, 0x3c, 0xff, 0xfc, 0x20,
    0xc, 0xf0, 0x0, 0x1f, 0xc2, 0xdf, 0xd7, 0x38,
    0xef, 0xb1, 0xcf, 0x0, 0x1, 0xfc, 0x9, 0x40,
    0x0, 0x0, 0x5a, 0xc, 0xf0, 0x0, 0x1f, 0xff,
    0xff, 0xff, 0xff, 0xff, 0xff, 0xff, 0x0, 0x0,
    0x99, 0x99, 0x99, 0xef, 0xa9, 0x99, 0x99, 0x90,
    0x0, 0x0, 0x0, 0x0, 0xf, 0xe0, 0x0, 0x0,
    0x0, 0x0, 0x8, 0x99, 0x99, 0x9b, 0xfd, 0x99,
    0x99, 0x99, 0x98, 0x0, 0xff, 0xff, 0xff, 0xff,
    0xff, 0xff, 0xff, 0xff, 0xe0, 0xf, 0xe0, 0x0,
    0xbf, 0x50, 0x2d, 0x70, 0x0, 0xfe, 0x0, 0xfe,
    0x0, 0x7f, 0xa0, 0x0, 0xbf, 0x50, 0xf, 0xe0,
    0xf, 0xe0, 0xf, 0xfd, 0xde, 0xff, 0xff, 0x30,
    0xfe, 0x0, 0xfe, 0x0, 0xab, 0xa8, 0x76, 0x55,
    0xe6, 0xf, 0xe0, 0xf, 0xe0, 0x0, 0x0, 0x0,
    0x0, 0x38, 0x8b, 0xfc, 0x0, 0xfe, 0x0, 0x0,
    0x0, 0x0, 0x4, 0xff, 0xfd, 0x40, 0x1, 0x10,
    0x0, 0x0, 0x0, 0x0, 0x0, 0x0, 0x0, 0x0,

    /* U+79CD "种" */
    0x0, 0x0, 0x0, 0x0, 0x0, 0x0, 0x1, 0x20,
    0x0, 0x0, 0x0, 0x0, 0x0, 0x3, 0x0, 0x0,
    0xd, 0xf0, 0x0, 0x0, 0x0, 0x35, 0x8c, 0xff,
    0x10, 0x0, 0xd, 0xf0, 0x0, 0x0, 0xe, 0xff,
    0xff, 0xd9, 0x10, 0x0, 0xd, 0xf0, 0x0, 0x0,
    0x9, 0x98, 0xf9, 0x0, 0x1, 0x11, 0x1d, 0xf1,
    0x11, 0x11, 0x0, 0x2, 0xf9, 0x0, 0xf, 0xff,
    0xff, 0xff, 0xff, 0xfd, 0x0, 0x2, 0xf9, 0x0,
    0xf, 0xfb, 0xbf, 0xfb, 0xbb, 0xfd, 0xd, 0xdd,
    0xfe, 0xdd, 0x4f, 0xd0, 0xd, 0xf0, 0x0, 0xfd,
    0xf, 0xff, 0xff, 0xff, 0x4f, 0xd0, 0xd, 0xf0,
    0x0, 0xfd, 0x0, 0x5, 0xf9, 0x0, 0xf, 0xd0,
    0xd, 0xf0, 0x0, 0xfd, 0x0, 0xb, 0xfb, 0x0,
    0xf, 0xd0, 0xd, 0xf0, 0x0, 0xfd, 0x0, 0x2f,
    0xff, 0x90, 0xf, 0xd0, 0xd, 0xf0, 0x0, 0xfd,
    0x0, 0x8f, 0xff, 0xf8, 0xf, 0xd0, 0xd, 0xf0,
    0x0, 0xfd, 0x1, 0xfd, 0xfb, 0xdf, 0x5f, 0xff,
    0xff, 0xff, 0xff, 0xfd, 0x9, 0xf5, 0xf9, 0x1d,
    0x1e, 0xed, 0xdf, 0xfd, 0xdd, 0xeb, 0x3f, 0xa2,
    0xf9, 0x0, 0x0, 0x0, 0xd, 0xf0, 0x0, 0x0,
    0x1e, 0x12, 0xf9, 0x0, 0x0, 0x0, 0xd, 0xf0,
    0x0, 0x0, 0x2, 0x2, 0xf9, 0x0, 0x0, 0x0,
    0xd, 0xf0, 0x0, 0x0, 0x0, 0x2, 0xf9, 0x0,
    0x0, 0x0, 0xd, 0xf0, 0x0, 0x0, 0x0, 0x2,
    0xf9, 0x0, 0x0, 0x0, 0xd, 0xf0, 0x0, 0x0,
    0x0, 0x2, 0xf9, 0x0, 0x0, 0x0, 0xd, 0xf0,
    0x0, 0x0,

    /* U+79D2 "秒" */
    0x0, 0x0, 0x0, 0x0, 0x0, 0x0, 0xc, 0xf0,
    0x0, 0x0, 0x0, 0x0, 0x13, 0x69, 0xdf, 0x0,
    0x0, 0xdf, 0x0, 0x0, 0x0, 0x8, 0xef, 0xff,
    0xff, 0xb0, 0x0, 0xd, 0xf0, 0x1, 0x0, 0x0,
    0x7d, 0xad, 0xf3, 0x0, 0x2, 0xb3, 0xdf, 0x2e,
    0xa0, 0x0, 0x0, 0x0, 0xaf, 0x10, 0x0, 0x7f,
    0x3d, 0xf0, 0xdf, 0x20, 0x0, 0x0, 0xa, 0xf1,
    0x0, 0xc, 0xe0, 0xdf, 0x6, 0xfa, 0x0, 0x8,
    0xbb, 0xef, 0xcb, 0xb1, 0xfa, 0xd, 0xf0, 0xe,
    0xf2, 0x0, 0xbf, 0xff, 0xff, 0xff, 0x7f, 0x50,
    0xdf, 0x0, 0x7f, 0x90, 0x1, 0x11, 0xef, 0x21,
    0x1d, 0xf0, 0xd, 0xf0, 0x0, 0xff, 0x10, 0x0,
    0x5f, 0xf1, 0x4, 0xfa, 0x0, 0xdf, 0x0, 0x8,
    0xd2, 0x0, 0xd, 0xff, 0xa0, 0x7f, 0x40, 0xd,
    0xf0, 0x9, 0x50, 0x0, 0x4, 0xff, 0xff, 0xd3,
    0x10, 0x0, 0xdf, 0x4, 0xfd, 0x0, 0x0, 0xde,
    0xaf, 0x6f, 0xf2, 0x0, 0xd, 0xf1, 0xef, 0x30,
    0x0, 0x7f, 0x6a, 0xf1, 0x3b, 0x0, 0x0, 0x1,
    0xdf, 0x70, 0x0, 0xe, 0xd0, 0xaf, 0x10, 0x0,
    0x0, 0x1, 0xdf, 0xa0, 0x0, 0x0, 0xa3, 0xa,
    0xf1, 0x0, 0x0, 0x3, 0xef, 0xb0, 0x0, 0x0,
    0x1, 0x0, 0xaf, 0x10, 0x0, 0x19, 0xff, 0x90,
    0x0, 0x0, 0x0, 0x0, 0xa, 0xf1, 0x1, 0x8f,
    0xfe, 0x50, 0x0, 0x0, 0x0, 0x0, 0x0, 0xaf,
    0x13, 0xff, 0xf9, 0x10, 0x0, 0x0, 0x0, 0x0,
    0x0, 0xa, 0xf1, 0xc, 0xa2, 0x0, 0x0, 0x0,
    0x0, 0x0, 0x0, 0x0, 0x0, 0x0, 0x0, 0x0,
    0x0, 0x0, 0x0, 0x0, 0x0,

    /* U+79FB "移" */
    0x0, 0x0, 0x0, 0x0, 0x0, 0x0, 0x19, 0x30,
    0x0, 0x0, 0x0, 0x0, 0x0, 0x47, 0xb2, 0x0,
    0xa, 0xf5, 0x0, 0x0, 0x0, 0x8, 0xad, 0xff,
    0xff, 0x40, 0x6, 0xff, 0x99, 0x99, 0x98, 0x0,
    0xdf, 0xef, 0xc4, 0x10, 0x5, 0xff, 0xff, 0xff,
    0xff, 0xf0, 0x2, 0x3, 0xf8, 0x0, 0x6, 0xff,
    0x10, 0x0, 0x9, 0xf9, 0x0, 0x0, 0x3f, 0x80,
    0x9, 0xff, 0xfa, 0x0, 0x9, 0xfc, 0x0, 0x0,
    0x3, 0xf8, 0x0, 0x7c, 0x1a, 0xfa, 0x2c, 0xfc,
    0x0, 0x0, 0xff, 0xff, 0xff, 0xf2, 0x0, 0x8,
    0x9f, 0xfa, 0x0, 0x0, 0xd, 0xde, 0xfe, 0xdd,
    0x10, 0x39, 0xff, 0xf6, 0x0, 0x0, 0x0, 0x0,
    0x8f, 0x80, 0x8, 0xef, 0xfb, 0xae, 0x50, 0x0,
    0x0, 0x0, 0xe, 0xff, 0x70, 0x79, 0x51, 0x3f,
    0xfa, 0xaa, 0xaa, 0x40, 0x7, 0xff, 0xef, 0xc1,
    0x0, 0x4f, 0xff, 0xff, 0xff, 0xf7, 0x0, 0xe9,
    0xf8, 0x6d, 0x0, 0x7f, 0xc0, 0x0, 0x1, 0xef,
    0x20, 0x8e, 0x3f, 0x80, 0x2, 0xbf, 0xfd, 0x20,
    0x0, 0xcf, 0x60, 0x2f, 0x63, 0xf8, 0x4, 0xff,
    0x74, 0xff, 0x31, 0xcf, 0x80, 0x0, 0xc0, 0x3f,
    0x80, 0xa, 0x30, 0x2, 0x95, 0xef, 0x80, 0x0,
    0x0, 0x3, 0xf8, 0x0, 0x0, 0x0, 0x3b, 0xfe,
    0x50, 0x0, 0x0, 0x0, 0x3f, 0x80, 0x0, 0x16,
    0xcf, 0xf9, 0x10, 0x0, 0x0, 0x0, 0x3, 0xf8,
    0x7, 0xcf, 0xff, 0x92, 0x0, 0x0, 0x0, 0x0,
    0x0, 0x3f, 0x80, 0x9f, 0xa5, 0x0, 0x0, 0x0,
    0x0, 0x0, 0x0, 0x0, 0x0, 0x0, 0x0, 0x0,
    0x0, 0x0, 0x0, 0x0, 0x0,

    /* U+7A00 "稀" */
    0x0, 0x0, 0x0, 0x0, 0x1, 0x0, 0x0, 0x0,
    0x0, 0x20, 0x0, 0x0, 0x0, 0x26, 0x90, 0xdd,
    0x50, 0x0, 0x2, 0xbf, 0x20, 0x5, 0x9b, 0xef,
    0xff, 0x17, 0xef, 0xe7, 0x3a, 0xff, 0x90, 0x0,
    0xcf, 0xff, 0xe6, 0x10, 0x0, 0x6e, 0xff, 0xfb,
    0x20, 0x0, 0x3, 0x30, 0xfd, 0x0, 0x0, 0x5c,
    0xff, 0xdf, 0xf8, 0x10, 0x0, 0x0, 0xf, 0xd0,
    0x8, 0xff, 0xf9, 0x20, 0x3b, 0xff, 0x80, 0x4,
    0x66, 0xfe, 0x66, 0x8c, 0x60, 0xcb, 0x0, 0x3,
    0xca, 0x0, 0xbf, 0xff, 0xff, 0xf2, 0x0, 0x3f,
    0x80, 0x0, 0x0, 0x0, 0x4, 0x78, 0xfe, 0x77,
    0xff, 0xff, 0xff, 0xff, 0xff, 0xff, 0x40, 0x0,
    0x8f, 0xe0, 0xd, 0xde, 0xfe, 0xff, 0xed, 0xdd,
    0xd4, 0x0, 0xe, 0xff, 0xb0, 0x0, 0xdf, 0x17,
    0xf3, 0x0, 0x0, 0x0, 0x6, 0xff, 0xff, 0xc0,
    0x9f, 0x40, 0x7f, 0x30, 0x0, 0x0, 0x0, 0xeb,
    0xfd, 0x79, 0x8f, 0xff, 0xff, 0xff, 0xff, 0xfb,
    0x0, 0x8f, 0x3f, 0xd0, 0x9f, 0xfe, 0xaa, 0xcf,
    0xba, 0xaf, 0xb0, 0x1f, 0xb0, 0xfd, 0xc, 0xad,
    0xc0, 0x7, 0xf3, 0x0, 0xfb, 0x0, 0xa2, 0xf,
    0xd0, 0x20, 0xdc, 0x0, 0x7f, 0x30, 0xf, 0xb0,
    0x0, 0x0, 0xfd, 0x0, 0xd, 0xc0, 0x7, 0xf3,
    0x0, 0xfb, 0x0, 0x0, 0xf, 0xd0, 0x0, 0xdc,
    0x0, 0x7f, 0x4d, 0xef, 0x90, 0x0, 0x0, 0xfd,
    0x0, 0xd, 0xc0, 0x7, 0xf3, 0xef, 0xd3, 0x0,
    0x0, 0xf, 0xd0, 0x0, 0x0, 0x0, 0x7f, 0x30,
    0x0, 0x0, 0x0, 0x0, 0x0, 0x0, 0x0, 0x0,
    0x0, 0x0, 0x0, 0x0, 0x0,

    /* U+7A0B "程" */
    0x0, 0x0, 0x0, 0x0, 0x0, 0x0, 0x0, 0x0,
    0x0, 0x0, 0x0, 0x1, 0x36, 0xad, 0xe1, 0x99,
    0x99, 0x99, 0x99, 0x97, 0x0, 0xc, 0xff, 0xff,
    0xfc, 0x3f, 0xff, 0xff, 0xff, 0xff, 0xb0, 0x0,
    0xaa, 0xaf, 0x80, 0x3, 0xf9, 0x0, 0x0, 0x1,
    0xfb, 0x0, 0x0, 0x3, 0xf7, 0x0, 0x3f, 0x90,
    0x0, 0x0, 0x1f, 0xb0, 0x0, 0x0, 0x3f, 0x70,
    0x3, 0xfb, 0x33, 0x33, 0x34, 0xfb, 0x0, 0xd,
    0xde, 0xfe, 0xdd, 0x3f, 0xff, 0xff, 0xff, 0xff,
    0xb0, 0x0, 0xff, 0xff, 0xff, 0xf2, 0x55, 0x55,
    0x55, 0x55, 0x54, 0x0, 0x0, 0x7, 0xf7, 0x0,
    0x0, 0x0, 0x0, 0x0, 0x0, 0x0, 0x0, 0x0,
    0xcf, 0x70, 0x7, 0xaa, 0xaa, 0xaa, 0xaa, 0xaa,
    0x50, 0x0, 0x2f, 0xfe, 0x30, 0xbf, 0xff, 0xff,
    0xff, 0xff, 0xf8, 0x0, 0x9, 0xff, 0xff, 0x30,
    0x0, 0x2, 0xfa, 0x0, 0x0, 0x0, 0x1, 0xfd,
    0xfa, 0xff, 0x10, 0x0, 0x2f, 0xa0, 0x0, 0x0,
    0x0, 0x8f, 0x6f, 0x73, 0x90, 0x0, 0x2, 0xfa,
    0x0, 0x0, 0x0, 0x2f, 0xb3, 0xf7, 0x0, 0x8f,
    0xff, 0xff, 0xff, 0xff, 0xf0, 0x4, 0xf3, 0x3f,
    0x70, 0x5, 0xaa, 0xab, 0xfd, 0xaa, 0xaa, 0x0,
    0x5, 0x3, 0xf7, 0x0, 0x0, 0x0, 0x2f, 0xa0,
    0x0, 0x0, 0x0, 0x0, 0x3f, 0x70, 0x0, 0x0,
    0x2, 0xfa, 0x0, 0x0, 0x0, 0x0, 0x3, 0xf7,
    0x9, 0xff, 0xff, 0xff, 0xff, 0xff, 0xff, 0x20,
    0x0, 0x3f, 0x70, 0x7d, 0xdd, 0xdd, 0xdd, 0xdd,
    0xdd, 0xd1,

    /* U+7A0D "稍" */
    0x0, 0x0, 0x0, 0x0, 0x0, 0x0, 0x8, 0xa0,
    0x0, 0x0, 0x0, 0x0, 0x14, 0x7b, 0xa1, 0xb2,
    0x0, 0xdf, 0x0, 0x5, 0x80, 0xa, 0xef, 0xff,
    0xf9, 0x5f, 0xd0, 0xd, 0xf0, 0x3, 0xfe, 0x10,
    0xcc, 0xaf, 0x90, 0x0, 0x7f, 0xb0, 0xdf, 0x3,
    0xff, 0x40, 0x0, 0x2, 0xf9, 0x0, 0x0, 0xad,
    0x1d, 0xf0, 0xaf, 0x50, 0x0, 0x0, 0x2f, 0x90,
    0x0, 0x1, 0x10, 0xdf, 0x0, 0x30, 0x0, 0xd,
    0xdd, 0xfe, 0xdd, 0xf, 0xff, 0xff, 0xff, 0xff,
    0xfd, 0x0, 0xff, 0xff, 0xff, 0xf0, 0xff, 0xcc,
    0xcc, 0xcc, 0xcf, 0xd0, 0x0, 0x6, 0xf9, 0x0,
    0xf, 0xd0, 0x0, 0x0, 0x0, 0xfd, 0x0, 0x0,
    0xdf, 0x90, 0x0, 0xfd, 0x0, 0x0, 0x0, 0xf,
    0xd0, 0x0, 0x3f, 0xfd, 0x20, 0xf, 0xfd, 0xdd,
    0xdd, 0xdd, 0xfd, 0x0, 0xa, 0xff, 0xff, 0x40,
    0xff, 0xff, 0xff, 0xff, 0xff, 0xd0, 0x1, 0xfd,
    0xfc, 0xef, 0x4f, 0xd0, 0x0, 0x0, 0x0, 0xfd,
    0x0, 0x9f, 0x6f, 0x91, 0xb1, 0xfd, 0x0, 0x0,
    0x0, 0xf, 0xd0, 0x2f, 0xc2, 0xf9, 0x0, 0xf,
    0xfd, 0xdd, 0xdd, 0xdd, 0xfd, 0x0, 0xe2, 0x2f,
    0x90, 0x0, 0xff, 0xff, 0xff, 0xff, 0xff, 0xd0,
    0x3, 0x2, 0xf9, 0x0, 0xf, 0xd0, 0x0, 0x0,
    0x0, 0xfd, 0x0, 0x0, 0x2f, 0x90, 0x0, 0xfd,
    0x0, 0x0, 0x0, 0x1f, 0xd0, 0x0, 0x2, 0xf9,
    0x0, 0xf, 0xd0, 0x0, 0x9d, 0xdf, 0xfb, 0x0,
    0x0, 0x2f, 0x90, 0x0, 0xfd, 0x0, 0x8, 0xff,
    0xfd, 0x30, 0x0, 0x0, 0x31, 0x0, 0x1, 0x0,
    0x0, 0x0, 0x0, 0x0, 0x0,

    /* U+7A3F "稿" */
    0x0, 0x0, 0x0, 0x0, 0x0, 0x0, 0x68, 0x0,
    0x0, 0x0, 0x0, 0x1, 0x59, 0x80, 0x0, 0x0,
    0xef, 0x20, 0x0, 0x0, 0x5b, 0xef, 0xff, 0xd7,
    0x88, 0x88, 0xdf, 0xc8, 0x88, 0x85, 0x7f, 0xdf,
    0xb3, 0xd, 0xff, 0xff, 0xff, 0xff, 0xff, 0xf9,
    0x0, 0x1f, 0x80, 0x0, 0x0, 0x0, 0x0, 0x0,
    0x0, 0x0, 0x0, 0x1f, 0x80, 0x0, 0xaf, 0xff,
    0xff, 0xff, 0xfe, 0x0, 0x7b, 0xbf, 0xdb, 0xb0,
    0xaf, 0x77, 0x77, 0x77, 0xce, 0x0, 0xaf, 0xff,
    0xff, 0xf0, 0xaf, 0x0, 0x0, 0x0, 0xae, 0x0,
    0x12, 0x6f, 0x92, 0x20, 0xaf, 0xff, 0xff, 0xff,
    0xfe, 0x0, 0x0, 0xaf, 0x80, 0x0, 0x46, 0x66,
    0x66, 0x66, 0x65, 0x0, 0x0, 0xff, 0xf3, 0x0,
    0x0, 0x0, 0x0, 0x0, 0x0, 0x0, 0x5, 0xff,
    0xff, 0x3a, 0xff, 0xff, 0xff, 0xff, 0xff, 0xf0,
    0xc, 0xef, 0xbe, 0xeb, 0xf8, 0x88, 0x88, 0x88,
    0x8d, 0xf0, 0x5f, 0x8f, 0x83, 0x8a, 0xf0, 0x12,
    0x22, 0x22, 0x9, 0xf0, 0xdf, 0x1f, 0x80, 0xa,
    0xf0, 0x7f, 0xff, 0xff, 0x9, 0xf0, 0x97, 0x1f,
    0x80, 0xa, 0xf0, 0x7f, 0x0, 0x5f, 0x9, 0xf0,
    0x20, 0x1f, 0x80, 0xa, 0xf0, 0x7f, 0x22, 0x7f,
    0x9, 0xf0, 0x0, 0x1f, 0x80, 0xa, 0xf0, 0x7f,
    0xff, 0xff, 0xa, 0xf0, 0x0, 0x1f, 0x80, 0xa,
    0xf0, 0x0, 0x0, 0x8, 0xaf, 0xe0, 0x0, 0x1f,
    0x80, 0x9, 0xd0, 0x0, 0x0, 0xb, 0xfe, 0x70,

    /* U+7A7A "空" */
    0x0, 0x0, 0x0, 0x0, 0x3, 0x40, 0x0, 0x0,
    0x0, 0x0, 0x0, 0x0, 0x0, 0x0, 0x3f, 0xe0,
    0x0, 0x0, 0x0, 0x0, 0x0, 0x0, 0x0, 0x0,
    0xe, 0xf4, 0x0, 0x0, 0x0, 0x0, 0xd, 0xff,
    0xff, 0xff, 0xff, 0xff, 0xff, 0xff, 0xff, 0xd0,
    0xd, 0xfd, 0xdd, 0xdd, 0xdd, 0xdd, 0xdd, 0xdd,
    0xdf, 0xd0, 0xd, 0xf1, 0x0, 0x0, 0x0, 0x0,
    0x0, 0x0, 0x1f, 0xd0, 0xd, 0xf1, 0x0, 0x19,
    0x0, 0x1, 0xa2, 0x0, 0x1f, 0xd0, 0x7, 0x80,
    0x7, 0xff, 0x70, 0x7, 0xff, 0xa3, 0x8, 0x70,
    0x0, 0x17, 0xef, 0xd5, 0x0, 0x0, 0x5c, 0xff,
    0xb3, 0x0, 0x18, 0xff, 0xe6, 0x0, 0x0, 0x0,
    0x0, 0x3a, 0xff, 0xb3, 0x5f, 0xd6, 0x0, 0x0,
    0x0, 0x0, 0x0, 0x0, 0x2a, 0xf4, 0x4, 0xd,
    0xdd, 0xdd, 0xdd, 0xdd, 0xdd, 0xdd, 0xd0, 0x10,
    0x0, 0xf, 0xff, 0xff, 0xff, 0xff, 0xff, 0xff,
    0xf0, 0x0, 0x0, 0x0, 0x0, 0x0, 0xf, 0xf0,
    0x0, 0x0, 0x0, 0x0, 0x0, 0x0, 0x0, 0x0,
    0xf, 0xf0, 0x0, 0x0, 0x0, 0x0, 0x0, 0x0,
    0x0, 0x0, 0xf, 0xf0, 0x0, 0x0, 0x0, 0x0,
    0x0, 0x0, 0x0, 0x0, 0xf, 0xf0, 0x0, 0x0,
    0x0, 0x0, 0x0, 0x0, 0x0, 0x0, 0xf, 0xf0,
    0x0, 0x0, 0x0, 0x0, 0x3f, 0xff, 0xff, 0xff,
    0xff, 0xff, 0xff, 0xff, 0xff, 0xf3, 0x2d, 0xdd,
    0xdd, 0xdd, 0xdd, 0xdd, 0xdd, 0xdd, 0xdd, 0xd3,

    /* U+7A97 "窗" */
    0x0, 0x0, 0x0, 0x0, 0x0, 0x0, 0x0, 0x0,
    0x0, 0x0, 0x0, 0x0, 0x0, 0x0, 0x4d, 0xa0,
    0x0, 0x0, 0x0, 0x0, 0x0, 0x0, 0x0, 0x0,
    0x1f, 0xf2, 0x0, 0x0, 0x0, 0x0, 0xe, 0xff,
    0xff, 0xff, 0xff, 0xff, 0xff, 0xff, 0xff, 0xf0,
    0xe, 0xf8, 0x88, 0x88, 0x88, 0x88, 0x88, 0x88,
    0x8f, 0xf0, 0xe, 0xf0, 0x1, 0x7e, 0x20, 0x2,
    0xe9, 0x30, 0xe, 0xf0, 0x3, 0x45, 0xbf, 0xfd,
    0x42, 0x2, 0xbf, 0xfd, 0x85, 0x30, 0x3a, 0xff,
    0xfb, 0x40, 0x1f, 0xd0, 0x1, 0x7d, 0xff, 0xc4,
    0x5f, 0xc6, 0x10, 0x0, 0x8f, 0x70, 0x0, 0x0,
    0x3a, 0xf6, 0x2, 0xef, 0xff, 0xff, 0xff, 0xff,
    0xff, 0xff, 0xff, 0x0, 0x0, 0xef, 0x88, 0x88,
    0xb8, 0x88, 0x88, 0x88, 0xef, 0x0, 0x0, 0xee,
    0x0, 0x5, 0xf5, 0x0, 0x0, 0x0, 0xdf, 0x0,
    0x0, 0xee, 0x0, 0x4f, 0xff, 0xff, 0xff, 0xd0,
    0xdf, 0x0, 0x0, 0xee, 0x7, 0xfa, 0x55, 0x55,
    0x9f, 0xa0, 0xdf, 0x0, 0x0, 0xee, 0x6f, 0x94,
    0xe7, 0x6, 0xfb, 0x0, 0xdf, 0x0, 0x0, 0xee,
    0x5, 0x2, 0x9f, 0xff, 0xa0, 0x0, 0xdf, 0x0,
    0x0, 0xee, 0x0, 0x5, 0xbf, 0xef, 0xe7, 0x0,
    0xdf, 0x0, 0x0, 0xee, 0xa, 0xff, 0xd6, 0x2,
    0xaf, 0x80, 0xdf, 0x0, 0x0, 0xee, 0xa, 0x83,
    0x0, 0x0, 0x2, 0x10, 0xdf, 0x0, 0x0, 0xef,
    0xff, 0xff, 0xff, 0xff, 0xff, 0xff, 0xff, 0x0,
    0x0, 0xef, 0x88, 0x88, 0x88, 0x88, 0x88, 0x88,
    0xef, 0x0,

    /* U+7AD9 "站" */
    0x0, 0x5, 0xa0, 0x0, 0x0, 0x0, 0x9, 0x80,
    0x0, 0x0, 0x0, 0x0, 0xaf, 0x50, 0x0, 0x0,
    0x0, 0xfd, 0x0, 0x0, 0x0, 0x0, 0x4, 0xfb,
    0x0, 0x0, 0x0, 0xf, 0xd0, 0x0, 0x0, 0x0,
    0x0, 0xa, 0x70, 0x0, 0x0, 0x0, 0xfe, 0x55,
    0x55, 0x50, 0x7d, 0xdd, 0xdd, 0xdd, 0xd0, 0x0,
    0xf, 0xff, 0xff, 0xff, 0x9, 0xff, 0xff, 0xff,
    0xff, 0x0, 0x0, 0xfe, 0x77, 0x77, 0x70, 0x0,
    0x0, 0x0, 0x0, 0x0, 0x0, 0xf, 0xd0, 0x0,
    0x0, 0x0, 0x9a, 0x0, 0xa, 0xe1, 0x0, 0x0,
    0xfd, 0x0, 0x0, 0x0, 0xc, 0xf0, 0x0, 0xde,
    0x0, 0x0, 0xf, 0xd0, 0x0, 0x0, 0x0, 0x8f,
    0x30, 0xf, 0xb0, 0x0, 0x0, 0xfd, 0x0, 0x0,
    0x0, 0x4, 0xf6, 0x4, 0xf7, 0x9, 0xff, 0xff,
    0xff, 0xff, 0xd0, 0x0, 0x1f, 0xa0, 0x7f, 0x30,
    0x9f, 0xed, 0xdd, 0xdd, 0xfd, 0x0, 0x0, 0xde,
    0xb, 0xf0, 0x9, 0xf5, 0x0, 0x0, 0xf, 0xd0,
    0x0, 0x9, 0xf1, 0xec, 0x0, 0x9f, 0x50, 0x0,
    0x0, 0xfd, 0x0, 0x0, 0x59, 0x4f, 0x80, 0x9,
    0xf5, 0x0, 0x0, 0xf, 0xd0, 0x0, 0x0, 0x6,
    0xf7, 0x65, 0x9f, 0x50, 0x0, 0x0, 0xfd, 0x0,
    0x14, 0x7a, 0xef, 0xff, 0xb9, 0xf5, 0x0, 0x0,
    0xf, 0xd0, 0xa, 0xff, 0xff, 0xd9, 0x62, 0x9f,
    0xed, 0xdd, 0xdd, 0xfd, 0x0, 0x69, 0x63, 0x0,
    0x0, 0x9, 0xff, 0xff, 0xff, 0xff, 0xd0, 0x0,
    0x0, 0x0, 0x0, 0x0, 0x9f, 0x50, 0x0, 0x0,
    0xfd, 0x0,

    /* U+7B26 "符" */
    0x0, 0x0, 0x0, 0x0, 0x0, 0x0, 0x0, 0x0,
    0x0, 0x0, 0x0, 0x5, 0xc3, 0x0, 0x0, 0x4,
    0xd5, 0x0, 0x0, 0x0, 0x0, 0xd, 0xf1, 0x0,
    0x0, 0xb, 0xf3, 0x0, 0x0, 0x0, 0x0, 0x7f,
    0xfd, 0xdd, 0xdb, 0x2f, 0xfd, 0xdd, 0xdd, 0xd1,
    0x1, 0xff, 0xff, 0xff, 0xfd, 0xaf, 0xff, 0xff,
    0xff, 0xf1, 0xb, 0xf8, 0x1f, 0xb0, 0x4, 0xfe,
    0x2, 0xfc, 0x0, 0x0, 0x8f, 0xc0, 0x6, 0xf5,
    0xe, 0xf4, 0x0, 0x6f, 0x50, 0x0, 0x5d, 0x10,
    0x54, 0x30, 0x8, 0x80, 0x0, 0x14, 0x0, 0x0,
    0x0, 0x1, 0xfe, 0x0, 0x0, 0x0, 0x0, 0xcf,
    0x10, 0x0, 0x0, 0x9, 0xf7, 0x0, 0x0, 0x0,
    0x0, 0xcf, 0x10, 0x0, 0x0, 0x3f, 0xf0, 0xdd,
    0xdd, 0xdd, 0xdd, 0xff, 0xdd, 0xd2, 0x0, 0xdf,
    0xf0, 0xff, 0xff, 0xff, 0xff, 0xff, 0xff, 0xf3,
    0xb, 0xff, 0xf0, 0x0, 0x20, 0x0, 0x0, 0xcf,
    0x10, 0x0, 0xaf, 0xcd, 0xf0, 0x8, 0xf4, 0x0,
    0x0, 0xcf, 0x10, 0x0, 0xbd, 0x1d, 0xf0, 0x5,
    0xff, 0x30, 0x0, 0xcf, 0x10, 0x0, 0x21, 0xd,
    0xf0, 0x0, 0x7f, 0xe1, 0x0, 0xcf, 0x10, 0x0,
    0x0, 0xd, 0xf0, 0x0, 0x9, 0xd2, 0x0, 0xcf,
    0x10, 0x0, 0x0, 0xd, 0xf0, 0x0, 0x0, 0x10,
    0x0, 0xcf, 0x10, 0x0, 0x0, 0xd, 0xf0, 0x0,
    0x0, 0x0, 0x1, 0xef, 0x10, 0x0, 0x0, 0xd,
    0xf0, 0x0, 0x0, 0xff, 0xff, 0xfe, 0x0, 0x0,
    0x0, 0xd, 0xf0, 0x0, 0x0, 0xae, 0xed, 0xb4,
    0x0, 0x0,

    /* U+7B2C "第" */
    0x0, 0x0, 0x0, 0x0, 0x0, 0x0, 0x0, 0x0,
    0x0, 0x0, 0x0, 0x6, 0xd4, 0x0, 0x0, 0x1,
    0xea, 0x0, 0x0, 0x0, 0x0, 0xe, 0xf1, 0x0,
    0x0, 0x7, 0xf7, 0x0, 0x0, 0x0, 0x0, 0x7f,
    0xff, 0xff, 0xff, 0x2e, 0xff, 0xff, 0xff, 0xfb,
    0x2, 0xfe, 0x9f, 0xe9, 0x99, 0x9f, 0xab, 0xfd,
    0x99, 0x96, 0xc, 0xf4, 0x8, 0xf5, 0x3, 0xfd,
    0x0, 0xcf, 0x20, 0x0, 0x8f, 0x90, 0x0, 0xc5,
    0x5, 0xe4, 0x0, 0x2d, 0x40, 0x0, 0x9, 0x69,
    0x99, 0x99, 0x99, 0xa9, 0x99, 0x99, 0x97, 0x0,
    0x0, 0x9f, 0xff, 0xff, 0xff, 0xff, 0xff, 0xff,
    0xfd, 0x0, 0x0, 0x0, 0x0, 0x0, 0xf, 0xd0,
    0x0, 0x0, 0xfd, 0x0, 0x0, 0x0, 0x0, 0x0,
    0xf, 0xd0, 0x0, 0x0, 0xfd, 0x0, 0x0, 0x9f,
    0xff, 0xff, 0xff, 0xff, 0xff, 0xff, 0xfd, 0x0,
    0x0, 0xcf, 0x99, 0x99, 0x9f, 0xe9, 0x99, 0x99,
    0x97, 0x0, 0x0, 0xed, 0x0, 0x0, 0xf, 0xd0,
    0x0, 0x0, 0x0, 0x0, 0x1, 0xff, 0xff, 0xff,
    0xff, 0xff, 0xff, 0xff, 0xff, 0xe0, 0x2, 0x88,
    0x88, 0x8b, 0xff, 0xe8, 0x88, 0x88, 0x9f, 0xc0,
    0x0, 0x0, 0x0, 0x6f, 0xff, 0xd0, 0x0, 0x0,
    0x2f, 0xb0, 0x0, 0x0, 0x2b, 0xfd, 0x3f, 0xd0,
    0x0, 0x0, 0x4f, 0x90, 0x0, 0x2a, 0xff, 0x80,
    0xf, 0xd0, 0x4a, 0xaa, 0xef, 0x50, 0x4c, 0xff,
    0x81, 0x0, 0xf, 0xd0, 0x4f, 0xff, 0xe9, 0x0,
    0x1a, 0x50, 0x0, 0x0, 0xf, 0xd0, 0x0, 0x0,
    0x0, 0x0,

    /* U+7B49 "等" */
    0x0, 0x0, 0x0, 0x0, 0x0, 0x0, 0x0, 0x0,
    0x0, 0x0, 0x0, 0xd, 0xc1, 0x0, 0x0, 0x6,
    0xe5, 0x0, 0x0, 0x0, 0x0, 0x5f, 0xa0, 0x0,
    0x0, 0xd, 0xf1, 0x0, 0x0, 0x0, 0x0, 0xef,
    0xff, 0xff, 0xfc, 0x6f, 0xff, 0xff, 0xff, 0xf3,
    0xa, 0xfb, 0xcf, 0xb9, 0x98, 0xee, 0x9c, 0xfb,
    0x99, 0x91, 0x6f, 0xc0, 0x2f, 0xb0, 0x9, 0xf6,
    0x1, 0xfd, 0x0, 0x0, 0xbf, 0x20, 0x9, 0xf3,
    0x13, 0x70, 0x0, 0x7f, 0x40, 0x0, 0x3, 0x0,
    0x1, 0x30, 0x6f, 0x80, 0x0, 0x2, 0x0, 0x0,
    0x8, 0xff, 0xff, 0xff, 0xff, 0xff, 0xff, 0xff,
    0xfa, 0x0, 0x4, 0x88, 0x88, 0x88, 0xbf, 0xc8,
    0x88, 0x88, 0x85, 0x0, 0x0, 0x0, 0x0, 0x0,
    0x6f, 0x80, 0x0, 0x0, 0x0, 0x0, 0x99, 0x99,
    0x99, 0x99, 0xbf, 0xc9, 0x99, 0x99, 0x99, 0x92,
    0xff, 0xff, 0xff, 0xff, 0xff, 0xff, 0xff, 0xff,
    0xff, 0xf3, 0x0, 0x0, 0x0, 0x0, 0x0, 0x0,
    0xf, 0xe0, 0x0, 0x0, 0x0, 0x0, 0x0, 0x0,
    0x0, 0x0, 0xf, 0xe0, 0x0, 0x0, 0x6f, 0xff,
    0xff, 0xff, 0xff, 0xff, 0xff, 0xff, 0xff, 0x90,
    0x39, 0x99, 0xe9, 0x99, 0x99, 0x99, 0x9f, 0xf9,
    0x99, 0x50, 0x0, 0x6, 0xfd, 0x30, 0x0, 0x0,
    0xf, 0xe0, 0x0, 0x0, 0x0, 0x0, 0x5e, 0xf7,
    0x0, 0x0, 0x1f, 0xe0, 0x0, 0x0, 0x0, 0x0,
    0x1, 0xa2, 0x2a, 0xaa, 0xdf, 0xc0, 0x0, 0x0,
    0x0, 0x0, 0x0, 0x0, 0x1f, 0xff, 0xfc, 0x30,
    0x0, 0x0,

    /* U+7B97 "算" */
    0x0, 0x7, 0xc2, 0x0, 0x0, 0x2, 0xc5, 0x0,
    0x0, 0x0, 0x0, 0x1f, 0xe1, 0x0, 0x0, 0xa,
    0xf4, 0x0, 0x0, 0x0, 0x0, 0xbf, 0xff, 0xff,
    0xfe, 0x4f, 0xff, 0xff, 0xff, 0xf4, 0x8, 0xfa,
    0x7f, 0xd6, 0x67, 0xee, 0x68, 0xfb, 0x66, 0x61,
    0x7f, 0xc0, 0x7, 0xf2, 0xa, 0xf5, 0x0, 0xbe,
    0x0, 0x0, 0x8d, 0x45, 0x55, 0x85, 0x56, 0xa5,
    0x55, 0x77, 0x50, 0x0, 0x1, 0x9f, 0xff, 0xff,
    0xff, 0xff, 0xff, 0xff, 0xf0, 0x0, 0x0, 0x9f,
    0x30, 0x0, 0x0, 0x0, 0x0, 0xc, 0xf0, 0x0,
    0x0, 0x9f, 0xff, 0xff, 0xff, 0xff, 0xff, 0xff,
    0xf0, 0x0, 0x0, 0x9f, 0x52, 0x22, 0x22, 0x22,
    0x22, 0x2c, 0xf0, 0x0, 0x0, 0x9f, 0x42, 0x22,
    0x22, 0x22, 0x22, 0x2c, 0xf0, 0x0, 0x0, 0x9f,
    0xff, 0xff, 0xff, 0xff, 0xff, 0xff, 0xf0, 0x0,
    0x0, 0x9f, 0x53, 0x33, 0x33, 0x33, 0x33, 0x3d,
    0xf0, 0x0, 0x0, 0x9f, 0xff, 0xff, 0xff, 0xff,
    0xff, 0xff, 0xf0, 0x0, 0x0, 0x12, 0x2f, 0xe2,
    0x22, 0x22, 0x4f, 0xb2, 0x20, 0x0, 0x33, 0x33,
    0x3f, 0xe3, 0x33, 0x33, 0x4f, 0xb3, 0x33, 0x31,
    0xff, 0xff, 0xff, 0xff, 0xff, 0xff, 0xff, 0xff,
    0xff, 0xf6, 0x44, 0x44, 0xbf, 0x94, 0x44, 0x44,
    0x6f, 0xb4, 0x44, 0x41, 0x0, 0x2a, 0xfb, 0x0,
    0x0, 0x0, 0x2f, 0xa0, 0x0, 0x0, 0x2, 0xfe,
    0x70, 0x0, 0x0, 0x0, 0x2f, 0xa0, 0x0, 0x0,
    0x0, 0x10, 0x0, 0x0, 0x0, 0x0, 0x0, 0x0,
    0x0, 0x0,

    /* U+7BB1 "箱" */
    0x0, 0x0, 0x0, 0x0, 0x0, 0x0, 0x0, 0x0,
    0x0, 0x0, 0x0, 0x6, 0xe6, 0x0, 0x0, 0x0,
    0xbb, 0x10, 0x0, 0x0, 0x0, 0x1e, 0xf3, 0x0,
    0x0, 0x4, 0xfd, 0x0, 0x0, 0x0, 0x0, 0xaf,
    0xff, 0xff, 0xff, 0x5c, 0xff, 0xff, 0xff, 0xfe,
    0x6, 0xfe, 0xaf, 0xfa, 0xaa, 0x9f, 0xdb, 0xfe,
    0xaa, 0xa9, 0x4f, 0xf5, 0x8, 0xf7, 0x2, 0xff,
    0x30, 0xbf, 0x60, 0x0, 0x7f, 0xa2, 0x84, 0xe9,
    0x1, 0xc9, 0x0, 0x1d, 0x40, 0x0, 0x8, 0x5,
    0xf6, 0x20, 0x0, 0x0, 0x0, 0x0, 0x0, 0x0,
    0x0, 0x5, 0xf6, 0x0, 0xe, 0xff, 0xff, 0xff,
    0xff, 0xd0, 0x15, 0x58, 0xf9, 0x55, 0xe, 0xf9,
    0x99, 0x99, 0x9f, 0xd0, 0x4f, 0xff, 0xff, 0xff,
    0xe, 0xe0, 0x0, 0x0, 0xf, 0xd0, 0x14, 0x4c,
    0xf9, 0x44, 0xe, 0xf6, 0x66, 0x66, 0x6f, 0xd0,
    0x0, 0x2f, 0xf8, 0x0, 0xe, 0xff, 0xff, 0xff,
    0xff, 0xd0, 0x0, 0xaf, 0xff, 0x90, 0xe, 0xe1,
    0x11, 0x11, 0x1f, 0xd0, 0x4, 0xfe, 0xfe, 0xfd,
    0x2e, 0xe0, 0x0, 0x0, 0xf, 0xd0, 0x1e, 0xf6,
    0xf6, 0x7e, 0x1e, 0xff, 0xff, 0xff, 0xff, 0xd0,
    0x9f, 0x75, 0xf6, 0x0, 0xe, 0xf8, 0x88, 0x88,
    0x8f, 0xd0, 0x5c, 0x5, 0xf6, 0x0, 0xe, 0xe0,
    0x0, 0x0, 0xf, 0xd0, 0x1, 0x5, 0xf6, 0x0,
    0xe, 0xe0, 0x0, 0x0, 0xf, 0xd0, 0x0, 0x5,
    0xf6, 0x0, 0xe, 0xff, 0xff, 0xff, 0xff, 0xd0,
    0x0, 0x5, 0xf6, 0x0, 0xd, 0xe8, 0x88, 0x88,
    0x8e, 0xc0,

    /* U+7C73 "米" */
    0x0, 0x0, 0x0, 0x0, 0x0, 0x10, 0x0, 0x0,
    0x0, 0x0, 0x0, 0x0, 0x0, 0x0, 0x0, 0x4f,
    0xa0, 0x0, 0x0, 0x0, 0x0, 0x0, 0x9, 0x50,
    0x0, 0x4, 0xfa, 0x0, 0x0, 0x2b, 0x10, 0x0,
    0x3, 0xff, 0x40, 0x0, 0x4f, 0xa0, 0x0, 0xc,
    0xf8, 0x0, 0x0, 0x7, 0xff, 0x20, 0x4, 0xfa,
    0x0, 0x9, 0xfc, 0x0, 0x0, 0x0, 0x9, 0xfe,
    0x10, 0x4f, 0xa0, 0x7, 0xfe, 0x10, 0x0, 0x0,
    0x0, 0xb, 0xf9, 0x4, 0xfa, 0x4, 0xff, 0x30,
    0x0, 0x0, 0x0, 0x0, 0x1a, 0x0, 0x4f, 0xa0,
    0xb, 0x40, 0x0, 0x0, 0x0, 0x0, 0x0, 0x0,
    0x4, 0xfa, 0x0, 0x0, 0x0, 0x0, 0x0, 0x9d,
    0xdd, 0xdd, 0xdd, 0xef, 0xfd, 0xdd, 0xdd, 0xdd,
    0xd0, 0xa, 0xff, 0xff, 0xff, 0xff, 0xff, 0xff,
    0xff, 0xff, 0xff, 0x0, 0x0, 0x0, 0x0, 0x8,
    0xff, 0xfc, 0x0, 0x0, 0x0, 0x0, 0x0, 0x0,
    0x0, 0x5, 0xff, 0xff, 0xfa, 0x0, 0x0, 0x0,
    0x0, 0x0, 0x0, 0x5, 0xfe, 0x6f, 0xaa, 0xfa,
    0x0, 0x0, 0x0, 0x0, 0x0, 0x6, 0xff, 0x34,
    0xfa, 0xc, 0xfb, 0x0, 0x0, 0x0, 0x0, 0x9,
    0xff, 0x40, 0x4f, 0xa0, 0xc, 0xfd, 0x30, 0x0,
    0x0, 0x3c, 0xfe, 0x40, 0x4, 0xfa, 0x0, 0xb,
    0xff, 0x80, 0x0, 0x9f, 0xfd, 0x20, 0x0, 0x4f,
    0xa0, 0x0, 0x8, 0xff, 0xd3, 0xc, 0xf9, 0x0,
    0x0, 0x4, 0xfa, 0x0, 0x0, 0x4, 0xef, 0x10,
    0x24, 0x0, 0x0, 0x0, 0x4f, 0xa0, 0x0, 0x0,
    0x1, 0x40, 0x0, 0x0, 0x0, 0x0, 0x4, 0xfa,
    0x0, 0x0, 0x0, 0x0, 0x0,

    /* U+7C7B "类" */
    0x0, 0x5, 0x0, 0x0, 0xd, 0xd0, 0x0, 0x0,
    0x50, 0x0, 0x0, 0x4f, 0xc1, 0x0, 0xf, 0xf0,
    0x0, 0xc, 0xf5, 0x0, 0x0, 0x9, 0xfe, 0x20,
    0xf, 0xf0, 0x1, 0xdf, 0xa0, 0x0, 0x0, 0x0,
    0x7f, 0xd0, 0xf, 0xf0, 0xd, 0xf8, 0x0, 0x0,
    0x5, 0x55, 0x5b, 0x85, 0x5f, 0xf5, 0x59, 0xb5,
    0x55, 0x50, 0xf, 0xff, 0xff, 0xff, 0xff, 0xff,
    0xff, 0xff, 0xff, 0xf0, 0x4, 0x44, 0x44, 0x4a,
    0xff, 0xf7, 0x44, 0x44, 0x44, 0x40, 0x0, 0x0,
    0x0, 0x9f, 0xef, 0xff, 0xc6, 0x0, 0x0, 0x0,
    0x0, 0x0, 0x5e, 0xfd, 0x1f, 0xf8, 0xef, 0xf9,
    0x30, 0x0, 0x0, 0x5c, 0xff, 0x90, 0xf, 0xf0,
    0x6, 0xdf, 0xfd, 0x60, 0x4f, 0xff, 0xc3, 0x0,
    0x0, 0x0, 0x0, 0x5, 0xdf, 0xf4, 0x2f, 0xb4,
    0x0, 0x0, 0xf, 0xe0, 0x0, 0x0, 0x5, 0xb0,
    0x2, 0x0, 0x0, 0x0, 0xf, 0xf0, 0x0, 0x0,
    0x0, 0x0, 0x3f, 0xff, 0xff, 0xff, 0xff, 0xff,
    0xff, 0xff, 0xff, 0xf3, 0x19, 0x99, 0x99, 0x99,
    0xcf, 0xfb, 0x99, 0x99, 0x99, 0x92, 0x0, 0x0,
    0x0, 0x1, 0xef, 0xfd, 0x20, 0x0, 0x0, 0x0,
    0x0, 0x0, 0x0, 0x5e, 0xfc, 0x9f, 0xe5, 0x0,
    0x0, 0x0, 0x0, 0x1, 0x6d, 0xff, 0xb1, 0x8,
    0xff, 0xd6, 0x10, 0x0, 0x38, 0xcf, 0xff, 0xc5,
    0x0, 0x0, 0x3b, 0xff, 0xfc, 0x82, 0x6f, 0xfd,
    0x83, 0x0, 0x0, 0x0, 0x0, 0x39, 0xef, 0xf5,
    0x16, 0x20, 0x0, 0x0, 0x0, 0x0, 0x0, 0x0,
    0x4, 0x81,

    /* U+7C97 "粗" */
    0x0, 0x0, 0xbf, 0x0, 0x0, 0x0, 0x0, 0x0,
    0x0, 0x0, 0x0, 0x0, 0xb, 0xf0, 0x1, 0xb,
    0xdd, 0xdd, 0xdd, 0xdb, 0x0, 0xd, 0x80, 0xbf,
    0x2, 0xf4, 0xdf, 0xff, 0xff, 0xff, 0xd0, 0x0,
    0xbd, 0xb, 0xf0, 0x8f, 0x1d, 0xf0, 0x0, 0x0,
    0xfd, 0x0, 0x6, 0xf2, 0xbf, 0xd, 0xb0, 0xdf,
    0x0, 0x0, 0xf, 0xd0, 0x0, 0x1f, 0x7b, 0xf3,
    0xf5, 0xd, 0xf0, 0x0, 0x0, 0xfd, 0x0, 0x0,
    0xc7, 0xbf, 0x6e, 0x0, 0xdf, 0x22, 0x22, 0x2f,
    0xd0, 0x0, 0x0, 0xb, 0xf0, 0x0, 0xd, 0xff,
    0xff, 0xff, 0xfd, 0x0, 0xb, 0xdd, 0xff, 0xdd,
    0xd0, 0xdf, 0xaa, 0xaa, 0xaf, 0xd0, 0x0, 0xdf,
    0xff, 0xff, 0xff, 0xd, 0xf0, 0x0, 0x0, 0xfd,
    0x0, 0x0, 0x4, 0xff, 0x0, 0x0, 0xdf, 0x0,
    0x0, 0xf, 0xd0, 0x0, 0x0, 0xbf, 0xf6, 0x0,
    0xd, 0xf0, 0x0, 0x0, 0xfd, 0x0, 0x0, 0x3f,
    0xff, 0xf8, 0x0, 0xdf, 0xdd, 0xdd, 0xdf, 0xd0,
    0x0, 0xd, 0xec, 0xfc, 0xfa, 0xd, 0xff, 0xff,
    0xff, 0xfd, 0x0, 0x9, 0xf7, 0xbf, 0x1b, 0x70,
    0xdf, 0x0, 0x0, 0xf, 0xd0, 0x1, 0xfd, 0xb,
    0xf0, 0x0, 0xd, 0xf0, 0x0, 0x0, 0xfd, 0x0,
    0xd, 0x30, 0xbf, 0x0, 0x0, 0xdf, 0x0, 0x0,
    0xf, 0xd0, 0x0, 0x20, 0xb, 0xf0, 0x0, 0xd,
    0xf0, 0x0, 0x0, 0xfd, 0x0, 0x0, 0x0, 0xbf,
    0x0, 0xff, 0xff, 0xff, 0xff, 0xff, 0xff, 0x60,
    0x0, 0xb, 0xf0, 0xd, 0xdd, 0xdd, 0xdd, 0xdd,
    0xdd, 0xd5,

    /* U+7CFB "系" */
    0x0, 0x0, 0x0, 0x0, 0x0, 0x1, 0x23, 0x45,
    0x78, 0x91, 0x0, 0x9, 0xbb, 0xcd, 0xee, 0xff,
    0xff, 0xff, 0xff, 0xff, 0x40, 0x0, 0xcf, 0xff,
    0xff, 0xff, 0xfb, 0xa9, 0x87, 0x64, 0x30, 0x0,
    0x1, 0x21, 0x0, 0x7f, 0xe4, 0x0, 0x0, 0x93,
    0x0, 0x0, 0x0, 0x0, 0x1, 0xbf, 0xb1, 0x0,
    0x2, 0xdf, 0xe0, 0x0, 0x0, 0x0, 0x7, 0xff,
    0x70, 0x0, 0x16, 0xff, 0xb1, 0x0, 0x0, 0x0,
    0xe, 0xff, 0xed, 0xef, 0xff, 0xfe, 0x60, 0x0,
    0x0, 0x0, 0x0, 0xbc, 0xba, 0x98, 0xef, 0xfa,
    0x10, 0x20, 0x0, 0x0, 0x0, 0x0, 0x0, 0x6,
    0xef, 0xc3, 0x0, 0xcf, 0x30, 0x0, 0x0, 0x0,
    0x0, 0x6d, 0xfd, 0x50, 0x0, 0x4, 0xff, 0x30,
    0x0, 0x0, 0x7, 0xef, 0xe7, 0x23, 0x45, 0x56,
    0x7c, 0xff, 0x30, 0x0, 0x7, 0xff, 0xff, 0xff,
    0xff, 0xff, 0xff, 0xff, 0xfe, 0x30, 0x0, 0x3b,
    0xa9, 0x98, 0x76, 0xff, 0x43, 0x32, 0x16, 0xf9,
    0x0, 0x0, 0x0, 0x16, 0x0, 0xf, 0xf0, 0x8,
    0x30, 0x4, 0x0, 0x0, 0x0, 0x4e, 0xf3, 0x0,
    0xff, 0x3, 0xff, 0x90, 0x0, 0x0, 0x0, 0x9f,
    0xf7, 0x0, 0xf, 0xf0, 0x5, 0xef, 0xe4, 0x0,
    0x5, 0xef, 0xe3, 0x0, 0x1, 0xff, 0x0, 0x1,
    0x9f, 0xf9, 0x0, 0xef, 0x90, 0x5, 0xdd, 0xff,
    0xe0, 0x0, 0x0, 0x4e, 0xf3, 0x4, 0x30, 0x0,
    0x3f, 0xff, 0xe6, 0x0, 0x0, 0x0, 0x16, 0x0,

    /* U+7D20 "素" */
    0x0, 0x0, 0x0, 0x0, 0x2, 0x96, 0x0, 0x0,
    0x0, 0x0, 0x0, 0x0, 0x0, 0x0, 0x0, 0x4f,
    0xa0, 0x0, 0x0, 0x0, 0x0, 0x2, 0xff, 0xff,
    0xff, 0xff, 0xff, 0xff, 0xff, 0xff, 0xf8, 0x0,
    0x5, 0x55, 0x55, 0x55, 0x7f, 0xb5, 0x55, 0x55,
    0x55, 0x20, 0x0, 0x4, 0x44, 0x44, 0x47, 0xfb,
    0x44, 0x44, 0x44, 0x20, 0x0, 0x1, 0xff, 0xff,
    0xff, 0xff, 0xff, 0xff, 0xff, 0xf8, 0x0, 0x0,
    0x1, 0x11, 0x11, 0x14, 0xfa, 0x11, 0x11, 0x11,
    0x0, 0x0, 0x77, 0x77, 0x77, 0x77, 0x8f, 0xc7,
    0x77, 0x77, 0x77, 0x72, 0xf, 0xff, 0xff, 0xff,
    0xff, 0xff, 0xff, 0xff, 0xff, 0xff, 0x40, 0x0,
    0x0, 0x5, 0xdf, 0x92, 0x0, 0x18, 0xb2, 0x0,
    0x0, 0x0, 0x2, 0x8e, 0xfa, 0x55, 0x56, 0x9f,
    0xfa, 0x10, 0x0, 0x0, 0x0, 0x7f, 0xff, 0xff,
    0xff, 0xff, 0x93, 0x30, 0x0, 0x0, 0x0, 0x0,
    0x21, 0x38, 0xef, 0xc6, 0x10, 0x9f, 0x60, 0x0,
    0x0, 0x0, 0x27, 0xcf, 0xe8, 0x30, 0x12, 0x35,
    0xff, 0x90, 0x0, 0x0, 0x5f, 0xff, 0xfd, 0xef,
    0xff, 0xff, 0xff, 0xff, 0xc1, 0x0, 0x2, 0x98,
    0x79, 0x65, 0x4f, 0xd2, 0x26, 0x0, 0x4e, 0x30,
    0x0, 0x0, 0x4c, 0xf1, 0x0, 0xfd, 0x6, 0xfe,
    0x70, 0x0, 0x0, 0x17, 0xdf, 0xf9, 0x10, 0xf,
    0xd0, 0x17, 0xef, 0xf9, 0x30, 0xd, 0xff, 0x81,
    0x2d, 0xdf, 0xfc, 0x0, 0x0, 0x5c, 0xff, 0x10,
    0x56, 0x0, 0x0, 0xff, 0xfd, 0x40, 0x0, 0x0,
    0x4, 0x70,

    /* U+7D22 "索" */
    0x0, 0x0, 0x0, 0x0, 0xe, 0xc0, 0x0, 0x0,
    0x0, 0x0, 0x0, 0x0, 0x0, 0x0, 0xf, 0xd0,
    0x0, 0x0, 0x0, 0x0, 0x7, 0xff, 0xff, 0xff,
    0xff, 0xff, 0xff, 0xff, 0xff, 0x70, 0x4, 0xaa,
    0xaa, 0xaa, 0xaf, 0xfa, 0xaa, 0xaa, 0xaa, 0x40,
    0x0, 0x0, 0x0, 0x0, 0xf, 0xd0, 0x0, 0x0,
    0x0, 0x0, 0xa, 0xaa, 0xaa, 0xaa, 0xaf, 0xfa,
    0xaa, 0xaa, 0xaa, 0xa0, 0xf, 0xff, 0xff, 0xff,
    0xff, 0xff, 0xff, 0xff, 0xff, 0xf0, 0xf, 0xe0,
    0x0, 0x7, 0xfe, 0x30, 0x0, 0x10, 0xe, 0xf0,
    0xf, 0xe0, 0x2, 0xbf, 0xb1, 0x0, 0x2d, 0xd0,
    0xe, 0xf0, 0x6, 0x51, 0x9f, 0xf8, 0x34, 0x48,
    0xff, 0x60, 0x6, 0x60, 0x0, 0xb, 0xff, 0xff,
    0xff, 0xff, 0x91, 0x10, 0x0, 0x0, 0x0, 0x2,
    0x43, 0x5a, 0xff, 0x92, 0x6, 0xf7, 0x0, 0x0,
    0x0, 0x2, 0x7c, 0xfe, 0x71, 0x0, 0x13, 0xcf,
    0xa0, 0x0, 0x0, 0xcf, 0xff, 0xfd, 0xef, 0xff,
    0xff, 0xff, 0xfd, 0x20, 0x0, 0x9c, 0xcb, 0xaa,
    0x9d, 0xfa, 0x77, 0x66, 0x7f, 0x80, 0x0, 0x0,
    0x19, 0x40, 0xa, 0xf4, 0xc, 0x81, 0x2, 0x0,
    0x0, 0x17, 0xff, 0xa0, 0xa, 0xf4, 0x2e, 0xff,
    0x91, 0x0, 0x29, 0xff, 0xe6, 0x0, 0xb, 0xf4,
    0x0, 0x6e, 0xff, 0x91, 0x9f, 0xf8, 0x10, 0xad,
    0xef, 0xf2, 0x0, 0x0, 0x7e, 0xf7, 0x28, 0x10,
    0x0, 0x9f, 0xfe, 0x70, 0x0, 0x0, 0x0, 0x71,

    /* U+7D2F "累" */
    0x0, 0xdf, 0xff, 0xff, 0xff, 0xff, 0xff, 0xff,
    0xfd, 0x0, 0x0, 0xdf, 0x88, 0x88, 0x8f, 0xe8,
    0x88, 0x88, 0xfd, 0x0, 0x0, 0xdf, 0x0, 0x0,
    0xf, 0xd0, 0x0, 0x0, 0xfd, 0x0, 0x0, 0xdf,
    0xff, 0xff, 0xff, 0xff, 0xff, 0xff, 0xfd, 0x0,
    0x0, 0xdf, 0x66, 0x66, 0x6f, 0xe6, 0x66, 0x66,
    0xfd, 0x0, 0x0, 0xdf, 0x0, 0x0, 0xf, 0xd0,
    0x0, 0x0, 0xfd, 0x0, 0x0, 0xdf, 0xff, 0xff,
    0xff, 0xff, 0xff, 0xff, 0xfd, 0x0, 0x0, 0x67,
    0x77, 0xaf, 0xf9, 0x77, 0x77, 0xb7, 0x76, 0x0,
    0x0, 0x0, 0x1a, 0xfd, 0x40, 0x0, 0x3c, 0xf8,
    0x0, 0x0, 0x0, 0x2a, 0xff, 0xc6, 0x67, 0x7a,
    0xfe, 0x70, 0x0, 0x0, 0x0, 0x5f, 0xff, 0xfe,
    0xff, 0xfd, 0x61, 0x50, 0x0, 0x0, 0x0, 0x1,
    0x3, 0x8e, 0xfa, 0x40, 0x8, 0xfa, 0x0, 0x0,
    0x0, 0x38, 0xdf, 0xe9, 0x43, 0x44, 0x56, 0xef,
    0xd2, 0x0, 0x4, 0xff, 0xff, 0xff, 0xff, 0xff,
    0xff, 0xff, 0xfe, 0x40, 0x1, 0x76, 0x68, 0x74,
    0x4c, 0xf4, 0x27, 0x30, 0x3d, 0x40, 0x0, 0x3,
    0xaf, 0xb0, 0xb, 0xf2, 0x2f, 0xfa, 0x40, 0x0,
    0x17, 0xdf, 0xfa, 0x20, 0xd, 0xf2, 0x4, 0xbf,
    0xfd, 0x60, 0xaf, 0xfa, 0x30, 0xbd, 0xef, 0xf1,
    0x0, 0x3, 0xaf, 0xf7, 0x38, 0x10, 0x0, 0xaf,
    0xfe, 0x90, 0x0, 0x0, 0x1, 0x81,

    /* U+7EA2 "红" */
    0x0, 0x0, 0x0, 0x0, 0x0, 0x0, 0x0, 0x0,
    0x0, 0x0, 0x0, 0x0, 0x8a, 0x10, 0x0, 0x0,
    0x0, 0x0, 0x0, 0x0, 0x0, 0x1, 0xfe, 0x0,
    0x0, 0x0, 0x0, 0x0, 0x0, 0x0, 0x0, 0x9,
    0xf6, 0x0, 0x6e, 0xee, 0xee, 0xee, 0xee, 0xe0,
    0x0, 0x3f, 0xd0, 0x0, 0x6f, 0xff, 0xff, 0xff,
    0xff, 0xf1, 0x0, 0xcf, 0x40, 0x47, 0x0, 0x0,
    0x2f, 0xc0, 0x0, 0x0, 0x8, 0xfa, 0x0, 0xdf,
    0x30, 0x0, 0x2f, 0xc0, 0x0, 0x0, 0x4f, 0xf7,
    0x7b, 0xfa, 0x0, 0x0, 0x2f, 0xc0, 0x0, 0x0,
    0x5f, 0xff, 0xff, 0xe1, 0x0, 0x0, 0x2f, 0xc0,
    0x0, 0x0, 0x17, 0x54, 0xef, 0x50, 0x0, 0x0,
    0x2f, 0xc0, 0x0, 0x0, 0x0, 0x9, 0xfa, 0x0,
    0x0, 0x0, 0x2f, 0xc0, 0x0, 0x0, 0x0, 0x5f,
    0xe1, 0x0, 0x0, 0x0, 0x2f, 0xc0, 0x0, 0x0,
    0x4, 0xff, 0x30, 0x22, 0x0, 0x0, 0x2f, 0xc0,
    0x0, 0x0, 0xf, 0xfe, 0xef, 0xf9, 0x0, 0x0,
    0x2f, 0xc0, 0x0, 0x0, 0xf, 0xff, 0xec, 0xa5,
    0x0, 0x0, 0x2f, 0xc0, 0x0, 0x0, 0x4, 0x30,
    0x0, 0x0, 0x0, 0x0, 0x2f, 0xc0, 0x0, 0x0,
    0x0, 0x0, 0x0, 0x1, 0x0, 0x0, 0x2f, 0xc0,
    0x0, 0x0, 0x2, 0x58, 0xad, 0xf9, 0x0, 0x0,
    0x2f, 0xc0, 0x0, 0x0, 0xaf, 0xff, 0xff, 0xf7,
    0xee, 0xee, 0xef, 0xfe, 0xee, 0xe9, 0x7c, 0x97,
    0x42, 0x0, 0xff, 0xff, 0xff, 0xff, 0xff, 0xfa,

    /* U+7EA6 "约" */
    0x0, 0x0, 0x6, 0x10, 0x0, 0x2, 0x61, 0x0,
    0x0, 0x0, 0x0, 0x0, 0x4f, 0xb0, 0x0, 0x8,
    0xf6, 0x0, 0x0, 0x0, 0x0, 0x0, 0xcf, 0x30,
    0x0, 0xd, 0xf1, 0x0, 0x0, 0x0, 0x0, 0x6,
    0xfa, 0x0, 0x0, 0x4f, 0xc0, 0x0, 0x0, 0x0,
    0x0, 0x1e, 0xf1, 0x5, 0x20, 0xbf, 0xff, 0xff,
    0xff, 0xf3, 0x0, 0xaf, 0x70, 0x1f, 0xe3, 0xff,
    0xee, 0xee, 0xef, 0xf3, 0x7, 0xfc, 0x1, 0xaf,
    0x5b, 0xf7, 0x0, 0x0, 0xb, 0xf2, 0xd, 0xff,
    0xff, 0xfb, 0x5f, 0xe0, 0x0, 0x0, 0xb, 0xf2,
    0x9, 0xdb, 0xbf, 0xf2, 0x2c, 0x50, 0x0, 0x0,
    0xc, 0xf1, 0x0, 0x0, 0xcf, 0x70, 0x0, 0x4c,
    0x10, 0x0, 0xc, 0xf1, 0x0, 0x8, 0xfb, 0x0,
    0x0, 0x6f, 0xb0, 0x0, 0xd, 0xf0, 0x0, 0x6f,
    0xe1, 0x0, 0x0, 0xa, 0xf7, 0x0, 0xd, 0xf0,
    0x4, 0xff, 0xba, 0xdf, 0x80, 0x1, 0xef, 0x30,
    0xe, 0xf0, 0x6, 0xff, 0xff, 0xfe, 0x70, 0x0,
    0x4f, 0x80, 0xe, 0xe0, 0x2, 0x86, 0x42, 0x0,
    0x0, 0x0, 0x3, 0x0, 0xf, 0xe0, 0x0, 0x0,
    0x0, 0x0, 0x0, 0x0, 0x0, 0x0, 0xf, 0xd0,
    0x0, 0x1, 0x36, 0x9b, 0x90, 0x0, 0x0, 0x0,
    0xf, 0xd0, 0x1c, 0xef, 0xff, 0xff, 0xc0, 0x0,
    0x0, 0x0, 0x6f, 0xc0, 0xf, 0xfd, 0xb8, 0x63,
    0x10, 0x0, 0xbe, 0xef, 0xff, 0x90, 0x2, 0x0,
    0x0, 0x0, 0x0, 0x0, 0xaf, 0xff, 0xea, 0x10,

    /* U+7EBF "线" */
    0x0, 0x0, 0x10, 0x0, 0x0, 0x0, 0x0, 0x0,
    0x0, 0x0, 0x0, 0x3, 0xf7, 0x0, 0x0, 0xef,
    0x2, 0xb2, 0x0, 0x0, 0x0, 0xb, 0xf3, 0x0,
    0x0, 0xef, 0x3, 0xfe, 0x20, 0x0, 0x0, 0x3f,
    0xb0, 0x0, 0x0, 0xdf, 0x10, 0x3f, 0xe1, 0x0,
    0x0, 0xbf, 0x20, 0x0, 0x0, 0xcf, 0x20, 0x4,
    0x71, 0x20, 0x5, 0xfa, 0x2, 0xc3, 0x12, 0xcf,
    0xaa, 0xcd, 0xff, 0xd0, 0x1e, 0xf1, 0xb, 0xf5,
    0xff, 0xff, 0xff, 0xed, 0xb9, 0x60, 0x9f, 0xdb,
    0xdf, 0xb0, 0x98, 0xbf, 0x70, 0x0, 0x0, 0x0,
    0x7f, 0xfe, 0xff, 0x20, 0x0, 0x6f, 0x60, 0x0,
    0x0, 0x21, 0x13, 0x8, 0xf8, 0x0, 0x0, 0x6f,
    0xb8, 0xac, 0xef, 0xf5, 0x0, 0x3f, 0xd0, 0x6,
    0xef, 0xff, 0xff, 0xff, 0xdb, 0x92, 0x0, 0xdf,
    0x30, 0x6, 0xdb, 0x9f, 0xd3, 0x10, 0x18, 0x0,
    0xb, 0xf9, 0x35, 0x71, 0x0, 0xd, 0xf0, 0x1,
    0xdf, 0x30, 0x3f, 0xff, 0xff, 0xf2, 0x0, 0xa,
    0xf2, 0x2d, 0xf6, 0x0, 0x1f, 0xdb, 0x86, 0x40,
    0x0, 0x7, 0xf9, 0xef, 0x60, 0x0, 0x0, 0x0,
    0x0, 0x0, 0x0, 0x3, 0xff, 0xf5, 0x7, 0xc1,
    0x0, 0x0, 0x3, 0x51, 0x0, 0x3c, 0xff, 0x40,
    0xa, 0xf1, 0x47, 0xad, 0xff, 0xf4, 0x2a, 0xff,
    0xdf, 0x80, 0xd, 0xd0, 0xcf, 0xff, 0xdb, 0x89,
    0xff, 0xd4, 0x1e, 0xf5, 0x4f, 0x90, 0x66, 0x30,
    0x0, 0x3, 0xd6, 0x0, 0x5, 0xff, 0xff, 0x30,
    0x0, 0x0, 0x0, 0x0, 0x0, 0x0, 0x0, 0x5e,
    0xe7, 0x0,

    /* U+7EC4 "组" */
    0x0, 0x0, 0x0, 0x0, 0x0, 0x0, 0x0, 0x0,
    0x0, 0x0, 0x0, 0x0, 0xd6, 0x0, 0x0, 0x0,
    0x0, 0x0, 0x0, 0x0, 0x0, 0x7, 0xf6, 0x0,
    0x4d, 0xdd, 0xdd, 0xdd, 0xdd, 0x0, 0x0, 0xe,
    0xe0, 0x0, 0x5f, 0xff, 0xff, 0xff, 0xff, 0x0,
    0x0, 0x7f, 0x70, 0x0, 0x5f, 0x80, 0x0, 0x0,
    0xdf, 0x0, 0x1, 0xee, 0x0, 0x71, 0x5f, 0x80,
    0x0, 0x0, 0xdf, 0x0, 0x9, 0xf6, 0x5, 0xf9,
    0x5f, 0x80, 0x0, 0x0, 0xdf, 0x0, 0x3f, 0xd3,
    0x5d, 0xf1, 0x5f, 0x80, 0x0, 0x0, 0xdf, 0x0,
    0x8f, 0xff, 0xff, 0x70, 0x5f, 0xff, 0xff, 0xff,
    0xff, 0x0, 0x4c, 0x99, 0xfd, 0x0, 0x5f, 0xed,
    0xdd, 0xdd, 0xff, 0x0, 0x0, 0xb, 0xf2, 0x0,
    0x5f, 0x80, 0x0, 0x0, 0xdf, 0x0, 0x0, 0x7f,
    0x60, 0x0, 0x5f, 0x80, 0x0, 0x0, 0xdf, 0x0,
    0x4, 0xfb, 0x1, 0x20, 0x5f, 0x80, 0x0, 0x0,
    0xdf, 0x0, 0x1f, 0xfe, 0xff, 0xe0, 0x5f, 0xed,
    0xdd, 0xdd, 0xff, 0x0, 0xf, 0xff, 0xdb, 0x80,
    0x5f, 0xff, 0xff, 0xff, 0xff, 0x0, 0x4, 0x20,
    0x0, 0x0, 0x5f, 0x80, 0x0, 0x0, 0xdf, 0x0,
    0x0, 0x0, 0x0, 0x0, 0x5f, 0x80, 0x0, 0x0,
    0xdf, 0x0, 0x0, 0x36, 0x9c, 0xe0, 0x5f, 0x80,
    0x0, 0x0, 0xdf, 0x0, 0xbf, 0xff, 0xff, 0xf1,
    0x5f, 0x80, 0x0, 0x0, 0xdf, 0x0, 0xbf, 0xc9,
    0x63, 0x1f, 0xff, 0xff, 0xff, 0xff, 0xff, 0xfb,
    0x10, 0x0, 0x0, 0xd, 0xdd, 0xdd, 0xdd, 0xdd,
    0xdd, 0xd9,

    /* U+7EC8 "终" */
    0x0, 0x0, 0x0, 0x0, 0x0, 0x0, 0x0, 0x0,
    0x0, 0x0, 0x0, 0x2, 0xf6, 0x0, 0x0, 0x3f,
    0x50, 0x0, 0x0, 0x0, 0x0, 0x9, 0xf3, 0x0,
    0x0, 0xaf, 0x20, 0x0, 0x0, 0x0, 0x0, 0x1f,
    0xb0, 0x0, 0x3, 0xff, 0xdd, 0xdd, 0xdd, 0x50,
    0x0, 0x9f, 0x30, 0x0, 0xc, 0xff, 0xff, 0xff,
    0xff, 0x50, 0x2, 0xfb, 0x2, 0x81, 0x7f, 0xe0,
    0x0, 0x1, 0xef, 0x10, 0xb, 0xf3, 0xa, 0xf7,
    0xfe, 0xf9, 0x0, 0xb, 0xf6, 0x0, 0x5f, 0xd7,
    0xaf, 0xbd, 0xe2, 0xaf, 0x60, 0xaf, 0xa0, 0x0,
    0x6f, 0xff, 0xff, 0x25, 0x40, 0xd, 0xfc, 0xfc,
    0x0, 0x0, 0x26, 0x47, 0xf8, 0x0, 0x0, 0x4,
    0xff, 0xf2, 0x0, 0x0, 0x0, 0x1f, 0xd0, 0x0,
    0x1, 0x9f, 0xfd, 0xff, 0x81, 0x0, 0x0, 0xbf,
    0x40, 0x3, 0x9f, 0xfc, 0x30, 0x6e, 0xff, 0xb5,
    0x7, 0xf8, 0x3, 0x3b, 0xfd, 0x60, 0x0, 0x1,
    0x7e, 0xfa, 0x1f, 0xfe, 0xff, 0xa3, 0x50, 0xac,
    0x83, 0x0, 0x0, 0x43, 0xf, 0xfd, 0xb8, 0x40,
    0x0, 0xaf, 0xff, 0xfa, 0x50, 0x0, 0x2, 0x0,
    0x0, 0x0, 0x0, 0x0, 0x49, 0xef, 0xb0, 0x0,
    0x0, 0x0, 0x0, 0x20, 0x0, 0x0, 0x0, 0x3,
    0x30, 0x0, 0x14, 0x7a, 0xdf, 0xd0, 0x7f, 0xb6,
    0x10, 0x0, 0x0, 0x0, 0xbf, 0xff, 0xfe, 0xa0,
    0x6c, 0xff, 0xfd, 0x83, 0x0, 0x0, 0x7a, 0x74,
    0x10, 0x0, 0x0, 0x16, 0xaf, 0xff, 0xf8, 0x0,
    0x0, 0x0, 0x0, 0x0, 0x0, 0x0, 0x0, 0x49,
    0xe7, 0x0, 0x0, 0x0, 0x0, 0x0, 0x0, 0x0,
    0x0, 0x0, 0x0, 0x0,

    /* U+7ECF "经" */
    0x0, 0x0, 0x30, 0x0, 0x0, 0x0, 0x0, 0x0,
    0x0, 0x0, 0x0, 0x1, 0xfb, 0x0, 0x0, 0x0,
    0x0, 0x0, 0x0, 0x0, 0x0, 0x9, 0xf5, 0x0,
    0xcf, 0xff, 0xff, 0xff, 0xff, 0x0, 0x0, 0x1f,
    0xc0, 0x0, 0xad, 0xdd, 0xdd, 0xde, 0xfe, 0x0,
    0x0, 0xaf, 0x40, 0x0, 0x0, 0x0, 0x0, 0x2e,
    0xf4, 0x0, 0x3, 0xfb, 0x1, 0xc5, 0x0, 0x0,
    0x3, 0xef, 0x60, 0x0, 0xc, 0xf2, 0x9, 0xf6,
    0x0, 0x0, 0x7f, 0xf6, 0x0, 0x0, 0x6f, 0xec,
    0xef, 0xd0, 0x0, 0x4d, 0xff, 0xfc, 0x40, 0x0,
    0x5f, 0xfd, 0xff, 0x30, 0x3b, 0xff, 0xa3, 0xaf,
    0xfb, 0x20, 0x1, 0x7, 0xf9, 0xc, 0xff, 0xe4,
    0x0, 0x3, 0xcf, 0xf8, 0x0, 0x3f, 0xe0, 0x8,
    0xc5, 0x0, 0x0, 0x0, 0x6, 0xe7, 0x0, 0xdf,
    0x30, 0x0, 0x0, 0x0, 0x0, 0x0, 0x0, 0x10,
    0xb, 0xfa, 0x58, 0x90, 0xdf, 0xff, 0xff, 0xff,
    0xff, 0x90, 0x1f, 0xff, 0xff, 0xe0, 0xbd, 0xdd,
    0xef, 0xed, 0xdd, 0x70, 0xb, 0xa8, 0x63, 0x10,
    0x0, 0x0, 0x9f, 0x50, 0x0, 0x0, 0x0, 0x0,
    0x0, 0x0, 0x0, 0x0, 0x9f, 0x50, 0x0, 0x0,
    0x0, 0x1, 0x46, 0x90, 0x0, 0x0, 0x9f, 0x50,
    0x0, 0x0, 0x7c, 0xef, 0xff, 0xf1, 0x0, 0x0,
    0x9f, 0x50, 0x0, 0x0, 0xaf, 0xfc, 0x96, 0x3f,
    0xff, 0xff, 0xff, 0xff, 0xff, 0xfc, 0x22, 0x0,
    0x0, 0xd, 0xdd, 0xdd, 0xdd, 0xdd, 0xdd, 0xda,

    /* U+7ED3 "结" */
    0x0, 0x0, 0x79, 0x10, 0x0, 0x0, 0xb, 0x90,
    0x0, 0x0, 0x0, 0x0, 0xee, 0x0, 0x0, 0x0,
    0xf, 0xc0, 0x0, 0x0, 0x0, 0x7, 0xf6, 0x0,
    0x0, 0x0, 0xf, 0xc0, 0x0, 0x0, 0x0, 0xe,
    0xd0, 0x0, 0xdd, 0xdd, 0xdf, 0xfd, 0xdd, 0xdd,
    0x0, 0x8f, 0x50, 0x30, 0xff, 0xff, 0xff, 0xff,
    0xff, 0xff, 0x2, 0xfc, 0x0, 0xed, 0x0, 0x0,
    0xf, 0xc0, 0x0, 0x0, 0xc, 0xf6, 0x5a, 0xf8,
    0x0, 0x0, 0xf, 0xc0, 0x0, 0x0, 0x1f, 0xff,
    0xff, 0xd0, 0x0, 0x0, 0xf, 0xc0, 0x0, 0x0,
    0x9, 0x86, 0xdf, 0x40, 0x8f, 0xff, 0xff, 0xff,
    0xff, 0xf6, 0x0, 0x5, 0xfa, 0x0, 0x7d, 0xdd,
    0xdd, 0xdd, 0xdd, 0xd5, 0x0, 0x1e, 0xe1, 0x0,
    0x0, 0x0, 0x0, 0x0, 0x0, 0x0, 0x0, 0xcf,
    0x40, 0x10, 0x0, 0x0, 0x0, 0x0, 0x0, 0x0,
    0x8, 0xfe, 0xce, 0xf5, 0x1f, 0xff, 0xff, 0xff,
    0xff, 0xc0, 0x8, 0xff, 0xfe, 0xc3, 0x1f, 0xfd,
    0xdd, 0xdd, 0xdf, 0xc0, 0x2, 0x53, 0x0, 0x0,
    0x1f, 0xb0, 0x0, 0x0, 0xf, 0xc0, 0x0, 0x0,
    0x0, 0x0, 0x1f, 0xb0, 0x0, 0x0, 0xf, 0xc0,
    0x2, 0x57, 0xac, 0xe9, 0x1f, 0xb0, 0x0, 0x0,
    0xf, 0xc0, 0x3f, 0xff, 0xff, 0xe7, 0x1f, 0xfd,
    0xdd, 0xdd, 0xdf, 0xc0, 0x1b, 0x96, 0x31, 0x0,
    0x1f, 0xff, 0xff, 0xff, 0xff, 0xc0, 0x0, 0x0,
    0x0, 0x0, 0x1f, 0xb0, 0x0, 0x0, 0xf, 0xc0,

    /* U+7ED9 "给" */
    0x0, 0x0, 0x0, 0x0, 0x0, 0x0, 0x0, 0x0,
    0x0, 0x0, 0x0, 0x3, 0xf6, 0x0, 0x0, 0x1,
    0xfe, 0x0, 0x0, 0x0, 0x0, 0xa, 0xf2, 0x0,
    0x0, 0x8, 0xff, 0x80, 0x0, 0x0, 0x0, 0x2f,
    0xa0, 0x0, 0x0, 0x2f, 0xbd, 0xf2, 0x0, 0x0,
    0x0, 0xbf, 0x20, 0x0, 0x0, 0xdf, 0x24, 0xfd,
    0x0, 0x0, 0x4, 0xf9, 0x3, 0xa1, 0xa, 0xf8,
    0x0, 0x9f, 0xb0, 0x0, 0xd, 0xf1, 0xb, 0xf4,
    0x9f, 0xc0, 0x0, 0xd, 0xfa, 0x0, 0x8f, 0xc9,
    0xcf, 0xba, 0xfd, 0x10, 0x0, 0x1, 0xdf, 0xc1,
    0x9f, 0xff, 0xff, 0x6f, 0xeb, 0xdd, 0xdd, 0xdd,
    0xad, 0xf8, 0x25, 0x39, 0xf7, 0x9, 0x1b, 0xff,
    0xff, 0xff, 0x91, 0xb1, 0x0, 0x4f, 0xc0, 0x0,
    0x0, 0x0, 0x0, 0x0, 0x0, 0x0, 0x1, 0xef,
    0x20, 0x0, 0x0, 0x0, 0x0, 0x0, 0x0, 0x0,
    0xb, 0xf7, 0x14, 0x40, 0xbd, 0xdd, 0xdd, 0xdd,
    0xdb, 0x0, 0x5f, 0xff, 0xff, 0xa0, 0xdf, 0xff,
    0xff, 0xff, 0xfd, 0x0, 0x2f, 0xfc, 0xa8, 0x40,
    0xdf, 0x0, 0x0, 0x0, 0xfd, 0x0, 0x1, 0x0,
    0x0, 0x0, 0xdf, 0x0, 0x0, 0x0, 0xfd, 0x0,
    0x0, 0x0, 0x1, 0x30, 0xdf, 0x0, 0x0, 0x0,
    0xfd, 0x0, 0x36, 0x8b, 0xef, 0xe0, 0xdf, 0x0,
    0x0, 0x0, 0xfd, 0x0, 0xef, 0xff, 0xfe, 0xb0,
    0xdf, 0xdd, 0xdd, 0xdd, 0xfd, 0x0, 0x89, 0x63,
    0x10, 0x0, 0xdf, 0xff, 0xff, 0xff, 0xfd, 0x0,
    0x0, 0x0, 0x0, 0x0, 0xdf, 0x0, 0x0, 0x0,
    0xfd, 0x0, 0x0, 0x0, 0x0, 0x0, 0x0, 0x0,
    0x0, 0x0, 0x0, 0x0,

    /* U+7EDF "统" */
    0x0, 0x1, 0x82, 0x0, 0x0, 0x5, 0xb5, 0x0,
    0x0, 0x0, 0x0, 0x8, 0xf4, 0x0, 0x0, 0x5,
    0xfa, 0x0, 0x0, 0x0, 0x0, 0x1f, 0xc0, 0x0,
    0x0, 0x1, 0xff, 0x0, 0x0, 0x0, 0x0, 0x9f,
    0x40, 0xf, 0xff, 0xff, 0xff, 0xff, 0xff, 0xf3,
    0x2, 0xfc, 0x0, 0xd, 0xdd, 0xef, 0xfd, 0xdd,
    0xdd, 0xd2, 0xb, 0xf3, 0x8, 0xe3, 0x0, 0xaf,
    0x60, 0x0, 0x0, 0x0, 0x6f, 0xa3, 0x5f, 0xe0,
    0x6, 0xfa, 0x0, 0x9d, 0x0, 0x0, 0xbf, 0xff,
    0xff, 0x50, 0x3f, 0xd0, 0x0, 0x5f, 0xa0, 0x0,
    0x6a, 0x7a, 0xfb, 0x1, 0xee, 0x20, 0x0, 0x9,
    0xf6, 0x0, 0x0, 0x1f, 0xf1, 0xd, 0xfd, 0xbc,
    0xde, 0xff, 0xff, 0x20, 0x0, 0xbf, 0x60, 0xe,
    0xff, 0xff, 0xff, 0xfd, 0xbf, 0xc0, 0x8, 0xfa,
    0x0, 0x3, 0x38, 0xf6, 0x9, 0xf3, 0x8, 0x60,
    0x4f, 0xfa, 0xbd, 0x90, 0x8, 0xf5, 0x9, 0xf3,
    0x0, 0x0, 0x4f, 0xff, 0xec, 0x60, 0x9, 0xf4,
    0x9, 0xf3, 0x0, 0x0, 0x5, 0x31, 0x0, 0x0,
    0xb, 0xf2, 0x9, 0xf3, 0x0, 0x61, 0x0, 0x0,
    0x0, 0x10, 0xf, 0xe0, 0x9, 0xf3, 0x1, 0xf6,
    0x3, 0x69, 0xbe, 0xd0, 0x7f, 0x80, 0x9, 0xf3,
    0x2, 0xf6, 0xcf, 0xff, 0xff, 0xa6, 0xfe, 0x10,
    0x9, 0xf3, 0x4, 0xf5, 0x9b, 0x85, 0x21, 0xaf,
    0xf4, 0x0, 0x7, 0xff, 0xdf, 0xf3, 0x0, 0x0,
    0x1, 0xee, 0x40, 0x0, 0x1, 0xcf, 0xff, 0xa0,
    0x0, 0x0, 0x0, 0x31, 0x0, 0x0, 0x0, 0x0,
    0x0, 0x0,

    /* U+7EE7 "继" */
    0x0, 0x0, 0x0, 0x0, 0x0, 0x0, 0x0, 0x0,
    0x0, 0x0, 0x0, 0x0, 0x9, 0x90, 0x0, 0x0,
    0x0, 0xc, 0xf0, 0x0, 0x0, 0x0, 0x1, 0xfe,
    0x0, 0x8a, 0x0, 0x0, 0xdf, 0x0, 0x0, 0x0,
    0x0, 0x8f, 0x60, 0xd, 0xf4, 0x90, 0xd, 0xf0,
    0x7, 0x70, 0x0, 0x1f, 0xe0, 0x0, 0xdf, 0x4f,
    0x50, 0xdf, 0x1, 0xf9, 0x0, 0x8, 0xf6, 0x2,
    0xd, 0xf0, 0xbd, 0xd, 0xf0, 0x9f, 0x10, 0x2,
    0xfd, 0x0, 0xed, 0xdf, 0x3, 0xf6, 0xdf, 0x2f,
    0x80, 0x0, 0xcf, 0x64, 0x9f, 0x6d, 0xf0, 0x8,
    0x2d, 0xf1, 0x80, 0x0, 0xf, 0xff, 0xff, 0xd0,
    0xdf, 0x38, 0x88, 0xef, 0x88, 0x87, 0x0, 0x77,
    0x5d, 0xf3, 0xd, 0xf7, 0xff, 0xff, 0xff, 0xff,
    0xe0, 0x0, 0x6, 0xf9, 0x0, 0xdf, 0x13, 0x36,
    0xff, 0x33, 0x33, 0x0, 0x2, 0xfd, 0x0, 0xd,
    0xf0, 0x0, 0xcf, 0xf1, 0x0, 0x0, 0x1, 0xdf,
    0x30, 0x30, 0xdf, 0x0, 0x6f, 0xff, 0xd3, 0x0,
    0x0, 0x9f, 0xfe, 0xff, 0x3d, 0xf0, 0x3f, 0xad,
    0xff, 0xf6, 0x0, 0x8, 0xff, 0xca, 0x71, 0xdf,
    0x3e, 0xe1, 0xdf, 0x2d, 0xfa, 0x0, 0x11, 0x0,
    0x0, 0xd, 0xf7, 0xf3, 0xd, 0xf0, 0xb, 0xa0,
    0x0, 0x0, 0x0, 0x21, 0xdf, 0x4, 0x0, 0xdf,
    0x0, 0x0, 0x0, 0x58, 0xad, 0xff, 0x6d, 0xf0,
    0x0, 0xd, 0xf0, 0x0, 0x0, 0xf, 0xff, 0xff,
    0xf7, 0xdf, 0x0, 0x0, 0x0, 0x0, 0x0, 0x0,
    0xcc, 0xa7, 0x42, 0xd, 0xfd, 0xdd, 0xdd, 0xdd,
    0xdd, 0xd5, 0x0, 0x0, 0x0, 0x0, 0xdf, 0xff,
    0xff, 0xff, 0xff, 0xff, 0x60,

    /* U+7EEA "绪" */
    0x0, 0x3, 0x91, 0x0, 0x0, 0xa, 0x80, 0x0,
    0x0, 0x0, 0x0, 0xa, 0xf2, 0x0, 0x0, 0xf,
    0xc0, 0x0, 0x1, 0x0, 0x0, 0x2f, 0xa0, 0x0,
    0x0, 0xf, 0xc0, 0x0, 0xc, 0xd1, 0x0, 0xaf,
    0x20, 0x0, 0xdf, 0xff, 0xff, 0xff, 0x5f, 0xb0,
    0x3, 0xfa, 0x0, 0x0, 0xbd, 0xdf, 0xfd, 0xde,
    0xef, 0x20, 0xc, 0xf1, 0x8, 0xd3, 0x0, 0xf,
    0xc0, 0xc, 0xf7, 0x0, 0x6f, 0x93, 0x6f, 0xd0,
    0x0, 0xf, 0xc0, 0xaf, 0xb0, 0x0, 0xcf, 0xff,
    0xff, 0x5f, 0xff, 0xff, 0xff, 0xff, 0xff, 0xfa,
    0x8c, 0xab, 0xfb, 0xd, 0xdd, 0xdd, 0xff, 0xfd,
    0xdd, 0xd8, 0x0, 0x1e, 0xf2, 0x0, 0x0, 0xa,
    0xfd, 0x20, 0x0, 0x0, 0x0, 0xaf, 0x70, 0x0,
    0x4, 0xef, 0xc1, 0x0, 0x0, 0x0, 0x6, 0xfc,
    0x0, 0x1, 0x9f, 0xff, 0xff, 0xff, 0xff, 0x0,
    0x3f, 0xf8, 0x8b, 0x9e, 0xff, 0xd9, 0x99, 0x99,
    0xef, 0x0, 0x5f, 0xff, 0xff, 0x7c, 0x8f, 0x90,
    0x0, 0x0, 0xcf, 0x0, 0x1a, 0x75, 0x20, 0x0,
    0x2f, 0xc8, 0x88, 0x88, 0xef, 0x0, 0x0, 0x0,
    0x0, 0x0, 0x2f, 0xff, 0xff, 0xff, 0xff, 0x0,
    0x0, 0x14, 0x7a, 0x80, 0x2f, 0x90, 0x0, 0x0,
    0xcf, 0x0, 0x9e, 0xff, 0xff, 0xc0, 0x2f, 0x90,
    0x0, 0x0, 0xcf, 0x0, 0xae, 0xc9, 0x63, 0x0,
    0x2f, 0xff, 0xff, 0xff, 0xff, 0x0, 0x0, 0x0,
    0x0, 0x0, 0x2f, 0xc8, 0x88, 0x88, 0xef, 0x0,

    /* U+7EED "续" */
    0x0, 0x0, 0x71, 0x0, 0x0, 0x0, 0x58, 0x20,
    0x0, 0x0, 0x0, 0x6, 0xf6, 0x0, 0x0, 0x0,
    0x9f, 0x40, 0x0, 0x0, 0x0, 0xd, 0xe0, 0x0,
    0x88, 0x88, 0xdf, 0xa8, 0x88, 0x80, 0x0, 0x6f,
    0x60, 0x1, 0xff, 0xff, 0xff, 0xff, 0xff, 0xf0,
    0x0, 0xee, 0x0, 0x10, 0x0, 0x0, 0x9f, 0x40,
    0x0, 0x0, 0x8, 0xf6, 0x6, 0xf4, 0x0, 0x0,
    0x9f, 0x40, 0x0, 0x0, 0x2f, 0xc0, 0x2e, 0xea,
    0xff, 0xff, 0xff, 0xff, 0xff, 0xf7, 0x9f, 0xff,
    0xff, 0x65, 0x99, 0x99, 0x99, 0x99, 0x9b, 0xf6,
    0x6d, 0xbb, 0xfd, 0x0, 0x3c, 0x40, 0x7, 0xc2,
    0xa, 0xf1, 0x0, 0xc, 0xf3, 0x0, 0x2b, 0xfc,
    0x39, 0xf3, 0x1f, 0xa0, 0x0, 0x7f, 0x80, 0x0,
    0x50, 0x3c, 0x7a, 0xf2, 0x17, 0x30, 0x3, 0xfd,
    0x0, 0x4, 0xfc, 0x40, 0xa, 0xf2, 0x0, 0x0,
    0x1e, 0xf9, 0x9b, 0x80, 0x2a, 0xf9, 0xb, 0xf1,
    0x0, 0x0, 0x3f, 0xff, 0xff, 0x80, 0x0, 0x34,
    0xc, 0xf0, 0x0, 0x0, 0xa, 0x75, 0x20, 0xf,
    0xff, 0xff, 0xff, 0xff, 0xff, 0xfd, 0x0, 0x0,
    0x0, 0x9, 0x99, 0x99, 0xdf, 0xc9, 0x99, 0x97,
    0x0, 0x14, 0x69, 0x90, 0x0, 0x3, 0xff, 0xc3,
    0x0, 0x0, 0x7e, 0xff, 0xff, 0xd0, 0x0, 0x7f,
    0xfa, 0xff, 0xa2, 0x0, 0x7f, 0xda, 0x74, 0x24,
    0x9e, 0xfe, 0x40, 0x1a, 0xff, 0x91, 0x0, 0x0,
    0x0, 0x8f, 0xfe, 0x70, 0x0, 0x0, 0x3c, 0xf7,
    0x0, 0x0, 0x0, 0x18, 0x30, 0x0, 0x0, 0x0,
    0x0, 0x60,

    /* U+7EF4 "维" */
    0x0, 0x2, 0x50, 0x0, 0x3, 0x62, 0x0, 0x20,
    0x0, 0x0, 0x0, 0xa, 0xf3, 0x0, 0x9, 0xf6,
    0x6, 0xf6, 0x0, 0x0, 0x0, 0x2f, 0xb0, 0x0,
    0xd, 0xf1, 0x1, 0xfb, 0x0, 0x0, 0x0, 0xbf,
    0x20, 0x0, 0x3f, 0xb0, 0x0, 0xbf, 0x10, 0x0,
    0x3, 0xfa, 0x0, 0x0, 0x9f, 0xff, 0xff, 0xff,
    0xff, 0xf6, 0xc, 0xf2, 0xb, 0xc2, 0xff, 0xdd,
    0xdd, 0xff, 0xdd, 0xd5, 0x7f, 0x80, 0x4f, 0xb8,
    0xff, 0x0, 0x0, 0xfd, 0x0, 0x0, 0xef, 0xff,
    0xff, 0x4f, 0xff, 0x0, 0x0, 0xfd, 0x0, 0x0,
    0x9c, 0x9c, 0xf6, 0xcf, 0xff, 0xaa, 0xaa, 0xff,
    0xaa, 0xa0, 0x0, 0x2f, 0xb0, 0xcb, 0xdf, 0xff,
    0xff, 0xff, 0xff, 0xf0, 0x0, 0xde, 0x10, 0x11,
    0xdf, 0x0, 0x0, 0xfd, 0x0, 0x0, 0xa, 0xf4,
    0x13, 0x20, 0xdf, 0x0, 0x0, 0xfd, 0x0, 0x0,
    0x6f, 0xff, 0xff, 0x60, 0xdf, 0xdd, 0xdd, 0xff,
    0xdd, 0xd0, 0x6f, 0xfe, 0xb8, 0x20, 0xdf, 0xff,
    0xff, 0xff, 0xff, 0xf0, 0x14, 0x10, 0x0, 0x0,
    0xdf, 0x0, 0x0, 0xfd, 0x0, 0x0, 0x0, 0x0,
    0x0, 0x0, 0xdf, 0x0, 0x0, 0xfd, 0x0, 0x0,
    0x3, 0x69, 0xcf, 0x90, 0xdf, 0x0, 0x0, 0xfd,
    0x0, 0x0, 0xdf, 0xff, 0xff, 0xa0, 0xdf, 0xdd,
    0xdd, 0xff, 0xdd, 0xd8, 0xab, 0x96, 0x31, 0x0,
    0xdf, 0xff, 0xff, 0xff, 0xff, 0xf9, 0x0, 0x0,
    0x0, 0x0, 0xdf, 0x0, 0x0, 0x0, 0x0, 0x0,

    /* U+7EFF "绿" */
    0x0, 0x0, 0x92, 0x0, 0x0, 0x0, 0x0, 0x0,
    0x0, 0x0, 0x0, 0x0, 0x7f, 0x60, 0x19, 0x99,
    0x99, 0x99, 0x99, 0x80, 0x0, 0x0, 0xe, 0xe0,
    0x2, 0xff, 0xff, 0xff, 0xff, 0xfe, 0x0, 0x0,
    0x7, 0xf7, 0x0, 0x0, 0x0, 0x0, 0x0, 0xd,
    0xe0, 0x0, 0x1, 0xee, 0x0, 0x10, 0x0, 0x0,
    0x0, 0x0, 0xde, 0x0, 0x0, 0x9f, 0x60, 0x5f,
    0x4b, 0xff, 0xff, 0xff, 0xff, 0xe0, 0x0, 0x4f,
    0xc1, 0x3d, 0xe0, 0x69, 0x99, 0x99, 0x99, 0xee,
    0x0, 0x8, 0xff, 0xff, 0xf5, 0x0, 0x0, 0x0,
    0x0, 0xd, 0xe0, 0x0, 0x38, 0x57, 0xfb, 0xf,
    0xff, 0xff, 0xff, 0xff, 0xff, 0xfe, 0x0, 0x0,
    0xef, 0x20, 0x99, 0x99, 0x9d, 0xfa, 0x99, 0x99,
    0x80, 0x0, 0x9f, 0x60, 0x1, 0x90, 0x0, 0x9f,
    0x40, 0x0, 0x70, 0x0, 0x6f, 0xb0, 0x2, 0x5f,
    0xb0, 0x9, 0xfb, 0x1, 0xcf, 0x30, 0x1f, 0xfd,
    0xef, 0xb0, 0x7f, 0x80, 0xbf, 0xf6, 0xef, 0x50,
    0x0, 0xff, 0xfd, 0xa5, 0x0, 0x74, 0xdf, 0xff,
    0xfe, 0x30, 0x0, 0x4, 0x20, 0x0, 0x0, 0x7,
    0xff, 0xdf, 0x8f, 0xa0, 0x0, 0x0, 0x0, 0x0,
    0x0, 0x1b, 0xfd, 0x29, 0xf2, 0xbf, 0x90, 0x0,
    0x3, 0x68, 0xbd, 0x8e, 0xfa, 0x0, 0x9f, 0x20,
    0xcf, 0xb1, 0x8, 0xff, 0xff, 0xf7, 0xf5, 0x0,
    0xa, 0xf2, 0x0, 0xbf, 0xd0, 0x4a, 0x85, 0x20,
    0x1, 0x8, 0xaa, 0xff, 0x0, 0x0, 0x86, 0x0,
    0x0, 0x0, 0x0, 0x0, 0xaf, 0xfe, 0x70, 0x0,
    0x0, 0x0,

    /* U+7F51 "网" */
    0xcd, 0xdd, 0xdd, 0xdd, 0xdd, 0xdd, 0xdd, 0xdd,
    0xde, 0xff, 0xff, 0xff, 0xff, 0xff, 0xff, 0xff,
    0xff, 0xef, 0x0, 0x0, 0x0, 0x0, 0x0, 0x0,
    0xe, 0xfe, 0xf0, 0x10, 0x0, 0x53, 0x0, 0x0,
    0x40, 0xef, 0xef, 0x3e, 0x40, 0xe, 0xb2, 0x0,
    0x3f, 0x6e, 0xfe, 0xf0, 0xec, 0x4, 0xf8, 0xf5,
    0x9, 0xf1, 0xef, 0xef, 0x6, 0xf4, 0xae, 0xe,
    0xd0, 0xec, 0xe, 0xfe, 0xf0, 0xe, 0xdf, 0x90,
    0x6f, 0xaf, 0x60, 0xef, 0xef, 0x0, 0x7f, 0xf3,
    0x0, 0xef, 0xf0, 0xe, 0xfe, 0xf0, 0x1, 0xfe,
    0x0, 0x7, 0xf9, 0x0, 0xef, 0xef, 0x0, 0x6f,
    0xf4, 0x0, 0xaf, 0xd0, 0xe, 0xfe, 0xf0, 0xe,
    0xef, 0xc0, 0x2f, 0xef, 0x50, 0xef, 0xef, 0x6,
    0xf6, 0x9f, 0x4a, 0xf3, 0xed, 0xe, 0xfe, 0xf1,
    0xfe, 0x1, 0xd8, 0xf9, 0x7, 0xf5, 0xef, 0xef,
    0xaf, 0x50, 0x0, 0xdf, 0x10, 0xf, 0x9e, 0xfe,
    0xf5, 0xb0, 0x0, 0x1c, 0x70, 0x0, 0x30, 0xef,
    0xef, 0x0, 0x0, 0x0, 0x0, 0x0, 0x0, 0x1f,
    0xfe, 0xf0, 0x0, 0x0, 0x0, 0x0, 0xbd, 0xdf,
    0xfd, 0xef, 0x0, 0x0, 0x0, 0x0, 0xb, 0xff,
    0xfd, 0x41, 0x20, 0x0, 0x0, 0x0, 0x0, 0x0,
    0x0, 0x0,

    /* U+7F57 "罗" */
    0x0, 0xdd, 0xdd, 0xdd, 0xdd, 0xdd, 0xdd, 0xdd,
    0xdd, 0xc0, 0xf, 0xff, 0xff, 0xff, 0xff, 0xff,
    0xff, 0xff, 0xfe, 0x0, 0xfe, 0x0, 0xf, 0xd0,
    0x0, 0xfd, 0x0, 0xf, 0xe0, 0xf, 0xe0, 0x0,
    0xfd, 0x0, 0xf, 0xd0, 0x0, 0xfe, 0x0, 0xfe,
    0x0, 0xf, 0xd0, 0x0, 0xfd, 0x0, 0xf, 0xe0,
    0xf, 0xfd, 0xdd, 0xff, 0xdd, 0xdf, 0xfd, 0xdd,
    0xfe, 0x0, 0xff, 0xff, 0xff, 0xff, 0xff, 0xff,
    0xff, 0xff, 0xe0, 0x0, 0x0, 0x2, 0xff, 0x40,
    0x0, 0x0, 0x0, 0x0, 0x0, 0x0, 0x0, 0xdf,
    0x70, 0x0, 0x0, 0x0, 0x0, 0x0, 0x0, 0x0,
    0xcf, 0xff, 0xff, 0xff, 0xff, 0xff, 0xf1, 0x0,
    0x1, 0xcf, 0xc9, 0x99, 0x99, 0x99, 0x9d, 0xff,
    0x10, 0x2, 0xef, 0xf7, 0x0, 0x0, 0x0, 0x4,
    0xff, 0x60, 0x7, 0xff, 0xae, 0xfe, 0x60, 0x0,
    0x5, 0xff, 0x80, 0x1, 0xef, 0x50, 0x7, 0xef,
    0xd0, 0x8, 0xff, 0x70, 0x0, 0x3, 0x20, 0x0,
    0x1, 0x86, 0x4d, 0xff, 0x50, 0x0, 0x0, 0x0,
    0x0, 0x0, 0x5, 0xcf, 0xfb, 0x20, 0x0, 0x0,
    0x0, 0x0, 0x4, 0x9e, 0xff, 0xc4, 0x0, 0x0,
    0x0, 0x0, 0x26, 0xae, 0xff, 0xfa, 0x30, 0x0,
    0x0, 0x0, 0x0, 0x9, 0xff, 0xfb, 0x60, 0x0,
    0x0, 0x0, 0x0, 0x0, 0x0, 0x19, 0x40, 0x0,
    0x0, 0x0, 0x0, 0x0, 0x0, 0x0,

    /* U+7F6E "置" */
    0x1, 0xff, 0xff, 0xff, 0xff, 0xff, 0xff, 0xff,
    0xff, 0x90, 0x1, 0xfc, 0x22, 0x3f, 0xb2, 0x24,
    0xfa, 0x22, 0x5f, 0x90, 0x1, 0xfc, 0x0, 0xf,
    0xb0, 0x2, 0xf9, 0x0, 0x3f, 0x90, 0x1, 0xff,
    0xff, 0xff, 0xff, 0xff, 0xff, 0xff, 0xff, 0x90,
    0x0, 0x22, 0x22, 0x22, 0x2b, 0xf4, 0x22, 0x22,
    0x22, 0x10, 0x1, 0x22, 0x22, 0x22, 0x2b, 0xf4,
    0x22, 0x22, 0x22, 0x20, 0xc, 0xff, 0xff, 0xff,
    0xff, 0xff, 0xff, 0xff, 0xff, 0xf4, 0x0, 0x0,
    0x0, 0x0, 0xa, 0xf3, 0x0, 0x0, 0x0, 0x0,
    0x0, 0xa, 0xff, 0xff, 0xff, 0xff, 0xff, 0xff,
    0xf4, 0x0, 0x0, 0xa, 0xf7, 0x55, 0x55, 0x55,
    0x55, 0x5c, 0xf4, 0x0, 0x0, 0xa, 0xf4, 0x22,
    0x22, 0x22, 0x22, 0x2b, 0xf4, 0x0, 0x0, 0xa,
    0xff, 0xff, 0xff, 0xff, 0xff, 0xff, 0xf4, 0x0,
    0x0, 0xa, 0xf2, 0x0, 0x0, 0x0, 0x0, 0xa,
    0xf4, 0x0, 0x0, 0xa, 0xff, 0xff, 0xff, 0xff,
    0xff, 0xff, 0xf4, 0x0, 0x0, 0xa, 0xf2, 0x0,
    0x0, 0x0, 0x0, 0xa, 0xf4, 0x0, 0x0, 0xa,
    0xff, 0xff, 0xff, 0xff, 0xff, 0xff, 0xf4, 0x0,
    0x0, 0xa, 0xf4, 0x22, 0x22, 0x22, 0x22, 0x2b,
    0xf4, 0x0, 0x26, 0x6c, 0xf7, 0x66, 0x66, 0x66,
    0x66, 0x6c, 0xf8, 0x66, 0x7f, 0xff, 0xff, 0xff,
    0xff, 0xff, 0xff, 0xff, 0xff, 0xff,

    /* U+7FFB "翻" */
    0x0, 0x0, 0x0, 0x1, 0x32, 0x0, 0x0, 0x0,
    0x0, 0x0, 0x18, 0x9a, 0xbd, 0xff, 0xf9, 0x8b,
    0xbb, 0x4b, 0xbb, 0xb0, 0x2f, 0xed, 0xdf, 0x97,
    0x72, 0xbf, 0xff, 0x6f, 0xff, 0xf0, 0x4, 0xc0,
    0x6f, 0x22, 0xf4, 0x1, 0x1f, 0x51, 0x17, 0xf0,
    0x1, 0xf8, 0x6f, 0x2b, 0xd0, 0x11, 0xf, 0x63,
    0x6, 0xf0, 0x0, 0x77, 0x6f, 0x2a, 0x50, 0xd8,
    0xf, 0xaf, 0x16, 0xf0, 0x7f, 0xff, 0xff, 0xff,
    0xff, 0x8e, 0xf, 0x6f, 0x76, 0xf0, 0x37, 0x7e,
    0xff, 0xb7, 0x77, 0x2f, 0x4f, 0x59, 0xd6, 0xf0,
    0x0, 0x9f, 0x9f, 0xfc, 0x40, 0xd, 0x9f, 0x54,
    0xf9, 0xf0, 0x1b, 0xf6, 0x6f, 0x4a, 0xfb, 0x27,
    0x8f, 0x50, 0xba, 0xf0, 0xaf, 0x50, 0x25, 0x0,
    0x3b, 0x10, 0x3f, 0x50, 0x8, 0xf0, 0x3c, 0xff,
    0xff, 0xff, 0xf8, 0x5, 0xff, 0x50, 0x7f, 0xf0,
    0xa, 0xd6, 0x8f, 0x76, 0xe8, 0x7f, 0xef, 0x59,
    0xff, 0xf0, 0xa, 0xb0, 0x3f, 0x10, 0xe9, 0xfe,
    0x3f, 0xaf, 0xd7, 0xf0, 0xa, 0xd6, 0x8f, 0x76,
    0xe8, 0x82, 0xf, 0x5b, 0x16, 0xf0, 0xa, 0xff,
    0xff, 0xff, 0xf8, 0x0, 0xf, 0x50, 0x6, 0xf0,
    0xa, 0xb0, 0x3f, 0x10, 0xe8, 0x0, 0xf, 0x50,
    0x6, 0xf0, 0xa, 0xb1, 0x4f, 0x21, 0xe8, 0x0,
    0x2f, 0x50, 0x7, 0xf0, 0xa, 0xff, 0xff, 0xff,
    0xf8, 0x7d, 0xef, 0x4d, 0xdf, 0xf0, 0xa, 0xc5,
    0x55, 0x55, 0x52, 0x7f, 0xfc, 0xd, 0xfe, 0x80,

    /* U+8001 "老" */
    0x0, 0x0, 0x0, 0x0, 0x21, 0x0, 0x0, 0x0,
    0x0, 0x0, 0x0, 0x0, 0x0, 0x3, 0xfc, 0x0,
    0x0, 0x0, 0x1, 0x0, 0x0, 0x0, 0x0, 0x3,
    0xfc, 0x0, 0x0, 0x0, 0x3f, 0x60, 0x0, 0xf,
    0xff, 0xff, 0xff, 0xff, 0xff, 0x90, 0xdf, 0x50,
    0x0, 0xd, 0xdd, 0xde, 0xff, 0xdd, 0xdd, 0x8a,
    0xfa, 0x0, 0x0, 0x0, 0x0, 0x3, 0xfc, 0x0,
    0x0, 0x7f, 0xe1, 0x0, 0x0, 0x0, 0x0, 0x3,
    0xfc, 0x0, 0x6, 0xff, 0x30, 0x0, 0x0, 0x0,
    0x0, 0x3, 0xfc, 0x0, 0x7f, 0xf4, 0x0, 0x0,
    0x3f, 0xff, 0xff, 0xff, 0xff, 0xff, 0xff, 0xff,
    0xff, 0xff, 0x2d, 0xdd, 0xdd, 0xdd, 0xde, 0xff,
    0xfd, 0xdd, 0xdd, 0xdd, 0x0, 0x0, 0x0, 0x0,
    0x7f, 0xfc, 0x20, 0x0, 0x0, 0x0, 0x0, 0x0,
    0x0, 0x5d, 0xff, 0x70, 0x0, 0x0, 0x40, 0x0,
    0x0, 0x0, 0x5c, 0xff, 0x91, 0x0, 0x2, 0x8e,
    0xf3, 0x0, 0x1, 0x7d, 0xff, 0xf3, 0x0, 0x27,
    0xdf, 0xff, 0x92, 0x0, 0x5f, 0xff, 0xae, 0xf6,
    0x9d, 0xff, 0xfa, 0x50, 0x11, 0x0, 0x2e, 0x82,
    0xd, 0xff, 0xfd, 0x84, 0x0, 0x0, 0x8f, 0x50,
    0x0, 0x0, 0xd, 0xf6, 0x10, 0x0, 0x0, 0x0,
    0x9f, 0x40, 0x0, 0x0, 0xd, 0xf3, 0x0, 0x0,
    0x0, 0x0, 0xcf, 0x30, 0x0, 0x0, 0xa, 0xff,
    0xdd, 0xdd, 0xdd, 0xde, 0xff, 0x0, 0x0, 0x0,
    0x2, 0xcf, 0xff, 0xff, 0xff, 0xff, 0xd5, 0x0,

    /* U+8005 "者" */
    0x0, 0x0, 0x0, 0x1, 0x75, 0x0, 0x0, 0x0,
    0x0, 0x0, 0x0, 0x0, 0x0, 0x3, 0xfb, 0x0,
    0x0, 0x0, 0x2, 0x0, 0x0, 0x0, 0x0, 0x3,
    0xfb, 0x0, 0x0, 0x0, 0x5f, 0x70, 0x0, 0x5f,
    0xff, 0xff, 0xff, 0xff, 0xff, 0x83, 0xff, 0x40,
    0x0, 0x3a, 0xaa, 0xab, 0xfe, 0xaa, 0xaa, 0x8e,
    0xf6, 0x0, 0x0, 0x0, 0x0, 0x3, 0xfb, 0x0,
    0x4, 0xff, 0x70, 0x0, 0x0, 0x0, 0x0, 0x3,
    0xfb, 0x0, 0x6f, 0xf6, 0x0, 0x0, 0x4f, 0xff,
    0xff, 0xff, 0xff, 0xff, 0xff, 0xff, 0xff, 0xff,
    0x2a, 0xaa, 0xaa, 0xaa, 0xae, 0xff, 0xda, 0xaa,
    0xaa, 0xaa, 0x0, 0x0, 0x0, 0x2, 0xbf, 0xf8,
    0x0, 0x0, 0x0, 0x0, 0x0, 0x0, 0x2, 0xaf,
    0xfc, 0x30, 0x0, 0x0, 0x0, 0x0, 0x0, 0x4,
    0xbf, 0xff, 0xff, 0xff, 0xff, 0xff, 0xf2, 0x0,
    0x18, 0xef, 0xff, 0xa9, 0x99, 0x99, 0x99, 0x9e,
    0xf2, 0x0, 0x6f, 0xfa, 0xdf, 0x10, 0x0, 0x0,
    0x0, 0xb, 0xf2, 0x0, 0x6, 0x0, 0xcf, 0x99,
    0x99, 0x99, 0x99, 0x9d, 0xf2, 0x0, 0x0, 0x0,
    0xcf, 0xff, 0xff, 0xff, 0xff, 0xff, 0xf2, 0x0,
    0x0, 0x0, 0xcf, 0x10, 0x0, 0x0, 0x0, 0xb,
    0xf2, 0x0, 0x0, 0x0, 0xcf, 0x10, 0x0, 0x0,
    0x0, 0xb, 0xf2, 0x0, 0x0, 0x0, 0xcf, 0xff,
    0xff, 0xff, 0xff, 0xff, 0xf2, 0x0, 0x0, 0x0,
    0xcf, 0x99, 0x99, 0x99, 0x99, 0x9d, 0xf2, 0x0,

    /* U+80CC "背" */
    0x0, 0x0, 0x0, 0xfd, 0x0, 0xdf, 0x0, 0x0,
    0x0, 0x1, 0x22, 0x22, 0x2f, 0xd0, 0xd, 0xf0,
    0x3, 0x9f, 0x70, 0x8f, 0xff, 0xff, 0xfd, 0x0,
    0xdf, 0x8d, 0xff, 0xd5, 0x3, 0x77, 0x77, 0x7f,
    0xd0, 0xd, 0xff, 0xd8, 0x22, 0x20, 0x0, 0x0,
    0x0, 0xfd, 0x0, 0xdf, 0x20, 0x0, 0x8f, 0x30,
    0x26, 0x9c, 0xff, 0xd0, 0xd, 0xf1, 0x0, 0x9,
    0xf2, 0xdf, 0xff, 0xeb, 0xfd, 0x0, 0xbf, 0xdb,
    0xbb, 0xff, 0x9, 0x85, 0x20, 0xf, 0xd0, 0x4,
    0xdf, 0xff, 0xfe, 0x70, 0x0, 0x0, 0x0, 0x0,
    0x0, 0x0, 0x0, 0x0, 0x0, 0x0, 0xa, 0xaa,
    0xaa, 0xaa, 0xaa, 0xaa, 0xaa, 0xa0, 0x0, 0x0,
    0xff, 0xff, 0xff, 0xff, 0xff, 0xff, 0xff, 0x0,
    0x0, 0xf, 0xe0, 0x0, 0x0, 0x0, 0x0, 0xe,
    0xf0, 0x0, 0x0, 0xfe, 0x66, 0x66, 0x66, 0x66,
    0x66, 0xff, 0x0, 0x0, 0xf, 0xff, 0xff, 0xff,
    0xff, 0xff, 0xff, 0xf0, 0x0, 0x0, 0xfe, 0x0,
    0x0, 0x0, 0x0, 0x0, 0xef, 0x0, 0x0, 0xf,
    0xf7, 0x77, 0x77, 0x77, 0x77, 0x7f, 0xf0, 0x0,
    0x0, 0xff, 0xff, 0xff, 0xff, 0xff, 0xff, 0xff,
    0x0, 0x0, 0xf, 0xe0, 0x0, 0x0, 0x0, 0x0,
    0xf, 0xf0, 0x0, 0x0, 0xfe, 0x0, 0x0, 0x4,
    0xdd, 0xdf, 0xfd, 0x0, 0x0, 0xf, 0xe0, 0x0,
    0x0, 0x3f, 0xff, 0xfd, 0x40, 0x0, 0x0, 0x11,
    0x0, 0x0, 0x0, 0x0, 0x0, 0x0, 0x0, 0x0,

    /* U+80FD "能" */
    0x0, 0x1, 0xa3, 0x0, 0x0, 0x7, 0x90, 0x0,
    0x0, 0x0, 0x0, 0xa, 0xf6, 0x0, 0x0, 0xd,
    0xf0, 0x0, 0x5, 0x0, 0x0, 0x5f, 0xc0, 0x97,
    0x0, 0xd, 0xf0, 0x5, 0xdf, 0x50, 0x2, 0xff,
    0x20, 0xdf, 0x40, 0xd, 0xf5, 0xdf, 0xfa, 0x20,
    0x1d, 0xf5, 0x0, 0x5f, 0xe2, 0xd, 0xff, 0xf9,
    0x20, 0x0, 0x9f, 0xfe, 0xff, 0xff, 0xfc, 0xd,
    0xf7, 0x10, 0x9, 0xc0, 0x6d, 0xcb, 0x98, 0x76,
    0xcf, 0x4d, 0xf0, 0x0, 0xa, 0xf0, 0x0, 0x0,
    0x0, 0x0, 0x12, 0xd, 0xf2, 0x0, 0xd, 0xe0,
    0xb, 0xdd, 0xdd, 0xdd, 0xd0, 0xb, 0xff, 0xff,
    0xff, 0xb0, 0xd, 0xfd, 0xdd, 0xdf, 0xf0, 0x3,
    0xcd, 0xdd, 0xdb, 0x20, 0xd, 0xf0, 0x0, 0xd,
    0xf0, 0x5, 0x70, 0x0, 0x0, 0x0, 0xd, 0xf7,
    0x77, 0x7e, 0xf0, 0xd, 0xf1, 0x0, 0x2b, 0x20,
    0xd, 0xff, 0xff, 0xff, 0xf0, 0xd, 0xf1, 0x18,
    0xff, 0x90, 0xd, 0xf0, 0x0, 0xd, 0xf0, 0xd,
    0xf9, 0xff, 0xe7, 0x0, 0xd, 0xf8, 0x88, 0x8e,
    0xf0, 0xd, 0xff, 0xc5, 0x2, 0x20, 0xd, 0xff,
    0xff, 0xff, 0xf0, 0xd, 0xf3, 0x0, 0x8, 0xf2,
    0xd, 0xf0, 0x0, 0xd, 0xf0, 0xd, 0xf1, 0x0,
    0x9, 0xf1, 0xd, 0xf0, 0x0, 0xe, 0xf0, 0xd,
    0xf2, 0x0, 0xc, 0xf0, 0xd, 0xf0, 0xd, 0xef,
    0xf0, 0xb, 0xff, 0xdd, 0xef, 0xd0, 0xd, 0xf0,
    0xe, 0xff, 0x70, 0x4, 0xef, 0xff, 0xfd, 0x40,
    0x1, 0x10, 0x0, 0x0, 0x0, 0x0, 0x0, 0x0,
    0x0, 0x0,

    /* U+81EA "自" */
    0x0, 0x0, 0x0, 0x96, 0x0, 0x0, 0x0, 0x0,
    0x0, 0x0, 0x5f, 0xe0, 0x0, 0x0, 0x0, 0x0,
    0x0, 0xb, 0xf8, 0x0, 0x0, 0x0, 0xf, 0xff,
    0xff, 0xff, 0xff, 0xff, 0xff, 0xff, 0xff, 0xdd,
    0xdd, 0xdd, 0xdd, 0xdd, 0xdf, 0xff, 0xf0, 0x0,
    0x0, 0x0, 0x0, 0x0, 0xff, 0xff, 0x0, 0x0,
    0x0, 0x0, 0x0, 0xf, 0xff, 0xf0, 0x0, 0x0,
    0x0, 0x0, 0x0, 0xff, 0xff, 0xff, 0xff, 0xff,
    0xff, 0xff, 0xff, 0xff, 0xfd, 0xdd, 0xdd, 0xdd,
    0xdd, 0xdd, 0xff, 0xff, 0x0, 0x0, 0x0, 0x0,
    0x0, 0xf, 0xff, 0xf0, 0x0, 0x0, 0x0, 0x0,
    0x0, 0xff, 0xff, 0xdd, 0xdd, 0xdd, 0xdd, 0xdd,
    0xdf, 0xff, 0xff, 0xff, 0xff, 0xff, 0xff, 0xff,
    0xff, 0xff, 0x0, 0x0, 0x0, 0x0, 0x0, 0xf,
    0xff, 0xf0, 0x0, 0x0, 0x0, 0x0, 0x0, 0xff,
    0xff, 0x0, 0x0, 0x0, 0x0, 0x0, 0xf, 0xff,
    0xfd, 0xdd, 0xdd, 0xdd, 0xdd, 0xdd, 0xff, 0xff,
    0xff, 0xff, 0xff, 0xff, 0xff, 0xff, 0xff, 0xf0,
    0x0, 0x0, 0x0, 0x0, 0x0, 0xff, 0x1, 0x0,
    0x0, 0x0, 0x0, 0x0, 0x0, 0x0,

    /* U+822A "航" */
    0x0, 0x0, 0x0, 0x0, 0x0, 0x0, 0x0, 0x0,
    0x0, 0x0, 0x0, 0x0, 0x3, 0xf6, 0x0, 0x0,
    0x0, 0x9f, 0x30, 0x0, 0x0, 0x0, 0x0, 0x8f,
    0x40, 0x0, 0x0, 0x7, 0xf9, 0x0, 0x0, 0x0,
    0xa, 0xdf, 0xfd, 0xdd, 0x0, 0x0, 0x2f, 0xe0,
    0x0, 0x0, 0x0, 0xdf, 0xdd, 0xdf, 0xf3, 0xdd,
    0xdd, 0xff, 0xdd, 0xdd, 0x20, 0xd, 0xf0, 0x0,
    0x9f, 0x4f, 0xff, 0xff, 0xff, 0xff, 0xf3, 0x0,
    0xdf, 0x6d, 0x9, 0xf0, 0x0, 0x0, 0x0, 0x0,
    0x0, 0x0, 0xd, 0xf3, 0xf5, 0x9f, 0x0, 0x0,
    0x0, 0x0, 0x0, 0x0, 0x0, 0xdf, 0xd, 0xc9,
    0xf0, 0x0, 0x0, 0x0, 0x0, 0x0, 0x0, 0xd,
    0xf0, 0x7a, 0xaf, 0x0, 0xaf, 0xff, 0xff, 0xd0,
    0x0, 0x0, 0xdf, 0x0, 0x9, 0xf0, 0xa, 0xff,
    0xff, 0xfd, 0x0, 0x0, 0xef, 0xff, 0xff, 0xff,
    0x0, 0xaf, 0x0, 0xf, 0xd0, 0x0, 0xc, 0xff,
    0xdd, 0xdf, 0xf0, 0xa, 0xf0, 0x0, 0xfd, 0x0,
    0x0, 0xd, 0xf0, 0x20, 0x9f, 0x0, 0xaf, 0x0,
    0xf, 0xd0, 0x0, 0x0, 0xdf, 0x6f, 0x19, 0xf0,
    0xa, 0xf0, 0x0, 0xfd, 0x0, 0x0, 0xe, 0xe0,
    0xe9, 0x9f, 0x0, 0xbe, 0x0, 0xf, 0xd0, 0xa4,
    0x0, 0xfd, 0x7, 0xba, 0xf0, 0xe, 0xd0, 0x0,
    0xfd, 0xf, 0x80, 0x2f, 0xa0, 0x0, 0x9f, 0x2,
    0xfa, 0x0, 0xf, 0xd0, 0xf7, 0x6, 0xf7, 0x0,
    0xb, 0xf0, 0x9f, 0x50, 0x0, 0xfe, 0x2f, 0x60,
    0xbf, 0x27, 0xdd, 0xfe, 0x4f, 0xe0, 0x0, 0xe,
    0xff, 0xf5, 0xd, 0xb0, 0x6f, 0xfe, 0x58, 0xf4,
    0x0, 0x0, 0x6e, 0xeb, 0x0, 0x2, 0x0, 0x0,
    0x0, 0x4, 0x0, 0x0, 0x0, 0x0, 0x0,

    /* U+8282 "节" */
    0x0, 0x0, 0x4, 0x83, 0x0, 0x0, 0x58, 0x20,
    0x0, 0x0, 0x0, 0x0, 0x8, 0xf6, 0x0, 0x0,
    0xaf, 0x40, 0x0, 0x0, 0x0, 0x0, 0x8, 0xf6,
    0x0, 0x0, 0xaf, 0x40, 0x0, 0x0, 0xff, 0xff,
    0xff, 0xff, 0xff, 0xff, 0xff, 0xff, 0xff, 0xf7,
    0xff, 0xff, 0xff, 0xff, 0xff, 0xff, 0xff, 0xff,
    0xff, 0xf7, 0x0, 0x0, 0x8, 0xf6, 0x0, 0x0,
    0xaf, 0x40, 0x0, 0x0, 0x0, 0x0, 0x8, 0xf6,
    0x0, 0x0, 0xaf, 0x40, 0x0, 0x0, 0x0, 0x0,
    0x0, 0x0, 0x0, 0x0, 0x0, 0x0, 0x0, 0x0,
    0xe, 0xee, 0xee, 0xee, 0xee, 0xee, 0xee, 0xee,
    0xe5, 0x0, 0x1f, 0xff, 0xff, 0xff, 0xff, 0xff,
    0xff, 0xff, 0xf5, 0x0, 0x0, 0x0, 0x0, 0x9f,
    0x60, 0x0, 0x0, 0xa, 0xf5, 0x0, 0x0, 0x0,
    0x0, 0x9f, 0x60, 0x0, 0x0, 0xa, 0xf4, 0x0,
    0x0, 0x0, 0x0, 0x9f, 0x60, 0x0, 0x0, 0xb,
    0xf4, 0x0, 0x0, 0x0, 0x0, 0x9f, 0x60, 0x0,
    0x0, 0xc, 0xf3, 0x0, 0x0, 0x0, 0x0, 0x9f,
    0x60, 0x0, 0x0, 0xd, 0xf2, 0x0, 0x0, 0x0,
    0x0, 0x9f, 0x60, 0x0, 0x0, 0x5f, 0xf0, 0x0,
    0x0, 0x0, 0x0, 0x9f, 0x60, 0xef, 0xff, 0xff,
    0xc0, 0x0, 0x0, 0x0, 0x0, 0x9f, 0x60, 0xae,
    0xee, 0xd9, 0x10, 0x0, 0x0, 0x0, 0x0, 0x9f,
    0x60, 0x0, 0x0, 0x0, 0x0, 0x0, 0x0, 0x0,
    0x0, 0x9f, 0x60, 0x0, 0x0, 0x0, 0x0, 0x0,

    /* U+82F1 "英" */
    0x0, 0x0, 0x0, 0xcc, 0x0, 0x0, 0x4, 0xd8,
    0x0, 0x0, 0x0, 0x0, 0x0, 0xf, 0xf0, 0x0,
    0x0, 0x5f, 0x90, 0x0, 0x0, 0xb, 0xdd, 0xdd,
    0xff, 0xdd, 0xdd, 0xde, 0xff, 0xdd, 0xdc, 0x0,
    0xef, 0xff, 0xff, 0xff, 0xff, 0xff, 0xff, 0xff,
    0xff, 0xf0, 0x0, 0x0, 0x0, 0xff, 0x0, 0x0,
    0x5, 0xf9, 0x0, 0x0, 0x0, 0x0, 0x0, 0x9,
    0x90, 0x2f, 0xb0, 0x3a, 0x60, 0x0, 0x0, 0x0,
    0x0, 0x0, 0x0, 0x2, 0xfb, 0x0, 0x0, 0x0,
    0x0, 0x0, 0x0, 0x8d, 0xdd, 0xdd, 0xdf, 0xfd,
    0xdd, 0xdd, 0xd2, 0x0, 0x0, 0x9, 0xff, 0xff,
    0xff, 0xff, 0xff, 0xff, 0xff, 0x30, 0x0, 0x0,
    0x9f, 0x40, 0x0, 0x2f, 0xb0, 0x0, 0xa, 0xf3,
    0x0, 0x0, 0x9, 0xf4, 0x0, 0x2, 0xfb, 0x0,
    0x0, 0xaf, 0x30, 0x0, 0x0, 0x9f, 0x40, 0x0,
    0x2f, 0xb0, 0x0, 0xa, 0xf3, 0x0, 0xd, 0xde,
    0xfe, 0xdd, 0xdd, 0xff, 0xdd, 0xdd, 0xff, 0xdd,
    0x20, 0xff, 0xff, 0xff, 0xff, 0xff, 0xff, 0xff,
    0xff, 0xff, 0xf2, 0x0, 0x0, 0x0, 0x0, 0xd,
    0xff, 0x70, 0x0, 0x0, 0x0, 0x0, 0x0, 0x0,
    0x0, 0x1b, 0xfb, 0xdf, 0x70, 0x0, 0x0, 0x0,
    0x0, 0x0, 0x0, 0x6e, 0xfc, 0x2, 0xef, 0xb3,
    0x0, 0x0, 0x0, 0x0, 0x38, 0xef, 0xf8, 0x0,
    0x2, 0xcf, 0xfc, 0x61, 0x0, 0xa, 0xef, 0xff,
    0xa2, 0x0, 0x0, 0x0, 0x7e, 0xff, 0xfd, 0x20,
    0x9f, 0xc6, 0x10, 0x0, 0x0, 0x0, 0x0, 0x4,
    0xae, 0xd0, 0x1, 0x10, 0x0, 0x0, 0x0, 0x0,
    0x0, 0x0, 0x0, 0x1, 0x0,

    /* U+82F9 "苹" */
    0x0, 0x0, 0x0, 0xcb, 0x0, 0x0, 0xd, 0xa0,
    0x0, 0x0, 0x0, 0x0, 0x0, 0xfe, 0x0, 0x0,
    0xf, 0xc0, 0x0, 0x0, 0x2e, 0xee, 0xee, 0xff,
    0xee, 0xee, 0xef, 0xfe, 0xee, 0xee, 0x1c, 0xcc,
    0xcc, 0xff, 0xcc, 0xcc, 0xcf, 0xfc, 0xcc, 0xcc,
    0x0, 0x0, 0x0, 0xfe, 0x0, 0x0, 0xf, 0xc0,
    0x0, 0x0, 0x0, 0x0, 0x0, 0x55, 0x0, 0x0,
    0x5, 0x40, 0x0, 0x0, 0x1, 0xdd, 0xdd, 0xdd,
    0xdd, 0xdd, 0xdd, 0xdd, 0xdd, 0xd0, 0x1, 0xff,
    0xff, 0xff, 0xff, 0xff, 0xff, 0xff, 0xff, 0xf0,
    0x0, 0x0, 0x40, 0x0, 0x7, 0xf5, 0x0, 0x0,
    0x60, 0x0, 0x0, 0xb, 0xf4, 0x0, 0x7, 0xf5,
    0x0, 0x7, 0xf9, 0x0, 0x0, 0x3, 0xff, 0x20,
    0x7, 0xf5, 0x0, 0x5f, 0xe2, 0x0, 0x0, 0x0,
    0x5f, 0xe1, 0x7, 0xf5, 0x3, 0xff, 0x30, 0x0,
    0x0, 0x0, 0x8, 0xf5, 0x7, 0xf5, 0xa, 0xf4,
    0x0, 0x0, 0x0, 0x0, 0x0, 0x40, 0x7, 0xf5,
    0x0, 0x30, 0x0, 0x0, 0x1f, 0xff, 0xff, 0xff,
    0xff, 0xff, 0xff, 0xff, 0xff, 0xff, 0x1d, 0xdd,
    0xdd, 0xdd, 0xde, 0xfe, 0xdd, 0xdd, 0xdd, 0xdc,
    0x0, 0x0, 0x0, 0x0, 0x7, 0xf5, 0x0, 0x0,
    0x0, 0x0, 0x0, 0x0, 0x0, 0x0, 0x7, 0xf5,
    0x0, 0x0, 0x0, 0x0, 0x0, 0x0, 0x0, 0x0,
    0x7, 0xf5, 0x0, 0x0, 0x0, 0x0, 0x0, 0x0,
    0x0, 0x0, 0x7, 0xf5, 0x0, 0x0, 0x0, 0x0,

    /* U+8350 "荐" */
    0x0, 0x0, 0x0, 0x97, 0x0, 0x0, 0x8, 0x80,
    0x0, 0x0, 0x0, 0x0, 0x0, 0xf, 0xb0, 0x0,
    0x0, 0xee, 0x0, 0x0, 0x0, 0x2e, 0xee, 0xee,
    0xff, 0xee, 0xee, 0xef, 0xfe, 0xee, 0xed, 0x2,
    0xcc, 0xcc, 0xcf, 0xfc, 0xcc, 0xcc, 0xff, 0xcc,
    0xcc, 0xb0, 0x0, 0x0, 0x0, 0xfc, 0x0, 0x0,
    0xe, 0xe0, 0x0, 0x0, 0x0, 0x0, 0x0, 0x0,
    0xcf, 0x20, 0x0, 0x22, 0x0, 0x0, 0x0, 0xd,
    0xdd, 0xdd, 0xdf, 0xfd, 0xdd, 0xdd, 0xdd, 0xdd,
    0xdd, 0x0, 0xff, 0xff, 0xff, 0xff, 0xff, 0xff,
    0xff, 0xff, 0xff, 0xf0, 0x0, 0x0, 0x7, 0xfa,
    0x0, 0x0, 0x0, 0x0, 0x0, 0x0, 0x0, 0x0,
    0x3, 0xfe, 0x16, 0x99, 0x99, 0x99, 0x99, 0x99,
    0x10, 0x0, 0x2, 0xef, 0x20, 0xaf, 0xff, 0xff,
    0xff, 0xff, 0xf1, 0x0, 0x2, 0xef, 0xc0, 0x0,
    0x0, 0x0, 0x0, 0x9f, 0xe4, 0x0, 0x4, 0xef,
    0xfc, 0x0, 0x0, 0x0, 0x2, 0xdf, 0xb1, 0x0,
    0x5, 0xff, 0x8f, 0xc0, 0x0, 0x0, 0x0, 0xef,
    0x70, 0x0, 0x0, 0x4f, 0x61, 0xfc, 0xf, 0xff,
    0xff, 0xff, 0xff, 0xff, 0xff, 0x20, 0x30, 0x1f,
    0xc0, 0x89, 0x99, 0x99, 0xff, 0x99, 0x99, 0x91,
    0x0, 0x1, 0xfc, 0x0, 0x0, 0x0, 0xf, 0xe0,
    0x0, 0x0, 0x0, 0x0, 0x1f, 0xc0, 0x0, 0x0,
    0x1, 0xfe, 0x0, 0x0, 0x0, 0x0, 0x1, 0xfc,
    0x0, 0x9, 0xdd, 0xff, 0xc0, 0x0, 0x0, 0x0,
    0x0, 0x1f, 0xc0, 0x0, 0x7c, 0xcc, 0xa3, 0x0,
    0x0, 0x0,

    /* U+83DC "菜" */
    0x0, 0x0, 0x0, 0x9a, 0x0, 0x0, 0x1a, 0x70,
    0x0, 0x0, 0x0, 0x0, 0x0, 0xd, 0xf0, 0x0,
    0x1, 0xfb, 0x0, 0x0, 0x0, 0x1e, 0xee, 0xee,
    0xff, 0xee, 0xee, 0xef, 0xfe, 0xee, 0xee, 0x1,
    0xbb, 0xbb, 0xbf, 0xfb, 0xbb, 0xbb, 0xfe, 0xbb,
    0xbb, 0xb0, 0x0, 0x0, 0x0, 0xdf, 0x0, 0x0,
    0x1d, 0x90, 0x0, 0x0, 0x0, 0x1, 0x12, 0x24,
    0x54, 0x55, 0x67, 0x89, 0xab, 0xc9, 0x0, 0x2,
    0xff, 0xff, 0xff, 0xff, 0xff, 0xff, 0xff, 0xed,
    0x80, 0x0, 0x9, 0x8a, 0x77, 0x66, 0xba, 0x32,
    0x10, 0x7, 0x20, 0x0, 0x0, 0xb, 0xf3, 0x0,
    0xd, 0xf3, 0x0, 0x7, 0xfc, 0x0, 0x0, 0x0,
    0x4f, 0xe2, 0x0, 0x2f, 0xe0, 0x4, 0xfe, 0x10,
    0x0, 0x0, 0x0, 0x6f, 0x70, 0x2, 0x84, 0x2,
    0xff, 0x30, 0x0, 0x0, 0x0, 0x0, 0x30, 0x0,
    0x8f, 0x50, 0x4, 0x40, 0x0, 0x0, 0xc, 0xdd,
    0xdd, 0xdd, 0xde, 0xfe, 0xdd, 0xdd, 0xdd, 0xda,
    0x0, 0xff, 0xff, 0xff, 0xff, 0xff, 0xff, 0xff,
    0xff, 0xff, 0xd0, 0x0, 0x0, 0x0, 0x6, 0xff,
    0xff, 0xe4, 0x0, 0x0, 0x0, 0x0, 0x0, 0x0,
    0x3b, 0xfc, 0xaf, 0x8e, 0xfa, 0x20, 0x0, 0x0,
    0x0, 0x4, 0xbf, 0xf8, 0x8, 0xf5, 0x1a, 0xff,
    0xa3, 0x0, 0x1, 0x9e, 0xff, 0xa2, 0x0, 0x8f,
    0x50, 0x3, 0xcf, 0xfd, 0x80, 0xe, 0xfa, 0x20,
    0x0, 0x8, 0xf5, 0x0, 0x0, 0x4b, 0xfd, 0x0,
    0x30, 0x0, 0x0, 0x0, 0x8f, 0x50, 0x0, 0x0,
    0x1, 0x20,

    /* U+84DD "蓝" */
    0x0, 0x0, 0x0, 0x7a, 0x10, 0x0, 0x8, 0xa0,
    0x0, 0x0, 0x0, 0x33, 0x33, 0x3c, 0xf5, 0x33,
    0x33, 0xef, 0x33, 0x33, 0x30, 0xf, 0xff, 0xff,
    0xff, 0xff, 0xff, 0xff, 0xff, 0xff, 0xff, 0x40,
    0x77, 0x77, 0x7d, 0xf9, 0x77, 0x77, 0xef, 0x77,
    0x77, 0x72, 0x0, 0x0, 0x0, 0x8b, 0x10, 0x0,
    0x9, 0xb0, 0x0, 0x0, 0x0, 0x0, 0x10, 0x1,
    0x96, 0x0, 0xb, 0x80, 0x0, 0x0, 0x0, 0x0,
    0x6f, 0x60, 0x3f, 0xb0, 0x4, 0xfb, 0x22, 0x22,
    0x22, 0x0, 0x6, 0xf6, 0x3, 0xfb, 0x0, 0xbf,
    0xff, 0xff, 0xff, 0xf1, 0x0, 0x6f, 0x60, 0x3f,
    0xb0, 0x2f, 0xd6, 0x86, 0x66, 0x66, 0x0, 0x6,
    0xf6, 0x3, 0xfb, 0xb, 0xf5, 0x1f, 0xc3, 0x0,
    0x0, 0x0, 0x6f, 0x60, 0x3f, 0xb6, 0xfc, 0x0,
    0x8f, 0xf8, 0x0, 0x0, 0x5, 0xd5, 0x3, 0xfb,
    0x3d, 0x20, 0x0, 0x3d, 0xf3, 0x0, 0x0, 0x0,
    0x0, 0x0, 0x0, 0x0, 0x0, 0x0, 0x4, 0x0,
    0x0, 0x0, 0x99, 0x99, 0x99, 0x99, 0x99, 0x99,
    0x99, 0x93, 0x0, 0x0, 0xf, 0xff, 0xff, 0xff,
    0xff, 0xff, 0xff, 0xff, 0x50, 0x0, 0x0, 0xfe,
    0x0, 0x6f, 0x50, 0xf, 0xa0, 0x8, 0xf5, 0x0,
    0x0, 0xf, 0xe0, 0x6, 0xf5, 0x0, 0xfa, 0x0,
    0x8f, 0x50, 0x0, 0x0, 0xfe, 0x0, 0x6f, 0x50,
    0xf, 0xa0, 0x8, 0xf5, 0x0, 0xd, 0xdf, 0xfd,
    0xde, 0xfe, 0xdd, 0xff, 0xdd, 0xef, 0xed, 0x40,
    0xff, 0xff, 0xff, 0xff, 0xff, 0xff, 0xff, 0xff,
    0xff, 0xf5,

    /* U+8702 "蜂" */
    0x0, 0x6, 0xa0, 0x0, 0x0, 0x2, 0xa3, 0x0,
    0x0, 0x0, 0x0, 0x0, 0x9f, 0x0, 0x0, 0x0,
    0xbf, 0x40, 0x0, 0x0, 0x0, 0x0, 0x9, 0xf0,
    0x0, 0x0, 0x7f, 0xfe, 0xee, 0xee, 0x70, 0x0,
    0x0, 0x9f, 0x0, 0x0, 0x4f, 0xf8, 0x88, 0x8d,
    0xf6, 0x0, 0x2f, 0xff, 0xff, 0xf2, 0x4f, 0xff,
    0x60, 0x4, 0xfb, 0x0, 0x2, 0xfd, 0xef, 0xdf,
    0x2b, 0xf5, 0xaf, 0x76, 0xfb, 0x0, 0x0, 0x2f,
    0x8, 0xe0, 0xf2, 0x3, 0x0, 0xcf, 0xfd, 0x20,
    0x0, 0x2, 0xf0, 0x8e, 0xf, 0x20, 0x28, 0xef,
    0xba, 0xff, 0xda, 0x70, 0x2f, 0x8, 0xe0, 0xf2,
    0xaf, 0xfb, 0x47, 0x82, 0x9f, 0xfe, 0x2, 0xf0,
    0x8e, 0xf, 0x25, 0x82, 0x0, 0xce, 0x0, 0x4,
    0x50, 0x2f, 0x8, 0xe0, 0xf2, 0x1, 0x11, 0x1c,
    0xe1, 0x11, 0x10, 0x2, 0xff, 0xff, 0xff, 0x20,
    0xff, 0xff, 0xff, 0xff, 0xff, 0x40, 0x2d, 0xde,
    0xfd, 0xd2, 0x7, 0x77, 0x7e, 0xf7, 0x77, 0x72,
    0x0, 0x0, 0x9f, 0x0, 0x0, 0x46, 0x66, 0xde,
    0x66, 0x66, 0x0, 0x0, 0x9, 0xf2, 0xf8, 0xb,
    0xff, 0xff, 0xff, 0xff, 0xe0, 0x0, 0x0, 0x9f,
    0xf, 0xd0, 0x0, 0x0, 0xce, 0x0, 0x0, 0x0,
    0x0, 0xa, 0xf8, 0xef, 0x47, 0x77, 0x7e, 0xf7,
    0x77, 0x77, 0x6, 0xdf, 0xff, 0xff, 0xfb, 0xff,
    0xff, 0xff, 0xff, 0xff, 0xf0, 0x5a, 0x86, 0x42,
    0x5f, 0xc0, 0x0, 0xc, 0xe0, 0x0, 0x0, 0x0,
    0x0, 0x0, 0x0, 0x42, 0x0, 0x0, 0xce, 0x0,
    0x0, 0x0,

    /* U+87BA "螺" */
    0x0, 0x3, 0x70, 0x0, 0x0, 0x0, 0x0, 0x0,
    0x0, 0x0, 0x0, 0x0, 0x8f, 0x0, 0xa, 0xff,
    0xff, 0xff, 0xff, 0xff, 0x0, 0x0, 0x8, 0xf0,
    0x0, 0xaf, 0x77, 0x7f, 0xd7, 0x7c, 0xf0, 0x0,
    0x0, 0x8f, 0x0, 0xa, 0xf0, 0x0, 0xfa, 0x0,
    0xaf, 0x0, 0x2f, 0xff, 0xff, 0xf4, 0xaf, 0x88,
    0x8f, 0xd8, 0x8d, 0xf0, 0x2, 0xfe, 0xff, 0xef,
    0x4a, 0xfd, 0xdd, 0xff, 0xdd, 0xff, 0x0, 0x2f,
    0x7, 0xe0, 0xe4, 0xaf, 0x0, 0xf, 0xa0, 0xa,
    0xf0, 0x2, 0xf0, 0x7e, 0xe, 0x4a, 0xf6, 0x66,
    0xfc, 0x66, 0xcf, 0x0, 0x2f, 0x7, 0xe0, 0xe4,
    0xaf, 0xff, 0xff, 0xff, 0xff, 0xf0, 0x2, 0xf0,
    0x7e, 0xe, 0x40, 0x3, 0xbe, 0x70, 0x2a, 0x80,
    0x0, 0x2f, 0xde, 0xfd, 0xf4, 0x1c, 0xff, 0xaa,
    0xcf, 0xd3, 0x0, 0x2, 0xff, 0xff, 0xff, 0x41,
    0xdc, 0xcf, 0xff, 0x87, 0x20, 0x0, 0x0, 0x8,
    0xf0, 0x0, 0x0, 0x4d, 0xfb, 0x20, 0xed, 0x10,
    0x0, 0x0, 0x8f, 0x6, 0x2, 0xaf, 0xd5, 0x12,
    0x38, 0xfb, 0x0, 0x0, 0x8, 0xf0, 0xf4, 0xdf,
    0xff, 0xff, 0xff, 0xff, 0xf8, 0x0, 0x0, 0x8f,
    0xc, 0x74, 0x57, 0x43, 0xfd, 0x14, 0x9, 0x60,
    0x24, 0x6c, 0xfc, 0xfb, 0x8, 0xf4, 0xf, 0xd2,
    0xfc, 0x10, 0xa, 0xff, 0xfd, 0xbb, 0xec, 0xfb,
    0x11, 0xfd, 0x6, 0xff, 0x60, 0x34, 0x10, 0x0,
    0x2f, 0xf8, 0x8d, 0xff, 0xc0, 0x3, 0xdf, 0x30,
    0x0, 0x0, 0x0, 0x83, 0x6, 0xff, 0xe5, 0x0,
    0x1, 0x60,

    /* U+884C "行" */
    0x0, 0x0, 0x1, 0x0, 0x0, 0x0, 0x0, 0x0,
    0x0, 0x0, 0x0, 0x0, 0x2e, 0x80, 0x0, 0x0,
    0x0, 0x0, 0x0, 0x0, 0x0, 0x2, 0xef, 0x80,
    0x2f, 0xff, 0xff, 0xff, 0xff, 0xf2, 0x0, 0x2e,
    0xf9, 0x0, 0x1e, 0xee, 0xee, 0xee, 0xee, 0xe1,
    0x3, 0xef, 0x90, 0x0, 0x0, 0x0, 0x0, 0x0,
    0x0, 0x0, 0x5f, 0xf7, 0x0, 0x0, 0x0, 0x0,
    0x0, 0x0, 0x0, 0x0, 0x5f, 0x50, 0x8, 0x30,
    0x0, 0x0, 0x0, 0x0, 0x0, 0x0, 0x2, 0x0,
    0x5f, 0xd0, 0x0, 0x0, 0x0, 0x0, 0x0, 0x0,
    0x0, 0x3, 0xff, 0x31, 0xee, 0xee, 0xee, 0xee,
    0xee, 0xee, 0x0, 0x2e, 0xf5, 0x1, 0xff, 0xff,
    0xff, 0xff, 0xff, 0xff, 0x2, 0xef, 0xf0, 0x0,
    0x0, 0x0, 0x0, 0x5f, 0x90, 0x0, 0x2e, 0xff,
    0xf0, 0x0, 0x0, 0x0, 0x0, 0x5f, 0x90, 0x0,
    0xcf, 0x7e, 0xf0, 0x0, 0x0, 0x0, 0x0, 0x5f,
    0x90, 0x0, 0x67, 0xe, 0xf0, 0x0, 0x0, 0x0,
    0x0, 0x5f, 0x90, 0x0, 0x0, 0xe, 0xf0, 0x0,
    0x0, 0x0, 0x0, 0x5f, 0x90, 0x0, 0x0, 0xe,
    0xf0, 0x0, 0x0, 0x0, 0x0, 0x5f, 0x90, 0x0,
    0x0, 0xe, 0xf0, 0x0, 0x0, 0x0, 0x0, 0x6f,
    0x90, 0x0, 0x0, 0xe, 0xf0, 0x0, 0x0, 0x22,
    0x23, 0xbf, 0x80, 0x0, 0x0, 0xe, 0xf0, 0x0,
    0x0, 0xdf, 0xff, 0xff, 0x40, 0x0, 0x0, 0xe,
    0xf0, 0x0, 0x0, 0x8c, 0xcc, 0xb6, 0x0, 0x0,

    /* U+8854 "衔" */
    0x0, 0x0, 0x5, 0x0, 0x38, 0x20, 0x0, 0x0,
    0x0, 0x0, 0x0, 0x0, 0x8, 0xf7, 0xa, 0xf3,
    0x0, 0x0, 0x0, 0x0, 0x0, 0x0, 0x4, 0xfd,
    0x1, 0xfe, 0x0, 0x0, 0x6f, 0xff, 0xff, 0x50,
    0x3, 0xfe, 0x20, 0x8f, 0xff, 0xff, 0x5, 0xdd,
    0xdd, 0xd4, 0x2, 0xee, 0x30, 0x1f, 0xfd, 0xdd,
    0xd0, 0x0, 0x0, 0x0, 0x1, 0xee, 0x30, 0x8,
    0xf8, 0x0, 0x0, 0x0, 0x0, 0x0, 0x0, 0x7,
    0x20, 0x3d, 0x38, 0x54, 0x44, 0x30, 0x0, 0x0,
    0x0, 0x0, 0x0, 0xc, 0xe4, 0xff, 0xff, 0xfa,
    0xd, 0xdd, 0xdd, 0xda, 0x0, 0x7, 0xf6, 0x3,
    0x9f, 0x63, 0x20, 0xff, 0xff, 0xff, 0xd0, 0x3,
    0xff, 0x0, 0x7, 0xf3, 0x0, 0x0, 0x0, 0xfd,
    0x0, 0x1, 0xef, 0xf0, 0x0, 0x7f, 0x30, 0x0,
    0x0, 0xf, 0xd0, 0x0, 0xcf, 0xff, 0xa, 0xac,
    0xfb, 0xaa, 0x20, 0x0, 0xfd, 0x0, 0x6f, 0x9d,
    0xf0, 0xff, 0xff, 0xff, 0xf4, 0x0, 0xf, 0xd0,
    0x0, 0x90, 0xdf, 0x0, 0x7, 0xf3, 0x0, 0x0,
    0x0, 0xfd, 0x0, 0x0, 0xd, 0xf0, 0x0, 0x7f,
    0x30, 0x0, 0x0, 0xf, 0xd0, 0x0, 0x0, 0xdf,
    0x0, 0x7, 0xf3, 0x18, 0x0, 0x0, 0xfd, 0x0,
    0x0, 0xd, 0xf0, 0x0, 0x7f, 0x9f, 0xf0, 0x0,
    0xf, 0xd0, 0x0, 0x0, 0xdf, 0x0, 0xa, 0xff,
    0xc3, 0x0, 0x4, 0xfd, 0x0, 0x0, 0xd, 0xf0,
    0x0, 0xae, 0x60, 0xb, 0xff, 0xff, 0xa0, 0x0,
    0x0, 0xdf, 0x0, 0x1, 0x0, 0x0, 0x2d, 0xdd,
    0xa2, 0x0,

    /* U+8868 "表" */
    0x0, 0x0, 0x0, 0x0, 0x2, 0xb7, 0x0, 0x0,
    0x0, 0x0, 0x0, 0x0, 0x0, 0x0, 0x0, 0x3f,
    0xa0, 0x0, 0x0, 0x0, 0x0, 0x2, 0x99, 0x99,
    0x99, 0x9a, 0xfd, 0x99, 0x99, 0x99, 0x96, 0x0,
    0x4f, 0xff, 0xff, 0xff, 0xff, 0xff, 0xff, 0xff,
    0xff, 0xa0, 0x0, 0x0, 0x0, 0x0, 0x3, 0xfa,
    0x0, 0x0, 0x0, 0x0, 0x0, 0x0, 0x0, 0x0,
    0x0, 0x3f, 0xa0, 0x0, 0x0, 0x0, 0x0, 0x0,
    0x5f, 0xff, 0xff, 0xff, 0xff, 0xff, 0xff, 0xff,
    0xc0, 0x0, 0x3, 0x99, 0x99, 0x99, 0xbf, 0xd9,
    0x99, 0x99, 0x97, 0x0, 0x0, 0x0, 0x0, 0x0,
    0x3, 0xfa, 0x0, 0x0, 0x0, 0x0, 0x0, 0x99,
    0x99, 0x99, 0x99, 0xaf, 0xd9, 0x99, 0x99, 0x99,
    0x93, 0xf, 0xff, 0xff, 0xff, 0xff, 0xff, 0xff,
    0xff, 0xff, 0xff, 0x60, 0x0, 0x0, 0x0, 0x1c,
    0xff, 0xf1, 0x0, 0x0, 0x40, 0x0, 0x0, 0x0,
    0x0, 0x3e, 0xf8, 0x6f, 0x80, 0x1, 0x9f, 0xa0,
    0x0, 0x0, 0x0, 0x8f, 0xf6, 0x0, 0xdf, 0x46,
    0xef, 0xc3, 0x0, 0x0, 0x5, 0xef, 0xff, 0x0,
    0x2, 0xff, 0xfe, 0x60, 0x0, 0x0, 0x6d, 0xff,
    0x9d, 0xf0, 0x0, 0x5, 0xff, 0x80, 0x0, 0x0,
    0xe, 0xfb, 0x30, 0xdf, 0x0, 0x2, 0x44, 0xef,
    0xd6, 0x0, 0x0, 0x53, 0x0, 0xd, 0xf3, 0x8d,
    0xfb, 0x1, 0xaf, 0xff, 0xb2, 0x0, 0x0, 0x2,
    0xff, 0xff, 0xea, 0x40, 0x0, 0x29, 0xef, 0x0,
    0x0, 0x0, 0x6f, 0xe9, 0x40, 0x0, 0x0, 0x0,
    0x0, 0x20, 0x0, 0x0, 0x0, 0x40, 0x0, 0x0,
    0x0, 0x0, 0x0, 0x0, 0x0,

    /* U+88AB "被" */
    0x0, 0x17, 0x20, 0x0, 0x0, 0x0, 0x5, 0x60,
    0x0, 0x0, 0x0, 0x3f, 0xa0, 0x0, 0x0, 0x0,
    0xd, 0xf0, 0x0, 0x0, 0x0, 0xc, 0xf1, 0x0,
    0x0, 0x0, 0xd, 0xf0, 0x0, 0x0, 0x0, 0x5,
    0xb3, 0x0, 0xbd, 0xdd, 0xdf, 0xfd, 0xdd, 0xd9,
    0xd, 0xdd, 0xdd, 0xb0, 0xdf, 0xdd, 0xdf, 0xfd,
    0xdd, 0xfb, 0xf, 0xff, 0xff, 0xd0, 0xdf, 0x0,
    0xd, 0xf0, 0x4, 0xf7, 0x0, 0x0, 0x5f, 0x80,
    0xdf, 0x0, 0xd, 0xf0, 0x9, 0xf2, 0x0, 0x0,
    0xdf, 0x10, 0xdf, 0x0, 0xd, 0xf0, 0x4, 0x80,
    0x0, 0x7, 0xf9, 0x0, 0xdf, 0x0, 0xd, 0xf0,
    0x0, 0x0, 0x0, 0x2f, 0xf1, 0x65, 0xdf, 0xff,
    0xff, 0xff, 0xff, 0xa0, 0x1, 0xef, 0xd2, 0xf6,
    0xdf, 0xff, 0xdd, 0xdd, 0xdf, 0xa0, 0xc, 0xff,
    0xfd, 0xc0, 0xef, 0x7f, 0x50, 0x0, 0x6f, 0x50,
    0x7f, 0xcf, 0xff, 0x60, 0xfe, 0x1f, 0xd0, 0x0,
    0xde, 0x0, 0x5d, 0xf, 0xec, 0xf5, 0xfd, 0x8,
    0xf6, 0x8, 0xf7, 0x0, 0x1, 0xf, 0xd0, 0xb6,
    0xfa, 0x1, 0xef, 0x7f, 0xd0, 0x0, 0x0, 0xf,
    0xd0, 0x7, 0xf6, 0x0, 0x5f, 0xff, 0x20, 0x0,
    0x0, 0xf, 0xd0, 0xc, 0xf1, 0x1, 0x9f, 0xfe,
    0x40, 0x0, 0x0, 0xf, 0xd0, 0x3f, 0xa0, 0x6e,
    0xfc, 0x6f, 0xfa, 0x20, 0x0, 0xf, 0xd0, 0xaf,
    0x8e, 0xff, 0x70, 0x2, 0xcf, 0xfa, 0x0, 0xf,
    0xd0, 0x7a, 0x2f, 0x91, 0x0, 0x0, 0x6, 0xe7,
    0x0, 0x0, 0x0, 0x0, 0x0, 0x0, 0x0, 0x0,
    0x0, 0x0,

    /* U+897F "西" */
    0xdd, 0xdd, 0xdd, 0xdd, 0xdd, 0xdd, 0xdd, 0xdd,
    0xdd, 0xdf, 0xff, 0xff, 0xff, 0xff, 0xff, 0xff,
    0xff, 0xff, 0xff, 0x0, 0x0, 0x0, 0xfc, 0x0,
    0x2f, 0xb0, 0x0, 0x0, 0x0, 0x0, 0x0, 0xf,
    0xc0, 0x2, 0xfb, 0x0, 0x0, 0x0, 0x0, 0x0,
    0x0, 0xfc, 0x0, 0x2f, 0xb0, 0x0, 0x0, 0x0,
    0xdd, 0xdd, 0xdf, 0xfd, 0xdd, 0xff, 0xdd, 0xdd,
    0xb0, 0xf, 0xff, 0xff, 0xff, 0xff, 0xff, 0xff,
    0xff, 0xfe, 0x0, 0xfd, 0x0, 0xf, 0xc0, 0x2,
    0xfb, 0x0, 0xe, 0xe0, 0xf, 0xd0, 0x1, 0xfb,
    0x0, 0x2f, 0xb0, 0x0, 0xee, 0x0, 0xfd, 0x0,
    0x3f, 0x90, 0x2, 0xfb, 0x0, 0xe, 0xe0, 0xf,
    0xd0, 0x8, 0xf6, 0x0, 0x1f, 0xd0, 0x0, 0xee,
    0x0, 0xfd, 0x4, 0xfe, 0x0, 0x0, 0xef, 0xed,
    0xdf, 0xe0, 0xf, 0xd7, 0xff, 0x40, 0x0, 0x5,
    0xdf, 0xff, 0xfe, 0x0, 0xfd, 0x9e, 0x40, 0x0,
    0x0, 0x0, 0x0, 0xe, 0xe0, 0xf, 0xd0, 0x10,
    0x0, 0x0, 0x0, 0x0, 0x0, 0xee, 0x0, 0xfd,
    0x0, 0x0, 0x0, 0x0, 0x0, 0x0, 0xe, 0xe0,
    0xf, 0xfd, 0xdd, 0xdd, 0xdd, 0xdd, 0xdd, 0xdd,
    0xfe, 0x0, 0xff, 0xff, 0xff, 0xff, 0xff, 0xff,
    0xff, 0xff, 0xe0, 0xf, 0xd0, 0x0, 0x0, 0x0,
    0x0, 0x0, 0x0, 0xee, 0x0,

    /* U+8986 "覆" */
    0xf, 0xff, 0xff, 0xff, 0xff, 0xff, 0xff, 0xff,
    0xff, 0xfa, 0x2, 0x22, 0x22, 0x2f, 0xc2, 0x23,
    0xfb, 0x22, 0x22, 0x21, 0x0, 0x11, 0x11, 0x1f,
    0xc1, 0x12, 0xfa, 0x11, 0x11, 0x0, 0x0, 0xff,
    0xff, 0xff, 0xff, 0xff, 0xff, 0xff, 0xff, 0x90,
    0x0, 0xfc, 0x11, 0x1f, 0xc1, 0x12, 0xfa, 0x11,
    0x2f, 0x90, 0x0, 0xff, 0xff, 0xff, 0xff, 0xff,
    0xff, 0xff, 0xff, 0x90, 0x0, 0x0, 0x94, 0x0,
    0xa8, 0x0, 0x0, 0x0, 0x0, 0x0, 0x0, 0x9,
    0xf9, 0x7, 0xff, 0xff, 0xff, 0xff, 0xff, 0xf5,
    0x0, 0xbf, 0xb0, 0x6f, 0xa2, 0x22, 0x22, 0x22,
    0x22, 0x10, 0x2d, 0xfb, 0x3, 0xff, 0xff, 0xff,
    0xff, 0xff, 0xff, 0x30, 0x1e, 0xa0, 0xc7, 0x69,
    0xf2, 0x0, 0x0, 0x0, 0x7f, 0x30, 0x2, 0xb,
    0xf5, 0x8, 0xff, 0xff, 0xff, 0xff, 0xff, 0x30,
    0x0, 0xaf, 0xa0, 0x8, 0xf9, 0x88, 0x88, 0x88,
    0xbf, 0x30, 0x1b, 0xff, 0x70, 0x2, 0x9f, 0xb5,
    0x55, 0x55, 0x55, 0x10, 0x6f, 0x8f, 0x70, 0x7,
    0xff, 0xff, 0xff, 0xff, 0xff, 0x30, 0x4, 0x2f,
    0x73, 0xcf, 0xaf, 0xb4, 0x11, 0x4c, 0xf9, 0x0,
    0x0, 0x2f, 0x74, 0xb2, 0x1, 0xaf, 0xcd, 0xfa,
    0x20, 0x0, 0x0, 0x2f, 0x72, 0x68, 0xad, 0xff,
    0xbb, 0xff, 0xca, 0x86, 0x0, 0x2f, 0x77, 0xeb,
    0x86, 0x20, 0x0, 0x3, 0x79, 0xcb,

    /* U+89C2 "观" */
    0x0, 0x0, 0x0, 0x0, 0xac, 0xcc, 0xcc, 0xcc,
    0xcc, 0x0, 0xad, 0xdd, 0xdd, 0xd0, 0xdf, 0xff,
    0xff, 0xff, 0xff, 0x0, 0xdf, 0xff, 0xff, 0xf0,
    0xdf, 0x0, 0x0, 0x0, 0xdf, 0x0, 0x0, 0x0,
    0xe, 0xe0, 0xdf, 0x0, 0x79, 0x0, 0xdf, 0x0,
    0x4, 0x0, 0x1f, 0xc0, 0xdf, 0x0, 0xcf, 0x0,
    0xdf, 0x0, 0x8f, 0x40, 0x3f, 0x90, 0xdf, 0x0,
    0xcf, 0x0, 0xdf, 0x0, 0x1f, 0xc0, 0x6f, 0x60,
    0xdf, 0x0, 0xcf, 0x0, 0xdf, 0x0, 0x8, 0xf5,
    0x9f, 0x30, 0xdf, 0x0, 0xdf, 0x0, 0xdf, 0x0,
    0x1, 0xed, 0xef, 0x0, 0xdf, 0x0, 0xef, 0x0,
    0xdf, 0x0, 0x0, 0x7f, 0xfa, 0x0, 0xdf, 0x0,
    0xfe, 0x0, 0xdf, 0x0, 0x0, 0xe, 0xf5, 0x0,
    0xdf, 0x1, 0xfc, 0x0, 0xdf, 0x0, 0x0, 0xd,
    0xf8, 0x0, 0xdf, 0x5, 0xfe, 0x60, 0xdf, 0x0,
    0x0, 0x5f, 0xff, 0x10, 0xac, 0xa, 0xff, 0x90,
    0x9b, 0x0, 0x0, 0xdf, 0x8f, 0x90, 0x0, 0x1f,
    0xff, 0x90, 0x3, 0x51, 0x6, 0xfa, 0xd, 0xf2,
    0x0, 0xbf, 0x7f, 0x90, 0x7, 0xf4, 0x1f, 0xf2,
    0x5, 0xf7, 0x9, 0xfc, 0x1f, 0x90, 0x7, 0xf3,
    0xbf, 0x80, 0x0, 0x40, 0xaf, 0xd1, 0x1f, 0xa0,
    0x9, 0xf2, 0xad, 0x0, 0x0, 0x3d, 0xfd, 0x10,
    0xf, 0xfd, 0xdf, 0xf1, 0x23, 0x0, 0x0, 0xef,
    0xb1, 0x0, 0x7, 0xef, 0xfe, 0x80, 0x0, 0x0,
    0x0, 0x36, 0x0, 0x0, 0x0, 0x0, 0x0, 0x0,

    /* U+89C4 "规" */
    0x0, 0x5, 0x81, 0x0, 0x0, 0x0, 0x0, 0x0,
    0x0, 0x0, 0x0, 0x0, 0x9f, 0x20, 0x2, 0xaa,
    0xaa, 0xaa, 0xaa, 0xa8, 0x0, 0x0, 0x9, 0xf2,
    0x0, 0x4f, 0xff, 0xff, 0xff, 0xff, 0xd0, 0x0,
    0x0, 0x9f, 0x20, 0x4, 0xf7, 0x33, 0x33, 0x33,
    0xfd, 0x0, 0x2f, 0xff, 0xff, 0xfa, 0x4f, 0x40,
    0x68, 0x0, 0xf, 0xd0, 0x2, 0xdd, 0xef, 0xdd,
    0x94, 0xf4, 0xc, 0xf0, 0x0, 0xfd, 0x0, 0x0,
    0x9, 0xf2, 0x0, 0x4f, 0x40, 0xcf, 0x0, 0xf,
    0xd0, 0x0, 0x0, 0x9f, 0x20, 0x4, 0xf4, 0xc,
    0xf0, 0x0, 0xfd, 0x0, 0x0, 0x9, 0xf2, 0x0,
    0x4f, 0x40, 0xdf, 0x0, 0xf, 0xd0, 0x8, 0xee,
    0xff, 0xee, 0xe4, 0xf4, 0xe, 0xf0, 0x0, 0xfd,
    0x0, 0x9f, 0xff, 0xff, 0xff, 0x4f, 0x40, 0xfe,
    0x0, 0xf, 0xd0, 0x0, 0x0, 0xcf, 0x0, 0x4,
    0xf4, 0xf, 0xb0, 0x0, 0xfd, 0x0, 0x0, 0xe,
    0xf3, 0x0, 0x4f, 0x44, 0xfe, 0xa0, 0xf, 0xd0,
    0x0, 0x0, 0xff, 0xe1, 0x4, 0xe4, 0x8f, 0xfe,
    0x0, 0xec, 0x0, 0x0, 0x5f, 0xef, 0xb0, 0x0,
    0xe, 0xef, 0xe0, 0x0, 0x46, 0x0, 0xa, 0xf5,
    0xcf, 0x80, 0x8, 0xf7, 0xfe, 0x0, 0x9, 0xf1,
    0x2, 0xfe, 0x1, 0xef, 0x14, 0xfd, 0xf, 0xe0,
    0x0, 0x9f, 0x10, 0xbf, 0x80, 0x4, 0x35, 0xff,
    0x30, 0xff, 0x0, 0xb, 0xf0, 0x6f, 0xe0, 0x0,
    0x8, 0xff, 0x50, 0xe, 0xff, 0xde, 0xfe, 0x7,
    0xf5, 0x0, 0x4, 0xff, 0x40, 0x0, 0x5d, 0xff,
    0xfd, 0x50, 0x4, 0x0, 0x0, 0x6, 0x20, 0x0,
    0x0, 0x0, 0x0, 0x0, 0x0,

    /* U+89C6 "视" */
    0x0, 0x1, 0x0, 0x0, 0x0, 0x0, 0x0, 0x0,
    0x0, 0x0, 0x0, 0x8, 0xf5, 0x0, 0x0, 0x0,
    0x0, 0x0, 0x0, 0x0, 0x0, 0x0, 0x3f, 0xc0,
    0x0, 0xcf, 0xff, 0xff, 0xff, 0xff, 0xc0, 0x0,
    0x0, 0xdf, 0x30, 0xd, 0xfe, 0xee, 0xee, 0xee,
    0xfd, 0x0, 0x0, 0x5, 0x61, 0x0, 0xdf, 0x0,
    0x0, 0x0, 0xf, 0xd0, 0x3, 0xcc, 0xcc, 0xc9,
    0xd, 0xf0, 0xa, 0xd0, 0x0, 0xfd, 0x0, 0x5f,
    0xff, 0xff, 0xc0, 0xdf, 0x0, 0xbf, 0x0, 0xf,
    0xd0, 0x0, 0x0, 0x7, 0xf8, 0xd, 0xf0, 0xc,
    0xf0, 0x0, 0xfd, 0x0, 0x0, 0x0, 0xef, 0x10,
    0xdf, 0x0, 0xcf, 0x0, 0xf, 0xd0, 0x0, 0x0,
    0x8f, 0x80, 0xd, 0xf0, 0xd, 0xf0, 0x0, 0xfd,
    0x0, 0x0, 0x3f, 0xf1, 0x0, 0xdf, 0x0, 0xee,
    0x0, 0xf, 0xd0, 0x0, 0x1d, 0xff, 0xa0, 0xd,
    0xf0, 0xf, 0xe0, 0x0, 0xfd, 0x0, 0xc, 0xff,
    0xff, 0xb0, 0xdf, 0x2, 0xfc, 0x0, 0xf, 0xd0,
    0xa, 0xfb, 0xfd, 0xaf, 0x7d, 0xf0, 0x5f, 0xd8,
    0x0, 0xfd, 0x0, 0x7c, 0xf, 0xd0, 0x80, 0x78,
    0xa, 0xff, 0xd0, 0x8, 0x60, 0x1, 0x0, 0xfd,
    0x0, 0x0, 0x2, 0xfe, 0xfd, 0x0, 0x5, 0x60,
    0x0, 0xf, 0xd0, 0x0, 0x0, 0xcf, 0x6f, 0xd0,
    0x0, 0x8f, 0x20, 0x0, 0xfd, 0x0, 0x0, 0xaf,
    0xa0, 0xfd, 0x0, 0x8, 0xf2, 0x0, 0xf, 0xd0,
    0x1, 0xbf, 0xa0, 0xf, 0xe0, 0x0, 0xaf, 0x10,
    0x0, 0xfd, 0x4, 0xef, 0x80, 0x0, 0xef, 0xed,
    0xef, 0xf0, 0x0, 0xf, 0xd0, 0x8d, 0x30, 0x0,
    0x5, 0xef, 0xff, 0xe5, 0x0, 0x0, 0x0, 0x0,
    0x0, 0x0, 0x0, 0x0, 0x0, 0x0, 0x0,

    /* U+89C8 "览" */
    0x0, 0x0, 0x0, 0x98, 0x0, 0x3, 0x83, 0x0,
    0x0, 0x0, 0xb, 0xd0, 0x0, 0xfe, 0x0, 0x9,
    0xf7, 0x0, 0x0, 0x0, 0xd, 0xf0, 0x0, 0xfe,
    0x0, 0x1f, 0xfc, 0xbb, 0xbb, 0xb7, 0xd, 0xf0,
    0x0, 0xfe, 0x0, 0x7f, 0xff, 0xff, 0xff, 0xfb,
    0xd, 0xf0, 0x0, 0xfe, 0x1, 0xff, 0x35, 0x42,
    0x22, 0x21, 0xd, 0xf0, 0x0, 0xfe, 0xa, 0xf8,
    0xe, 0xf7, 0x0, 0x0, 0xd, 0xf0, 0x0, 0xfe,
    0x4f, 0xe0, 0x4, 0xef, 0xc2, 0x0, 0xb, 0xd0,
    0x0, 0xfe, 0x8, 0x40, 0x0, 0x9, 0xfe, 0x0,
    0x0, 0x0, 0x0, 0x0, 0x0, 0x0, 0x0, 0x0,
    0x43, 0x0, 0x0, 0x5f, 0xff, 0xff, 0xff, 0xff,
    0xff, 0xff, 0xf0, 0x0, 0x0, 0x5f, 0xfd, 0xdd,
    0xdd, 0xdd, 0xdd, 0xdf, 0xf0, 0x0, 0x0, 0x5f,
    0xd0, 0x0, 0x6, 0x50, 0x0, 0xf, 0xf0, 0x0,
    0x0, 0x5f, 0xd0, 0x0, 0x1f, 0xc0, 0x0, 0xf,
    0xf0, 0x0, 0x0, 0x5f, 0xd0, 0x0, 0x4f, 0xa1,
    0x0, 0xf, 0xf0, 0x0, 0x0, 0x5f, 0xd0, 0x0,
    0x9f, 0xfd, 0x0, 0xf, 0xf2, 0x41, 0x0, 0x5f,
    0xd0, 0x3, 0xff, 0xfd, 0x0, 0xe, 0xd7, 0xf7,
    0x0, 0x0, 0x0, 0x5e, 0xf8, 0xfd, 0x0, 0x0,
    0x8, 0xf7, 0x0, 0x0, 0x5c, 0xff, 0xa0, 0xff,
    0x0, 0x0, 0xb, 0xf6, 0x47, 0xbf, 0xff, 0xe5,
    0x0, 0xdf, 0xfd, 0xdd, 0xef, 0xf3, 0xcf, 0xff,
    0xa5, 0x0, 0x0, 0x4d, 0xff, 0xff, 0xfe, 0x70,
    0x68, 0x40, 0x0, 0x0, 0x0, 0x0, 0x0, 0x0,
    0x0, 0x0,

    /* U+89D2 "角" */
    0x0, 0x0, 0x0, 0x0, 0x0, 0x0, 0x0, 0x0,
    0x0, 0x0, 0x0, 0x0, 0x4, 0xe7, 0x0, 0x0,
    0x0, 0x0, 0x0, 0x0, 0x0, 0x0, 0xdf, 0x60,
    0x0, 0x0, 0x0, 0x0, 0x0, 0x0, 0x0, 0x9f,
    0xff, 0xff, 0xff, 0xff, 0xf5, 0x0, 0x0, 0x0,
    0x6f, 0xfd, 0xdd, 0xdd, 0xde, 0xff, 0x40, 0x0,
    0x0, 0x5f, 0xf5, 0x0, 0x0, 0x1, 0xdf, 0x80,
    0x0, 0x0, 0x4f, 0xf7, 0x0, 0x0, 0x1, 0xdf,
    0x90, 0x0, 0x0, 0x5f, 0xff, 0xff, 0xff, 0xff,
    0xff, 0xff, 0xff, 0xfd, 0xc, 0xff, 0xfd, 0xdd,
    0xdd, 0xff, 0xdd, 0xdd, 0xdf, 0xd0, 0x15, 0xdf,
    0x0, 0x0, 0xf, 0xd0, 0x0, 0x0, 0xfd, 0x0,
    0xd, 0xf0, 0x0, 0x0, 0xfd, 0x0, 0x0, 0xf,
    0xd0, 0x0, 0xdf, 0xff, 0xff, 0xff, 0xff, 0xff,
    0xff, 0xfd, 0x0, 0xd, 0xfd, 0xdd, 0xdd, 0xff,
    0xdd, 0xdd, 0xdf, 0xd0, 0x0, 0xdf, 0x0, 0x0,
    0xf, 0xd0, 0x0, 0x0, 0xfd, 0x0, 0xe, 0xf0,
    0x0, 0x0, 0xfd, 0x0, 0x0, 0xf, 0xd0, 0x0,
    0xff, 0xff, 0xff, 0xff, 0xff, 0xff, 0xff, 0xfd,
    0x0, 0x1f, 0xfd, 0xdd, 0xdd, 0xff, 0xdd, 0xdd,
    0xdf, 0xd0, 0x5, 0xf9, 0x0, 0x0, 0xf, 0xd0,
    0x0, 0x0, 0xfd, 0x0, 0xbf, 0x50, 0x0, 0x0,
    0xfd, 0x0, 0x0, 0x1f, 0xd0, 0x4f, 0xd0, 0x0,
    0x0, 0xf, 0xd0, 0x6d, 0xdf, 0xfb, 0xb, 0xf4,
    0x0, 0x0, 0x0, 0xfd, 0x5, 0xff, 0xfd, 0x30,
    0x3, 0x0, 0x0, 0x0, 0x0, 0x0, 0x0, 0x0,
    0x0,

    /* U+89E3 "解" */
    0x0, 0x2, 0xc5, 0x0, 0x0, 0x0, 0x0, 0x0,
    0x0, 0x0, 0x0, 0xa, 0xf3, 0x0, 0x0, 0x6a,
    0xaa, 0xaa, 0xaa, 0xa0, 0x0, 0x3f, 0xff, 0xff,
    0xd0, 0x8e, 0xff, 0xee, 0xef, 0xe0, 0x0, 0xcf,
    0x88, 0x9f, 0xb0, 0x0, 0xad, 0x0, 0xe, 0xd0,
    0x7, 0xf9, 0x0, 0xbf, 0x20, 0x0, 0xf9, 0x0,
    0xf, 0xc0, 0x4f, 0xf4, 0x37, 0xfa, 0x31, 0x9,
    0xf3, 0x0, 0x4f, 0xb0, 0x8f, 0xff, 0xff, 0xff,
    0xf8, 0x8f, 0x93, 0xff, 0xff, 0x70, 0xa, 0xf6,
    0x6f, 0x95, 0xfa, 0xfa, 0x0, 0xbc, 0x96, 0x0,
    0x6, 0xf2, 0x1f, 0x50, 0xf8, 0x28, 0x70, 0xdf,
    0x0, 0x0, 0x6, 0xf8, 0x8f, 0xa7, 0xf8, 0xd,
    0xa0, 0xdf, 0x0, 0x0, 0x6, 0xff, 0xff, 0xff,
    0xf8, 0x1f, 0xda, 0xff, 0xaa, 0xa3, 0x6, 0xf4,
    0x4f, 0x73, 0xf8, 0x6f, 0xff, 0xff, 0xff, 0xf5,
    0x6, 0xf1, 0x1f, 0x50, 0xf8, 0xbd, 0x0, 0xdf,
    0x0, 0x0, 0x7, 0xf8, 0x8f, 0xa7, 0xf8, 0xf8,
    0x0, 0xdf, 0x0, 0x0, 0x7, 0xff, 0xff, 0xff,
    0xf8, 0x11, 0x0, 0xdf, 0x0, 0x0, 0x9, 0xf3,
    0x4f, 0x72, 0xf8, 0xff, 0xff, 0xff, 0xff, 0xfb,
    0xc, 0xe0, 0x1f, 0x50, 0xf8, 0xdd, 0xdd, 0xff,
    0xdd, 0xd9, 0xf, 0xb0, 0x1f, 0x50, 0xf8, 0x0,
    0x0, 0xdf, 0x0, 0x0, 0x6f, 0x50, 0x8, 0xba,
    0xf7, 0x0, 0x0, 0xdf, 0x0, 0x0, 0x8d, 0x0,
    0x0, 0xcf, 0xe2, 0x0, 0x0, 0xdf, 0x0, 0x0,
    0x0, 0x0, 0x0, 0x0, 0x0, 0x0, 0x0, 0x0,
    0x0, 0x0,

    /* U+8BA1 "计" */
    0x0, 0x0, 0x0, 0x0, 0x0, 0x0, 0x1, 0x0,
    0x0, 0x0, 0x0, 0x5a, 0x0, 0x0, 0x0, 0x0,
    0x7f, 0x70, 0x0, 0x0, 0x0, 0xef, 0x70, 0x0,
    0x0, 0x0, 0x7f, 0x70, 0x0, 0x0, 0x0, 0x3f,
    0xf3, 0x0, 0x0, 0x0, 0x7f, 0x70, 0x0, 0x0,
    0x0, 0x8, 0xfe, 0x10, 0x0, 0x0, 0x7f, 0x70,
    0x0, 0x0, 0x0, 0x0, 0xcf, 0x80, 0x0, 0x0,
    0x7f, 0x70, 0x0, 0x0, 0x0, 0x0, 0x29, 0x0,
    0x0, 0x0, 0x7f, 0x70, 0x0, 0x0, 0x0, 0x0,
    0x0, 0x0, 0x0, 0x0, 0x7f, 0x70, 0x0, 0x0,
    0x36, 0x66, 0x60, 0x0, 0x0, 0x0, 0x7f, 0x70,
    0x0, 0x0, 0x9f, 0xff, 0xf0, 0xf, 0xff, 0xff,
    0xff, 0xff, 0xff, 0xff, 0x48, 0x8f, 0xf0, 0xe,
    0xee, 0xee, 0xff, 0xfe, 0xee, 0xed, 0x0, 0xf,
    0xf0, 0x0, 0x0, 0x0, 0x7f, 0x70, 0x0, 0x0,
    0x0, 0xf, 0xf0, 0x0, 0x0, 0x0, 0x7f, 0x70,
    0x0, 0x0, 0x0, 0xf, 0xf0, 0x0, 0x0, 0x0,
    0x7f, 0x70, 0x0, 0x0, 0x0, 0xf, 0xf0, 0x0,
    0x0, 0x0, 0x7f, 0x70, 0x0, 0x0, 0x0, 0xf,
    0xf0, 0x8, 0x50, 0x0, 0x7f, 0x70, 0x0, 0x0,
    0x0, 0xf, 0xf2, 0xdf, 0xb0, 0x0, 0x7f, 0x70,
    0x0, 0x0, 0x0, 0xf, 0xff, 0xfa, 0x10, 0x0,
    0x7f, 0x70, 0x0, 0x0, 0x0, 0x2f, 0xfe, 0x50,
    0x0, 0x0, 0x7f, 0x70, 0x0, 0x0, 0x0, 0x4f,
    0xb1, 0x0, 0x0, 0x0, 0x7f, 0x70, 0x0, 0x0,
    0x0, 0x3, 0x0, 0x0, 0x0, 0x0, 0x7f, 0x70,
    0x0, 0x0,

    /* U+8BA4 "认" */
    0x0, 0x35, 0x0, 0x0, 0x0, 0x0, 0xba, 0x0,
    0x0, 0x0, 0x0, 0x1f, 0xf3, 0x0, 0x0, 0x0,
    0xf, 0xe0, 0x0, 0x0, 0x0, 0x0, 0x5f, 0xe2,
    0x0, 0x0, 0x0, 0xfe, 0x0, 0x0, 0x0, 0x0,
    0x0, 0x8f, 0xd0, 0x0, 0x0, 0xf, 0xe0, 0x0,
    0x0, 0x0, 0x0, 0x0, 0xbf, 0x50, 0x0, 0x0,
    0xfe, 0x0, 0x0, 0x0, 0x0, 0x0, 0x1, 0x50,
    0x0, 0x0, 0x1f, 0xf0, 0x0, 0x0, 0x0, 0x0,
    0x0, 0x0, 0x0, 0x0, 0x2, 0xff, 0x10, 0x0,
    0x0, 0x5, 0xee, 0xec, 0x0, 0x0, 0x0, 0x4f,
    0xf4, 0x0, 0x0, 0x0, 0x6f, 0xff, 0xe0, 0x0,
    0x0, 0x6, 0xff, 0x70, 0x0, 0x0, 0x0, 0x0,
    0xfe, 0x0, 0x0, 0x0, 0x9f, 0xfb, 0x0, 0x0,
    0x0, 0x0, 0xf, 0xe0, 0x0, 0x0, 0xd, 0xfe,
    0xf0, 0x0, 0x0, 0x0, 0x0, 0xfe, 0x0, 0x0,
    0x2, 0xfd, 0x7f, 0x50, 0x0, 0x0, 0x0, 0xf,
    0xe0, 0x0, 0x0, 0x7f, 0x82, 0xfb, 0x0, 0x0,
    0x0, 0x0, 0xfe, 0x5, 0x60, 0xe, 0xf2, 0xc,
    0xf3, 0x0, 0x0, 0x0, 0xf, 0xe4, 0xfb, 0x7,
    0xfa, 0x0, 0x5f, 0xc0, 0x0, 0x0, 0x0, 0xff,
    0xff, 0x42, 0xff, 0x20, 0x0, 0xdf, 0x70, 0x0,
    0x0, 0xf, 0xff, 0x30, 0xdf, 0x80, 0x0, 0x3,
    0xff, 0x30, 0x0, 0x6, 0xfe, 0x30, 0xcf, 0xc0,
    0x0, 0x0, 0x8, 0xfe, 0x30, 0x0, 0xa, 0x20,
    0xcf, 0xd1, 0x0, 0x0, 0x0, 0xc, 0xfd, 0x0,
    0x0, 0x0, 0x7, 0xe2, 0x0, 0x0, 0x0, 0x0,
    0x1d, 0x40, 0x0, 0x0, 0x0, 0x1, 0x0, 0x0,
    0x0, 0x0, 0x0, 0x0, 0x0,

    /* U+8BAE "议" */
    0x0, 0x3, 0x0, 0x0, 0x0, 0x2, 0x60, 0x0,
    0x0, 0x0, 0x0, 0xa, 0xf3, 0x0, 0x0, 0x0,
    0xef, 0x10, 0x0, 0x0, 0x0, 0x0, 0x4f, 0xe1,
    0x0, 0x51, 0x7, 0xf9, 0x0, 0xa, 0xc1, 0x0,
    0x0, 0x8f, 0xa0, 0x9f, 0x50, 0x1f, 0xf2, 0x0,
    0xef, 0x0, 0x0, 0x0, 0xde, 0x14, 0xf9, 0x0,
    0x8f, 0x90, 0x1f, 0xc0, 0x0, 0x0, 0x2, 0x10,
    0xf, 0xd0, 0x1, 0xe8, 0x4, 0xf8, 0x0, 0x0,
    0x0, 0x0, 0x0, 0xcf, 0x20, 0x0, 0x0, 0x9f,
    0x40, 0x2, 0xdd, 0xdd, 0x0, 0x6, 0xf8, 0x0,
    0x0, 0xd, 0xf0, 0x0, 0x2f, 0xff, 0xf0, 0x0,
    0x1f, 0xe0, 0x0, 0x3, 0xfb, 0x0, 0x0, 0x0,
    0xdf, 0x0, 0x0, 0xaf, 0x60, 0x0, 0x9f, 0x50,
    0x0, 0x0, 0xd, 0xf0, 0x0, 0x2, 0xfe, 0x0,
    0x1f, 0xe0, 0x0, 0x0, 0x0, 0xdf, 0x0, 0x0,
    0xa, 0xf8, 0xa, 0xf7, 0x0, 0x0, 0x0, 0xd,
    0xf0, 0x0, 0x0, 0x1e, 0xf8, 0xfe, 0x0, 0x0,
    0x0, 0x0, 0xdf, 0x0, 0x10, 0x0, 0x5f, 0xff,
    0x40, 0x0, 0x0, 0x0, 0xd, 0xf0, 0x7c, 0x0,
    0x2, 0xff, 0xe1, 0x0, 0x0, 0x0, 0x0, 0xdf,
    0x9f, 0xe0, 0x4, 0xef, 0xef, 0xe3, 0x0, 0x0,
    0x0, 0xd, 0xff, 0xd2, 0x8, 0xff, 0xa0, 0xbf,
    0xf6, 0x0, 0x0, 0x2, 0xff, 0xc1, 0x3d, 0xff,
    0x70, 0x0, 0x9f, 0xfb, 0x20, 0x0, 0x1d, 0xa0,
    0xaf, 0xfd, 0x30, 0x0, 0x0, 0x5f, 0xff, 0x30,
    0x0, 0x10, 0xa, 0xf7, 0x0, 0x0, 0x0, 0x0,
    0x1b, 0xd0, 0x0, 0x0, 0x0, 0x11, 0x0, 0x0,
    0x0, 0x0, 0x0, 0x1, 0x0,

    /* U+8BB0 "记" */
    0x0, 0x0, 0x0, 0x0, 0x0, 0x0, 0x0, 0x0,
    0x0, 0x0, 0x0, 0x8, 0xa0, 0x0, 0x0, 0x0,
    0x0, 0x0, 0x0, 0x0, 0x0, 0x1, 0xef, 0x70,
    0x0, 0x7f, 0xff, 0xff, 0xff, 0xff, 0xd0, 0x0,
    0x4, 0xff, 0x40, 0x7, 0xff, 0xff, 0xff, 0xff,
    0xfd, 0x0, 0x0, 0x8, 0xff, 0x20, 0x0, 0x0,
    0x0, 0x0, 0xf, 0xd0, 0x0, 0x0, 0xc, 0xc1,
    0x0, 0x0, 0x0, 0x0, 0x0, 0xfd, 0x0, 0x0,
    0x0, 0x10, 0x0, 0x0, 0x0, 0x0, 0x0, 0xf,
    0xd0, 0x1, 0x33, 0x33, 0x0, 0x0, 0x0, 0x0,
    0x0, 0x0, 0xfd, 0x0, 0x6f, 0xff, 0xe0, 0x0,
    0x0, 0x0, 0x0, 0x0, 0xf, 0xd0, 0x4, 0xbb,
    0xfe, 0x0, 0xd, 0xff, 0xff, 0xff, 0xff, 0xfd,
    0x0, 0x0, 0xf, 0xe0, 0x0, 0xdf, 0xee, 0xee,
    0xee, 0xee, 0xc0, 0x0, 0x0, 0xfe, 0x0, 0xd,
    0xf0, 0x0, 0x0, 0x0, 0x0, 0x0, 0x0, 0xf,
    0xe0, 0x0, 0xdf, 0x0, 0x0, 0x0, 0x0, 0x0,
    0x0, 0x0, 0xfe, 0x0, 0xd, 0xf0, 0x0, 0x0,
    0x0, 0x0, 0x0, 0x0, 0xf, 0xe0, 0x0, 0xdf,
    0x0, 0x0, 0x0, 0x0, 0xbc, 0x10, 0x0, 0xfe,
    0x8, 0xad, 0xf0, 0x0, 0x0, 0x0, 0xc, 0xf0,
    0x0, 0xf, 0xec, 0xfe, 0xdf, 0x0, 0x0, 0x0,
    0x0, 0xdf, 0x0, 0x0, 0xff, 0xfc, 0x2d, 0xf3,
    0x0, 0x0, 0x0, 0x1f, 0xe0, 0x0, 0x5f, 0xf9,
    0x0, 0xaf, 0xfd, 0xdd, 0xdd, 0xdf, 0xfb, 0x0,
    0x0, 0xb5, 0x0, 0x2, 0xbf, 0xff, 0xff, 0xff,
    0xfd, 0x30,

    /* U+8BBE "设" */
    0x0, 0x5, 0x0, 0x0, 0x0, 0x0, 0x0, 0x0,
    0x0, 0x0, 0x0, 0x9, 0xf7, 0x0, 0x0, 0xad,
    0xdd, 0xdd, 0xdd, 0x30, 0x0, 0x0, 0x3f, 0xf4,
    0x0, 0xc, 0xff, 0xff, 0xff, 0xf4, 0x0, 0x0,
    0x0, 0x7f, 0xe1, 0x0, 0xcf, 0x10, 0x0, 0xaf,
    0x40, 0x0, 0x0, 0x0, 0xbf, 0x60, 0xe, 0xf0,
    0x0, 0xa, 0xf4, 0x0, 0x0, 0x0, 0x1, 0x60,
    0x4, 0xfc, 0x0, 0x0, 0x9f, 0x60, 0x0, 0x0,
    0x0, 0x0, 0x2, 0xef, 0x40, 0x0, 0x8, 0xff,
    0xff, 0x10, 0x88, 0x88, 0x1, 0xef, 0x70, 0x0,
    0x0, 0x2b, 0xdd, 0xc0, 0x1f, 0xff, 0xf0, 0x3,
    0x40, 0x0, 0x0, 0x0, 0x0, 0x0, 0x0, 0x0,
    0xdf, 0x0, 0xd, 0xdd, 0xdd, 0xdd, 0xdd, 0xd6,
    0x0, 0x0, 0xd, 0xf0, 0x0, 0xff, 0xff, 0xff,
    0xff, 0xff, 0x80, 0x0, 0x0, 0xdf, 0x0, 0xb,
    0xf5, 0x0, 0x0, 0xc, 0xf4, 0x0, 0x0, 0xd,
    0xf0, 0x0, 0x2f, 0xe1, 0x0, 0x6, 0xfc, 0x0,
    0x0, 0x0, 0xdf, 0x0, 0x0, 0x8f, 0xb0, 0x3,
    0xff, 0x20, 0x0, 0x0, 0xd, 0xf0, 0x47, 0x0,
    0xaf, 0xb3, 0xef, 0x60, 0x0, 0x0, 0x0, 0xdf,
    0x6f, 0xd0, 0x0, 0xbf, 0xff, 0x70, 0x0, 0x0,
    0x0, 0xd, 0xff, 0xe3, 0x0, 0x2b, 0xff, 0xf6,
    0x0, 0x0, 0x0, 0x1, 0xff, 0xd2, 0x2, 0x9f,
    0xfd, 0x7f, 0xfe, 0x71, 0x0, 0x0, 0x2f, 0xc1,
    0x5b, 0xff, 0xe7, 0x0, 0x1a, 0xff, 0xfb, 0x10,
    0x0, 0x30, 0x8, 0xfe, 0x70, 0x0, 0x0, 0x2,
    0x9f, 0xe0, 0x0, 0x0, 0x0, 0x14, 0x0, 0x0,
    0x0, 0x0, 0x0, 0x13, 0x0,

    /* U+8BD5 "试" */
    0x0, 0x0, 0x0, 0x0, 0x0, 0x0, 0x2, 0x10,
    0x0, 0x0, 0x3, 0x50, 0x0, 0x0, 0x0, 0x0,
    0xf, 0xc0, 0x91, 0x0, 0xe, 0xf3, 0x0, 0x0,
    0x0, 0x0, 0xf, 0xc4, 0xfc, 0x10, 0x6, 0xfe,
    0x10, 0x0, 0x0, 0x0, 0xf, 0xd0, 0x5f, 0xb0,
    0x0, 0x9f, 0xc0, 0x0, 0x0, 0x0, 0xf, 0xd0,
    0x6, 0x40, 0x0, 0xc, 0xb1, 0xdd, 0xdd, 0xdd,
    0xdf, 0xfd, 0xdd, 0xd4, 0x0, 0x1, 0x1, 0xff,
    0xff, 0xff, 0xff, 0xff, 0xff, 0xf5, 0x0, 0x0,
    0x0, 0x0, 0x0, 0x0, 0xd, 0xe0, 0x0, 0x0,
    0xce, 0xee, 0x0, 0x0, 0x0, 0x0, 0xc, 0xf0,
    0x0, 0x0, 0xef, 0xff, 0x0, 0x0, 0x0, 0x0,
    0xb, 0xf0, 0x0, 0x0, 0x0, 0xdf, 0x0, 0xbd,
    0xdd, 0xdd, 0x7a, 0xf1, 0x0, 0x0, 0x0, 0xdf,
    0x0, 0xef, 0xff, 0xff, 0x99, 0xf2, 0x0, 0x0,
    0x0, 0xdf, 0x0, 0x0, 0x7f, 0x50, 0x7, 0xf3,
    0x0, 0x0, 0x0, 0xdf, 0x0, 0x0, 0x7f, 0x50,
    0x5, 0xf5, 0x0, 0x0, 0x0, 0xdf, 0x0, 0x0,
    0x7f, 0x50, 0x3, 0xf7, 0x0, 0x0, 0x0, 0xdf,
    0xb, 0x30, 0x7f, 0x50, 0x1, 0xfa, 0x0, 0xa5,
    0x0, 0xdf, 0xaf, 0x70, 0x7f, 0x50, 0x0, 0xed,
    0x0, 0xe9, 0x0, 0xdf, 0xfa, 0x0, 0x8f, 0xbc,
    0xf2, 0xaf, 0x21, 0xf6, 0x1, 0xff, 0xb2, 0xdf,
    0xff, 0xff, 0xd2, 0x5f, 0xb7, 0xf2, 0x3, 0xfb,
    0x2, 0xfc, 0x96, 0x30, 0x0, 0xd, 0xff, 0xe0,
    0x0, 0x30, 0x0, 0x0, 0x0, 0x0, 0x0, 0x2,
    0xde, 0x40,

    /* U+8BE2 "询" */
    0x0, 0x0, 0x0, 0x0, 0x14, 0x10, 0x0, 0x0,
    0x0, 0x0, 0x77, 0x0, 0x0, 0x8, 0xf9, 0x0,
    0x0, 0x0, 0x0, 0x1e, 0xf5, 0x0, 0x0, 0xef,
    0x20, 0x0, 0x0, 0x0, 0x0, 0x3f, 0xf3, 0x0,
    0x7f, 0xff, 0xff, 0xff, 0xff, 0xff, 0x0, 0x5f,
    0xd0, 0x1f, 0xfd, 0xdd, 0xdd, 0xdd, 0xdf, 0xe0,
    0x0, 0x73, 0xb, 0xf6, 0x0, 0x0, 0x0, 0x0,
    0xee, 0x0, 0x0, 0x7, 0xfb, 0x0, 0x0, 0x0,
    0x0, 0xf, 0xe0, 0x0, 0x1, 0xfe, 0xdc, 0xcc,
    0xcc, 0xca, 0x0, 0xfe, 0xef, 0xff, 0x7, 0x4f,
    0xff, 0xff, 0xff, 0xd0, 0xf, 0xdc, 0xdf, 0xf0,
    0x0, 0xfa, 0x0, 0x0, 0xfd, 0x0, 0xfd, 0x0,
    0xdf, 0x0, 0xf, 0xa0, 0x0, 0xf, 0xd0, 0xf,
    0xd0, 0xd, 0xf0, 0x0, 0xff, 0xff, 0xff, 0xfd,
    0x0, 0xfd, 0x0, 0xdf, 0x0, 0xf, 0xd9, 0x99,
    0x9f, 0xd0, 0xf, 0xd0, 0xd, 0xf0, 0x0, 0xfa,
    0x0, 0x0, 0xfd, 0x0, 0xfc, 0x0, 0xdf, 0x1,
    0xf, 0xa0, 0x0, 0xf, 0xd0, 0xf, 0xc0, 0xd,
    0xf1, 0xd0, 0xff, 0xdd, 0xdd, 0xfd, 0x1, 0xfc,
    0x0, 0xdf, 0xdf, 0x2f, 0xff, 0xff, 0xff, 0xd0,
    0x1f, 0xc0, 0xe, 0xff, 0x50, 0x0, 0x0, 0x0,
    0x0, 0x6, 0xfb, 0x3, 0xff, 0x50, 0x0, 0x0,
    0x0, 0xbd, 0xde, 0xff, 0x70, 0x8, 0x40, 0x0,
    0x0, 0x0, 0xb, 0xff, 0xfe, 0x90,

    /* U+8BF7 "请" */
    0x0, 0x0, 0x0, 0x0, 0x0, 0x0, 0x64, 0x0,
    0x0, 0x0, 0x5, 0xd2, 0x0, 0x0, 0x0, 0x1,
    0xfb, 0x0, 0x0, 0x0, 0x5, 0xfd, 0x0, 0x8f,
    0xff, 0xff, 0xff, 0xff, 0xff, 0xf6, 0x0, 0xaf,
    0x90, 0x36, 0x66, 0x66, 0xfd, 0x66, 0x66, 0x62,
    0x0, 0xe, 0xf5, 0x2, 0x22, 0x23, 0xfc, 0x22,
    0x22, 0x20, 0x0, 0x4, 0x80, 0xe, 0xff, 0xff,
    0xff, 0xff, 0xff, 0xe0, 0x0, 0x0, 0x0, 0x0,
    0x0, 0x1, 0xfb, 0x0, 0x0, 0x0, 0x56, 0x66,
    0x0, 0x66, 0x66, 0x67, 0xfd, 0x66, 0x66, 0x66,
    0xdf, 0xff, 0x2, 0xff, 0xff, 0xff, 0xff, 0xff,
    0xff, 0xff, 0x67, 0xef, 0x0, 0x0, 0x0, 0x0,
    0x0, 0x0, 0x0, 0x0, 0x0, 0xdf, 0x0, 0xb,
    0xff, 0xff, 0xff, 0xff, 0xff, 0x60, 0x0, 0xdf,
    0x0, 0xb, 0xf7, 0x66, 0x66, 0x66, 0xaf, 0x60,
    0x0, 0xdf, 0x0, 0xb, 0xf1, 0x0, 0x0, 0x0,
    0x6f, 0x60, 0x0, 0xdf, 0x0, 0xb, 0xff, 0xff,
    0xff, 0xff, 0xff, 0x60, 0x0, 0xdf, 0x0, 0xb,
    0xf6, 0x55, 0x55, 0x55, 0x9f, 0x60, 0x0, 0xdf,
    0xb, 0x2b, 0xf6, 0x55, 0x55, 0x55, 0x9f, 0x60,
    0x0, 0xdf, 0xdf, 0x5b, 0xff, 0xff, 0xff, 0xff,
    0xff, 0x60, 0x0, 0xef, 0xf8, 0xb, 0xf1, 0x0,
    0x0, 0x0, 0x6f, 0x60, 0x3, 0xff, 0x50, 0xb,
    0xf1, 0x0, 0x3, 0x66, 0xcf, 0x40, 0x0, 0x62,
    0x0, 0xb, 0xf1, 0x0, 0x7, 0xff, 0xfb, 0x0,
    0x0, 0x0, 0x0, 0x1, 0x10, 0x0, 0x0, 0x0,
    0x0, 0x0,

    /* U+8BFB "读" */
    0x0, 0x0, 0x0, 0x0, 0x0, 0x0, 0x89, 0x0,
    0x0, 0x0, 0x8, 0xe1, 0x0, 0x0, 0x0, 0x0,
    0xde, 0x0, 0x0, 0x0, 0x8, 0xfd, 0x0, 0x7,
    0x88, 0x88, 0xef, 0x88, 0x88, 0x81, 0x0, 0xaf,
    0xb0, 0xe, 0xff, 0xff, 0xff, 0xff, 0xff, 0xf3,
    0x0, 0xd, 0xf7, 0x0, 0x0, 0x0, 0xde, 0x0,
    0x0, 0x0, 0x0, 0x2, 0x90, 0x34, 0x44, 0x44,
    0xef, 0x44, 0x44, 0x42, 0x0, 0x0, 0x0, 0xbf,
    0xff, 0xff, 0xff, 0xff, 0xff, 0xfa, 0xad, 0xdd,
    0x0, 0x12, 0x32, 0x22, 0x22, 0x22, 0x26, 0xf7,
    0xdf, 0xff, 0x0, 0x3, 0xfa, 0x40, 0x5, 0x60,
    0x9, 0xf2, 0x0, 0xdf, 0x0, 0x0, 0x5c, 0xfd,
    0xc, 0xf0, 0xe, 0xc0, 0x0, 0xdf, 0x0, 0x19,
    0x20, 0x37, 0xd, 0xf0, 0x2, 0x30, 0x0, 0xdf,
    0x0, 0x4e, 0xf9, 0x10, 0xd, 0xf0, 0x0, 0x0,
    0x0, 0xdf, 0x0, 0x0, 0x8f, 0xf0, 0xe, 0xe0,
    0x0, 0x0, 0x0, 0xdf, 0x0, 0x0, 0x2, 0x70,
    0xf, 0xd0, 0x0, 0x0, 0x0, 0xdf, 0x0, 0xff,
    0xff, 0xff, 0xff, 0xff, 0xff, 0xfd, 0x0, 0xdf,
    0x0, 0x99, 0x99, 0x99, 0xef, 0xb9, 0x99, 0x98,
    0x0, 0xdf, 0x4e, 0x20, 0x0, 0x5, 0xff, 0x91,
    0x0, 0x0, 0x0, 0xdf, 0xff, 0x50, 0x0, 0x8f,
    0xfd, 0xff, 0x81, 0x0, 0x1, 0xff, 0xe3, 0x3,
    0x8e, 0xfe, 0x40, 0x5d, 0xff, 0x81, 0x1, 0xec,
    0x10, 0xdf, 0xfe, 0x80, 0x0, 0x0, 0x5d, 0xfb,
    0x0, 0x20, 0x0, 0x9a, 0x50, 0x0, 0x0, 0x0,
    0x0, 0x73,

    /* U+8C03 "调" */
    0x0, 0x50, 0x0, 0x0, 0x0, 0x0, 0x0, 0x0,
    0x0, 0x0, 0xcf, 0x30, 0xb, 0xdd, 0xdd, 0xdd,
    0xdd, 0xdd, 0xdb, 0x5, 0xfd, 0x0, 0xdf, 0xff,
    0xff, 0xff, 0xff, 0xff, 0xd0, 0xb, 0xf7, 0xd,
    0xf0, 0x0, 0x2, 0x0, 0x0, 0xfd, 0x0, 0x2f,
    0xe0, 0xdf, 0x0, 0x3, 0xf6, 0x0, 0xf, 0xd0,
    0x0, 0x62, 0xd, 0xf0, 0x57, 0x9f, 0xa7, 0x70,
    0xfd, 0x0, 0x0, 0x0, 0xdf, 0xb, 0xff, 0xff,
    0xff, 0xf, 0xdb, 0xdd, 0xa0, 0xd, 0xf0, 0x0,
    0x3f, 0x60, 0x0, 0xfd, 0xef, 0xfd, 0x0, 0xdf,
    0x0, 0x3, 0xf6, 0x0, 0xf, 0xd1, 0x2f, 0xd0,
    0xd, 0xf4, 0xff, 0xff, 0xff, 0xf6, 0xfd, 0x0,
    0xfd, 0x0, 0xdf, 0x29, 0x99, 0x99, 0x99, 0x3f,
    0xd0, 0xf, 0xd0, 0xd, 0xf0, 0x2, 0x22, 0x22,
    0x10, 0xfd, 0x0, 0xfd, 0x0, 0xef, 0x4, 0xff,
    0xff, 0xf8, 0xf, 0xd0, 0xf, 0xd0, 0xf, 0xe0,
    0x4f, 0x85, 0x6f, 0x80, 0xfd, 0x0, 0xfd, 0x67,
    0xfd, 0x4, 0xf5, 0x1, 0xf8, 0xf, 0xd0, 0xf,
    0xff, 0xbf, 0xb0, 0x4f, 0x51, 0x2f, 0x80, 0xfd,
    0x1, 0xff, 0xb5, 0xf8, 0x4, 0xff, 0xff, 0xf8,
    0xf, 0xd0, 0x5f, 0xb0, 0x9f, 0x50, 0x16, 0x66,
    0x66, 0x32, 0xfd, 0x0, 0x40, 0xe, 0xf0, 0x0,
    0x0, 0x3, 0xdd, 0xff, 0xa0, 0x0, 0x3, 0xf8,
    0x0, 0x0, 0x0, 0x1f, 0xff, 0xc2, 0x0, 0x0,
    0x2, 0x10, 0x0, 0x0, 0x0, 0x0, 0x0, 0x0,

    /* U+8C37 "谷" */
    0x0, 0x0, 0x0, 0x9, 0x40, 0x0, 0x49, 0x0,
    0x0, 0x0, 0x0, 0x0, 0x0, 0x1c, 0xfd, 0x0,
    0xc, 0xfd, 0x40, 0x0, 0x0, 0x0, 0x0, 0x5e,
    0xfd, 0x20, 0x0, 0x9, 0xff, 0x80, 0x0, 0x0,
    0x1, 0xaf, 0xf9, 0x0, 0x0, 0x0, 0x4, 0xef,
    0xd3, 0x0, 0x3, 0xef, 0xe5, 0x0, 0xa, 0xfb,
    0x0, 0x1, 0xbf, 0xf4, 0x0, 0xd, 0xa1, 0x0,
    0x8, 0xff, 0xfa, 0x0, 0x0, 0x7e, 0x0, 0x0,
    0x10, 0x0, 0x8, 0xfe, 0x2d, 0xfa, 0x0, 0x0,
    0x0, 0x0, 0x0, 0x0, 0xa, 0xfe, 0x20, 0x2d,
    0xfb, 0x10, 0x0, 0x0, 0x0, 0x0, 0x3d, 0xfd,
    0x20, 0x0, 0x1d, 0xfe, 0x40, 0x0, 0x0, 0x1,
    0x9f, 0xfb, 0x0, 0x0, 0x0, 0xa, 0xff, 0xa2,
    0x0, 0x8, 0xff, 0xf6, 0x0, 0x0, 0x0, 0x0,
    0x5, 0xef, 0xfa, 0x0, 0xcf, 0xae, 0xff, 0xff,
    0xff, 0xff, 0xff, 0xff, 0x9f, 0xd0, 0x3, 0x30,
    0xdf, 0xdd, 0xdd, 0xdd, 0xdd, 0xdf, 0xf0, 0x23,
    0x0, 0x0, 0xd, 0xf0, 0x0, 0x0, 0x0, 0x0,
    0xdf, 0x0, 0x0, 0x0, 0x0, 0xdf, 0x0, 0x0,
    0x0, 0x0, 0xd, 0xf0, 0x0, 0x0, 0x0, 0xd,
    0xf0, 0x0, 0x0, 0x0, 0x0, 0xdf, 0x0, 0x0,
    0x0, 0x0, 0xdf, 0xdd, 0xdd, 0xdd, 0xdd, 0xdf,
    0xf0, 0x0, 0x0, 0x0, 0xd, 0xff, 0xff, 0xff,
    0xff, 0xff, 0xff, 0x0, 0x0, 0x0, 0x0, 0xdf,
    0x0, 0x0, 0x0, 0x0, 0xd, 0xf0, 0x0, 0x0,

    /* U+8D25 "败" */
    0x0, 0x0, 0x0, 0x0, 0x0, 0x0, 0x5, 0x30,
    0x0, 0x0, 0x0, 0x3, 0x33, 0x33, 0x33, 0x10,
    0x2, 0xfa, 0x0, 0x0, 0x0, 0x0, 0xff, 0xff,
    0xff, 0xf9, 0x0, 0x7f, 0x60, 0x0, 0x0, 0x0,
    0xf, 0xd8, 0x88, 0x8f, 0x90, 0xd, 0xf1, 0x0,
    0x0, 0x0, 0x0, 0xf9, 0x0, 0x0, 0xf9, 0x3,
    0xff, 0xff, 0xff, 0xff, 0x60, 0xf, 0x90, 0xf9,
    0xf, 0x90, 0xaf, 0xed, 0xdd, 0xff, 0xd5, 0x0,
    0xf9, 0xf, 0x90, 0xf9, 0x2f, 0xf0, 0x0, 0xf,
    0xb0, 0x0, 0xf, 0x90, 0xf9, 0xf, 0x9a, 0xff,
    0x0, 0x2, 0xf9, 0x0, 0x0, 0xf9, 0xf, 0x90,
    0xfd, 0xff, 0xf2, 0x0, 0x5f, 0x60, 0x0, 0xf,
    0x90, 0xf9, 0xf, 0xdf, 0x8f, 0x60, 0x9, 0xf2,
    0x0, 0x0, 0xf9, 0xf, 0x90, 0xf9, 0x30, 0xeb,
    0x0, 0xee, 0x0, 0x0, 0xf, 0x90, 0xf9, 0xf,
    0x90, 0xa, 0xf2, 0x4f, 0x90, 0x0, 0x0, 0xf9,
    0xf, 0x80, 0xf9, 0x0, 0x3f, 0x9b, 0xf3, 0x0,
    0x0, 0xf, 0x92, 0xf7, 0xf, 0x90, 0x0, 0xbf,
    0xfb, 0x0, 0x0, 0x0, 0x74, 0x6f, 0xa0, 0x63,
    0x0, 0x4, 0xff, 0x30, 0x0, 0x0, 0x0, 0xd,
    0xff, 0x90, 0x0, 0x0, 0xbf, 0xfb, 0x0, 0x0,
    0x0, 0x8, 0xf8, 0x9f, 0x90, 0x0, 0xbf, 0xbc,
    0xfa, 0x0, 0x0, 0x6, 0xfd, 0x0, 0xbf, 0x61,
    0xcf, 0xc0, 0x1d, 0xfb, 0x10, 0x9, 0xfe, 0x20,
    0x0, 0x85, 0xef, 0xc0, 0x0, 0x1d, 0xfd, 0x30,
    0xdd, 0x20, 0x0, 0x0, 0xdf, 0x90, 0x0, 0x0,
    0xb, 0xf6, 0x1, 0x10, 0x0, 0x0, 0x2, 0x50,
    0x0, 0x0, 0x0, 0x5, 0x0,

    /* U+8D44 "资" */
    0x2, 0x20, 0x0, 0x0, 0x5d, 0x50, 0x0, 0x0,
    0x0, 0x0, 0xd, 0xf7, 0x0, 0x0, 0xdf, 0x20,
    0x0, 0x0, 0x0, 0x0, 0x4, 0xef, 0xc1, 0x6,
    0xff, 0xff, 0xff, 0xff, 0xff, 0xc0, 0x0, 0x1a,
    0xd0, 0x3f, 0xfa, 0xaf, 0xfa, 0xaa, 0xbf, 0xb0,
    0x0, 0x0, 0x11, 0xef, 0x50, 0xf, 0xd0, 0x0,
    0xcf, 0x20, 0x0, 0x2, 0xc4, 0xc7, 0x0, 0x7f,
    0xf4, 0x3, 0xc6, 0x0, 0x0, 0x5f, 0xf4, 0x0,
    0x8, 0xfe, 0xef, 0x91, 0x0, 0x0, 0x9, 0xfd,
    0x30, 0x39, 0xef, 0xc2, 0x1b, 0xff, 0xb6, 0x20,
    0xaf, 0xb1, 0xd, 0xff, 0xc5, 0x0, 0x0, 0x4a,
    0xff, 0xf7, 0x28, 0x0, 0x4, 0x61, 0x0, 0x0,
    0x0, 0x0, 0x5, 0x80, 0x0, 0xd, 0xdd, 0xdd,
    0xdd, 0xdd, 0xdd, 0xdd, 0xd0, 0x0, 0x0, 0xf,
    0xff, 0xff, 0xff, 0xff, 0xff, 0xff, 0xf0, 0x0,
    0x0, 0xf, 0xd0, 0x0, 0x6, 0x60, 0x0, 0xd,
    0xf0, 0x0, 0x0, 0xf, 0xd0, 0x0, 0xf, 0xf0,
    0x0, 0xd, 0xf0, 0x0, 0x0, 0xf, 0xd0, 0x0,
    0x3f, 0xd0, 0x0, 0xd, 0xf0, 0x0, 0x0, 0xf,
    0xd0, 0x0, 0xbf, 0xd4, 0x0, 0xd, 0xf0, 0x0,
    0x0, 0x4, 0x30, 0x3c, 0xff, 0xff, 0xe8, 0x23,
    0x40, 0x0, 0x0, 0x3, 0x7c, 0xff, 0xc1, 0x17,
    0xdf, 0xfc, 0x61, 0x0, 0x2b, 0xef, 0xff, 0xc4,
    0x0, 0x0, 0x4, 0xbf, 0xff, 0xa1, 0xe, 0xfb,
    0x72, 0x0, 0x0, 0x0, 0x0, 0x1, 0x8e, 0xe0,
    0x2, 0x0, 0x0, 0x0, 0x0, 0x0, 0x0, 0x0,
    0x0, 0x20,

    /* U+8D70 "走" */
    0x0, 0x0, 0x0, 0x0, 0x6, 0x81, 0x0, 0x0,
    0x0, 0x0, 0x0, 0x0, 0x0, 0x0, 0x0, 0xcf,
    0x30, 0x0, 0x0, 0x0, 0x0, 0x0, 0x0, 0x0,
    0x0, 0xc, 0xf3, 0x0, 0x0, 0x0, 0x0, 0x0,
    0x7, 0xdd, 0xdd, 0xdd, 0xff, 0xdd, 0xdd, 0xdd,
    0xd3, 0x0, 0x0, 0x9f, 0xff, 0xff, 0xff, 0xff,
    0xff, 0xff, 0xff, 0x40, 0x0, 0x0, 0x0, 0x0,
    0x0, 0xcf, 0x30, 0x0, 0x0, 0x0, 0x0, 0x0,
    0x0, 0x0, 0x0, 0xc, 0xf3, 0x0, 0x0, 0x0,
    0x0, 0x0, 0x0, 0x0, 0x0, 0x0, 0xcf, 0x30,
    0x0, 0x0, 0x0, 0x0, 0xd, 0xdd, 0xdd, 0xdd,
    0xdf, 0xfd, 0xdd, 0xdd, 0xdd, 0xdc, 0x0, 0xff,
    0xff, 0xff, 0xff, 0xff, 0xff, 0xff, 0xff, 0xff,
    0xf0, 0x0, 0x0, 0x0, 0x0, 0x8, 0xf6, 0x0,
    0x0, 0x0, 0x0, 0x0, 0x0, 0x3a, 0x50, 0x0,
    0x8f, 0x60, 0x0, 0x0, 0x0, 0x0, 0x0, 0x6,
    0xf8, 0x0, 0x8, 0xf6, 0x0, 0x0, 0x0, 0x0,
    0x0, 0x0, 0x8f, 0x60, 0x0, 0x8f, 0xff, 0xff,
    0xff, 0xf5, 0x0, 0x0, 0xb, 0xf5, 0x0, 0x8,
    0xfe, 0xdd, 0xdd, 0xdd, 0x40, 0x0, 0x0, 0xff,
    0xd0, 0x0, 0x8f, 0x60, 0x0, 0x0, 0x0, 0x0,
    0x0, 0x6f, 0xff, 0xa0, 0x8, 0xf6, 0x0, 0x0,
    0x0, 0x0, 0x0, 0xe, 0xf4, 0xef, 0xc4, 0x9f,
    0x60, 0x0, 0x0, 0x0, 0x0, 0xa, 0xfa, 0x2,
    0xdf, 0xff, 0xfe, 0xdd, 0xdd, 0xdd, 0xdd, 0x12,
    0xfe, 0x10, 0x0, 0x5a, 0xde, 0xff, 0xff, 0xff,
    0xff, 0xe0, 0x6, 0x40, 0x0, 0x0, 0x0, 0x0,
    0x0, 0x0, 0x0, 0x0, 0x0,

    /* U+8D77 "起" */
    0x0, 0x0, 0x2, 0x30, 0x0, 0x0, 0x0, 0x0,
    0x0, 0x0, 0x0, 0x0, 0x0, 0x9f, 0x20, 0x0,
    0x12, 0x22, 0x22, 0x22, 0x0, 0x0, 0x0, 0x9,
    0xf2, 0x0, 0xe, 0xff, 0xff, 0xff, 0xf0, 0x0,
    0xd, 0xdd, 0xef, 0xdd, 0xd5, 0x78, 0x88, 0x88,
    0xef, 0x0, 0x1, 0xff, 0xff, 0xff, 0xff, 0x70,
    0x0, 0x0, 0xd, 0xf0, 0x0, 0x0, 0x0, 0x9f,
    0x20, 0x0, 0x0, 0x0, 0x0, 0xdf, 0x0, 0x0,
    0x0, 0x9, 0xf2, 0x0, 0x0, 0x0, 0x0, 0xd,
    0xf0, 0x0, 0x0, 0x0, 0x9f, 0x20, 0x0, 0x5a,
    0xaa, 0xaa, 0xff, 0x0, 0xc, 0xff, 0xff, 0xff,
    0xff, 0xf8, 0xff, 0xff, 0xff, 0xf0, 0x0, 0xad,
    0xdd, 0xdf, 0xfd, 0xdd, 0x8f, 0x53, 0x33, 0x33,
    0x0, 0x0, 0x1, 0x0, 0xed, 0x0, 0x8, 0xf2,
    0x0, 0x0, 0x0, 0x0, 0x8, 0xf1, 0xe, 0xd0,
    0x0, 0x8f, 0x20, 0x0, 0x9, 0x60, 0x0, 0x8f,
    0x10, 0xee, 0x77, 0x58, 0xf2, 0x0, 0x0, 0xed,
    0x0, 0x9, 0xf1, 0xe, 0xff, 0xfc, 0x8f, 0x40,
    0x0, 0x1f, 0xc0, 0x0, 0xaf, 0x50, 0xed, 0x0,
    0x6, 0xff, 0xdd, 0xdf, 0xf9, 0x0, 0xc, 0xfc,
    0xe, 0xd0, 0x0, 0xb, 0xff, 0xff, 0xfc, 0x20,
    0x0, 0xfe, 0xf8, 0xed, 0x0, 0x0, 0x0, 0x0,
    0x0, 0x0, 0x0, 0x3f, 0x6c, 0xff, 0xe0, 0x0,
    0x0, 0x0, 0x0, 0x0, 0x0, 0x8, 0xf2, 0x1c,
    0xff, 0xfe, 0xdd, 0xdd, 0xdd, 0xdd, 0xdd, 0x30,
    0xed, 0x0, 0x6, 0xbe, 0xff, 0xff, 0xff, 0xff,
    0xff, 0xf2, 0x2, 0x40, 0x0, 0x0, 0x0, 0x0,
    0x0, 0x0, 0x0, 0x0, 0x0,

    /* U+8D85 "超" */
    0x0, 0x0, 0x66, 0x0, 0x0, 0x0, 0x0, 0x0,
    0x0, 0x0, 0x0, 0x0, 0xde, 0x0, 0x2, 0x99,
    0x99, 0x99, 0x99, 0x90, 0x0, 0x0, 0xde, 0x0,
    0x4, 0xff, 0xff, 0xff, 0xff, 0xe0, 0xf, 0xff,
    0xff, 0xff, 0xb0, 0x0, 0xfb, 0x0, 0xf, 0xd0,
    0xd, 0xdd, 0xff, 0xdd, 0x90, 0x5, 0xf7, 0x0,
    0xf, 0xd0, 0x0, 0x0, 0xde, 0x0, 0x0, 0xc,
    0xf1, 0x0, 0x3f, 0xc0, 0x0, 0x0, 0xde, 0x0,
    0x0, 0xaf, 0x92, 0xdd, 0xff, 0x90, 0x6a, 0xaa,
    0xff, 0xaa, 0xa8, 0xfb, 0x0, 0xff, 0xfc, 0x20,
    0xaf, 0xff, 0xff, 0xff, 0xf0, 0x80, 0x0, 0x0,
    0x0, 0x0, 0x46, 0x66, 0x7f, 0xb6, 0x60, 0x0,
    0x0, 0x0, 0x0, 0x0, 0x0, 0x30, 0x1f, 0x80,
    0x0, 0xdf, 0xff, 0xff, 0xff, 0xb0, 0x5, 0xf3,
    0x1f, 0x80, 0x0, 0xdf, 0xaa, 0xaa, 0xaf, 0xb0,
    0x5, 0xf3, 0x1f, 0xa4, 0x30, 0xdf, 0x0, 0x0,
    0x1f, 0xb0, 0x6, 0xf2, 0x1f, 0xff, 0xf0, 0xdf,
    0x0, 0x0, 0x1f, 0xb0, 0x8, 0xf4, 0x1f, 0xc8,
    0x70, 0xdf, 0x0, 0x0, 0x1f, 0xb0, 0xa, 0xfa,
    0x1f, 0x80, 0x0, 0xdf, 0xff, 0xff, 0xff, 0xb0,
    0xd, 0xff, 0x5f, 0x80, 0x0, 0x8a, 0xaa, 0xaa,
    0xaa, 0x70, 0x2f, 0xbe, 0xff, 0x80, 0x0, 0x0,
    0x0, 0x0, 0x0, 0x0, 0x8f, 0x53, 0xef, 0xff,
    0xed, 0xdd, 0xdd, 0xdd, 0xdd, 0xdb, 0x9f, 0x0,
    0x17, 0xce, 0xff, 0xff, 0xff, 0xff, 0xff, 0xfa,
    0x3, 0x0, 0x0, 0x0, 0x0, 0x0, 0x0, 0x0,
    0x0, 0x0,

    /* U+8DB3 "足" */
    0x0, 0xd, 0xdd, 0xdd, 0xdd, 0xdd, 0xdd, 0xdd,
    0xdb, 0x0, 0x0, 0x0, 0xff, 0xff, 0xff, 0xff,
    0xff, 0xff, 0xff, 0xe0, 0x0, 0x0, 0xf, 0xf0,
    0x0, 0x0, 0x0, 0x0, 0x0, 0xfe, 0x0, 0x0,
    0x0, 0xff, 0x0, 0x0, 0x0, 0x0, 0x0, 0xf,
    0xe0, 0x0, 0x0, 0xf, 0xf0, 0x0, 0x0, 0x0,
    0x0, 0x0, 0xfe, 0x0, 0x0, 0x0, 0xff, 0x0,
    0x0, 0x0, 0x0, 0x0, 0xf, 0xe0, 0x0, 0x0,
    0xf, 0xfd, 0xdd, 0xdd, 0xdd, 0xdd, 0xdd, 0xfe,
    0x0, 0x0, 0x0, 0xff, 0xff, 0xff, 0xff, 0xff,
    0xff, 0xff, 0xe0, 0x0, 0x0, 0x0, 0x0, 0x0,
    0x0, 0xfe, 0x0, 0x0, 0x0, 0x0, 0x0, 0x0,
    0x2a, 0x60, 0x0, 0xf, 0xe0, 0x0, 0x0, 0x0,
    0x0, 0x0, 0x4, 0xfa, 0x0, 0x0, 0xfe, 0x0,
    0x0, 0x0, 0x0, 0x0, 0x0, 0x6f, 0x80, 0x0,
    0xf, 0xfd, 0xdd, 0xdd, 0xdd, 0x30, 0x0, 0x8,
    0xf6, 0x0, 0x0, 0xff, 0xff, 0xff, 0xff, 0xf4,
    0x0, 0x0, 0xcf, 0xb0, 0x0, 0xf, 0xe0, 0x0,
    0x0, 0x0, 0x0, 0x0, 0x1f, 0xff, 0x40, 0x0,
    0xfe, 0x0, 0x0, 0x0, 0x0, 0x0, 0x8, 0xfb,
    0xff, 0x40, 0xf, 0xe0, 0x0, 0x0, 0x0, 0x0,
    0x1, 0xff, 0x18, 0xff, 0xa5, 0xfe, 0x0, 0x0,
    0x0, 0x0, 0x0, 0xbf, 0x90, 0x7, 0xff, 0xff,
    0xff, 0xff, 0xff, 0xff, 0xf4, 0x2f, 0xe1, 0x0,
    0x1, 0x6a, 0xcd, 0xdd, 0xdd, 0xdd, 0xdd, 0x10,
    0x33, 0x0, 0x0, 0x0, 0x0, 0x0, 0x0, 0x0,
    0x0, 0x0,

    /* U+8DD1 "跑" */
    0x0, 0x0, 0x0, 0x0, 0x0, 0x14, 0x0, 0x0,
    0x0, 0x0, 0x2, 0x22, 0x22, 0x20, 0x0, 0x8f,
    0x20, 0x0, 0x0, 0x0, 0xd, 0xff, 0xff, 0xf3,
    0x0, 0xed, 0x0, 0x0, 0x0, 0x0, 0xd, 0xe9,
    0x9b, 0xf3, 0x6, 0xff, 0xff, 0xff, 0xff, 0xb0,
    0xd, 0xc0, 0x6, 0xf3, 0xe, 0xfd, 0xdd, 0xdd,
    0xdf, 0xb0, 0xd, 0xc0, 0x6, 0xf3, 0x9f, 0x90,
    0x0, 0x0, 0xf, 0xa0, 0xd, 0xd3, 0x38, 0xf7,
    0xfe, 0x10, 0x0, 0x0, 0xf, 0xa0, 0xd, 0xff,
    0xff, 0xfa, 0xff, 0xff, 0xff, 0x90, 0xf, 0xa0,
    0x8, 0xaa, 0xfd, 0xa2, 0x6f, 0xed, 0xdf, 0x90,
    0xf, 0xa0, 0x0, 0x0, 0xf9, 0x0, 0xf, 0x90,
    0xf, 0x90, 0xf, 0xa0, 0xe, 0x70, 0xf9, 0x0,
    0xf, 0x90, 0xf, 0x90, 0xf, 0x90, 0xf, 0x80,
    0xfc, 0x75, 0xf, 0xa1, 0x1f, 0x90, 0xf, 0x90,
    0xf, 0x80, 0xff, 0xfb, 0xf, 0xff, 0xff, 0x90,
    0xf, 0x90, 0xf, 0x80, 0xfa, 0x21, 0xf, 0xc7,
    0x77, 0x40, 0x5f, 0x80, 0xf, 0x80, 0xf9, 0x0,
    0xf, 0x90, 0xc, 0xff, 0xff, 0x60, 0xf, 0x80,
    0xf9, 0x0, 0xf, 0x90, 0x5, 0x98, 0x73, 0xdc,
    0xf, 0x80, 0xfb, 0x65, 0xf, 0x90, 0x0, 0x0,
    0x0, 0xdb, 0x4f, 0xde, 0xff, 0xfb, 0xf, 0xc0,
    0x0, 0x0, 0x1, 0xfa, 0xbf, 0xfe, 0xb8, 0x52,
    0xc, 0xfe, 0xdd, 0xdd, 0xdf, 0xf7, 0x44, 0x10,
    0x0, 0x0, 0x3, 0xcf, 0xff, 0xff, 0xff, 0xb0,

    /* U+8DDD "距" */
    0x0, 0x11, 0x11, 0x11, 0x10, 0x0, 0x0, 0x0,
    0x0, 0x0, 0x0, 0xb, 0xff, 0xff, 0xfb, 0xb,
    0xdd, 0xdd, 0xdd, 0xdd, 0xd3, 0x0, 0xbf, 0x99,
    0x9f, 0xb0, 0xdf, 0xff, 0xff, 0xff, 0xff, 0x40,
    0xb, 0xe0, 0x0, 0xfb, 0xd, 0xf0, 0x0, 0x0,
    0x0, 0x0, 0x0, 0xbe, 0x0, 0xf, 0xb0, 0xdf,
    0x0, 0x0, 0x0, 0x0, 0x0, 0xb, 0xe0, 0x0,
    0xfb, 0xd, 0xf0, 0x0, 0x0, 0x0, 0x0, 0x0,
    0xbf, 0xcc, 0xcf, 0xb0, 0xdf, 0xdd, 0xdd, 0xdd,
    0xd0, 0x0, 0xb, 0xff, 0xff, 0xfb, 0xd, 0xff,
    0xff, 0xff, 0xff, 0x0, 0x0, 0x0, 0xf, 0xd0,
    0x0, 0xdf, 0x0, 0x0, 0xd, 0xf0, 0x0, 0x6,
    0x30, 0xfd, 0x0, 0xd, 0xf0, 0x0, 0x0, 0xdf,
    0x0, 0x0, 0xf8, 0xf, 0xd2, 0x20, 0xdf, 0x0,
    0x0, 0xd, 0xf0, 0x0, 0xf, 0x80, 0xff, 0xff,
    0xd, 0xf0, 0x0, 0x0, 0xdf, 0x0, 0x0, 0xf8,
    0xf, 0xe8, 0x80, 0xdf, 0xdd, 0xdd, 0xdf, 0xf0,
    0x0, 0xf, 0x80, 0xfd, 0x0, 0xd, 0xff, 0xff,
    0xff, 0xff, 0x0, 0x0, 0xf8, 0xf, 0xd0, 0x0,
    0xdf, 0x0, 0x0, 0x0, 0x0, 0x0, 0xf, 0x80,
    0xfd, 0x0, 0xd, 0xf0, 0x0, 0x0, 0x0, 0x0,
    0x0, 0xf8, 0xf, 0xd1, 0x40, 0xdf, 0x0, 0x0,
    0x0, 0x0, 0x0, 0xf, 0xb8, 0xff, 0xff, 0x1d,
    0xf0, 0x0, 0x0, 0x0, 0x0, 0xf, 0xff, 0xff,
    0xda, 0x70, 0xdf, 0xdd, 0xdd, 0xdd, 0xdd, 0x60,
    0xbb, 0x74, 0x10, 0x0, 0xd, 0xff, 0xff, 0xff,
    0xff, 0xf7,

    /* U+8DDF "跟" */
    0x9, 0xdd, 0xdd, 0xd6, 0xd, 0xdd, 0xdd, 0xdd,
    0xdd, 0x0, 0xb, 0xff, 0xff, 0xf7, 0xf, 0xff,
    0xff, 0xff, 0xff, 0x0, 0xb, 0xf0, 0x1, 0xf7,
    0xf, 0xd0, 0x0, 0x0, 0xdf, 0x0, 0xb, 0xf0,
    0x1, 0xf7, 0xf, 0xd0, 0x0, 0x0, 0xdf, 0x0,
    0xb, 0xf0, 0x1, 0xf7, 0xf, 0xe4, 0x44, 0x44,
    0xef, 0x0, 0xb, 0xf0, 0x1, 0xf7, 0xf, 0xff,
    0xff, 0xff, 0xff, 0x0, 0xb, 0xff, 0xff, 0xf7,
    0xf, 0xe8, 0x88, 0x88, 0xef, 0x0, 0x9, 0xdd,
    0xfe, 0xd6, 0xf, 0xd0, 0x0, 0x0, 0xdf, 0x0,
    0x0, 0x0, 0xf9, 0x0, 0xf, 0xd3, 0x33, 0x33,
    0xdf, 0x0, 0xe, 0x60, 0xf9, 0x0, 0xf, 0xff,
    0xff, 0xff, 0xff, 0x0, 0xf, 0x70, 0xfe, 0xda,
    0xf, 0xd2, 0xbd, 0x22, 0x22, 0x0, 0xf, 0x70,
    0xff, 0xfc, 0xf, 0xd0, 0x6f, 0x10, 0x1c, 0x90,
    0xf, 0x70, 0xf9, 0x0, 0xf, 0xd0, 0x1f, 0x74,
    0xef, 0x70, 0xf, 0x70, 0xf9, 0x0, 0xf, 0xd0,
    0xa, 0xff, 0xd3, 0x0, 0xf, 0x70, 0xf9, 0x0,
    0xf, 0xd0, 0x2, 0xfe, 0x0, 0x0, 0xf, 0x70,
    0xfa, 0x55, 0xf, 0xd0, 0x3, 0x6f, 0x90, 0x0,
    0x3f, 0xcc, 0xff, 0xfd, 0xf, 0xd4, 0xcf, 0x9,
    0xfd, 0x30, 0xcf, 0xff, 0xda, 0x74, 0x3f, 0xff,
    0xf9, 0x0, 0x7f, 0xf5, 0x56, 0x30, 0x0, 0x0,
    0x6f, 0xf8, 0x10, 0x0, 0x3, 0xb0, 0x0, 0x0,
    0x0, 0x0, 0x7, 0x10, 0x0, 0x0, 0x0, 0x0,

    /* U+8DE8 "跨" */
    0x0, 0x0, 0x0, 0x0, 0x0, 0x0, 0x10, 0x0,
    0x0, 0x0, 0x0, 0x0, 0x0, 0x0, 0x0, 0x0,
    0xbf, 0x0, 0x0, 0x0, 0xc, 0xee, 0xee, 0xe4,
    0x0, 0x0, 0xfb, 0x0, 0x0, 0x0, 0xd, 0xff,
    0xff, 0xf4, 0xdd, 0xdd, 0xfe, 0xdd, 0xdd, 0xd2,
    0xd, 0xd0, 0x4, 0xf4, 0xff, 0xff, 0xff, 0xff,
    0xff, 0xf3, 0xd, 0xd0, 0x4, 0xf4, 0x0, 0x4f,
    0xa0, 0xaf, 0x20, 0x0, 0xd, 0xd0, 0x4, 0xf4,
    0x0, 0xdf, 0x20, 0x2f, 0xb0, 0x0, 0xd, 0xd5,
    0x57, 0xf4, 0xa, 0xf8, 0x0, 0x9, 0xf8, 0x0,
    0xd, 0xff, 0xff, 0xf5, 0xaf, 0xf9, 0x88, 0x89,
    0xff, 0x80, 0x7, 0x99, 0xfd, 0x9d, 0xfa, 0xbf,
    0xff, 0xff, 0x6b, 0xf8, 0x4, 0x20, 0xfa, 0x5,
    0x60, 0x0, 0x0, 0x0, 0x0, 0x51, 0xf, 0x80,
    0xfa, 0x0, 0xaa, 0xaa, 0xaa, 0xaa, 0xaa, 0xa2,
    0xf, 0x80, 0xff, 0xf7, 0xff, 0xff, 0xff, 0xff,
    0xff, 0xf4, 0xf, 0x80, 0xff, 0xe5, 0x6, 0xf5,
    0x0, 0x0, 0x0, 0x0, 0xf, 0x80, 0xfa, 0x0,
    0x9, 0xf2, 0x0, 0x0, 0x0, 0x0, 0xf, 0x80,
    0xfa, 0x0, 0xc, 0xff, 0xff, 0xff, 0xfc, 0x0,
    0xf, 0x80, 0xfa, 0x0, 0x9, 0xaa, 0xaa, 0xaa,
    0xfa, 0x0, 0xf, 0x80, 0xfb, 0x68, 0x0, 0x0,
    0x0, 0x3, 0xf8, 0x0, 0x7f, 0xee, 0xff, 0xfe,
    0x0, 0x0, 0x0, 0x6, 0xf6, 0x0, 0xef, 0xeb,
    0x86, 0x31, 0x0, 0x1a, 0xaa, 0xaf, 0xf2, 0x0,
    0x20, 0x0, 0x0, 0x0, 0x0, 0xf, 0xff, 0xfe,
    0x70, 0x0,

    /* U+8DEF "路" */
    0x0, 0x0, 0x0, 0x0, 0x0, 0x0, 0x0, 0x0,
    0x0, 0x0, 0x0, 0x0, 0x0, 0x0, 0x0, 0xb,
    0xd0, 0x0, 0x0, 0x0, 0xa, 0xdd, 0xdd, 0xd9,
    0x0, 0x3f, 0xa0, 0x0, 0x0, 0x0, 0xd, 0xfd,
    0xdd, 0xfb, 0x0, 0xcf, 0xff, 0xff, 0xff, 0xa0,
    0xd, 0xc0, 0x0, 0xeb, 0x8, 0xfb, 0xaa, 0xaa,
    0xef, 0x90, 0xd, 0xc0, 0x0, 0xeb, 0x4f, 0xf9,
    0x0, 0x3, 0xfe, 0x10, 0xd, 0xc0, 0x0, 0xeb,
    0xed, 0xbf, 0x40, 0x1e, 0xf5, 0x0, 0xd, 0xfd,
    0xdd, 0xfb, 0x62, 0x1e, 0xf5, 0xdf, 0x70, 0x0,
    0xd, 0xff, 0xff, 0xfb, 0x0, 0x3, 0xff, 0xf7,
    0x0, 0x0, 0x0, 0x0, 0xfd, 0x0, 0x0, 0x8,
    0xff, 0xfa, 0x20, 0x0, 0x1, 0x0, 0xfd, 0x0,
    0x7, 0xef, 0xe6, 0xdf, 0xfb, 0x50, 0xf, 0x90,
    0xfd, 0x0, 0xdf, 0xf8, 0x0, 0x6, 0xdf, 0xf8,
    0xf, 0x90, 0xff, 0x99, 0x88, 0x10, 0x0, 0x0,
    0x4, 0xa2, 0xf, 0x90, 0xff, 0xff, 0x18, 0xaa,
    0xaa, 0xaa, 0xaa, 0x0, 0xf, 0x90, 0xfd, 0x22,
    0xd, 0xff, 0xff, 0xff, 0xff, 0x0, 0xf, 0x90,
    0xfd, 0x0, 0xd, 0xf0, 0x0, 0x0, 0xdf, 0x0,
    0xf, 0x90, 0xfd, 0x0, 0xd, 0xf0, 0x0, 0x0,
    0xdf, 0x0, 0xf, 0x90, 0xfd, 0x47, 0x1d, 0xf0,
    0x0, 0x0, 0xdf, 0x0, 0x5f, 0xed, 0xff, 0xff,
    0x3d, 0xf9, 0x99, 0x99, 0xef, 0x0, 0xdf, 0xfe,
    0xc9, 0x75, 0x1d, 0xff, 0xff, 0xff, 0xff, 0x0,
    0x33, 0x0, 0x0, 0x0, 0xd, 0xf0, 0x0, 0x0,
    0xdf, 0x0,

    /* U+8DF3 "跳" */
    0x0, 0x0, 0x0, 0x0, 0x0, 0x46, 0x0, 0x86,
    0x0, 0x0, 0x7, 0xaa, 0xaa, 0xa1, 0x0, 0xbf,
    0x0, 0xfd, 0x0, 0x0, 0xc, 0xff, 0xff, 0xf2,
    0x0, 0xbf, 0x0, 0xfd, 0x0, 0x0, 0xc, 0xc0,
    0x6, 0xf6, 0x90, 0xbf, 0x0, 0xfd, 0x6, 0xa0,
    0xc, 0xc0, 0x6, 0xf6, 0xf1, 0xbf, 0x0, 0xfd,
    0xd, 0xb0, 0xc, 0xc0, 0x6, 0xf2, 0xe7, 0xbf,
    0x0, 0xfd, 0x4f, 0x40, 0xc, 0xfd, 0xde, 0xf2,
    0x8c, 0xbf, 0x0, 0xfd, 0xcc, 0x0, 0xc, 0xff,
    0xff, 0xf2, 0x3f, 0xdf, 0x0, 0xff, 0xf4, 0x0,
    0x0, 0x0, 0xf9, 0x0, 0x4, 0xbf, 0x0, 0xfd,
    0x30, 0x0, 0x6, 0x30, 0xf9, 0x0, 0x0, 0xbf,
    0x0, 0xfe, 0x10, 0x0, 0xf, 0x80, 0xf9, 0x0,
    0x5, 0xff, 0x0, 0xff, 0xe2, 0x0, 0xf, 0x80,
    0xff, 0xf7, 0x7f, 0xff, 0x0, 0xff, 0xfe, 0x30,
    0xf, 0x80, 0xfe, 0xdd, 0xfb, 0xde, 0x0, 0xfd,
    0x3e, 0xf1, 0xf, 0x80, 0xf9, 0x9, 0x90, 0xed,
    0x0, 0xfd, 0x2, 0xa0, 0xf, 0x80, 0xf9, 0x0,
    0x1, 0xfa, 0x0, 0xfd, 0x0, 0x0, 0xf, 0x80,
    0xf9, 0x0, 0x6, 0xf6, 0x0, 0xfd, 0x0, 0xe5,
    0xf, 0x80, 0xfb, 0x64, 0xd, 0xf1, 0x0, 0xfd,
    0x0, 0xf5, 0x4f, 0xee, 0xff, 0xf8, 0x8f, 0x90,
    0x0, 0xfe, 0x1, 0xf5, 0xbf, 0xfd, 0xa7, 0x48,
    0xfe, 0x10, 0x0, 0xef, 0xde, 0xf3, 0x43, 0x0,
    0x0, 0xd, 0xf3, 0x0, 0x0, 0x6e, 0xff, 0xb0,
    0x0, 0x0, 0x0, 0x2, 0x40, 0x0, 0x0, 0x0,
    0x0, 0x0,

    /* U+8E0F "踏" */
    0x0, 0x0, 0x0, 0x0, 0x0, 0x0, 0x9, 0x80,
    0x0, 0x0, 0x0, 0x57, 0x77, 0x77, 0x20, 0x0,
    0x0, 0xed, 0x0, 0x0, 0x0, 0xc, 0xff, 0xff,
    0xf4, 0x0, 0x0, 0xe, 0xf0, 0x0, 0x91, 0x0,
    0xce, 0x66, 0x8f, 0x5f, 0xff, 0xf3, 0xef, 0x61,
    0xcf, 0x80, 0xc, 0xd0, 0x3, 0xf5, 0x99, 0xcf,
    0x2e, 0xfe, 0xee, 0x50, 0x0, 0xcd, 0x0, 0x3f,
    0x40, 0xd, 0xc0, 0xee, 0xef, 0x10, 0x0, 0xc,
    0xfd, 0xde, 0xf4, 0x9, 0xf3, 0xe, 0xd5, 0xfc,
    0x0, 0x0, 0xcf, 0xff, 0xff, 0x48, 0xf8, 0x0,
    0xed, 0x8, 0xfe, 0x50, 0x0, 0x0, 0xf9, 0x8,
    0xfa, 0x2b, 0xcf, 0xc0, 0x7, 0xff, 0x10, 0x20,
    0xf, 0x90, 0x38, 0x0, 0xee, 0xd5, 0x0, 0x3,
    0x60, 0xf, 0x70, 0xf9, 0x0, 0x13, 0x33, 0x33,
    0x33, 0x33, 0x20, 0x0, 0xf7, 0xf, 0xff, 0xa7,
    0xff, 0xff, 0xff, 0xff, 0xfd, 0x0, 0xf, 0x70,
    0xff, 0xd8, 0x7f, 0x97, 0x77, 0x77, 0x7f, 0xd0,
    0x0, 0xf7, 0xf, 0x90, 0x7, 0xf3, 0x0, 0x0,
    0x0, 0xfd, 0x0, 0xf, 0x70, 0xf9, 0x0, 0x7f,
    0x97, 0x77, 0x77, 0x7f, 0xd0, 0x0, 0xf7, 0xf,
    0x90, 0x7, 0xff, 0xff, 0xff, 0xff, 0xfd, 0x0,
    0xf, 0x70, 0xfa, 0x45, 0x7f, 0x30, 0x0, 0x0,
    0xf, 0xd0, 0x3, 0xfc, 0xbf, 0xff, 0xd7, 0xf3,
    0x0, 0x0, 0x0, 0xfd, 0x0, 0xcf, 0xff, 0xda,
    0x74, 0x7f, 0xff, 0xff, 0xff, 0xff, 0xd0, 0x5,
    0x53, 0x0, 0x0, 0x7, 0xf9, 0x77, 0x77, 0x77,
    0xfc, 0x0,

    /* U+8F66 "车" */
    0x0, 0x0, 0x0, 0x0, 0x0, 0x0, 0x0, 0x0,
    0x0, 0x0, 0x0, 0x0, 0x0, 0xe, 0xb1, 0x0,
    0x0, 0x0, 0x0, 0x0, 0x0, 0x0, 0x0, 0x5f,
    0xc0, 0x0, 0x0, 0x0, 0x0, 0x0, 0x0, 0x0,
    0x0, 0xcf, 0x60, 0x0, 0x0, 0x0, 0x0, 0x0,
    0x4d, 0xdd, 0xdd, 0xff, 0xdd, 0xdd, 0xdd, 0xdd,
    0xdd, 0x70, 0x5f, 0xff, 0xff, 0xff, 0xff, 0xff,
    0xff, 0xff, 0xff, 0x80, 0x0, 0x0, 0x2f, 0xf1,
    0x3, 0x40, 0x0, 0x0, 0x0, 0x0, 0x0, 0x0,
    0xaf, 0x80, 0xe, 0xf1, 0x0, 0x0, 0x0, 0x0,
    0x0, 0x3, 0xff, 0x10, 0xe, 0xf1, 0x0, 0x0,
    0x0, 0x0, 0x0, 0xb, 0xf7, 0x0, 0xe, 0xf1,
    0x0, 0x0, 0x0, 0x0, 0x0, 0x5f, 0xd0, 0x0,
    0xe, 0xf1, 0x0, 0x0, 0x0, 0x0, 0x0, 0xaf,
    0xff, 0xff, 0xff, 0xff, 0xff, 0xff, 0xf6, 0x0,
    0x0, 0x9d, 0xdd, 0xdd, 0xdf, 0xfd, 0xdd, 0xdd,
    0xd5, 0x0, 0x0, 0x0, 0x0, 0x0, 0xe, 0xf1,
    0x0, 0x0, 0x0, 0x0, 0x0, 0x0, 0x0, 0x0,
    0xe, 0xf1, 0x0, 0x0, 0x0, 0x0, 0x0, 0x0,
    0x0, 0x0, 0xe, 0xf1, 0x0, 0x0, 0x0, 0x0,
    0xff, 0xff, 0xff, 0xff, 0xff, 0xff, 0xff, 0xff,
    0xff, 0xf3, 0xee, 0xee, 0xee, 0xee, 0xef, 0xfe,
    0xee, 0xee, 0xee, 0xe2, 0x0, 0x0, 0x0, 0x0,
    0xe, 0xf1, 0x0, 0x0, 0x0, 0x0, 0x0, 0x0,
    0x0, 0x0, 0xe, 0xf1, 0x0, 0x0, 0x0, 0x0,
    0x0, 0x0, 0x0, 0x0, 0xe, 0xf1, 0x0, 0x0,
    0x0, 0x0,

    /* U+8F68 "轨" */
    0x0, 0x1, 0x73, 0x0, 0x0, 0x6, 0x60, 0x0,
    0x0, 0x0, 0x0, 0x0, 0x5f, 0x80, 0x0, 0x0,
    0xfe, 0x0, 0x0, 0x0, 0x0, 0x0, 0x9, 0xf4,
    0x0, 0x0, 0xf, 0xe0, 0x0, 0x0, 0x0, 0x2,
    0xbb, 0xef, 0xbb, 0xb7, 0x0, 0xfe, 0x0, 0x0,
    0x0, 0x0, 0x3f, 0xff, 0xff, 0xff, 0xb0, 0xf,
    0xe0, 0x0, 0x0, 0x0, 0x0, 0x17, 0xf6, 0x11,
    0x14, 0xff, 0xff, 0xff, 0xff, 0x0, 0x0, 0x0,
    0xbf, 0x3b, 0x40, 0x3d, 0xdf, 0xfd, 0xdf, 0xf0,
    0x0, 0x0, 0x1f, 0xb3, 0xf6, 0x0, 0x0, 0xfd,
    0x0, 0xdf, 0x0, 0x0, 0x6, 0xf6, 0x3f, 0x60,
    0x0, 0xf, 0xd0, 0xd, 0xf0, 0x0, 0x0, 0xcf,
    0x13, 0xf6, 0x0, 0x0, 0xfc, 0x0, 0xdf, 0x0,
    0x0, 0xf, 0xff, 0xff, 0xff, 0xd0, 0x1f, 0xb0,
    0xd, 0xf0, 0x0, 0x0, 0xdd, 0xde, 0xfe, 0xdb,
    0x2, 0xfa, 0x0, 0xdf, 0x0, 0x0, 0x0, 0x0,
    0x5f, 0x60, 0x0, 0x4f, 0x70, 0xd, 0xf0, 0x0,
    0x0, 0x0, 0x5, 0xf6, 0x0, 0x7, 0xf4, 0x0,
    0xdf, 0x0, 0x0, 0x0, 0x13, 0x9f, 0xdd, 0xb0,
    0xbf, 0x10, 0xd, 0xf0, 0x6d, 0x7, 0xff, 0xff,
    0xff, 0xe9, 0x1f, 0xc0, 0x0, 0xdf, 0x6, 0xf0,
    0x6e, 0xb9, 0xaf, 0x60, 0x9, 0xf5, 0x0, 0xd,
    0xf0, 0x6f, 0x0, 0x0, 0x5, 0xf6, 0x3, 0xfc,
    0x0, 0x0, 0xdf, 0x7, 0xf0, 0x0, 0x0, 0x5f,
    0x60, 0xdf, 0x20, 0x0, 0xc, 0xfe, 0xfd, 0x0,
    0x0, 0x5, 0xf6, 0x1b, 0x50, 0x0, 0x0, 0x6e,
    0xfe, 0x60,

    /* U+8F6C "转" */
    0x0, 0x0, 0xab, 0x0, 0x0, 0x0, 0xa, 0x90,
    0x0, 0x0, 0x0, 0x0, 0xf, 0xc0, 0x0, 0x0,
    0x0, 0xfd, 0x0, 0x0, 0x0, 0x0, 0x4, 0xf8,
    0x0, 0x0, 0x0, 0x3f, 0xa0, 0x0, 0x0, 0x3,
    0xdd, 0xef, 0xed, 0xdd, 0x4c, 0xcd, 0xfe, 0xcc,
    0xcc, 0x80, 0x3f, 0xff, 0xff, 0xff, 0xf6, 0xff,
    0xff, 0xff, 0xff, 0xfb, 0x0, 0x3, 0xf9, 0x0,
    0x0, 0x1, 0x1d, 0xf1, 0x11, 0x11, 0x0, 0x0,
    0x8f, 0x3e, 0xb0, 0x0, 0x1, 0xfb, 0x0, 0x0,
    0x0, 0x0, 0xe, 0xd0, 0xeb, 0x0, 0xdd, 0xef,
    0xed, 0xdd, 0xdd, 0xd2, 0x5, 0xf7, 0xe, 0xb0,
    0x1f, 0xff, 0xff, 0xff, 0xff, 0xff, 0x30, 0xbf,
    0x76, 0xfd, 0x66, 0x0, 0xdf, 0x0, 0x0, 0x0,
    0x0, 0xd, 0xff, 0xff, 0xff, 0xf0, 0x3f, 0xa0,
    0x0, 0x0, 0x0, 0x0, 0x23, 0x33, 0xfc, 0x33,
    0x6, 0xfe, 0xdd, 0xdd, 0xdd, 0x0, 0x0, 0x0,
    0xf, 0xb0, 0x0, 0x6f, 0xff, 0xff, 0xff, 0xf0,
    0x0, 0x0, 0x0, 0xfb, 0x3, 0x0, 0x0, 0x0,
    0x6, 0xfb, 0x0, 0x2, 0x47, 0x9f, 0xff, 0xe0,
    0x46, 0x0, 0x2, 0xfe, 0x10, 0x6, 0xff, 0xff,
    0xff, 0xb8, 0xd, 0xfd, 0x40, 0xcf, 0x50, 0x0,
    0x39, 0x75, 0x3f, 0xb0, 0x0, 0x2a, 0xff, 0xdf,
    0x90, 0x0, 0x0, 0x0, 0x0, 0xfb, 0x0, 0x0,
    0x3, 0xbf, 0xfa, 0x10, 0x0, 0x0, 0x0, 0xf,
    0xb0, 0x0, 0x0, 0x0, 0x4d, 0xff, 0x50, 0x0,
    0x0, 0x0, 0xfb, 0x0, 0x0, 0x0, 0x0, 0x6,
    0xe2, 0x0, 0x0, 0x0, 0x0, 0x0, 0x0, 0x0,
    0x0, 0x0, 0x0, 0x0, 0x0,

    /* U+8F6E "轮" */
    0x0, 0x0, 0x0, 0x0, 0x0, 0x0, 0x0, 0x0,
    0x0, 0x0, 0x0, 0x0, 0x2f, 0x70, 0x0, 0x0,
    0x1, 0xcc, 0x0, 0x0, 0x0, 0x0, 0x5, 0xf5,
    0x0, 0x0, 0x0, 0x9f, 0xf7, 0x0, 0x0, 0x0,
    0x0, 0x9f, 0x10, 0x0, 0x0, 0x2f, 0xff, 0xe0,
    0x0, 0x0, 0x3f, 0xff, 0xff, 0xff, 0xd0, 0xc,
    0xf9, 0x8f, 0x90, 0x0, 0x2, 0xde, 0xfe, 0xdd,
    0xda, 0x8, 0xff, 0x10, 0xef, 0x40, 0x0, 0x0,
    0x7f, 0x40, 0x0, 0x5, 0xff, 0x50, 0x5, 0xff,
    0x20, 0x0, 0xc, 0xf4, 0xf5, 0x4, 0xff, 0x90,
    0x0, 0x9, 0xfe, 0x20, 0x1, 0xfb, 0x4f, 0x53,
    0xff, 0xb0, 0x0, 0x0, 0xc, 0xfe, 0x20, 0x7f,
    0x64, 0xf5, 0xe, 0xad, 0xf0, 0x0, 0x3, 0x1c,
    0xe0, 0xd, 0xf1, 0x4f, 0x50, 0x20, 0xdf, 0x0,
    0x6, 0xf5, 0x14, 0x0, 0xff, 0xff, 0xff, 0xfb,
    0xd, 0xf0, 0x1b, 0xff, 0x80, 0x0, 0xd, 0xdd,
    0xef, 0xed, 0x90, 0xdf, 0x5e, 0xfe, 0x50, 0x0,
    0x0, 0x0, 0x6, 0xf5, 0x0, 0xd, 0xff, 0xf9,
    0x10, 0x0, 0x0, 0x0, 0x0, 0x6f, 0x50, 0x0,
    0xdf, 0xb2, 0x0, 0x0, 0x0, 0x0, 0x2, 0x4a,
    0xfd, 0xec, 0xd, 0xf0, 0x0, 0x0, 0xc9, 0x0,
    0x5f, 0xff, 0xff, 0xfe, 0xa0, 0xdf, 0x0, 0x0,
    0xf, 0xe0, 0x4, 0xeb, 0x9a, 0xf6, 0x0, 0xd,
    0xf0, 0x0, 0x0, 0xfe, 0x0, 0x0, 0x0, 0x6f,
    0x50, 0x0, 0xdf, 0x20, 0x0, 0x3f, 0xc0, 0x0,
    0x0, 0x6, 0xf5, 0x0, 0xa, 0xff, 0xdd, 0xdf,
    0xf9, 0x0, 0x0, 0x0, 0x6f, 0x50, 0x0, 0x2c,
    0xff, 0xff, 0xeb, 0x10, 0x0,

    /* U+8F7D "载" */
    0x0, 0x0, 0x2, 0x73, 0x0, 0x0, 0x79, 0x0,
    0x0, 0x0, 0x0, 0x0, 0x0, 0x4f, 0x70, 0x0,
    0xb, 0xf1, 0x6c, 0x10, 0x0, 0x1, 0x88, 0x8a,
    0xfc, 0x88, 0x82, 0xbf, 0x15, 0xfd, 0x20, 0x0,
    0x2f, 0xff, 0xff, 0xff, 0xff, 0x4a, 0xf2, 0x5,
    0xfe, 0x20, 0x0, 0x0, 0x4, 0xf7, 0x0, 0x0,
    0x9f, 0x30, 0x5, 0xc0, 0x0, 0x0, 0x0, 0x4f,
    0x70, 0x0, 0x9, 0xf4, 0x0, 0x0, 0x0, 0xf,
    0xff, 0xff, 0xff, 0xff, 0xff, 0xff, 0xff, 0xff,
    0xff, 0x10, 0xaa, 0xaa, 0xca, 0xaa, 0xaa, 0xac,
    0xfc, 0xaa, 0xaa, 0xa0, 0x0, 0x0, 0x4f, 0xa0,
    0x0, 0x0, 0x4f, 0x80, 0x4, 0x50, 0x0, 0xcf,
    0xff, 0xff, 0xff, 0xff, 0xc2, 0xf9, 0x0, 0xdf,
    0x10, 0x6, 0x8d, 0xfb, 0x88, 0x88, 0x86, 0xf,
    0xb0, 0x3f, 0x90, 0x0, 0x1, 0xfe, 0x6, 0xa1,
    0x0, 0x0, 0xee, 0xb, 0xf2, 0x0, 0x0, 0xaf,
    0x70, 0x9f, 0x10, 0x0, 0xb, 0xf5, 0xfa, 0x0,
    0x0, 0xe, 0xff, 0xff, 0xff, 0xff, 0x80, 0x8f,
    0xff, 0x10, 0x0, 0x0, 0x78, 0x88, 0xdf, 0x88,
    0x84, 0x4, 0xff, 0x60, 0x45, 0x0, 0x0, 0x0,
    0xb, 0xf4, 0x45, 0x30, 0x8f, 0xf0, 0x9, 0xf1,
    0xb, 0xcd, 0xff, 0xff, 0xff, 0xf9, 0x9f, 0xff,
    0x50, 0xce, 0x0, 0xbb, 0x98, 0x7d, 0xf5, 0x34,
    0xdf, 0xc4, 0xfd, 0x3f, 0xc0, 0x0, 0x0, 0x0,
    0xaf, 0x10, 0xcf, 0xb0, 0xa, 0xff, 0xf7, 0x0,
    0x0, 0x0, 0xa, 0xf1, 0x2, 0x80, 0x0, 0xb,
    0xfb, 0x0, 0x0, 0x0, 0x0, 0x0, 0x0, 0x0,
    0x0, 0x0, 0x0, 0x0, 0x0,

    /* U+8F93 "输" */
    0x0, 0x1, 0x93, 0x0, 0x0, 0x0, 0x17, 0x60,
    0x0, 0x0, 0x0, 0x0, 0x5f, 0x60, 0x0, 0x0,
    0xa, 0xff, 0x60, 0x0, 0x0, 0x0, 0x8, 0xf2,
    0x0, 0x0, 0x6, 0xfa, 0xdf, 0x40, 0x0, 0x0,
    0xdd, 0xff, 0xdd, 0xd0, 0x5, 0xfd, 0x2, 0xff,
    0x40, 0x0, 0xd, 0xef, 0xed, 0xdd, 0x6, 0xfe,
    0x10, 0x3, 0xff, 0x70, 0x0, 0x5, 0xf5, 0x0,
    0xa, 0xff, 0x97, 0x77, 0x7b, 0xef, 0xb2, 0x0,
    0x9f, 0x22, 0x6, 0xf9, 0x8f, 0xff, 0xff, 0xf1,
    0x9f, 0x50, 0xe, 0xc5, 0xf3, 0x4, 0x0, 0x0,
    0x0, 0x0, 0x3, 0x50, 0x3, 0xf7, 0x5f, 0x30,
    0x9b, 0xbb, 0xb7, 0x1, 0x0, 0xf8, 0x0, 0x8f,
    0x25, 0xf3, 0xc, 0xff, 0xff, 0xa0, 0xe7, 0xf,
    0x80, 0xb, 0xfc, 0xdf, 0xdb, 0xca, 0x0, 0xca,
    0xe, 0x70, 0xf8, 0x0, 0xad, 0xde, 0xfd, 0xcc,
    0xb3, 0x3d, 0xa0, 0xe7, 0xf, 0x80, 0x0, 0x0,
    0x8f, 0x30, 0xcf, 0xff, 0xfa, 0xe, 0x70, 0xf8,
    0x0, 0x0, 0x8, 0xf3, 0xc, 0xb3, 0x3d, 0xa0,
    0xe7, 0xf, 0x80, 0x0, 0x1, 0x9f, 0xab, 0xca,
    0x0, 0xca, 0xe, 0x70, 0xf8, 0x3, 0xdf, 0xff,
    0xff, 0xfd, 0xff, 0xff, 0xa0, 0xe7, 0xf, 0x80,
    0x2f, 0xdb, 0xcf, 0x51, 0xcd, 0x77, 0xea, 0xe,
    0x70, 0xf8, 0x0, 0x0, 0x8, 0xf3, 0xc, 0xa0,
    0xc, 0xa0, 0x0, 0xf, 0x70, 0x0, 0x0, 0x8f,
    0x30, 0xca, 0x38, 0xfa, 0x9, 0x9b, 0xf7, 0x0,
    0x0, 0x8, 0xf3, 0xc, 0xa5, 0xfe, 0x40, 0xef,
    0xfc, 0x10, 0x0, 0x0, 0x0, 0x0, 0x11, 0x0,
    0x0, 0x0, 0x0, 0x0, 0x0,

    /* U+8FB9 "边" */
    0x0, 0x0, 0x0, 0x0, 0x0, 0x48, 0x20, 0x0,
    0x0, 0x0, 0x2, 0xc5, 0x0, 0x0, 0x0, 0x9f,
    0x40, 0x0, 0x0, 0x0, 0x4, 0xff, 0x20, 0x0,
    0x0, 0x9f, 0x30, 0x0, 0x0, 0x0, 0x0, 0x8f,
    0xc0, 0x0, 0x0, 0xaf, 0x30, 0x0, 0x0, 0x0,
    0x0, 0xc, 0xf7, 0x7f, 0xff, 0xff, 0xff, 0xff,
    0xff, 0x30, 0x0, 0x1, 0xb1, 0x7e, 0xee, 0xff,
    0xee, 0xee, 0xff, 0x20, 0x0, 0x0, 0x0, 0x0,
    0x0, 0xdf, 0x0, 0x0, 0xcf, 0x10, 0x0, 0x0,
    0x0, 0x0, 0x0, 0xef, 0x0, 0x0, 0xdf, 0x10,
    0x7f, 0xff, 0xe0, 0x0, 0x0, 0xfd, 0x0, 0x0,
    0xef, 0x0, 0x6e, 0xef, 0xe0, 0x0, 0x3, 0xfa,
    0x0, 0x0, 0xff, 0x0, 0x0, 0xf, 0xe0, 0x0,
    0x8, 0xf6, 0x0, 0x1, 0xfe, 0x0, 0x0, 0xf,
    0xe0, 0x0, 0x1e, 0xf1, 0x0, 0x2, 0xfd, 0x0,
    0x0, 0xf, 0xe0, 0x0, 0x9f, 0xa0, 0x0, 0x3,
    0xfc, 0x0, 0x0, 0xf, 0xe0, 0x7, 0xff, 0x20,
    0x0, 0x7, 0xfa, 0x0, 0x0, 0xf, 0xe0, 0x7f,
    0xf5, 0x0, 0xee, 0xef, 0xf7, 0x0, 0x0, 0x1f,
    0xe0, 0xaf, 0x60, 0x0, 0xdf, 0xfe, 0x90, 0x0,
    0x1, 0xdf, 0xfa, 0x4, 0x0, 0x0, 0x0, 0x0,
    0x0, 0x0, 0x1c, 0xfd, 0xef, 0xc5, 0x20, 0x0,
    0x0, 0x0, 0x0, 0x0, 0x8f, 0xd1, 0x3e, 0xff,
    0xff, 0xff, 0xff, 0xff, 0xff, 0xf8, 0x2d, 0x10,
    0x0, 0x7b, 0xef, 0xff, 0xff, 0xff, 0xff, 0xf5,
    0x0, 0x0, 0x0, 0x0, 0x0, 0x0, 0x0, 0x0,
    0x0, 0x0,

    /* U+8FBE "达" */
    0x0, 0x0, 0x0, 0x0, 0x0, 0x2, 0x62, 0x0,
    0x0, 0x0, 0x2, 0xc1, 0x0, 0x0, 0x0, 0x7,
    0xf7, 0x0, 0x0, 0x0, 0x8, 0xfc, 0x0, 0x0,
    0x0, 0x7, 0xf7, 0x0, 0x0, 0x0, 0x0, 0xbf,
    0xa0, 0x0, 0x0, 0x7, 0xf7, 0x0, 0x0, 0x0,
    0x0, 0x1e, 0xf7, 0x0, 0x0, 0x7, 0xf7, 0x0,
    0x0, 0x0, 0x0, 0x3, 0xf5, 0x8f, 0xff, 0xff,
    0xff, 0xff, 0xff, 0xf0, 0x0, 0x0, 0x10, 0x7d,
    0xdd, 0xde, 0xfe, 0xdd, 0xdd, 0xd0, 0x0, 0x0,
    0x0, 0x0, 0x0, 0xa, 0xf4, 0x0, 0x0, 0x0,
    0x8f, 0xff, 0xe0, 0x0, 0x0, 0xc, 0xf2, 0x0,
    0x0, 0x0, 0x6d, 0xdf, 0xe0, 0x0, 0x0, 0x1f,
    0xf4, 0x0, 0x0, 0x0, 0x0, 0xf, 0xe0, 0x0,
    0x0, 0x7f, 0xff, 0x40, 0x0, 0x0, 0x0, 0xf,
    0xe0, 0x0, 0x2, 0xff, 0x7f, 0xf4, 0x0, 0x0,
    0x0, 0xf, 0xe0, 0x0, 0xd, 0xfa, 0x4, 0xff,
    0x40, 0x0, 0x0, 0xf, 0xe0, 0x1, 0xdf, 0xd0,
    0x0, 0x5f, 0xf4, 0x0, 0x0, 0xf, 0xe0, 0x5e,
    0xfd, 0x10, 0x0, 0x6, 0xff, 0x40, 0x0, 0xf,
    0xf0, 0xdf, 0xb1, 0x0, 0x0, 0x0, 0x7f, 0xe0,
    0x0, 0xcf, 0xf9, 0x37, 0x0, 0x0, 0x0, 0x0,
    0x8, 0x20, 0x1c, 0xfe, 0xdf, 0xb4, 0x0, 0x0,
    0x0, 0x0, 0x0, 0x0, 0xaf, 0xd2, 0x1c, 0xff,
    0xfe, 0xee, 0xee, 0xee, 0xee, 0xe9, 0x4d, 0x10,
    0x0, 0x6b, 0xef, 0xff, 0xff, 0xff, 0xff, 0xf7,
    0x1, 0x0, 0x0, 0x0, 0x0, 0x0, 0x0, 0x0,
    0x0, 0x0,

    /* U+8FC7 "过" */
    0x0, 0x0, 0x0, 0x0, 0x0, 0x0, 0x0, 0x6,
    0x40, 0x0, 0x0, 0x1b, 0x30, 0x0, 0x0, 0x0,
    0x0, 0x1, 0xfc, 0x0, 0x0, 0x3, 0xfe, 0x20,
    0x0, 0x0, 0x0, 0x0, 0x1f, 0xc0, 0x0, 0x0,
    0x6, 0xfd, 0x10, 0x0, 0x0, 0x0, 0x1, 0xfc,
    0x0, 0x0, 0x0, 0x9, 0xfb, 0xf, 0xff, 0xff,
    0xff, 0xff, 0xff, 0xfc, 0x0, 0x0, 0xb, 0x40,
    0xdd, 0xdd, 0xdd, 0xdd, 0xff, 0xdd, 0xa0, 0x0,
    0x0, 0x0, 0x0, 0x0, 0x0, 0x0, 0x1f, 0xc0,
    0x0, 0x0, 0x0, 0x0, 0x0, 0x9, 0x60, 0x0,
    0x1, 0xfc, 0x0, 0x0, 0xaf, 0xff, 0xd0, 0x1,
    0xef, 0x30, 0x0, 0x1f, 0xc0, 0x0, 0x8, 0xdd,
    0xfd, 0x0, 0x3, 0xfe, 0x10, 0x1, 0xfc, 0x0,
    0x0, 0x0, 0xf, 0xd0, 0x0, 0x7, 0xfb, 0x0,
    0x1f, 0xc0, 0x0, 0x0, 0x0, 0xfd, 0x0, 0x0,
    0xb, 0xd2, 0x1, 0xfc, 0x0, 0x0, 0x0, 0xf,
    0xd0, 0x0, 0x0, 0x10, 0x0, 0x1f, 0xc0, 0x0,
    0x0, 0x0, 0xfd, 0x0, 0x0, 0x0, 0x0, 0x4,
    0xfb, 0x0, 0x0, 0x0, 0xf, 0xd0, 0x0, 0x0,
    0x9d, 0xde, 0xff, 0x90, 0x0, 0x0, 0x6, 0xff,
    0x20, 0x0, 0x7, 0xff, 0xff, 0xb1, 0x0, 0x0,
    0x4, 0xff, 0xfc, 0x0, 0x0, 0x0, 0x0, 0x0,
    0x0, 0x0, 0x2, 0xff, 0x7b, 0xfc, 0x40, 0x0,
    0x0, 0x0, 0x0, 0x0, 0x0, 0xbf, 0x90, 0xb,
    0xff, 0xfe, 0xdd, 0xdd, 0xdd, 0xdd, 0xdc, 0x6,
    0xa0, 0x0, 0x5, 0xbe, 0xff, 0xff, 0xff, 0xff,
    0xff, 0xc0, 0x0, 0x0, 0x0, 0x0, 0x0, 0x0,
    0x0, 0x0, 0x0, 0x0, 0x0,

    /* U+8FD0 "运" */
    0x0, 0x0, 0x0, 0x0, 0x0, 0x0, 0x0, 0x0,
    0x0, 0x0, 0x0, 0x1d, 0x40, 0x0, 0x0, 0x0,
    0x0, 0x0, 0x0, 0x0, 0x0, 0x5, 0xff, 0x30,
    0x4, 0xff, 0xff, 0xff, 0xff, 0xff, 0xe0, 0x0,
    0x8, 0xfe, 0x10, 0x3d, 0xdd, 0xdd, 0xdd, 0xdd,
    0xdb, 0x0, 0x0, 0xb, 0xfd, 0x0, 0x0, 0x0,
    0x0, 0x0, 0x0, 0x0, 0x0, 0x0, 0xd, 0x90,
    0x0, 0x0, 0x0, 0x0, 0x0, 0x0, 0x0, 0x0,
    0x0, 0x10, 0x1, 0x11, 0x11, 0x11, 0x11, 0x11,
    0x11, 0x0, 0x0, 0x0, 0x6, 0xff, 0xff, 0xff,
    0xff, 0xff, 0xff, 0xf0, 0x7f, 0xff, 0xe0, 0x4a,
    0xaa, 0xbf, 0xfa, 0xaa, 0xaa, 0xaa, 0x6, 0xdd,
    0xfe, 0x0, 0x0, 0x9, 0xf8, 0x0, 0x1, 0x0,
    0x0, 0x0, 0xf, 0xe0, 0x0, 0x2, 0xfe, 0x10,
    0x1e, 0xb0, 0x0, 0x0, 0x0, 0xfe, 0x0, 0x0,
    0xbf, 0x70, 0x0, 0xcf, 0x50, 0x0, 0x0, 0xf,
    0xe0, 0x0, 0x7f, 0xd0, 0x0, 0x3, 0xfd, 0x0,
    0x0, 0x0, 0xfe, 0x0, 0x3f, 0xf6, 0x45, 0x67,
    0x8e, 0xf7, 0x0, 0x0, 0xf, 0xe0, 0xa, 0xff,
    0xff, 0xff, 0xff, 0xff, 0xf1, 0x0, 0x0, 0xff,
    0x0, 0x5d, 0xca, 0x98, 0x76, 0x43, 0x9f, 0x80,
    0x0, 0xcf, 0xfb, 0x0, 0x0, 0x0, 0x0, 0x0,
    0x1, 0x91, 0x0, 0xbf, 0xdc, 0xfd, 0x51, 0x0,
    0x0, 0x0, 0x0, 0x0, 0x0, 0x7f, 0xe1, 0xa,
    0xff, 0xff, 0xee, 0xee, 0xee, 0xee, 0xee, 0x12,
    0xe2, 0x0, 0x4, 0xad, 0xff, 0xff, 0xff, 0xff,
    0xff, 0xf0, 0x1, 0x0, 0x0, 0x0, 0x0, 0x0,
    0x0, 0x0, 0x0, 0x0, 0x0,

    /* U+8FD1 "近" */
    0x0, 0x0, 0x0, 0x0, 0x0, 0x0, 0x0, 0x0,
    0x0, 0x0, 0x1, 0xc6, 0x0, 0x0, 0x0, 0x0,
    0x2, 0x58, 0xcf, 0x60, 0x3, 0xff, 0x40, 0x0,
    0x8a, 0xce, 0xff, 0xff, 0xff, 0x80, 0x0, 0x5f,
    0xe1, 0x0, 0xdf, 0xff, 0xec, 0xa7, 0x30, 0x0,
    0x0, 0x9, 0xfc, 0x0, 0xdf, 0x20, 0x0, 0x0,
    0x0, 0x0, 0x0, 0x0, 0xc7, 0x0, 0xdf, 0x0,
    0x0, 0x0, 0x0, 0x0, 0x0, 0x0, 0x0, 0x0,
    0xdf, 0x0, 0x0, 0x0, 0x0, 0x0, 0x0, 0x0,
    0x0, 0x0, 0xdf, 0x87, 0x77, 0x77, 0x77, 0x74,
    0x8f, 0xff, 0xe0, 0x0, 0xdf, 0xff, 0xff, 0xff,
    0xff, 0xf9, 0x7e, 0xef, 0xe0, 0x0, 0xdf, 0x66,
    0x66, 0xff, 0x66, 0x63, 0x0, 0xf, 0xe0, 0x0,
    0xef, 0x0, 0x0, 0xef, 0x0, 0x0, 0x0, 0xf,
    0xe0, 0x0, 0xfe, 0x0, 0x0, 0xef, 0x0, 0x0,
    0x0, 0xf, 0xe0, 0x2, 0xfc, 0x0, 0x0, 0xef,
    0x0, 0x0, 0x0, 0xf, 0xe0, 0x7, 0xf8, 0x0,
    0x0, 0xef, 0x0, 0x0, 0x0, 0xf, 0xe0, 0x1e,
    0xf3, 0x0, 0x0, 0xef, 0x0, 0x0, 0x0, 0x1f,
    0xe0, 0x9f, 0xa0, 0x0, 0x0, 0xef, 0x0, 0x0,
    0x0, 0xdf, 0xfa, 0x1a, 0x10, 0x0, 0x0, 0xef,
    0x0, 0x0, 0xb, 0xfa, 0xaf, 0xd5, 0x0, 0x0,
    0x0, 0x12, 0x0, 0x0, 0x8f, 0xc0, 0xa, 0xff,
    0xff, 0xee, 0xee, 0xee, 0xee, 0xe9, 0x4d, 0x10,
    0x0, 0x4a, 0xdf, 0xff, 0xff, 0xff, 0xff, 0xf7,
    0x1, 0x0, 0x0, 0x0, 0x0, 0x0, 0x0, 0x0,
    0x0, 0x0,

    /* U+8FD4 "返" */
    0x0, 0x0, 0x0, 0x0, 0x0, 0x0, 0x0, 0x0,
    0x0, 0x0, 0x0, 0x1b, 0x50, 0x0, 0x0, 0x12,
    0x34, 0x56, 0x8a, 0xdf, 0x10, 0x3, 0xff, 0x20,
    0x0, 0xff, 0xff, 0xff, 0xff, 0xff, 0xf4, 0x0,
    0x7, 0xfd, 0x0, 0xf, 0xfe, 0xdb, 0xa9, 0x74,
    0x20, 0x0, 0x0, 0xb, 0xfa, 0x0, 0xfd, 0x0,
    0x0, 0x0, 0x0, 0x0, 0x0, 0x0, 0x1e, 0x50,
    0xf, 0xd0, 0x0, 0x0, 0x0, 0x0, 0x0, 0x0,
    0x0, 0x0, 0x0, 0xff, 0xcc, 0xcc, 0xcc, 0xcc,
    0xa0, 0x0, 0x0, 0x0, 0x0, 0xf, 0xff, 0xff,
    0xff, 0xff, 0xfd, 0x0, 0x7f, 0xff, 0xd0, 0x0,
    0xfc, 0x1, 0x0, 0x0, 0x6f, 0xa0, 0x6, 0xdd,
    0xfd, 0x0, 0x2f, 0xb8, 0xd2, 0x0, 0xe, 0xf3,
    0x0, 0x0, 0xf, 0xd0, 0x3, 0xfa, 0x7f, 0xe3,
    0x9, 0xfa, 0x0, 0x0, 0x0, 0xfd, 0x0, 0x6f,
    0x70, 0x6f, 0xf8, 0xfe, 0x10, 0x0, 0x0, 0xf,
    0xd0, 0xb, 0xf3, 0x0, 0x5f, 0xff, 0x40, 0x0,
    0x0, 0x0, 0xfd, 0x2, 0xfe, 0x0, 0x8, 0xff,
    0xf7, 0x0, 0x0, 0x0, 0xf, 0xd0, 0xaf, 0x70,
    0x2c, 0xfe, 0x6e, 0xf9, 0x0, 0x0, 0x0, 0xfe,
    0x2f, 0xe1, 0x9f, 0xfd, 0x20, 0x2d, 0xfa, 0x0,
    0x0, 0xcf, 0xfa, 0x55, 0x3f, 0xf7, 0x0, 0x0,
    0x1d, 0xf3, 0x0, 0xbf, 0xcc, 0xfc, 0x40, 0x51,
    0x0, 0x0, 0x0, 0x14, 0x0, 0x7f, 0xd1, 0x1b,
    0xff, 0xfe, 0xee, 0xee, 0xee, 0xee, 0xee, 0x13,
    0xe2, 0x0, 0x5, 0xbe, 0xff, 0xff, 0xff, 0xff,
    0xff, 0xf0, 0x1, 0x0, 0x0, 0x0, 0x0, 0x0,
    0x0, 0x0, 0x0, 0x0, 0x0,

    /* U+8FD9 "这" */
    0x0, 0x0, 0x0, 0x0, 0x0, 0x0, 0x10, 0x0,
    0x0, 0x0, 0x0, 0x6, 0x0, 0x0, 0x0, 0x0,
    0x8f, 0x80, 0x0, 0x0, 0x0, 0x8, 0xf8, 0x0,
    0x0, 0x0, 0x3, 0xfe, 0x0, 0x0, 0x0, 0x0,
    0x1e, 0xf4, 0x0, 0x0, 0x0, 0xc, 0xf6, 0x0,
    0x0, 0x0, 0x0, 0x5f, 0xe1, 0x2d, 0xdd, 0xdd,
    0xef, 0xfd, 0xdd, 0xdd, 0x0, 0x0, 0xaf, 0x72,
    0xff, 0xff, 0xff, 0xff, 0xff, 0xff, 0xf0, 0x0,
    0x1, 0x60, 0x0, 0x0, 0x0, 0x0, 0x7, 0xf8,
    0x0, 0x0, 0x0, 0x0, 0x0, 0x2, 0x20, 0x0,
    0x0, 0xcf, 0x30, 0x0, 0x0, 0x0, 0x0, 0x0,
    0xde, 0x20, 0x0, 0x1f, 0xd0, 0x0, 0x7, 0xff,
    0xfe, 0x0, 0x1c, 0xfe, 0x30, 0x9, 0xf7, 0x0,
    0x0, 0x6d, 0xdf, 0xe0, 0x0, 0xb, 0xff, 0x42,
    0xff, 0x10, 0x0, 0x0, 0x0, 0xfe, 0x0, 0x0,
    0x9, 0xff, 0xcf, 0x70, 0x0, 0x0, 0x0, 0xf,
    0xe0, 0x0, 0x0, 0x7, 0xff, 0xe0, 0x0, 0x0,
    0x0, 0x0, 0xfe, 0x0, 0x0, 0x0, 0xbf, 0xff,
    0x90, 0x0, 0x0, 0x0, 0xf, 0xe0, 0x0, 0x4,
    0xef, 0xd5, 0xef, 0xa0, 0x0, 0x0, 0x0, 0xfe,
    0x0, 0x1a, 0xff, 0xb1, 0x2, 0xef, 0xc1, 0x0,
    0x0, 0x1f, 0xe0, 0x5f, 0xfe, 0x60, 0x0, 0x1,
    0xdf, 0xd0, 0x0, 0x1d, 0xff, 0x90, 0xd9, 0x10,
    0x0, 0x0, 0x1, 0xc9, 0x0, 0x1d, 0xfb, 0xdf,
    0xb4, 0x0, 0x0, 0x0, 0x0, 0x0, 0x0, 0x6,
    0xfc, 0x1, 0xdf, 0xff, 0xee, 0xee, 0xee, 0xee,
    0xee, 0xe3, 0xc, 0x0, 0x0, 0x6b, 0xef, 0xff,
    0xff, 0xff, 0xff, 0xff, 0x0, 0x0, 0x0, 0x0,
    0x0, 0x0, 0x0, 0x0, 0x0, 0x0, 0x0,

    /* U+8FDB "进" */
    0x0, 0x0, 0x0, 0x0, 0x3, 0x40, 0x0, 0x5,
    0x40, 0x0, 0x0, 0x3d, 0x30, 0x0, 0x0, 0xbf,
    0x10, 0x0, 0xfc, 0x0, 0x0, 0x5, 0xfe, 0x10,
    0x0, 0xb, 0xf1, 0x0, 0xf, 0xc0, 0x0, 0x0,
    0x9, 0xfc, 0x0, 0x0, 0xbf, 0x10, 0x0, 0xfc,
    0x0, 0x0, 0x0, 0xc, 0xf9, 0x1f, 0xff, 0xff,
    0xff, 0xff, 0xff, 0xf4, 0x0, 0x0, 0x2e, 0x41,
    0xdd, 0xff, 0xdd, 0xdd, 0xff, 0xdd, 0x30, 0x0,
    0x0, 0x0, 0x0, 0xb, 0xf1, 0x0, 0xf, 0xc0,
    0x0, 0x0, 0x0, 0x0, 0x0, 0x0, 0xbf, 0x10,
    0x0, 0xfc, 0x0, 0x0, 0x6f, 0xff, 0xe0, 0x0,
    0xb, 0xf1, 0x0, 0xf, 0xc0, 0x0, 0x4, 0xdd,
    0xfe, 0x0, 0x11, 0xcf, 0x21, 0x11, 0xfc, 0x11,
    0x10, 0x0, 0xf, 0xe0, 0xcf, 0xff, 0xff, 0xff,
    0xff, 0xff, 0xff, 0x0, 0x0, 0xfe, 0x9, 0xbb,
    0xff, 0xbb, 0xbb, 0xfe, 0xbb, 0xb0, 0x0, 0xf,
    0xe0, 0x0, 0xf, 0xd0, 0x0, 0xf, 0xc0, 0x0,
    0x0, 0x0, 0xfe, 0x0, 0x3, 0xfa, 0x0, 0x0,
    0xfc, 0x0, 0x0, 0x0, 0xf, 0xe0, 0x0, 0xaf,
    0x60, 0x0, 0xf, 0xc0, 0x0, 0x0, 0x1, 0xfe,
    0x0, 0x5f, 0xd0, 0x0, 0x0, 0xfc, 0x0, 0x0,
    0x0, 0xcf, 0xf9, 0xc, 0xf4, 0x0, 0x0, 0xf,
    0xc0, 0x0, 0x0, 0xcf, 0xdc, 0xfb, 0x34, 0x0,
    0x0, 0x0, 0x21, 0x0, 0x0, 0x7f, 0xd1, 0x1c,
    0xff, 0xfe, 0xee, 0xee, 0xee, 0xee, 0xed, 0x1,
    0xd2, 0x0, 0x6, 0xce, 0xff, 0xff, 0xff, 0xff,
    0xff, 0xb0, 0x0, 0x0, 0x0, 0x0, 0x0, 0x0,
    0x0, 0x0, 0x0, 0x0, 0x0,

    /* U+8FDE "连" */
    0x0, 0x0, 0x0, 0x0, 0x0, 0x0, 0x0, 0x0,
    0x0, 0x0, 0x0, 0x4, 0x10, 0x0, 0x0, 0x0,
    0xcf, 0x20, 0x0, 0x0, 0x0, 0x5, 0xfc, 0x0,
    0x0, 0x0, 0x2f, 0xd0, 0x0, 0x0, 0x0, 0x0,
    0xc, 0xf9, 0x0, 0x88, 0x8b, 0xfc, 0x88, 0x88,
    0x88, 0x80, 0x0, 0x2f, 0xf5, 0x1f, 0xff, 0xff,
    0xff, 0xff, 0xff, 0xff, 0x0, 0x0, 0x6f, 0x80,
    0x22, 0x8f, 0xa2, 0x22, 0x22, 0x22, 0x20, 0x0,
    0x0, 0x40, 0x0, 0xd, 0xf2, 0xa, 0x80, 0x0,
    0x0, 0x0, 0x0, 0x0, 0x0, 0x6, 0xfa, 0x0,
    0xfc, 0x0, 0x0, 0x0, 0x39, 0x99, 0x70, 0x0,
    0xef, 0x20, 0xf, 0xc0, 0x0, 0x0, 0x5, 0xff,
    0xfd, 0x0, 0x5f, 0xfc, 0xcc, 0xff, 0xcc, 0xcc,
    0x40, 0x14, 0x4f, 0xd0, 0x4, 0xee, 0xee, 0xef,
    0xfe, 0xee, 0xe5, 0x0, 0x0, 0xfd, 0x0, 0x0,
    0x0, 0x0, 0xfc, 0x0, 0x0, 0x0, 0x0, 0xf,
    0xd0, 0x0, 0x0, 0x0, 0xf, 0xc0, 0x0, 0x0,
    0x0, 0x0, 0xfd, 0x4, 0x66, 0x66, 0x66, 0xfd,
    0x66, 0x66, 0x61, 0x0, 0xf, 0xd0, 0xbf, 0xff,
    0xff, 0xff, 0xff, 0xff, 0xff, 0x40, 0x0, 0xfd,
    0x4, 0x55, 0x55, 0x56, 0xfd, 0x55, 0x55, 0x51,
    0x0, 0x2f, 0xe0, 0x0, 0x0, 0x0, 0xf, 0xc0,
    0x0, 0x0, 0x0, 0x1e, 0xff, 0xa0, 0x0, 0x0,
    0x0, 0xfc, 0x0, 0x0, 0x0, 0xd, 0xfb, 0xef,
    0xc5, 0x0, 0x0, 0x0, 0x0, 0x0, 0x0, 0x6,
    0xfc, 0x2, 0xdf, 0xff, 0xed, 0xdd, 0xdd, 0xdd,
    0xdd, 0xd4, 0xd, 0x10, 0x0, 0x6a, 0xdf, 0xff,
    0xff, 0xff, 0xff, 0xff, 0x20, 0x0, 0x0, 0x0,
    0x0, 0x0, 0x0, 0x0, 0x0, 0x0, 0x0,

    /* U+8FF9 "迹" */
    0x0, 0x0, 0x0, 0x0, 0x0, 0x2, 0xba, 0x0,
    0x0, 0x0, 0x0, 0x2d, 0x70, 0x0, 0x0, 0x0,
    0xf, 0xf1, 0x0, 0x0, 0x0, 0x2, 0xff, 0x30,
    0x0, 0x0, 0x0, 0xaf, 0x50, 0x0, 0x0, 0x0,
    0x6, 0xfe, 0x11, 0xdd, 0xdd, 0xde, 0xfe, 0xdd,
    0xdd, 0xd0, 0x0, 0xb, 0xfa, 0x2f, 0xff, 0xff,
    0xff, 0xff, 0xff, 0xff, 0x0, 0x0, 0x1d, 0x50,
    0x0, 0x8, 0xf3, 0x9, 0xf2, 0x0, 0x0, 0x0,
    0x0, 0x0, 0x0, 0x0, 0x8f, 0x20, 0x9f, 0x20,
    0x0, 0x0, 0x0, 0x0, 0x0, 0xb, 0x49, 0xf2,
    0x9, 0xf7, 0xc1, 0x0, 0x2f, 0xff, 0xf0, 0x5,
    0xf5, 0x9f, 0x10, 0x9f, 0x6f, 0x80, 0x1, 0xee,
    0xff, 0x0, 0xbf, 0xa, 0xf0, 0x9, 0xf2, 0xde,
    0x0, 0x0, 0xd, 0xf0, 0x2f, 0xa0, 0xcf, 0x0,
    0x9f, 0x27, 0xf5, 0x0, 0x0, 0xdf, 0x9, 0xf3,
    0xe, 0xd0, 0x9, 0xf2, 0x1f, 0xb0, 0x0, 0xd,
    0xf1, 0xfc, 0x3, 0xf9, 0x0, 0x9f, 0x20, 0xbf,
    0x10, 0x0, 0xdf, 0x1a, 0x40, 0xaf, 0x40, 0x9,
    0xf2, 0x5, 0xf5, 0x0, 0xd, 0xf0, 0x0, 0x4f,
    0xc0, 0x0, 0xaf, 0x20, 0x1, 0x0, 0x0, 0xdf,
    0x0, 0x2e, 0xf2, 0x2d, 0xef, 0xf1, 0x0, 0x0,
    0x0, 0x7f, 0xfa, 0xa, 0xf5, 0x0, 0xff, 0xf9,
    0x0, 0x0, 0x0, 0x8f, 0xfc, 0xfc, 0x44, 0x0,
    0x0, 0x0, 0x0, 0x0, 0x0, 0x4f, 0xf4, 0xc,
    0xff, 0xfe, 0xdd, 0xdd, 0xdd, 0xdd, 0xdd, 0x30,
    0xe4, 0x0, 0x6, 0xbe, 0xff, 0xff, 0xff, 0xff,
    0xff, 0xf1, 0x1, 0x0, 0x0, 0x0, 0x0, 0x0,
    0x0, 0x0, 0x0, 0x0, 0x0,

    /* U+9000 "退" */
    0x0, 0x20, 0x0, 0x0, 0x0, 0x0, 0x0, 0x0,
    0x0, 0x0, 0x0, 0x4f, 0x60, 0x0, 0x9, 0x99,
    0x99, 0x99, 0x99, 0x90, 0x0, 0x3, 0xff, 0x30,
    0x0, 0xff, 0xff, 0xff, 0xff, 0xff, 0x0, 0x0,
    0x6, 0xfe, 0x10, 0xf, 0xd0, 0x0, 0x0, 0xd,
    0xf0, 0x0, 0x0, 0x9, 0xfa, 0x0, 0xfd, 0x0,
    0x0, 0x0, 0xdf, 0x0, 0x0, 0x0, 0xa, 0x20,
    0xf, 0xff, 0xff, 0xff, 0xff, 0xf0, 0x0, 0x0,
    0x0, 0x0, 0x0, 0xfe, 0x88, 0x88, 0x88, 0xef,
    0x0, 0x1, 0x33, 0x32, 0x0, 0xf, 0xd0, 0x0,
    0x0, 0xd, 0xf0, 0x0, 0x4f, 0xff, 0xd0, 0x0,
    0xff, 0xaa, 0xaa, 0xaa, 0xff, 0x0, 0x2, 0x99,
    0xfd, 0x0, 0xf, 0xff, 0xff, 0xff, 0xff, 0xf0,
    0x0, 0x0, 0xf, 0xd0, 0x0, 0xfd, 0x3, 0x10,
    0x0, 0x6, 0xd1, 0x0, 0x0, 0xfd, 0x0, 0xf,
    0xd0, 0xde, 0x50, 0x2b, 0xfb, 0x10, 0x0, 0xf,
    0xd0, 0x0, 0xfd, 0x2, 0xcf, 0xbf, 0xe5, 0x0,
    0x0, 0x0, 0xfd, 0x0, 0xf, 0xd0, 0x0, 0x8f,
    0xf4, 0x0, 0x0, 0x0, 0xf, 0xd0, 0x0, 0xfd,
    0x5, 0xb9, 0x3d, 0xf9, 0x0, 0x0, 0x1, 0xfe,
    0x0, 0x4f, 0xff, 0xff, 0x80, 0xa, 0xfe, 0x20,
    0x0, 0xcf, 0xf9, 0x7, 0xfe, 0xa4, 0x0, 0x0,
    0x5, 0xd0, 0x0, 0xbf, 0xcd, 0xfa, 0x44, 0x0,
    0x0, 0x0, 0x0, 0x0, 0x0, 0x5f, 0xe1, 0x1d,
    0xff, 0xfd, 0xdd, 0xdd, 0xdd, 0xdd, 0xdc, 0x0,
    0xd3, 0x0, 0x7, 0xce, 0xff, 0xff, 0xff, 0xff,
    0xff, 0xc0, 0x1, 0x0, 0x0, 0x0, 0x0, 0x0,
    0x0, 0x0, 0x0, 0x0, 0x0,

    /* U+9001 "送" */
    0x0, 0x0, 0x0, 0x0, 0x0, 0x0, 0x0, 0x0,
    0x0, 0x0, 0x0, 0x2, 0x0, 0x0, 0x7, 0xc0,
    0x0, 0x0, 0x2d, 0x30, 0x0, 0x6, 0xf5, 0x0,
    0x0, 0x8f, 0xa0, 0x0, 0xc, 0xf5, 0x0, 0x0,
    0x3f, 0xf2, 0x0, 0x0, 0xbf, 0x60, 0x7, 0xf9,
    0x0, 0x0, 0x0, 0x7f, 0xd0, 0x0, 0x1, 0xb3,
    0x3, 0xfc, 0x0, 0x0, 0x0, 0x0, 0xbf, 0x80,
    0xff, 0xff, 0xff, 0xff, 0xff, 0xff, 0x40, 0x0,
    0x1, 0xa1, 0xd, 0xdd, 0xdd, 0xff, 0xdd, 0xdd,
    0xd4, 0x0, 0x0, 0x0, 0x0, 0x0, 0x0, 0x2f,
    0xc0, 0x0, 0x0, 0x0, 0x15, 0x55, 0x40, 0x0,
    0x0, 0x2, 0xfc, 0x0, 0x0, 0x0, 0x4, 0xff,
    0xfe, 0x0, 0x0, 0x0, 0x2f, 0xc0, 0x0, 0x0,
    0x0, 0x27, 0x7f, 0xe0, 0xdf, 0xff, 0xff, 0xff,
    0xff, 0xff, 0xfa, 0x0, 0x0, 0xfe, 0xb, 0xdd,
    0xdd, 0xef, 0xed, 0xdd, 0xdd, 0x80, 0x0, 0xf,
    0xe0, 0x0, 0x0, 0x9, 0xfa, 0x0, 0x0, 0x0,
    0x0, 0x0, 0xfe, 0x0, 0x0, 0x2, 0xff, 0xfb,
    0x0, 0x0, 0x0, 0x0, 0xf, 0xe0, 0x0, 0x1,
    0xdf, 0x9c, 0xfd, 0x30, 0x0, 0x0, 0x0, 0xfe,
    0x0, 0x5, 0xef, 0xb0, 0x9, 0xff, 0x60, 0x0,
    0x0, 0xf, 0xe0, 0x3b, 0xff, 0x90, 0x0, 0x6,
    0xff, 0x90, 0x0, 0xb, 0xff, 0x82, 0xfd, 0x40,
    0x0, 0x0, 0x4, 0xeb, 0x0, 0xa, 0xfd, 0xef,
    0xc7, 0x10, 0x0, 0x0, 0x0, 0x2, 0x10, 0x5,
    0xfe, 0x21, 0xcf, 0xff, 0xfe, 0xee, 0xee, 0xee,
    0xee, 0xd0, 0xd, 0x30, 0x0, 0x5a, 0xde, 0xff,
    0xff, 0xff, 0xff, 0xfd, 0x0, 0x10, 0x0, 0x0,
    0x0, 0x0, 0x0, 0x0, 0x0, 0x0, 0x0,

    /* U+9002 "适" */
    0x0, 0x0, 0x0, 0x0, 0x0, 0x0, 0x0, 0x0,
    0x0, 0x0, 0x3, 0xe2, 0x0, 0x0, 0x11, 0x24,
    0x56, 0x89, 0xbd, 0x70, 0x6, 0xfd, 0x10, 0x4f,
    0xff, 0xff, 0xff, 0xff, 0xec, 0x60, 0x0, 0xaf,
    0xb0, 0x29, 0x87, 0x67, 0xfc, 0x10, 0x0, 0x0,
    0x0, 0xd, 0xf7, 0x0, 0x0, 0x3, 0xfb, 0x0,
    0x0, 0x0, 0x0, 0x2, 0xd2, 0x0, 0x0, 0x3,
    0xfb, 0x0, 0x0, 0x0, 0x0, 0x0, 0x0, 0xff,
    0xff, 0xff, 0xff, 0xff, 0xff, 0xf8, 0x0, 0x0,
    0x0, 0xdd, 0xdd, 0xdd, 0xff, 0xdd, 0xdd, 0xd7,
    0x5b, 0xbb, 0x90, 0x0, 0x0, 0x3, 0xfb, 0x0,
    0x0, 0x0, 0x7f, 0xff, 0xd0, 0x0, 0x0, 0x3,
    0xfb, 0x0, 0x0, 0x0, 0x0, 0xf, 0xd0, 0x9,
    0xff, 0xff, 0xff, 0xff, 0xff, 0x0, 0x0, 0xf,
    0xd0, 0x9, 0xfe, 0xdd, 0xdd, 0xdd, 0xff, 0x0,
    0x0, 0xf, 0xd0, 0x9, 0xf4, 0x0, 0x0, 0x0,
    0xdf, 0x0, 0x0, 0xf, 0xd0, 0x9, 0xf4, 0x0,
    0x0, 0x0, 0xdf, 0x0, 0x0, 0xf, 0xd0, 0x9,
    0xfe, 0xdd, 0xdd, 0xdd, 0xff, 0x0, 0x0, 0x3f,
    0xf1, 0x9, 0xff, 0xff, 0xff, 0xff, 0xff, 0x0,
    0x1, 0xef, 0xfb, 0x0, 0x0, 0x0, 0x0, 0x0,
    0x0, 0x0, 0xc, 0xfc, 0xcf, 0xc4, 0x0, 0x0,
    0x0, 0x0, 0x0, 0x0, 0x7f, 0xd1, 0x1c, 0xff,
    0xfe, 0xee, 0xee, 0xee, 0xee, 0xea, 0x1e, 0x20,
    0x0, 0x6b, 0xef, 0xff, 0xff, 0xff, 0xff, 0xf8,
    0x1, 0x0, 0x0, 0x0, 0x0, 0x0, 0x0, 0x0,
    0x0, 0x0,

    /* U+9006 "逆" */
    0x0, 0x0, 0x0, 0x0, 0x34, 0x0, 0x0, 0x3,
    0x10, 0x0, 0x3, 0xc1, 0x0, 0x0, 0xee, 0x10,
    0x0, 0xe, 0xf1, 0x0, 0x8, 0xfa, 0x0, 0x0,
    0x6f, 0xb0, 0x0, 0x9f, 0x70, 0x0, 0x0, 0xdf,
    0x50, 0x0, 0xc, 0xc0, 0x3, 0xfc, 0x0, 0x0,
    0x0, 0x3f, 0xe1, 0xdf, 0xff, 0xff, 0xff, 0xff,
    0xff, 0xf0, 0x0, 0x9, 0xe2, 0xad, 0xdd, 0xde,
    0xfe, 0xdd, 0xdd, 0xd0, 0x0, 0x1, 0x10, 0x1,
    0x10, 0x5, 0xf8, 0x0, 0x11, 0x0, 0x0, 0x0,
    0x0, 0xf, 0xb0, 0x5, 0xf8, 0x0, 0x9f, 0x20,
    0x5f, 0xff, 0xd0, 0xf, 0xb0, 0x5, 0xf8, 0x0,
    0x9f, 0x20, 0x4d, 0xdf, 0xd0, 0xf, 0xb0, 0x5,
    0xf7, 0x0, 0x9f, 0x20, 0x0, 0xf, 0xd0, 0xf,
    0xb0, 0x5, 0xf7, 0x0, 0x9f, 0x20, 0x0, 0xf,
    0xd0, 0xf, 0xff, 0xff, 0xff, 0xff, 0xff, 0x20,
    0x0, 0xf, 0xd0, 0xd, 0xdd, 0xde, 0xfe, 0xdd,
    0xdd, 0x10, 0x0, 0xf, 0xd0, 0x0, 0x0, 0xb,
    0xf3, 0x0, 0x0, 0x0, 0x0, 0xf, 0xd0, 0x0,
    0x0, 0x2f, 0xe0, 0x0, 0x0, 0x0, 0x0, 0xf,
    0xd0, 0x0, 0x1, 0xdf, 0x70, 0x0, 0x0, 0x0,
    0x0, 0xbf, 0xf6, 0x0, 0x3e, 0xfb, 0x0, 0x0,
    0x0, 0x0, 0xb, 0xfc, 0xef, 0x93, 0x1d, 0x90,
    0x0, 0x0, 0x0, 0x0, 0x6f, 0xd0, 0x3e, 0xff,
    0xfe, 0xee, 0xee, 0xee, 0xee, 0xe9, 0x1d, 0x10,
    0x0, 0x6b, 0xef, 0xff, 0xff, 0xff, 0xff, 0xf7,
    0x0, 0x0, 0x0, 0x0, 0x0, 0x0, 0x0, 0x0,
    0x0, 0x0,

    /* U+9009 "选" */
    0x0, 0x0, 0x0, 0x0, 0x0, 0x0, 0x5e, 0x50,
    0x0, 0x0, 0x2, 0xe2, 0x0, 0x0, 0x3d, 0x60,
    0x5f, 0x60, 0x0, 0x0, 0x7, 0xfd, 0x0, 0x0,
    0x9f, 0x60, 0x5f, 0x60, 0x0, 0x0, 0x0, 0xcf,
    0x90, 0x0, 0xef, 0x20, 0x5f, 0x60, 0x0, 0x0,
    0x0, 0x1e, 0xf5, 0x4, 0xff, 0xff, 0xff, 0xff,
    0xff, 0xd0, 0x0, 0x5, 0xf8, 0xc, 0xfe, 0xdd,
    0xef, 0xed, 0xdd, 0xb0, 0x0, 0x0, 0x40, 0x3f,
    0xe1, 0x0, 0x5f, 0x60, 0x0, 0x0, 0x14, 0x44,
    0x30, 0x16, 0x40, 0x0, 0x5f, 0x60, 0x0, 0x0,
    0x5f, 0xff, 0xd0, 0xad, 0xdd, 0xdd, 0xef, 0xed,
    0xdd, 0xd8, 0x27, 0x7f, 0xd0, 0xcf, 0xff, 0xff,
    0xff, 0xff, 0xff, 0xf9, 0x0, 0xf, 0xd0, 0x0,
    0x0, 0xfd, 0x0, 0xfd, 0x0, 0x0, 0x0, 0xf,
    0xd0, 0x0, 0x1, 0xfc, 0x0, 0xfd, 0x0, 0x30,
    0x0, 0xf, 0xd0, 0x0, 0x4, 0xf9, 0x0, 0xfd,
    0x0, 0xf9, 0x0, 0xf, 0xd0, 0x0, 0xc, 0xf3,
    0x0, 0xfd, 0x0, 0xf9, 0x0, 0xf, 0xd0, 0x0,
    0xaf, 0xa0, 0x0, 0xfe, 0x2, 0xf8, 0x0, 0x1f,
    0xe0, 0x2d, 0xfb, 0x0, 0x0, 0xdf, 0xff, 0xf6,
    0x0, 0xcf, 0xfa, 0xc, 0x90, 0x0, 0x0, 0x29,
    0xaa, 0x70, 0xa, 0xfb, 0xdf, 0xb4, 0x0, 0x0,
    0x0, 0x0, 0x0, 0x0, 0x5f, 0xd1, 0x1d, 0xff,
    0xfe, 0xdd, 0xdd, 0xdd, 0xdd, 0xdb, 0x1e, 0x20,
    0x0, 0x7c, 0xef, 0xff, 0xff, 0xff, 0xff, 0xfb,
    0x2, 0x0, 0x0, 0x0, 0x0, 0x0, 0x0, 0x0,
    0x0, 0x0,

    /* U+900F "透" */
    0x0, 0x75, 0x0, 0x0, 0x0, 0x0, 0x13, 0x45,
    0x79, 0xa0, 0x0, 0x3f, 0xf2, 0x0, 0x7d, 0xef,
    0xff, 0xff, 0xff, 0xfd, 0x0, 0x0, 0x7f, 0xd0,
    0x7, 0xcc, 0xba, 0xdf, 0x64, 0x20, 0x0, 0x0,
    0x0, 0xcf, 0x82, 0x55, 0x55, 0x5c, 0xf6, 0x55,
    0x55, 0x50, 0x0, 0x2, 0xc3, 0x6f, 0xff, 0xff,
    0xff, 0xff, 0xff, 0xff, 0x10, 0x0, 0x0, 0x0,
    0x11, 0x19, 0xff, 0xff, 0xe4, 0x11, 0x10, 0x0,
    0x0, 0x0, 0x0, 0x3c, 0xf7, 0xaf, 0x3e, 0xf5,
    0x0, 0x0, 0xff, 0xff, 0x4, 0xbf, 0xe5, 0xa,
    0xf0, 0x1b, 0xfa, 0x20, 0xe, 0xef, 0xf4, 0xff,
    0x91, 0x0, 0x9f, 0x0, 0x5, 0xdf, 0x50, 0x0,
    0xdf, 0x7, 0x29, 0xff, 0xff, 0xff, 0xfd, 0x0,
    0x50, 0x0, 0xd, 0xf0, 0x0, 0x36, 0xcf, 0x66,
    0x6e, 0xa0, 0x0, 0x0, 0x0, 0xdf, 0x0, 0x0,
    0xe, 0xd0, 0x1, 0xff, 0xff, 0x50, 0x0, 0xd,
    0xf0, 0x0, 0x5, 0xf8, 0x0, 0x17, 0x7a, 0xf3,
    0x0, 0x0, 0xdf, 0x0, 0x4, 0xfe, 0x10, 0x0,
    0x0, 0x8f, 0x10, 0x0, 0xd, 0xf0, 0x2a, 0xff,
    0x30, 0x7, 0x99, 0xaf, 0xc0, 0x0, 0x8, 0xff,
    0x81, 0xdc, 0x20, 0x0, 0xbf, 0xff, 0xc3, 0x0,
    0x7, 0xff, 0xef, 0xa3, 0x0, 0x0, 0x0, 0x0,
    0x0, 0x0, 0x1, 0xff, 0x42, 0xdf, 0xff, 0xdd,
    0xdd, 0xdd, 0xdd, 0xdd, 0xd5, 0xc, 0x60, 0x0,
    0x7c, 0xef, 0xff, 0xff, 0xff, 0xff, 0xff, 0x30,
    0x10, 0x0, 0x0, 0x0, 0x0, 0x0, 0x0, 0x0,
    0x0, 0x0,

    /* U+9014 "途" */
    0x0, 0x2, 0x0, 0x0, 0x0, 0x0, 0x58, 0x30,
    0x0, 0x0, 0x0, 0xb, 0xe1, 0x0, 0x0, 0x0,
    0x3f, 0xfe, 0x10, 0x0, 0x0, 0x0, 0xaf, 0xc0,
    0x0, 0x0, 0x2e, 0xf8, 0xfd, 0x10, 0x0, 0x0,
    0x0, 0xdf, 0x70, 0x0, 0x2e, 0xf6, 0x8, 0xfd,
    0x20, 0x0, 0x0, 0x3, 0xff, 0x20, 0x5f, 0xf8,
    0x0, 0x9, 0xfe, 0x40, 0x0, 0x0, 0x7, 0x51,
    0xaf, 0xf7, 0x0, 0x0, 0x7, 0xff, 0xa1, 0x0,
    0x0, 0x0, 0xcf, 0xef, 0xff, 0xff, 0xff, 0xfd,
    0xef, 0x70, 0x22, 0x22, 0x3, 0x80, 0x89, 0x9b,
    0xfc, 0x99, 0x60, 0x80, 0xf, 0xff, 0xf0, 0x0,
    0x0, 0x0, 0x6f, 0x60, 0x0, 0x0, 0x0, 0x77,
    0xef, 0x0, 0xaa, 0xaa, 0xac, 0xfc, 0xaa, 0xaa,
    0xa0, 0x0, 0xd, 0xf0, 0xf, 0xff, 0xff, 0xff,
    0xff, 0xff, 0xff, 0x0, 0x0, 0xdf, 0x0, 0x0,
    0x40, 0x6, 0xf6, 0x2, 0x0, 0x0, 0x0, 0xd,
    0xf0, 0x0, 0x4f, 0x80, 0x6f, 0x62, 0xe8, 0x0,
    0x0, 0x0, 0xdf, 0x0, 0x2e, 0xe1, 0x6, 0xf6,
    0xa, 0xf7, 0x0, 0x0, 0xd, 0xf0, 0x2e, 0xf3,
    0x0, 0x7f, 0x60, 0xb, 0xf5, 0x0, 0x0, 0xef,
    0x8, 0xf4, 0x2a, 0xae, 0xf5, 0x0, 0xd, 0xe0,
    0x0, 0x9f, 0xfa, 0x3, 0x1, 0xff, 0xfb, 0x0,
    0x0, 0x22, 0x0, 0x8f, 0xed, 0xfc, 0x40, 0x0,
    0x0, 0x0, 0x0, 0x0, 0x0, 0x1f, 0xf3, 0x1c,
    0xff, 0xfe, 0xdd, 0xdd, 0xdd, 0xdd, 0xdd, 0x70,
    0xa5, 0x0, 0x6, 0xbe, 0xff, 0xff, 0xff, 0xff,
    0xff, 0xf5, 0x0, 0x0, 0x0, 0x0, 0x0, 0x0,
    0x0, 0x0, 0x0, 0x0, 0x0,

    /* U+901A "通" */
    0x0, 0x0, 0x0, 0x0, 0x0, 0x0, 0x0, 0x0,
    0x0, 0x0, 0x0, 0x9, 0xa0, 0x0, 0x78, 0x88,
    0x88, 0x88, 0x88, 0x87, 0x0, 0x0, 0xbf, 0x50,
    0xd, 0xff, 0xff, 0xff, 0xff, 0xff, 0xd0, 0x0,
    0x2, 0xfe, 0x10, 0x0, 0x8b, 0x20, 0x2, 0xbf,
    0xc3, 0x0, 0x0, 0x7, 0xfb, 0x0, 0x4, 0xef,
    0x78, 0xfe, 0x60, 0x0, 0x0, 0x0, 0xb, 0x40,
    0x23, 0x34, 0xcf, 0xfd, 0x43, 0x33, 0x0, 0x0,
    0x0, 0x0, 0xd, 0xff, 0xff, 0xff, 0xff, 0xff,
    0xf0, 0x0, 0x55, 0x55, 0x0, 0xdf, 0x33, 0x3e,
    0xf3, 0x33, 0xef, 0x0, 0x2f, 0xff, 0xf0, 0xd,
    0xf0, 0x0, 0xdf, 0x0, 0xd, 0xf0, 0x1, 0x66,
    0xef, 0x0, 0xdf, 0xff, 0xff, 0xff, 0xff, 0xff,
    0x0, 0x0, 0xd, 0xf0, 0xd, 0xf7, 0x77, 0xef,
    0x77, 0x7e, 0xf0, 0x0, 0x0, 0xdf, 0x0, 0xdf,
    0x0, 0xd, 0xf0, 0x0, 0xdf, 0x0, 0x0, 0xd,
    0xf0, 0xd, 0xf6, 0x66, 0xef, 0x66, 0x6e, 0xf0,
    0x0, 0x0, 0xdf, 0x0, 0xdf, 0xff, 0xff, 0xff,
    0xff, 0xff, 0x0, 0x0, 0xd, 0xf0, 0xd, 0xf0,
    0x0, 0xdf, 0x0, 0xd, 0xf0, 0x0, 0x0, 0xef,
    0x0, 0xdf, 0x0, 0xd, 0xf1, 0x56, 0xfe, 0x0,
    0x0, 0x9f, 0xfa, 0xd, 0xf0, 0x0, 0xdf, 0x1f,
    0xff, 0x70, 0x0, 0x8f, 0xdb, 0xfa, 0x31, 0x0,
    0x0, 0x0, 0x11, 0x0, 0x0, 0xf, 0xe2, 0xb,
    0xff, 0xfd, 0xdd, 0xdd, 0xdd, 0xdd, 0xdd, 0x20,
    0x94, 0x0, 0x6, 0xbe, 0xff, 0xff, 0xff, 0xff,
    0xff, 0xf0, 0x0, 0x0, 0x0, 0x0, 0x0, 0x0,
    0x0, 0x0, 0x0, 0x0, 0x0,

    /* U+901F "速" */
    0x0, 0x50, 0x0, 0x0, 0x0, 0x5, 0xf8, 0x0,
    0x0, 0x0, 0x8, 0xf9, 0x0, 0x0, 0x0, 0x5,
    0xf8, 0x0, 0x0, 0x0, 0x1, 0xff, 0x20, 0xff,
    0xff, 0xff, 0xff, 0xff, 0xff, 0xf4, 0x0, 0x6f,
    0xc0, 0xaa, 0xaa, 0xac, 0xfd, 0xaa, 0xaa, 0xa3,
    0x0, 0xd, 0xf3, 0x0, 0x0, 0x5, 0xf8, 0x0,
    0x0, 0x0, 0x0, 0x3, 0x40, 0x18, 0x88, 0x8b,
    0xfc, 0x88, 0x88, 0x40, 0x0, 0x0, 0x0, 0x3f,
    0xff, 0xff, 0xff, 0xff, 0xff, 0x70, 0x4a, 0xaa,
    0x90, 0x3f, 0x80, 0x5, 0xf8, 0x0, 0x4f, 0x70,
    0x6f, 0xff, 0xd0, 0x3f, 0x80, 0x5, 0xf8, 0x0,
    0x4f, 0x70, 0x12, 0x2f, 0xd0, 0x3f, 0xc9, 0x9b,
    0xfc, 0x99, 0xaf, 0x70, 0x0, 0xf, 0xd0, 0x3f,
    0xff, 0xff, 0xff, 0xff, 0xff, 0x70, 0x0, 0xf,
    0xd0, 0x0, 0x0, 0x8f, 0xfb, 0x10, 0x0, 0x0,
    0x0, 0xf, 0xd0, 0x0, 0x9, 0xfe, 0xff, 0xf8,
    0x0, 0x0, 0x0, 0xf, 0xd0, 0x2, 0xcf, 0xc5,
    0xfb, 0xcf, 0xe6, 0x0, 0x0, 0xf, 0xd0, 0x8f,
    0xfa, 0x5, 0xf8, 0x6, 0xff, 0xd0, 0x0, 0x3f,
    0xf3, 0xef, 0x60, 0x5, 0xf8, 0x0, 0x1a, 0xa0,
    0x1, 0xef, 0xfc, 0x31, 0x0, 0x5, 0xf8, 0x0,
    0x0, 0x0, 0xc, 0xf8, 0x9f, 0xd4, 0x0, 0x0,
    0x0, 0x0, 0x0, 0x0, 0x5f, 0xb0, 0xa, 0xff,
    0xfe, 0xdd, 0xdd, 0xdd, 0xdd, 0xd9, 0xd, 0x10,
    0x0, 0x5b, 0xef, 0xff, 0xff, 0xff, 0xff, 0xf8,
    0x0, 0x0, 0x0, 0x0, 0x0, 0x0, 0x0, 0x0,
    0x0, 0x0,

    /* U+9053 "道" */
    0x0, 0x0, 0x0, 0x0, 0x4b, 0x0, 0x0, 0xa,
    0x70, 0x0, 0x5, 0xd1, 0x0, 0x0, 0x7f, 0xa0,
    0x0, 0x7f, 0xb0, 0x0, 0x9, 0xfb, 0x0, 0x0,
    0xb, 0xe2, 0x2, 0xfe, 0x10, 0x0, 0x0, 0xdf,
    0x62, 0xff, 0xff, 0xff, 0xff, 0xff, 0xff, 0xfb,
    0x0, 0x3f, 0xf3, 0x88, 0x88, 0x8d, 0xfa, 0x88,
    0x88, 0x85, 0x0, 0x8, 0x90, 0x0, 0x0, 0xe,
    0xf1, 0x0, 0x0, 0x0, 0x0, 0x0, 0x0, 0xd,
    0xff, 0xff, 0xff, 0xff, 0xff, 0x0, 0x14, 0x44,
    0x30, 0xd, 0xf6, 0x66, 0x66, 0x66, 0xef, 0x0,
    0x4f, 0xff, 0xd0, 0xd, 0xf0, 0x0, 0x0, 0x0,
    0xdf, 0x0, 0x2a, 0xaf, 0xd0, 0xd, 0xff, 0xff,
    0xff, 0xff, 0xff, 0x0, 0x0, 0xf, 0xd0, 0xd,
    0xf5, 0x55, 0x55, 0x55, 0xef, 0x0, 0x0, 0xf,
    0xd0, 0xd, 0xf1, 0x11, 0x11, 0x11, 0xdf, 0x0,
    0x0, 0xf, 0xd0, 0xd, 0xff, 0xff, 0xff, 0xff,
    0xff, 0x0, 0x0, 0xf, 0xd0, 0xd, 0xf4, 0x44,
    0x44, 0x44, 0xef, 0x0, 0x0, 0xf, 0xd0, 0xd,
    0xf0, 0x0, 0x0, 0x0, 0xdf, 0x0, 0x0, 0xf,
    0xd0, 0xd, 0xff, 0xff, 0xff, 0xff, 0xff, 0x0,
    0x0, 0xbf, 0xf7, 0x6, 0x88, 0x88, 0x88, 0x88,
    0x88, 0x0, 0xa, 0xfd, 0xdf, 0xa2, 0x0, 0x0,
    0x0, 0x0, 0x0, 0x0, 0x5f, 0xe1, 0x2d, 0xff,
    0xfd, 0xdd, 0xdd, 0xdd, 0xdd, 0xda, 0xe, 0x30,
    0x0, 0x7c, 0xff, 0xff, 0xff, 0xff, 0xff, 0xf9,
    0x1, 0x0, 0x0, 0x0, 0x0, 0x0, 0x0, 0x0,
    0x0, 0x0,

    /* U+907F "避" */
    0x1, 0x20, 0x0, 0x0, 0x0, 0x0, 0x0, 0x3d,
    0x50, 0x0, 0x1e, 0xd0, 0x0, 0xdd, 0xdd, 0xdd,
    0x0, 0x1f, 0x90, 0x0, 0xa, 0xf9, 0x0, 0xfe,
    0xdd, 0xef, 0x4a, 0xaf, 0xea, 0xa3, 0x1, 0xef,
    0x30, 0xf8, 0x0, 0x7f, 0x7f, 0xff, 0xff, 0xf5,
    0x0, 0x5f, 0xc0, 0xf8, 0x0, 0x7f, 0x9, 0xa0,
    0x1f, 0x40, 0x0, 0x8, 0x20, 0xf8, 0x0, 0x7f,
    0x7, 0xd0, 0x3f, 0x20, 0x0, 0x0, 0x0, 0xff,
    0xff, 0xff, 0x4, 0xf0, 0x5f, 0x0, 0x1, 0x11,
    0x1, 0xfd, 0xcc, 0xcc, 0x2, 0xf2, 0x7e, 0x0,
    0xcf, 0xff, 0x2, 0xf5, 0x0, 0x0, 0xbf, 0xff,
    0xff, 0xf9, 0x9c, 0xef, 0x4, 0xf4, 0x11, 0x11,
    0x7a, 0xaf, 0xda, 0xa5, 0x0, 0xaf, 0x8, 0xff,
    0xff, 0xff, 0x0, 0xf, 0xa0, 0x0, 0x0, 0xaf,
    0xd, 0xef, 0xa7, 0xaf, 0x0, 0xf, 0xa0, 0x0,
    0x0, 0xaf, 0x2f, 0x9f, 0x50, 0x5f, 0x5c, 0xcf,
    0xec, 0xc4, 0x0, 0xaf, 0xbf, 0x4f, 0x50, 0x5f,
    0x6d, 0xdf, 0xfd, 0xd4, 0x0, 0xaf, 0x68, 0x2f,
    0x50, 0x5f, 0x0, 0xf, 0xa0, 0x0, 0x0, 0xaf,
    0x0, 0x2f, 0xee, 0xef, 0x0, 0xf, 0xa0, 0x0,
    0x3, 0xff, 0x90, 0x19, 0x99, 0x99, 0x0, 0xf,
    0xa0, 0x0, 0x2e, 0xfc, 0xfb, 0x20, 0x0, 0x0,
    0x0, 0x3, 0x20, 0x0, 0xcf, 0x60, 0xaf, 0xfd,
    0xba, 0xaa, 0xaa, 0xaa, 0xaa, 0xa6, 0x89, 0x0,
    0x5, 0xad, 0xff, 0xff, 0xff, 0xff, 0xff, 0xf7,
    0x0, 0x0, 0x0, 0x0, 0x0, 0x0, 0x0, 0x0,
    0x0, 0x0,

    /* U+90A3 "那" */
    0x5d, 0xdd, 0xdd, 0xdd, 0xdc, 0x0, 0xdd, 0xdd,
    0xdd, 0xd5, 0x7f, 0xff, 0xff, 0xff, 0xfe, 0x0,
    0xff, 0xff, 0xff, 0xf7, 0x0, 0xe, 0xd0, 0x0,
    0xfe, 0x0, 0xfd, 0x0, 0x7, 0xf4, 0x0, 0xe,
    0xd0, 0x0, 0xfe, 0x0, 0xfd, 0x0, 0xc, 0xe0,
    0x0, 0xe, 0xd0, 0x0, 0xfe, 0x0, 0xfd, 0x0,
    0x2f, 0x90, 0x6d, 0xdf, 0xfd, 0xdd, 0xfd, 0x0,
    0xfd, 0x0, 0x7f, 0x40, 0x8f, 0xff, 0xff, 0xff,
    0xfd, 0x0, 0xfd, 0x0, 0xde, 0x0, 0x0, 0xf,
    0xd0, 0x0, 0xfd, 0x0, 0xfd, 0x2, 0xf9, 0x0,
    0x0, 0xf, 0xc0, 0x0, 0xfd, 0x0, 0xfd, 0x1,
    0xee, 0x20, 0x0, 0xf, 0xc0, 0x0, 0xfd, 0x0,
    0xfd, 0x0, 0x3f, 0xc0, 0x7d, 0xdf, 0xfd, 0xdd,
    0xfd, 0x0, 0xfd, 0x0, 0x9, 0xf4, 0x9f, 0xff,
    0xff, 0xff, 0xfd, 0x0, 0xfd, 0x0, 0x3, 0xfa,
    0x0, 0x3f, 0x80, 0x0, 0xfd, 0x0, 0xfd, 0x0,
    0x0, 0xfd, 0x0, 0x6f, 0x50, 0x0, 0xfd, 0x0,
    0xfd, 0x0, 0x2, 0xfe, 0x0, 0xaf, 0x10, 0x0,
    0xfc, 0x0, 0xfd, 0x24, 0x5c, 0xfb, 0x1, 0xfc,
    0x0, 0x0, 0xfc, 0x0, 0xfd, 0x8f, 0xff, 0xf4,
    0x8, 0xf4, 0x0, 0x5, 0xfb, 0x0, 0xfd, 0x4a,
    0xa8, 0x20, 0x3f, 0xb0, 0xbf, 0xff, 0xf8, 0x0,
    0xfd, 0x0, 0x0, 0x0, 0x7d, 0x10, 0x7d, 0xdc,
    0x91, 0x0, 0xfd, 0x0, 0x0, 0x0,

    /* U+90BB "邻" */
    0x0, 0x0, 0x8, 0x81, 0x0, 0x0, 0x0, 0x0,
    0x0, 0x0, 0x0, 0x0, 0x7f, 0xfc, 0x0, 0x0,
    0xdd, 0xdd, 0xdd, 0xd9, 0x0, 0x2, 0xfe, 0xaf,
    0x90, 0x0, 0xff, 0xff, 0xff, 0xfb, 0x0, 0xc,
    0xf6, 0xc, 0xf6, 0x0, 0xfd, 0x0, 0x6, 0xf8,
    0x0, 0x8f, 0xb0, 0x2, 0xff, 0x20, 0xfd, 0x0,
    0xc, 0xf2, 0x5, 0xfe, 0x12, 0x0, 0x5f, 0xd0,
    0xfd, 0x0, 0x2f, 0xc0, 0x5f, 0xf3, 0x5f, 0x40,
    0xa, 0xf3, 0xfd, 0x0, 0x8f, 0x60, 0x6f, 0x40,
    0x1e, 0xe1, 0x1, 0x60, 0xfd, 0x0, 0xdf, 0x10,
    0x6, 0x0, 0x4, 0xfb, 0x0, 0x0, 0xfd, 0x3,
    0xfb, 0x0, 0x0, 0x0, 0x0, 0x61, 0x0, 0x0,
    0xfd, 0x0, 0xbf, 0x40, 0xd, 0xdd, 0xdd, 0xdd,
    0xdd, 0x60, 0xfd, 0x0, 0x1f, 0xd0, 0xf, 0xff,
    0xff, 0xff, 0xff, 0x80, 0xfd, 0x0, 0x8, 0xf5,
    0x0, 0x0, 0x0, 0x0, 0xdf, 0x40, 0xfd, 0x0,
    0x3, 0xfa, 0x0, 0x0, 0x0, 0x8, 0xfa, 0x0,
    0xfd, 0x0, 0x0, 0xfd, 0x0, 0x97, 0x0, 0x3f,
    0xe1, 0x0, 0xfd, 0x0, 0x1, 0xfd, 0x1, 0xff,
    0x90, 0xdf, 0x50, 0x0, 0xfd, 0x0, 0x19, 0xfa,
    0x0, 0x1b, 0xfe, 0xfa, 0x0, 0x0, 0xfd, 0xaf,
    0xff, 0xf3, 0x0, 0x0, 0x6f, 0xf4, 0x0, 0x0,
    0xfd, 0x5e, 0xda, 0x20, 0x0, 0x0, 0x1, 0xbf,
    0x90, 0x0, 0xfd, 0x0, 0x0, 0x0, 0x0, 0x0,
    0x0, 0x6, 0x50, 0x0, 0xfd, 0x0, 0x0, 0x0,

    /* U+90FD "都" */
    0x0, 0x0, 0x19, 0x50, 0x0, 0x0, 0x0, 0x0,
    0x0, 0x0, 0x0, 0x0, 0x1, 0xf9, 0x0, 0x0,
    0x0, 0x77, 0x77, 0x77, 0x71, 0x0, 0x0, 0x1f,
    0x90, 0x0, 0xbc, 0x1f, 0xff, 0xff, 0xff, 0x20,
    0x3f, 0xff, 0xff, 0xff, 0x8f, 0xb0, 0xfe, 0x55,
    0x6f, 0xf2, 0x1, 0x99, 0x9f, 0xd9, 0x9e, 0xf3,
    0xf, 0xd0, 0x6, 0xfd, 0x0, 0x0, 0x1, 0xf9,
    0x6, 0xfa, 0x0, 0xfd, 0x0, 0xbf, 0x70, 0x0,
    0x0, 0x1f, 0x92, 0xfe, 0x10, 0xf, 0xd0, 0xf,
    0xf2, 0x0, 0xff, 0xff, 0xff, 0xff, 0xff, 0xf4,
    0xfd, 0x4, 0xfd, 0x0, 0x9, 0x99, 0x9b, 0xff,
    0xa9, 0x99, 0x2f, 0xd0, 0x9f, 0x70, 0x0, 0x0,
    0x3, 0xef, 0x50, 0x0, 0x0, 0xfd, 0x9, 0xf8,
    0x0, 0x0, 0x7, 0xff, 0xc9, 0x99, 0x70, 0xf,
    0xd0, 0x1e, 0xf2, 0x0, 0x3c, 0xff, 0xff, 0xff,
    0xfd, 0x0, 0xfd, 0x0, 0x7f, 0x90, 0x2f, 0xff,
    0x80, 0x0, 0xd, 0xd0, 0xf, 0xd0, 0x1, 0xfc,
    0x0, 0x95, 0xf8, 0x0, 0x0, 0xdd, 0x0, 0xfd,
    0x0, 0xe, 0xe0, 0x0, 0x2f, 0xff, 0xff, 0xff,
    0xd0, 0xf, 0xd0, 0x0, 0xef, 0x0, 0x2, 0xfb,
    0x77, 0x77, 0xed, 0x0, 0xfd, 0x12, 0x6f, 0xe0,
    0x0, 0x2f, 0x80, 0x0, 0xd, 0xd0, 0xf, 0xda,
    0xff, 0xf9, 0x0, 0x2, 0xfa, 0x55, 0x55, 0xed,
    0x0, 0xfd, 0x6d, 0xc8, 0x0, 0x0, 0x2f, 0xff,
    0xff, 0xff, 0xd0, 0xf, 0xd0, 0x0, 0x0, 0x0,
    0x2, 0xf9, 0x22, 0x22, 0x22, 0x0, 0xfd, 0x0,
    0x0, 0x0, 0x0, 0x0, 0x0, 0x0, 0x0, 0x0,
    0x3, 0x20, 0x0, 0x0, 0x0,

    /* U+914D "配" */
    0x11, 0x11, 0x11, 0x11, 0x11, 0x0, 0x0, 0x0,
    0x0, 0x0, 0xff, 0xff, 0xff, 0xff, 0xff, 0x47,
    0xff, 0xff, 0xff, 0xd0, 0x99, 0x9e, 0xd9, 0xfb,
    0x99, 0x25, 0xdd, 0xdd, 0xdf, 0xd0, 0x0, 0xd,
    0xa1, 0xf6, 0x0, 0x0, 0x0, 0x0, 0xf, 0xd0,
    0x39, 0x9e, 0xda, 0xfc, 0x98, 0x0, 0x0, 0x0,
    0xf, 0xd0, 0x5f, 0xff, 0xff, 0xff, 0xfe, 0x0,
    0x0, 0x0, 0xf, 0xd0, 0x5f, 0x28, 0xa1, 0xf1,
    0x9e, 0x0, 0x0, 0x0, 0xf, 0xd0, 0x5f, 0x29,
    0x91, 0xf1, 0x9e, 0xa, 0xcc, 0xcc, 0xcf, 0xd0,
    0x5f, 0x2b, 0x71, 0xf1, 0x9e, 0xd, 0xff, 0xff,
    0xff, 0xd0, 0x5f, 0x2f, 0x41, 0xf3, 0x9e, 0xd,
    0xf4, 0x44, 0x44, 0x30, 0x5f, 0xae, 0x0, 0xcf,
    0xfe, 0xd, 0xf0, 0x0, 0x0, 0x0, 0x5f, 0xd6,
    0x0, 0x2, 0xbe, 0xd, 0xf0, 0x0, 0x0, 0x0,
    0x5f, 0x30, 0x0, 0x0, 0xae, 0xd, 0xf0, 0x0,
    0x0, 0x41, 0x5f, 0xff, 0xff, 0xff, 0xfe, 0xd,
    0xf0, 0x0, 0x1, 0xfb, 0x5f, 0xa9, 0x99, 0x99,
    0xde, 0xd, 0xf0, 0x0, 0x1, 0xfa, 0x5f, 0x30,
    0x0, 0x0, 0xae, 0xd, 0xf0, 0x0, 0x2, 0xf9,
    0x5f, 0xa9, 0x99, 0x99, 0xde, 0xd, 0xf1, 0x0,
    0x5, 0xf7, 0x5f, 0xff, 0xff, 0xff, 0xfe, 0xb,
    0xff, 0xdd, 0xdf, 0xf4, 0x5f, 0x30, 0x0, 0x0,
    0x0, 0x3, 0xdf, 0xff, 0xff, 0xa0,

    /* U+9192 "醒" */
    0xaa, 0xaa, 0xaa, 0xaa, 0xa0, 0xbb, 0xbb, 0xbb,
    0xbb, 0x60, 0xff, 0xff, 0xff, 0xff, 0xf0, 0xfe,
    0xbb, 0xbb, 0xbf, 0x90, 0x0, 0x4f, 0x1f, 0x50,
    0x0, 0xf9, 0x0, 0x0, 0xf, 0x90, 0x0, 0x4f,
    0x1f, 0x50, 0x0, 0xfb, 0x55, 0x55, 0x5f, 0x90,
    0x1, 0x5f, 0x3f, 0x61, 0x0, 0xff, 0xff, 0xff,
    0xff, 0x90, 0x8f, 0xff, 0xff, 0xff, 0x80, 0xf9,
    0x0, 0x0, 0xf, 0x90, 0x8e, 0x8f, 0x8f, 0x8e,
    0x80, 0xfc, 0x77, 0x77, 0x7f, 0x90, 0x8d, 0x2f,
    0x1f, 0x2e, 0x80, 0xff, 0xff, 0xff, 0xff, 0x90,
    0x8d, 0x3f, 0xf, 0x2e, 0x80, 0x59, 0x0, 0xa6,
    0x0, 0x0, 0x8d, 0x7e, 0xf, 0x4e, 0x80, 0xcc,
    0x33, 0xfb, 0x33, 0x30, 0x8e, 0xe8, 0xd, 0xff,
    0x82, 0xff, 0xff, 0xff, 0xff, 0xf3, 0x8f, 0xd1,
    0x0, 0x2f, 0x8a, 0xd4, 0x44, 0xfb, 0x44, 0x40,
    0x8f, 0x0, 0x0, 0xf, 0x9f, 0x60, 0x0, 0xfa,
    0x0, 0x0, 0x8f, 0xee, 0xee, 0xef, 0x85, 0x79,
    0x99, 0xfd, 0x99, 0x80, 0x8f, 0xaa, 0xaa, 0xaf,
    0x80, 0xcf, 0xff, 0xff, 0xff, 0xd0, 0x8f, 0x0,
    0x0, 0xf, 0x80, 0x0, 0x0, 0xfa, 0x0, 0x0,
    0x8f, 0x44, 0x44, 0x4f, 0x80, 0x0, 0x0, 0xfa,
    0x0, 0x0, 0x8f, 0xff, 0xff, 0xff, 0x8c, 0xff,
    0xff, 0xff, 0xff, 0xfb, 0x8f, 0x44, 0x44, 0x44,
    0x27, 0xaa, 0xaa, 0xaa, 0xaa, 0xa6,

    /* U+91C7 "采" */
    0x0, 0x0, 0x0, 0x0, 0x0, 0x0, 0x0, 0x0,
    0x0, 0x0, 0x0, 0x0, 0x0, 0x0, 0x1, 0x23,
    0x56, 0x79, 0xac, 0xee, 0x0, 0x2, 0xdd, 0xef,
    0xff, 0xff, 0xff, 0xff, 0xff, 0xff, 0xd1, 0x0,
    0x1f, 0xff, 0xed, 0xcb, 0xaa, 0x76, 0x53, 0x21,
    0x0, 0x0, 0x0, 0x4, 0x70, 0x0, 0xb, 0xe0,
    0x0, 0x0, 0x8e, 0x40, 0x0, 0x0, 0xdf, 0x60,
    0x0, 0x7f, 0x90, 0x0, 0x3f, 0xe0, 0x0, 0x0,
    0x2, 0xff, 0x30, 0x0, 0xdf, 0x40, 0x1e, 0xf3,
    0x0, 0x0, 0x0, 0x6, 0xfd, 0x0, 0x3, 0x70,
    0xc, 0xf7, 0x0, 0x0, 0x0, 0x0, 0x7, 0x20,
    0x4, 0xf8, 0x0, 0x39, 0x0, 0x0, 0x0, 0x0,
    0x0, 0x0, 0x0, 0x4f, 0x80, 0x0, 0x0, 0x0,
    0x0, 0xa, 0xdd, 0xdd, 0xdd, 0xde, 0xfe, 0xdd,
    0xdd, 0xdd, 0xdd, 0x0, 0xcf, 0xff, 0xff, 0xff,
    0xff, 0xff, 0xff, 0xff, 0xff, 0xf0, 0x0, 0x0,
    0x0, 0x0, 0xbf, 0xff, 0xe2, 0x0, 0x0, 0x0,
    0x0, 0x0, 0x0, 0x1, 0xcf, 0xdf, 0xcf, 0xe3,
    0x0, 0x0, 0x0, 0x0, 0x0, 0x3, 0xef, 0x94,
    0xf8, 0x4f, 0xf6, 0x0, 0x0, 0x0, 0x0, 0x8,
    0xff, 0x70, 0x4f, 0x80, 0x3e, 0xfb, 0x20, 0x0,
    0x0, 0x6e, 0xfe, 0x40, 0x4, 0xf8, 0x0, 0x1b,
    0xff, 0x92, 0x0, 0xef, 0xf9, 0x0, 0x0, 0x4f,
    0x80, 0x0, 0x6, 0xef, 0xf2, 0x9, 0xb2, 0x0,
    0x0, 0x4, 0xf8, 0x0, 0x0, 0x0, 0x7a, 0x0,
    0x0, 0x0, 0x0, 0x0, 0x4f, 0x80, 0x0, 0x0,
    0x0, 0x0,

    /* U+91CC "里" */
    0x2, 0xdd, 0xdd, 0xdd, 0xdd, 0xdd, 0xdd, 0xdd,
    0xd7, 0x0, 0x2, 0xff, 0xff, 0xff, 0xff, 0xff,
    0xff, 0xff, 0xf8, 0x0, 0x2, 0xfb, 0x0, 0x0,
    0x4f, 0xa0, 0x0, 0x5, 0xf8, 0x0, 0x2, 0xfb,
    0x0, 0x0, 0x4f, 0xa0, 0x0, 0x5, 0xf8, 0x0,
    0x2, 0xfe, 0x99, 0x99, 0xbf, 0xd9, 0x99, 0x9b,
    0xf8, 0x0, 0x2, 0xff, 0xff, 0xff, 0xff, 0xff,
    0xff, 0xff, 0xf8, 0x0, 0x2, 0xfb, 0x0, 0x0,
    0x4f, 0xa0, 0x0, 0x5, 0xf8, 0x0, 0x2, 0xfb,
    0x0, 0x0, 0x4f, 0xa0, 0x0, 0x5, 0xf8, 0x0,
    0x2, 0xfb, 0x0, 0x0, 0x4f, 0xa0, 0x0, 0x5,
    0xf8, 0x0, 0x2, 0xff, 0xff, 0xff, 0xff, 0xff,
    0xff, 0xff, 0xf8, 0x0, 0x2, 0xdd, 0xdd, 0xdd,
    0xef, 0xfd, 0xdd, 0xdd, 0xd7, 0x0, 0x0, 0x0,
    0x0, 0x0, 0x4f, 0xa0, 0x0, 0x0, 0x0, 0x0,
    0x0, 0x0, 0x0, 0x0, 0x4f, 0xa0, 0x0, 0x0,
    0x0, 0x0, 0x9, 0xff, 0xff, 0xff, 0xff, 0xff,
    0xff, 0xff, 0xff, 0x0, 0x8, 0xdd, 0xdd, 0xdd,
    0xef, 0xfd, 0xdd, 0xdd, 0xdd, 0x0, 0x0, 0x0,
    0x0, 0x0, 0x4f, 0xa0, 0x0, 0x0, 0x0, 0x0,
    0x0, 0x0, 0x0, 0x0, 0x4f, 0xa0, 0x0, 0x0,
    0x0, 0x0, 0xff, 0xff, 0xff, 0xff, 0xff, 0xff,
    0xff, 0xff, 0xff, 0xf6, 0xdd, 0xdd, 0xdd, 0xdd,
    0xdd, 0xdd, 0xdd, 0xdd, 0xdd, 0xd5,

    /* U+91CD "重" */
    0x0, 0x0, 0x0, 0x0, 0x0, 0x1, 0x12, 0x34,
    0x56, 0x10, 0x0, 0xac, 0xdd, 0xee, 0xff, 0xff,
    0xff, 0xff, 0xff, 0x50, 0x0, 0x9c, 0xbb, 0xaa,
    0xad, 0xf9, 0x76, 0x54, 0x32, 0x0, 0x0, 0x0,
    0x0, 0x0, 0x9, 0xf4, 0x0, 0x0, 0x0, 0x0,
    0x17, 0x77, 0x77, 0x77, 0x7c, 0xf9, 0x77, 0x77,
    0x77, 0x76, 0x4f, 0xff, 0xff, 0xff, 0xff, 0xff,
    0xff, 0xff, 0xff, 0xff, 0x0, 0x0, 0x0, 0x0,
    0x9, 0xf4, 0x0, 0x0, 0x0, 0x0, 0x0, 0x2f,
    0xff, 0xff, 0xff, 0xff, 0xff, 0xff, 0xfd, 0x0,
    0x0, 0x2f, 0xc5, 0x55, 0x5b, 0xf8, 0x55, 0x55,
    0xfd, 0x0, 0x0, 0x2f, 0xa0, 0x0, 0x9, 0xf4,
    0x0, 0x0, 0xfd, 0x0, 0x0, 0x2f, 0xff, 0xff,
    0xff, 0xff, 0xff, 0xff, 0xfd, 0x0, 0x0, 0x2f,
    0xb2, 0x22, 0x2a, 0xf5, 0x22, 0x22, 0xfd, 0x0,
    0x0, 0x2f, 0xb4, 0x44, 0x4a, 0xf7, 0x44, 0x44,
    0xfd, 0x0, 0x0, 0x2f, 0xff, 0xff, 0xff, 0xff,
    0xff, 0xff, 0xfd, 0x0, 0x0, 0x1, 0x11, 0x11,
    0x19, 0xf5, 0x11, 0x11, 0x11, 0x0, 0x0, 0x45,
    0x55, 0x55, 0x5b, 0xf8, 0x55, 0x55, 0x55, 0x30,
    0x0, 0xef, 0xff, 0xff, 0xff, 0xff, 0xff, 0xff,
    0xff, 0x90, 0x0, 0x0, 0x0, 0x0, 0x9, 0xf4,
    0x0, 0x0, 0x0, 0x0, 0x26, 0x66, 0x66, 0x66,
    0x6c, 0xf9, 0x66, 0x66, 0x66, 0x66, 0x4f, 0xff,
    0xff, 0xff, 0xff, 0xff, 0xff, 0xff, 0xff, 0xff,

    /* U+91CF "量" */
    0x0, 0xcf, 0xff, 0xff, 0xff, 0xff, 0xff, 0xff,
    0xf5, 0x0, 0x0, 0xcf, 0x32, 0x22, 0x22, 0x22,
    0x22, 0x28, 0xf5, 0x0, 0x0, 0xcf, 0xff, 0xff,
    0xff, 0xff, 0xff, 0xff, 0xf5, 0x0, 0x0, 0xcf,
    0x21, 0x11, 0x11, 0x11, 0x11, 0x18, 0xf5, 0x0,
    0x0, 0xcf, 0xff, 0xff, 0xff, 0xff, 0xff, 0xff,
    0xf5, 0x0, 0x0, 0x12, 0x22, 0x22, 0x22, 0x22,
    0x22, 0x22, 0x20, 0x0, 0x22, 0x22, 0x22, 0x22,
    0x22, 0x22, 0x22, 0x22, 0x22, 0x21, 0xff, 0xff,
    0xff, 0xff, 0xff, 0xff, 0xff, 0xff, 0xff, 0xf9,
    0x0, 0x11, 0x11, 0x11, 0x11, 0x11, 0x11, 0x11,
    0x10, 0x0, 0x0, 0xcf, 0xff, 0xff, 0xff, 0xff,
    0xff, 0xff, 0xf5, 0x0, 0x0, 0xcf, 0x10, 0x0,
    0x1f, 0xb0, 0x0, 0x7, 0xf5, 0x0, 0x0, 0xcf,
    0xff, 0xff, 0xff, 0xff, 0xff, 0xff, 0xf5, 0x0,
    0x0, 0xcf, 0x10, 0x0, 0x1f, 0xb0, 0x0, 0x7,
    0xf5, 0x0, 0x0, 0xcf, 0xff, 0xff, 0xff, 0xff,
    0xff, 0xff, 0xf5, 0x0, 0x0, 0x12, 0x22, 0x22,
    0x3f, 0xc2, 0x22, 0x22, 0x20, 0x0, 0x0, 0x22,
    0x22, 0x22, 0x3f, 0xc2, 0x22, 0x22, 0x22, 0x0,
    0x6, 0xff, 0xff, 0xff, 0xff, 0xff, 0xff, 0xff,
    0xff, 0x0, 0x12, 0x22, 0x22, 0x22, 0x3f, 0xc2,
    0x22, 0x22, 0x22, 0x21, 0xcf, 0xff, 0xff, 0xff,
    0xff, 0xff, 0xff, 0xff, 0xff, 0xf6,

    /* U+9488 "针" */
    0x0, 0x0, 0x31, 0x0, 0x0, 0x0, 0x0, 0x0,
    0x0, 0x0, 0x0, 0x0, 0xf, 0xe0, 0x0, 0x0,
    0x0, 0xf, 0xf0, 0x0, 0x0, 0x0, 0x5, 0xfa,
    0x0, 0x0, 0x0, 0x0, 0xff, 0x0, 0x0, 0x0,
    0x0, 0xbf, 0x50, 0x0, 0x0, 0x0, 0xf, 0xf0,
    0x0, 0x0, 0x0, 0x1f, 0xff, 0xff, 0xff, 0x0,
    0x0, 0xff, 0x0, 0x0, 0x0, 0x8, 0xfe, 0xdd,
    0xdd, 0xd0, 0x0, 0xf, 0xf0, 0x0, 0x0, 0x0,
    0xef, 0x20, 0x0, 0x0, 0x0, 0x0, 0xff, 0x0,
    0x0, 0x0, 0x8f, 0xa0, 0x0, 0x0, 0x0, 0x0,
    0xf, 0xf0, 0x0, 0x0, 0xe, 0xfb, 0x99, 0x99,
    0x92, 0x0, 0x0, 0xff, 0x0, 0x0, 0x0, 0x6e,
    0xff, 0xff, 0xff, 0x6f, 0xff, 0xff, 0xff, 0xff,
    0xf7, 0x0, 0x12, 0xbf, 0x42, 0x22, 0xff, 0xff,
    0xff, 0xff, 0xff, 0x60, 0x0, 0xa, 0xf2, 0x0,
    0x0, 0x0, 0xf, 0xf0, 0x0, 0x0, 0xa, 0xdd,
    0xff, 0xdd, 0xda, 0x0, 0x0, 0xff, 0x0, 0x0,
    0x0, 0xcf, 0xff, 0xff, 0xff, 0xc0, 0x0, 0xf,
    0xf0, 0x0, 0x0, 0x0, 0x0, 0xaf, 0x20, 0x0,
    0x0, 0x0, 0xff, 0x0, 0x0, 0x0, 0x0, 0xa,
    0xf2, 0x0, 0x0, 0x0, 0xf, 0xf0, 0x0, 0x0,
    0x0, 0x0, 0xaf, 0x20, 0x26, 0x0, 0x0, 0xff,
    0x0, 0x0, 0x0, 0x0, 0xa, 0xf4, 0x9f, 0xd0,
    0x0, 0xf, 0xf0, 0x0, 0x0, 0x0, 0x0, 0xcf,
    0xff, 0xc3, 0x0, 0x0, 0xff, 0x0, 0x0, 0x0,
    0x0, 0x3f, 0xfd, 0x40, 0x0, 0x0, 0xf, 0xf0,
    0x0, 0x0, 0x0, 0x0, 0x95, 0x0, 0x0, 0x0,
    0x0, 0xff, 0x0, 0x0, 0x0,

    /* U+949F "钟" */
    0x0, 0x1, 0x0, 0x0, 0x0, 0x0, 0x1, 0x10,
    0x0, 0x0, 0x0, 0xe, 0xd0, 0x0, 0x0, 0x0,
    0xd, 0xf0, 0x0, 0x0, 0x0, 0x2f, 0xa0, 0x0,
    0x0, 0x0, 0xd, 0xf0, 0x0, 0x0, 0x0, 0x7f,
    0x72, 0x22, 0x0, 0x0, 0xd, 0xf0, 0x0, 0x0,
    0x0, 0xdf, 0xff, 0xff, 0x10, 0x0, 0xd, 0xf0,
    0x0, 0x0, 0x3, 0xfd, 0xbb, 0xbb, 0xd, 0xdd,
    0xdf, 0xfd, 0xdd, 0xdb, 0xa, 0xf3, 0x0, 0x0,
    0xf, 0xff, 0xff, 0xff, 0xff, 0xfd, 0x3f, 0xc0,
    0x0, 0x0, 0xf, 0xd0, 0xd, 0xf0, 0x0, 0xfd,
    0x1e, 0xed, 0xdd, 0xd6, 0xf, 0xd0, 0xd, 0xf0,
    0x0, 0xfd, 0x2, 0xff, 0xff, 0xf7, 0xf, 0xd0,
    0xd, 0xf0, 0x0, 0xfd, 0x0, 0x9, 0xf2, 0x0,
    0xf, 0xd0, 0xd, 0xf0, 0x0, 0xfd, 0x0, 0x9,
    0xf2, 0x0, 0xf, 0xd0, 0xd, 0xf0, 0x0, 0xfd,
    0x7, 0x7c, 0xf8, 0x76, 0xf, 0xd0, 0xd, 0xf0,
    0x0, 0xfd, 0xf, 0xff, 0xff, 0xfe, 0xf, 0xfd,
    0xdf, 0xfd, 0xdd, 0xfd, 0x5, 0x5b, 0xf7, 0x55,
    0xf, 0xff, 0xff, 0xff, 0xff, 0xfd, 0x0, 0x9,
    0xf2, 0x0, 0x0, 0x0, 0xd, 0xf0, 0x0, 0x0,
    0x0, 0x9, 0xf2, 0x0, 0x0, 0x0, 0xd, 0xf0,
    0x0, 0x0, 0x0, 0x9, 0xf3, 0x7e, 0x0, 0x0,
    0xd, 0xf0, 0x0, 0x0, 0x0, 0xa, 0xff, 0xfb,
    0x10, 0x0, 0xd, 0xf0, 0x0, 0x0, 0x0, 0x2f,
    0xfc, 0x30, 0x0, 0x0, 0xd, 0xf0, 0x0, 0x0,
    0x0, 0x9, 0x40, 0x0, 0x0, 0x0, 0xd, 0xf0,
    0x0, 0x0,

    /* U+9501 "锁" */
    0x0, 0x9, 0x30, 0x0, 0x0, 0x0, 0x89, 0x0,
    0x0, 0x0, 0x0, 0x5, 0xf6, 0x0, 0x8, 0x0,
    0xd, 0xf0, 0x0, 0x28, 0x0, 0x0, 0xbf, 0x10,
    0x6, 0xfa, 0x0, 0xdf, 0x0, 0x1d, 0xf3, 0x0,
    0x2f, 0xff, 0xff, 0xb, 0xf6, 0xd, 0xf0, 0xc,
    0xf8, 0x0, 0xa, 0xfd, 0xdd, 0xd0, 0x1e, 0xf2,
    0xdf, 0xa, 0xfa, 0x0, 0x3, 0xfc, 0x0, 0x0,
    0x0, 0x49, 0xd, 0xf0, 0x3a, 0x0, 0x0, 0xcf,
    0x30, 0x0, 0x0, 0x66, 0x66, 0xef, 0x66, 0x66,
    0x50, 0x8, 0xff, 0xff, 0xf9, 0xf, 0xff, 0xff,
    0xff, 0xff, 0xfd, 0x0, 0x1a, 0xef, 0xed, 0x80,
    0xfe, 0x66, 0x66, 0x66, 0x6f, 0xd0, 0x0, 0x6,
    0xf5, 0x0, 0xf, 0xd0, 0x7, 0x80, 0x0, 0xfd,
    0x0, 0x0, 0x6f, 0x50, 0x0, 0xfd, 0x0, 0xdf,
    0x0, 0xf, 0xd0, 0x9, 0xde, 0xfe, 0xdc, 0xf,
    0xd0, 0xd, 0xf0, 0x0, 0xfd, 0x0, 0xaf, 0xff,
    0xff, 0xe0, 0xfd, 0x0, 0xef, 0x0, 0xf, 0xd0,
    0x0, 0x6, 0xf5, 0x0, 0xf, 0xd0, 0x1f, 0xe0,
    0x0, 0xfd, 0x0, 0x0, 0x6f, 0x50, 0x0, 0xfd,
    0x5, 0xfd, 0x0, 0xf, 0xd0, 0x0, 0x6, 0xf5,
    0x4, 0x5, 0x40, 0xbf, 0xfd, 0x40, 0x43, 0x0,
    0x0, 0x6f, 0x7d, 0xd0, 0x0, 0x8f, 0xd9, 0xff,
    0x90, 0x0, 0x0, 0x7, 0xff, 0xf6, 0x2, 0xbf,
    0xf3, 0x5, 0xef, 0xd4, 0x0, 0x0, 0xdf, 0xc2,
    0x3a, 0xff, 0xd2, 0x0, 0x1, 0xbf, 0xf9, 0x0,
    0x6, 0x70, 0x6, 0xff, 0x80, 0x0, 0x0, 0x0,
    0x7f, 0xa0, 0x0, 0x0, 0x0, 0x7, 0x10, 0x0,
    0x0, 0x0, 0x0, 0x31, 0x0,

    /* U+952E "键" */
    0x0, 0xd, 0x60, 0x0, 0x0, 0x0, 0x0, 0x7b,
    0x0, 0x0, 0x0, 0x5, 0xf5, 0x0, 0x55, 0x55,
    0x0, 0x9, 0xf0, 0x0, 0x0, 0x0, 0xaf, 0x10,
    0xe, 0xff, 0xf4, 0xff, 0xff, 0xff, 0xf5, 0x0,
    0xf, 0xff, 0xf9, 0x44, 0xae, 0x16, 0x6c, 0xf6,
    0x7f, 0x50, 0x6, 0xf9, 0x88, 0x40, 0x1f, 0x70,
    0x0, 0x9f, 0x1, 0xf5, 0x0, 0xdd, 0x0, 0x0,
    0x9, 0xf1, 0xcf, 0xff, 0xff, 0xff, 0xf8, 0x2f,
    0x82, 0x22, 0x2, 0xf8, 0x5, 0x66, 0xcf, 0x67,
    0xf9, 0x30, 0xaf, 0xff, 0xf1, 0xaf, 0x10, 0x0,
    0x9, 0xf0, 0x1f, 0x50, 0x3, 0xdf, 0xed, 0x2f,
    0xfd, 0xc1, 0x66, 0xcf, 0x67, 0xf5, 0x0, 0x2,
    0xf6, 0x0, 0xee, 0xef, 0x3f, 0xff, 0xff, 0xff,
    0x50, 0x0, 0x2f, 0x60, 0x0, 0x6, 0xe0, 0x0,
    0x9f, 0x0, 0x0, 0x0, 0x9a, 0xfc, 0x96, 0x80,
    0x8c, 0x39, 0x9d, 0xf9, 0x99, 0x50, 0xf, 0xff,
    0xff, 0xaf, 0x4a, 0xa4, 0xdd, 0xff, 0xdd, 0xd8,
    0x0, 0x2, 0xf6, 0x0, 0xea, 0xe7, 0x0, 0x9,
    0xf0, 0x0, 0x0, 0x0, 0x2f, 0x60, 0x9, 0xff,
    0x36, 0x66, 0xcf, 0x66, 0x66, 0x10, 0x2, 0xf6,
    0x0, 0x2f, 0xf0, 0xff, 0xff, 0xff, 0xff, 0xf3,
    0x0, 0x2f, 0x78, 0x83, 0xff, 0x70, 0x0, 0x9f,
    0x0, 0x0, 0x0, 0x2, 0xff, 0xf8, 0xdf, 0xcf,
    0xb5, 0x15, 0x80, 0x0, 0x0, 0x0, 0x8f, 0xe5,
    0xbf, 0x60, 0x9f, 0xff, 0xff, 0xff, 0xff, 0x60,
    0x2, 0xb1, 0x1e, 0xa0, 0x0, 0x16, 0x89, 0xaa,
    0xaa, 0xa2, 0x0, 0x0, 0x0, 0x10, 0x0, 0x0,
    0x0, 0x0, 0x0, 0x0, 0x0,

    /* U+952F "锯" */
    0x0, 0xa, 0xa0, 0x0, 0x0, 0x0, 0x0, 0x0,
    0x0, 0x0, 0x0, 0x1, 0xfb, 0x0, 0x6, 0xaa,
    0xaa, 0xaa, 0xaa, 0xaa, 0x90, 0x0, 0x8f, 0x61,
    0x10, 0x9f, 0xff, 0xff, 0xff, 0xff, 0xff, 0x0,
    0xe, 0xff, 0xff, 0x79, 0xf2, 0x0, 0x0, 0x0,
    0xd, 0xf0, 0x6, 0xfb, 0xaa, 0xa4, 0x9f, 0x20,
    0x0, 0x0, 0x0, 0xdf, 0x1, 0xee, 0x0, 0x0,
    0x9, 0xfa, 0x99, 0x99, 0x99, 0x9e, 0xf0, 0x2f,
    0x61, 0x11, 0x10, 0x9f, 0xff, 0xff, 0xff, 0xff,
    0xff, 0x0, 0x8f, 0xff, 0xfe, 0x9, 0xf2, 0x0,
    0xf, 0xd0, 0x0, 0x0, 0x2, 0xcf, 0xfc, 0xa0,
    0x9f, 0x20, 0x0, 0xfd, 0x0, 0x0, 0x0, 0x0,
    0xdd, 0x0, 0xa, 0xfa, 0x99, 0x9f, 0xf9, 0x99,
    0x95, 0x0, 0xd, 0xd0, 0x0, 0xaf, 0xff, 0xff,
    0xff, 0xff, 0xff, 0x80, 0x99, 0xef, 0x99, 0x1b,
    0xf0, 0x0, 0xf, 0xd0, 0x0, 0x0, 0xf, 0xff,
    0xff, 0xf3, 0xce, 0x0, 0x0, 0xfd, 0x0, 0x0,
    0x0, 0x33, 0xee, 0x33, 0xe, 0xd0, 0x99, 0x9f,
    0xe9, 0x99, 0x60, 0x0, 0xd, 0xd0, 0x0, 0xfa,
    0xf, 0xff, 0xff, 0xff, 0xfa, 0x0, 0x0, 0xdd,
    0x0, 0x4f, 0x70, 0xfd, 0x0, 0x0, 0xf, 0xa0,
    0x0, 0xd, 0xd3, 0xa9, 0xf3, 0xf, 0xd0, 0x0,
    0x0, 0xfa, 0x0, 0x0, 0xdf, 0xfd, 0xed, 0x0,
    0xfd, 0x0, 0x0, 0xf, 0xa0, 0x0, 0x2f, 0xf8,
    0x7f, 0x70, 0xf, 0xff, 0xff, 0xff, 0xfa, 0x0,
    0x0, 0x92, 0x8, 0xd0, 0x0, 0xfe, 0x99, 0x99,
    0x9f, 0xa0, 0x0, 0x0, 0x0, 0x0, 0x0, 0x0,
    0x0, 0x0, 0x0, 0x0, 0x0,

    /* U+957F "长" */
    0x0, 0x2, 0x42, 0x0, 0x0, 0x0, 0x0, 0x0,
    0x0, 0x0, 0x0, 0x8, 0xf6, 0x0, 0x0, 0x0,
    0x0, 0x5, 0x80, 0x0, 0x0, 0x8, 0xf6, 0x0,
    0x0, 0x0, 0x2, 0xbf, 0xf1, 0x0, 0x0, 0x8,
    0xf6, 0x0, 0x0, 0x1, 0x9f, 0xfe, 0x60, 0x0,
    0x0, 0x8, 0xf6, 0x0, 0x2, 0x9f, 0xff, 0x91,
    0x0, 0x0, 0x0, 0x8, 0xf6, 0x4, 0xbf, 0xff,
    0x92, 0x0, 0x0, 0x0, 0x0, 0x8, 0xf6, 0xe,
    0xfe, 0x81, 0x0, 0x0, 0x0, 0x0, 0x0, 0x8,
    0xf6, 0x7, 0x60, 0x0, 0x0, 0x0, 0x0, 0x0,
    0x0, 0x8, 0xf6, 0x0, 0x0, 0x0, 0x0, 0x0,
    0x0, 0x0, 0xff, 0xff, 0xff, 0xff, 0xff, 0xff,
    0xff, 0xff, 0xff, 0xf0, 0xee, 0xef, 0xff, 0xee,
    0xef, 0xfe, 0xee, 0xee, 0xee, 0xe0, 0x0, 0x8,
    0xf6, 0x0, 0xa, 0xf6, 0x0, 0x0, 0x0, 0x0,
    0x0, 0x8, 0xf6, 0x0, 0x3, 0xfe, 0x0, 0x0,
    0x0, 0x0, 0x0, 0x8, 0xf6, 0x0, 0x0, 0xaf,
    0x90, 0x0, 0x0, 0x0, 0x0, 0x8, 0xf6, 0x0,
    0x0, 0x1e, 0xf5, 0x0, 0x0, 0x0, 0x0, 0x8,
    0xf6, 0x0, 0x0, 0x4, 0xff, 0x60, 0x0, 0x0,
    0x0, 0x8, 0xf6, 0x0, 0x28, 0x80, 0x5f, 0xfa,
    0x10, 0x0, 0x0, 0x8, 0xf7, 0x5b, 0xff, 0xa0,
    0x4, 0xef, 0xf8, 0x10, 0x0, 0xc, 0xff, 0xff,
    0xc6, 0x0, 0x0, 0x1a, 0xff, 0xe0, 0x0, 0x2f,
    0xff, 0x93, 0x0, 0x0, 0x0, 0x0, 0x3b, 0x80,
    0x0, 0x7, 0x60, 0x0, 0x0, 0x0, 0x0, 0x0,
    0x0, 0x0,

    /* U+95EA "闪" */
    0x3, 0x0, 0x0, 0x0, 0x0, 0x0, 0x0, 0x0,
    0x0, 0x2e, 0xd1, 0x0, 0x0, 0x0, 0x0, 0x0,
    0x0, 0x0, 0xb, 0xfe, 0x20, 0x8f, 0xff, 0xff,
    0xff, 0xff, 0xfd, 0x0, 0xaf, 0xe3, 0x7d, 0xdd,
    0xdd, 0xdd, 0xdd, 0xfd, 0x9b, 0x9, 0xe1, 0x0,
    0x76, 0x0, 0x0, 0x0, 0xfd, 0xef, 0x0, 0x10,
    0x0, 0xfd, 0x0, 0x0, 0x0, 0xfd, 0xef, 0x0,
    0x0, 0x0, 0xfd, 0x0, 0x0, 0x0, 0xfd, 0xef,
    0x0, 0x0, 0x1, 0xfc, 0x0, 0x0, 0x0, 0xfd,
    0xef, 0x0, 0x0, 0x4, 0xfa, 0x0, 0x0, 0x0,
    0xfd, 0xef, 0x0, 0x0, 0x8, 0xfe, 0x30, 0x0,
    0x0, 0xfd, 0xef, 0x0, 0x0, 0xe, 0xff, 0xf4,
    0x0, 0x0, 0xfd, 0xef, 0x0, 0x0, 0xaf, 0xa7,
    0xff, 0x50, 0x0, 0xfd, 0xef, 0x0, 0x8, 0xfe,
    0x10, 0x7f, 0xf6, 0x0, 0xfd, 0xef, 0x0, 0xaf,
    0xf4, 0x0, 0x7, 0xff, 0x60, 0xfd, 0xef, 0x2d,
    0xff, 0x50, 0x0, 0x0, 0x7f, 0xe1, 0xfd, 0xef,
    0xc, 0xe3, 0x0, 0x0, 0x0, 0x6, 0x40, 0xfd,
    0xef, 0x0, 0x10, 0x0, 0x0, 0x0, 0x0, 0x0,
    0xfd, 0xef, 0x0, 0x0, 0x0, 0x0, 0x0, 0x0,
    0x4, 0xfc, 0xef, 0x0, 0x0, 0x0, 0x0, 0x9,
    0xff, 0xff, 0xfa, 0xef, 0x0, 0x0, 0x0, 0x0,
    0x6, 0xff, 0xff, 0xb2,

    /* U+95ED "闭" */
    0x0, 0x0, 0x0, 0x0, 0x0, 0x0, 0x0, 0x0,
    0x0, 0xc, 0xb0, 0x0, 0x0, 0x0, 0x0, 0x0,
    0x0, 0x0, 0x1c, 0xfc, 0x0, 0x9d, 0xdd, 0xdd,
    0xdd, 0xdd, 0xda, 0x0, 0xcf, 0xc0, 0xbf, 0xff,
    0xff, 0xff, 0xff, 0xfd, 0x0, 0xc, 0xf4, 0x0,
    0x0, 0x0, 0x0, 0x1, 0xfd, 0x8a, 0x1, 0x50,
    0x0, 0x0, 0x49, 0x30, 0x1, 0xfd, 0xdf, 0x0,
    0x0, 0x0, 0x0, 0x7f, 0x60, 0x1, 0xfd, 0xdf,
    0x0, 0x0, 0x0, 0x0, 0x7f, 0x60, 0x1, 0xfd,
    0xdf, 0x4, 0xff, 0xff, 0xff, 0xff, 0xff, 0xf1,
    0xfd, 0xdf, 0x3, 0xdd, 0xdd, 0xdf, 0xff, 0xed,
    0xd1, 0xfd, 0xdf, 0x0, 0x0, 0x0, 0x2f, 0xff,
    0x60, 0x1, 0xfd, 0xdf, 0x0, 0x0, 0x0, 0xcf,
    0xbf, 0x60, 0x1, 0xfd, 0xdf, 0x0, 0x0, 0xa,
    0xf8, 0x7f, 0x60, 0x1, 0xfd, 0xdf, 0x0, 0x0,
    0xaf, 0xc0, 0x7f, 0x60, 0x1, 0xfd, 0xdf, 0x0,
    0xb, 0xfd, 0x10, 0x7f, 0x60, 0x1, 0xfd, 0xdf,
    0x3, 0xdf, 0xd1, 0x0, 0x7f, 0x60, 0x1, 0xfd,
    0xdf, 0x3f, 0xfc, 0x10, 0x0, 0x7f, 0x60, 0x1,
    0xfd, 0xdf, 0x8, 0x80, 0x0, 0x0, 0xbf, 0x50,
    0x1, 0xfc, 0xdf, 0x0, 0x0, 0x1f, 0xff, 0xff,
    0x30, 0x4, 0xfc, 0xdf, 0x0, 0x0, 0xc, 0xdd,
    0xc7, 0xae, 0xef, 0xfa, 0xdf, 0x0, 0x0, 0x0,
    0x0, 0x0, 0x9f, 0xff, 0xc2,

    /* U+95EE "问" */
    0x0, 0x0, 0x0, 0x0, 0x0, 0x0, 0x0, 0x0,
    0x0, 0x3e, 0x60, 0x0, 0x0, 0x0, 0x0, 0x0,
    0x0, 0x0, 0x5e, 0xf8, 0x0, 0xbf, 0xff, 0xff,
    0xff, 0xff, 0xfe, 0x1, 0xbf, 0xa0, 0xaf, 0xff,
    0xff, 0xff, 0xff, 0xfe, 0x45, 0x6, 0x50, 0x0,
    0x0, 0x0, 0x0, 0x0, 0xfe, 0xef, 0x0, 0x0,
    0x0, 0x0, 0x0, 0x0, 0x0, 0xfe, 0xef, 0x0,
    0xd, 0xdd, 0xdd, 0xdd, 0xb0, 0x0, 0xfe, 0xef,
    0x0, 0xf, 0xff, 0xff, 0xff, 0xd0, 0x0, 0xfe,
    0xef, 0x0, 0xf, 0xd0, 0x0, 0xf, 0xd0, 0x0,
    0xfe, 0xef, 0x0, 0xf, 0xd0, 0x0, 0xf, 0xd0,
    0x0, 0xfe, 0xef, 0x0, 0xf, 0xd0, 0x0, 0xf,
    0xd0, 0x0, 0xfe, 0xef, 0x0, 0xf, 0xd0, 0x0,
    0xf, 0xd0, 0x0, 0xfe, 0xef, 0x0, 0xf, 0xd0,
    0x0, 0xf, 0xd0, 0x0, 0xfe, 0xef, 0x0, 0xf,
    0xfd, 0xdd, 0xdf, 0xd0, 0x0, 0xfe, 0xef, 0x0,
    0xf, 0xff, 0xff, 0xff, 0xd0, 0x0, 0xfe, 0xef,
    0x0, 0x0, 0x0, 0x0, 0x0, 0x0, 0x0, 0xfe,
    0xef, 0x0, 0x0, 0x0, 0x0, 0x0, 0x0, 0x0,
    0xfe, 0xef, 0x0, 0x0, 0x0, 0x0, 0x0, 0x0,
    0x3, 0xfd, 0xef, 0x0, 0x0, 0x0, 0x0, 0xc,
    0xee, 0xef, 0xfa, 0xef, 0x0, 0x0, 0x0, 0x0,
    0xb, 0xff, 0xff, 0xb2,

    /* U+95F2 "闲" */
    0x0, 0x0, 0x0, 0x0, 0x0, 0x0, 0x0, 0x0,
    0x0, 0xa, 0x90, 0x0, 0x0, 0x0, 0x0, 0x0,
    0x0, 0x0, 0x1e, 0xf9, 0x0, 0xbd, 0xdd, 0xdd,
    0xdd, 0xdd, 0xdb, 0x2, 0xef, 0x90, 0xef, 0xff,
    0xff, 0xff, 0xff, 0xfd, 0x0, 0x2e, 0xf3, 0x0,
    0x0, 0x0, 0x0, 0x0, 0xfd, 0x68, 0x3, 0x60,
    0x0, 0x85, 0x0, 0x0, 0x0, 0xfd, 0xdf, 0x0,
    0x0, 0x0, 0xfb, 0x0, 0x0, 0x0, 0xfd, 0xdf,
    0x2, 0x22, 0x22, 0xfb, 0x22, 0x22, 0x0, 0xfd,
    0xdf, 0xf, 0xff, 0xff, 0xff, 0xff, 0xff, 0x0,
    0xfd, 0xdf, 0xa, 0xaa, 0xab, 0xfe, 0xaa, 0xaa,
    0x0, 0xfd, 0xdf, 0x0, 0x0, 0xa, 0xfb, 0x0,
    0x0, 0x0, 0xfd, 0xdf, 0x0, 0x0, 0x4f, 0xff,
    0x50, 0x0, 0x0, 0xfd, 0xdf, 0x0, 0x1, 0xef,
    0xff, 0xf8, 0x0, 0x0, 0xfd, 0xdf, 0x0, 0x1d,
    0xf7, 0xfb, 0xbf, 0xb0, 0x0, 0xfd, 0xdf, 0x1,
    0xdf, 0xa0, 0xfb, 0x9, 0xfd, 0x10, 0xfd, 0xdf,
    0x3e, 0xfb, 0x0, 0xfb, 0x0, 0x8f, 0x20, 0xfd,
    0xdf, 0x3f, 0x90, 0x0, 0xfb, 0x0, 0x3, 0x0,
    0xfd, 0xdf, 0x4, 0x0, 0x0, 0xfb, 0x0, 0x0,
    0x0, 0xfd, 0xdf, 0x0, 0x0, 0x0, 0xfb, 0x0,
    0x0, 0x2, 0xfd, 0xdf, 0x0, 0x0, 0x0, 0xfb,
    0x4, 0xdd, 0xdf, 0xfb, 0xdf, 0x0, 0x0, 0x0,
    0x0, 0x2, 0xff, 0xff, 0xc3,

    /* U+95F4 "间" */
    0x0, 0x0, 0x0, 0x0, 0x0, 0x0, 0x0, 0x0,
    0x0, 0xb, 0x60, 0x0, 0x0, 0x0, 0x0, 0x0,
    0x0, 0x0, 0x3f, 0xf6, 0x0, 0xbd, 0xdd, 0xdd,
    0xdd, 0xdd, 0xdc, 0x5, 0xff, 0x50, 0xdf, 0xff,
    0xff, 0xff, 0xff, 0xfe, 0x0, 0x8f, 0xd0, 0x0,
    0x0, 0x0, 0x0, 0x0, 0xfe, 0x44, 0x7, 0x10,
    0x0, 0x0, 0x0, 0x0, 0x0, 0xfe, 0xdf, 0x0,
    0x0, 0x0, 0x0, 0x0, 0x0, 0x0, 0xfe, 0xdf,
    0x0, 0xdf, 0xff, 0xff, 0xff, 0xf0, 0x0, 0xfe,
    0xdf, 0x0, 0xdf, 0xdd, 0xdd, 0xdf, 0xf0, 0x0,
    0xfe, 0xdf, 0x0, 0xdf, 0x0, 0x0, 0xd, 0xf0,
    0x0, 0xfe, 0xdf, 0x0, 0xdf, 0x0, 0x0, 0xd,
    0xf0, 0x0, 0xfe, 0xdf, 0x0, 0xdf, 0xdd, 0xdd,
    0xdf, 0xf0, 0x0, 0xfe, 0xdf, 0x0, 0xdf, 0xff,
    0xff, 0xff, 0xf0, 0x0, 0xfe, 0xdf, 0x0, 0xdf,
    0x0, 0x0, 0xd, 0xf0, 0x0, 0xfe, 0xdf, 0x0,
    0xdf, 0x0, 0x0, 0xd, 0xf0, 0x0, 0xfe, 0xdf,
    0x0, 0xdf, 0x0, 0x0, 0xd, 0xf0, 0x0, 0xfe,
    0xdf, 0x0, 0xdf, 0xff, 0xff, 0xff, 0xf0, 0x0,
    0xfe, 0xdf, 0x0, 0xbd, 0xdd, 0xdd, 0xdd, 0xd0,
    0x0, 0xfd, 0xdf, 0x0, 0x0, 0x0, 0x0, 0x0,
    0x0, 0x3, 0xfd, 0xdf, 0x0, 0x0, 0x0, 0x0,
    0x6, 0xdd, 0xef, 0xfa, 0xdf, 0x0, 0x0, 0x0,
    0x0, 0x4, 0xff, 0xfe, 0xb1,

    /* U+9635 "阵" */
    0x0, 0x0, 0x0, 0x0, 0x0, 0x1c, 0x70, 0x0,
    0x0, 0x6, 0x88, 0x88, 0x86, 0x0, 0x5, 0xf7,
    0x0, 0x0, 0x0, 0xdf, 0xff, 0xff, 0xc0, 0x0,
    0xaf, 0x20, 0x0, 0x0, 0xd, 0xf4, 0x47, 0xfb,
    0x9f, 0xff, 0xff, 0xff, 0xff, 0xf7, 0xdf, 0x0,
    0x7f, 0x68, 0xde, 0xfe, 0xdd, 0xdd, 0xdd, 0x6d,
    0xf0, 0xc, 0xf1, 0x0, 0x9f, 0x37, 0x90, 0x0,
    0x0, 0xdf, 0x0, 0xfc, 0x0, 0xe, 0xd0, 0xdf,
    0x0, 0x0, 0xd, 0xf0, 0x5f, 0x60, 0x5, 0xf8,
    0xd, 0xf0, 0x0, 0x0, 0xdf, 0x9, 0xf2, 0x0,
    0xbf, 0x20, 0xdf, 0x0, 0x0, 0xd, 0xf0, 0x7f,
    0x90, 0x1f, 0xb0, 0xd, 0xf0, 0x0, 0x0, 0xdf,
    0x0, 0xdf, 0x26, 0xff, 0xff, 0xff, 0xff, 0xff,
    0x2d, 0xf0, 0x5, 0xf8, 0x5d, 0xdd, 0xdf, 0xfd,
    0xdd, 0xd1, 0xdf, 0x0, 0x1f, 0xb0, 0x0, 0x0,
    0xdf, 0x0, 0x0, 0xd, 0xf0, 0x0, 0xfd, 0x0,
    0x0, 0xd, 0xf0, 0x0, 0x0, 0xdf, 0x0, 0x5f,
    0xc4, 0x66, 0x66, 0xef, 0x66, 0x66, 0x4d, 0xf9,
    0xef, 0xf9, 0xdf, 0xff, 0xff, 0xff, 0xff, 0xfa,
    0xdf, 0x7f, 0xfa, 0x15, 0x66, 0x66, 0xef, 0x66,
    0x66, 0x4d, 0xf0, 0x0, 0x0, 0x0, 0x0, 0xd,
    0xf0, 0x0, 0x0, 0xdf, 0x0, 0x0, 0x0, 0x0,
    0x0, 0xdf, 0x0, 0x0, 0xc, 0xe0, 0x0, 0x0,
    0x0, 0x0, 0xd, 0xf0, 0x0, 0x0,

    /* U+9640 "陀" */
    0x0, 0x0, 0x0, 0x0, 0x0, 0x7, 0xa0, 0x0,
    0x0, 0x6, 0x77, 0x77, 0x73, 0x0, 0x0, 0xcf,
    0x50, 0x0, 0x0, 0xdf, 0xff, 0xff, 0x70, 0x0,
    0x5, 0xfc, 0x0, 0x0, 0xd, 0xf5, 0x59, 0xf6,
    0xef, 0xff, 0xff, 0xff, 0xff, 0xf6, 0xdf, 0x0,
    0xaf, 0x1e, 0xfd, 0xdd, 0xdd, 0xdd, 0xef, 0x6d,
    0xf0, 0xf, 0xc0, 0xeb, 0x0, 0x0, 0x0, 0x8,
    0xf6, 0xdf, 0x4, 0xf6, 0xe, 0xb0, 0x0, 0x0,
    0x0, 0x8f, 0x6d, 0xf0, 0x9f, 0x10, 0x3, 0x30,
    0x0, 0x0, 0x0, 0x0, 0xdf, 0xd, 0xe0, 0x0,
    0xef, 0x0, 0x0, 0x2, 0x30, 0xd, 0xf0, 0x7f,
    0x60, 0xe, 0xf0, 0x0, 0x7, 0xfc, 0x0, 0xdf,
    0x0, 0xde, 0x0, 0xef, 0x0, 0x5d, 0xff, 0x60,
    0xd, 0xf0, 0x6, 0xf4, 0xe, 0xf5, 0xdf, 0xf9,
    0x10, 0x0, 0xdf, 0x0, 0x1f, 0x80, 0xef, 0xff,
    0xa2, 0x0, 0x0, 0xd, 0xf0, 0x0, 0xf9, 0xe,
    0xf9, 0x20, 0x0, 0x3, 0x10, 0xdf, 0x0, 0x6f,
    0x80, 0xef, 0x0, 0x0, 0x0, 0xcf, 0xd, 0xf9,
    0xff, 0xf4, 0xe, 0xf0, 0x0, 0x0, 0xd, 0xe0,
    0xdf, 0x5d, 0xc6, 0x0, 0xef, 0x0, 0x0, 0x0,
    0xec, 0xd, 0xf0, 0x0, 0x0, 0xd, 0xf3, 0x0,
    0x0, 0x2f, 0xa0, 0xdf, 0x0, 0x0, 0x0, 0xaf,
    0xfd, 0xdd, 0xdf, 0xf6, 0xd, 0xf0, 0x0, 0x0,
    0x1, 0xbf, 0xff, 0xff, 0xea, 0x0,

    /* U+9644 "附" */
    0x0, 0x0, 0x0, 0x0, 0x8, 0x91, 0x0, 0x8,
    0x60, 0xb, 0xdd, 0xdd, 0xb0, 0x0, 0xee, 0x0,
    0x0, 0xfd, 0x0, 0xdf, 0xff, 0xfd, 0x0, 0x4f,
    0xa0, 0x0, 0xf, 0xd0, 0xd, 0xf0, 0xf, 0xb0,
    0xa, 0xf5, 0x0, 0x0, 0xfd, 0x0, 0xdf, 0x3,
    0xf7, 0x1, 0xff, 0x10, 0x0, 0xf, 0xd0, 0xd,
    0xf0, 0x7f, 0x20, 0x8f, 0xd3, 0xff, 0xff, 0xff,
    0xfc, 0xdf, 0xa, 0xe0, 0xe, 0xfd, 0x2e, 0xee,
    0xef, 0xfe, 0xad, 0xf0, 0xea, 0x8, 0xff, 0xd0,
    0x0, 0x0, 0xfd, 0x0, 0xdf, 0x1f, 0x81, 0xff,
    0xfd, 0x5, 0x30, 0xf, 0xd0, 0xd, 0xf0, 0xce,
    0xe, 0x8f, 0xd1, 0xfa, 0x0, 0xfd, 0x0, 0xdf,
    0x5, 0xf6, 0x60, 0xfd, 0xa, 0xf0, 0xf, 0xd0,
    0xd, 0xf0, 0xe, 0xb0, 0xf, 0xd0, 0x4f, 0x50,
    0xfd, 0x0, 0xdf, 0x0, 0xbe, 0x0, 0xfd, 0x0,
    0xeb, 0xf, 0xd0, 0xd, 0xf0, 0xa, 0xf0, 0xf,
    0xd0, 0x9, 0xe0, 0xfd, 0x0, 0xdf, 0x1, 0xef,
    0x0, 0xfd, 0x0, 0x10, 0xf, 0xd0, 0xd, 0xfb,
    0xff, 0xb0, 0xf, 0xd0, 0x0, 0x0, 0xfd, 0x0,
    0xdf, 0x7d, 0xa2, 0x0, 0xfd, 0x0, 0x0, 0xf,
    0xd0, 0xd, 0xf0, 0x0, 0x0, 0xf, 0xd0, 0x0,
    0x2, 0xfd, 0x0, 0xdf, 0x0, 0x0, 0x0, 0xfd,
    0x3, 0xdd, 0xff, 0xb0, 0xd, 0xf0, 0x0, 0x0,
    0xf, 0xd0, 0x1f, 0xff, 0xc3, 0x0, 0x0, 0x0,
    0x0, 0x0, 0x0, 0x0, 0x0, 0x0, 0x0, 0x0,

    /* U+964D "降" */
    0x0, 0x0, 0x0, 0x0, 0x0, 0x10, 0x0, 0x0,
    0x0, 0x0, 0x0, 0x0, 0x0, 0x0, 0xd, 0xe1,
    0x0, 0x0, 0x0, 0xbb, 0xbb, 0xbb, 0x10, 0x8,
    0xfa, 0x0, 0x0, 0x0, 0xf, 0xff, 0xff, 0xf2,
    0x4, 0xff, 0xff, 0xff, 0xff, 0x30, 0xfa, 0x22,
    0xbf, 0x3, 0xff, 0x98, 0x88, 0x8d, 0xf2, 0xf,
    0xa0, 0xf, 0xa3, 0xef, 0xfd, 0x10, 0x6, 0xf7,
    0x0, 0xfa, 0x5, 0xf4, 0xbf, 0x45, 0xfe, 0x38,
    0xfa, 0x0, 0xf, 0xa0, 0xbe, 0x1, 0x20, 0x5,
    0xff, 0xfb, 0x0, 0x0, 0xfa, 0x1f, 0x90, 0x0,
    0x28, 0xdf, 0xef, 0xfa, 0x40, 0xf, 0xa2, 0xfb,
    0x9, 0xdf, 0xfe, 0x70, 0x4c, 0xff, 0xf7, 0xfa,
    0x9, 0xf2, 0xdf, 0xb5, 0x0, 0xda, 0x2, 0x8d,
    0x5f, 0xa0, 0x2f, 0x82, 0x10, 0x0, 0xf, 0xd0,
    0x0, 0x0, 0xfa, 0x0, 0xdc, 0x29, 0x99, 0x99,
    0xfe, 0x99, 0x99, 0xf, 0xa0, 0xa, 0xf3, 0xff,
    0xff, 0xff, 0xff, 0xff, 0xf0, 0xfa, 0x0, 0xbf,
    0x8, 0xd1, 0x0, 0xfd, 0x0, 0x0, 0xf, 0xa8,
    0xaf, 0xd1, 0xfc, 0x0, 0xf, 0xd0, 0x0, 0x0,
    0xfa, 0xef, 0xf7, 0x6f, 0xed, 0xdd, 0xff, 0xdd,
    0xdd, 0x2f, 0xa4, 0x53, 0x6, 0xff, 0xff, 0xff,
    0xff, 0xff, 0xf3, 0xfa, 0x0, 0x0, 0x0, 0x0,
    0x0, 0xfd, 0x0, 0x0, 0xf, 0xa0, 0x0, 0x0,
    0x0, 0x0, 0xf, 0xd0, 0x0, 0x0, 0xfa, 0x0,
    0x0, 0x0, 0x0, 0x0, 0xfd, 0x0, 0x0, 0x0,
    0x0, 0x0, 0x0, 0x0, 0x0, 0x1, 0x10, 0x0,
    0x0,

    /* U+9664 "除" */
    0x0, 0x0, 0x0, 0x0, 0x0, 0xb, 0xd4, 0x0,
    0x0, 0x0, 0x0, 0x0, 0x0, 0x0, 0x5, 0xff,
    0xd0, 0x0, 0x0, 0xff, 0xff, 0xff, 0x0, 0x1,
    0xef, 0xef, 0x70, 0x0, 0xf, 0xfd, 0xdf, 0xf0,
    0x0, 0xaf, 0xb2, 0xff, 0x40, 0x0, 0xfd, 0x0,
    0xdc, 0x0, 0x7f, 0xe1, 0x7, 0xfe, 0x20, 0xf,
    0xd0, 0x2f, 0x70, 0x6f, 0xf3, 0x0, 0x9, 0xfe,
    0x20, 0xfd, 0x6, 0xf2, 0x7f, 0xf4, 0x0, 0x0,
    0xa, 0xff, 0x4f, 0xd0, 0xbd, 0x4f, 0xfe, 0xff,
    0xff, 0xff, 0xf9, 0xfa, 0xfd, 0xf, 0x80, 0xb3,
    0x9d, 0xdf, 0xfd, 0xdd, 0x7, 0x2f, 0xd0, 0xdc,
    0x0, 0x0, 0x0, 0xaf, 0x10, 0x0, 0x0, 0xfd,
    0x5, 0xf4, 0x0, 0x0, 0xa, 0xf1, 0x0, 0x0,
    0xf, 0xd0, 0xe, 0xa7, 0xff, 0xff, 0xff, 0xff,
    0xff, 0xf1, 0xfd, 0x0, 0xae, 0x6d, 0xdd, 0xdf,
    0xfd, 0xdd, 0xdd, 0xf, 0xd0, 0x8, 0xf0, 0x4,
    0x0, 0xaf, 0x10, 0x30, 0x0, 0xfd, 0x0, 0xbf,
    0x7, 0xf5, 0xa, 0xf1, 0xaf, 0x20, 0xf, 0xda,
    0xef, 0xd1, 0xfd, 0x0, 0xaf, 0x12, 0xfd, 0x0,
    0xfd, 0x9f, 0xd4, 0xcf, 0x30, 0xa, 0xf1, 0x6,
    0xf9, 0xf, 0xd0, 0x0, 0x9f, 0x80, 0x0, 0xbf,
    0x0, 0xa, 0xf6, 0xfd, 0x0, 0x8, 0xc0, 0x7d,
    0xef, 0xf0, 0x0, 0xc, 0x4f, 0xd0, 0x0, 0x0,
    0x5, 0xff, 0xe8, 0x0, 0x0, 0x0,

    /* U+968F "随" */
    0x0, 0x0, 0x0, 0x0, 0x0, 0x0, 0x0, 0x0,
    0x0, 0x0, 0x0, 0x0, 0x28, 0x0, 0x0, 0x9,
    0xe1, 0x0, 0x0, 0xee, 0xee, 0xe4, 0xf5, 0x0,
    0x0, 0xdd, 0x0, 0x0, 0xf, 0xff, 0xff, 0xe,
    0xb0, 0xdd, 0xdf, 0xfd, 0xdd, 0xd5, 0xf9, 0x8,
    0xe0, 0xaf, 0x1f, 0xff, 0xff, 0xff, 0xff, 0x6f,
    0x90, 0xbb, 0x5, 0xf5, 0x0, 0xec, 0x0, 0x0,
    0x0, 0xf9, 0xf, 0x80, 0x5, 0x0, 0x7f, 0x60,
    0x0, 0x0, 0xf, 0x92, 0xf5, 0x0, 0x0, 0xe,
    0xff, 0xff, 0xff, 0x50, 0xf9, 0x6f, 0x37, 0x77,
    0xa, 0xff, 0x99, 0x9b, 0xf5, 0xf, 0x99, 0xf4,
    0xff, 0xf4, 0xff, 0xf0, 0x0, 0x4f, 0x50, 0xf9,
    0x5f, 0x53, 0xbf, 0x4e, 0x9f, 0xff, 0xff, 0xf5,
    0xf, 0x90, 0xda, 0x9, 0xf0, 0x38, 0xf7, 0x77,
    0x9f, 0x50, 0xf9, 0x7, 0xe0, 0x9f, 0x0, 0x8f,
    0x0, 0x4, 0xf5, 0xf, 0x90, 0x3f, 0x9, 0xf0,
    0x8, 0xff, 0xff, 0xff, 0x50, 0xf9, 0x2, 0xf1,
    0x9f, 0x0, 0x8f, 0x77, 0x79, 0xf5, 0xf, 0x90,
    0x6f, 0x19, 0xf0, 0x8, 0xf0, 0x0, 0x4f, 0x50,
    0xfb, 0xff, 0xe0, 0x9f, 0x0, 0x8f, 0x3, 0x7b,
    0xf4, 0xf, 0x9a, 0xa3, 0x2e, 0xf7, 0x8, 0xf0,
    0x5f, 0xfc, 0x0, 0xf9, 0x0, 0xd, 0xfd, 0xf9,
    0x32, 0x0, 0x0, 0x0, 0xf, 0x90, 0xb, 0xf5,
    0xc, 0xff, 0xed, 0xdd, 0xdd, 0xd6, 0xf9, 0x0,
    0x66, 0x0, 0x7, 0xce, 0xff, 0xff, 0xff, 0x50,

    /* U+96F6 "零" */
    0x3, 0xff, 0xff, 0xff, 0xff, 0xff, 0xff, 0xff,
    0xff, 0x10, 0x1, 0x66, 0x66, 0x66, 0x6f, 0xe6,
    0x66, 0x66, 0x66, 0x0, 0x2, 0x22, 0x22, 0x22,
    0x2f, 0xd2, 0x22, 0x22, 0x22, 0x10, 0xf, 0xff,
    0xff, 0xff, 0xff, 0xff, 0xff, 0xff, 0xff, 0xd0,
    0xf, 0xd0, 0x11, 0x11, 0xf, 0xd0, 0x11, 0x11,
    0xf, 0xd0, 0xf, 0xd3, 0xff, 0xfd, 0xf, 0xd0,
    0xff, 0xff, 0x1f, 0xd0, 0xf, 0xd0, 0x11, 0x11,
    0xc, 0xa0, 0x11, 0x11, 0xd, 0xb0, 0x0, 0x3,
    0xff, 0xfd, 0x27, 0x71, 0xff, 0xff, 0x10, 0x0,
    0x0, 0x0, 0x0, 0x7, 0xff, 0xfe, 0x40, 0x0,
    0x0, 0x0, 0x0, 0x0, 0x5, 0xdf, 0xd2, 0x4e,
    0xfb, 0x30, 0x0, 0x0, 0x0, 0x17, 0xef, 0xe6,
    0x2b, 0x20, 0x8f, 0xfd, 0x61, 0x0, 0x6c, 0xff,
    0xc6, 0x0, 0x3f, 0xe2, 0x1, 0x7d, 0xff, 0xc5,
    0x9e, 0x94, 0x11, 0x11, 0x15, 0xd3, 0x11, 0x11,
    0x5a, 0xf6, 0x10, 0xd, 0xff, 0xff, 0xff, 0xff,
    0xff, 0xff, 0xd0, 0x0, 0x0, 0x4, 0x55, 0x55,
    0x55, 0x55, 0x59, 0xff, 0x80, 0x0, 0x0, 0x0,
    0x88, 0x40, 0x0, 0x2, 0xbf, 0xd3, 0x0, 0x0,
    0x0, 0x0, 0xbf, 0xff, 0xb6, 0x9f, 0xe7, 0x0,
    0x0, 0x0, 0x0, 0x0, 0x0, 0x59, 0xef, 0xff,
    0xa4, 0x0, 0x0, 0x0, 0x0, 0x0, 0x0, 0x0,
    0x3, 0x8d, 0xff, 0xa0, 0x0, 0x0, 0x0, 0x0,
    0x0, 0x0, 0x0, 0x0, 0x27, 0x40, 0x0, 0x0,

    /* U+9759 "静" */
    0x0, 0x1, 0x62, 0x0, 0x0, 0x0, 0x74, 0x0,
    0x0, 0x0, 0x0, 0x3, 0xf6, 0x0, 0x0, 0x5,
    0xf5, 0x0, 0x0, 0x0, 0x7c, 0xcd, 0xfe, 0xcc,
    0x90, 0xe, 0xff, 0xff, 0xf5, 0x0, 0x59, 0x9a,
    0xfb, 0x99, 0x70, 0x9f, 0x88, 0x8e, 0xf3, 0x0,
    0x0, 0x4, 0xf7, 0x0, 0x5, 0xf9, 0x0, 0x5f,
    0x80, 0x0, 0x2f, 0xff, 0xff, 0xff, 0x4c, 0xe2,
    0x12, 0xed, 0x21, 0x0, 0x2, 0x25, 0xf7, 0x22,
    0x1, 0xff, 0xff, 0xff, 0xff, 0x80, 0x22, 0x25,
    0xf8, 0x22, 0x20, 0xbb, 0xbf, 0xeb, 0xbf, 0x80,
    0xef, 0xff, 0xff, 0xff, 0xf0, 0x0, 0xf, 0x90,
    0xf, 0x80, 0x0, 0x0, 0x0, 0x0, 0x0, 0x0,
    0xf, 0x90, 0xf, 0x80, 0xb, 0xdd, 0xdd, 0xdd,
    0xe, 0xff, 0xff, 0xff, 0xff, 0xfa, 0xe, 0xd9,
    0x99, 0xcf, 0x7, 0x88, 0x8f, 0xc8, 0x8f, 0xc5,
    0xe, 0xb1, 0x11, 0x9f, 0x0, 0x0, 0xf, 0x90,
    0xf, 0x80, 0xe, 0xff, 0xff, 0xff, 0x1, 0x33,
    0x3f, 0xa3, 0x3f, 0x80, 0xe, 0xa1, 0x11, 0x8f,
    0x8, 0xff, 0xff, 0xff, 0xff, 0x80, 0xe, 0xb2,
    0x22, 0x9f, 0x4, 0x99, 0x9f, 0xd9, 0x99, 0x40,
    0xe, 0xff, 0xff, 0xff, 0x0, 0x0, 0xf, 0x90,
    0x0, 0x0, 0xe, 0xa0, 0x0, 0x8f, 0x0, 0x0,
    0xf, 0x80, 0x0, 0x0, 0xe, 0xa0, 0x79, 0xdf,
    0x0, 0x99, 0xcf, 0x70, 0x0, 0x0, 0xe, 0xa0,
    0xae, 0xd7, 0x0, 0xdf, 0xfc, 0x10, 0x0, 0x0,
    0x0, 0x0, 0x0, 0x0, 0x0, 0x0, 0x0, 0x0,
    0x0, 0x0,

    /* U+9762 "面" */
    0xcd, 0xdd, 0xdd, 0xdd, 0xdd, 0xdd, 0xdd, 0xdd,
    0xdd, 0xdf, 0xff, 0xff, 0xff, 0xff, 0xff, 0xff,
    0xff, 0xff, 0xff, 0x0, 0x0, 0x0, 0x0, 0xef,
    0x20, 0x0, 0x0, 0x0, 0x0, 0x0, 0x0, 0x0,
    0x5f, 0xb0, 0x0, 0x0, 0x0, 0x0, 0xa, 0xdd,
    0xdd, 0xde, 0xfe, 0xdd, 0xdd, 0xdd, 0xdc, 0x0,
    0xdf, 0xff, 0xff, 0xff, 0xff, 0xff, 0xff, 0xff,
    0xf0, 0xd, 0xf0, 0x4, 0xf7, 0x0, 0x6, 0xf6,
    0x0, 0xef, 0x0, 0xdf, 0x0, 0x4f, 0x70, 0x0,
    0x6f, 0x60, 0xe, 0xf0, 0xd, 0xf0, 0x4, 0xfc,
    0x99, 0x9b, 0xf6, 0x0, 0xef, 0x0, 0xdf, 0x0,
    0x4f, 0xff, 0xff, 0xff, 0x60, 0xe, 0xf0, 0xd,
    0xf0, 0x4, 0xf7, 0x0, 0x6, 0xf6, 0x0, 0xef,
    0x0, 0xdf, 0x0, 0x4f, 0x70, 0x0, 0x6f, 0x60,
    0xe, 0xf0, 0xd, 0xf0, 0x4, 0xfc, 0x99, 0x9b,
    0xf6, 0x0, 0xef, 0x0, 0xdf, 0x0, 0x4f, 0xff,
    0xff, 0xff, 0x60, 0xe, 0xf0, 0xd, 0xf0, 0x4,
    0xf7, 0x0, 0x6, 0xf6, 0x0, 0xef, 0x0, 0xdf,
    0x0, 0x4f, 0x70, 0x0, 0x6f, 0x60, 0xe, 0xf0,
    0xd, 0xfa, 0xab, 0xfc, 0xaa, 0xac, 0xfc, 0xaa,
    0xff, 0x0, 0xdf, 0xff, 0xff, 0xff, 0xff, 0xff,
    0xff, 0xff, 0xf0, 0xd, 0xf0, 0x0, 0x0, 0x0,
    0x0, 0x0, 0x0, 0xef, 0x0,

    /* U+9875 "页" */
    0x3d, 0xdd, 0xdd, 0xdd, 0xdd, 0xdd, 0xdd, 0xdd,
    0xdd, 0xd2, 0x3f, 0xff, 0xff, 0xff, 0xff, 0xff,
    0xff, 0xff, 0xff, 0xf3, 0x0, 0x0, 0x0, 0x0,
    0x3f, 0xe0, 0x0, 0x0, 0x0, 0x0, 0x0, 0x0,
    0x0, 0x0, 0x7f, 0xa0, 0x0, 0x0, 0x0, 0x0,
    0x0, 0x0, 0x0, 0x0, 0xbf, 0x60, 0x0, 0x0,
    0x0, 0x0, 0x0, 0x4f, 0xff, 0xff, 0xff, 0xff,
    0xff, 0xff, 0xf5, 0x0, 0x0, 0x4f, 0xfd, 0xdd,
    0xdd, 0xdd, 0xdd, 0xde, 0xf5, 0x0, 0x0, 0x4f,
    0xa0, 0x0, 0x0, 0x0, 0x0, 0x9, 0xf5, 0x0,
    0x0, 0x4f, 0xa0, 0x0, 0xe, 0xd0, 0x0, 0x9,
    0xf5, 0x0, 0x0, 0x4f, 0xa0, 0x0, 0xf, 0xe0,
    0x0, 0x9, 0xf5, 0x0, 0x0, 0x4f, 0xa0, 0x0,
    0xf, 0xd0, 0x0, 0x9, 0xf5, 0x0, 0x0, 0x4f,
    0xa0, 0x0, 0x2f, 0xd0, 0x0, 0x9, 0xf5, 0x0,
    0x0, 0x4f, 0xa0, 0x0, 0x5f, 0xb0, 0x0, 0x9,
    0xf5, 0x0, 0x0, 0x4f, 0xa0, 0x0, 0xbf, 0xe6,
    0x0, 0x9, 0xf5, 0x0, 0x0, 0x15, 0x30, 0x6,
    0xff, 0xff, 0xd5, 0x1, 0x30, 0x0, 0x0, 0x0,
    0x1, 0xaf, 0xf5, 0x4c, 0xff, 0xd5, 0x0, 0x0,
    0x0, 0x4, 0xaf, 0xff, 0x50, 0x0, 0x5e, 0xff,
    0xc4, 0x0, 0x39, 0xef, 0xff, 0xa1, 0x0, 0x0,
    0x0, 0x7f, 0xff, 0xc0, 0x4f, 0xfe, 0x82, 0x0,
    0x0, 0x0, 0x0, 0x1, 0x9f, 0xa0, 0x8, 0x40,
    0x0, 0x0, 0x0, 0x0, 0x0, 0x0, 0x2, 0x20,

    /* U+9876 "顶" */
    0x0, 0x0, 0x0, 0x0, 0x44, 0x44, 0x44, 0x44,
    0x44, 0x43, 0xa, 0xff, 0xff, 0xff, 0x2f, 0xff,
    0xff, 0xff, 0xff, 0xff, 0xe0, 0x8d, 0xdf, 0xfd,
    0xd2, 0x77, 0x77, 0xbf, 0xb7, 0x77, 0x76, 0x0,
    0x0, 0xdf, 0x0, 0x0, 0x0, 0xa, 0xf4, 0x0,
    0x0, 0x0, 0x0, 0xd, 0xf0, 0x0, 0x0, 0x0,
    0xef, 0x0, 0x0, 0x0, 0x0, 0x0, 0xdf, 0x0,
    0xa, 0xff, 0xff, 0xff, 0xff, 0xfc, 0x0, 0x0,
    0xd, 0xf0, 0x0, 0xaf, 0xaa, 0xaa, 0xaa, 0xaf,
    0xc0, 0x0, 0x0, 0xdf, 0x0, 0xa, 0xf1, 0x2,
    0x52, 0x0, 0xfc, 0x0, 0x0, 0xd, 0xf0, 0x0,
    0xaf, 0x10, 0x6f, 0x60, 0xf, 0xc0, 0x0, 0x0,
    0xdf, 0x0, 0xa, 0xf1, 0x6, 0xf6, 0x0, 0xfc,
    0x0, 0x0, 0xd, 0xf0, 0x0, 0xaf, 0x10, 0x6f,
    0x60, 0xf, 0xc0, 0x0, 0x0, 0xdf, 0x0, 0xa,
    0xf1, 0x6, 0xf6, 0x0, 0xfc, 0x0, 0x0, 0xd,
    0xf0, 0x0, 0xaf, 0x10, 0x8f, 0x50, 0xf, 0xc0,
    0x0, 0x0, 0xdf, 0x0, 0xa, 0xf1, 0xc, 0xf5,
    0x0, 0xfc, 0x0, 0x0, 0xd, 0xf0, 0x0, 0x58,
    0x4, 0xff, 0xf7, 0x8, 0x60, 0x0, 0x0, 0xdf,
    0x0, 0x0, 0x4, 0xff, 0x7e, 0xfc, 0x10, 0x0,
    0x0, 0x1f, 0xf0, 0x0, 0x2a, 0xff, 0x50, 0x1b,
    0xfe, 0x50, 0x8, 0xff, 0xfe, 0x3, 0xaf, 0xfd,
    0x30, 0x0, 0x8, 0xff, 0x90, 0x4d, 0xdb, 0x40,
    0x7f, 0xe7, 0x0, 0x0, 0x0, 0x4, 0xe9, 0x0,
    0x0, 0x0, 0x0, 0x60, 0x0, 0x0, 0x0, 0x0,
    0x2, 0x0,

    /* U+987A "顺" */
    0x0, 0x10, 0x0, 0x0, 0x10, 0x0, 0x0, 0x0,
    0x0, 0x0, 0x0, 0x6f, 0x21, 0x30, 0x8f, 0x17,
    0x77, 0x77, 0x77, 0x77, 0x70, 0x6, 0xf2, 0x8f,
    0x8, 0xf3, 0xff, 0xff, 0xff, 0xff, 0xff, 0x0,
    0x6f, 0x28, 0xf0, 0x8f, 0x1, 0x11, 0x5f, 0x81,
    0x11, 0x10, 0x6, 0xf2, 0x8f, 0x8, 0xf0, 0x0,
    0x8, 0xf4, 0x0, 0x0, 0x0, 0x6f, 0x28, 0xf0,
    0x8f, 0x4, 0x99, 0xdf, 0x99, 0x99, 0x0, 0x6,
    0xf2, 0x8f, 0x8, 0xf0, 0x8f, 0xff, 0xff, 0xff,
    0xf0, 0x0, 0x6f, 0x18, 0xf0, 0x8f, 0x8, 0xf0,
    0x0, 0x0, 0x9f, 0x0, 0x6, 0xf1, 0x8f, 0x8,
    0xf0, 0x8f, 0x0, 0xd8, 0x9, 0xf0, 0x0, 0x6f,
    0x18, 0xf0, 0x8f, 0x8, 0xf0, 0xf, 0xa0, 0x9f,
    0x0, 0x6, 0xf1, 0x8f, 0x8, 0xf0, 0x8f, 0x0,
    0xfa, 0x9, 0xf0, 0x0, 0x7f, 0x18, 0xf0, 0x8f,
    0x8, 0xf0, 0xf, 0xa0, 0x9f, 0x0, 0x7, 0xf0,
    0x8f, 0x8, 0xf0, 0x8f, 0x0, 0xf9, 0x9, 0xf0,
    0x0, 0x8f, 0x8, 0xf0, 0x8f, 0x8, 0xf0, 0x1f,
    0x90, 0x9f, 0x0, 0x9, 0xf0, 0x8f, 0x8, 0xf0,
    0x8f, 0x3, 0xf7, 0x9, 0xf0, 0x0, 0xbd, 0x8,
    0xf0, 0x8f, 0x4, 0x90, 0x8f, 0xd2, 0x59, 0x0,
    0xe, 0xb0, 0x8f, 0x8, 0xf0, 0x0, 0x2f, 0xef,
    0xe3, 0x0, 0x2, 0xf8, 0x8, 0xf0, 0x8f, 0x0,
    0x3e, 0xf3, 0x4f, 0xf5, 0x0, 0x7f, 0x40, 0x8f,
    0x8, 0xf0, 0x8f, 0xf5, 0x0, 0x3e, 0xf7, 0x6,
    0xe0, 0x0, 0x0, 0x8f, 0x8f, 0xd2, 0x0, 0x0,
    0x3e, 0xd0, 0x2, 0x0, 0x0, 0x0, 0x0, 0x60,
    0x0, 0x0, 0x0, 0x22, 0x0,

    /* U+987B "须" */
    0x0, 0x0, 0x1, 0x70, 0x0, 0x0, 0x0, 0x0,
    0x0, 0x0, 0x0, 0x0, 0x0, 0xcf, 0x5d, 0xdd,
    0xdd, 0xdd, 0xdd, 0xdd, 0xd1, 0x0, 0x0, 0x9f,
    0xb0, 0xff, 0xff, 0xff, 0xff, 0xff, 0xff, 0x10,
    0x0, 0x7f, 0xd0, 0x0, 0x0, 0x1, 0xfd, 0x0,
    0x0, 0x0, 0x0, 0x7f, 0xe1, 0x0, 0x0, 0x0,
    0x4f, 0x90, 0x0, 0x0, 0x0, 0x9f, 0xe2, 0x0,
    0x0, 0x0, 0x7, 0xf6, 0x0, 0x0, 0x0, 0xc,
    0xe2, 0x0, 0x30, 0x3f, 0xff, 0xff, 0xff, 0xff,
    0xf2, 0x0, 0x11, 0x0, 0x7f, 0x53, 0xfc, 0xaa,
    0xaa, 0xaa, 0xdf, 0x20, 0x0, 0x0, 0x4f, 0xe1,
    0x3f, 0x70, 0x5, 0x30, 0x9, 0xf2, 0x0, 0x0,
    0x3f, 0xf3, 0x3, 0xf7, 0x0, 0xfb, 0x0, 0x9f,
    0x20, 0x0, 0x3f, 0xf4, 0x0, 0x3f, 0x70, 0xf,
    0xb0, 0x9, 0xf2, 0x0, 0x4f, 0xf5, 0x0, 0x3,
    0xf7, 0x0, 0xfb, 0x0, 0x9f, 0x20, 0xe, 0xf5,
    0x0, 0x21, 0x3f, 0x70, 0xf, 0xa0, 0x9, 0xf2,
    0x0, 0x44, 0x0, 0xd, 0xe4, 0xf7, 0x2, 0xf9,
    0x0, 0x9f, 0x20, 0x0, 0x0, 0xa, 0xf9, 0x3f,
    0x70, 0x6f, 0x90, 0x9, 0xf2, 0x0, 0x0, 0x7,
    0xfd, 0x1, 0x83, 0xd, 0xff, 0xa1, 0x59, 0x10,
    0x0, 0x6, 0xfe, 0x10, 0x0, 0x1c, 0xf8, 0xaf,
    0xe4, 0x0, 0x0, 0x6, 0xff, 0x30, 0x0, 0x5e,
    0xf9, 0x0, 0x6f, 0xf8, 0x0, 0x9, 0xff, 0x30,
    0x6, 0xdf, 0xf7, 0x0, 0x0, 0x2d, 0xfc, 0x10,
    0xde, 0x30, 0x1, 0xef, 0xa2, 0x0, 0x0, 0x0,
    0xa, 0xd0, 0x2, 0x20, 0x0, 0x4, 0x20, 0x0,
    0x0, 0x0, 0x0, 0x1, 0x0,

    /* U+9891 "频" */
    0x0, 0x0, 0x1, 0xf8, 0x0, 0x0, 0x0, 0x0,
    0x0, 0x0, 0x0, 0x2, 0x40, 0x2f, 0x90, 0xb,
    0xee, 0xee, 0xee, 0xee, 0xe5, 0x0, 0x9f, 0x2,
    0xf9, 0x0, 0xcf, 0xff, 0xff, 0xff, 0xff, 0x60,
    0x9, 0xf0, 0x2f, 0xff, 0xf0, 0x0, 0x1f, 0xe0,
    0x0, 0x0, 0x0, 0x9f, 0x2, 0xfe, 0xdd, 0x0,
    0x3, 0xfa, 0x0, 0x0, 0x0, 0x9, 0xf0, 0x2f,
    0x90, 0x0, 0x88, 0xbf, 0xc8, 0x88, 0x50, 0x0,
    0x9f, 0x2, 0xf9, 0x0, 0xf, 0xfe, 0xee, 0xee,
    0xf9, 0x0, 0xdf, 0xfd, 0xdf, 0xed, 0xd1, 0xf9,
    0x0, 0x0, 0xf, 0x90, 0xf, 0xff, 0xff, 0xff,
    0xff, 0x2f, 0x90, 0xdf, 0x0, 0xf9, 0x0, 0x0,
    0x0, 0x8f, 0x20, 0x0, 0xf9, 0xd, 0xf0, 0xf,
    0x90, 0x0, 0x4, 0x8, 0xf2, 0x0, 0xf, 0x90,
    0xdf, 0x0, 0xf9, 0x0, 0x5, 0xf6, 0x8f, 0x22,
    0xb2, 0xf9, 0xd, 0xf0, 0xf, 0x90, 0x0, 0xcf,
    0x18, 0xf2, 0x9f, 0x3f, 0x90, 0xdf, 0x0, 0xf9,
    0x0, 0x3f, 0xa0, 0x8f, 0x4f, 0xc0, 0xf9, 0xf,
    0xe0, 0xf, 0x90, 0xb, 0xf3, 0x4, 0x8d, 0xf3,
    0xf, 0x92, 0xfc, 0x0, 0xf9, 0x0, 0x9b, 0x0,
    0x9, 0xf9, 0x0, 0x74, 0x9f, 0xf9, 0x7, 0x40,
    0x0, 0x0, 0xb, 0xfc, 0x0, 0x0, 0x5f, 0xee,
    0xfb, 0x0, 0x0, 0x0, 0x5e, 0xfc, 0x10, 0x0,
    0x7f, 0xf4, 0x1c, 0xfd, 0x10, 0x5, 0xdf, 0xf9,
    0x0, 0x4, 0xcf, 0xf5, 0x0, 0xa, 0xfe, 0x20,
    0xaf, 0xc3, 0x0, 0x0, 0x8f, 0xc2, 0x0, 0x0,
    0x9, 0xf2, 0x1, 0x40, 0x0, 0x0, 0x0, 0x40,
    0x0, 0x0, 0x0, 0x3, 0x0,

    /* U+9897 "颗" */
    0x7, 0xcc, 0xcc, 0xcc, 0xc7, 0x6a, 0xaa, 0xaa,
    0xaa, 0xa8, 0x9, 0xfb, 0xcf, 0xcb, 0xf9, 0x9f,
    0xff, 0xff, 0xff, 0xfd, 0x9, 0xe0, 0x4f, 0x50,
    0xf9, 0x0, 0x0, 0xce, 0x0, 0x0, 0x9, 0xe2,
    0x5f, 0x62, 0xf9, 0x0, 0x0, 0xfb, 0x0, 0x0,
    0x9, 0xff, 0xff, 0xff, 0xf9, 0x5, 0x57, 0xfa,
    0x55, 0x50, 0x9, 0xe5, 0x7f, 0x85, 0xf9, 0xf,
    0xff, 0xff, 0xff, 0xf0, 0x9, 0xe0, 0x4f, 0x50,
    0xf9, 0xf, 0xb3, 0x33, 0x3a, 0xf0, 0x9, 0xff,
    0xff, 0xff, 0xf9, 0xf, 0xa0, 0x7d, 0x9, 0xf0,
    0x4, 0x88, 0xaf, 0xa8, 0x84, 0xf, 0xa0, 0x9f,
    0x9, 0xf0, 0x0, 0x0, 0x4f, 0x50, 0x0, 0xf,
    0xa0, 0x9f, 0x9, 0xf0, 0x19, 0x99, 0xbf, 0xb9,
    0x99, 0xf, 0xa0, 0x9f, 0x9, 0xf0, 0x2f, 0xff,
    0xff, 0xff, 0xff, 0xf, 0xa0, 0xaf, 0x9, 0xf0,
    0x0, 0x1, 0xff, 0x50, 0x0, 0xf, 0xa0, 0xce,
    0x9, 0xf0, 0x0, 0xb, 0xff, 0xe5, 0x0, 0xf,
    0xa0, 0xfc, 0x9, 0xf0, 0x0, 0x9f, 0xbf, 0xff,
    0xa1, 0x9, 0x56, 0xff, 0x65, 0x90, 0x8, 0xfa,
    0x4f, 0x58, 0xfd, 0x0, 0x3f, 0xfd, 0xf8, 0x0,
    0x8f, 0xb0, 0x4f, 0x50, 0x45, 0x5, 0xff, 0x51,
    0xcf, 0xa0, 0x29, 0x0, 0x4f, 0x50, 0x3, 0xcf,
    0xe5, 0x0, 0xb, 0xfa, 0x0, 0x0, 0x4f, 0x50,
    0x2, 0xfa, 0x10, 0x0, 0x0, 0xb5, 0x0, 0x0,
    0x0, 0x0, 0x0, 0x10, 0x0, 0x0, 0x0, 0x0,

    /* U+9898 "题" */
    0x0, 0xce, 0xee, 0xee, 0xe8, 0x29, 0x99, 0x99,
    0x99, 0x98, 0x0, 0xd, 0xf9, 0x99, 0x9f, 0xa5,
    0xff, 0xff, 0xff, 0xff, 0xf0, 0x0, 0xdd, 0x0,
    0x1, 0xfa, 0x0, 0x0, 0xaf, 0x0, 0x0, 0x0,
    0xd, 0xe2, 0x22, 0x3f, 0xa0, 0x0, 0xc, 0xd0,
    0x0, 0x0, 0x0, 0xdf, 0xff, 0xff, 0xfa, 0x3,
    0x66, 0xfc, 0x66, 0x60, 0x0, 0xd, 0xd0, 0x0,
    0x1f, 0xa0, 0x9f, 0xff, 0xff, 0xff, 0x0, 0x0,
    0xde, 0x88, 0x89, 0xfa, 0x9, 0xf0, 0x14, 0x9,
    0xf0, 0x0, 0xd, 0xff, 0xff, 0xff, 0xa0, 0x9f,
    0x7, 0xf0, 0x9f, 0x0, 0x0, 0x0, 0x0, 0x0,
    0x0, 0x9, 0xf0, 0x7f, 0x9, 0xf0, 0x0, 0x88,
    0x88, 0x88, 0x88, 0x81, 0x9f, 0x7, 0xf0, 0x9f,
    0x0, 0xf, 0xff, 0xff, 0xff, 0xff, 0x29, 0xf0,
    0x8f, 0x9, 0xf0, 0x0, 0x2, 0x30, 0x4f, 0x60,
    0x0, 0x9f, 0xa, 0xd0, 0x9f, 0x0, 0x0, 0xaf,
    0x4, 0xf6, 0x0, 0x2, 0x51, 0xff, 0x72, 0x40,
    0x0, 0xb, 0xd0, 0x4f, 0xff, 0xf0, 0x1, 0xcf,
    0xcf, 0xa0, 0x0, 0x0, 0xef, 0x4, 0xfb, 0x88,
    0x6, 0xef, 0x70, 0x8f, 0xc1, 0x0, 0x1f, 0xf9,
    0x4f, 0x60, 0xa, 0xfe, 0x50, 0x0, 0x6f, 0x80,
    0x6, 0xfc, 0xfd, 0xf6, 0x0, 0x37, 0x0, 0x0,
    0x0, 0x40, 0x0, 0xcf, 0xb, 0xff, 0xed, 0xdd,
    0xdd, 0xdd, 0xdd, 0xdd, 0xd1, 0x1e, 0x90, 0x6,
    0xce, 0xff, 0xff, 0xff, 0xff, 0xff, 0xff, 0x0,
    0x11, 0x0, 0x0, 0x0, 0x0, 0x0, 0x0, 0x0,
    0x0, 0x0,

    /* U+9996 "首" */
    0x0, 0x0, 0x0, 0x0, 0x0, 0x0, 0x0, 0x0,
    0x0, 0x0, 0x0, 0x0, 0x5d, 0x30, 0x0, 0x0,
    0xc, 0x90, 0x0, 0x0, 0x0, 0x0, 0x4f, 0xe1,
    0x0, 0x0, 0x9f, 0xa0, 0x0, 0x0, 0x0, 0x0,
    0x8, 0xf5, 0x0, 0x4, 0xfe, 0x10, 0x0, 0x0,
    0xff, 0xff, 0xff, 0xff, 0xff, 0xff, 0xff, 0xff,
    0xff, 0xf4, 0xdd, 0xdd, 0xdd, 0xdd, 0xef, 0xed,
    0xdd, 0xdd, 0xdd, 0xd3, 0x0, 0x0, 0x0, 0x0,
    0xbf, 0x40, 0x0, 0x0, 0x0, 0x0, 0x0, 0x0,
    0x0, 0x0, 0xff, 0x10, 0x0, 0x0, 0x0, 0x0,
    0x0, 0x9f, 0xff, 0xff, 0xff, 0xff, 0xff, 0xff,
    0xc0, 0x0, 0x0, 0x9f, 0xed, 0xdd, 0xdd, 0xdd,
    0xdd, 0xdf, 0xc0, 0x0, 0x0, 0x9f, 0x50, 0x0,
    0x0, 0x0, 0x0, 0x1f, 0xc0, 0x0, 0x0, 0x9f,
    0xca, 0xaa, 0xaa, 0xaa, 0xaa, 0xaf, 0xc0, 0x0,
    0x0, 0x9f, 0xff, 0xff, 0xff, 0xff, 0xff, 0xff,
    0xc0, 0x0, 0x0, 0x9f, 0x50, 0x0, 0x0, 0x0,
    0x0, 0x1f, 0xc0, 0x0, 0x0, 0x9f, 0x50, 0x0,
    0x0, 0x0, 0x0, 0x1f, 0xc0, 0x0, 0x0, 0x9f,
    0xff, 0xff, 0xff, 0xff, 0xff, 0xff, 0xc0, 0x0,
    0x0, 0x9f, 0xb9, 0x99, 0x99, 0x99, 0x99, 0xaf,
    0xc0, 0x0, 0x0, 0x9f, 0x50, 0x0, 0x0, 0x0,
    0x0, 0x1f, 0xc0, 0x0, 0x0, 0x9f, 0xb9, 0x99,
    0x99, 0x99, 0x99, 0xaf, 0xc0, 0x0, 0x0, 0x9f,
    0xff, 0xff, 0xff, 0xff, 0xff, 0xff, 0xc0, 0x0,
    0x0, 0x9f, 0x50, 0x0, 0x0, 0x0, 0x0, 0x1f,
    0xc0, 0x0, 0x0, 0x0, 0x0, 0x0, 0x0, 0x0,
    0x0, 0x0, 0x0, 0x0,

    /* U+9A8C "验" */
    0x0, 0x0, 0x0, 0x0, 0x0, 0x0, 0x4a, 0x40,
    0x0, 0x0, 0x5, 0xdd, 0xdd, 0xdb, 0x0, 0x0,
    0xd, 0xfd, 0x0, 0x0, 0x0, 0x6f, 0xff, 0xff,
    0xc0, 0x0, 0x7, 0xfa, 0xf7, 0x0, 0x0, 0x0,
    0x0, 0x0, 0xdb, 0x0, 0x2, 0xfc, 0xb, 0xf2,
    0x0, 0x0, 0x5, 0xe2, 0xe, 0xb0, 0x1, 0xdf,
    0x20, 0x2f, 0xd0, 0x0, 0x0, 0x7f, 0x10, 0xfa,
    0x0, 0xcf, 0x60, 0x0, 0x6f, 0xc0, 0x0, 0x8,
    0xf0, 0xf, 0x91, 0xcf, 0x90, 0x0, 0x0, 0x8f,
    0xc1, 0x0, 0x9f, 0x1, 0xf8, 0xdf, 0xe8, 0x77,
    0x77, 0x77, 0xef, 0xd0, 0xa, 0xe0, 0x2f, 0x76,
    0xa8, 0xff, 0xff, 0xff, 0xf8, 0x86, 0x0, 0xbd,
    0x3, 0xf6, 0x0, 0x24, 0x44, 0x44, 0x44, 0x20,
    0x0, 0xc, 0xff, 0xff, 0xf6, 0x27, 0x0, 0xa8,
    0x0, 0x29, 0x20, 0x0, 0x79, 0x99, 0xbf, 0x56,
    0xf2, 0xc, 0xd0, 0x6, 0xf3, 0x0, 0x0, 0x0,
    0x5, 0xf4, 0x1f, 0x70, 0x7f, 0x10, 0xbe, 0x0,
    0x0, 0x0, 0x24, 0x6f, 0x40, 0xdb, 0x3, 0xf5,
    0xf, 0x90, 0x0, 0x7d, 0xff, 0xe7, 0xf3, 0x9,
    0xf0, 0xf, 0x95, 0xf4, 0x0, 0x9, 0xda, 0x85,
    0x7f, 0x30, 0x4f, 0x40, 0xba, 0xae, 0x0, 0x0,
    0x0, 0x0, 0x8, 0xf2, 0x1, 0xb3, 0x0, 0xf,
    0xa0, 0x0, 0x0, 0x0, 0x0, 0xaf, 0x10, 0x0,
    0x0, 0x5, 0xf4, 0x0, 0x0, 0x2, 0x99, 0xaf,
    0xf1, 0xff, 0xff, 0xff, 0xff, 0xff, 0xf5, 0x0,
    0x1f, 0xff, 0xd5, 0x1d, 0xdd, 0xdd, 0xdd, 0xdd,
    0xdd, 0x40,

    /* U+9A91 "骑" */
    0x0, 0x0, 0x0, 0x0, 0x0, 0x0, 0x2a, 0x30,
    0x0, 0x0, 0x4a, 0xaa, 0xaa, 0x70, 0x0, 0x0,
    0x4f, 0x50, 0x0, 0x0, 0x7f, 0xff, 0xff, 0xa0,
    0x6a, 0xaa, 0xbf, 0xca, 0xaa, 0xa0, 0x2, 0x21,
    0x1f, 0x90, 0xaf, 0xff, 0xff, 0xff, 0xff, 0xf0,
    0xa, 0xe0, 0xf, 0x70, 0x0, 0x0, 0xdf, 0x50,
    0x0, 0x0, 0xb, 0xd0, 0x1f, 0x60, 0x0, 0x2c,
    0xfd, 0xfd, 0x50, 0x0, 0xc, 0xc0, 0x3f, 0x50,
    0x4b, 0xff, 0x60, 0x4c, 0xfd, 0x40, 0xd, 0xb0,
    0x4f, 0x40, 0x9f, 0x91, 0x0, 0x0, 0x5d, 0x70,
    0xe, 0xa0, 0x5f, 0x24, 0xaa, 0x99, 0x99, 0x99,
    0x9a, 0xa7, 0xf, 0x91, 0x7f, 0x26, 0xff, 0xff,
    0xff, 0xff, 0xff, 0xfb, 0xf, 0xff, 0xff, 0xf2,
    0x0, 0x0, 0x0, 0x0, 0x9f, 0x20, 0x1e, 0xee,
    0xef, 0xf1, 0x0, 0x0, 0x0, 0x0, 0x9f, 0x20,
    0x0, 0x0, 0x7, 0xf1, 0x2f, 0xff, 0xff, 0x80,
    0x9f, 0x20, 0x0, 0x0, 0x17, 0xf0, 0x2f, 0xb8,
    0x8f, 0x80, 0x9f, 0x20, 0x7b, 0xdf, 0xc8, 0xf0,
    0x2f, 0x50, 0xf, 0x80, 0x9f, 0x20, 0xce, 0xb8,
    0x49, 0xf0, 0x2f, 0x50, 0xf, 0x80, 0x9f, 0x20,
    0x0, 0x0, 0xa, 0xe0, 0x2f, 0xff, 0xff, 0x80,
    0x9f, 0x20, 0x0, 0x0, 0xc, 0xd0, 0x7, 0x77,
    0x77, 0x30, 0x9f, 0x10, 0x4, 0xaa, 0xcf, 0xb0,
    0x0, 0x0, 0x7, 0x9a, 0xff, 0x0, 0x4, 0xff,
    0xfc, 0x20, 0x0, 0x0, 0xa, 0xff, 0xe7, 0x0,

    /* U+9AD8 "高" */
    0x0, 0x0, 0x0, 0x0, 0x0, 0x0, 0x0, 0x0,
    0x0, 0x0, 0x0, 0x0, 0x0, 0x0, 0x1c, 0xf1,
    0x0, 0x0, 0x0, 0x0, 0x0, 0x0, 0x0, 0x0,
    0xb, 0xf7, 0x0, 0x0, 0x0, 0x0, 0x5f, 0xff,
    0xff, 0xff, 0xff, 0xff, 0xff, 0xff, 0xff, 0xff,
    0x28, 0x88, 0x88, 0x88, 0x88, 0x88, 0x88, 0x88,
    0x88, 0x88, 0x0, 0x0, 0x0, 0x0, 0x0, 0x0,
    0x0, 0x0, 0x0, 0x0, 0x0, 0x4, 0xff, 0xff,
    0xff, 0xff, 0xff, 0xff, 0xe0, 0x0, 0x0, 0x4,
    0xfb, 0x66, 0x66, 0x66, 0x66, 0x6f, 0xe0, 0x0,
    0x0, 0x4, 0xf8, 0x0, 0x0, 0x0, 0x0, 0xe,
    0xe0, 0x0, 0x0, 0x4, 0xff, 0xff, 0xff, 0xff,
    0xff, 0xff, 0xe0, 0x0, 0x0, 0x1, 0x66, 0x66,
    0x66, 0x66, 0x66, 0x66, 0x50, 0x0, 0x0, 0x22,
    0x22, 0x22, 0x22, 0x22, 0x22, 0x22, 0x22, 0x10,
    0x3, 0xff, 0xff, 0xff, 0xff, 0xff, 0xff, 0xff,
    0xff, 0xd0, 0x3, 0xfb, 0x55, 0x55, 0x55, 0x55,
    0x55, 0x55, 0x5f, 0xd0, 0x3, 0xfa, 0x0, 0x12,
    0x22, 0x22, 0x22, 0x10, 0xf, 0xd0, 0x3, 0xfa,
    0x0, 0xff, 0xff, 0xff, 0xff, 0xa0, 0xf, 0xd0,
    0x3, 0xfa, 0x0, 0xfc, 0x0, 0x0, 0x2f, 0xa0,
    0xf, 0xd0, 0x3, 0xfa, 0x0, 0xfd, 0x33, 0x33,
    0x5f, 0xa0, 0xf, 0xd0, 0x3, 0xfa, 0x0, 0xff,
    0xff, 0xff, 0xff, 0xa0, 0xf, 0xd0, 0x3, 0xfa,
    0x0, 0x22, 0x22, 0x22, 0x26, 0xb9, 0xcf, 0xc0,
    0x3, 0xfa, 0x0, 0x0, 0x0, 0x0, 0x4, 0xff,
    0xfd, 0x40, 0x0, 0x21, 0x0, 0x0, 0x0, 0x0,
    0x0, 0x0, 0x0, 0x0,

    /* U+9E23 "鸣" */
    0x0, 0x0, 0x0, 0x0, 0x0, 0x7, 0x80, 0x0,
    0x0, 0x0, 0x0, 0x0, 0x0, 0x0, 0x0, 0xfd,
    0x0, 0x0, 0x0, 0x47, 0x77, 0x77, 0x0, 0x99,
    0xaf, 0xd9, 0x99, 0x91, 0xa, 0xff, 0xff, 0xf0,
    0xf, 0xff, 0xff, 0xff, 0xff, 0x20, 0xaf, 0x22,
    0xbf, 0x0, 0xfd, 0x6, 0x10, 0xc, 0xf1, 0xa,
    0xf0, 0xa, 0xf0, 0xf, 0xd1, 0xed, 0x0, 0xef,
    0x0, 0xaf, 0x0, 0xaf, 0x0, 0xfd, 0x2, 0xe9,
    0xf, 0xf0, 0xa, 0xf0, 0xa, 0xf0, 0xf, 0xd0,
    0x3, 0x13, 0xfe, 0x0, 0xaf, 0x0, 0xaf, 0x0,
    0xfd, 0x0, 0xff, 0xff, 0x90, 0xa, 0xf0, 0xa,
    0xf0, 0xf, 0xd0, 0x7, 0x98, 0x60, 0x0, 0xaf,
    0x0, 0xaf, 0x0, 0xfd, 0x0, 0x0, 0x0, 0x0,
    0xa, 0xf0, 0xa, 0xf0, 0xf, 0xff, 0xff, 0xff,
    0xff, 0xf3, 0xaf, 0x0, 0xaf, 0x0, 0x99, 0x99,
    0x99, 0x99, 0xdf, 0x3a, 0xf0, 0xa, 0xf0, 0x0,
    0x0, 0x0, 0x0, 0xb, 0xf2, 0xaf, 0x0, 0xaf,
    0x17, 0x77, 0x77, 0x77, 0x60, 0xcf, 0x1a, 0xff,
    0xff, 0xf2, 0xff, 0xff, 0xff, 0xfe, 0xd, 0xf0,
    0xaf, 0xdd, 0xdd, 0x3, 0x33, 0x33, 0x33, 0x30,
    0xef, 0xa, 0xf0, 0x0, 0x0, 0x0, 0x0, 0x0,
    0x0, 0x3f, 0xd0, 0x6a, 0x0, 0x0, 0x0, 0x0,
    0xb, 0xdd, 0xef, 0xf9, 0x0, 0x0, 0x0, 0x0,
    0x0, 0x0, 0xaf, 0xff, 0xea, 0x10,

    /* U+9ED1 "黑" */
    0x0, 0x69, 0x99, 0x99, 0x99, 0x99, 0x99, 0x99,
    0x99, 0x30, 0x0, 0xaf, 0xff, 0xff, 0xff, 0xff,
    0xff, 0xff, 0xff, 0x50, 0x0, 0xaf, 0x23, 0x60,
    0x8, 0xf4, 0x0, 0x71, 0x7f, 0x50, 0x0, 0xaf,
    0x2a, 0xf3, 0x8, 0xf4, 0x6, 0xf7, 0x7f, 0x50,
    0x0, 0xaf, 0x21, 0xed, 0x8, 0xf4, 0x4f, 0xb0,
    0x7f, 0x50, 0x0, 0xaf, 0x20, 0x4a, 0x18, 0xf4,
    0x4d, 0x10, 0x7f, 0x50, 0x0, 0xaf, 0xa9, 0x99,
    0x9d, 0xfb, 0x99, 0x99, 0xcf, 0x50, 0x0, 0xaf,
    0xff, 0xff, 0xff, 0xff, 0xff, 0xff, 0xff, 0x50,
    0x0, 0x0, 0x0, 0x0, 0x8, 0xf4, 0x0, 0x0,
    0x0, 0x0, 0x0, 0x0, 0x0, 0x0, 0x8, 0xf4,
    0x0, 0x0, 0x0, 0x0, 0x1, 0xff, 0xff, 0xff,
    0xff, 0xff, 0xff, 0xff, 0xff, 0xc0, 0x0, 0x99,
    0x99, 0x99, 0x9c, 0xfa, 0x99, 0x99, 0x99, 0x60,
    0x0, 0x0, 0x0, 0x0, 0x8, 0xf4, 0x0, 0x0,
    0x0, 0x0, 0x29, 0x99, 0x99, 0x99, 0x9c, 0xfa,
    0x99, 0x99, 0x99, 0x99, 0x4f, 0xff, 0xff, 0xff,
    0xff, 0xff, 0xff, 0xff, 0xff, 0xff, 0x0, 0x9,
    0x30, 0x3, 0x10, 0x1, 0x50, 0x0, 0x45, 0x0,
    0x0, 0x7f, 0x80, 0x4f, 0x80, 0x9, 0xf4, 0x1,
    0xef, 0x20, 0x1, 0xef, 0x10, 0xf, 0xc0, 0x2,
    0xfb, 0x0, 0x5f, 0xc0, 0xb, 0xf8, 0x0, 0xc,
    0xf1, 0x0, 0xcf, 0x20, 0xc, 0xf6, 0x6, 0xc0,
    0x0, 0x6, 0x71, 0x0, 0x45, 0x0, 0x3, 0xa1,

    /* U+9F50 "齐" */
    0x0, 0x0, 0x0, 0x0, 0x2, 0x20, 0x0, 0x0,
    0x0, 0x0, 0x0, 0x0, 0x0, 0x0, 0x4f, 0xd0,
    0x0, 0x0, 0x0, 0x0, 0x0, 0x0, 0x0, 0x0,
    0xd, 0xf3, 0x0, 0x0, 0x0, 0x0, 0x2d, 0xdd,
    0xdd, 0xdd, 0xde, 0xfe, 0xdd, 0xdd, 0xdd, 0xd0,
    0x3f, 0xff, 0xff, 0xff, 0xff, 0xff, 0xff, 0xff,
    0xff, 0xf1, 0x0, 0x1, 0xef, 0x50, 0x0, 0x0,
    0x6, 0xfd, 0x0, 0x0, 0x0, 0x0, 0x3f, 0xf5,
    0x0, 0x0, 0x6f, 0xe2, 0x0, 0x0, 0x0, 0x0,
    0x4, 0xff, 0x80, 0x9, 0xfe, 0x30, 0x0, 0x0,
    0x0, 0x0, 0x0, 0x3e, 0xfd, 0xdf, 0xd2, 0x0,
    0x0, 0x0, 0x0, 0x0, 0x0, 0x6, 0xff, 0xff,
    0x50, 0x0, 0x0, 0x0, 0x0, 0x0, 0x49, 0xef,
    0xfa, 0xcf, 0xfe, 0x95, 0x10, 0x0, 0x38, 0xbf,
    0xff, 0xe8, 0x20, 0x3, 0xaf, 0xff, 0xfd, 0xa5,
    0x9f, 0xfe, 0x94, 0x0, 0x0, 0x0, 0x0, 0x49,
    0xdf, 0xf6, 0x26, 0x20, 0xe, 0xf0, 0x0, 0x0,
    0xf, 0xe0, 0x1, 0x41, 0x0, 0x0, 0xf, 0xf0,
    0x0, 0x0, 0xf, 0xe0, 0x0, 0x0, 0x0, 0x0,
    0xf, 0xd0, 0x0, 0x0, 0xf, 0xe0, 0x0, 0x0,
    0x0, 0x0, 0x4f, 0xb0, 0x0, 0x0, 0xf, 0xe0,
    0x0, 0x0, 0x0, 0x0, 0xbf, 0x60, 0x0, 0x0,
    0xf, 0xe0, 0x0, 0x0, 0x0, 0x9, 0xfd, 0x0,
    0x0, 0x0, 0xf, 0xe0, 0x0, 0x0, 0x2, 0xcf,
    0xe2, 0x0, 0x0, 0x0, 0xf, 0xe0, 0x0, 0x0,
    0x4, 0xfd, 0x20, 0x0, 0x0, 0x0, 0xf, 0xe0,
    0x0, 0x0, 0x0, 0x30, 0x0, 0x0, 0x0, 0x0,
    0x0, 0x0, 0x0, 0x0,

    /* U+9F7F "齿" */
    0x0, 0x0, 0x0, 0x0, 0x2, 0x41, 0x0, 0x0,
    0x0, 0x0, 0x0, 0x1, 0x20, 0x0, 0xb, 0xf4,
    0x0, 0x0, 0x0, 0x0, 0x0, 0xb, 0xf1, 0x0,
    0xb, 0xfe, 0xdd, 0xdd, 0xdd, 0x30, 0x0, 0xb,
    0xf1, 0x0, 0xb, 0xff, 0xff, 0xff, 0xff, 0x40,
    0x0, 0xb, 0xf1, 0x0, 0xb, 0xf4, 0x0, 0x0,
    0x0, 0x0, 0x0, 0xb, 0xf1, 0x0, 0xb, 0xf4,
    0x0, 0x0, 0x0, 0x0, 0x0, 0xb, 0xf1, 0x0,
    0xb, 0xf4, 0x0, 0x0, 0x0, 0x0, 0xff, 0xff,
    0xff, 0xff, 0xff, 0xff, 0xff, 0xff, 0xff, 0xf4,
    0xdd, 0xdd, 0xdd, 0xdd, 0xde, 0xdd, 0xdd, 0xdd,
    0xdd, 0xd3, 0x2, 0xeb, 0x0, 0x0, 0xf, 0xd0,
    0x0, 0x0, 0xef, 0x0, 0x2, 0xfc, 0x0, 0x0,
    0x3f, 0xd0, 0x0, 0x0, 0xff, 0x0, 0x2, 0xfc,
    0x0, 0x0, 0xaf, 0xfd, 0x20, 0x0, 0xff, 0x0,
    0x2, 0xfc, 0x0, 0x5, 0xfd, 0xbf, 0xe4, 0x0,
    0xff, 0x0, 0x2, 0xfc, 0x0, 0x8f, 0xe2, 0x9,
    0xff, 0x60, 0xff, 0x0, 0x2, 0xfc, 0x5e, 0xfe,
    0x30, 0x0, 0x7f, 0xf7, 0xff, 0x0, 0x2, 0xfc,
    0x8f, 0xb1, 0x0, 0x0, 0x5, 0xf3, 0xff, 0x0,
    0x2, 0xfc, 0x5, 0x0, 0x0, 0x0, 0x0, 0x10,
    0xff, 0x0, 0x2, 0xfc, 0x0, 0x0, 0x0, 0x0,
    0x0, 0x0, 0xff, 0x0, 0x2, 0xff, 0xff, 0xff,
    0xff, 0xff, 0xff, 0xff, 0xff, 0x0, 0x1, 0xee,
    0xee, 0xee, 0xee, 0xee, 0xee, 0xee, 0xff, 0x0,

    /* U+FF01 "！" */
    0x15, 0x51, 0x2f, 0xf5, 0x2f, 0xf4, 0x1f, 0xf4,
    0x1f, 0xf3, 0xf, 0xf3, 0xf, 0xf2, 0xf, 0xf2,
    0xf, 0xf1, 0xe, 0xf1, 0xe, 0xf0, 0xd, 0xf0,
    0x0, 0x0, 0x0, 0x0, 0x19, 0x93, 0x3f, 0xf5,
    0x3f, 0xf5,

    /* U+FF08 "（" */
    0x0, 0x7, 0xc5, 0x0, 0x1f, 0xf1, 0x0, 0x8f,
    0x80, 0x0, 0xef, 0x30, 0x3, 0xfd, 0x0, 0x7,
    0xf9, 0x0, 0xa, 0xf6, 0x0, 0xd, 0xf3, 0x0,
    0xf, 0xf1, 0x0, 0xf, 0xf0, 0x0, 0xf, 0xf0,
    0x0, 0xf, 0xf1, 0x0, 0xe, 0xf2, 0x0, 0xb,
    0xf5, 0x0, 0x8, 0xf8, 0x0, 0x4, 0xfc, 0x0,
    0x0, 0xef, 0x20, 0x0, 0x9f, 0x70, 0x0, 0x2f,
    0xe0, 0x0, 0xa, 0xf6,

    /* U+FF09 "）" */
    0x5c, 0x70, 0x0, 0x1f, 0xf1, 0x0, 0x9, 0xf8,
    0x0, 0x3, 0xfe, 0x0, 0x0, 0xef, 0x30, 0x0,
    0x9f, 0x70, 0x0, 0x6f, 0xa0, 0x0, 0x3f, 0xd0,
    0x0, 0x1f, 0xf0, 0x0, 0xf, 0xf0, 0x0, 0xf,
    0xf0, 0x0, 0x1f, 0xf0, 0x0, 0x2f, 0xe0, 0x0,
    0x5f, 0xb0, 0x0, 0x9f, 0x80, 0x0, 0xdf, 0x40,
    0x2, 0xfe, 0x0, 0x7, 0xf9, 0x0, 0xe, 0xf2,
    0x0, 0x6f, 0xa0, 0x0,

    /* U+FF0C "，" */
    0x59, 0x99, 0xff, 0x9f, 0xf0, 0x3e, 0x9, 0xb9,
    0xe2, 0x41, 0x0,

    /* U+FF1A "：" */
    0xff, 0x9f, 0xf9, 0x99, 0x50, 0x0, 0x0, 0x0,
    0x0, 0x0, 0x0, 0x0, 0x0, 0x9, 0x95, 0xff,
    0x9f, 0xf9,

    /* U+FF1B "；" */
    0xf, 0xf8, 0xf, 0xf8, 0x9, 0x95, 0x0, 0x0,
    0x0, 0x0, 0x0, 0x0, 0x0, 0x0, 0x0, 0x0,
    0x0, 0x0, 0x9, 0x95, 0xf, 0xf8, 0xf, 0xf8,
    0x0, 0xa7, 0x1, 0xf3, 0x2e, 0xa0, 0x5, 0x0,

    /* U+FF1F "？" */
    0x0, 0x18, 0xdf, 0xea, 0x30, 0x0, 0x2d, 0xff,
    0xff, 0xff, 0x40, 0xc, 0xfd, 0x30, 0x2c, 0xfd,
    0x0, 0xae, 0x10, 0x0, 0x2f, 0xf1, 0x0, 0x10,
    0x0, 0x1, 0xff, 0x10, 0x0, 0x0, 0x0, 0x7f,
    0xd0, 0x0, 0x0, 0x0, 0x5f, 0xf4, 0x0, 0x0,
    0x0, 0x4f, 0xf6, 0x0, 0x0, 0x0, 0xe, 0xf6,
    0x0, 0x0, 0x0, 0x3, 0xfd, 0x0, 0x0, 0x0,
    0x0, 0x4f, 0xa0, 0x0, 0x0, 0x0, 0x2, 0xa6,
    0x0, 0x0, 0x0, 0x0, 0x0, 0x0, 0x0, 0x0,
    0x0, 0x0, 0x0, 0x0, 0x0, 0x0, 0x0, 0x59,
    0x90, 0x0, 0x0, 0x0, 0x9, 0xff, 0x0, 0x0,
    0x0, 0x0, 0x9f, 0xf0, 0x0, 0x0
};


/*---------------------
 *  GLYPH DESCRIPTION
 *--------------------*/

static const lv_font_fmt_txt_glyph_dsc_t glyph_dsc[] = {
    {.bitmap_index = 0, .adv_w = 0, .box_w = 0, .box_h = 0, .ofs_x = 0, .ofs_y = 0} /* id = 0 reserved */,
    {.bitmap_index = 0, .adv_w = 102, .box_w = 0, .box_h = 0, .ofs_x = 0, .ofs_y = 0},
    {.bitmap_index = 0, .adv_w = 97, .box_w = 3, .box_h = 16, .ofs_x = 2, .ofs_y = 0},
    {.bitmap_index = 24, .adv_w = 126, .box_w = 7, .box_h = 6, .ofs_x = 0, .ofs_y = 13},
    {.bitmap_index = 45, .adv_w = 251, .box_w = 14, .box_h = 16, .ofs_x = 1, .ofs_y = 0},
    {.bitmap_index = 157, .adv_w = 206, .box_w = 13, .box_h = 20, .ofs_x = 0, .ofs_y = -2},
    {.bitmap_index = 287, .adv_w = 294, .box_w = 18, .box_h = 16, .ofs_x = 1, .ofs_y = 0},
    {.bitmap_index = 431, .adv_w = 255, .box_w = 15, .box_h = 16, .ofs_x = 1, .ofs_y = 0},
    {.bitmap_index = 551, .adv_w = 69, .box_w = 4, .box_h = 6, .ofs_x = 0, .ofs_y = 13},
    {.bitmap_index = 563, .adv_w = 113, .box_w = 5, .box_h = 20, .ofs_x = 2, .ofs_y = -1},
    {.bitmap_index = 613, .adv_w = 113, .box_w = 6, .box_h = 20, .ofs_x = 0, .ofs_y = -1},
    {.bitmap_index = 673, .adv_w = 158, .box_w = 8, .box_h = 7, .ofs_x = 1, .ofs_y = 9},
    {.bitmap_index = 701, .adv_w = 218, .box_w = 10, .box_h = 10, .ofs_x = 2, .ofs_y = 3},
    {.bitmap_index = 751, .adv_w = 93, .box_w = 4, .box_h = 6, .ofs_x = 1, .ofs_y = -4},
    {.bitmap_index = 763, .adv_w = 162, .box_w = 8, .box_h = 2, .ofs_x = 1, .ofs_y = 8},
    {.bitmap_index = 771, .adv_w = 89, .box_w = 3, .box_h = 2, .ofs_x = 1, .ofs_y = 0},
    {.bitmap_index = 774, .adv_w = 144, .box_w = 9, .box_h = 16, .ofs_x = 0, .ofs_y = 0},
    {.bitmap_index = 846, .adv_w = 226, .box_w = 12, .box_h = 16, .ofs_x = 1, .ofs_y = 0},
    {.bitmap_index = 942, .adv_w = 148, .box_w = 7, .box_h = 16, .ofs_x = 1, .ofs_y = 0},
    {.bitmap_index = 998, .adv_w = 203, .box_w = 10, .box_h = 16, .ofs_x = 1, .ofs_y = 0},
    {.bitmap_index = 1078, .adv_w = 211, .box_w = 12, .box_h = 16, .ofs_x = 1, .ofs_y = 0},
    {.bitmap_index = 1174, .adv_w = 212, .box_w = 12, .box_h = 16, .ofs_x = 1, .ofs_y = 0},
    {.bitmap_index = 1270, .adv_w = 211, .box_w = 12, .box_h = 16, .ofs_x = 1, .ofs_y = 0},
    {.bitmap_index = 1366, .adv_w = 212, .box_w = 12, .box_h = 16, .ofs_x = 1, .ofs_y = 0},
    {.bitmap_index = 1462, .adv_w = 189, .box_w = 10, .box_h = 16, .ofs_x = 1, .ofs_y = 0},
    {.bitmap_index = 1542, .adv_w = 225, .box_w = 12, .box_h = 16, .ofs_x = 1, .ofs_y = 0},
    {.bitmap_index = 1638, .adv_w = 215, .box_w = 12, .box_h = 16, .ofs_x = 1, .ofs_y = 0},
    {.bitmap_index = 1734, .adv_w = 89, .box_w = 3, .box_h = 12, .ofs_x = 1, .ofs_y = 0},
    {.bitmap_index = 1752, .adv_w = 93, .box_w = 4, .box_h = 16, .ofs_x = 1, .ofs_y = -4},
    {.bitmap_index = 1784, .adv_w = 218, .box_w = 10, .box_h = 14, .ofs_x = 2, .ofs_y = 1},
    {.bitmap_index = 1854, .adv_w = 218, .box_w = 10, .box_h = 7, .ofs_x = 2, .ofs_y = 5},
    {.bitmap_index = 1889, .adv_w = 218, .box_w = 10, .box_h = 14, .ofs_x = 2, .ofs_y = 1},
    {.bitmap_index = 1959, .adv_w = 176, .box_w = 10, .box_h = 16, .ofs_x = 0, .ofs_y = 0},
    {.bitmap_index = 2039, .adv_w = 294, .box_w = 17, .box_h = 16, .ofs_x = 1, .ofs_y = 0},
    {.bitmap_index = 2175, .adv_w = 240, .box_w = 15, .box_h = 16, .ofs_x = 0, .ofs_y = 0},
    {.bitmap_index = 2295, .adv_w = 236, .box_w = 12, .box_h = 16, .ofs_x = 2, .ofs_y = 0},
    {.bitmap_index = 2391, .adv_w = 247, .box_w = 14, .box_h = 16, .ofs_x = 1, .ofs_y = 0},
    {.bitmap_index = 2503, .adv_w = 264, .box_w = 14, .box_h = 16, .ofs_x = 2, .ofs_y = 0},
    {.bitmap_index = 2615, .adv_w = 209, .box_w = 11, .box_h = 16, .ofs_x = 2, .ofs_y = 0},
    {.bitmap_index = 2703, .adv_w = 200, .box_w = 10, .box_h = 16, .ofs_x = 2, .ofs_y = 0},
    {.bitmap_index = 2783, .adv_w = 261, .box_w = 14, .box_h = 16, .ofs_x = 1, .ofs_y = 0},
    {.bitmap_index = 2895, .adv_w = 258, .box_w = 13, .box_h = 16, .ofs_x = 2, .ofs_y = 0},
    {.bitmap_index = 2999, .adv_w = 90, .box_w = 3, .box_h = 16, .ofs_x = 2, .ofs_y = 0},
    {.bitmap_index = 3023, .adv_w = 172, .box_w = 10, .box_h = 16, .ofs_x = 0, .ofs_y = 0},
    {.bitmap_index = 3103, .adv_w = 231, .box_w = 13, .box_h = 16, .ofs_x = 2, .ofs_y = 0},
    {.bitmap_index = 3207, .adv_w = 202, .box_w = 11, .box_h = 16, .ofs_x = 2, .ofs_y = 0},
    {.bitmap_index = 3295, .adv_w = 314, .box_w = 17, .box_h = 16, .ofs_x = 2, .ofs_y = 0},
    {.bitmap_index = 3431, .adv_w = 262, .box_w = 13, .box_h = 16, .ofs_x = 2, .ofs_y = 0},
    {.bitmap_index = 3535, .adv_w = 275, .box_w = 15, .box_h = 16, .ofs_x = 1, .ofs_y = 0},
    {.bitmap_index = 3655, .adv_w = 223, .box_w = 12, .box_h = 16, .ofs_x = 2, .ofs_y = 0},
    {.bitmap_index = 3751, .adv_w = 277, .box_w = 16, .box_h = 18, .ofs_x = 1, .ofs_y = -2},
    {.bitmap_index = 3895, .adv_w = 227, .box_w = 12, .box_h = 16, .ofs_x = 2, .ofs_y = 0},
    {.bitmap_index = 3991, .adv_w = 213, .box_w = 13, .box_h = 16, .ofs_x = 0, .ofs_y = 0},
    {.bitmap_index = 4095, .adv_w = 216, .box_w = 12, .box_h = 16, .ofs_x = 1, .ofs_y = 0},
    {.bitmap_index = 4191, .adv_w = 252, .box_w = 13, .box_h = 16, .ofs_x = 2, .ofs_y = 0},
    {.bitmap_index = 4295, .adv_w = 241, .box_w = 15, .box_h = 16, .ofs_x = 0, .ofs_y = 0},
    {.bitmap_index = 4415, .adv_w = 350, .box_w = 22, .box_h = 16, .ofs_x = 0, .ofs_y = 0},
    {.bitmap_index = 4591, .adv_w = 232, .box_w = 15, .box_h = 16, .ofs_x = 0, .ofs_y = 0},
    {.bitmap_index = 4711, .adv_w = 224, .box_w = 14, .box_h = 16, .ofs_x = 0, .ofs_y = 0},
    {.bitmap_index = 4823, .adv_w = 214, .box_w = 12, .box_h = 16, .ofs_x = 1, .ofs_y = 0},
    {.bitmap_index = 4919, .adv_w = 125, .box_w = 5, .box_h = 20, .ofs_x = 2, .ofs_y = -1},
    {.bitmap_index = 4969, .adv_w = 123, .box_w = 8, .box_h = 16, .ofs_x = 0, .ofs_y = 0},
    {.bitmap_index = 5033, .adv_w = 125, .box_w = 6, .box_h = 20, .ofs_x = 1, .ofs_y = -1},
    {.bitmap_index = 5093, .adv_w = 159, .box_w = 10, .box_h = 6, .ofs_x = 0, .ofs_y = 12},
    {.bitmap_index = 5123, .adv_w = 162, .box_w = 10, .box_h = 2, .ofs_x = 0, .ofs_y = -4},
    {.bitmap_index = 5133, .adv_w = 95, .box_w = 5, .box_h = 6, .ofs_x = 0, .ofs_y = 12},
    {.bitmap_index = 5148, .adv_w = 193, .box_w = 10, .box_h = 12, .ofs_x = 1, .ofs_y = 0},
    {.bitmap_index = 5208, .adv_w = 212, .box_w = 11, .box_h = 16, .ofs_x = 1, .ofs_y = 0},
    {.bitmap_index = 5296, .adv_w = 188, .box_w = 11, .box_h = 12, .ofs_x = 1, .ofs_y = 0},
    {.bitmap_index = 5362, .adv_w = 213, .box_w = 11, .box_h = 16, .ofs_x = 1, .ofs_y = 0},
    {.bitmap_index = 5450, .adv_w = 198, .box_w = 11, .box_h = 12, .ofs_x = 1, .ofs_y = 0},
    {.bitmap_index = 5516, .adv_w = 124, .box_w = 7, .box_h = 16, .ofs_x = 1, .ofs_y = 0},
    {.bitmap_index = 5572, .adv_w = 212, .box_w = 11, .box_h = 17, .ofs_x = 1, .ofs_y = -5},
    {.bitmap_index = 5666, .adv_w = 207, .box_w = 10, .box_h = 16, .ofs_x = 1, .ofs_y = 0},
    {.bitmap_index = 5746, .adv_w = 89, .box_w = 3, .box_h = 16, .ofs_x = 1, .ofs_y = 0},
    {.bitmap_index = 5770, .adv_w = 90, .box_w = 6, .box_h = 21, .ofs_x = -2, .ofs_y = -5},
    {.bitmap_index = 5833, .adv_w = 184, .box_w = 10, .box_h = 16, .ofs_x = 1, .ofs_y = 0},
    {.bitmap_index = 5913, .adv_w = 92, .box_w = 4, .box_h = 16, .ofs_x = 1, .ofs_y = 0},
    {.bitmap_index = 5945, .adv_w = 314, .box_w = 17, .box_h = 12, .ofs_x = 1, .ofs_y = 0},
    {.bitmap_index = 6047, .adv_w = 207, .box_w = 10, .box_h = 12, .ofs_x = 1, .ofs_y = 0},
    {.bitmap_index = 6107, .adv_w = 205, .box_w = 11, .box_h = 12, .ofs_x = 1, .ofs_y = 0},
    {.bitmap_index = 6173, .adv_w = 212, .box_w = 11, .box_h = 17, .ofs_x = 1, .ofs_y = -5},
    {.bitmap_index = 6267, .adv_w = 213, .box_w = 11, .box_h = 17, .ofs_x = 1, .ofs_y = -5},
    {.bitmap_index = 6361, .adv_w = 137, .box_w = 7, .box_h = 12, .ofs_x = 1, .ofs_y = 0},
    {.bitmap_index = 6403, .adv_w = 169, .box_w = 10, .box_h = 12, .ofs_x = 0, .ofs_y = 0},
    {.bitmap_index = 6463, .adv_w = 130, .box_w = 8, .box_h = 16, .ofs_x = 1, .ofs_y = 0},
    {.bitmap_index = 6527, .adv_w = 207, .box_w = 10, .box_h = 12, .ofs_x = 1, .ofs_y = 0},
    {.bitmap_index = 6587, .adv_w = 183, .box_w = 12, .box_h = 12, .ofs_x = 0, .ofs_y = 0},
    {.bitmap_index = 6659, .adv_w = 284, .box_w = 18, .box_h = 12, .ofs_x = 0, .ofs_y = 0},
    {.bitmap_index = 6767, .adv_w = 178, .box_w = 12, .box_h = 12, .ofs_x = 0, .ofs_y = 0},
    {.bitmap_index = 6839, .adv_w = 186, .box_w = 12, .box_h = 17, .ofs_x = 0, .ofs_y = -5},
    {.bitmap_index = 6941, .adv_w = 170, .box_w = 9, .box_h = 12, .ofs_x = 1, .ofs_y = 0},
    {.bitmap_index = 6995, .adv_w = 127, .box_w = 8, .box_h = 20, .ofs_x = 0, .ofs_y = -1},
    {.bitmap_index = 7075, .adv_w = 81, .box_w = 3, .box_h = 20, .ofs_x = 1, .ofs_y = -1},
    {.bitmap_index = 7105, .adv_w = 127, .box_w = 8, .box_h = 20, .ofs_x = 0, .ofs_y = -1},
    {.bitmap_index = 7185, .adv_w = 190, .box_w = 11, .box_h = 4, .ofs_x = 0, .ofs_y = 6},
    {.bitmap_index = 7207, .adv_w = 146, .box_w = 8, .box_h = 8, .ofs_x = 0, .ofs_y = 9},
    {.bitmap_index = 7239, .adv_w = 211, .box_w = 11, .box_h = 13, .ofs_x = 1, .ofs_y = 1},
    {.bitmap_index = 7311, .adv_w = 176, .box_w = 3, .box_h = 2, .ofs_x = 4, .ofs_y = 7},
    {.bitmap_index = 7314, .adv_w = 218, .box_w = 11, .box_h = 11, .ofs_x = 1, .ofs_y = 3},
    {.bitmap_index = 7375, .adv_w = 218, .box_w = 10, .box_h = 10, .ofs_x = 2, .ofs_y = 3},
    {.bitmap_index = 7425, .adv_w = 352, .box_w = 22, .box_h = 2, .ofs_x = 0, .ofs_y = 8},
    {.bitmap_index = 7447, .adv_w = 352, .box_w = 18, .box_h = 2, .ofs_x = 2, .ofs_y = 0},
    {.bitmap_index = 7465, .adv_w = 386, .box_w = 24, .box_h = 18, .ofs_x = 0, .ofs_y = -1},
    {.bitmap_index = 7681, .adv_w = 352, .box_w = 20, .box_h = 11, .ofs_x = 1, .ofs_y = 3},
    {.bitmap_index = 7791, .adv_w = 352, .box_w = 12, .box_h = 20, .ofs_x = 5, .ofs_y = -2},
    {.bitmap_index = 7911, .adv_w = 352, .box_w = 20, .box_h = 11, .ofs_x = 1, .ofs_y = 3},
    {.bitmap_index = 8021, .adv_w = 352, .box_w = 12, .box_h = 20, .ofs_x = 5, .ofs_y = -2},
    {.bitmap_index = 8141, .adv_w = 352, .box_w = 16, .box_h = 16, .ofs_x = 3, .ofs_y = 1},
    {.bitmap_index = 8269, .adv_w = 352, .box_w = 22, .box_h = 17, .ofs_x = 0, .ofs_y = 0},
    {.bitmap_index = 8456, .adv_w = 352, .box_w = 7, .box_h = 7, .ofs_x = 2, .ofs_y = -2},
    {.bitmap_index = 8481, .adv_w = 352, .box_w = 7, .box_h = 6, .ofs_x = 2, .ofs_y = -1},
    {.bitmap_index = 8502, .adv_w = 352, .box_w = 20, .box_h = 3, .ofs_x = 1, .ofs_y = 8},
    {.bitmap_index = 8532, .adv_w = 352, .box_w = 20, .box_h = 17, .ofs_x = 1, .ofs_y = 0},
    {.bitmap_index = 8702, .adv_w = 352, .box_w = 20, .box_h = 20, .ofs_x = 1, .ofs_y = 0},
    {.bitmap_index = 8902, .adv_w = 352, .box_w = 20, .box_h = 18, .ofs_x = 1, .ofs_y = -1},
    {.bitmap_index = 9082, .adv_w = 352, .box_w = 20, .box_h = 18, .ofs_x = 1, .ofs_y = -1},
    {.bitmap_index = 9262, .adv_w = 352, .box_w = 20, .box_h = 20, .ofs_x = 1, .ofs_y = -1},
    {.bitmap_index = 9462, .adv_w = 352, .box_w = 21, .box_h = 20, .ofs_x = 0, .ofs_y = -1},
    {.bitmap_index = 9672, .adv_w = 352, .box_w = 20, .box_h = 21, .ofs_x = 1, .ofs_y = -3},
    {.bitmap_index = 9882, .adv_w = 352, .box_w = 16, .box_h = 21, .ofs_x = 3, .ofs_y = -1},
    {.bitmap_index = 10050, .adv_w = 352, .box_w = 19, .box_h = 21, .ofs_x = 1, .ofs_y = -2},
    {.bitmap_index = 10250, .adv_w = 352, .box_w = 19, .box_h = 21, .ofs_x = 2, .ofs_y = -1},
    {.bitmap_index = 10450, .adv_w = 352, .box_w = 20, .box_h = 21, .ofs_x = 1, .ofs_y = -2},
    {.bitmap_index = 10660, .adv_w = 352, .box_w = 20, .box_h = 21, .ofs_x = 1, .ofs_y = -1},
    {.bitmap_index = 10870, .adv_w = 352, .box_w = 20, .box_h = 18, .ofs_x = 1, .ofs_y = -1},
    {.bitmap_index = 11050, .adv_w = 352, .box_w = 20, .box_h = 22, .ofs_x = 1, .ofs_y = -3},
    {.bitmap_index = 11270, .adv_w = 352, .box_w = 20, .box_h = 21, .ofs_x = 1, .ofs_y = -2},
    {.bitmap_index = 11480, .adv_w = 352, .box_w = 20, .box_h = 21, .ofs_x = 1, .ofs_y = -2},
    {.bitmap_index = 11690, .adv_w = 352, .box_w = 21, .box_h = 21, .ofs_x = 1, .ofs_y = -2},
    {.bitmap_index = 11911, .adv_w = 352, .box_w = 20, .box_h = 21, .ofs_x = 1, .ofs_y = -2},
    {.bitmap_index = 12121, .adv_w = 352, .box_w = 21, .box_h = 21, .ofs_x = 0, .ofs_y = -2},
    {.bitmap_index = 12342, .adv_w = 352, .box_w = 20, .box_h = 21, .ofs_x = 1, .ofs_y = -2},
    {.bitmap_index = 12552, .adv_w = 352, .box_w = 20, .box_h = 22, .ofs_x = 1, .ofs_y = -2},
    {.bitmap_index = 12772, .adv_w = 352, .box_w = 21, .box_h = 21, .ofs_x = 1, .ofs_y = -2},
    {.bitmap_index = 12993, .adv_w = 352, .box_w = 21, .box_h = 21, .ofs_x = 1, .ofs_y = -1},
    {.bitmap_index = 13214, .adv_w = 352, .box_w = 20, .box_h = 20, .ofs_x = 1, .ofs_y = -1},
    {.bitmap_index = 13414, .adv_w = 352, .box_w = 20, .box_h = 21, .ofs_x = 1, .ofs_y = -2},
    {.bitmap_index = 13624, .adv_w = 352, .box_w = 20, .box_h = 21, .ofs_x = 1, .ofs_y = -2},
    {.bitmap_index = 13834, .adv_w = 352, .box_w = 20, .box_h = 22, .ofs_x = 0, .ofs_y = -2},
    {.bitmap_index = 14054, .adv_w = 352, .box_w = 20, .box_h = 20, .ofs_x = 1, .ofs_y = -1},
    {.bitmap_index = 14254, .adv_w = 352, .box_w = 20, .box_h = 21, .ofs_x = 1, .ofs_y = -1},
    {.bitmap_index = 14464, .adv_w = 352, .box_w = 20, .box_h = 21, .ofs_x = 1, .ofs_y = -1},
    {.bitmap_index = 14674, .adv_w = 352, .box_w = 20, .box_h = 20, .ofs_x = 1, .ofs_y = -1},
    {.bitmap_index = 14874, .adv_w = 352, .box_w = 21, .box_h = 21, .ofs_x = 0, .ofs_y = -2},
    {.bitmap_index = 15095, .adv_w = 352, .box_w = 21, .box_h = 20, .ofs_x = 1, .ofs_y = -1},
    {.bitmap_index = 15305, .adv_w = 352, .box_w = 20, .box_h = 20, .ofs_x = 1, .ofs_y = -1},
    {.bitmap_index = 15505, .adv_w = 352, .box_w = 19, .box_h = 20, .ofs_x = 1, .ofs_y = -1},
    {.bitmap_index = 15695, .adv_w = 352, .box_w = 21, .box_h = 20, .ofs_x = 0, .ofs_y = -1},
    {.bitmap_index = 15905, .adv_w = 352, .box_w = 20, .box_h = 21, .ofs_x = 1, .ofs_y = -2},
    {.bitmap_index = 16115, .adv_w = 352, .box_w = 21, .box_h = 21, .ofs_x = 0, .ofs_y = -2},
    {.bitmap_index = 16336, .adv_w = 352, .box_w = 21, .box_h = 20, .ofs_x = 0, .ofs_y = -1},
    {.bitmap_index = 16546, .adv_w = 352, .box_w = 20, .box_h = 20, .ofs_x = 1, .ofs_y = -1},
    {.bitmap_index = 16746, .adv_w = 352, .box_w = 21, .box_h = 20, .ofs_x = 0, .ofs_y = -1},
    {.bitmap_index = 16956, .adv_w = 352, .box_w = 20, .box_h = 21, .ofs_x = 1, .ofs_y = -2},
    {.bitmap_index = 17166, .adv_w = 352, .box_w = 20, .box_h = 21, .ofs_x = 0, .ofs_y = -2},
    {.bitmap_index = 17376, .adv_w = 352, .box_w = 21, .box_h = 21, .ofs_x = 0, .ofs_y = -2},
    {.bitmap_index = 17597, .adv_w = 352, .box_w = 20, .box_h = 20, .ofs_x = 1, .ofs_y = -2},
    {.bitmap_index = 17797, .adv_w = 352, .box_w = 21, .box_h = 20, .ofs_x = 1, .ofs_y = -1},
    {.bitmap_index = 18007, .adv_w = 352, .box_w = 20, .box_h = 21, .ofs_x = 1, .ofs_y = -2},
    {.bitmap_index = 18217, .adv_w = 352, .box_w = 20, .box_h = 21, .ofs_x = 1, .ofs_y = -2},
    {.bitmap_index = 18427, .adv_w = 352, .box_w = 20, .box_h = 22, .ofs_x = 1, .ofs_y = -3},
    {.bitmap_index = 18647, .adv_w = 352, .box_w = 20, .box_h = 20, .ofs_x = 1, .ofs_y = -2},
    {.bitmap_index = 18847, .adv_w = 352, .box_w = 17, .box_h = 21, .ofs_x = 3, .ofs_y = -2},
    {.bitmap_index = 19026, .adv_w = 352, .box_w = 20, .box_h = 20, .ofs_x = 1, .ofs_y = -2},
    {.bitmap_index = 19226, .adv_w = 352, .box_w = 20, .box_h = 19, .ofs_x = 1, .ofs_y = -1},
    {.bitmap_index = 19416, .adv_w = 352, .box_w = 20, .box_h = 20, .ofs_x = 1, .ofs_y = -1},
    {.bitmap_index = 19616, .adv_w = 352, .box_w = 17, .box_h = 21, .ofs_x = 3, .ofs_y = -1},
    {.bitmap_index = 19795, .adv_w = 352, .box_w = 20, .box_h = 20, .ofs_x = 1, .ofs_y = -1},
    {.bitmap_index = 19995, .adv_w = 352, .box_w = 20, .box_h = 21, .ofs_x = 1, .ofs_y = -2},
    {.bitmap_index = 20205, .adv_w = 352, .box_w = 20, .box_h = 21, .ofs_x = 1, .ofs_y = -2},
    {.bitmap_index = 20415, .adv_w = 352, .box_w = 19, .box_h = 21, .ofs_x = 1, .ofs_y = -1},
    {.bitmap_index = 20615, .adv_w = 352, .box_w = 19, .box_h = 21, .ofs_x = 1, .ofs_y = -2},
    {.bitmap_index = 20815, .adv_w = 352, .box_w = 19, .box_h = 21, .ofs_x = 0, .ofs_y = -2},
    {.bitmap_index = 21015, .adv_w = 352, .box_w = 20, .box_h = 21, .ofs_x = 0, .ofs_y = -2},
    {.bitmap_index = 21225, .adv_w = 352, .box_w = 19, .box_h = 20, .ofs_x = 0, .ofs_y = -1},
    {.bitmap_index = 21415, .adv_w = 352, .box_w = 19, .box_h = 21, .ofs_x = 1, .ofs_y = -1},
    {.bitmap_index = 21615, .adv_w = 352, .box_w = 19, .box_h = 20, .ofs_x = 1, .ofs_y = -1},
    {.bitmap_index = 21805, .adv_w = 352, .box_w = 20, .box_h = 21, .ofs_x = 1, .ofs_y = -2},
    {.bitmap_index = 22015, .adv_w = 352, .box_w = 19, .box_h = 21, .ofs_x = 1, .ofs_y = -2},
    {.bitmap_index = 22215, .adv_w = 352, .box_w = 19, .box_h = 19, .ofs_x = 1, .ofs_y = -1},
    {.bitmap_index = 22396, .adv_w = 352, .box_w = 19, .box_h = 20, .ofs_x = 1, .ofs_y = -1},
    {.bitmap_index = 22586, .adv_w = 352, .box_w = 20, .box_h = 21, .ofs_x = 0, .ofs_y = -2},
    {.bitmap_index = 22796, .adv_w = 352, .box_w = 19, .box_h = 21, .ofs_x = 1, .ofs_y = -2},
    {.bitmap_index = 22996, .adv_w = 352, .box_w = 19, .box_h = 21, .ofs_x = 1, .ofs_y = -2},
    {.bitmap_index = 23196, .adv_w = 352, .box_w = 20, .box_h = 21, .ofs_x = 0, .ofs_y = -2},
    {.bitmap_index = 23406, .adv_w = 352, .box_w = 21, .box_h = 20, .ofs_x = 0, .ofs_y = -1},
    {.bitmap_index = 23616, .adv_w = 352, .box_w = 20, .box_h = 20, .ofs_x = 1, .ofs_y = -1},
    {.bitmap_index = 23816, .adv_w = 352, .box_w = 18, .box_h = 19, .ofs_x = 3, .ofs_y = -1},
    {.bitmap_index = 23987, .adv_w = 352, .box_w = 20, .box_h = 21, .ofs_x = 1, .ofs_y = -1},
    {.bitmap_index = 24197, .adv_w = 352, .box_w = 20, .box_h = 21, .ofs_x = 1, .ofs_y = -2},
    {.bitmap_index = 24407, .adv_w = 352, .box_w = 20, .box_h = 21, .ofs_x = 1, .ofs_y = -1},
    {.bitmap_index = 24617, .adv_w = 352, .box_w = 20, .box_h = 20, .ofs_x = 1, .ofs_y = -1},
    {.bitmap_index = 24817, .adv_w = 352, .box_w = 20, .box_h = 21, .ofs_x = 1, .ofs_y = -2},
    {.bitmap_index = 25027, .adv_w = 352, .box_w = 20, .box_h = 21, .ofs_x = 1, .ofs_y = -1},
    {.bitmap_index = 25237, .adv_w = 352, .box_w = 20, .box_h = 17, .ofs_x = 1, .ofs_y = 0},
    {.bitmap_index = 25407, .adv_w = 352, .box_w = 19, .box_h = 19, .ofs_x = 1, .ofs_y = -1},
    {.bitmap_index = 25588, .adv_w = 352, .box_w = 20, .box_h = 20, .ofs_x = 1, .ofs_y = -2},
    {.bitmap_index = 25788, .adv_w = 352, .box_w = 21, .box_h = 19, .ofs_x = 0, .ofs_y = -2},
    {.bitmap_index = 25988, .adv_w = 352, .box_w = 21, .box_h = 19, .ofs_x = 0, .ofs_y = -2},
    {.bitmap_index = 26188, .adv_w = 352, .box_w = 21, .box_h = 20, .ofs_x = 0, .ofs_y = -2},
    {.bitmap_index = 26398, .adv_w = 352, .box_w = 20, .box_h = 21, .ofs_x = 1, .ofs_y = -2},
    {.bitmap_index = 26608, .adv_w = 352, .box_w = 21, .box_h = 22, .ofs_x = 1, .ofs_y = -2},
    {.bitmap_index = 26839, .adv_w = 352, .box_w = 20, .box_h = 20, .ofs_x = 1, .ofs_y = -2},
    {.bitmap_index = 27039, .adv_w = 352, .box_w = 20, .box_h = 21, .ofs_x = 1, .ofs_y = -2},
    {.bitmap_index = 27249, .adv_w = 352, .box_w = 21, .box_h = 21, .ofs_x = 0, .ofs_y = -2},
    {.bitmap_index = 27470, .adv_w = 352, .box_w = 20, .box_h = 19, .ofs_x = 1, .ofs_y = -1},
    {.bitmap_index = 27660, .adv_w = 352, .box_w = 21, .box_h = 21, .ofs_x = 1, .ofs_y = -2},
    {.bitmap_index = 27881, .adv_w = 352, .box_w = 16, .box_h = 19, .ofs_x = 3, .ofs_y = -2},
    {.bitmap_index = 28033, .adv_w = 352, .box_w = 21, .box_h = 19, .ofs_x = 1, .ofs_y = -2},
    {.bitmap_index = 28233, .adv_w = 352, .box_w = 20, .box_h = 18, .ofs_x = 1, .ofs_y = -1},
    {.bitmap_index = 28413, .adv_w = 352, .box_w = 20, .box_h = 21, .ofs_x = 1, .ofs_y = -2},
    {.bitmap_index = 28623, .adv_w = 352, .box_w = 20, .box_h = 20, .ofs_x = 1, .ofs_y = -1},
    {.bitmap_index = 28823, .adv_w = 352, .box_w = 20, .box_h = 19, .ofs_x = 1, .ofs_y = -1},
    {.bitmap_index = 29013, .adv_w = 352, .box_w = 20, .box_h = 21, .ofs_x = 1, .ofs_y = -2},
    {.bitmap_index = 29223, .adv_w = 352, .box_w = 17, .box_h = 20, .ofs_x = 2, .ofs_y = -2},
    {.bitmap_index = 29393, .adv_w = 352, .box_w = 18, .box_h = 21, .ofs_x = 1, .ofs_y = -1},
    {.bitmap_index = 29582, .adv_w = 352, .box_w = 21, .box_h = 20, .ofs_x = 0, .ofs_y = -1},
    {.bitmap_index = 29792, .adv_w = 352, .box_w = 17, .box_h = 20, .ofs_x = 2, .ofs_y = -1},
    {.bitmap_index = 29962, .adv_w = 352, .box_w = 20, .box_h = 19, .ofs_x = 1, .ofs_y = -1},
    {.bitmap_index = 30152, .adv_w = 352, .box_w = 19, .box_h = 21, .ofs_x = 2, .ofs_y = -2},
    {.bitmap_index = 30352, .adv_w = 352, .box_w = 20, .box_h = 21, .ofs_x = 1, .ofs_y = -1},
    {.bitmap_index = 30562, .adv_w = 352, .box_w = 20, .box_h = 20, .ofs_x = 1, .ofs_y = -1},
    {.bitmap_index = 30762, .adv_w = 352, .box_w = 19, .box_h = 22, .ofs_x = 2, .ofs_y = -3},
    {.bitmap_index = 30971, .adv_w = 352, .box_w = 21, .box_h = 19, .ofs_x = 0, .ofs_y = -1},
    {.bitmap_index = 31171, .adv_w = 352, .box_w = 17, .box_h = 19, .ofs_x = 2, .ofs_y = -1},
    {.bitmap_index = 31333, .adv_w = 352, .box_w = 18, .box_h = 19, .ofs_x = 2, .ofs_y = -1},
    {.bitmap_index = 31504, .adv_w = 352, .box_w = 18, .box_h = 19, .ofs_x = 2, .ofs_y = -1},
    {.bitmap_index = 31675, .adv_w = 352, .box_w = 18, .box_h = 19, .ofs_x = 2, .ofs_y = -1},
    {.bitmap_index = 31846, .adv_w = 352, .box_w = 18, .box_h = 19, .ofs_x = 2, .ofs_y = -1},
    {.bitmap_index = 32017, .adv_w = 352, .box_w = 21, .box_h = 20, .ofs_x = 0, .ofs_y = -1},
    {.bitmap_index = 32227, .adv_w = 352, .box_w = 21, .box_h = 20, .ofs_x = 1, .ofs_y = -1},
    {.bitmap_index = 32437, .adv_w = 352, .box_w = 20, .box_h = 20, .ofs_x = 1, .ofs_y = -1},
    {.bitmap_index = 32637, .adv_w = 352, .box_w = 20, .box_h = 20, .ofs_x = 1, .ofs_y = -1},
    {.bitmap_index = 32837, .adv_w = 352, .box_w = 21, .box_h = 20, .ofs_x = 1, .ofs_y = -1},
    {.bitmap_index = 33047, .adv_w = 352, .box_w = 21, .box_h = 21, .ofs_x = 1, .ofs_y = -2},
    {.bitmap_index = 33268, .adv_w = 352, .box_w = 21, .box_h = 21, .ofs_x = 0, .ofs_y = -2},
    {.bitmap_index = 33489, .adv_w = 352, .box_w = 20, .box_h = 20, .ofs_x = 1, .ofs_y = -1},
    {.bitmap_index = 33689, .adv_w = 352, .box_w = 20, .box_h = 20, .ofs_x = 1, .ofs_y = -1},
    {.bitmap_index = 33889, .adv_w = 352, .box_w = 20, .box_h = 20, .ofs_x = 0, .ofs_y = -1},
    {.bitmap_index = 34089, .adv_w = 352, .box_w = 21, .box_h = 20, .ofs_x = 0, .ofs_y = -1},
    {.bitmap_index = 34299, .adv_w = 352, .box_w = 20, .box_h = 21, .ofs_x = 1, .ofs_y = -2},
    {.bitmap_index = 34509, .adv_w = 352, .box_w = 20, .box_h = 21, .ofs_x = 1, .ofs_y = -1},
    {.bitmap_index = 34719, .adv_w = 352, .box_w = 20, .box_h = 21, .ofs_x = 1, .ofs_y = -2},
    {.bitmap_index = 34929, .adv_w = 352, .box_w = 21, .box_h = 22, .ofs_x = 0, .ofs_y = -2},
    {.bitmap_index = 35160, .adv_w = 352, .box_w = 19, .box_h = 22, .ofs_x = 1, .ofs_y = -2},
    {.bitmap_index = 35369, .adv_w = 352, .box_w = 21, .box_h = 21, .ofs_x = 1, .ofs_y = -2},
    {.bitmap_index = 35590, .adv_w = 352, .box_w = 21, .box_h = 21, .ofs_x = 1, .ofs_y = -2},
    {.bitmap_index = 35811, .adv_w = 352, .box_w = 20, .box_h = 21, .ofs_x = 1, .ofs_y = -2},
    {.bitmap_index = 36021, .adv_w = 352, .box_w = 20, .box_h = 21, .ofs_x = 1, .ofs_y = -2},
    {.bitmap_index = 36231, .adv_w = 352, .box_w = 20, .box_h = 21, .ofs_x = 1, .ofs_y = -2},
    {.bitmap_index = 36441, .adv_w = 352, .box_w = 21, .box_h = 21, .ofs_x = 0, .ofs_y = -2},
    {.bitmap_index = 36662, .adv_w = 352, .box_w = 21, .box_h = 21, .ofs_x = 1, .ofs_y = -2},
    {.bitmap_index = 36883, .adv_w = 352, .box_w = 20, .box_h = 18, .ofs_x = 1, .ofs_y = -1},
    {.bitmap_index = 37063, .adv_w = 352, .box_w = 20, .box_h = 20, .ofs_x = 1, .ofs_y = -1},
    {.bitmap_index = 37263, .adv_w = 352, .box_w = 21, .box_h = 20, .ofs_x = 1, .ofs_y = -1},
    {.bitmap_index = 37473, .adv_w = 352, .box_w = 18, .box_h = 20, .ofs_x = 2, .ofs_y = -1},
    {.bitmap_index = 37653, .adv_w = 352, .box_w = 20, .box_h = 21, .ofs_x = 1, .ofs_y = -2},
    {.bitmap_index = 37863, .adv_w = 352, .box_w = 20, .box_h = 22, .ofs_x = 1, .ofs_y = -2},
    {.bitmap_index = 38083, .adv_w = 352, .box_w = 20, .box_h = 21, .ofs_x = 1, .ofs_y = -2},
    {.bitmap_index = 38293, .adv_w = 352, .box_w = 20, .box_h = 21, .ofs_x = 1, .ofs_y = -2},
    {.bitmap_index = 38503, .adv_w = 352, .box_w = 21, .box_h = 20, .ofs_x = 1, .ofs_y = -1},
    {.bitmap_index = 38713, .adv_w = 352, .box_w = 21, .box_h = 21, .ofs_x = 1, .ofs_y = -1},
    {.bitmap_index = 38934, .adv_w = 352, .box_w = 19, .box_h = 20, .ofs_x = 2, .ofs_y = -1},
    {.bitmap_index = 39124, .adv_w = 352, .box_w = 21, .box_h = 20, .ofs_x = 1, .ofs_y = -1},
    {.bitmap_index = 39334, .adv_w = 352, .box_w = 20, .box_h = 19, .ofs_x = 1, .ofs_y = -1},
    {.bitmap_index = 39524, .adv_w = 352, .box_w = 20, .box_h = 21, .ofs_x = 1, .ofs_y = -1},
    {.bitmap_index = 39734, .adv_w = 352, .box_w = 21, .box_h = 20, .ofs_x = 0, .ofs_y = -1},
    {.bitmap_index = 39944, .adv_w = 352, .box_w = 21, .box_h = 21, .ofs_x = 1, .ofs_y = -2},
    {.bitmap_index = 40165, .adv_w = 352, .box_w = 20, .box_h = 20, .ofs_x = 1, .ofs_y = -2},
    {.bitmap_index = 40365, .adv_w = 352, .box_w = 20, .box_h = 20, .ofs_x = 1, .ofs_y = -2},
    {.bitmap_index = 40565, .adv_w = 352, .box_w = 20, .box_h = 20, .ofs_x = 1, .ofs_y = -2},
    {.bitmap_index = 40765, .adv_w = 352, .box_w = 20, .box_h = 20, .ofs_x = 1, .ofs_y = -1},
    {.bitmap_index = 40965, .adv_w = 352, .box_w = 19, .box_h = 17, .ofs_x = 2, .ofs_y = 0},
    {.bitmap_index = 41127, .adv_w = 352, .box_w = 20, .box_h = 19, .ofs_x = 1, .ofs_y = 0},
    {.bitmap_index = 41317, .adv_w = 352, .box_w = 20, .box_h = 21, .ofs_x = 1, .ofs_y = -1},
    {.bitmap_index = 41527, .adv_w = 352, .box_w = 18, .box_h = 18, .ofs_x = 2, .ofs_y = -1},
    {.bitmap_index = 41689, .adv_w = 352, .box_w = 18, .box_h = 18, .ofs_x = 2, .ofs_y = -1},
    {.bitmap_index = 41851, .adv_w = 352, .box_w = 20, .box_h = 20, .ofs_x = 1, .ofs_y = -1},
    {.bitmap_index = 42051, .adv_w = 352, .box_w = 18, .box_h = 20, .ofs_x = 2, .ofs_y = -1},
    {.bitmap_index = 42231, .adv_w = 352, .box_w = 20, .box_h = 22, .ofs_x = 1, .ofs_y = -2},
    {.bitmap_index = 42451, .adv_w = 352, .box_w = 20, .box_h = 19, .ofs_x = 1, .ofs_y = -1},
    {.bitmap_index = 42641, .adv_w = 352, .box_w = 20, .box_h = 21, .ofs_x = 1, .ofs_y = -2},
    {.bitmap_index = 42851, .adv_w = 352, .box_w = 20, .box_h = 22, .ofs_x = 1, .ofs_y = -2},
    {.bitmap_index = 43071, .adv_w = 352, .box_w = 20, .box_h = 21, .ofs_x = 1, .ofs_y = -2},
    {.bitmap_index = 43281, .adv_w = 352, .box_w = 20, .box_h = 21, .ofs_x = 1, .ofs_y = -2},
    {.bitmap_index = 43491, .adv_w = 352, .box_w = 20, .box_h = 22, .ofs_x = 1, .ofs_y = -2},
    {.bitmap_index = 43711, .adv_w = 352, .box_w = 20, .box_h = 21, .ofs_x = 1, .ofs_y = -2},
    {.bitmap_index = 43921, .adv_w = 352, .box_w = 21, .box_h = 20, .ofs_x = 1, .ofs_y = -2},
    {.bitmap_index = 44131, .adv_w = 352, .box_w = 21, .box_h = 21, .ofs_x = 0, .ofs_y = -2},
    {.bitmap_index = 44352, .adv_w = 352, .box_w = 20, .box_h = 19, .ofs_x = 1, .ofs_y = -2},
    {.bitmap_index = 44542, .adv_w = 352, .box_w = 21, .box_h = 20, .ofs_x = 0, .ofs_y = -1},
    {.bitmap_index = 44752, .adv_w = 352, .box_w = 17, .box_h = 20, .ofs_x = 2, .ofs_y = -1},
    {.bitmap_index = 44922, .adv_w = 352, .box_w = 20, .box_h = 21, .ofs_x = 1, .ofs_y = -1},
    {.bitmap_index = 45132, .adv_w = 352, .box_w = 20, .box_h = 20, .ofs_x = 1, .ofs_y = -2},
    {.bitmap_index = 45332, .adv_w = 352, .box_w = 17, .box_h = 21, .ofs_x = 2, .ofs_y = -2},
    {.bitmap_index = 45511, .adv_w = 352, .box_w = 19, .box_h = 20, .ofs_x = 1, .ofs_y = -1},
    {.bitmap_index = 45701, .adv_w = 352, .box_w = 21, .box_h = 19, .ofs_x = 1, .ofs_y = -1},
    {.bitmap_index = 45901, .adv_w = 352, .box_w = 20, .box_h = 21, .ofs_x = 1, .ofs_y = -2},
    {.bitmap_index = 46111, .adv_w = 352, .box_w = 20, .box_h = 21, .ofs_x = 1, .ofs_y = -1},
    {.bitmap_index = 46321, .adv_w = 352, .box_w = 21, .box_h = 20, .ofs_x = 1, .ofs_y = -1},
    {.bitmap_index = 46531, .adv_w = 352, .box_w = 20, .box_h = 22, .ofs_x = 1, .ofs_y = -2},
    {.bitmap_index = 46751, .adv_w = 352, .box_w = 20, .box_h = 20, .ofs_x = 1, .ofs_y = -1},
    {.bitmap_index = 46951, .adv_w = 352, .box_w = 21, .box_h = 20, .ofs_x = 0, .ofs_y = -1},
    {.bitmap_index = 47161, .adv_w = 352, .box_w = 21, .box_h = 22, .ofs_x = 0, .ofs_y = -2},
    {.bitmap_index = 47392, .adv_w = 352, .box_w = 20, .box_h = 20, .ofs_x = 1, .ofs_y = -1},
    {.bitmap_index = 47592, .adv_w = 352, .box_w = 20, .box_h = 19, .ofs_x = 1, .ofs_y = -1},
    {.bitmap_index = 47782, .adv_w = 352, .box_w = 20, .box_h = 20, .ofs_x = 1, .ofs_y = -1},
    {.bitmap_index = 47982, .adv_w = 352, .box_w = 21, .box_h = 21, .ofs_x = 0, .ofs_y = -1},
    {.bitmap_index = 48203, .adv_w = 352, .box_w = 21, .box_h = 22, .ofs_x = 1, .ofs_y = -2},
    {.bitmap_index = 48434, .adv_w = 352, .box_w = 21, .box_h = 20, .ofs_x = 1, .ofs_y = -1},
    {.bitmap_index = 48644, .adv_w = 352, .box_w = 21, .box_h = 20, .ofs_x = 0, .ofs_y = -1},
    {.bitmap_index = 48854, .adv_w = 352, .box_w = 20, .box_h = 21, .ofs_x = 1, .ofs_y = -2},
    {.bitmap_index = 49064, .adv_w = 352, .box_w = 21, .box_h = 20, .ofs_x = 1, .ofs_y = -1},
    {.bitmap_index = 49274, .adv_w = 352, .box_w = 20, .box_h = 20, .ofs_x = 1, .ofs_y = -1},
    {.bitmap_index = 49474, .adv_w = 352, .box_w = 20, .box_h = 20, .ofs_x = 1, .ofs_y = -1},
    {.bitmap_index = 49674, .adv_w = 352, .box_w = 19, .box_h = 21, .ofs_x = 1, .ofs_y = -2},
    {.bitmap_index = 49874, .adv_w = 352, .box_w = 20, .box_h = 21, .ofs_x = 1, .ofs_y = -1},
    {.bitmap_index = 50084, .adv_w = 352, .box_w = 21, .box_h = 21, .ofs_x = 1, .ofs_y = -2},
    {.bitmap_index = 50305, .adv_w = 352, .box_w = 20, .box_h = 21, .ofs_x = 1, .ofs_y = -2},
    {.bitmap_index = 50515, .adv_w = 352, .box_w = 19, .box_h = 21, .ofs_x = 1, .ofs_y = -2},
    {.bitmap_index = 50715, .adv_w = 352, .box_w = 19, .box_h = 20, .ofs_x = 1, .ofs_y = -1},
    {.bitmap_index = 50905, .adv_w = 352, .box_w = 21, .box_h = 21, .ofs_x = 1, .ofs_y = -2},
    {.bitmap_index = 51126, .adv_w = 352, .box_w = 21, .box_h = 21, .ofs_x = 1, .ofs_y = -2},
    {.bitmap_index = 51347, .adv_w = 352, .box_w = 21, .box_h = 20, .ofs_x = 1, .ofs_y = -1},
    {.bitmap_index = 51557, .adv_w = 352, .box_w = 21, .box_h = 20, .ofs_x = 0, .ofs_y = -1},
    {.bitmap_index = 51767, .adv_w = 352, .box_w = 21, .box_h = 21, .ofs_x = 0, .ofs_y = -2},
    {.bitmap_index = 51988, .adv_w = 352, .box_w = 20, .box_h = 20, .ofs_x = 1, .ofs_y = -1},
    {.bitmap_index = 52188, .adv_w = 352, .box_w = 20, .box_h = 21, .ofs_x = 1, .ofs_y = -2},
    {.bitmap_index = 52398, .adv_w = 352, .box_w = 21, .box_h = 22, .ofs_x = 0, .ofs_y = -2},
    {.bitmap_index = 52629, .adv_w = 352, .box_w = 20, .box_h = 21, .ofs_x = 1, .ofs_y = -2},
    {.bitmap_index = 52839, .adv_w = 352, .box_w = 20, .box_h = 20, .ofs_x = 1, .ofs_y = -1},
    {.bitmap_index = 53039, .adv_w = 352, .box_w = 21, .box_h = 20, .ofs_x = 1, .ofs_y = -1},
    {.bitmap_index = 53249, .adv_w = 352, .box_w = 21, .box_h = 21, .ofs_x = 1, .ofs_y = -2},
    {.bitmap_index = 53470, .adv_w = 352, .box_w = 20, .box_h = 20, .ofs_x = 1, .ofs_y = -1},
    {.bitmap_index = 53670, .adv_w = 352, .box_w = 21, .box_h = 20, .ofs_x = 0, .ofs_y = -1},
    {.bitmap_index = 53880, .adv_w = 352, .box_w = 20, .box_h = 20, .ofs_x = 1, .ofs_y = -1},
    {.bitmap_index = 54080, .adv_w = 352, .box_w = 21, .box_h = 21, .ofs_x = 1, .ofs_y = -2},
    {.bitmap_index = 54301, .adv_w = 352, .box_w = 21, .box_h = 21, .ofs_x = 0, .ofs_y = -2},
    {.bitmap_index = 54522, .adv_w = 352, .box_w = 21, .box_h = 20, .ofs_x = 0, .ofs_y = -1},
    {.bitmap_index = 54732, .adv_w = 352, .box_w = 21, .box_h = 21, .ofs_x = 0, .ofs_y = -2},
    {.bitmap_index = 54953, .adv_w = 352, .box_w = 20, .box_h = 22, .ofs_x = 1, .ofs_y = -2},
    {.bitmap_index = 55173, .adv_w = 352, .box_w = 20, .box_h = 21, .ofs_x = 1, .ofs_y = -2},
    {.bitmap_index = 55383, .adv_w = 352, .box_w = 20, .box_h = 21, .ofs_x = 1, .ofs_y = -2},
    {.bitmap_index = 55593, .adv_w = 352, .box_w = 21, .box_h = 21, .ofs_x = 0, .ofs_y = -2},
    {.bitmap_index = 55814, .adv_w = 352, .box_w = 20, .box_h = 21, .ofs_x = 1, .ofs_y = -2},
    {.bitmap_index = 56024, .adv_w = 352, .box_w = 21, .box_h = 21, .ofs_x = 0, .ofs_y = -2},
    {.bitmap_index = 56245, .adv_w = 352, .box_w = 20, .box_h = 21, .ofs_x = 1, .ofs_y = -1},
    {.bitmap_index = 56455, .adv_w = 352, .box_w = 21, .box_h = 21, .ofs_x = 0, .ofs_y = -1},
    {.bitmap_index = 56676, .adv_w = 352, .box_w = 20, .box_h = 21, .ofs_x = 2, .ofs_y = -2},
    {.bitmap_index = 56886, .adv_w = 352, .box_w = 21, .box_h = 21, .ofs_x = 0, .ofs_y = -2},
    {.bitmap_index = 57107, .adv_w = 352, .box_w = 20, .box_h = 22, .ofs_x = 1, .ofs_y = -2},
    {.bitmap_index = 57327, .adv_w = 352, .box_w = 20, .box_h = 21, .ofs_x = 1, .ofs_y = -2},
    {.bitmap_index = 57537, .adv_w = 352, .box_w = 20, .box_h = 19, .ofs_x = 1, .ofs_y = -2},
    {.bitmap_index = 57727, .adv_w = 352, .box_w = 15, .box_h = 19, .ofs_x = 4, .ofs_y = -2},
    {.bitmap_index = 57870, .adv_w = 352, .box_w = 19, .box_h = 20, .ofs_x = 2, .ofs_y = -1},
    {.bitmap_index = 58060, .adv_w = 352, .box_w = 18, .box_h = 20, .ofs_x = 2, .ofs_y = -2},
    {.bitmap_index = 58240, .adv_w = 352, .box_w = 20, .box_h = 19, .ofs_x = 1, .ofs_y = -1},
    {.bitmap_index = 58430, .adv_w = 352, .box_w = 21, .box_h = 20, .ofs_x = 0, .ofs_y = -2},
    {.bitmap_index = 58640, .adv_w = 352, .box_w = 20, .box_h = 19, .ofs_x = 1, .ofs_y = -1},
    {.bitmap_index = 58830, .adv_w = 352, .box_w = 20, .box_h = 21, .ofs_x = 1, .ofs_y = -1},
    {.bitmap_index = 59040, .adv_w = 352, .box_w = 20, .box_h = 20, .ofs_x = 1, .ofs_y = -1},
    {.bitmap_index = 59240, .adv_w = 352, .box_w = 19, .box_h = 20, .ofs_x = 2, .ofs_y = -1},
    {.bitmap_index = 59430, .adv_w = 352, .box_w = 20, .box_h = 20, .ofs_x = 1, .ofs_y = -2},
    {.bitmap_index = 59630, .adv_w = 352, .box_w = 21, .box_h = 20, .ofs_x = 1, .ofs_y = -2},
    {.bitmap_index = 59840, .adv_w = 352, .box_w = 20, .box_h = 21, .ofs_x = 1, .ofs_y = -2},
    {.bitmap_index = 60050, .adv_w = 352, .box_w = 19, .box_h = 21, .ofs_x = 1, .ofs_y = -2},
    {.bitmap_index = 60250, .adv_w = 352, .box_w = 21, .box_h = 21, .ofs_x = 1, .ofs_y = -1},
    {.bitmap_index = 60471, .adv_w = 352, .box_w = 20, .box_h = 20, .ofs_x = 1, .ofs_y = -1},
    {.bitmap_index = 60671, .adv_w = 352, .box_w = 20, .box_h = 21, .ofs_x = 1, .ofs_y = -1},
    {.bitmap_index = 60881, .adv_w = 352, .box_w = 20, .box_h = 22, .ofs_x = 1, .ofs_y = -2},
    {.bitmap_index = 61101, .adv_w = 352, .box_w = 21, .box_h = 21, .ofs_x = 1, .ofs_y = -1},
    {.bitmap_index = 61322, .adv_w = 352, .box_w = 20, .box_h = 20, .ofs_x = 1, .ofs_y = -1},
    {.bitmap_index = 61522, .adv_w = 352, .box_w = 21, .box_h = 21, .ofs_x = 0, .ofs_y = -1},
    {.bitmap_index = 61743, .adv_w = 352, .box_w = 20, .box_h = 22, .ofs_x = 1, .ofs_y = -2},
    {.bitmap_index = 61963, .adv_w = 352, .box_w = 21, .box_h = 22, .ofs_x = 0, .ofs_y = -2},
    {.bitmap_index = 62194, .adv_w = 352, .box_w = 20, .box_h = 20, .ofs_x = 1, .ofs_y = -1},
    {.bitmap_index = 62394, .adv_w = 352, .box_w = 21, .box_h = 20, .ofs_x = 1, .ofs_y = -1},
    {.bitmap_index = 62604, .adv_w = 352, .box_w = 20, .box_h = 21, .ofs_x = 1, .ofs_y = -1},
    {.bitmap_index = 62814, .adv_w = 352, .box_w = 21, .box_h = 21, .ofs_x = 0, .ofs_y = -1},
    {.bitmap_index = 63035, .adv_w = 352, .box_w = 20, .box_h = 21, .ofs_x = 1, .ofs_y = -1},
    {.bitmap_index = 63245, .adv_w = 352, .box_w = 21, .box_h = 22, .ofs_x = 0, .ofs_y = -2},
    {.bitmap_index = 63476, .adv_w = 352, .box_w = 20, .box_h = 21, .ofs_x = 1, .ofs_y = -1},
    {.bitmap_index = 63686, .adv_w = 352, .box_w = 20, .box_h = 21, .ofs_x = 1, .ofs_y = -1},
    {.bitmap_index = 63896, .adv_w = 352, .box_w = 21, .box_h = 21, .ofs_x = 0, .ofs_y = -2},
    {.bitmap_index = 64117, .adv_w = 352, .box_w = 21, .box_h = 22, .ofs_x = 1, .ofs_y = -2},
    {.bitmap_index = 64348, .adv_w = 352, .box_w = 21, .box_h = 22, .ofs_x = 1, .ofs_y = -2},
    {.bitmap_index = 64579, .adv_w = 352, .box_w = 20, .box_h = 21, .ofs_x = 1, .ofs_y = -2},
    {.bitmap_index = 64789, .adv_w = 352, .box_w = 20, .box_h = 22, .ofs_x = 1, .ofs_y = -2},
    {.bitmap_index = 65009, .adv_w = 352, .box_w = 19, .box_h = 20, .ofs_x = 1, .ofs_y = 0},
    {.bitmap_index = 65199, .adv_w = 352, .box_w = 20, .box_h = 17, .ofs_x = 1, .ofs_y = 0},
    {.bitmap_index = 65369, .adv_w = 352, .box_w = 20, .box_h = 20, .ofs_x = 1, .ofs_y = -1},
    {.bitmap_index = 65569, .adv_w = 352, .box_w = 20, .box_h = 21, .ofs_x = 1, .ofs_y = -2},
    {.bitmap_index = 65779, .adv_w = 352, .box_w = 21, .box_h = 20, .ofs_x = 1, .ofs_y = -1},
    {.bitmap_index = 65989, .adv_w = 352, .box_w = 20, .box_h = 20, .ofs_x = 1, .ofs_y = -1},
    {.bitmap_index = 66189, .adv_w = 352, .box_w = 19, .box_h = 21, .ofs_x = 2, .ofs_y = -2},
    {.bitmap_index = 66389, .adv_w = 352, .box_w = 20, .box_h = 21, .ofs_x = 1, .ofs_y = -1},
    {.bitmap_index = 66599, .adv_w = 352, .box_w = 20, .box_h = 20, .ofs_x = 1, .ofs_y = -1},
    {.bitmap_index = 66799, .adv_w = 352, .box_w = 21, .box_h = 20, .ofs_x = 1, .ofs_y = -1},
    {.bitmap_index = 67009, .adv_w = 352, .box_w = 21, .box_h = 20, .ofs_x = 0, .ofs_y = -1},
    {.bitmap_index = 67219, .adv_w = 352, .box_w = 20, .box_h = 21, .ofs_x = 1, .ofs_y = -2},
    {.bitmap_index = 67429, .adv_w = 352, .box_w = 20, .box_h = 21, .ofs_x = 1, .ofs_y = -2},
    {.bitmap_index = 67639, .adv_w = 352, .box_w = 20, .box_h = 20, .ofs_x = 1, .ofs_y = -1},
    {.bitmap_index = 67839, .adv_w = 352, .box_w = 20, .box_h = 21, .ofs_x = 1, .ofs_y = -2},
    {.bitmap_index = 68049, .adv_w = 352, .box_w = 21, .box_h = 21, .ofs_x = 1, .ofs_y = -2},
    {.bitmap_index = 68270, .adv_w = 352, .box_w = 21, .box_h = 21, .ofs_x = 0, .ofs_y = -2},
    {.bitmap_index = 68491, .adv_w = 352, .box_w = 19, .box_h = 21, .ofs_x = 1, .ofs_y = -2},
    {.bitmap_index = 68691, .adv_w = 352, .box_w = 20, .box_h = 22, .ofs_x = 1, .ofs_y = -2},
    {.bitmap_index = 68911, .adv_w = 352, .box_w = 20, .box_h = 21, .ofs_x = 1, .ofs_y = -2},
    {.bitmap_index = 69121, .adv_w = 352, .box_w = 21, .box_h = 20, .ofs_x = 0, .ofs_y = -1},
    {.bitmap_index = 69331, .adv_w = 352, .box_w = 20, .box_h = 21, .ofs_x = 1, .ofs_y = -2},
    {.bitmap_index = 69541, .adv_w = 352, .box_w = 21, .box_h = 21, .ofs_x = 1, .ofs_y = -2},
    {.bitmap_index = 69762, .adv_w = 352, .box_w = 20, .box_h = 21, .ofs_x = 1, .ofs_y = -2},
    {.bitmap_index = 69972, .adv_w = 352, .box_w = 20, .box_h = 21, .ofs_x = 1, .ofs_y = -2},
    {.bitmap_index = 70182, .adv_w = 352, .box_w = 21, .box_h = 21, .ofs_x = 1, .ofs_y = -2},
    {.bitmap_index = 70403, .adv_w = 352, .box_w = 21, .box_h = 21, .ofs_x = 1, .ofs_y = -2},
    {.bitmap_index = 70624, .adv_w = 352, .box_w = 20, .box_h = 20, .ofs_x = 1, .ofs_y = -2},
    {.bitmap_index = 70824, .adv_w = 352, .box_w = 20, .box_h = 21, .ofs_x = 1, .ofs_y = -2},
    {.bitmap_index = 71034, .adv_w = 352, .box_w = 20, .box_h = 21, .ofs_x = 1, .ofs_y = -2},
    {.bitmap_index = 71244, .adv_w = 352, .box_w = 21, .box_h = 21, .ofs_x = 0, .ofs_y = -2},
    {.bitmap_index = 71465, .adv_w = 352, .box_w = 20, .box_h = 18, .ofs_x = 1, .ofs_y = -1},
    {.bitmap_index = 71645, .adv_w = 352, .box_w = 20, .box_h = 20, .ofs_x = 1, .ofs_y = -1},
    {.bitmap_index = 71845, .adv_w = 352, .box_w = 20, .box_h = 22, .ofs_x = 1, .ofs_y = -2},
    {.bitmap_index = 72065, .adv_w = 352, .box_w = 21, .box_h = 21, .ofs_x = 0, .ofs_y = -2},
    {.bitmap_index = 72286, .adv_w = 352, .box_w = 20, .box_h = 21, .ofs_x = 1, .ofs_y = -1},
    {.bitmap_index = 72496, .adv_w = 352, .box_w = 21, .box_h = 18, .ofs_x = 1, .ofs_y = -1},
    {.bitmap_index = 72685, .adv_w = 352, .box_w = 21, .box_h = 20, .ofs_x = 0, .ofs_y = -2},
    {.bitmap_index = 72895, .adv_w = 352, .box_w = 20, .box_h = 20, .ofs_x = 1, .ofs_y = -1},
    {.bitmap_index = 73095, .adv_w = 352, .box_w = 18, .box_h = 19, .ofs_x = 1, .ofs_y = -2},
    {.bitmap_index = 73266, .adv_w = 352, .box_w = 17, .box_h = 20, .ofs_x = 3, .ofs_y = -1},
    {.bitmap_index = 73436, .adv_w = 352, .box_w = 19, .box_h = 20, .ofs_x = 3, .ofs_y = -1},
    {.bitmap_index = 73626, .adv_w = 352, .box_w = 20, .box_h = 19, .ofs_x = 1, .ofs_y = -1},
    {.bitmap_index = 73816, .adv_w = 352, .box_w = 20, .box_h = 20, .ofs_x = 1, .ofs_y = -2},
    {.bitmap_index = 74016, .adv_w = 352, .box_w = 19, .box_h = 20, .ofs_x = 2, .ofs_y = -1},
    {.bitmap_index = 74206, .adv_w = 352, .box_w = 16, .box_h = 21, .ofs_x = 3, .ofs_y = -2},
    {.bitmap_index = 74374, .adv_w = 352, .box_w = 19, .box_h = 20, .ofs_x = 2, .ofs_y = -1},
    {.bitmap_index = 74564, .adv_w = 352, .box_w = 20, .box_h = 20, .ofs_x = 1, .ofs_y = -1},
    {.bitmap_index = 74764, .adv_w = 352, .box_w = 20, .box_h = 20, .ofs_x = 1, .ofs_y = -1},
    {.bitmap_index = 74964, .adv_w = 352, .box_w = 15, .box_h = 20, .ofs_x = 4, .ofs_y = -2},
    {.bitmap_index = 75114, .adv_w = 352, .box_w = 20, .box_h = 20, .ofs_x = 1, .ofs_y = -1},
    {.bitmap_index = 75314, .adv_w = 352, .box_w = 19, .box_h = 21, .ofs_x = 1, .ofs_y = -1},
    {.bitmap_index = 75514, .adv_w = 352, .box_w = 21, .box_h = 21, .ofs_x = 0, .ofs_y = -2},
    {.bitmap_index = 75735, .adv_w = 352, .box_w = 19, .box_h = 20, .ofs_x = 2, .ofs_y = -2},
    {.bitmap_index = 75925, .adv_w = 352, .box_w = 19, .box_h = 21, .ofs_x = 0, .ofs_y = -2},
    {.bitmap_index = 76125, .adv_w = 352, .box_w = 21, .box_h = 21, .ofs_x = 1, .ofs_y = -2},
    {.bitmap_index = 76346, .adv_w = 352, .box_w = 21, .box_h = 19, .ofs_x = 0, .ofs_y = -1},
    {.bitmap_index = 76546, .adv_w = 352, .box_w = 21, .box_h = 20, .ofs_x = 1, .ofs_y = -2},
    {.bitmap_index = 76756, .adv_w = 352, .box_w = 19, .box_h = 21, .ofs_x = 1, .ofs_y = -2},
    {.bitmap_index = 76956, .adv_w = 352, .box_w = 20, .box_h = 21, .ofs_x = 1, .ofs_y = -2},
    {.bitmap_index = 77166, .adv_w = 352, .box_w = 21, .box_h = 18, .ofs_x = 1, .ofs_y = -1},
    {.bitmap_index = 77355, .adv_w = 352, .box_w = 19, .box_h = 21, .ofs_x = 2, .ofs_y = -2},
    {.bitmap_index = 77555, .adv_w = 352, .box_w = 20, .box_h = 21, .ofs_x = 0, .ofs_y = -1},
    {.bitmap_index = 77765, .adv_w = 352, .box_w = 21, .box_h = 21, .ofs_x = 0, .ofs_y = -2},
    {.bitmap_index = 77986, .adv_w = 352, .box_w = 21, .box_h = 21, .ofs_x = 0, .ofs_y = -2},
    {.bitmap_index = 78207, .adv_w = 352, .box_w = 21, .box_h = 21, .ofs_x = 0, .ofs_y = -2},
    {.bitmap_index = 78428, .adv_w = 352, .box_w = 21, .box_h = 20, .ofs_x = 0, .ofs_y = -1},
    {.bitmap_index = 78638, .adv_w = 352, .box_w = 21, .box_h = 21, .ofs_x = 0, .ofs_y = -2},
    {.bitmap_index = 78859, .adv_w = 352, .box_w = 20, .box_h = 20, .ofs_x = 1, .ofs_y = -1},
    {.bitmap_index = 79059, .adv_w = 352, .box_w = 20, .box_h = 20, .ofs_x = 1, .ofs_y = -1},
    {.bitmap_index = 79259, .adv_w = 352, .box_w = 20, .box_h = 21, .ofs_x = 1, .ofs_y = -1},
    {.bitmap_index = 79469, .adv_w = 352, .box_w = 21, .box_h = 20, .ofs_x = 1, .ofs_y = -1},
    {.bitmap_index = 79679, .adv_w = 352, .box_w = 20, .box_h = 21, .ofs_x = 1, .ofs_y = -1},
    {.bitmap_index = 79889, .adv_w = 352, .box_w = 20, .box_h = 21, .ofs_x = 1, .ofs_y = -1},
    {.bitmap_index = 80099, .adv_w = 352, .box_w = 20, .box_h = 21, .ofs_x = 1, .ofs_y = -1},
    {.bitmap_index = 80309, .adv_w = 352, .box_w = 20, .box_h = 21, .ofs_x = 1, .ofs_y = -2},
    {.bitmap_index = 80519, .adv_w = 352, .box_w = 20, .box_h = 21, .ofs_x = 1, .ofs_y = -1},
    {.bitmap_index = 80729, .adv_w = 352, .box_w = 21, .box_h = 21, .ofs_x = 0, .ofs_y = -1},
    {.bitmap_index = 80950, .adv_w = 352, .box_w = 20, .box_h = 21, .ofs_x = 1, .ofs_y = -2},
    {.bitmap_index = 81160, .adv_w = 352, .box_w = 21, .box_h = 20, .ofs_x = 0, .ofs_y = -1},
    {.bitmap_index = 81370, .adv_w = 352, .box_w = 21, .box_h = 19, .ofs_x = 0, .ofs_y = -1},
    {.bitmap_index = 81570, .adv_w = 352, .box_w = 21, .box_h = 20, .ofs_x = 0, .ofs_y = -1},
    {.bitmap_index = 81780, .adv_w = 352, .box_w = 20, .box_h = 20, .ofs_x = 1, .ofs_y = -1},
    {.bitmap_index = 81980, .adv_w = 352, .box_w = 20, .box_h = 19, .ofs_x = 1, .ofs_y = -1},
    {.bitmap_index = 82170, .adv_w = 352, .box_w = 20, .box_h = 20, .ofs_x = 1, .ofs_y = 0},
    {.bitmap_index = 82370, .adv_w = 352, .box_w = 20, .box_h = 20, .ofs_x = 0, .ofs_y = -1},
    {.bitmap_index = 82570, .adv_w = 352, .box_w = 20, .box_h = 21, .ofs_x = 1, .ofs_y = -1},
    {.bitmap_index = 82780, .adv_w = 352, .box_w = 20, .box_h = 21, .ofs_x = 1, .ofs_y = -1},
    {.bitmap_index = 82990, .adv_w = 352, .box_w = 20, .box_h = 22, .ofs_x = 1, .ofs_y = -2},
    {.bitmap_index = 83210, .adv_w = 352, .box_w = 20, .box_h = 20, .ofs_x = 1, .ofs_y = -1},
    {.bitmap_index = 83410, .adv_w = 352, .box_w = 20, .box_h = 20, .ofs_x = 1, .ofs_y = -1},
    {.bitmap_index = 83610, .adv_w = 352, .box_w = 20, .box_h = 22, .ofs_x = 1, .ofs_y = -2},
    {.bitmap_index = 83830, .adv_w = 352, .box_w = 20, .box_h = 21, .ofs_x = 1, .ofs_y = -2},
    {.bitmap_index = 84040, .adv_w = 352, .box_w = 21, .box_h = 21, .ofs_x = 0, .ofs_y = -1},
    {.bitmap_index = 84261, .adv_w = 352, .box_w = 20, .box_h = 20, .ofs_x = 1, .ofs_y = -1},
    {.bitmap_index = 84461, .adv_w = 352, .box_w = 20, .box_h = 21, .ofs_x = 1, .ofs_y = -2},
    {.bitmap_index = 84671, .adv_w = 352, .box_w = 20, .box_h = 20, .ofs_x = 1, .ofs_y = -1},
    {.bitmap_index = 84871, .adv_w = 352, .box_w = 21, .box_h = 20, .ofs_x = 1, .ofs_y = -1},
    {.bitmap_index = 85081, .adv_w = 352, .box_w = 17, .box_h = 20, .ofs_x = 2, .ofs_y = -2},
    {.bitmap_index = 85251, .adv_w = 352, .box_w = 19, .box_h = 20, .ofs_x = 1, .ofs_y = -2},
    {.bitmap_index = 85441, .adv_w = 352, .box_w = 20, .box_h = 19, .ofs_x = 1, .ofs_y = -1},
    {.bitmap_index = 85631, .adv_w = 352, .box_w = 20, .box_h = 20, .ofs_x = 1, .ofs_y = -1},
    {.bitmap_index = 85831, .adv_w = 352, .box_w = 20, .box_h = 20, .ofs_x = 1, .ofs_y = -1},
    {.bitmap_index = 86031, .adv_w = 352, .box_w = 20, .box_h = 20, .ofs_x = 1, .ofs_y = -1},
    {.bitmap_index = 86231, .adv_w = 352, .box_w = 19, .box_h = 21, .ofs_x = 2, .ofs_y = -2},
    {.bitmap_index = 86431, .adv_w = 352, .box_w = 20, .box_h = 21, .ofs_x = 1, .ofs_y = -2},
    {.bitmap_index = 86641, .adv_w = 352, .box_w = 15, .box_h = 21, .ofs_x = 3, .ofs_y = -2},
    {.bitmap_index = 86799, .adv_w = 352, .box_w = 21, .box_h = 22, .ofs_x = 0, .ofs_y = -2},
    {.bitmap_index = 87030, .adv_w = 352, .box_w = 20, .box_h = 20, .ofs_x = 1, .ofs_y = -1},
    {.bitmap_index = 87230, .adv_w = 352, .box_w = 21, .box_h = 21, .ofs_x = 0, .ofs_y = -2},
    {.bitmap_index = 87451, .adv_w = 352, .box_w = 20, .box_h = 20, .ofs_x = 1, .ofs_y = -1},
    {.bitmap_index = 87651, .adv_w = 352, .box_w = 21, .box_h = 20, .ofs_x = 1, .ofs_y = -1},
    {.bitmap_index = 87861, .adv_w = 352, .box_w = 21, .box_h = 20, .ofs_x = 1, .ofs_y = -1},
    {.bitmap_index = 88071, .adv_w = 352, .box_w = 21, .box_h = 20, .ofs_x = 0, .ofs_y = -1},
    {.bitmap_index = 88281, .adv_w = 352, .box_w = 21, .box_h = 20, .ofs_x = 1, .ofs_y = -1},
    {.bitmap_index = 88491, .adv_w = 352, .box_w = 21, .box_h = 20, .ofs_x = 1, .ofs_y = -1},
    {.bitmap_index = 88701, .adv_w = 352, .box_w = 20, .box_h = 20, .ofs_x = 1, .ofs_y = -1},
    {.bitmap_index = 88901, .adv_w = 352, .box_w = 21, .box_h = 20, .ofs_x = 0, .ofs_y = -1},
    {.bitmap_index = 89111, .adv_w = 352, .box_w = 21, .box_h = 21, .ofs_x = 0, .ofs_y = -2},
    {.bitmap_index = 89332, .adv_w = 352, .box_w = 20, .box_h = 21, .ofs_x = 1, .ofs_y = -2},
    {.bitmap_index = 89542, .adv_w = 352, .box_w = 19, .box_h = 19, .ofs_x = 2, .ofs_y = -1},
    {.bitmap_index = 89723, .adv_w = 352, .box_w = 20, .box_h = 19, .ofs_x = 1, .ofs_y = -1},
    {.bitmap_index = 89913, .adv_w = 352, .box_w = 20, .box_h = 20, .ofs_x = 1, .ofs_y = -2},
    {.bitmap_index = 90113, .adv_w = 352, .box_w = 21, .box_h = 21, .ofs_x = 1, .ofs_y = -2},
    {.bitmap_index = 90334, .adv_w = 352, .box_w = 21, .box_h = 22, .ofs_x = 1, .ofs_y = -2},
    {.bitmap_index = 90565, .adv_w = 352, .box_w = 20, .box_h = 21, .ofs_x = 1, .ofs_y = -2},
    {.bitmap_index = 90775, .adv_w = 352, .box_w = 19, .box_h = 22, .ofs_x = 0, .ofs_y = -2},
    {.bitmap_index = 90984, .adv_w = 352, .box_w = 20, .box_h = 21, .ofs_x = 1, .ofs_y = -2},
    {.bitmap_index = 91194, .adv_w = 352, .box_w = 20, .box_h = 21, .ofs_x = 1, .ofs_y = -1},
    {.bitmap_index = 91404, .adv_w = 352, .box_w = 21, .box_h = 21, .ofs_x = 1, .ofs_y = -2},
    {.bitmap_index = 91625, .adv_w = 352, .box_w = 21, .box_h = 21, .ofs_x = 0, .ofs_y = -2},
    {.bitmap_index = 91846, .adv_w = 352, .box_w = 21, .box_h = 20, .ofs_x = 1, .ofs_y = -1},
    {.bitmap_index = 92056, .adv_w = 352, .box_w = 21, .box_h = 21, .ofs_x = 0, .ofs_y = -2},
    {.bitmap_index = 92277, .adv_w = 352, .box_w = 20, .box_h = 21, .ofs_x = 1, .ofs_y = -1},
    {.bitmap_index = 92487, .adv_w = 352, .box_w = 19, .box_h = 20, .ofs_x = 1, .ofs_y = -1},
    {.bitmap_index = 92677, .adv_w = 352, .box_w = 20, .box_h = 21, .ofs_x = 1, .ofs_y = -2},
    {.bitmap_index = 92887, .adv_w = 352, .box_w = 20, .box_h = 21, .ofs_x = 1, .ofs_y = -2},
    {.bitmap_index = 93097, .adv_w = 352, .box_w = 19, .box_h = 21, .ofs_x = 1, .ofs_y = -2},
    {.bitmap_index = 93297, .adv_w = 352, .box_w = 21, .box_h = 19, .ofs_x = 0, .ofs_y = -1},
    {.bitmap_index = 93497, .adv_w = 352, .box_w = 21, .box_h = 21, .ofs_x = 0, .ofs_y = -2},
    {.bitmap_index = 93718, .adv_w = 352, .box_w = 20, .box_h = 21, .ofs_x = 1, .ofs_y = -2},
    {.bitmap_index = 93928, .adv_w = 352, .box_w = 21, .box_h = 21, .ofs_x = 1, .ofs_y = -2},
    {.bitmap_index = 94149, .adv_w = 352, .box_w = 21, .box_h = 21, .ofs_x = 0, .ofs_y = -2},
    {.bitmap_index = 94370, .adv_w = 352, .box_w = 20, .box_h = 21, .ofs_x = 1, .ofs_y = -2},
    {.bitmap_index = 94580, .adv_w = 352, .box_w = 21, .box_h = 20, .ofs_x = 1, .ofs_y = -2},
    {.bitmap_index = 94790, .adv_w = 352, .box_w = 20, .box_h = 20, .ofs_x = 1, .ofs_y = -1},
    {.bitmap_index = 94990, .adv_w = 352, .box_w = 21, .box_h = 20, .ofs_x = 0, .ofs_y = -1},
    {.bitmap_index = 95200, .adv_w = 352, .box_w = 20, .box_h = 20, .ofs_x = 1, .ofs_y = -2},
    {.bitmap_index = 95400, .adv_w = 352, .box_w = 20, .box_h = 21, .ofs_x = 1, .ofs_y = -1},
    {.bitmap_index = 95610, .adv_w = 352, .box_w = 20, .box_h = 21, .ofs_x = 1, .ofs_y = -1},
    {.bitmap_index = 95820, .adv_w = 352, .box_w = 20, .box_h = 21, .ofs_x = 1, .ofs_y = -2},
    {.bitmap_index = 96030, .adv_w = 352, .box_w = 21, .box_h = 20, .ofs_x = 1, .ofs_y = -1},
    {.bitmap_index = 96240, .adv_w = 352, .box_w = 20, .box_h = 21, .ofs_x = 1, .ofs_y = -1},
    {.bitmap_index = 96450, .adv_w = 352, .box_w = 21, .box_h = 20, .ofs_x = 1, .ofs_y = -1},
    {.bitmap_index = 96660, .adv_w = 352, .box_w = 21, .box_h = 21, .ofs_x = 1, .ofs_y = -2},
    {.bitmap_index = 96881, .adv_w = 352, .box_w = 21, .box_h = 21, .ofs_x = 1, .ofs_y = -1},
    {.bitmap_index = 97102, .adv_w = 352, .box_w = 21, .box_h = 21, .ofs_x = 0, .ofs_y = -2},
    {.bitmap_index = 97323, .adv_w = 352, .box_w = 21, .box_h = 21, .ofs_x = 0, .ofs_y = -2},
    {.bitmap_index = 97544, .adv_w = 352, .box_w = 20, .box_h = 21, .ofs_x = 1, .ofs_y = -2},
    {.bitmap_index = 97754, .adv_w = 352, .box_w = 20, .box_h = 21, .ofs_x = 1, .ofs_y = -2},
    {.bitmap_index = 97964, .adv_w = 352, .box_w = 21, .box_h = 21, .ofs_x = 1, .ofs_y = -2},
    {.bitmap_index = 98185, .adv_w = 352, .box_w = 21, .box_h = 21, .ofs_x = 1, .ofs_y = -2},
    {.bitmap_index = 98406, .adv_w = 352, .box_w = 20, .box_h = 21, .ofs_x = 1, .ofs_y = -2},
    {.bitmap_index = 98616, .adv_w = 352, .box_w = 21, .box_h = 21, .ofs_x = 1, .ofs_y = -2},
    {.bitmap_index = 98837, .adv_w = 352, .box_w = 21, .box_h = 22, .ofs_x = 1, .ofs_y = -2},
    {.bitmap_index = 99068, .adv_w = 352, .box_w = 21, .box_h = 21, .ofs_x = 1, .ofs_y = -2},
    {.bitmap_index = 99289, .adv_w = 352, .box_w = 21, .box_h = 22, .ofs_x = 1, .ofs_y = -2},
    {.bitmap_index = 99520, .adv_w = 352, .box_w = 21, .box_h = 21, .ofs_x = 0, .ofs_y = -2},
    {.bitmap_index = 99741, .adv_w = 352, .box_w = 21, .box_h = 21, .ofs_x = 1, .ofs_y = -2},
    {.bitmap_index = 99962, .adv_w = 352, .box_w = 21, .box_h = 22, .ofs_x = 1, .ofs_y = -2},
    {.bitmap_index = 100193, .adv_w = 352, .box_w = 20, .box_h = 21, .ofs_x = 1, .ofs_y = -2},
    {.bitmap_index = 100403, .adv_w = 352, .box_w = 20, .box_h = 21, .ofs_x = 1, .ofs_y = -2},
    {.bitmap_index = 100613, .adv_w = 352, .box_w = 20, .box_h = 21, .ofs_x = 1, .ofs_y = -2},
    {.bitmap_index = 100823, .adv_w = 352, .box_w = 21, .box_h = 20, .ofs_x = 0, .ofs_y = -2},
    {.bitmap_index = 101033, .adv_w = 352, .box_w = 21, .box_h = 21, .ofs_x = 0, .ofs_y = -2},
    {.bitmap_index = 101254, .adv_w = 352, .box_w = 21, .box_h = 21, .ofs_x = 0, .ofs_y = -2},
    {.bitmap_index = 101475, .adv_w = 352, .box_w = 20, .box_h = 21, .ofs_x = 1, .ofs_y = -2},
    {.bitmap_index = 101685, .adv_w = 352, .box_w = 20, .box_h = 21, .ofs_x = 1, .ofs_y = -2},
    {.bitmap_index = 101895, .adv_w = 352, .box_w = 20, .box_h = 21, .ofs_x = 1, .ofs_y = -2},
    {.bitmap_index = 102105, .adv_w = 352, .box_w = 20, .box_h = 19, .ofs_x = 1, .ofs_y = -1},
    {.bitmap_index = 102295, .adv_w = 352, .box_w = 20, .box_h = 20, .ofs_x = 1, .ofs_y = -1},
    {.bitmap_index = 102495, .adv_w = 352, .box_w = 21, .box_h = 21, .ofs_x = 0, .ofs_y = -2},
    {.bitmap_index = 102716, .adv_w = 352, .box_w = 20, .box_h = 19, .ofs_x = 1, .ofs_y = -1},
    {.bitmap_index = 102906, .adv_w = 352, .box_w = 20, .box_h = 19, .ofs_x = 1, .ofs_y = -1},
    {.bitmap_index = 103096, .adv_w = 352, .box_w = 21, .box_h = 20, .ofs_x = 0, .ofs_y = -1},
    {.bitmap_index = 103306, .adv_w = 352, .box_w = 20, .box_h = 19, .ofs_x = 1, .ofs_y = -1},
    {.bitmap_index = 103496, .adv_w = 352, .box_w = 20, .box_h = 20, .ofs_x = 1, .ofs_y = -1},
    {.bitmap_index = 103696, .adv_w = 352, .box_w = 20, .box_h = 19, .ofs_x = 1, .ofs_y = -1},
    {.bitmap_index = 103886, .adv_w = 352, .box_w = 21, .box_h = 21, .ofs_x = 0, .ofs_y = -1},
    {.bitmap_index = 104107, .adv_w = 352, .box_w = 20, .box_h = 21, .ofs_x = 0, .ofs_y = -1},
    {.bitmap_index = 104317, .adv_w = 352, .box_w = 21, .box_h = 21, .ofs_x = 1, .ofs_y = -2},
    {.bitmap_index = 104538, .adv_w = 352, .box_w = 21, .box_h = 21, .ofs_x = 0, .ofs_y = -2},
    {.bitmap_index = 104759, .adv_w = 352, .box_w = 21, .box_h = 21, .ofs_x = 0, .ofs_y = -2},
    {.bitmap_index = 104980, .adv_w = 352, .box_w = 20, .box_h = 21, .ofs_x = 1, .ofs_y = -2},
    {.bitmap_index = 105190, .adv_w = 352, .box_w = 18, .box_h = 20, .ofs_x = 2, .ofs_y = -1},
    {.bitmap_index = 105370, .adv_w = 352, .box_w = 18, .box_h = 21, .ofs_x = 2, .ofs_y = -1},
    {.bitmap_index = 105559, .adv_w = 352, .box_w = 18, .box_h = 20, .ofs_x = 2, .ofs_y = -1},
    {.bitmap_index = 105739, .adv_w = 352, .box_w = 18, .box_h = 21, .ofs_x = 2, .ofs_y = -1},
    {.bitmap_index = 105928, .adv_w = 352, .box_w = 18, .box_h = 21, .ofs_x = 2, .ofs_y = -1},
    {.bitmap_index = 106117, .adv_w = 352, .box_w = 19, .box_h = 20, .ofs_x = 2, .ofs_y = -1},
    {.bitmap_index = 106307, .adv_w = 352, .box_w = 19, .box_h = 20, .ofs_x = 2, .ofs_y = -1},
    {.bitmap_index = 106497, .adv_w = 352, .box_w = 19, .box_h = 21, .ofs_x = 2, .ofs_y = -2},
    {.bitmap_index = 106697, .adv_w = 352, .box_w = 19, .box_h = 22, .ofs_x = 2, .ofs_y = -2},
    {.bitmap_index = 106906, .adv_w = 352, .box_w = 19, .box_h = 20, .ofs_x = 2, .ofs_y = -1},
    {.bitmap_index = 107096, .adv_w = 352, .box_w = 19, .box_h = 21, .ofs_x = 2, .ofs_y = -1},
    {.bitmap_index = 107296, .adv_w = 352, .box_w = 20, .box_h = 20, .ofs_x = 1, .ofs_y = -2},
    {.bitmap_index = 107496, .adv_w = 352, .box_w = 20, .box_h = 21, .ofs_x = 1, .ofs_y = -2},
    {.bitmap_index = 107706, .adv_w = 352, .box_w = 19, .box_h = 19, .ofs_x = 1, .ofs_y = -1},
    {.bitmap_index = 107887, .adv_w = 352, .box_w = 20, .box_h = 20, .ofs_x = 1, .ofs_y = -2},
    {.bitmap_index = 108087, .adv_w = 352, .box_w = 21, .box_h = 20, .ofs_x = 1, .ofs_y = -2},
    {.bitmap_index = 108297, .adv_w = 352, .box_w = 21, .box_h = 21, .ofs_x = 1, .ofs_y = -2},
    {.bitmap_index = 108518, .adv_w = 352, .box_w = 21, .box_h = 21, .ofs_x = 0, .ofs_y = -2},
    {.bitmap_index = 108739, .adv_w = 352, .box_w = 21, .box_h = 21, .ofs_x = 0, .ofs_y = -2},
    {.bitmap_index = 108960, .adv_w = 352, .box_w = 20, .box_h = 20, .ofs_x = 1, .ofs_y = -2},
    {.bitmap_index = 109160, .adv_w = 352, .box_w = 21, .box_h = 20, .ofs_x = 0, .ofs_y = -2},
    {.bitmap_index = 109370, .adv_w = 352, .box_w = 20, .box_h = 22, .ofs_x = 1, .ofs_y = -2},
    {.bitmap_index = 109590, .adv_w = 352, .box_w = 21, .box_h = 20, .ofs_x = 1, .ofs_y = -1},
    {.bitmap_index = 109800, .adv_w = 352, .box_w = 20, .box_h = 20, .ofs_x = 1, .ofs_y = -1},
    {.bitmap_index = 110000, .adv_w = 352, .box_w = 20, .box_h = 22, .ofs_x = 1, .ofs_y = -2},
    {.bitmap_index = 110220, .adv_w = 352, .box_w = 19, .box_h = 20, .ofs_x = 2, .ofs_y = -1},
    {.bitmap_index = 110410, .adv_w = 352, .box_w = 20, .box_h = 20, .ofs_x = 1, .ofs_y = -2},
    {.bitmap_index = 110610, .adv_w = 352, .box_w = 20, .box_h = 22, .ofs_x = 1, .ofs_y = -2},
    {.bitmap_index = 110830, .adv_w = 352, .box_w = 20, .box_h = 20, .ofs_x = 1, .ofs_y = -1},
    {.bitmap_index = 111030, .adv_w = 352, .box_w = 4, .box_h = 17, .ofs_x = 3, .ofs_y = 0},
    {.bitmap_index = 111064, .adv_w = 352, .box_w = 6, .box_h = 20, .ofs_x = 14, .ofs_y = -1},
    {.bitmap_index = 111124, .adv_w = 352, .box_w = 6, .box_h = 20, .ofs_x = 2, .ofs_y = -1},
    {.bitmap_index = 111184, .adv_w = 352, .box_w = 3, .box_h = 7, .ofs_x = 4, .ofs_y = -4},
    {.bitmap_index = 111195, .adv_w = 352, .box_w = 3, .box_h = 12, .ofs_x = 4, .ofs_y = 0},
    {.bitmap_index = 111213, .adv_w = 352, .box_w = 4, .box_h = 16, .ofs_x = 3, .ofs_y = -4},
    {.bitmap_index = 111245, .adv_w = 352, .box_w = 11, .box_h = 17, .ofs_x = 0, .ofs_y = 0}
};

/*---------------------
 *  CHARACTER MAPPING
 *--------------------*/

static const uint16_t unicode_list_1[] = {
    0x0, 0x1, 0x7, 0x27, 0x47, 0x1f64, 0x1f76, 0x2053,
    0x20e0, 0x20e1, 0x20e2, 0x20e3, 0x251f, 0x2663, 0x2f51, 0x2f52,
    0x4d50, 0x4d59, 0x4d5a, 0x4d5b, 0x4d5d, 0x4d5e, 0x4d6c, 0x4d75,
    0x4d7d, 0x4d8a, 0x4d8b, 0x4d99, 0x4db6, 0x4dde, 0x4df7, 0x4dfe,
    0x4e0a, 0x4e15, 0x4e1d, 0x4e1e, 0x4e3a, 0x4e46, 0x4e4d, 0x4e61,
    0x4e68, 0x4e6a, 0x4e70, 0x4e88, 0x4e9d, 0x4e9e, 0x4ea3, 0x4ea9,
    0x4ecf, 0x4f2d, 0x4f31, 0x4f62, 0x4f8c, 0x4f8e, 0x4f9f, 0x4fac,
    0x4ff8, 0x501f, 0x5098, 0x5099, 0x509d, 0x50b5, 0x50b8, 0x50bc,
    0x50c3, 0x50c6, 0x50c7, 0x50d5, 0x50dd, 0x50e9, 0x5116, 0x514a,
    0x514b, 0x5156, 0x5157, 0x5162, 0x5167, 0x5169, 0x5170, 0x5180,
    0x5186, 0x5187, 0x519d, 0x51a6, 0x51b9, 0x51c2, 0x51ef, 0x51f0,
    0x51f8, 0x524f, 0x5266, 0x5267, 0x528a, 0x5291, 0x5297, 0x529a,
    0x52a5, 0x52a7, 0x52b1, 0x52bb, 0x52c3, 0x52d2, 0x52d6, 0x52db,
    0x52ef, 0x530b, 0x5312, 0x531a, 0x531d, 0x5321, 0x5326, 0x5328,
    0x5333, 0x533a, 0x533f, 0x5342, 0x5343, 0x5347, 0x5358, 0x535c,
    0x535d, 0x535e, 0x5361, 0x5376, 0x537c, 0x537f, 0x53cd, 0x5474,
    0x55b8, 0x562e, 0x564a, 0x564e, 0x5656, 0x5658, 0x5678, 0x5680,
    0x5697, 0x569f, 0x56a0, 0x56a7, 0x56b1, 0x56db, 0x5756, 0x579c,
    0x57e9, 0x5843, 0x5857, 0x585d, 0x5866, 0x586a, 0x586c, 0x5877,
    0x587a, 0x5881, 0x5884, 0x58a7, 0x591b, 0x5aa0, 0x5aa7, 0x5aa8,
    0x5ad3, 0x5adc, 0x5aea, 0x5aee, 0x5b0d, 0x5b16, 0x5b2f, 0x5b48,
    0x5b49, 0x5b4c, 0x5b56, 0x5b5f, 0x5b81, 0x5b8a, 0x5b8d, 0x5b9f,
    0x5c40, 0x5d35, 0x5d36, 0x5d3e, 0x5d41, 0x5d42, 0x5d76, 0x5d88,
    0x5d95, 0x5dc3, 0x5dc6, 0x5ddf, 0x5de3, 0x5de4, 0x5de5, 0x5df6,
    0x5e46, 0x5e4a, 0x5e50, 0x5e5f, 0x5e65, 0x5e89, 0x5e8a, 0x5ea2,
    0x5ea3, 0x5ea5, 0x5eb2, 0x5ed0, 0x5ed4, 0x5ed5, 0x5ee7, 0x5f13,
    0x5f3b, 0x5f51, 0x5f6d, 0x5f75, 0x5f8b, 0x5fb2, 0x6030, 0x606f,
    0x6160, 0x6166, 0x619b, 0x61a3, 0x61bb, 0x61ce, 0x61e7, 0x61e8,
    0x61f4, 0x620d, 0x6224, 0x622f, 0x6239, 0x624f, 0x6251, 0x6257,
    0x6259, 0x62b2, 0x62be, 0x62d9, 0x62e2, 0x62f5, 0x62f7, 0x62f8,
    0x631f, 0x6320, 0x636c, 0x63fd, 0x647f, 0x6486, 0x6489, 0x648e,
    0x6498, 0x64c0, 0x64d7, 0x64e7, 0x64ec, 0x64fd, 0x6500, 0x6509,
    0x651f, 0x6530, 0x6535, 0x6546, 0x655e, 0x656f, 0x657f, 0x658e,
    0x65be, 0x65d2, 0x65e7, 0x6644, 0x6650, 0x6659, 0x666f, 0x667a,
    0x667b, 0x667c, 0x668a, 0x66af, 0x66b1, 0x66b5, 0x66cf, 0x66d1,
    0x6735, 0x6757, 0x675f, 0x6771, 0x6787, 0x678c, 0x67b3, 0x6810,
    0x68d2, 0x6971, 0x697a, 0x6a71, 0x6a9c, 0x6ab2, 0x6ab3, 0x6ab4,
    0x6ab5, 0x6b05, 0x6b1f, 0x6b24, 0x6b64, 0x6b84, 0x6b92, 0x6b97,
    0x6bb0, 0x6bf1, 0x6c0f, 0x6c25, 0x6c31, 0x6c32, 0x6c9b, 0x6cc7,
    0x6cd8, 0x6d4b, 0x6d55, 0x6de0, 0x6e31, 0x6e34, 0x6fc0, 0x7009,
    0x70b7, 0x717c, 0x7186, 0x7198, 0x71a9, 0x71c9, 0x7206, 0x723c,
    0x72d7, 0x72ff, 0x7300, 0x746f, 0x7478, 0x7481, 0x7485, 0x748b,
    0x749c, 0x74a9, 0x75cd, 0x75d4, 0x7626, 0x7628, 0x763e, 0x7644,
    0x7648, 0x765b, 0x7670, 0x7735, 0x773d, 0x7751, 0x77bc, 0x77be,
    0x7811, 0x788a, 0x790b, 0x791d, 0x7922, 0x794b, 0x7950, 0x795b,
    0x795d, 0x798f, 0x79ca, 0x79e7, 0x7a29, 0x7a76, 0x7a7c, 0x7a99,
    0x7ae7, 0x7b01, 0x7bc3, 0x7bcb, 0x7be7, 0x7c4b, 0x7c70, 0x7c72,
    0x7c7f, 0x7df2, 0x7df6, 0x7e0f, 0x7e14, 0x7e18, 0x7e1f, 0x7e23,
    0x7e29, 0x7e2f, 0x7e37, 0x7e3a, 0x7e3d, 0x7e44, 0x7e4f, 0x7ea1,
    0x7ea7, 0x7ebe, 0x7f4b, 0x7f51, 0x7f55, 0x801c, 0x804d, 0x813a,
    0x817a, 0x81d2, 0x8241, 0x8249, 0x82a0, 0x832c, 0x842d, 0x8652,
    0x870a, 0x879c, 0x87a4, 0x87b8, 0x87fb, 0x88cf, 0x88d6, 0x8912,
    0x8914, 0x8916, 0x8918, 0x8922, 0x8933, 0x8af1, 0x8af4, 0x8afe,
    0x8b00, 0x8b0e, 0x8b25, 0x8b32, 0x8b47, 0x8b4b, 0x8b53, 0x8b87,
    0x8c75, 0x8c94, 0x8cc0, 0x8cc7, 0x8cd5, 0x8d03, 0x8d21, 0x8d2d,
    0x8d2f, 0x8d38, 0x8d3f, 0x8d43, 0x8d5f, 0x8eb6, 0x8eb8, 0x8ebc,
    0x8ebe, 0x8ecd, 0x8ee3, 0x8f09, 0x8f0e, 0x8f17, 0x8f20, 0x8f21,
    0x8f24, 0x8f29, 0x8f2b, 0x8f2e, 0x8f49, 0x8f50, 0x8f51, 0x8f52,
    0x8f56, 0x8f59, 0x8f5f, 0x8f64, 0x8f6a, 0x8f6f, 0x8fa3, 0x8fcf,
    0x8ff3, 0x900b, 0x904d, 0x909d, 0x90e2, 0x9117, 0x911c, 0x911d,
    0x911f, 0x93d8, 0x93ef, 0x9451, 0x947e, 0x947f, 0x94cf, 0x953a,
    0x953d, 0x953e, 0x9542, 0x9544, 0x9585, 0x9590, 0x9594, 0x959d,
    0x95b4, 0x95df, 0x9646, 0x96a9, 0x96b2, 0x97c5, 0x97c6, 0x97ca,
    0x97cb, 0x97e1, 0x97e7, 0x97e8, 0x98e6, 0x99dc, 0x99e1, 0x9a28,
    0x9d73, 0x9e21, 0x9ea0, 0x9ecf, 0xfe51, 0xfe58, 0xfe59, 0xfe5c,
    0xfe6a, 0xfe6b, 0xfe6f
};

/*Collect the unicode lists and glyph_id offsets*/
static const lv_font_fmt_txt_cmap_t cmaps[] =
{
    {
        .range_start = 32, .range_length = 95, .glyph_id_start = 1,
        .unicode_list = NULL, .glyph_id_ofs_list = NULL, .list_length = 0, .type = LV_FONT_FMT_TXT_CMAP_FORMAT0_TINY
    },
    {
        .range_start = 176, .range_length = 65136, .glyph_id_start = 96,
        .unicode_list = unicode_list_1, .glyph_id_ofs_list = NULL, .list_length = 523, .type = LV_FONT_FMT_TXT_CMAP_SPARSE_TINY
    }
};



/*--------------------
 *  ALL CUSTOM DATA
 *--------------------*/

#if LVGL_VERSION_MAJOR == 8
/*Store all the custom data of the font*/
static  lv_font_fmt_txt_glyph_cache_t cache;
#endif

#if LVGL_VERSION_MAJOR >= 8
static const lv_font_fmt_txt_dsc_t font_dsc = {
#else
static lv_font_fmt_txt_dsc_t font_dsc = {
#endif
    .glyph_bitmap = glyph_bitmap,
    .glyph_dsc = glyph_dsc,
    .cmaps = cmaps,
    .kern_dsc = NULL,
    .kern_scale = 0,
    .cmap_num = 2,
    .bpp = 4,
    .kern_classes = 0,
    .bitmap_format = 0,
#if LVGL_VERSION_MAJOR == 8
    .cache = &cache
#endif
};



/*-----------------
 *  PUBLIC FONT
 *----------------*/

/*Initialize a public general font descriptor*/
#if LVGL_VERSION_MAJOR >= 8
const lv_font_t helm_mism4_22 = {
#else
lv_font_t helm_mism4_22 = {
#endif
    .get_glyph_dsc = lv_font_get_glyph_dsc_fmt_txt,    /*Function pointer to get glyph's data*/
    .get_glyph_bitmap = lv_font_get_bitmap_fmt_txt,    /*Function pointer to get glyph's bitmap*/
    .line_height = 25,          /*The maximum line height required by the font*/
    .base_line = 5,             /*Baseline measured from the bottom of the line*/
#if !(LVGL_VERSION_MAJOR == 6 && LVGL_VERSION_MINOR == 0)
    .subpx = LV_FONT_SUBPX_NONE,
#endif
#if LV_VERSION_CHECK(7, 4, 0) || LVGL_VERSION_MAJOR >= 8
    .underline_position = -2,
    .underline_thickness = 1,
#endif
    .dsc = &font_dsc,          /*The custom font data. Will be accessed by `get_glyph_bitmap/dsc` */
#if LV_VERSION_CHECK(8, 2, 0) || LVGL_VERSION_MAJOR >= 9
    .fallback = NULL,
#endif
    .user_data = NULL,
};



#endif /*#if HELM_MISM4_22*/

