/*******************************************************************************
 * Size: 22 px
 * Bpp: 2
 * Opts: --size 22 --bpp 2 --format lvgl --no-compress --no-prefilter --no-kerning --lv-include lvgl/lvgl.h --lv-font-name helm_ui_22 -o /home/jinsc/SDK/vela/openvela/vendor/my_vendor/boards/sf32lb52/my_vendor/ui/bicycle/src/lvgl_page/fonts/helm_ui_22.c --font /home/jinsc/SDK/SGl/PingFangSC/PingFangSC-Semibold.ttf --autohint-strong -r 0x20-0x7E --symbols  !"#$%&'()*+,-./0123456789:;<=>?@ABCDEFGHIJKLMNOPQRSTUVWXYZ[\]^_`abcdefghijklmnopqrstuvwxyz{|}~°±·×÷—…℃←↑→↓●✓、。一三上下不与东严个中为义书了二于五产亮仅仍从仪件份休会传伸位低体余作保信值倾偏停储充先光入全公六共关其具内再写准出击分划列删到制前剖剩功加动勾勿化北区十升单南占卡卫即卷厂历压原去参反发取变口可史右号合同名后向听启周命唤器四回固图圆圈在地均坏坐坡堆备复外夜大失头始字存完定对导将小就尽屏峰工左已带常平并序应度延建开式强归当录形往径待心快态思急总恢惠感成或手打扫找折护拔拟择拿持挂指按据掉接推描搜播操支收放效数文斗斜断新方无日时星显普暂更最月有期未本机束条来板极查标栈校检概模次歌止正此步比气水汇池没沿法波测海消清源滤灰点照爬片版牙特状率环现用由电留白盘目直看眠知短码硬磁示离秒移程稍空站第等算箱米粗系索累红约线组终经绑结统继绪续维绿编网罗置老耗背能自航英苹荐菜蓝蜂螺行衔表被西规视览解计议记设试请读谷败资起超足路跳踏轨转载辑输达过运近返还这连迹送适逆选途通速道配醒里重量针钟锁键长闭闲间陀附降除零静面页顺频颗验骑高鸣黑！（），：；？ --font /home/jinsc/SDK/vela/openvela/vendor/my_vendor/boards/sf32lb52/my_vendor/ui/bicycle/fonts/SourceHanSansCN-Bold.ttf --autohint-strong --symbols ✓
 ******************************************************************************/

#ifdef LV_LVGL_H_INCLUDE_SIMPLE
#include "lvgl.h"
#else
#include "lvgl/lvgl.h"
#endif

#ifndef HELM_UI_22
#define HELM_UI_22 1
#endif

#if HELM_UI_22

/*-----------------
 *    BITMAPS
 *----------------*/

/*Store the image of the glyphs*/
static LV_ATTRIBUTE_LARGE_CONST const uint8_t glyph_bitmap[] = {
    /* U+0020 " " */

    /* U+0021 "!" */
    0xbe, 0xfb, 0xef, 0xbe, 0xfb, 0xef, 0xbe, 0xfb,
    0xc0, 0x2, 0xef, 0xee,

    /* U+0022 "\"" */
    0x1f, 0x47, 0xd3, 0xfc, 0xff, 0x1f, 0xc7, 0xf0,
    0x3c, 0xf, 0x7, 0x81, 0xe1, 0xf0, 0x7c, 0x3c,
    0xf, 0x0, 0x0, 0x0,

    /* U+0023 "#" */
    0x0, 0xb4, 0x3c, 0x0, 0x3c, 0xf, 0x0, 0xf,
    0x3, 0xc0, 0x7f, 0xff, 0xfe, 0x2f, 0xff, 0xff,
    0x40, 0x78, 0x2d, 0x0, 0x2d, 0xf, 0x0, 0xf,
    0x43, 0xc0, 0x3, 0xc0, 0xf0, 0x0, 0xf0, 0x3c,
    0x0, 0x3c, 0x1e, 0x0, 0xff, 0xff, 0xf8, 0x7f,
    0xff, 0xfe, 0x2, 0xd0, 0xf4, 0x0, 0xf0, 0x3c,
    0x0, 0x3c, 0xf, 0x0,

    /* U+0024 "$" */
    0x0, 0xc, 0x0, 0x0, 0x3, 0x0, 0x0, 0x0,
    0xc0, 0x0, 0xb, 0xff, 0x40, 0xf, 0xff, 0xfc,
    0xb, 0xe7, 0x2f, 0x83, 0xe0, 0xc2, 0xf0, 0xf8,
    0x30, 0x14, 0x3f, 0x4c, 0x0, 0x7, 0xff, 0x0,
    0x0, 0x7f, 0xf9, 0x0, 0x1, 0xbf, 0xe0, 0x0,
    0xe, 0xff, 0x0, 0x3, 0xb, 0xd3, 0xd0, 0xc0,
    0xf8, 0xf8, 0x30, 0x3d, 0x2f, 0x9c, 0x7f, 0x3,
    0xff, 0xff, 0x40, 0x1f, 0xfe, 0x0, 0x0, 0x30,
    0x0, 0x0, 0xc, 0x0, 0x0,

    /* U+0025 "%" */
    0x1f, 0xe0, 0x0, 0x38, 0x0, 0xff, 0xe0, 0x2,
    0xc0, 0xb, 0xcb, 0xc0, 0x1e, 0x0, 0x3e, 0xf,
    0x40, 0xf0, 0x0, 0xf8, 0x3e, 0x7, 0x40, 0x3,
    0xe0, 0xf4, 0x3c, 0x0, 0x7, 0xc7, 0xc2, 0xd0,
    0x0, 0xf, 0xfd, 0xe, 0xb, 0xf4, 0x6, 0x40,
    0xb0, 0xbe, 0xf0, 0x0, 0x7, 0x83, 0xc3, 0xe0,
    0x0, 0x3c, 0x1f, 0xb, 0xc0, 0x1, 0xd0, 0xbc,
    0x2f, 0x0, 0xf, 0x1, 0xf0, 0xbc, 0x0, 0xb4,
    0x3, 0xe3, 0xe0, 0x3, 0x80, 0xb, 0xff, 0x0,
    0x2c, 0x0, 0xb, 0xf4,

    /* U+0026 "&" */
    0x0, 0xbf, 0x40, 0x0, 0x7, 0xff, 0xd0, 0x0,
    0xf, 0xc3, 0xf0, 0x0, 0xf, 0x82, 0xf0, 0x0,
    0xf, 0xc3, 0xf0, 0x0, 0x7, 0xdb, 0xd0, 0x0,
    0x2, 0xff, 0x40, 0x0, 0x2, 0xfd, 0x3, 0xe0,
    0x1f, 0xff, 0x3, 0xd0, 0x7e, 0xf, 0xcb, 0xd0,
    0xfc, 0x3, 0xff, 0xc0, 0xf8, 0x0, 0xff, 0x80,
    0xfc, 0x0, 0x7f, 0x40, 0xbe, 0x2, 0xff, 0xc0,
    0x3f, 0xff, 0xfb, 0xf0, 0x6, 0xff, 0x80, 0xfc,

    /* U+0027 "'" */
    0x1f, 0x4f, 0xf1, 0xfc, 0xf, 0x7, 0x87, 0xc3,
    0xc0, 0x0,

    /* U+0028 "(" */
    0x3, 0xd0, 0x7c, 0xf, 0x41, 0xf0, 0x3e, 0x7,
    0xd0, 0xbc, 0xb, 0xc0, 0xf8, 0xf, 0x80, 0xf8,
    0xf, 0x80, 0xf8, 0xb, 0xc0, 0xbc, 0x7, 0xd0,
    0x3e, 0x1, 0xf0, 0xf, 0x40, 0x7c, 0x3, 0xd0,

    /* U+0029 ")" */
    0x3d, 0x0, 0x7c, 0x0, 0xf8, 0x1, 0xf0, 0x3,
    0xd0, 0xf, 0xc0, 0x2f, 0x0, 0x7d, 0x0, 0xf4,
    0x3, 0xe0, 0xf, 0x80, 0x3e, 0x0, 0xf4, 0x7,
    0xd0, 0x2f, 0x0, 0xfc, 0x3, 0xd0, 0x1f, 0x0,
    0xf8, 0x7, 0xc0, 0x3d, 0x0,

    /* U+002A "*" */
    0x0, 0x3c, 0x0, 0x0, 0x3c, 0x0, 0x0, 0x3c,
    0x0, 0x3e, 0x3c, 0xb8, 0x3f, 0xff, 0xfc, 0x1,
    0xfe, 0x40, 0x0, 0xff, 0x0, 0x3, 0xd7, 0xc0,
    0xb, 0x83, 0xe0, 0x3, 0x0, 0x80, 0x0, 0x0,
    0x0,

    /* U+002B "+" */
    0x0, 0xbc, 0x0, 0x2, 0xf0, 0x0, 0xb, 0xc0,
    0x0, 0x2f, 0x0, 0x0, 0xbc, 0x3, 0xff, 0xff,
    0xff, 0xff, 0xff, 0xc0, 0x2f, 0x0, 0x0, 0xbc,
    0x0, 0x2, 0xf0, 0x0, 0xb, 0xc0, 0x0, 0x2f,
    0x0,

    /* U+002C "," */
    0x1f, 0x4f, 0xf1, 0xfc, 0xf, 0x7, 0x87, 0xc3,
    0xc0, 0x0,

    /* U+002D "-" */
    0x0, 0x0, 0x3, 0xff, 0xff, 0xff, 0xff, 0xff,
    0xc0,

    /* U+002E "." */
    0xbb, 0xfb, 0x80,

    /* U+002F "/" */
    0x0, 0x0, 0xf0, 0x0, 0x7, 0xc0, 0x0, 0x2d,
    0x0, 0x0, 0xf0, 0x0, 0x7, 0xc0, 0x0, 0x3d,
    0x0, 0x0, 0xf0, 0x0, 0x7, 0x80, 0x0, 0x3d,
    0x0, 0x0, 0xf0, 0x0, 0xb, 0x80, 0x0, 0x3c,
    0x0, 0x1, 0xf0, 0x0, 0xb, 0x40, 0x0, 0x3c,
    0x0, 0x1, 0xf0, 0x0, 0xf, 0x40, 0x0, 0x3c,
    0x0, 0x1, 0xe0, 0x0, 0xf, 0x40, 0x0, 0x3c,
    0x0, 0x0,

    /* U+0030 "0" */
    0x2, 0xfe, 0x0, 0xf, 0xff, 0xd0, 0x2f, 0x42,
    0xf0, 0x3d, 0x0, 0xf8, 0xbc, 0x0, 0x7c, 0xf8,
    0x0, 0x3d, 0xf8, 0x0, 0x3d, 0xf8, 0x0, 0x3e,
    0xf8, 0x0, 0x3e, 0xf8, 0x0, 0x3d, 0xfc, 0x0,
    0x3d, 0xbc, 0x0, 0x7c, 0x3d, 0x0, 0xf8, 0x2f,
    0x42, 0xf0, 0xf, 0xff, 0xd0, 0x2, 0xfe, 0x0,

    /* U+0031 "1" */
    0x0, 0xf8, 0x1f, 0xe7, 0xff, 0xaf, 0xbe, 0x60,
    0xf8, 0x3, 0xe0, 0xf, 0x80, 0x3e, 0x0, 0xf8,
    0x3, 0xe0, 0xf, 0x80, 0x3e, 0x0, 0xf8, 0x3,
    0xe0, 0xf, 0x80, 0x3e,

    /* U+0032 "2" */
    0x2, 0xfe, 0x40, 0x7f, 0xff, 0x83, 0xf4, 0x2f,
    0x6f, 0x0, 0x3f, 0xf8, 0x0, 0xbf, 0xe0, 0x2,
    0xf0, 0x0, 0xf, 0x80, 0x0, 0xfc, 0x0, 0x1f,
    0xd0, 0x2, 0xfd, 0x0, 0x3f, 0xc0, 0x3, 0xf8,
    0x0, 0x3f, 0x40, 0x1, 0xf4, 0x0, 0xf, 0xff,
    0xff, 0xff, 0xff, 0xff,

    /* U+0033 "3" */
    0x1, 0xff, 0x90, 0xf, 0xff, 0xf8, 0x2f, 0x41,
    0xfd, 0x3e, 0x0, 0x3e, 0x14, 0x0, 0x3d, 0x0,
    0x0, 0xbc, 0x0, 0x3f, 0xe0, 0x0, 0x3f, 0xf4,
    0x0, 0x1, 0xfd, 0x0, 0x0, 0x3f, 0x68, 0x0,
    0x2f, 0x7c, 0x0, 0x2f, 0x3e, 0x0, 0x3e, 0x2f,
    0x81, 0xfc, 0xf, 0xff, 0xf4, 0x1, 0xff, 0x80,

    /* U+0034 "4" */
    0x0, 0x1, 0xf8, 0x0, 0x0, 0xfe, 0x0, 0x0,
    0xff, 0x80, 0x0, 0xbb, 0xe0, 0x0, 0x7c, 0xf8,
    0x0, 0x7c, 0x3e, 0x0, 0x3d, 0xf, 0x80, 0x3e,
    0x3, 0xe0, 0x2e, 0x0, 0xf8, 0x1f, 0x0, 0x3e,
    0xb, 0xff, 0xff, 0xfe, 0xff, 0xff, 0xff, 0x0,
    0x0, 0xf8, 0x0, 0x0, 0x3e, 0x0, 0x0, 0xf,
    0x80, 0x0, 0x3, 0xe0,

    /* U+0035 "5" */
    0x3f, 0xff, 0xfc, 0x3f, 0xff, 0xfc, 0x3d, 0x0,
    0x0, 0x3c, 0x0, 0x0, 0x3c, 0x0, 0x0, 0x7c,
    0xbf, 0x80, 0x7f, 0xff, 0xf0, 0x7f, 0x1, 0xfc,
    0x68, 0x0, 0xbd, 0x0, 0x0, 0x3d, 0x0, 0x0,
    0x3e, 0xa8, 0x0, 0x3d, 0xbc, 0x0, 0xbc, 0x3f,
    0x42, 0xf8, 0x1f, 0xff, 0xe0, 0x2, 0xfe, 0x40,

    /* U+0036 "6" */
    0x1, 0xff, 0x80, 0xb, 0xff, 0xf0, 0x1f, 0x41,
    0xfc, 0x3d, 0x0, 0x7c, 0x78, 0x0, 0x0, 0xb4,
    0xbf, 0x80, 0xfb, 0xff, 0xf0, 0xff, 0x42, 0xfc,
    0xfc, 0x0, 0xbc, 0xf8, 0x0, 0x3d, 0xf8, 0x0,
    0x3e, 0xb8, 0x0, 0x3d, 0x7c, 0x0, 0xbc, 0x3f,
    0x42, 0xf8, 0xf, 0xff, 0xe0, 0x2, 0xff, 0x40,

    /* U+0037 "7" */
    0xff, 0xff, 0xff, 0xff, 0xff, 0xf0, 0x0, 0xf,
    0x80, 0x0, 0x7d, 0x0, 0x2, 0xf0, 0x0, 0xf,
    0x80, 0x0, 0xbc, 0x0, 0x3, 0xe0, 0x0, 0x1f,
    0x40, 0x0, 0xfc, 0x0, 0x3, 0xe0, 0x0, 0x2f,
    0x0, 0x0, 0xf8, 0x0, 0x7, 0xd0, 0x0, 0x3f,
    0x0, 0x1, 0xf8, 0x0,

    /* U+0038 "8" */
    0x2, 0xff, 0x80, 0x1f, 0xff, 0xf4, 0x3f, 0x41,
    0xfc, 0xbc, 0x0, 0x3e, 0x7c, 0x0, 0x3d, 0x3f,
    0x0, 0xfc, 0xb, 0xff, 0xe0, 0x1f, 0xff, 0xf4,
    0x3f, 0x41, 0xfc, 0xbc, 0x0, 0x3e, 0xf8, 0x0,
    0x2f, 0xf8, 0x0, 0x2f, 0xfc, 0x0, 0x3f, 0x7f,
    0x41, 0xfd, 0x2f, 0xff, 0xf8, 0x2, 0xff, 0x80,

    /* U+0039 "9" */
    0x2, 0xfe, 0x40, 0x1f, 0xff, 0xe0, 0x7f, 0x42,
    0xf4, 0xbc, 0x0, 0x7c, 0xf8, 0x0, 0x3c, 0xf8,
    0x0, 0x3d, 0xfc, 0x0, 0x7d, 0x7f, 0x1, 0xfe,
    0x2f, 0xff, 0xfd, 0x7, 0xfe, 0x3d, 0x0, 0x0,
    0x3c, 0x64, 0x0, 0x7c, 0x7c, 0x0, 0xf8, 0x3f,
    0x47, 0xf0, 0x1f, 0xff, 0xc0, 0x6, 0xfe, 0x0,

    /* U+003A ":" */
    0xbb, 0xfb, 0x80, 0x0, 0x0, 0x0, 0x2, 0xef,
    0xee,

    /* U+003B ";" */
    0x2e, 0xf, 0xc2, 0xe0, 0x0, 0x0, 0x0, 0x0,
    0x0, 0x0, 0x0, 0x7, 0xd3, 0xfc, 0xbf, 0x7,
    0xc2, 0xe1, 0xf0, 0xf0, 0x0, 0x0,

    /* U+003C "<" */
    0x0, 0x0, 0x4, 0x0, 0x2, 0xf0, 0x0, 0xbf,
    0xc0, 0x7f, 0xe4, 0x1f, 0xf8, 0x3, 0xfd, 0x0,
    0xf, 0xe0, 0x0, 0x1f, 0xf9, 0x0, 0x2, 0xff,
    0x40, 0x0, 0xbf, 0xd0, 0x0, 0x1f, 0xc0, 0x0,
    0x7, 0x0, 0x0, 0x0,

    /* U+003D "=" */
    0xff, 0xff, 0xff, 0xff, 0xff, 0xf0, 0x0, 0x0,
    0x0, 0x0, 0x0, 0x0, 0x0, 0x3, 0xff, 0xff,
    0xff, 0xff, 0xff, 0xc0,

    /* U+003E ">" */
    0x40, 0x0, 0x3, 0xe0, 0x0, 0xf, 0xf8, 0x0,
    0x6, 0xff, 0x40, 0x0, 0xbf, 0xd0, 0x0, 0x1f,
    0xf0, 0x0, 0x2f, 0xc0, 0x1b, 0xfd, 0x7, 0xfe,
    0x2, 0xff, 0x80, 0xf, 0xd0, 0x0, 0x34, 0x0,
    0x0, 0x0, 0x0, 0x0,

    /* U+003F "?" */
    0x7, 0xfe, 0x2, 0xff, 0xfc, 0x7e, 0xb, 0xef,
    0xc0, 0x3f, 0xf8, 0x2, 0xf1, 0x0, 0x3f, 0x0,
    0xb, 0xe0, 0x2, 0xfc, 0x0, 0x7e, 0x0, 0xf,
    0xc0, 0x1, 0xf0, 0x0, 0x1f, 0x0, 0x0, 0x0,
    0x0, 0x2e, 0x0, 0x3, 0xf0, 0x0, 0x2e, 0x0,

    /* U+0040 "@" */
    0x0, 0x1f, 0xfe, 0x0, 0x0, 0xbf, 0xff, 0xf8,
    0x0, 0xbf, 0x40, 0x6f, 0x80, 0xbe, 0x2f, 0x8a,
    0xf0, 0x3e, 0x3f, 0xff, 0x5e, 0x2f, 0x2f, 0x83,
    0xc3, 0xcf, 0x8f, 0xc0, 0xf0, 0xf3, 0xe7, 0xd0,
    0x38, 0x3c, 0xfa, 0xf0, 0x1d, 0xe, 0x3e, 0x7c,
    0xb, 0xb, 0x4b, 0xdf, 0x47, 0xcb, 0x81, 0xf6,
    0xff, 0xbf, 0xc0, 0x3f, 0x5a, 0xa, 0x4f, 0x43,
    0xfd, 0x0, 0x6f, 0x80, 0x2f, 0xff, 0xff, 0x40,
    0x0, 0xbf, 0xf9, 0x0,

    /* U+0041 "A" */
    0x0, 0xf, 0xc0, 0x0, 0x0, 0xbf, 0x40, 0x0,
    0x3, 0xff, 0x0, 0x0, 0x1f, 0x7c, 0x0, 0x0,
    0xbc, 0xf8, 0x0, 0x3, 0xd2, 0xf0, 0x0, 0x1f,
    0x3, 0xd0, 0x0, 0xfc, 0xf, 0x80, 0x3, 0xd0,
    0x1f, 0x0, 0x2f, 0x40, 0x7d, 0x0, 0xff, 0xff,
    0xfc, 0x7, 0xff, 0xff, 0xf0, 0x2f, 0x0, 0x3,
    0xe0, 0xf8, 0x0, 0xb, 0xc7, 0xd0, 0x0, 0x1f,
    0x7f, 0x0, 0x0, 0x3e,

    /* U+0042 "B" */
    0xff, 0xff, 0xe0, 0x3f, 0xff, 0xff, 0xf, 0x80,
    0xb, 0xe3, 0xe0, 0x0, 0xbc, 0xf8, 0x0, 0x2f,
    0x3e, 0x0, 0xf, 0xcf, 0x80, 0xb, 0xd3, 0xff,
    0xff, 0xd0, 0xff, 0xff, 0xfc, 0x3e, 0x0, 0x1f,
    0xcf, 0x80, 0x0, 0xf7, 0xe0, 0x0, 0x3e, 0xf8,
    0x0, 0xf, 0x7e, 0x0, 0x1f, 0xcf, 0xff, 0xff,
    0xe3, 0xff, 0xff, 0x90,

    /* U+0043 "C" */
    0x0, 0x7f, 0xf4, 0x0, 0x1f, 0xff, 0xfc, 0x1,
    0xfd, 0x2, 0xfc, 0xf, 0xc0, 0x1, 0xf8, 0x7d,
    0x0, 0x2, 0xf2, 0xf0, 0x0, 0x0, 0xf, 0x80,
    0x0, 0x0, 0x3e, 0x0, 0x0, 0x0, 0xf8, 0x0,
    0x0, 0x3, 0xe0, 0x0, 0x0, 0xb, 0xc0, 0x0,
    0xa, 0x1f, 0x0, 0x0, 0xbc, 0x3f, 0x0, 0x7,
    0xe0, 0x7f, 0x40, 0xbf, 0x0, 0x7f, 0xff, 0xf0,
    0x0, 0x2f, 0xf9, 0x0,

    /* U+0044 "D" */
    0xff, 0xff, 0x90, 0xf, 0xff, 0xff, 0xc0, 0xf8,
    0x1, 0xbf, 0xf, 0x80, 0x1, 0xf8, 0xf8, 0x0,
    0xb, 0xcf, 0x80, 0x0, 0x7d, 0xf8, 0x0, 0x3,
    0xdf, 0x80, 0x0, 0x3e, 0xf8, 0x0, 0x3, 0xef,
    0x80, 0x0, 0x3d, 0xf8, 0x0, 0x7, 0xdf, 0x80,
    0x0, 0xbc, 0xf8, 0x0, 0x1f, 0x8f, 0x80, 0x1b,
    0xf0, 0xff, 0xff, 0xfc, 0xf, 0xff, 0xf9, 0x0,

    /* U+0045 "E" */
    0xff, 0xff, 0xfe, 0xff, 0xff, 0xfe, 0xf8, 0x0,
    0x0, 0xf8, 0x0, 0x0, 0xf8, 0x0, 0x0, 0xf8,
    0x0, 0x0, 0xf8, 0x0, 0x0, 0xff, 0xff, 0xfc,
    0xff, 0xff, 0xfc, 0xf8, 0x0, 0x0, 0xf8, 0x0,
    0x0, 0xf8, 0x0, 0x0, 0xf8, 0x0, 0x0, 0xf8,
    0x0, 0x0, 0xff, 0xff, 0xfe, 0xff, 0xff, 0xfe,

    /* U+0046 "F" */
    0xff, 0xff, 0xfb, 0xff, 0xff, 0xef, 0x80, 0x0,
    0x3e, 0x0, 0x0, 0xf8, 0x0, 0x3, 0xe0, 0x0,
    0xf, 0x80, 0x0, 0x3f, 0xff, 0xfe, 0xff, 0xff,
    0xfb, 0xe0, 0x0, 0xf, 0x80, 0x0, 0x3e, 0x0,
    0x0, 0xf8, 0x0, 0x3, 0xe0, 0x0, 0xf, 0x80,
    0x0, 0x3e, 0x0, 0x0,

    /* U+0047 "G" */
    0x0, 0x6f, 0xf8, 0x0, 0xf, 0xff, 0xfe, 0x0,
    0xfe, 0x1, 0xfe, 0xf, 0xc0, 0x0, 0xfc, 0x7d,
    0x0, 0x0, 0xf6, 0xf0, 0x0, 0x0, 0xf, 0x80,
    0x0, 0x0, 0x3e, 0x0, 0x3f, 0xfe, 0xf8, 0x0,
    0xff, 0xfb, 0xe0, 0x0, 0x3, 0xeb, 0xc0, 0x0,
    0xf, 0x9f, 0x40, 0x0, 0x3e, 0x3f, 0x0, 0x0,
    0xf8, 0x3f, 0x90, 0x1f, 0xe0, 0x3f, 0xff, 0xfe,
    0x0, 0x1b, 0xff, 0x80,

    /* U+0048 "H" */
    0xf8, 0x0, 0xb, 0xfe, 0x0, 0x2, 0xff, 0x80,
    0x0, 0xbf, 0xe0, 0x0, 0x2f, 0xf8, 0x0, 0xb,
    0xfe, 0x0, 0x2, 0xff, 0x80, 0x0, 0xbf, 0xff,
    0xff, 0xff, 0xff, 0xff, 0xff, 0xfe, 0x0, 0x2,
    0xff, 0x80, 0x0, 0xbf, 0xe0, 0x0, 0x2f, 0xf8,
    0x0, 0xb, 0xfe, 0x0, 0x2, 0xff, 0x80, 0x0,
    0xbf, 0xe0, 0x0, 0x2f,

    /* U+0049 "I" */
    0xfb, 0xef, 0xbe, 0xfb, 0xef, 0xbe, 0xfb, 0xef,
    0xbe, 0xfb, 0xef, 0xbe,

    /* U+004A "J" */
    0x0, 0x2, 0xf0, 0x0, 0x2f, 0x0, 0x2, 0xf0,
    0x0, 0x2f, 0x0, 0x2, 0xf0, 0x0, 0x2f, 0x0,
    0x2, 0xf0, 0x0, 0x2f, 0x0, 0x2, 0xf0, 0x0,
    0x2f, 0xa4, 0x2, 0xff, 0x80, 0x2f, 0xfc, 0x3,
    0xf7, 0xf5, 0xfe, 0x3f, 0xff, 0xc0, 0xbf, 0xe0,

    /* U+004B "K" */
    0xf8, 0x0, 0x2f, 0x83, 0xe0, 0x2, 0xf8, 0xf,
    0x80, 0x2f, 0x80, 0x3e, 0x2, 0xf8, 0x0, 0xf8,
    0x2f, 0x80, 0x3, 0xe1, 0xf8, 0x0, 0xf, 0x9f,
    0x80, 0x0, 0x3f, 0xfe, 0x0, 0x0, 0xff, 0xfe,
    0x0, 0x3, 0xf8, 0xbd, 0x0, 0xf, 0x80, 0xfd,
    0x0, 0x3e, 0x0, 0xfd, 0x0, 0xf8, 0x1, 0xfc,
    0x3, 0xe0, 0x1, 0xfc, 0xf, 0x80, 0x2, 0xfc,
    0x3e, 0x0, 0x2, 0xf8,

    /* U+004C "L" */
    0xf8, 0x0, 0x3, 0xe0, 0x0, 0xf, 0x80, 0x0,
    0x3e, 0x0, 0x0, 0xf8, 0x0, 0x3, 0xe0, 0x0,
    0xf, 0x80, 0x0, 0x3e, 0x0, 0x0, 0xf8, 0x0,
    0x3, 0xe0, 0x0, 0xf, 0x80, 0x0, 0x3e, 0x0,
    0x0, 0xf8, 0x0, 0x3, 0xe5, 0x55, 0x5f, 0xff,
    0xff, 0xff, 0xff, 0xff,

    /* U+004D "M" */
    0xfc, 0x0, 0x0, 0x2f, 0xbf, 0x80, 0x0, 0xf,
    0xef, 0xf0, 0x0, 0x7, 0xfb, 0xfd, 0x0, 0x3,
    0xfe, 0xff, 0xc0, 0x1, 0xff, 0xbf, 0xf4, 0x0,
    0xbb, 0xef, 0xbe, 0x0, 0x3d, 0xfb, 0xe7, 0xc0,
    0x2f, 0x3e, 0xf8, 0xf8, 0xf, 0x4f, 0xbe, 0x2f,
    0x7, 0xc3, 0xef, 0x83, 0xd3, 0xe0, 0xfb, 0xe0,
    0xbd, 0xf0, 0x3e, 0xf8, 0x1f, 0xfc, 0xf, 0xbe,
    0x3, 0xfd, 0x3, 0xef, 0x80, 0x7f, 0x0, 0xfb,
    0xe0, 0xf, 0x80, 0x3e,

    /* U+004E "N" */
    0xfc, 0x0, 0xb, 0xff, 0x80, 0x2, 0xff, 0xf0,
    0x0, 0xbf, 0xff, 0x0, 0x2f, 0xff, 0xe0, 0xb,
    0xfe, 0xbd, 0x2, 0xff, 0x8f, 0xc0, 0xbf, 0xe1,
    0xf8, 0x2f, 0xf8, 0x2f, 0x4b, 0xfe, 0x3, 0xf2,
    0xff, 0x80, 0x3e, 0xbf, 0xe0, 0xb, 0xff, 0xf8,
    0x0, 0xff, 0xfe, 0x0, 0xf, 0xff, 0x80, 0x1,
    0xff, 0xe0, 0x0, 0x3f,

    /* U+004F "O" */
    0x0, 0x6f, 0xf8, 0x0, 0x3, 0xff, 0xff, 0x80,
    0xf, 0xe0, 0x1b, 0xe0, 0x3f, 0x0, 0x2, 0xf4,
    0x7d, 0x0, 0x0, 0xfc, 0xbc, 0x0, 0x0, 0x7c,
    0xf8, 0x0, 0x0, 0x3d, 0xf8, 0x0, 0x0, 0x3e,
    0xf8, 0x0, 0x0, 0x3e, 0xf8, 0x0, 0x0, 0x3d,
    0xbc, 0x0, 0x0, 0x7c, 0x7d, 0x0, 0x0, 0xfc,
    0x3f, 0x0, 0x2, 0xf4, 0xf, 0xe0, 0x1b, 0xe0,
    0x3, 0xff, 0xff, 0x80, 0x0, 0x6f, 0xf8, 0x0,

    /* U+0050 "P" */
    0xff, 0xff, 0xd0, 0xff, 0xff, 0xfc, 0xf8, 0x1,
    0xbd, 0xf8, 0x0, 0x3f, 0xf8, 0x0, 0x2f, 0xf8,
    0x0, 0x2f, 0xf8, 0x0, 0x3f, 0xf8, 0x1, 0xbd,
    0xff, 0xff, 0xfc, 0xff, 0xff, 0xd0, 0xf8, 0x0,
    0x0, 0xf8, 0x0, 0x0, 0xf8, 0x0, 0x0, 0xf8,
    0x0, 0x0, 0xf8, 0x0, 0x0, 0xf8, 0x0, 0x0,

    /* U+0051 "Q" */
    0x0, 0x6f, 0xf8, 0x0, 0x3, 0xff, 0xff, 0x80,
    0xf, 0xe0, 0x1b, 0xe0, 0x3f, 0x0, 0x2, 0xf4,
    0x7d, 0x0, 0x0, 0xfc, 0xbc, 0x0, 0x0, 0x7c,
    0xf8, 0x0, 0x0, 0x3d, 0xf8, 0x0, 0x0, 0x3e,
    0xf8, 0x0, 0x0, 0x3e, 0xf8, 0x0, 0x10, 0x3d,
    0xbc, 0x0, 0xbc, 0x7d, 0x7d, 0x0, 0x3f, 0xfc,
    0x3f, 0x0, 0xf, 0xf8, 0xf, 0xe0, 0x1f, 0xf0,
    0x3, 0xff, 0xff, 0xf4, 0x0, 0x6f, 0xf9, 0xbc,
    0x0, 0x0, 0x0, 0x3c, 0x0, 0x0, 0x0, 0x0,

    /* U+0052 "R" */
    0xff, 0xff, 0xe0, 0x3f, 0xff, 0xff, 0xf, 0x80,
    0xb, 0xe3, 0xe0, 0x0, 0xfc, 0xf8, 0x0, 0x2f,
    0x3e, 0x0, 0xf, 0xcf, 0x80, 0xb, 0xd3, 0xff,
    0xff, 0xd0, 0xff, 0xff, 0xf4, 0x3e, 0x0, 0x7f,
    0x4f, 0x80, 0x3, 0xe3, 0xe0, 0x0, 0xf8, 0xf8,
    0x0, 0x2f, 0x3e, 0x0, 0xb, 0xcf, 0x80, 0x1,
    0xf3, 0xe0, 0x0, 0x3e,

    /* U+0053 "S" */
    0x1, 0xbf, 0xe4, 0x0, 0xbf, 0xff, 0xe0, 0x2f,
    0x80, 0x7f, 0x43, 0xe0, 0x0, 0xfc, 0x3e, 0x0,
    0x7, 0xc3, 0xf4, 0x0, 0x0, 0x1f, 0xf9, 0x0,
    0x0, 0x7f, 0xfe, 0x40, 0x0, 0x2f, 0xff, 0x0,
    0x0, 0x7, 0xfc, 0x14, 0x0, 0xb, 0xd7, 0xc0,
    0x0, 0x3e, 0x3e, 0x0, 0x3, 0xd3, 0xf9, 0x1,
    0xfc, 0xf, 0xff, 0xff, 0x40, 0x1b, 0xff, 0x40,

    /* U+0054 "T" */
    0xff, 0xff, 0xff, 0xff, 0xff, 0xff, 0xf0, 0x3,
    0xe0, 0x0, 0x0, 0xf8, 0x0, 0x0, 0x3e, 0x0,
    0x0, 0xf, 0x80, 0x0, 0x3, 0xe0, 0x0, 0x0,
    0xf8, 0x0, 0x0, 0x3e, 0x0, 0x0, 0xf, 0x80,
    0x0, 0x3, 0xe0, 0x0, 0x0, 0xf8, 0x0, 0x0,
    0x3e, 0x0, 0x0, 0xf, 0x80, 0x0, 0x3, 0xe0,
    0x0, 0x0, 0xf8, 0x0,

    /* U+0055 "U" */
    0xf8, 0x0, 0xb, 0xfe, 0x0, 0x2, 0xff, 0x80,
    0x0, 0xbf, 0xe0, 0x0, 0x2f, 0xf8, 0x0, 0xb,
    0xfe, 0x0, 0x2, 0xff, 0x80, 0x0, 0xbf, 0xe0,
    0x0, 0x2f, 0xf8, 0x0, 0xb, 0xfe, 0x0, 0x2,
    0xff, 0x80, 0x0, 0xbf, 0xf0, 0x0, 0x3f, 0xbc,
    0x0, 0xf, 0x8f, 0xd0, 0x1f, 0xc0, 0xff, 0xff,
    0xc0, 0x7, 0xff, 0x40,

    /* U+0056 "V" */
    0xbc, 0x0, 0x2, 0xf1, 0xf4, 0x0, 0xf, 0xc3,
    0xe0, 0x0, 0x3e, 0xb, 0xc0, 0x2, 0xf0, 0x1f,
    0x40, 0xf, 0xc0, 0x3e, 0x0, 0x3d, 0x0, 0xbc,
    0x2, 0xf0, 0x1, 0xf4, 0xf, 0xc0, 0x3, 0xe0,
    0x3d, 0x0, 0xb, 0xc2, 0xf0, 0x0, 0xf, 0x4f,
    0x80, 0x0, 0x3e, 0x3d, 0x0, 0x0, 0xbe, 0xf0,
    0x0, 0x0, 0xff, 0x80, 0x0, 0x3, 0xfd, 0x0,
    0x0, 0x7, 0xf0, 0x0,

    /* U+0057 "W" */
    0xfc, 0x0, 0x3f, 0x0, 0xf, 0x9f, 0x40, 0xf,
    0xc0, 0x7, 0xd3, 0xe0, 0x7, 0xf4, 0x2, 0xf0,
    0xfc, 0x2, 0xfe, 0x0, 0xfc, 0x2f, 0x0, 0xfb,
    0xc0, 0x3e, 0x7, 0xd0, 0x7c, 0xf0, 0x1f, 0x40,
    0xf8, 0x2f, 0x3d, 0xb, 0xc0, 0x3f, 0xf, 0x8b,
    0x83, 0xe0, 0x7, 0xc3, 0xd1, 0xf0, 0xf4, 0x0,
    0xf5, 0xf0, 0x3c, 0x7c, 0x0, 0x3e, 0xbc, 0xf,
    0x6f, 0x0, 0xb, 0xfe, 0x2, 0xef, 0x80, 0x1,
    0xff, 0x40, 0x7f, 0xd0, 0x0, 0x3f, 0xc0, 0xf,
    0xf0, 0x0, 0xf, 0xf0, 0x3, 0xfc, 0x0, 0x2,
    0xf8, 0x0, 0xbd, 0x0,

    /* U+0058 "X" */
    0x3f, 0x0, 0x7, 0xf0, 0xbe, 0x0, 0x3f, 0x0,
    0xfc, 0x2, 0xf4, 0x0, 0xfc, 0x1f, 0x80, 0x1,
    0xf8, 0xfc, 0x0, 0x3, 0xfb, 0xd0, 0x0, 0x3,
    0xfe, 0x0, 0x0, 0x7, 0xf0, 0x0, 0x0, 0x3f,
    0xd0, 0x0, 0x1, 0xff, 0xc0, 0x0, 0xf, 0xdf,
    0x80, 0x0, 0xfc, 0x2f, 0x40, 0xb, 0xe0, 0x3f,
    0x0, 0x3f, 0x0, 0x7f, 0x3, 0xf0, 0x0, 0xbd,
    0x2f, 0x80, 0x0, 0xfc,

    /* U+0059 "Y" */
    0x3f, 0x0, 0x0, 0xbd, 0xf, 0xc0, 0x1, 0xfc,
    0xb, 0xd0, 0x3, 0xf0, 0x3, 0xf0, 0x7, 0xd0,
    0x1, 0xf8, 0xf, 0xc0, 0x0, 0xbd, 0x2f, 0x0,
    0x0, 0x3f, 0x7e, 0x0, 0x0, 0x1f, 0xfc, 0x0,
    0x0, 0xb, 0xf4, 0x0, 0x0, 0x3, 0xe0, 0x0,
    0x0, 0x3, 0xe0, 0x0, 0x0, 0x3, 0xe0, 0x0,
    0x0, 0x3, 0xe0, 0x0, 0x0, 0x3, 0xe0, 0x0,
    0x0, 0x3, 0xe0, 0x0, 0x0, 0x3, 0xe0, 0x0,

    /* U+005A "Z" */
    0x3f, 0xff, 0xff, 0xcf, 0xff, 0xff, 0xf0, 0x0,
    0x3, 0xf8, 0x0, 0x2, 0xfc, 0x0, 0x1, 0xfc,
    0x0, 0x0, 0xfd, 0x0, 0x0, 0xfd, 0x0, 0x0,
    0xbe, 0x0, 0x0, 0xbf, 0x0, 0x0, 0x7f, 0x0,
    0x0, 0x3f, 0x40, 0x0, 0x3f, 0x80, 0x0, 0x2f,
    0xc0, 0x0, 0x2f, 0xc0, 0x0, 0xf, 0xff, 0xff,
    0xff, 0xff, 0xff, 0xff,

    /* U+005B "[" */
    0x0, 0xf, 0xff, 0xff, 0xff, 0x80, 0xf8, 0xf,
    0x80, 0xf8, 0xf, 0x80, 0xf8, 0xf, 0x80, 0xf8,
    0xf, 0x80, 0xf8, 0xf, 0x80, 0xf8, 0xf, 0x80,
    0xf8, 0xf, 0x80, 0xf8, 0xf, 0x80, 0xff, 0xff,
    0xff,

    /* U+005C "\\" */
    0x3c, 0x0, 0x0, 0xf4, 0x0, 0x1, 0xe0, 0x0,
    0x3, 0xc0, 0x0, 0xf, 0x40, 0x0, 0x1f, 0x0,
    0x0, 0x3c, 0x0, 0x0, 0xb4, 0x0, 0x1, 0xf0,
    0x0, 0x3, 0xc0, 0x0, 0xb, 0x80, 0x0, 0xf,
    0x0, 0x0, 0x3d, 0x0, 0x0, 0x78, 0x0, 0x0,
    0xf0, 0x0, 0x3, 0xd0, 0x0, 0x7, 0xc0, 0x0,
    0xf, 0x0, 0x0, 0x2d, 0x0, 0x0, 0x7c, 0x0,
    0x0, 0xf0,

    /* U+005D "]" */
    0x0, 0x2, 0xff, 0xeb, 0xff, 0x80, 0x3e, 0x0,
    0xf8, 0x3, 0xe0, 0xf, 0x80, 0x3e, 0x0, 0xf8,
    0x3, 0xe0, 0xf, 0x80, 0x3e, 0x0, 0xf8, 0x3,
    0xe0, 0xf, 0x80, 0x3e, 0x0, 0xf8, 0x3, 0xe0,
    0xf, 0x80, 0x3e, 0xbf, 0xfa, 0xff, 0xe0,

    /* U+005E "^" */
    0x1, 0xf4, 0x0, 0x3f, 0xc0, 0x7, 0xfc, 0x0,
    0xb5, 0xe0, 0xf, 0xf, 0x2, 0xd0, 0x78, 0x3c,
    0x3, 0xc7, 0x80, 0x2d,

    /* U+005F "_" */
    0x0, 0x0, 0x3, 0xff, 0xff, 0xff, 0xff, 0xff,
    0xc0,

    /* U+0060 "`" */
    0x28, 0x3, 0xe0, 0xf, 0x0, 0x3c,

    /* U+0061 "a" */
    0x7, 0xff, 0x40, 0xbf, 0xff, 0x87, 0xe0, 0x2f,
    0x15, 0x0, 0x3d, 0x7, 0xff, 0xf8, 0xff, 0xff,
    0xeb, 0xe0, 0xf, 0xbf, 0x0, 0x3e, 0xf8, 0x2,
    0xfb, 0xf4, 0x6f, 0xe7, 0xff, 0xef, 0x87, 0xfd,
    0x3e,

    /* U+0062 "b" */
    0xf8, 0x0, 0x3, 0xe0, 0x0, 0xf, 0x80, 0x0,
    0x3e, 0x0, 0x0, 0xf8, 0xbe, 0x43, 0xef, 0xff,
    0x4f, 0xf4, 0x7f, 0x3f, 0x0, 0x3e, 0xfc, 0x0,
    0xbf, 0xe0, 0x2, 0xff, 0x80, 0xb, 0xfe, 0x0,
    0x2f, 0xfc, 0x0, 0xfb, 0xfd, 0x1f, 0xcf, 0xff,
    0xfd, 0x3d, 0x7f, 0x90,

    /* U+0063 "c" */
    0x2, 0xfe, 0x40, 0x7f, 0xff, 0x83, 0xf4, 0x7f,
    0x2f, 0x0, 0x3e, 0xf8, 0x0, 0x3, 0xe0, 0x0,
    0xf, 0x80, 0x0, 0x3e, 0x0, 0x19, 0xbc, 0x0,
    0xf8, 0xfd, 0x1f, 0xc1, 0xff, 0xfd, 0x0, 0xbf,
    0x80,

    /* U+0064 "d" */
    0x0, 0x0, 0xbc, 0x0, 0x2, 0xf0, 0x0, 0xb,
    0xc0, 0x0, 0x2f, 0x6, 0xf8, 0xbc, 0x7f, 0xfe,
    0xf3, 0xf4, 0x7f, 0xef, 0x0, 0x3f, 0xf8, 0x0,
    0xff, 0xe0, 0x2, 0xff, 0x80, 0xb, 0xfe, 0x0,
    0x2f, 0xbc, 0x0, 0xfc, 0xfd, 0x1f, 0xf1, 0xff,
    0xff, 0xc1, 0xbf, 0x5f,

    /* U+0065 "e" */
    0x2, 0xfe, 0x0, 0x7f, 0xff, 0x3, 0xf4, 0x7f,
    0x2f, 0x0, 0x3d, 0xfc, 0x0, 0xbb, 0xff, 0xff,
    0xff, 0xff, 0xff, 0xfe, 0x0, 0x0, 0xbc, 0x0,
    0xb8, 0xfd, 0xb, 0xc1, 0xff, 0xfd, 0x0, 0xbf,
    0x80,

    /* U+0066 "f" */
    0x1, 0xff, 0x3, 0xff, 0x7, 0xd0, 0xb, 0xc0,
    0xff, 0xff, 0xff, 0xff, 0xb, 0xc0, 0xb, 0xc0,
    0xb, 0xc0, 0xb, 0xc0, 0xb, 0xc0, 0xb, 0xc0,
    0xb, 0xc0, 0xb, 0xc0, 0xb, 0xc0, 0xb, 0xc0,

    /* U+0067 "g" */
    0x6, 0xfd, 0xbc, 0x7f, 0xff, 0xf3, 0xf4, 0x7f,
    0xef, 0x0, 0x3f, 0xfc, 0x0, 0xff, 0xe0, 0x2,
    0xff, 0x80, 0xb, 0xfe, 0x0, 0x2f, 0xbc, 0x0,
    0xfc, 0xfd, 0x1f, 0xf1, 0xff, 0xff, 0xc1, 0xbe,
    0x2f, 0x0, 0x0, 0xbd, 0xf4, 0xb, 0xd2, 0xff,
    0xfe, 0x1, 0xff, 0xd0,

    /* U+0068 "h" */
    0xf8, 0x0, 0xf, 0x80, 0x0, 0xf8, 0x0, 0xf,
    0x80, 0x0, 0xf8, 0xbf, 0x4f, 0xbf, 0xfc, 0xff,
    0xb, 0xef, 0xc0, 0x3f, 0xf8, 0x2, 0xff, 0x80,
    0x2f, 0xf8, 0x2, 0xff, 0x80, 0x2f, 0xf8, 0x2,
    0xff, 0x80, 0x2f, 0xf8, 0x2, 0xff, 0x80, 0x2f,

    /* U+0069 "i" */
    0xbb, 0xfb, 0x80, 0xbe, 0xfb, 0xef, 0xbe, 0xfb,
    0xef, 0xbe, 0xfb, 0xef,

    /* U+006A "j" */
    0xb, 0x83, 0xf0, 0xb8, 0x0, 0xb, 0xc2, 0xf0,
    0xbc, 0x2f, 0xb, 0xc2, 0xf0, 0xbc, 0x2f, 0xb,
    0xc2, 0xf0, 0xbc, 0x2f, 0xb, 0xc3, 0xfb, 0xfa,
    0xf8,

    /* U+006B "k" */
    0xf8, 0x0, 0x3, 0xe0, 0x0, 0xf, 0x80, 0x0,
    0x3e, 0x0, 0x0, 0xf8, 0x7, 0xf3, 0xe0, 0x7f,
    0xf, 0x87, 0xf0, 0x3e, 0x7f, 0x0, 0xff, 0xf0,
    0x3, 0xff, 0xc0, 0xf, 0xff, 0x80, 0x3f, 0x2f,
    0x40, 0xf8, 0x3f, 0x3, 0xe0, 0x3f, 0xf, 0x80,
    0x7e, 0x3e, 0x0, 0xbe,

    /* U+006C "l" */
    0xfb, 0xef, 0xbe, 0xfb, 0xef, 0xbe, 0xfb, 0xef,
    0xbe, 0xfb, 0xef, 0xbe,

    /* U+006D "m" */
    0xf9, 0xfe, 0x7, 0xf4, 0x3f, 0xff, 0xfb, 0xff,
    0x8f, 0xe0, 0xff, 0x83, 0xf3, 0xf0, 0xf, 0xc0,
    0x3d, 0xf8, 0x3, 0xe0, 0xf, 0xbe, 0x0, 0xf8,
    0x3, 0xef, 0x80, 0x3e, 0x0, 0xfb, 0xe0, 0xf,
    0x80, 0x3e, 0xf8, 0x3, 0xe0, 0xf, 0xbe, 0x0,
    0xf8, 0x3, 0xef, 0x80, 0x3e, 0x0, 0xfb, 0xe0,
    0xf, 0x80, 0x3e,

    /* U+006E "n" */
    0xf9, 0xfe, 0xf, 0xff, 0xfc, 0xfe, 0xb, 0xef,
    0xc0, 0x3f, 0xf8, 0x2, 0xff, 0x80, 0x2f, 0xf8,
    0x2, 0xff, 0x80, 0x2f, 0xf8, 0x2, 0xff, 0x80,
    0x2f, 0xf8, 0x2, 0xff, 0x80, 0x2f,

    /* U+006F "o" */
    0x2, 0xff, 0x40, 0xf, 0xff, 0xe0, 0x3f, 0x42,
    0xf8, 0xbc, 0x0, 0xbc, 0xfc, 0x0, 0x3d, 0xf8,
    0x0, 0x3e, 0xf8, 0x0, 0x3e, 0xfc, 0x0, 0x3d,
    0xbc, 0x0, 0xbc, 0x3f, 0x42, 0xf8, 0xf, 0xff,
    0xe0, 0x2, 0xff, 0x40,

    /* U+0070 "p" */
    0xf5, 0xfe, 0x43, 0xff, 0xff, 0x4f, 0xf4, 0x7f,
    0x3f, 0x0, 0x3e, 0xf8, 0x0, 0xbf, 0xe0, 0x2,
    0xff, 0x80, 0xb, 0xff, 0x0, 0x2f, 0xfc, 0x0,
    0xfb, 0xfd, 0x1f, 0xcf, 0xbf, 0xfd, 0x3e, 0x2f,
    0x90, 0xf8, 0x0, 0x3, 0xe0, 0x0, 0xf, 0x80,
    0x0, 0x3e, 0x0, 0x0,

    /* U+0071 "q" */
    0x6, 0xfd, 0x7c, 0x7f, 0xff, 0xf3, 0xf4, 0x7f,
    0xef, 0x0, 0x3f, 0xf8, 0x0, 0xbf, 0xe0, 0x2,
    0xff, 0x80, 0xb, 0xfe, 0x0, 0x3f, 0xbc, 0x0,
    0xfc, 0xfd, 0x1f, 0xf1, 0xff, 0xfb, 0xc1, 0xbe,
    0x2f, 0x0, 0x0, 0xbc, 0x0, 0x2, 0xf0, 0x0,
    0xb, 0xc0, 0x0, 0x2f,

    /* U+0072 "r" */
    0xf9, 0xff, 0xff, 0xff, 0xf4, 0x3f, 0x0, 0xf8,
    0x3, 0xe0, 0xf, 0x80, 0x3e, 0x0, 0xf8, 0x3,
    0xe0, 0xf, 0x80, 0x3e, 0x0,

    /* U+0073 "s" */
    0x2, 0xff, 0x40, 0x7f, 0xff, 0xc3, 0xf4, 0x2f,
    0x4f, 0x80, 0x29, 0x2f, 0x90, 0x0, 0x2f, 0xfe,
    0x0, 0x6, 0xff, 0x0, 0x0, 0x7f, 0x3d, 0x0,
    0xbc, 0xfd, 0x7, 0xf1, 0xff, 0xff, 0x40, 0xbf,
    0xe0,

    /* U+0074 "t" */
    0x1, 0x40, 0xf, 0x80, 0xf, 0x80, 0xf, 0x80,
    0xff, 0xfc, 0xff, 0xfc, 0xf, 0x80, 0xf, 0x80,
    0xf, 0x80, 0xf, 0x80, 0xf, 0x80, 0xf, 0x80,
    0xf, 0x80, 0xf, 0x80, 0xb, 0xfc, 0x2, 0xfc,

    /* U+0075 "u" */
    0xf8, 0x2, 0xff, 0x80, 0x2f, 0xf8, 0x2, 0xff,
    0x80, 0x2f, 0xf8, 0x2, 0xff, 0x80, 0x2f, 0xf8,
    0x2, 0xff, 0x80, 0x2f, 0xfc, 0x3, 0xfb, 0xe1,
    0xff, 0x3f, 0xff, 0xf1, 0xfe, 0x2f,

    /* U+0076 "v" */
    0xbc, 0x0, 0xfc, 0x7d, 0x0, 0xf4, 0x3e, 0x1,
    0xf0, 0x2f, 0x3, 0xf0, 0x1f, 0x3, 0xd0, 0xf,
    0x87, 0xc0, 0xb, 0xcb, 0x80, 0x7, 0xdf, 0x40,
    0x3, 0xff, 0x0, 0x2, 0xfe, 0x0, 0x0, 0xfd,
    0x0, 0x0, 0xfc, 0x0,

    /* U+0077 "w" */
    0xbc, 0x2, 0xf0, 0xf, 0xdf, 0x40, 0xfc, 0x3,
    0xe3, 0xe0, 0x3f, 0x41, 0xf0, 0xfc, 0x2f, 0xe0,
    0xbc, 0x1f, 0xf, 0x7c, 0x3e, 0x3, 0xd3, 0xcf,
    0xf, 0x0, 0xf9, 0xe2, 0xd7, 0xc0, 0x2f, 0xb4,
    0x7a, 0xe0, 0x3, 0xfc, 0xf, 0xf4, 0x0, 0xff,
    0x3, 0xfc, 0x0, 0x2f, 0x80, 0xbe, 0x0, 0x3,
    0xd0, 0x1f, 0x40,

    /* U+0078 "x" */
    0x3f, 0x0, 0xfc, 0x1f, 0x82, 0xf0, 0xb, 0xc7,
    0xd0, 0x3, 0xff, 0x80, 0x1, 0xff, 0x0, 0x0,
    0xbd, 0x0, 0x0, 0xff, 0x0, 0x3, 0xff, 0x80,
    0x7, 0xd7, 0xd0, 0xf, 0x83, 0xf0, 0x3f, 0x0,
    0xf8, 0xbd, 0x0, 0xbd,

    /* U+0079 "y" */
    0xbc, 0x0, 0x7d, 0x7d, 0x0, 0xfc, 0x3f, 0x0,
    0xf8, 0x1f, 0x1, 0xf0, 0xf, 0x43, 0xe0, 0xb,
    0xc3, 0xd0, 0x7, 0xcb, 0xc0, 0x3, 0xef, 0x80,
    0x1, 0xff, 0x0, 0x0, 0xff, 0x0, 0x0, 0xbd,
    0x0, 0x0, 0x7c, 0x0, 0x0, 0xf8, 0x0, 0x1,
    0xf4, 0x0, 0x2, 0xf0, 0x0, 0x3, 0xd0, 0x0,

    /* U+007A "z" */
    0xff, 0xff, 0xff, 0xff, 0xff, 0x0, 0xf, 0xd0,
    0x2, 0xf8, 0x0, 0x7e, 0x0, 0xf, 0xc0, 0x3,
    0xf0, 0x0, 0xfd, 0x0, 0x2f, 0x80, 0x7, 0xf0,
    0x0, 0xff, 0xff, 0xff, 0xff, 0xff,

    /* U+007B "{" */
    0x0, 0x0, 0xb, 0xf0, 0xbf, 0xc3, 0xf0, 0xf,
    0x80, 0x3e, 0x0, 0xf8, 0x3, 0xe0, 0xf, 0x80,
    0x3d, 0xb, 0xf0, 0x3f, 0x0, 0xbf, 0x0, 0x3d,
    0x0, 0xf8, 0x3, 0xe0, 0xf, 0x80, 0x3e, 0x0,
    0xf8, 0x3, 0xf0, 0xb, 0xfc, 0xb, 0xf0,

    /* U+007C "|" */
    0xa7, 0xef, 0xbe, 0xfb, 0xef, 0xbe, 0xfb, 0xef,
    0xbe, 0xfb, 0xef, 0xbe, 0xfb, 0xef, 0xbe, 0xfb,
    0xef, 0x80,

    /* U+007D "}" */
    0x0, 0x0, 0xbf, 0x40, 0xbf, 0xc0, 0x7, 0xd0,
    0x3, 0xe0, 0x3, 0xe0, 0x3, 0xe0, 0x3, 0xe0,
    0x3, 0xe0, 0x3, 0xf0, 0x1, 0xfd, 0x0, 0x7e,
    0x1, 0xf8, 0x3, 0xe0, 0x3, 0xe0, 0x3, 0xe0,
    0x3, 0xe0, 0x3, 0xe0, 0x3, 0xe0, 0x7, 0xd0,
    0xbf, 0xc0, 0xbf, 0x0,

    /* U+007E "~" */
    0xf, 0x80, 0x10, 0xff, 0xe2, 0xd7, 0x8b, 0xff,
    0x4, 0x2, 0xf0,

    /* U+00B0 "°" */
    0xb, 0x82, 0x8e, 0x30, 0x73, 0x3, 0x38, 0xa0,
    0xfc, 0x0, 0x0,

    /* U+00B1 "±" */
    0x0, 0xbc, 0x0, 0x2, 0xf0, 0x0, 0xb, 0xc0,
    0x3f, 0xff, 0xff, 0xff, 0xff, 0xfc, 0x2, 0xf0,
    0x0, 0xb, 0xc0, 0x0, 0x2f, 0x0, 0x0, 0x0,
    0x0, 0x0, 0x0, 0xf, 0xff, 0xff, 0xff, 0xff,
    0xff,

    /* U+00B7 "·" */
    0xbb, 0xfb, 0x80,

    /* U+00D7 "×" */
    0x10, 0x0, 0x10, 0xb8, 0x0, 0x7c, 0x7e, 0x1,
    0xf8, 0x1f, 0x83, 0xe0, 0x7, 0xef, 0x80, 0x1,
    0xfe, 0x0, 0x0, 0xfd, 0x0, 0x3, 0xff, 0x40,
    0xf, 0xcb, 0xd0, 0x3f, 0x2, 0xf4, 0xbc, 0x0,
    0xbc, 0x20, 0x0, 0x20,

    /* U+00F7 "÷" */
    0x0, 0xb8, 0x0, 0x3, 0xf0, 0x0, 0xb, 0x80,
    0x0, 0x0, 0x0, 0x0, 0x0, 0x3, 0xff, 0xff,
    0xff, 0xff, 0xff, 0xc0, 0x0, 0x0, 0x0, 0x0,
    0x0, 0x2, 0xe0, 0x0, 0xf, 0xc0, 0x0, 0x2e,
    0x0,

    /* U+2014 "—" */
    0x0, 0x0, 0x0, 0x0, 0x0, 0xf, 0xff, 0xff,
    0xff, 0xff, 0xff, 0xff, 0xff, 0xff, 0xff, 0xff,
    0xf0,

    /* U+2026 "…" */
    0xb8, 0x0, 0xb8, 0x0, 0xbb, 0xf0, 0x3, 0xf0,
    0x3, 0xfb, 0x80, 0xb, 0x80, 0xb, 0x80,

    /* U+2103 "℃" */
    0xf, 0xc0, 0x0, 0x0, 0x0, 0x38, 0xb0, 0x0,
    0x0, 0x0, 0x30, 0x30, 0xb, 0xf9, 0x0, 0x34,
    0x70, 0xbf, 0xff, 0xd0, 0xf, 0xc3, 0xf9, 0x5b,
    0xf4, 0x0, 0xb, 0xd0, 0x0, 0xfc, 0x0, 0xf,
    0x80, 0x0, 0x7c, 0x0, 0x1f, 0x0, 0x0, 0x0,
    0x0, 0x2f, 0x0, 0x0, 0x0, 0x0, 0x2f, 0x0,
    0x0, 0x0, 0x0, 0x2f, 0x0, 0x0, 0x0, 0x0,
    0x2f, 0x0, 0x0, 0x0, 0x0, 0x1f, 0x0, 0x0,
    0x29, 0x0, 0xf, 0x40, 0x0, 0x7d, 0x0, 0xf,
    0xc0, 0x0, 0xfc, 0x0, 0x3, 0xf4, 0x7, 0xf4,
    0x0, 0x1, 0xff, 0xff, 0xd0, 0x0, 0x0, 0x2f,
    0xfe, 0x0, 0x0, 0x0, 0x0, 0x0, 0x0,

    /* U+2190 "←" */
    0x0, 0x20, 0x0, 0x0, 0x0, 0x0, 0xb, 0x40,
    0x0, 0x0, 0x0, 0x2, 0xe0, 0x0, 0x0, 0x0,
    0x0, 0xfc, 0x0, 0x0, 0x0, 0x0, 0x3f, 0xff,
    0xff, 0xff, 0xff, 0xd3, 0xff, 0xff, 0xff, 0xff,
    0xfe, 0xf, 0x80, 0x0, 0x0, 0x0, 0x0, 0x3e,
    0x0, 0x0, 0x0, 0x0, 0x0, 0xb4, 0x0, 0x0,
    0x0, 0x0, 0x2, 0x40, 0x0, 0x0, 0x0,

    /* U+2191 "↑" */
    0x0, 0x0, 0x0, 0x9, 0x0, 0x1, 0xf4, 0x0,
    0x7f, 0xd0, 0x1f, 0xff, 0x47, 0xcf, 0x7c, 0xb0,
    0xf0, 0xe0, 0xf, 0x0, 0x0, 0xf0, 0x0, 0xf,
    0x0, 0x0, 0xf0, 0x0, 0xf, 0x0, 0x0, 0xf0,
    0x0, 0xf, 0x0, 0x0, 0xf0, 0x0, 0xf, 0x0,
    0x0, 0xf0, 0x0, 0xf, 0x0, 0x0, 0xf0, 0x0,
    0xf, 0x0, 0x0, 0xf0, 0x0, 0xf, 0x0,

    /* U+2192 "→" */
    0x0, 0x0, 0x0, 0x0, 0x80, 0x0, 0x0, 0x0,
    0x0, 0x1e, 0x0, 0x0, 0x0, 0x0, 0x0, 0xb8,
    0x0, 0x0, 0x0, 0x0, 0x3, 0xf0, 0x7f, 0xff,
    0xff, 0xff, 0xff, 0xcb, 0xff, 0xff, 0xff, 0xff,
    0xfc, 0x0, 0x0, 0x0, 0x0, 0x2f, 0x0, 0x0,
    0x0, 0x0, 0xb, 0xc0, 0x0, 0x0, 0x0, 0x1,
    0xe0, 0x0, 0x0, 0x0, 0x0, 0x18, 0x0,

    /* U+2193 "↓" */
    0x0, 0xf0, 0x0, 0xf, 0x0, 0x0, 0xf0, 0x0,
    0xf, 0x0, 0x0, 0xf0, 0x0, 0xf, 0x0, 0x0,
    0xf0, 0x0, 0xf, 0x0, 0x0, 0xf0, 0x0, 0xf,
    0x0, 0x0, 0xf0, 0x0, 0xf, 0x0, 0x0, 0xf0,
    0x0, 0xf, 0x0, 0x0, 0xf0, 0xb, 0xf, 0xe,
    0x7c, 0xf7, 0xc1, 0xff, 0xf4, 0x7, 0xfd, 0x0,
    0x1f, 0x40, 0x0, 0x90, 0x0, 0x0, 0x0,

    /* U+25CF "●" */
    0x0, 0xa, 0xa4, 0x0, 0x0, 0x3f, 0xff, 0xe0,
    0x0, 0x7f, 0xff, 0xff, 0x0, 0x7f, 0xff, 0xff,
    0xf0, 0x3f, 0xff, 0xff, 0xfe, 0x1f, 0xff, 0xff,
    0xff, 0xcb, 0xff, 0xff, 0xff, 0xf7, 0xff, 0xff,
    0xff, 0xfe, 0xff, 0xff, 0xff, 0xff, 0xbf, 0xff,
    0xff, 0xff, 0xef, 0xff, 0xff, 0xff, 0xfa, 0xff,
    0xff, 0xff, 0xfc, 0x3f, 0xff, 0xff, 0xff, 0x7,
    0xff, 0xff, 0xff, 0x0, 0xbf, 0xff, 0xff, 0x40,
    0x7, 0xff, 0xff, 0x40, 0x0, 0x2f, 0xf9, 0x0,
    0x0,

    /* U+2713 "✓" */
    0x0, 0x0, 0x0, 0x0, 0x0, 0x0, 0x0, 0x28,
    0x0, 0x0, 0x0, 0xbe, 0x0, 0x0, 0x1, 0xfc,
    0x0, 0x0, 0x3, 0xf0, 0x0, 0x0, 0xb, 0xd0,
    0x0, 0x0, 0x1f, 0x80, 0x0, 0x0, 0x3f, 0x0,
    0x0, 0x0, 0x7c, 0x0, 0x0, 0x0, 0xf8, 0x0,
    0x38, 0x1, 0xf0, 0x0, 0xbc, 0x3, 0xe0, 0x0,
    0x3f, 0x7, 0xc0, 0x0, 0x1f, 0x4b, 0x80, 0x0,
    0xf, 0x8f, 0x40, 0x0, 0x7, 0xdf, 0x0, 0x0,
    0x3, 0xfe, 0x0, 0x0, 0x1, 0xfd, 0x0, 0x0,
    0x0, 0x50, 0x0, 0x0,

    /* U+3001 "、" */
    0x0, 0x0, 0xf0, 0x3, 0xf0, 0x2, 0xf0, 0x2,
    0xf0, 0x3, 0xc0, 0x0, 0x0,

    /* U+3002 "。" */
    0x6, 0x40, 0xff, 0xc7, 0x47, 0x6c, 0xe, 0x3e,
    0xf0, 0x7f, 0x40,

    /* U+4E00 "一" */
    0x0, 0x0, 0x0, 0x0, 0x0, 0xff, 0xff, 0xff,
    0xff, 0xff, 0xff, 0xff, 0xff, 0xff, 0xff,

    /* U+4E09 "三" */
    0x0, 0x0, 0x0, 0x0, 0x0, 0x2f, 0xff, 0xff,
    0xff, 0xf8, 0x2f, 0xff, 0xff, 0xff, 0xf8, 0x0,
    0x0, 0x0, 0x0, 0x0, 0x0, 0x0, 0x0, 0x0,
    0x0, 0x0, 0x0, 0x0, 0x0, 0x0, 0x0, 0x0,
    0x0, 0x0, 0x0, 0x0, 0x0, 0x0, 0x0, 0x0,
    0x3, 0xff, 0xff, 0xff, 0xc0, 0x3, 0xff, 0xff,
    0xff, 0xc0, 0x0, 0x0, 0x0, 0x0, 0x0, 0x0,
    0x0, 0x0, 0x0, 0x0, 0x0, 0x0, 0x0, 0x0,
    0x0, 0x0, 0x0, 0x0, 0x0, 0x0, 0x0, 0x0,
    0x0, 0x0, 0x0, 0x0, 0x0, 0x0, 0x0, 0x0,
    0xff, 0xff, 0xff, 0xff, 0xff, 0xff, 0xff, 0xff,
    0xff, 0xff, 0x0, 0x0, 0x0, 0x0, 0x0,

    /* U+4E0A "上" */
    0x0, 0x0, 0xf0, 0x0, 0x0, 0x0, 0x0, 0xf0,
    0x0, 0x0, 0x0, 0x0, 0xf0, 0x0, 0x0, 0x0,
    0x0, 0xf0, 0x0, 0x0, 0x0, 0x0, 0xf0, 0x0,
    0x0, 0x0, 0x0, 0xf0, 0x0, 0x0, 0x0, 0x0,
    0xf4, 0x0, 0x0, 0x0, 0x0, 0xff, 0xff, 0xf4,
    0x0, 0x0, 0xff, 0xff, 0xf4, 0x0, 0x0, 0xf0,
    0x0, 0x0, 0x0, 0x0, 0xf0, 0x0, 0x0, 0x0,
    0x0, 0xf0, 0x0, 0x0, 0x0, 0x0, 0xf0, 0x0,
    0x0, 0x0, 0x0, 0xf0, 0x0, 0x0, 0x0, 0x0,
    0xf0, 0x0, 0x0, 0x0, 0x0, 0xf0, 0x0, 0x0,
    0x0, 0x0, 0xf0, 0x0, 0x0, 0xff, 0xff, 0xff,
    0xff, 0xff, 0xff, 0xff, 0xff, 0xff, 0xff, 0x0,
    0x0, 0x0, 0x0, 0x0,

    /* U+4E0B "下" */
    0xff, 0xff, 0xff, 0xff, 0xfe, 0xff, 0xff, 0xff,
    0xff, 0xfe, 0x0, 0x0, 0xf8, 0x0, 0x0, 0x0,
    0x0, 0xf4, 0x0, 0x0, 0x0, 0x0, 0xf4, 0x0,
    0x0, 0x0, 0x0, 0xfe, 0x0, 0x0, 0x0, 0x0,
    0xff, 0xe0, 0x0, 0x0, 0x0, 0xfb, 0xfe, 0x0,
    0x0, 0x0, 0xf4, 0x7f, 0xe0, 0x0, 0x0, 0xf4,
    0x7, 0xf4, 0x0, 0x0, 0xf4, 0x0, 0xa0, 0x0,
    0x0, 0xf4, 0x0, 0x0, 0x0, 0x0, 0xf4, 0x0,
    0x0, 0x0, 0x0, 0xf4, 0x0, 0x0, 0x0, 0x0,
    0xf4, 0x0, 0x0, 0x0, 0x0, 0xf4, 0x0, 0x0,
    0x0, 0x0, 0xf4, 0x0, 0x0, 0x0, 0x0, 0xf4,
    0x0, 0x0, 0x0, 0x0, 0xf4, 0x0, 0x0,

    /* U+4E0D "不" */
    0x3f, 0xff, 0xff, 0xff, 0xff, 0xf, 0xff, 0xff,
    0xff, 0xff, 0xc0, 0x0, 0x0, 0xfc, 0x0, 0x0,
    0x0, 0x0, 0x7c, 0x0, 0x0, 0x0, 0x0, 0x3e,
    0x0, 0x0, 0x0, 0x0, 0x3f, 0x80, 0x0, 0x0,
    0x0, 0x3f, 0xe1, 0xd0, 0x0, 0x0, 0x3f, 0xf8,
    0xfe, 0x0, 0x0, 0x3f, 0x6e, 0xf, 0xe0, 0x0,
    0x7f, 0x4b, 0x80, 0xbe, 0x0, 0xbf, 0x42, 0xe0,
    0xb, 0xe1, 0xff, 0x0, 0xb8, 0x0, 0xbd, 0x3e,
    0x0, 0x2e, 0x0, 0xe, 0x0, 0x0, 0xb, 0x80,
    0x0, 0x0, 0x0, 0x2, 0xe0, 0x0, 0x0, 0x0,
    0x0, 0xb8, 0x0, 0x0, 0x0, 0x0, 0x2e, 0x0,
    0x0, 0x0, 0x0, 0xb, 0x80, 0x0, 0x0, 0x0,
    0x2, 0xe0, 0x0, 0x0,

    /* U+4E0E "与" */
    0x0, 0xa4, 0x0, 0x0, 0x0, 0x3, 0xe0, 0x0,
    0x0, 0x0, 0xf, 0x80, 0x0, 0x0, 0x0, 0x3f,
    0xff, 0xff, 0xfe, 0x0, 0xff, 0xff, 0xff, 0xf8,
    0x3, 0xc0, 0x0, 0x0, 0x0, 0x1f, 0x0, 0x0,
    0x0, 0x0, 0x7c, 0x0, 0x0, 0x0, 0x2, 0xff,
    0xff, 0xff, 0xf0, 0xb, 0xff, 0xff, 0xff, 0xc0,
    0x0, 0x0, 0x0, 0xf, 0x0, 0x0, 0x0, 0x0,
    0x3c, 0x0, 0x0, 0x0, 0x0, 0xf3, 0xff, 0xff,
    0xff, 0xc3, 0xcf, 0xff, 0xff, 0xff, 0x1f, 0x0,
    0x0, 0x0, 0x0, 0x78, 0x0, 0x0, 0x0, 0x2,
    0xe0, 0x0, 0x0, 0x0, 0x1f, 0x40, 0x0, 0x3,
    0xff, 0xfc, 0x0, 0x0, 0xb, 0xff, 0x80, 0x0,
    0x0, 0x0, 0x0, 0x0,

    /* U+4E1C "东" */
    0x0, 0x0, 0x40, 0x0, 0x0, 0x0, 0x0, 0xbc,
    0x0, 0x0, 0x0, 0x0, 0x3d, 0x0, 0x0, 0x0,
    0xbf, 0xff, 0xff, 0xff, 0xfc, 0x2f, 0xff, 0xff,
    0xff, 0xff, 0x0, 0xb, 0xc0, 0x0, 0x0, 0x0,
    0x3, 0xd0, 0x0, 0x0, 0x0, 0x3, 0xf0, 0x3d,
    0x0, 0x0, 0x2, 0xf0, 0xf, 0x40, 0x0, 0x1,
    0xf8, 0x3, 0xd0, 0x0, 0x0, 0xbf, 0xff, 0xff,
    0xff, 0xc0, 0x1f, 0xff, 0xff, 0xff, 0xf0, 0x0,
    0x0, 0xf, 0x40, 0x0, 0x0, 0x0, 0x3, 0xd0,
    0x0, 0x0, 0x3, 0xc0, 0xf4, 0x3c, 0x0, 0x3,
    0xf0, 0x3d, 0xf, 0xd0, 0x7, 0xf0, 0xf, 0x40,
    0xfc, 0xb, 0xf0, 0x3, 0xd0, 0xf, 0xc3, 0xf0,
    0x0, 0xf4, 0x0, 0xf8, 0x20, 0xb, 0xfc, 0x0,
    0x18, 0x0, 0x1, 0xfe, 0x0, 0x0, 0x0,

    /* U+4E25 "严" */
    0x3, 0xff, 0xff, 0xff, 0xff, 0x0, 0xff, 0xff,
    0xff, 0xff, 0xc0, 0x5, 0xf, 0x4f, 0x45, 0x0,
    0x3, 0xc3, 0xc3, 0xc2, 0xd0, 0x0, 0xb4, 0xf0,
    0xf0, 0xf0, 0x0, 0xe, 0x3c, 0x3c, 0xb8, 0x0,
    0x1, 0xf, 0x4f, 0x45, 0x0, 0xf, 0xff, 0xff,
    0xff, 0xfd, 0x3, 0xff, 0xff, 0xff, 0xff, 0x40,
    0xf0, 0x0, 0x0, 0x0, 0x0, 0x3c, 0x0, 0x0,
    0x0, 0x0, 0xf, 0x0, 0x0, 0x0, 0x0, 0x3,
    0xc0, 0x0, 0x0, 0x0, 0x0, 0xf0, 0x0, 0x0,
    0x0, 0x0, 0x7c, 0x0, 0x0, 0x0, 0x0, 0x2e,
    0x0, 0x0, 0x0, 0x0, 0xf, 0x40, 0x0, 0x0,
    0x0, 0xb, 0xc0, 0x0, 0x0, 0x0, 0x3, 0xd0,
    0x0, 0x0, 0x0, 0x0, 0x10, 0x0, 0x0, 0x0,
    0x0,

    /* U+4E2A "个" */
    0x0, 0x0, 0x1f, 0x40, 0x0, 0x0, 0x0, 0x7,
    0xfc, 0x0, 0x0, 0x0, 0x1, 0xfa, 0xf0, 0x0,
    0x0, 0x0, 0x7f, 0xf, 0xd0, 0x0, 0x0, 0x2f,
    0xc0, 0x3f, 0x80, 0x0, 0xf, 0xf0, 0x0, 0xff,
    0x0, 0xb, 0xf8, 0xf, 0x2, 0xfe, 0x3, 0xfd,
    0x0, 0xf0, 0x7, 0xfc, 0x2e, 0x0, 0xf, 0x0,
    0xb, 0x80, 0x0, 0x0, 0xf0, 0x0, 0x0, 0x0,
    0x0, 0xf, 0x0, 0x0, 0x0, 0x0, 0x0, 0xf0,
    0x0, 0x0, 0x0, 0x0, 0xf, 0x0, 0x0, 0x0,
    0x0, 0x0, 0xf0, 0x0, 0x0, 0x0, 0x0, 0xf,
    0x0, 0x0, 0x0, 0x0, 0x0, 0xf0, 0x0, 0x0,
    0x0, 0x0, 0xf, 0x0, 0x0, 0x0, 0x0, 0x0,
    0xf0, 0x0, 0x0, 0x0, 0x0, 0xf, 0x0, 0x0,
    0x0, 0x0, 0x0, 0xf0, 0x0, 0x0,

    /* U+4E2D "中" */
    0x0, 0x1, 0xf0, 0x0, 0x0, 0x0, 0x1f, 0x0,
    0x0, 0x0, 0x1, 0xf0, 0x0, 0x0, 0x0, 0x1f,
    0x0, 0x0, 0xff, 0xff, 0xff, 0xff, 0xef, 0xff,
    0xff, 0xff, 0xfe, 0xf0, 0x1, 0xf0, 0x2, 0xef,
    0x0, 0x1f, 0x0, 0x2e, 0xf0, 0x1, 0xf0, 0x2,
    0xef, 0x0, 0x1f, 0x0, 0x2e, 0xf0, 0x1, 0xf0,
    0x2, 0xef, 0xff, 0xff, 0xff, 0xfe, 0xff, 0xff,
    0xff, 0xff, 0xef, 0x0, 0x1f, 0x0, 0x2e, 0xa0,
    0x1, 0xf0, 0x1, 0x90, 0x0, 0x1f, 0x0, 0x0,
    0x0, 0x1, 0xf0, 0x0, 0x0, 0x0, 0x1f, 0x0,
    0x0, 0x0, 0x1, 0xf0, 0x0, 0x0, 0x0, 0x1f,
    0x0, 0x0,

    /* U+4E3A "为" */
    0x1, 0x0, 0xf0, 0x0, 0x0, 0x3e, 0x3, 0xc0,
    0x0, 0x0, 0x7d, 0xf, 0x0, 0x0, 0x0, 0x7c,
    0x3c, 0x0, 0x0, 0x0, 0x90, 0xf0, 0x0, 0x0,
    0xff, 0xff, 0xff, 0xff, 0xf3, 0xff, 0xff, 0xff,
    0xff, 0xc0, 0x0, 0xb8, 0x0, 0x1f, 0x0, 0x2,
    0xe0, 0x0, 0x7c, 0x0, 0xf, 0x44, 0x1, 0xf0,
    0x0, 0x3d, 0xf4, 0x7, 0xc0, 0x2, 0xf2, 0xf0,
    0x1f, 0x0, 0xf, 0x83, 0xf0, 0x7c, 0x0, 0xbc,
    0x3, 0xe2, 0xe0, 0x7, 0xe0, 0xb, 0xb, 0x80,
    0x3f, 0x0, 0x0, 0x2e, 0x7, 0xf0, 0x0, 0x0,
    0xf4, 0xff, 0x40, 0x0, 0xb, 0xc7, 0xf0, 0x0,
    0x1f, 0xfe, 0xd, 0x0, 0x0, 0x3f, 0xe0, 0x0,
    0x0, 0x0, 0x0, 0x0,

    /* U+4E49 "义" */
    0x0, 0x0, 0x0, 0x0, 0x0, 0x0, 0x0, 0xb0,
    0x0, 0x0, 0x0, 0x0, 0x3f, 0x0, 0x2d, 0x0,
    0x0, 0x3, 0xe0, 0xf, 0x80, 0x7, 0x0, 0x7d,
    0x3, 0xd0, 0x3, 0xe0, 0xf, 0xc1, 0xf0, 0x0,
    0x7c, 0x1, 0xd0, 0xfc, 0x0, 0xf, 0x80, 0x0,
    0x3d, 0x0, 0x1, 0xf4, 0x0, 0x2f, 0x0, 0x0,
    0x3f, 0x0, 0xf, 0x80, 0x0, 0x3, 0xe0, 0xf,
    0xc0, 0x0, 0x0, 0x7e, 0xb, 0xd0, 0x0, 0x0,
    0xb, 0xd7, 0xf0, 0x0, 0x0, 0x0, 0xff, 0xf0,
    0x0, 0x0, 0x0, 0xf, 0xf4, 0x0, 0x0, 0x0,
    0xb, 0xff, 0x0, 0x0, 0x0, 0xf, 0xfb, 0xf4,
    0x0, 0x0, 0x2f, 0xf0, 0x7f, 0xd0, 0x1, 0xbf,
    0xd0, 0x3, 0xff, 0x82, 0xff, 0x80, 0x0, 0x1f,
    0xf8, 0x3e, 0x0, 0x0, 0x0, 0x6c, 0x0, 0x0,
    0x0, 0x0, 0x0, 0x0,

    /* U+4E66 "书" */
    0x0, 0x3, 0xe0, 0x6, 0x0, 0x0, 0x3, 0xe0,
    0xf, 0xd0, 0x0, 0x3, 0xe0, 0x7, 0xf8, 0x0,
    0x3, 0xe0, 0x0, 0xbc, 0x3f, 0xff, 0xff, 0xff,
    0x14, 0x3f, 0xff, 0xff, 0xff, 0x0, 0x0, 0x3,
    0xe0, 0x1f, 0x0, 0x0, 0x3, 0xe0, 0x1e, 0x0,
    0x0, 0x3, 0xe0, 0x2e, 0x0, 0xff, 0xff, 0xff,
    0xff, 0xf8, 0xff, 0xff, 0xff, 0xff, 0xf8, 0x0,
    0x3, 0xe0, 0x0, 0xb8, 0x0, 0x3, 0xe0, 0x0,
    0xb8, 0x0, 0x3, 0xe0, 0x0, 0xb4, 0x0, 0x3,
    0xe0, 0x0, 0xf4, 0x0, 0x3, 0xe0, 0x1, 0xf0,
    0x0, 0x3, 0xe0, 0x7f, 0xf0, 0x0, 0x3, 0xe0,
    0x3f, 0x80, 0x0, 0x3, 0xe0, 0x0, 0x0, 0x0,
    0x3, 0xe0, 0x0, 0x0,

    /* U+4E86 "了" */
    0xff, 0xff, 0xff, 0xff, 0xcf, 0xff, 0xff, 0xff,
    0xfc, 0x0, 0x0, 0x0, 0x2f, 0x80, 0x0, 0x0,
    0xf, 0xd0, 0x0, 0x0, 0x7, 0xf4, 0x0, 0x0,
    0x3, 0xf8, 0x0, 0x0, 0x0, 0xfd, 0x0, 0x0,
    0x0, 0xf, 0x40, 0x0, 0x0, 0x0, 0xf4, 0x0,
    0x0, 0x0, 0xf, 0x40, 0x0, 0x0, 0x0, 0xf4,
    0x0, 0x0, 0x0, 0xf, 0x40, 0x0, 0x0, 0x0,
    0xf4, 0x0, 0x0, 0x0, 0xf, 0x40, 0x0, 0x0,
    0x0, 0xf4, 0x0, 0x0, 0x0, 0xf, 0x40, 0x0,
    0x0, 0x51, 0xf0, 0x0, 0x0, 0xf, 0xff, 0x0,
    0x0, 0x0, 0xbf, 0xd0, 0x0, 0x0,

    /* U+4E8C "二" */
    0xf, 0xff, 0xff, 0xff, 0xf0, 0xf, 0xff, 0xff,
    0xff, 0xf0, 0x0, 0x0, 0x0, 0x0, 0x0, 0x0,
    0x0, 0x0, 0x0, 0x0, 0x0, 0x0, 0x0, 0x0,
    0x0, 0x0, 0x0, 0x0, 0x0, 0x0, 0x0, 0x0,
    0x0, 0x0, 0x0, 0x0, 0x0, 0x0, 0x0, 0x0,
    0x0, 0x0, 0x0, 0x0, 0x0, 0x0, 0x0, 0x0,
    0x0, 0x0, 0x0, 0x0, 0x0, 0x0, 0x0, 0x0,
    0x0, 0x0, 0x0, 0x0, 0x0, 0x0, 0x0, 0x0,
    0x0, 0x0, 0x0, 0x0, 0x0, 0x0, 0xff, 0xff,
    0xff, 0xff, 0xff, 0xff, 0xff, 0xff, 0xff, 0xff,
    0x0, 0x0, 0x0, 0x0, 0x0,

    /* U+4E8E "于" */
    0x2f, 0xff, 0xff, 0xff, 0xf0, 0x2f, 0xff, 0xff,
    0xff, 0xf0, 0x0, 0x0, 0x7d, 0x0, 0x0, 0x0,
    0x0, 0x3c, 0x0, 0x0, 0x0, 0x0, 0x3c, 0x0,
    0x0, 0x0, 0x0, 0x3c, 0x0, 0x0, 0x0, 0x0,
    0x3c, 0x0, 0x0, 0xff, 0xff, 0xff, 0xff, 0xfe,
    0xff, 0xff, 0xff, 0xff, 0xfe, 0x0, 0x0, 0x7d,
    0x0, 0x0, 0x0, 0x0, 0x3c, 0x0, 0x0, 0x0,
    0x0, 0x3c, 0x0, 0x0, 0x0, 0x0, 0x3c, 0x0,
    0x0, 0x0, 0x0, 0x3c, 0x0, 0x0, 0x0, 0x0,
    0x3c, 0x0, 0x0, 0x0, 0x0, 0x3c, 0x0, 0x0,
    0x0, 0x0, 0x7c, 0x0, 0x0, 0x0, 0x3f, 0xfc,
    0x0, 0x0, 0x0, 0x3f, 0xf4, 0x0, 0x0,

    /* U+4E94 "五" */
    0x3f, 0xff, 0xff, 0xff, 0xfc, 0x3f, 0xff, 0xff,
    0xff, 0xfc, 0x0, 0x1, 0xf4, 0x0, 0x0, 0x0,
    0x1, 0xf0, 0x0, 0x0, 0x0, 0x2, 0xf0, 0x0,
    0x0, 0x0, 0x3, 0xe0, 0x0, 0x0, 0x0, 0x3,
    0xd0, 0x0, 0x0, 0xf, 0xff, 0xff, 0xff, 0x80,
    0xf, 0xff, 0xff, 0xff, 0x80, 0x0, 0xb, 0x80,
    0xf, 0x80, 0x0, 0xf, 0x80, 0xf, 0x80, 0x0,
    0xf, 0x40, 0xf, 0x80, 0x0, 0x1f, 0x0, 0xf,
    0x80, 0x0, 0x1f, 0x0, 0xf, 0x80, 0x0, 0x2e,
    0x0, 0xf, 0x80, 0x0, 0x3d, 0x0, 0xf, 0x80,
    0xff, 0xff, 0xff, 0xff, 0xff, 0xff, 0xff, 0xff,
    0xff, 0xff, 0x0, 0x0, 0x0, 0x0, 0x0,

    /* U+4EA7 "产" */
    0x0, 0x0, 0x0, 0x0, 0x0, 0x0, 0x0, 0xb,
    0xc0, 0x0, 0x0, 0x0, 0x0, 0xf0, 0x0, 0x0,
    0x2f, 0xff, 0xff, 0xff, 0xfc, 0xb, 0xff, 0xff,
    0xff, 0xff, 0x0, 0x2, 0xe0, 0x3, 0xd0, 0x0,
    0x0, 0x7c, 0x1, 0xf0, 0x0, 0x0, 0xf, 0x40,
    0xb8, 0x0, 0x7, 0xff, 0xff, 0xff, 0xff, 0x41,
    0xff, 0xff, 0xff, 0xff, 0xd0, 0x7c, 0x0, 0x0,
    0x0, 0x0, 0x1f, 0x0, 0x0, 0x0, 0x0, 0x7,
    0xc0, 0x0, 0x0, 0x0, 0x1, 0xf0, 0x0, 0x0,
    0x0, 0x0, 0xbc, 0x0, 0x0, 0x0, 0x0, 0x2e,
    0x0, 0x0, 0x0, 0x0, 0xf, 0x40, 0x0, 0x0,
    0x0, 0x3, 0xd0, 0x0, 0x0, 0x0, 0x2, 0xf0,
    0x0, 0x0, 0x0, 0x0, 0xf8, 0x0, 0x0, 0x0,
    0x0, 0x1c, 0x0, 0x0, 0x0, 0x0, 0x0, 0x0,
    0x0, 0x0, 0x0, 0x0,

    /* U+4EAE "亮" */
    0x0, 0x0, 0x50, 0x0, 0x0, 0x0, 0x0, 0xf8,
    0x0, 0x0, 0xff, 0xff, 0xff, 0xff, 0xfe, 0xff,
    0xff, 0xff, 0xff, 0xfe, 0x55, 0x55, 0x55, 0x55,
    0x54, 0x1, 0xff, 0xff, 0xff, 0x0, 0x2, 0xff,
    0xff, 0xff, 0x0, 0x2, 0xe0, 0x0, 0xf, 0x0,
    0x2, 0xff, 0xff, 0xff, 0x0, 0x2, 0xff, 0xff,
    0xff, 0x0, 0x0, 0x0, 0x0, 0x0, 0x0, 0xbf,
    0xff, 0xff, 0xff, 0xfc, 0xbf, 0xff, 0xff, 0xff,
    0xfc, 0xb8, 0x0, 0x0, 0x0, 0x3c, 0xb8, 0x3f,
    0xff, 0xf4, 0x3c, 0x0, 0x3f, 0xff, 0xf4, 0x0,
    0x0, 0x3d, 0x0, 0xf4, 0x0, 0x0, 0x7c, 0x0,
    0xf4, 0x1e, 0x2, 0xfc, 0x0, 0xf4, 0x2e, 0x7f,
    0xf0, 0x0, 0xff, 0xfd, 0x3f, 0x40, 0x0, 0x7f,
    0xf8, 0x0, 0x0, 0x0, 0x0, 0x0,

    /* U+4EC5 "仅" */
    0x0, 0x0, 0x0, 0x0, 0x0, 0x0, 0x7, 0x80,
    0x0, 0x0, 0x0, 0x0, 0xbc, 0xff, 0xff, 0xff,
    0x0, 0xf, 0x4f, 0xff, 0xff, 0xe0, 0x2, 0xf0,
    0x2e, 0x0, 0x3e, 0x0, 0x3e, 0x2, 0xe0, 0x3,
    0xd0, 0xb, 0xd0, 0x1f, 0x0, 0x3c, 0x0, 0xfd,
    0x0, 0xf0, 0x7, 0xc0, 0x3f, 0xd0, 0xf, 0x40,
    0xf8, 0xb, 0xfd, 0x0, 0xbc, 0xf, 0x40, 0x73,
    0xd0, 0x3, 0xc2, 0xf0, 0x1, 0x3d, 0x0, 0x2f,
    0x3d, 0x0, 0x3, 0xd0, 0x0, 0xff, 0xc0, 0x0,
    0x3d, 0x0, 0xb, 0xf4, 0x0, 0x3, 0xd0, 0x0,
    0x3f, 0x0, 0x0, 0x3d, 0x0, 0xf, 0xfc, 0x0,
    0x3, 0xd0, 0x3, 0xf7, 0xf0, 0x0, 0x3d, 0x1,
    0xfd, 0x1f, 0xc0, 0x3, 0xd0, 0xbf, 0x40, 0x7f,
    0x40, 0x3d, 0x2f, 0xc0, 0x0, 0xfc, 0x3, 0xd0,
    0xe0, 0x0, 0x3, 0x40, 0x0, 0x0, 0x0, 0x0,
    0x0,

    /* U+4ECD "仍" */
    0x0, 0x60, 0x0, 0x0, 0x0, 0x0, 0x3e, 0xff,
    0xff, 0xfc, 0x0, 0xf, 0x3f, 0xff, 0xff, 0x0,
    0xb, 0xc0, 0xbc, 0xb, 0xc0, 0x3, 0xd0, 0x1f,
    0x2, 0xe0, 0x2, 0xf0, 0x7, 0xc0, 0xf4, 0x0,
    0xfc, 0x1, 0xf0, 0x3c, 0x0, 0xbf, 0x0, 0x7c,
    0x1f, 0x0, 0x7f, 0xc0, 0x2f, 0x7, 0xff, 0x5e,
    0xf0, 0xb, 0x82, 0xff, 0xd2, 0x3c, 0x2, 0xe0,
    0x0, 0xf4, 0xf, 0x0, 0xf4, 0x0, 0x3d, 0x3,
    0xc0, 0x3c, 0x0, 0xf, 0x0, 0xf0, 0x1f, 0x0,
    0x3, 0xc0, 0x3c, 0xf, 0x80, 0x0, 0xf0, 0xf,
    0x7, 0xd0, 0x0, 0x3c, 0x3, 0xc3, 0xf0, 0x0,
    0x1f, 0x0, 0xf2, 0xf4, 0x0, 0xf, 0x80, 0x3e,
    0xf8, 0x2, 0xff, 0xd0, 0xf, 0x18, 0x0, 0x7f,
    0xd0,

    /* U+4ECE "从" */
    0x0, 0x0, 0x0, 0x0, 0x0, 0x0, 0x3, 0xd0,
    0x1, 0xf0, 0x0, 0x0, 0x3d, 0x0, 0x1f, 0x0,
    0x0, 0x3, 0xd0, 0x1, 0xf0, 0x0, 0x0, 0x3d,
    0x0, 0x1f, 0x0, 0x0, 0x3, 0xc0, 0x1, 0xf0,
    0x0, 0x0, 0x3c, 0x0, 0x2f, 0x0, 0x0, 0x7,
    0xc0, 0x2, 0xf0, 0x0, 0x0, 0x7c, 0x0, 0x2f,
    0x0, 0x0, 0x7, 0xc0, 0x3, 0xf4, 0x0, 0x0,
    0xbd, 0x0, 0x3f, 0x80, 0x0, 0xf, 0xf4, 0x3,
    0xfc, 0x0, 0x0, 0xff, 0xc0, 0x7f, 0xd0, 0x0,
    0x1f, 0x3f, 0xf, 0xae, 0x0, 0x3, 0xf0, 0xf8,
    0xf4, 0xf0, 0x0, 0x3d, 0x7, 0x6f, 0xf, 0x80,
    0xf, 0xc0, 0x13, 0xe0, 0x7c, 0x1, 0xf8, 0x0,
    0xfc, 0x3, 0xf0, 0x3f, 0x0, 0x2f, 0x40, 0x1f,
    0x87, 0xd0, 0x3, 0xe0, 0x0, 0xb8, 0x14, 0x0,
    0xc, 0x0, 0x2, 0x0, 0x0, 0x0, 0x0, 0x0,
    0x0,

    /* U+4EEA "仪" */
    0x0, 0x10, 0x0, 0x0, 0x0, 0x0, 0xf, 0x1,
    0xe0, 0x0, 0x0, 0xb, 0xc0, 0x3d, 0x3, 0xd0,
    0x3, 0xd0, 0xb, 0xc0, 0xf0, 0x2, 0xf2, 0xc0,
    0xf8, 0x7c, 0x0, 0xf8, 0xf8, 0x1e, 0x2f, 0x0,
    0xbc, 0x1f, 0x1, 0xf, 0x80, 0x7f, 0x3, 0xd0,
    0x3, 0xd0, 0x3f, 0xc0, 0xbc, 0x1, 0xf0, 0x2f,
    0xf0, 0xf, 0x40, 0xf8, 0x7, 0x3c, 0x2, 0xf0,
    0x7c, 0x0, 0x4f, 0x0, 0x3d, 0x3f, 0x0, 0x3,
    0xc0, 0xb, 0xef, 0x40, 0x0, 0xf0, 0x0, 0xff,
    0x80, 0x0, 0x3c, 0x0, 0x1f, 0xc0, 0x0, 0xf,
    0x0, 0xf, 0xf8, 0x0, 0x3, 0xc0, 0xf, 0xff,
    0xc0, 0x0, 0xf0, 0x1f, 0xe2, 0xfd, 0x0, 0x3c,
    0x2f, 0xe0, 0x1f, 0xf4, 0xf, 0x2f, 0xd0, 0x0,
    0xfe, 0x3, 0xc3, 0x80, 0x0, 0x7, 0x0, 0x0,
    0x0, 0x0, 0x0, 0x0,

    /* U+4EF6 "件" */
    0x0, 0x0, 0x0, 0x0, 0x0, 0x0, 0xe, 0x0,
    0xf, 0x40, 0x0, 0xb, 0xc2, 0x83, 0xd0, 0x0,
    0x3, 0xe0, 0xf0, 0xf4, 0x0, 0x1, 0xf0, 0x7c,
    0x3d, 0x0, 0x0, 0xf8, 0x3f, 0xff, 0xff, 0xc0,
    0x7c, 0xf, 0xff, 0xff, 0xf0, 0x3f, 0xb, 0xc0,
    0xf4, 0x0, 0x3f, 0xc3, 0xd0, 0x3d, 0x0, 0x1f,
    0xf1, 0xf0, 0xf, 0x40, 0x3, 0x7c, 0x24, 0x3,
    0xd0, 0x0, 0x4f, 0x0, 0x0, 0xf4, 0x0, 0x3,
    0xc3, 0xff, 0xff, 0xff, 0xc0, 0xf0, 0xff, 0xff,
    0xff, 0xf0, 0x3c, 0x0, 0x3, 0xd0, 0x0, 0xf,
    0x0, 0x0, 0xf4, 0x0, 0x3, 0xc0, 0x0, 0x3d,
    0x0, 0x0, 0xf0, 0x0, 0xf, 0x40, 0x0, 0x3c,
    0x0, 0x3, 0xd0, 0x0, 0xf, 0x0, 0x0, 0xf4,
    0x0, 0x3, 0xc0, 0x0, 0x3d, 0x0, 0x0,

    /* U+4EFD "份" */
    0x0, 0x10, 0x0, 0x0, 0x0, 0x0, 0xf, 0x43,
    0x82, 0xd0, 0x0, 0x7, 0xc1, 0xf0, 0xb8, 0x0,
    0x3, 0xe0, 0xf8, 0x1f, 0x0, 0x1, 0xf0, 0x7c,
    0x3, 0xf0, 0x0, 0xf8, 0x3e, 0x0, 0x7d, 0x0,
    0xbd, 0x2f, 0x0, 0xb, 0xd0, 0x3f, 0x5f, 0x80,
    0x0, 0xfd, 0x3f, 0xdf, 0xc0, 0x0, 0xf, 0xaf,
    0xf5, 0xff, 0xff, 0xfd, 0x87, 0x3d, 0xf, 0xff,
    0xff, 0x0, 0x4f, 0x40, 0x1f, 0x3, 0xc0, 0x3,
    0xd0, 0xb, 0x80, 0xf0, 0x0, 0xf4, 0x3, 0xd0,
    0x3c, 0x0, 0x3d, 0x0, 0xf0, 0xf, 0x0, 0xf,
    0x40, 0x7c, 0x3, 0xc0, 0x3, 0xd0, 0x3e, 0x0,
    0xf0, 0x0, 0xf4, 0x2f, 0x0, 0x3c, 0x0, 0x3d,
    0x2f, 0x40, 0x2f, 0x0, 0xf, 0x5f, 0x42, 0xff,
    0x80, 0x3, 0xd2, 0x40, 0x7f, 0x80, 0x0, 0x0,
    0x0, 0x0, 0x0, 0x0,

    /* U+4F11 "休" */
    0x0, 0x0, 0x0, 0x0, 0x0, 0x0, 0xe, 0x0,
    0x3c, 0x0, 0x0, 0xb, 0xc0, 0xf, 0x0, 0x0,
    0x3, 0xe0, 0x3, 0xc0, 0x0, 0x1, 0xf0, 0x0,
    0xf0, 0x0, 0x0, 0xf8, 0xff, 0xff, 0xff, 0x80,
    0xbc, 0x3f, 0xff, 0xff, 0xe0, 0x3f, 0x0, 0x2f,
    0xfc, 0x0, 0x3f, 0xc0, 0xe, 0xfb, 0x0, 0x2f,
    0xf0, 0x7, 0x7d, 0xe0, 0x7, 0x7c, 0x3, 0xcf,
    0x2c, 0x0, 0x4f, 0x2, 0xd3, 0xc3, 0x80, 0x3,
    0xc0, 0xf0, 0xf0, 0xb4, 0x0, 0xf0, 0xf8, 0x3c,
    0xf, 0x0, 0x3c, 0xbc, 0xf, 0x2, 0xf0, 0xf,
    0xbd, 0x3, 0xc0, 0x3f, 0x3, 0xce, 0x0, 0xf0,
    0x7, 0x0, 0xf0, 0x0, 0x3c, 0x0, 0x0, 0x3c,
    0x0, 0xf, 0x0, 0x0, 0xf, 0x0, 0x3, 0xc0,
    0x0, 0x3, 0xc0, 0x0, 0xf0, 0x0, 0x0,

    /* U+4F1A "会" */
    0x0, 0x0, 0x1f, 0x40, 0x0, 0x0, 0x0, 0x7,
    0xfd, 0x0, 0x0, 0x0, 0x1, 0xfa, 0xf4, 0x0,
    0x0, 0x0, 0x7f, 0xb, 0xe0, 0x0, 0x0, 0x2f,
    0xc0, 0x3f, 0x80, 0x0, 0x1f, 0xe0, 0x0, 0xbf,
    0x40, 0xb, 0xfc, 0x0, 0x2, 0xfe, 0x3, 0xfe,
    0xff, 0xff, 0xff, 0xfc, 0x2e, 0x1f, 0xff, 0xff,
    0x8b, 0x80, 0x0, 0x0, 0x0, 0x0, 0x0, 0x0,
    0x0, 0x0, 0x0, 0x0, 0x0, 0xff, 0xff, 0xff,
    0xff, 0xf0, 0xf, 0xff, 0xff, 0xff, 0xff, 0x0,
    0x0, 0x3e, 0x0, 0x40, 0x0, 0x0, 0xb, 0xc0,
    0x2f, 0x0, 0x0, 0x1, 0xf4, 0x0, 0xfc, 0x0,
    0x0, 0x3e, 0x0, 0x7, 0xe0, 0x0, 0xf, 0xc0,
    0x56, 0xbf, 0x40, 0x2, 0xff, 0xff, 0xff, 0xfc,
    0x0, 0x1f, 0xff, 0xa5, 0x3, 0xd0, 0x0, 0x0,
    0x0, 0x0, 0x10, 0x0,

    /* U+4F20 "传" */
    0x0, 0x20, 0x0, 0xa0, 0x0, 0x0, 0x1f, 0x40,
    0x3c, 0x0, 0x0, 0xf, 0xc0, 0x2f, 0x0, 0x0,
    0x7, 0xdb, 0xff, 0xff, 0xfc, 0x3, 0xf2, 0xff,
    0xff, 0xff, 0x1, 0xf4, 0x0, 0xf0, 0x0, 0x0,
    0xfc, 0x0, 0xbc, 0x0, 0x0, 0xff, 0x2f, 0xff,
    0xff, 0xff, 0xbf, 0xcb, 0xff, 0xff, 0xff, 0xde,
    0xf0, 0x7, 0x80, 0x0, 0x2, 0x3c, 0x3, 0xd0,
    0x0, 0x0, 0xf, 0x0, 0xff, 0xff, 0xf8, 0x3,
    0xc0, 0xbf, 0xff, 0xfe, 0x0, 0xf0, 0x0, 0x0,
    0x1f, 0x0, 0x3c, 0x0, 0x40, 0x1f, 0x40, 0xf,
    0x0, 0xbe, 0x6f, 0x40, 0x3, 0xc0, 0x1f, 0xff,
    0x0, 0x0, 0xf0, 0x0, 0x2f, 0xe0, 0x0, 0x3c,
    0x0, 0x0, 0xbf, 0x0, 0xf, 0x0, 0x0, 0x3,
    0x40, 0x0, 0x0, 0x0, 0x0, 0x0, 0x0,

    /* U+4F38 "伸" */
    0x0, 0x0, 0x0, 0x0, 0x0, 0x0, 0xe, 0x0,
    0xf, 0x0, 0x0, 0x7, 0xc0, 0x3, 0xc0, 0x0,
    0x3, 0xe0, 0x0, 0xf0, 0x0, 0x1, 0xf3, 0xff,
    0xff, 0xff, 0x0, 0xf8, 0xff, 0xff, 0xff, 0xc0,
    0x7c, 0x3c, 0x3, 0xc0, 0xf0, 0x3f, 0xf, 0x0,
    0xf0, 0x3c, 0x2f, 0xc3, 0xc0, 0x3c, 0xf, 0x1f,
    0xf0, 0xff, 0xff, 0xff, 0xc7, 0xbc, 0x3f, 0xff,
    0xff, 0xf0, 0x8f, 0xf, 0x0, 0xf0, 0x3c, 0x3,
    0xc3, 0xc0, 0x3c, 0xf, 0x0, 0xf0, 0xff, 0xff,
    0xff, 0xc0, 0x3c, 0x3f, 0xff, 0xff, 0xf0, 0xf,
    0xf, 0x0, 0xf0, 0x3c, 0x3, 0xc0, 0x0, 0x3c,
    0x0, 0x0, 0xf0, 0x0, 0xf, 0x0, 0x0, 0x3c,
    0x0, 0x3, 0xc0, 0x0, 0xf, 0x0, 0x0, 0xf0,
    0x0, 0x3, 0xc0, 0x0, 0x3c, 0x0, 0x0, 0x0,
    0x0, 0x0, 0x0, 0x0,

    /* U+4F4D "位" */
    0x0, 0x10, 0x0, 0x0, 0x0, 0x0, 0x1f, 0x0,
    0x7c, 0x0, 0x0, 0xb, 0xc0, 0xf, 0x40, 0x0,
    0x3, 0xe0, 0x2, 0xe0, 0x0, 0x2, 0xf3, 0xff,
    0xff, 0xff, 0x40, 0xf8, 0xff, 0xff, 0xff, 0xd0,
    0xbc, 0x0, 0x0, 0x0, 0x0, 0x7f, 0x0, 0x40,
    0x0, 0x90, 0x3f, 0xc0, 0xf4, 0x0, 0x7c, 0x2f,
    0xf0, 0x2f, 0x0, 0x2e, 0x7, 0x3c, 0x7, 0xc0,
    0xf, 0x40, 0x4f, 0x0, 0xf4, 0x3, 0xc0, 0x3,
    0xc0, 0x3d, 0x1, 0xf0, 0x0, 0xf0, 0xb, 0x80,
    0xb8, 0x0, 0x3c, 0x1, 0xf0, 0x3d, 0x0, 0xf,
    0x0, 0x3c, 0xf, 0x0, 0x3, 0xc0, 0xf, 0x47,
    0xc0, 0x0, 0xf0, 0x1, 0x3, 0xe0, 0x0, 0x3c,
    0x7f, 0xff, 0xff, 0xfc, 0xf, 0x1f, 0xff, 0xff,
    0xff, 0x3, 0xc0, 0x0, 0x0, 0x0, 0x0,

    /* U+4F4E "低" */
    0x0, 0x0, 0x0, 0x0, 0x0, 0x0, 0xd, 0x0,
    0x0, 0x19, 0x0, 0x7, 0xc0, 0x6, 0xff, 0xc0,
    0x3, 0xea, 0xff, 0xff, 0x90, 0x1, 0xf3, 0xff,
    0xef, 0x0, 0x0, 0xf8, 0xf4, 0x3, 0xc0, 0x0,
    0x7c, 0x3c, 0x0, 0xf0, 0x0, 0x3f, 0xf, 0x0,
    0x3c, 0x0, 0x3f, 0xc3, 0xd0, 0xf, 0x0, 0x1f,
    0xf0, 0xff, 0xff, 0xff, 0xc7, 0x7c, 0x3f, 0xff,
    0xff, 0xf0, 0x4f, 0xf, 0x0, 0x3d, 0x0, 0x3,
    0xc3, 0xc0, 0xb, 0x40, 0x0, 0xf0, 0xf0, 0x2,
    0xe0, 0x0, 0x3c, 0x3c, 0x0, 0x7c, 0x0, 0xf,
    0xf, 0x0, 0xf, 0x18, 0x3, 0xc3, 0xc0, 0x92,
    0xd7, 0x40, 0xf0, 0xfb, 0x7c, 0x7e, 0xc0, 0x3c,
    0xbf, 0xcb, 0xcf, 0xf0, 0xf, 0x2f, 0x80, 0xf9,
    0xfc, 0x3, 0xc1, 0x0, 0xd, 0x1d, 0x0,

    /* U+4F53 "体" */
    0x0, 0x0, 0x0, 0x0, 0x0, 0x0, 0xe, 0x0,
    0x2e, 0x0, 0x0, 0x7, 0xc0, 0xb, 0x80, 0x0,
    0x2, 0xe0, 0x2, 0xe0, 0x0, 0x0, 0xfb, 0xff,
    0xff, 0xff, 0x0, 0xb9, 0xff, 0xff, 0xff, 0xc0,
    0x3c, 0x0, 0x7f, 0xf4, 0x0, 0x2f, 0x0, 0x2e,
    0xfe, 0x0, 0x1f, 0xc0, 0xf, 0xbb, 0xc0, 0xf,
    0xf0, 0x7, 0x6e, 0xb4, 0x7, 0xbc, 0x3, 0xcb,
    0x8f, 0x0, 0xcf, 0x1, 0xe2, 0xe3, 0xd0, 0x3,
    0xc0, 0xf0, 0xb8, 0x7c, 0x0, 0xf0, 0xb8, 0x2e,
    0xf, 0x40, 0x3c, 0x7c, 0xb, 0x81, 0xf0, 0xf,
    0x7d, 0xbf, 0xff, 0xaf, 0x3, 0xce, 0x2f, 0xff,
    0xe3, 0x40, 0xf1, 0x0, 0x2e, 0x0, 0x0, 0x3c,
    0x0, 0xb, 0x80, 0x0, 0xf, 0x0, 0x2, 0xe0,
    0x0, 0x3, 0xc0, 0x0, 0xb8, 0x0, 0x0,

    /* U+4F59 "余" */
    0x0, 0x0, 0x1f, 0x40, 0x0, 0x0, 0x0, 0xb,
    0xfe, 0x0, 0x0, 0x0, 0x3, 0xfa, 0xfc, 0x0,
    0x0, 0x2, 0xfd, 0x7, 0xf8, 0x0, 0x1, 0xff,
    0x0, 0xf, 0xf4, 0x2, 0xff, 0x80, 0x0, 0x2f,
    0xf4, 0x3f, 0xbf, 0xff, 0xff, 0xef, 0xc2, 0x83,
    0xff, 0xff, 0xfc, 0x64, 0x0, 0x0, 0xf, 0x40,
    0x0, 0x0, 0x0, 0x0, 0xf4, 0x0, 0x0, 0xf,
    0xff, 0xff, 0xff, 0xff, 0x0, 0xff, 0xff, 0xff,
    0xff, 0xf0, 0x0, 0x0, 0xf, 0x40, 0x0, 0x0,
    0x1, 0x80, 0xf4, 0x38, 0x0, 0x0, 0x3e, 0xf,
    0x43, 0xe0, 0x0, 0xb, 0xc0, 0xf4, 0xf, 0x80,
    0x2, 0xf4, 0xf, 0x40, 0x7e, 0x0, 0xfd, 0x0,
    0xf4, 0x1, 0xf4, 0xb, 0x47, 0xff, 0x0, 0xa,
    0x0, 0x0, 0x3f, 0xd0, 0x0, 0x0,

    /* U+4F5C "作" */
    0x0, 0x0, 0x0, 0x0, 0x0, 0x0, 0xe, 0x3,
    0xc0, 0x0, 0x0, 0x7, 0xc2, 0xf0, 0x0, 0x0,
    0x2, 0xf0, 0xf8, 0x0, 0x0, 0x0, 0xf4, 0x7f,
    0xff, 0xff, 0x0, 0xfc, 0x3f, 0xff, 0xff, 0xc0,
    0x7d, 0x1f, 0x3c, 0x0, 0x0, 0x3f, 0x4f, 0x8f,
    0x0, 0x0, 0x3f, 0xdb, 0xc3, 0xc0, 0x0, 0x2f,
    0xf7, 0xe0, 0xff, 0xff, 0x7, 0x7d, 0x70, 0x3f,
    0xff, 0xc0, 0x4f, 0x40, 0xf, 0x40, 0x0, 0x3,
    0xd0, 0x3, 0xc0, 0x0, 0x0, 0xf4, 0x0, 0xf0,
    0x0, 0x0, 0x3d, 0x0, 0x3f, 0xff, 0xc0, 0xf,
    0x40, 0xf, 0xff, 0xf0, 0x3, 0xd0, 0x3, 0xd0,
    0x0, 0x0, 0xf4, 0x0, 0xf0, 0x0, 0x0, 0x3d,
    0x0, 0x3c, 0x0, 0x0, 0xf, 0x40, 0xf, 0x0,
    0x0, 0x3, 0xd0, 0x3, 0xc0, 0x0, 0x0,

    /* U+4FDD "保" */
    0x0, 0x0, 0x0, 0x0, 0x0, 0x0, 0xd, 0x0,
    0x0, 0x0, 0x0, 0x7, 0xdf, 0xff, 0xff, 0x40,
    0x3, 0xe7, 0xff, 0xff, 0xd0, 0x1, 0xf1, 0xf0,
    0x0, 0xf4, 0x0, 0xf8, 0x7c, 0x0, 0x3d, 0x0,
    0x7d, 0x1f, 0x0, 0xf, 0x40, 0x3f, 0x47, 0xff,
    0xff, 0xd0, 0x3f, 0xd1, 0xff, 0xff, 0xf4, 0x1f,
    0xf4, 0x0, 0x7d, 0x0, 0x7, 0x7d, 0x0, 0xf,
    0x0, 0x0, 0x4f, 0x7f, 0xff, 0xff, 0xfc, 0x3,
    0xdf, 0xff, 0xff, 0xff, 0x0, 0xf4, 0xb, 0xbe,
    0xe0, 0x0, 0x3d, 0x3, 0xcf, 0x3c, 0x0, 0xf,
    0x43, 0xd3, 0xc7, 0xc0, 0x3, 0xd2, 0xf0, 0xf0,
    0xfc, 0x0, 0xf7, 0xf0, 0x3c, 0xf, 0xc0, 0x3d,
    0xf0, 0xf, 0x0, 0xf4, 0xf, 0x50, 0x3, 0xc0,
    0x14, 0x3, 0xd0, 0x0, 0xf0, 0x0, 0x0,

    /* U+4FE1 "信" */
    0x0, 0x20, 0x0, 0x60, 0x0, 0x0, 0x2f, 0x0,
    0x3e, 0x0, 0x0, 0xf, 0x80, 0x7, 0xc0, 0x0,
    0x7, 0xef, 0xff, 0xff, 0xff, 0x3, 0xeb, 0xff,
    0xff, 0xff, 0xc1, 0xf0, 0x0, 0x0, 0x0, 0x0,
    0xfc, 0xb, 0xff, 0xff, 0xc0, 0xbf, 0x2, 0xff,
    0xff, 0xf0, 0x7f, 0xc0, 0x0, 0x0, 0x0, 0xe,
    0xf0, 0x2f, 0xff, 0xff, 0x2, 0x3c, 0xb, 0xff,
    0xff, 0xc0, 0xf, 0x0, 0x0, 0x0, 0x0, 0x3,
    0xc0, 0xff, 0xff, 0xfe, 0x0, 0xf0, 0x3f, 0xff,
    0xff, 0x80, 0x3c, 0xf, 0x40, 0x2, 0xe0, 0xf,
    0x3, 0xc0, 0x0, 0xb8, 0x3, 0xc0, 0xf0, 0x0,
    0x2e, 0x0, 0xf0, 0x3f, 0xff, 0xff, 0x80, 0x3c,
    0xf, 0xff, 0xff, 0xe0, 0xf, 0x3, 0xd0, 0x0,
    0xb8,

    /* U+503C "值" */
    0x0, 0x0, 0x0, 0x0, 0x0, 0x0, 0x29, 0x0,
    0x3e, 0x0, 0x0, 0xf, 0x80, 0xf, 0x80, 0x0,
    0x7, 0xcf, 0xff, 0xff, 0xfc, 0x3, 0xe3, 0xff,
    0xff, 0xff, 0x1, 0xf0, 0x0, 0x3e, 0x0, 0x0,
    0xfc, 0xb, 0xff, 0xff, 0x80, 0xbf, 0x3, 0xff,
    0xff, 0xe0, 0x7f, 0xc0, 0xf4, 0x0, 0xb8, 0x3e,
    0xf0, 0x3f, 0xff, 0xfe, 0x7, 0x3c, 0xf, 0xff,
    0xff, 0x80, 0xf, 0x3, 0xd0, 0x2, 0xe0, 0x3,
    0xc0, 0xff, 0xff, 0xf8, 0x0, 0xf0, 0x3f, 0xff,
    0xfe, 0x0, 0x3c, 0xf, 0x40, 0xb, 0x80, 0xf,
    0x3, 0xff, 0xff, 0xe0, 0x3, 0xc0, 0xff, 0xff,
    0xf8, 0x0, 0xf0, 0x3d, 0x0, 0x2e, 0x0, 0x3c,
    0xf, 0x40, 0xb, 0x80, 0xf, 0x3f, 0xff, 0xff,
    0xfe, 0x3, 0xcf, 0xff, 0xff, 0xff, 0x80,

    /* U+503E "倾" */
    0x0, 0x0, 0x0, 0x0, 0x0, 0x0, 0xb, 0x7c,
    0x0, 0x0, 0x0, 0x0, 0xfb, 0xc3, 0xff, 0xff,
    0xc0, 0x1f, 0x3c, 0x3f, 0xff, 0xfc, 0x2, 0xe3,
    0xc0, 0x3, 0xd0, 0x0, 0x3d, 0x3c, 0x5, 0x7d,
    0x50, 0xf, 0xc3, 0xc0, 0xff, 0xff, 0x41, 0xfc,
    0x3f, 0xdf, 0xaa, 0xf4, 0x3f, 0xc3, 0xfd, 0xf1,
    0x4f, 0x43, 0xbc, 0x3c, 0xf, 0x3c, 0xf4, 0x23,
    0xc3, 0xc0, 0xf3, 0xcf, 0x40, 0x3c, 0x3c, 0xf,
    0x3c, 0xf4, 0x3, 0xc3, 0xc0, 0xf3, 0xcf, 0x40,
    0x3c, 0x3c, 0xf, 0x3c, 0xf4, 0x3, 0xc3, 0xc9,
    0xf3, 0xcf, 0x40, 0x3c, 0x7f, 0xdf, 0x7c, 0xf4,
    0x3, 0xcf, 0xf8, 0x5f, 0x85, 0x0, 0x3c, 0xb8,
    0x1, 0xf7, 0xc0, 0x3, 0xc0, 0x0, 0xbd, 0x2f,
    0x0, 0x3c, 0x0, 0x7f, 0x40, 0xbc, 0x3, 0xc0,
    0x3, 0x80, 0x3, 0x40, 0x0, 0x0, 0x0, 0x0,
    0x0,

    /* U+504F "偏" */
    0x0, 0x0, 0x0, 0x0, 0x0, 0x0, 0x18, 0x0,
    0x3c, 0x0, 0x0, 0xb, 0x40, 0xb, 0x80, 0x0,
    0x3, 0xcf, 0xff, 0xff, 0xfc, 0x1, 0xf3, 0xff,
    0xff, 0xff, 0x0, 0xf4, 0xf0, 0x0, 0x3, 0xc0,
    0x7c, 0x3c, 0x0, 0x0, 0xf0, 0x3f, 0xf, 0xff,
    0xff, 0xfc, 0x1f, 0xc3, 0xff, 0xff, 0xff, 0xf,
    0xf0, 0xf0, 0x0, 0x0, 0x3, 0xbc, 0x3c, 0x0,
    0x0, 0x0, 0x8f, 0xf, 0xff, 0xff, 0xfc, 0x3,
    0xc7, 0xff, 0xff, 0xff, 0x0, 0xf1, 0xef, 0x2c,
    0xb3, 0xc0, 0x3c, 0xb7, 0xcb, 0x2c, 0xf0, 0xf,
    0x3d, 0xff, 0xff, 0xfc, 0x3, 0xcf, 0x3f, 0xff,
    0xff, 0x0, 0xfb, 0xcf, 0x2c, 0xb3, 0xc0, 0x3f,
    0xd3, 0xcb, 0x2c, 0xf0, 0xf, 0xf0, 0xf2, 0xcb,
    0xbc, 0x3, 0xd8, 0x2c, 0xb2, 0xee, 0x0,

    /* U+505C "停" */
    0x0, 0x0, 0x0, 0x10, 0x0, 0x0, 0x1d, 0x0,
    0x3d, 0x0, 0x0, 0xf, 0xea, 0xaf, 0xea, 0xa4,
    0x3, 0xef, 0xff, 0xff, 0xfe, 0x1, 0xf1, 0x55,
    0x55, 0x55, 0x0, 0xf4, 0x7f, 0xff, 0xff, 0x0,
    0x7c, 0x1f, 0xff, 0xff, 0xc0, 0x3f, 0x7, 0xc0,
    0x0, 0xf0, 0x2f, 0xc1, 0xff, 0xff, 0xfc, 0xf,
    0xf0, 0x7f, 0xff, 0xff, 0x3, 0xfc, 0x0, 0x0,
    0x0, 0x0, 0x8f, 0x3f, 0xff, 0xff, 0xfe, 0x3,
    0xcf, 0xff, 0xff, 0xff, 0x80, 0xf3, 0xc0, 0x0,
    0x1, 0xe0, 0x3c, 0xff, 0xff, 0xff, 0xf8, 0xf,
    0xb, 0xff, 0xff, 0xf8, 0x3, 0xc0, 0x0, 0x3c,
    0x0, 0x0, 0xf0, 0x0, 0xf, 0x0, 0x0, 0x3c,
    0x0, 0x7, 0xc0, 0x0, 0xf, 0x0, 0x7f, 0xf0,
    0x0, 0x3, 0xc0, 0xf, 0xe0, 0x0, 0x0,

    /* U+50A8 "储" */
    0x0, 0x0, 0x0, 0x0, 0x0, 0x0, 0xa, 0x0,
    0x0, 0xf4, 0x0, 0x0, 0xfb, 0xc0, 0xf, 0x42,
    0x80, 0x1f, 0x3f, 0xf, 0xff, 0xbc, 0x2, 0xe0,
    0xfc, 0xff, 0xff, 0x80, 0x3c, 0x7, 0x40, 0xf5,
    0xf4, 0xb, 0xc0, 0x10, 0xf, 0x7f, 0x0, 0xfc,
    0x0, 0x0, 0xfb, 0xd0, 0x2f, 0xdf, 0xf2, 0xff,
    0xff, 0xc3, 0xfd, 0xff, 0x1f, 0xff, 0xfc, 0x3b,
    0xc0, 0xf0, 0x1f, 0x80, 0x0, 0x3c, 0xf, 0xb,
    0xff, 0xf0, 0x3, 0xc0, 0xf7, 0xff, 0xff, 0x0,
    0x3c, 0xf, 0x3f, 0x80, 0xf0, 0x3, 0xc0, 0xf1,
    0xb8, 0xf, 0x0, 0x3c, 0xf, 0x5b, 0xff, 0xf0,
    0x3, 0xc0, 0xfe, 0xbf, 0xff, 0x0, 0x3c, 0xf,
    0xcb, 0x80, 0xf0, 0x3, 0xc2, 0xf0, 0xbf, 0xff,
    0x0, 0x3c, 0xc, 0xb, 0xff, 0xf0, 0x3, 0xc0,
    0x0, 0x78, 0xf, 0x0,

    /* U+5145 "充" */
    0x0, 0x0, 0x14, 0x0, 0x0, 0x0, 0x0, 0x1f,
    0x0, 0x0, 0x0, 0x0, 0x3, 0xe0, 0x0, 0x0,
    0xff, 0xff, 0xff, 0xff, 0xfc, 0x3f, 0xff, 0xff,
    0xff, 0xff, 0x0, 0x2, 0xf0, 0x0, 0x0, 0x0,
    0x0, 0xf4, 0x1, 0xe0, 0x0, 0x0, 0xfc, 0x0,
    0x7d, 0x0, 0x0, 0xbc, 0x0, 0xb, 0xc0, 0x0,
    0x7e, 0x15, 0xab, 0xf8, 0x0, 0x7f, 0xff, 0xff,
    0xff, 0x40, 0xf, 0xff, 0xaf, 0xc3, 0xf0, 0x0,
    0xf, 0x41, 0xf0, 0x30, 0x0, 0x3, 0xd0, 0x7c,
    0x0, 0x0, 0x0, 0xf0, 0x1f, 0x0, 0x0, 0x0,
    0xbc, 0x7, 0xc0, 0x10, 0x0, 0x3e, 0x1, 0xf0,
    0xb, 0x40, 0x7f, 0x0, 0x7c, 0x3, 0xd0, 0xbf,
    0x0, 0x1f, 0x1, 0xf0, 0xff, 0x0, 0x3, 0xff,
    0xfc, 0x1d, 0x0, 0x0, 0x7f, 0xfd, 0x0, 0x0,
    0x0, 0x0, 0x0, 0x0,

    /* U+5148 "先" */
    0x0, 0x90, 0x3d, 0x0, 0x0, 0x0, 0x7c, 0xf,
    0x40, 0x0, 0x0, 0x3f, 0x3, 0xd0, 0x0, 0x0,
    0xf, 0xff, 0xff, 0xff, 0xd0, 0xf, 0xff, 0xff,
    0xff, 0xf4, 0x7, 0xe0, 0xf, 0x80, 0x0, 0x3,
    0xf0, 0x3, 0xd0, 0x0, 0x0, 0x74, 0x0, 0xf4,
    0x0, 0x0, 0x4, 0x0, 0x3e, 0x0, 0x0, 0x2f,
    0xff, 0xff, 0xff, 0xff, 0xcb, 0xff, 0xff, 0xff,
    0xff, 0xf0, 0x0, 0x3d, 0x3, 0xd0, 0x0, 0x0,
    0xf, 0x40, 0xf4, 0x0, 0x0, 0x7, 0xc0, 0x3d,
    0x0, 0x0, 0x3, 0xf0, 0xf, 0x40, 0x90, 0x1,
    0xf4, 0x3, 0xd0, 0x3c, 0x2, 0xfc, 0x0, 0xf4,
    0xf, 0x7, 0xfc, 0x0, 0x3e, 0xb, 0xcb, 0xfc,
    0x0, 0xf, 0xff, 0xe0, 0xf4, 0x0, 0x0, 0xff,
    0xf0, 0x0, 0x0, 0x0, 0x0, 0x0, 0x0,

    /* U+5149 "光" */
    0x0, 0x0, 0x3d, 0x0, 0x0, 0x0, 0x50, 0xf,
    0x40, 0x34, 0x0, 0xbc, 0x3, 0xd0, 0x1f, 0x40,
    0xf, 0x80, 0xf4, 0xf, 0xc0, 0x1, 0xf4, 0x3d,
    0x7, 0xd0, 0x0, 0x3f, 0xf, 0x43, 0xf0, 0x0,
    0x7, 0x43, 0xd0, 0xb0, 0x0, 0x0, 0x0, 0xf8,
    0x0, 0x0, 0x7f, 0xff, 0xff, 0xff, 0xff, 0x1f,
    0xff, 0xff, 0xff, 0xff, 0xc0, 0x0, 0xf8, 0x1f,
    0x0, 0x0, 0x0, 0x3d, 0x7, 0xc0, 0x0, 0x0,
    0xf, 0x41, 0xf0, 0x0, 0x0, 0x7, 0xc0, 0x7c,
    0x0, 0x0, 0x2, 0xf0, 0x1f, 0x0, 0x90, 0x1,
    0xf4, 0x7, 0xc0, 0x3d, 0x1, 0xfc, 0x1, 0xf0,
    0xf, 0x42, 0xfc, 0x0, 0x7d, 0x7, 0xcb, 0xfc,
    0x0, 0xf, 0xff, 0xf1, 0xf8, 0x0, 0x1, 0xff,
    0xf4, 0x10, 0x0, 0x0, 0x0, 0x0, 0x0,

    /* U+5165 "入" */
    0x0, 0x0, 0x0, 0x0, 0x0, 0x0, 0x0, 0x28,
    0x0, 0x0, 0x0, 0x0, 0x7, 0xe0, 0x0, 0x0,
    0x0, 0x0, 0x1f, 0x40, 0x0, 0x0, 0x0, 0x0,
    0x7c, 0x0, 0x0, 0x0, 0x0, 0x3, 0xe0, 0x0,
    0x0, 0x0, 0x0, 0x1f, 0x0, 0x0, 0x0, 0x0,
    0x2, 0xf8, 0x0, 0x0, 0x0, 0x0, 0x3f, 0xc0,
    0x0, 0x0, 0x0, 0x7, 0xbd, 0x0, 0x0, 0x0,
    0x0, 0xf5, 0xf0, 0x0, 0x0, 0x0, 0x1f, 0xf,
    0x40, 0x0, 0x0, 0x3, 0xe0, 0x7c, 0x0, 0x0,
    0x0, 0xbc, 0x3, 0xe0, 0x0, 0x0, 0x1f, 0x40,
    0x1f, 0x40, 0x0, 0x3, 0xf0, 0x0, 0xfc, 0x0,
    0x0, 0xfc, 0x0, 0x3, 0xf0, 0x0, 0x7f, 0x40,
    0x0, 0x1f, 0xc0, 0x2f, 0xd0, 0x0, 0x0, 0x7f,
    0x3, 0xf0, 0x0, 0x0, 0x1, 0xfc, 0x18, 0x0,
    0x0, 0x0, 0x3, 0x0, 0x0, 0x0, 0x0, 0x0,
    0x0,

    /* U+5168 "全" */
    0x0, 0x0, 0xf, 0x80, 0x0, 0x0, 0x0, 0x3,
    0xfe, 0x0, 0x0, 0x0, 0x1, 0xfd, 0xfc, 0x0,
    0x0, 0x0, 0xbe, 0x7, 0xf4, 0x0, 0x0, 0x7f,
    0x80, 0xf, 0xe0, 0x0, 0x2f, 0xd0, 0x0, 0x2f,
    0xd0, 0x2f, 0xf4, 0x0, 0x0, 0xbf, 0xc2, 0xf7,
    0xff, 0xff, 0xfe, 0xbc, 0x4, 0x3f, 0xff, 0xff,
    0xd0, 0x40, 0x0, 0x0, 0xf4, 0x0, 0x0, 0x0,
    0x0, 0xf, 0x40, 0x0, 0x0, 0x0, 0x0, 0xf4,
    0x0, 0x0, 0x0, 0xff, 0xff, 0xff, 0xf8, 0x0,
    0xf, 0xff, 0xff, 0xff, 0x80, 0x0, 0x0, 0xf,
    0x80, 0x0, 0x0, 0x0, 0x0, 0xf4, 0x0, 0x0,
    0x0, 0x0, 0xf, 0x40, 0x0, 0x0, 0x0, 0x0,
    0xf8, 0x0, 0x0, 0xf, 0xff, 0xff, 0xff, 0xff,
    0x80, 0xff, 0xff, 0xff, 0xff, 0xf8,

    /* U+516C "公" */
    0x0, 0x0, 0x0, 0x0, 0x0, 0x0, 0x0, 0x60,
    0x1, 0xc0, 0x0, 0x0, 0xf, 0x80, 0x3e, 0x0,
    0x0, 0x0, 0xf0, 0x2, 0xf0, 0x0, 0x0, 0x2f,
    0x0, 0xf, 0x40, 0x0, 0x3, 0xd0, 0x0, 0xbc,
    0x0, 0x0, 0xbc, 0x0, 0x3, 0xe0, 0x0, 0x1f,
    0x40, 0x0, 0x2f, 0x40, 0x3, 0xf0, 0x14, 0x0,
    0xfc, 0x0, 0xfc, 0x3, 0xe0, 0x7, 0xf0, 0x3f,
    0x40, 0x7c, 0x0, 0x1f, 0xc1, 0xe0, 0xf, 0x80,
    0x0, 0x74, 0x0, 0x1, 0xf0, 0x0, 0x0, 0x0,
    0x0, 0x3e, 0x1, 0xf0, 0x0, 0x0, 0xb, 0xc0,
    0xf, 0x40, 0x0, 0x0, 0xf4, 0x0, 0xbc, 0x0,
    0x0, 0x3e, 0x0, 0x3, 0xe0, 0x0, 0xb, 0xc0,
    0x16, 0xbf, 0x0, 0x3, 0xff, 0xff, 0xff, 0xf4,
    0x0, 0x2f, 0xff, 0xe9, 0x4b, 0xc0, 0x0, 0x40,
    0x0, 0x0, 0x38, 0x0, 0x0, 0x0, 0x0, 0x0,
    0x0,

    /* U+516D "六" */
    0x0, 0x0, 0x10, 0x0, 0x0, 0x0, 0x0, 0x3e,
    0x0, 0x0, 0x0, 0x0, 0xb, 0xf0, 0x0, 0x0,
    0x0, 0x0, 0x7f, 0x0, 0x0, 0x0, 0x0, 0x3,
    0x80, 0x0, 0x0, 0x0, 0x0, 0x40, 0x0, 0x3,
    0xff, 0xff, 0xff, 0xff, 0xf8, 0xff, 0xff, 0xff,
    0xff, 0xfe, 0x0, 0x0, 0x0, 0x0, 0x0, 0x0,
    0x0, 0x0, 0x0, 0x0, 0x0, 0x0, 0xa4, 0x1,
    0xe0, 0x0, 0x0, 0x3d, 0x0, 0xbc, 0x0, 0x0,
    0x2f, 0x0, 0xf, 0xc0, 0x0, 0xf, 0x80, 0x1,
    0xf4, 0x0, 0xb, 0xc0, 0x0, 0x3f, 0x0, 0x7,
    0xe0, 0x0, 0x3, 0xe0, 0x3, 0xf0, 0x0, 0x0,
    0xbc, 0x3, 0xf0, 0x0, 0x0, 0xf, 0xc3, 0xf4,
    0x0, 0x0, 0x1, 0xf4, 0x38, 0x0, 0x0, 0x0,
    0x38, 0x0, 0x0, 0x0, 0x0, 0x0, 0x0,

    /* U+5171 "共" */
    0x0, 0xf, 0x0, 0x1f, 0x0, 0x0, 0x3, 0xc0,
    0x7, 0xc0, 0x0, 0x0, 0xf0, 0x1, 0xf0, 0x0,
    0x0, 0x3c, 0x0, 0x7c, 0x0, 0xf, 0xff, 0xff,
    0xff, 0xff, 0x3, 0xff, 0xff, 0xff, 0xff, 0xc0,
    0x1, 0xf4, 0x1, 0xf0, 0x0, 0x0, 0x3c, 0x0,
    0x7c, 0x0, 0x0, 0xf, 0x0, 0x1f, 0x0, 0x0,
    0x3, 0xc0, 0x7, 0xc0, 0x0, 0x0, 0xf0, 0x1,
    0xf0, 0x0, 0xff, 0xff, 0xff, 0xff, 0xff, 0x3f,
    0xff, 0xff, 0xff, 0xff, 0xc0, 0x0, 0x80, 0x1,
    0x0, 0x0, 0x0, 0xb8, 0x2, 0xf0, 0x0, 0x0,
    0xfe, 0x0, 0xbf, 0x40, 0x1, 0xfe, 0x0, 0x3,
    0xf8, 0x2, 0xfe, 0x0, 0x0, 0x3f, 0xc3, 0xfd,
    0x0, 0x0, 0x2, 0xf8, 0x38, 0x0, 0x0, 0x0,
    0x2c, 0x0, 0x0, 0x0, 0x0, 0x0, 0x0,

    /* U+5173 "关" */
    0x0, 0x0, 0x0, 0x0, 0x0, 0x0, 0xb, 0x0,
    0x3, 0xd0, 0x0, 0x3, 0xf0, 0x2, 0xf0, 0x0,
    0x0, 0x3e, 0x0, 0xf8, 0x0, 0x0, 0x7, 0x80,
    0xbc, 0x0, 0x3, 0xff, 0xff, 0xff, 0xff, 0x0,
    0xff, 0xff, 0xff, 0xff, 0xc0, 0x0, 0x0, 0xbc,
    0x0, 0x0, 0x0, 0x0, 0x2e, 0x0, 0x0, 0x0,
    0x0, 0xf, 0x80, 0x0, 0x0, 0x0, 0x3, 0xd0,
    0x0, 0x0, 0xff, 0xff, 0xff, 0xff, 0xfc, 0x3f,
    0xff, 0xff, 0xff, 0xff, 0x0, 0x0, 0x3f, 0xf0,
    0x0, 0x0, 0x0, 0x1f, 0x7d, 0x0, 0x0, 0x0,
    0xf, 0xcb, 0xd0, 0x0, 0x0, 0x1f, 0xc0, 0xfd,
    0x0, 0x0, 0x2f, 0xd0, 0xf, 0xf0, 0x1, 0xbf,
    0xc0, 0x0, 0xbf, 0x90, 0xff, 0x80, 0x0, 0x7,
    0xfd, 0x2d, 0x0, 0x0, 0x0, 0x1f, 0x0, 0x0,
    0x0, 0x0, 0x0, 0x0,

    /* U+5176 "其" */
    0x0, 0xf4, 0x0, 0x1f, 0x0, 0x0, 0xf4, 0x0,
    0x1f, 0x0, 0xbf, 0xff, 0xff, 0xff, 0xfe, 0xbf,
    0xff, 0xff, 0xff, 0xfe, 0x0, 0xf4, 0x0, 0x1f,
    0x0, 0x0, 0xf4, 0x0, 0x1f, 0x0, 0x0, 0xff,
    0xff, 0xff, 0x0, 0x0, 0xff, 0xff, 0xff, 0x0,
    0x0, 0xf4, 0x0, 0x1f, 0x0, 0x0, 0xff, 0xff,
    0xff, 0x0, 0x0, 0xff, 0xff, 0xff, 0x0, 0x0,
    0xf4, 0x0, 0x1f, 0x0, 0x0, 0xf4, 0x0, 0x1f,
    0x0, 0xff, 0xff, 0xff, 0xff, 0xff, 0xff, 0xff,
    0xff, 0xff, 0xff, 0x0, 0x9, 0x0, 0x24, 0x0,
    0x0, 0xbf, 0x0, 0xbf, 0x40, 0xb, 0xfc, 0x0,
    0x6f, 0xf4, 0x7f, 0xd0, 0x0, 0x2, 0xfd, 0x2d,
    0x0, 0x0, 0x0, 0x2c, 0x0, 0x0, 0x0, 0x0,
    0x0,

    /* U+5177 "具" */
    0x3, 0xff, 0xff, 0xff, 0xc0, 0x3, 0xff, 0xff,
    0xff, 0xc0, 0x3, 0xd0, 0x0, 0xb, 0xc0, 0x3,
    0xff, 0xff, 0xff, 0xc0, 0x3, 0xff, 0xff, 0xff,
    0xc0, 0x3, 0xc0, 0x0, 0xb, 0xc0, 0x3, 0xff,
    0xff, 0xff, 0xc0, 0x3, 0xff, 0xff, 0xff, 0xc0,
    0x3, 0xc0, 0x0, 0xb, 0xc0, 0x3, 0xc0, 0x0,
    0xb, 0xc0, 0x3, 0xff, 0xff, 0xff, 0xc0, 0x3,
    0xff, 0xff, 0xff, 0xc0, 0x3, 0xc0, 0x0, 0xb,
    0xc0, 0xff, 0xff, 0xff, 0xff, 0xfe, 0xff, 0xff,
    0xff, 0xff, 0xfe, 0x0, 0xbd, 0x0, 0xfe, 0x40,
    0x7, 0xfd, 0x0, 0xbf, 0xe0, 0x7f, 0xe0, 0x0,
    0x7, 0xfd, 0x3e, 0x0, 0x0, 0x0, 0x7c, 0x0,
    0x0, 0x0, 0x0, 0x0,

    /* U+5185 "内" */
    0x0, 0x0, 0xf4, 0x0, 0x0, 0x0, 0xf, 0x40,
    0x0, 0x0, 0x0, 0xf4, 0x0, 0xf, 0xff, 0xff,
    0xff, 0xff, 0xff, 0xff, 0xff, 0xff, 0xff, 0x40,
    0x2f, 0x0, 0x1f, 0xf0, 0x2, 0xe0, 0x0, 0xff,
    0x0, 0x3f, 0x0, 0xf, 0xf0, 0x7, 0xfc, 0x0,
    0xff, 0x0, 0xff, 0xf0, 0xf, 0xf0, 0x1f, 0x5f,
    0xc0, 0xff, 0x7, 0xf0, 0x7f, 0xf, 0xf1, 0xfc,
    0x2, 0xf8, 0xff, 0x7f, 0x40, 0xb, 0xdf, 0xf2,
    0xc0, 0x0, 0x30, 0xff, 0x0, 0x0, 0x0, 0xf,
    0xf0, 0x0, 0x0, 0x0, 0xff, 0x0, 0x0, 0x0,
    0x1f, 0xf0, 0x0, 0x1, 0xff, 0xff, 0x0, 0x0,
    0xf, 0xfc,

    /* U+518D "再" */
    0x7f, 0xff, 0xff, 0xff, 0xfc, 0x7f, 0xff, 0xff,
    0xff, 0xfc, 0x0, 0x0, 0x7c, 0x0, 0x0, 0x0,
    0x0, 0x7c, 0x0, 0x0, 0xb, 0xff, 0xff, 0xff,
    0xe0, 0xb, 0xff, 0xff, 0xff, 0xe0, 0xb, 0x80,
    0x3c, 0x2, 0xe0, 0xb, 0x80, 0x3c, 0x2, 0xe0,
    0xb, 0xff, 0xff, 0xff, 0xe0, 0xb, 0xff, 0xff,
    0xff, 0xe0, 0xb, 0x80, 0x3c, 0x2, 0xe0, 0xf,
    0x80, 0x7c, 0x2, 0xe0, 0xff, 0xff, 0xff, 0xff,
    0xff, 0xff, 0xff, 0xff, 0xff, 0xff, 0xb, 0x80,
    0x0, 0x2, 0xe0, 0xb, 0x80, 0x0, 0x2, 0xe0,
    0xb, 0x80, 0x0, 0x3, 0xe0, 0xb, 0x80, 0x0,
    0x7f, 0xd0, 0xb, 0x80, 0x0, 0x3f, 0x80, 0x0,
    0x0, 0x0, 0x0, 0x0,

    /* U+5199 "写" */
    0x3f, 0xff, 0xff, 0xff, 0xfd, 0x3f, 0xff, 0xff,
    0xff, 0xfd, 0x3d, 0x19, 0x0, 0x0, 0x3d, 0x3d,
    0x2e, 0x0, 0x0, 0x3d, 0x3d, 0x2f, 0xff, 0xff,
    0x3d, 0x0, 0x3f, 0xff, 0xff, 0x0, 0x0, 0x3c,
    0x0, 0x0, 0x0, 0x0, 0x7c, 0x0, 0x0, 0x0,
    0x0, 0xb8, 0x0, 0x0, 0x0, 0x0, 0xff, 0xff,
    0xff, 0xf0, 0x1, 0xff, 0xff, 0xff, 0xf0, 0x0,
    0x0, 0x0, 0x0, 0xf0, 0x0, 0x0, 0x0, 0x0,
    0xf0, 0x7f, 0xff, 0xff, 0xf0, 0xf0, 0x7f, 0xff,
    0xff, 0xf1, 0xf0, 0x0, 0x0, 0x0, 0x1, 0xe0,
    0x0, 0x0, 0x0, 0x3, 0xe0, 0x0, 0x0, 0x3,
    0xff, 0xc0, 0x0, 0x0, 0x3, 0xfe, 0x40,

    /* U+51C6 "准" */
    0x0, 0x0, 0x14, 0x19, 0x0, 0x7, 0x40, 0xf,
    0x4b, 0xc0, 0x3, 0xf0, 0x7, 0xc0, 0xf0, 0x0,
    0x3e, 0x2, 0xe0, 0x3d, 0x0, 0x7, 0xd0, 0xff,
    0xff, 0xff, 0x80, 0xfc, 0xbf, 0xff, 0xff, 0xe0,
    0xd, 0x7f, 0x0, 0xf0, 0x0, 0x0, 0x3f, 0xc0,
    0x3c, 0x0, 0x0, 0x1f, 0xff, 0xff, 0xff, 0x0,
    0x3, 0x3f, 0xff, 0xff, 0xc0, 0x9, 0xf, 0x0,
    0xf0, 0x0, 0x7, 0xc3, 0xc0, 0x3c, 0x0, 0x2,
    0xe0, 0xff, 0xff, 0xff, 0x0, 0xf4, 0x3f, 0xff,
    0xff, 0xc0, 0x7c, 0xf, 0x0, 0xf0, 0x0, 0x2f,
    0x3, 0xc0, 0x3c, 0x0, 0xf, 0x40, 0xf0, 0xf,
    0x0, 0x7, 0xc0, 0x3f, 0xff, 0xff, 0xf3, 0xe0,
    0xf, 0xff, 0xff, 0xfc, 0x64, 0x3, 0xc0, 0x0,
    0x0,

    /* U+51FA "出" */
    0x0, 0x1, 0xf0, 0x0, 0x0, 0xf0, 0x7, 0xc0,
    0xf, 0x3, 0xd0, 0x1f, 0x0, 0x3c, 0xf, 0x40,
    0x7c, 0x0, 0xf0, 0x3d, 0x1, 0xf0, 0x3, 0xc0,
    0xf4, 0x7, 0xc0, 0xf, 0x3, 0xd0, 0x1f, 0x0,
    0x3c, 0xf, 0xff, 0xff, 0xff, 0xf0, 0x3f, 0xff,
    0xff, 0xff, 0xc0, 0x0, 0x7, 0xc0, 0x0, 0x0,
    0x0, 0x1f, 0x0, 0x0, 0x3c, 0x0, 0x7c, 0x0,
    0x3c, 0xf0, 0x1, 0xf0, 0x0, 0xf3, 0xc0, 0x7,
    0xc0, 0x3, 0xcf, 0x0, 0x1f, 0x0, 0xf, 0x3c,
    0x0, 0x7c, 0x0, 0x3c, 0xf0, 0x1, 0xf0, 0x0,
    0xf3, 0xff, 0xff, 0xff, 0xff, 0xcf, 0xff, 0xff,
    0xff, 0xff, 0x3d, 0x0, 0x0, 0x0, 0x3c,

    /* U+51FB "击" */
    0x0, 0x0, 0x3d, 0x0, 0x0, 0x0, 0x0, 0x3d,
    0x0, 0x0, 0x0, 0x0, 0x3d, 0x0, 0x0, 0xf,
    0xff, 0xff, 0xff, 0xf0, 0xf, 0xff, 0xff, 0xff,
    0xf0, 0x0, 0x0, 0x3d, 0x0, 0x0, 0x0, 0x0,
    0x3d, 0x0, 0x0, 0x0, 0x0, 0x3d, 0x0, 0x0,
    0xbf, 0xff, 0xff, 0xff, 0xff, 0xbf, 0xff, 0xff,
    0xff, 0xff, 0x0, 0x0, 0x3d, 0x0, 0x0, 0x6,
    0x40, 0x3d, 0x0, 0xa0, 0xb, 0x80, 0x3d, 0x0,
    0xf0, 0xb, 0x80, 0x3d, 0x0, 0xf0, 0xb, 0x80,
    0x3d, 0x0, 0xf0, 0xb, 0x80, 0x3d, 0x0, 0xf0,
    0xb, 0x80, 0x3d, 0x0, 0xf0, 0xb, 0xff, 0xff,
    0xff, 0xf0, 0xb, 0xff, 0xff, 0xff, 0xf0, 0xb,
    0x80, 0x0, 0x0, 0xf0,

    /* U+5206 "分" */
    0x0, 0x0, 0x0, 0x10, 0x0, 0x0, 0x2, 0xc0,
    0x2d, 0x0, 0x0, 0x1, 0xf4, 0xb, 0xc0, 0x0,
    0x0, 0xf8, 0x0, 0xf4, 0x0, 0x0, 0xfc, 0x0,
    0x2f, 0x0, 0x0, 0xbd, 0x0, 0x3, 0xf0, 0x0,
    0xbd, 0x0, 0x0, 0x3f, 0x0, 0xfe, 0x0, 0x0,
    0x3, 0xf4, 0xbe, 0x0, 0x0, 0x0, 0x7f, 0xc,
    0xff, 0xff, 0xff, 0xf3, 0x40, 0x3f, 0xff, 0xff,
    0xfc, 0x0, 0x0, 0xf, 0x40, 0x1f, 0x0, 0x0,
    0x7, 0xc0, 0x7, 0xc0, 0x0, 0x2, 0xe0, 0x1,
    0xf0, 0x0, 0x0, 0xf4, 0x0, 0xb8, 0x0, 0x0,
    0xfc, 0x0, 0x2e, 0x0, 0x0, 0xfc, 0x0, 0xf,
    0x40, 0x1, 0xfd, 0x0, 0xb, 0xc0, 0x2, 0xfd,
    0xf, 0xff, 0xe0, 0x0, 0x38, 0x2, 0xff, 0xe0,
    0x0, 0x0, 0x0, 0x0, 0x0, 0x0, 0x0,

    /* U+5212 "划" */
    0x0, 0x0, 0x0, 0x0, 0x0, 0x3, 0xc7, 0x40,
    0x0, 0xf, 0x3, 0xc7, 0xc0, 0x0, 0xf, 0x3,
    0xc2, 0xf0, 0x3c, 0xf, 0x3, 0xc0, 0xe0, 0x3c,
    0xf, 0x3, 0xc0, 0x0, 0x3c, 0xf, 0x3, 0xea,
    0xfd, 0x3c, 0xf, 0x7f, 0xff, 0xfd, 0x3c, 0xf,
    0x7f, 0xfa, 0x50, 0x3c, 0xf, 0x16, 0xd0, 0x34,
    0x3c, 0xf, 0x2, 0xe0, 0xbc, 0x3c, 0xf, 0x1,
    0xf0, 0xf4, 0x3c, 0xf, 0x0, 0xf3, 0xf0, 0x3c,
    0xf, 0x0, 0xff, 0xc0, 0x3c, 0xf, 0x0, 0xbf,
    0x40, 0x3c, 0xf, 0x0, 0xbe, 0x0, 0x3c, 0xf,
    0x3, 0xfd, 0xa, 0x28, 0xf, 0x2f, 0xff, 0xf,
    0x40, 0xf, 0xbf, 0x4f, 0xef, 0x0, 0x1f, 0x24,
    0x3, 0xfe, 0x1f, 0xff, 0x0, 0x0, 0xb8, 0xf,
    0xfc, 0x0, 0x0, 0x0, 0x0, 0x0,

    /* U+5217 "列" */
    0x0, 0x0, 0x0, 0x0, 0xf, 0xf, 0xff, 0xff,
    0xc0, 0x3, 0xc3, 0xff, 0xff, 0xf3, 0xc0, 0xf0,
    0x3, 0xd0, 0x0, 0xf0, 0x3c, 0x0, 0xf0, 0x0,
    0x3c, 0xf, 0x0, 0x7e, 0xaa, 0xf, 0x3, 0xc0,
    0x2f, 0xff, 0xc3, 0xc0, 0xf0, 0xf, 0xaa, 0xf0,
    0xf0, 0x3c, 0xb, 0xc0, 0x7c, 0x3c, 0xf, 0x7,
    0xe0, 0x2e, 0xf, 0x3, 0xc3, 0xfe, 0xf, 0x43,
    0xc0, 0xf0, 0xfb, 0xfb, 0xc0, 0xf0, 0x3c, 0x20,
    0x3f, 0xe0, 0x3c, 0xf, 0x0, 0x3, 0xf0, 0xf,
    0x3, 0xc0, 0x1, 0xf4, 0x3, 0xc0, 0xf0, 0x1,
    0xfc, 0x0, 0xf0, 0x3c, 0x2, 0xfc, 0x0, 0x0,
    0xf, 0x7, 0xfc, 0x0, 0x0, 0x7, 0xc3, 0xf8,
    0x0, 0x0, 0xff, 0xf0, 0x34, 0x0, 0x0, 0x3f,
    0xf0, 0x0, 0x0, 0x0, 0x0, 0x0, 0x0,

    /* U+5220 "删" */
    0x0, 0x0, 0x0, 0x0, 0xf, 0x3, 0xff, 0x2f,
    0xf4, 0x3, 0xc0, 0xff, 0xcb, 0xfd, 0x38, 0xf0,
    0x3c, 0xf2, 0xcb, 0x4e, 0x3c, 0xf, 0x3c, 0xb2,
    0xd3, 0x8f, 0x3, 0xcf, 0x2c, 0xb4, 0xe3, 0xc0,
    0xf3, 0xcb, 0x2d, 0x38, 0xf0, 0x3c, 0xf2, 0xcb,
    0x4e, 0x3c, 0xf, 0x3d, 0xb6, 0xe3, 0x8f, 0xf,
    0xff, 0xff, 0xfe, 0xe3, 0xc3, 0xff, 0xff, 0xff,
    0x78, 0xf0, 0x3c, 0xf2, 0xcb, 0x4e, 0x3c, 0xf,
    0x3c, 0xb2, 0xd3, 0x8f, 0x3, 0xcf, 0x3c, 0xb4,
    0xe3, 0xc1, 0xe3, 0xcf, 0x2d, 0x38, 0xf0, 0x78,
    0xf3, 0xcb, 0x49, 0x3c, 0x2d, 0x3d, 0xf2, 0xd0,
    0xf, 0xf, 0xf, 0xb8, 0xb4, 0x3, 0xc7, 0xdf,
    0xed, 0xbd, 0x3f, 0xf0, 0x53, 0xe2, 0x2f, 0xf,
    0xf4, 0x0, 0x0, 0x0, 0x0, 0x0, 0x0,

    /* U+5230 "到" */
    0x0, 0x0, 0x0, 0x0, 0xf, 0xf, 0xff, 0xff,
    0xc0, 0x3, 0xc3, 0xff, 0xff, 0xf0, 0xf0, 0xf0,
    0x3, 0xe0, 0x40, 0x3c, 0x3c, 0x2, 0xf0, 0xb0,
    0xf, 0xf, 0x0, 0xf4, 0x2f, 0x3, 0xc3, 0xc0,
    0xf8, 0x7, 0xe0, 0xf0, 0xf0, 0xff, 0xff, 0xfd,
    0x3c, 0x3c, 0x3f, 0xfe, 0x5f, 0x8f, 0xf, 0x5,
    0x1, 0x40, 0x43, 0xc3, 0xc0, 0x1, 0xf0, 0x0,
    0xf0, 0xf0, 0x15, 0xbd, 0x50, 0x3c, 0x3c, 0x1f,
    0xff, 0xfe, 0xf, 0xf, 0x7, 0xff, 0xff, 0x43,
    0xc3, 0xc0, 0x1, 0xf0, 0x0, 0xf0, 0xf0, 0x0,
    0x7c, 0x0, 0x14, 0x3c, 0x0, 0x1f, 0x6b, 0x0,
    0xf, 0x5, 0xaf, 0xff, 0xc0, 0x7, 0xc3, 0xff,
    0xfe, 0x50, 0xbf, 0xf0, 0xf9, 0x40, 0x0, 0x1f,
    0xf4,

    /* U+5236 "制" */
    0x0, 0xf, 0x80, 0x0, 0xf, 0x2, 0xe3, 0xe0,
    0x0, 0x3, 0xc0, 0xf9, 0xf9, 0x50, 0xf0, 0xf0,
    0x3f, 0xff, 0xfd, 0x3c, 0x3c, 0x2f, 0xaf, 0xea,
    0xf, 0xf, 0xf, 0x43, 0xe0, 0x3, 0xc3, 0xc0,
    0x80, 0xf8, 0x0, 0xf0, 0xf0, 0xff, 0xff, 0xff,
    0x3c, 0x3c, 0x3f, 0xff, 0xff, 0xcf, 0xf, 0x0,
    0x3, 0xe0, 0x3, 0xc3, 0xc0, 0x55, 0xf9, 0x54,
    0xf0, 0xf0, 0x3f, 0xff, 0xfe, 0x3c, 0x3c, 0xf,
    0xef, 0xef, 0x8f, 0xf, 0x3, 0xc3, 0xe1, 0xe3,
    0xc3, 0xc0, 0xf0, 0xf8, 0x78, 0xf0, 0xf0, 0x3c,
    0x3e, 0x1e, 0x14, 0x3c, 0xf, 0xf, 0x8b, 0x80,
    0xf, 0x3, 0xc3, 0xef, 0xe0, 0x3, 0xc0, 0xf0,
    0xfb, 0xf0, 0x7f, 0xf0, 0x0, 0x3e, 0x0, 0xf,
    0xf4,

    /* U+524D "前" */
    0x0, 0x14, 0x0, 0x24, 0x0, 0x0, 0x7d, 0x0,
    0x7d, 0x0, 0x0, 0x2f, 0x0, 0xfc, 0x0, 0xff,
    0xff, 0xff, 0xff, 0xff, 0xff, 0xff, 0xff, 0xff,
    0xff, 0x0, 0x0, 0x0, 0x0, 0x50, 0x2f, 0xff,
    0xf0, 0x0, 0xb8, 0x2f, 0xff, 0xf1, 0xf0, 0xb8,
    0x2e, 0x1, 0xf1, 0xf0, 0xb8, 0x2e, 0x55, 0xf1,
    0xf0, 0xb8, 0x2f, 0xff, 0xf1, 0xf0, 0xb8, 0x2f,
    0xff, 0xf1, 0xf0, 0xb8, 0x2e, 0x1, 0xf1, 0xf0,
    0xb8, 0x2f, 0x56, 0xf1, 0xf0, 0xb8, 0x2f, 0xff,
    0xf1, 0xf0, 0xb8, 0x2f, 0xab, 0xf1, 0xf0, 0xb8,
    0x2e, 0x1, 0xf0, 0x50, 0xb8, 0x2e, 0x6, 0xf0,
    0x15, 0xf8, 0x2e, 0x1f, 0xe0, 0x3f, 0xf4, 0x2e,
    0xf, 0x80, 0x3f, 0xe0,

    /* U+5256 "剖" */
    0x0, 0x0, 0x0, 0x0, 0x0, 0x0, 0xb8, 0x0,
    0x0, 0x3c, 0x0, 0xbc, 0x0, 0x0, 0x3c, 0xbf,
    0xff, 0xfd, 0x3c, 0x3c, 0xbf, 0xff, 0xfd, 0x3c,
    0x3c, 0x1, 0x0, 0x40, 0x3c, 0x3c, 0x1f, 0x0,
    0xf4, 0x3c, 0x3c, 0xf, 0x41, 0xf0, 0x3c, 0x3c,
    0xb, 0x83, 0xe0, 0x3c, 0x3c, 0xff, 0xff, 0xff,
    0x3c, 0x3c, 0xff, 0xff, 0xfe, 0x3c, 0x3c, 0x0,
    0x0, 0x0, 0x3c, 0x3c, 0x1a, 0xaa, 0xa4, 0x3c,
    0x3c, 0x3f, 0xff, 0xfc, 0x3c, 0x3c, 0x3f, 0xaa,
    0xfc, 0x3c, 0x3c, 0x3d, 0x0, 0x7c, 0x3c, 0x3c,
    0x3d, 0x0, 0x7c, 0x28, 0x3c, 0x3d, 0x0, 0x7c,
    0x0, 0x3c, 0x3f, 0xff, 0xfc, 0x0, 0x3c, 0x3f,
    0xff, 0xfc, 0x3f, 0xfc, 0x2d, 0x0, 0x78, 0x2f,
    0xf4,

    /* U+5269 "剩" */
    0x0, 0x0, 0x0, 0x0, 0x0, 0x0, 0x0, 0x5b,
    0xe0, 0x0, 0xf0, 0xbf, 0xff, 0xfc, 0x0, 0x3c,
    0xf, 0xff, 0x50, 0x5, 0xf, 0x0, 0x3, 0xc0,
    0x3, 0xc3, 0xc3, 0xff, 0xff, 0xfc, 0xf0, 0xf0,
    0xff, 0xff, 0xfe, 0x3c, 0x3c, 0x1, 0x8f, 0x24,
    0xf, 0xf, 0x5, 0xf3, 0xde, 0xb3, 0xc3, 0xcb,
    0xfc, 0xf7, 0xfc, 0xf0, 0xf0, 0x5f, 0x3d, 0xf4,
    0x3c, 0x3c, 0x7, 0xcf, 0x79, 0xdf, 0xf, 0x2f,
    0xf3, 0xcf, 0xf7, 0xc3, 0xc7, 0xbd, 0xf3, 0xfc,
    0xf0, 0xf0, 0x1, 0xff, 0x0, 0x3c, 0x3c, 0x1,
    0xff, 0xf8, 0xf, 0xf, 0x2, 0xf7, 0xdf, 0xc3,
    0xc3, 0xc7, 0xf4, 0xf1, 0xf8, 0x0, 0xf1, 0xf4,
    0x3c, 0x18, 0x0, 0x7c, 0x10, 0xf, 0x0, 0x3,
    0xff, 0x0, 0x3, 0xc0, 0x0, 0xbe, 0x0,

    /* U+529F "功" */
    0x0, 0x0, 0x0, 0x7c, 0x0, 0x0, 0x0, 0x0,
    0x1f, 0x0, 0x3, 0xff, 0xfc, 0x7, 0xc0, 0x0,
    0xff, 0xff, 0x1, 0xf0, 0x0, 0x0, 0xf0, 0x2f,
    0xff, 0xff, 0x0, 0x3c, 0xb, 0xff, 0xff, 0xc0,
    0xf, 0x0, 0x7, 0xc0, 0xf0, 0x3, 0xc0, 0x1,
    0xf0, 0x3c, 0x0, 0xf0, 0x0, 0x7c, 0xf, 0x0,
    0x3c, 0x0, 0x1f, 0x3, 0xc0, 0xf, 0x0, 0xb,
    0xc0, 0xf0, 0x3, 0xc0, 0x3, 0xe0, 0x3c, 0x0,
    0xf0, 0x0, 0xf4, 0xf, 0x0, 0x3e, 0xf4, 0x7c,
    0x3, 0xc0, 0x6f, 0xfd, 0x3e, 0x0, 0xf0, 0xff,
    0xf4, 0x1f, 0x40, 0x3c, 0x3e, 0x40, 0xf, 0xc0,
    0xf, 0x0, 0x0, 0xb, 0xd0, 0xb, 0xc0, 0x0,
    0xb, 0xe0, 0xff, 0xe0, 0x0, 0x0, 0xe0, 0x3f,
    0xe0, 0x0, 0x0, 0x0, 0x0, 0x0, 0x0,

    /* U+52A0 "加" */
    0x0, 0x7c, 0x0, 0x0, 0x0, 0x0, 0x1f, 0x0,
    0x0, 0x0, 0x0, 0x7, 0xc0, 0x2, 0xaa, 0xa0,
    0x1, 0xf0, 0x0, 0xff, 0xfc, 0x2f, 0xff, 0xfc,
    0x3e, 0xaf, 0xb, 0xff, 0xff, 0xf, 0x3, 0xc0,
    0x7, 0xc3, 0xc3, 0xc0, 0xf0, 0x1, 0xf0, 0xf0,
    0xf0, 0x3c, 0x0, 0x7c, 0x3c, 0x3c, 0xf, 0x0,
    0x1f, 0xf, 0xf, 0x3, 0xc0, 0xb, 0xc3, 0xc3,
    0xc0, 0xf0, 0x2, 0xe0, 0xf0, 0xf0, 0x3c, 0x0,
    0xf4, 0x3c, 0x3c, 0xf, 0x0, 0x3c, 0xf, 0xf,
    0x3, 0xc0, 0x1f, 0x3, 0xc3, 0xc0, 0xf0, 0xf,
    0x80, 0xf0, 0xf0, 0x3c, 0x7, 0xd0, 0x3c, 0x3c,
    0xf, 0x3, 0xf0, 0x2f, 0xf, 0xff, 0xc2, 0xf5,
    0xff, 0x83, 0xff, 0xf0, 0xb8, 0x3f, 0xc0, 0xf0,
    0x3c, 0x4, 0x0, 0x0, 0x0, 0x0, 0x0,

    /* U+52A8 "动" */
    0x0, 0x0, 0x0, 0x1f, 0x0, 0x3, 0xff, 0xfc,
    0x7, 0xc0, 0x0, 0xff, 0xff, 0x1, 0xf0, 0x0,
    0x0, 0x0, 0x1, 0xbd, 0x55, 0x0, 0x0, 0x1,
    0xff, 0xff, 0xc0, 0x0, 0x0, 0x7f, 0xff, 0xf0,
    0x0, 0x0, 0x1, 0xf0, 0x3c, 0xff, 0xff, 0xf0,
    0x7c, 0xf, 0x3f, 0xff, 0xfc, 0x1f, 0x3, 0xc0,
    0x7c, 0x0, 0x7, 0xc0, 0xf0, 0x2e, 0x4, 0x2,
    0xe0, 0x3c, 0xf, 0x4f, 0x0, 0xb8, 0xf, 0x3,
    0xc3, 0xe0, 0x3d, 0x3, 0xc2, 0xf0, 0x7d, 0xf,
    0x0, 0xf0, 0xf4, 0x1f, 0xc7, 0xc0, 0x3c, 0x7e,
    0xbf, 0xf7, 0xe0, 0x1f, 0x3f, 0xff, 0x7f, 0xf4,
    0x7, 0xcb, 0xe4, 0x5, 0xfc, 0x3, 0xe0, 0x0,
    0x0, 0xfc, 0x3f, 0xf4, 0x0, 0x0, 0x1e, 0xf,
    0xf4, 0x0, 0x0, 0x0, 0x0, 0x0, 0x0,

    /* U+52FE "勾" */
    0x0, 0x0, 0x0, 0x0, 0x0, 0x0, 0xf4, 0x0,
    0x0, 0x0, 0x3, 0xd0, 0x0, 0x0, 0x0, 0x2f,
    0x0, 0x0, 0x0, 0x0, 0xff, 0xff, 0xff, 0xfc,
    0xb, 0xff, 0xff, 0xff, 0xf0, 0x7d, 0x0, 0x0,
    0x7, 0xc7, 0xf0, 0x40, 0x0, 0x1f, 0x3f, 0x3,
    0xc0, 0x0, 0x7c, 0xb0, 0x2f, 0x0, 0x1, 0xf0,
    0x0, 0xf4, 0x30, 0x7, 0xc0, 0x7, 0xc2, 0xe0,
    0x1f, 0x0, 0x3d, 0x3, 0xc0, 0x7c, 0x1, 0xf0,
    0xb, 0xc1, 0xf0, 0xf, 0x45, 0xbf, 0x47, 0xc0,
    0xff, 0xff, 0xff, 0x1f, 0x3, 0xff, 0xe4, 0x3c,
    0xbc, 0x5, 0x0, 0x0, 0x42, 0xe0, 0x0, 0x0,
    0x0, 0xf, 0x80, 0x0, 0x0, 0xbf, 0xfc, 0x0,
    0x0, 0x1, 0xff, 0xd0, 0x0, 0x0, 0x0, 0x0,
    0x0,

    /* U+52FF "勿" */
    0x0, 0x0, 0x0, 0x0, 0x0, 0x0, 0xf8, 0x0,
    0x0, 0x0, 0x7, 0xc0, 0x0, 0x0, 0x0, 0x3f,
    0x0, 0x0, 0x0, 0x2, 0xff, 0xff, 0xff, 0xfc,
    0x1f, 0xff, 0xff, 0xff, 0xf1, 0xfc, 0x3e, 0xf,
    0x47, 0xdf, 0xc0, 0xf0, 0x3c, 0x1f, 0x3c, 0xb,
    0x81, 0xf0, 0x7c, 0x0, 0x3d, 0xb, 0x81, 0xf0,
    0x3, 0xe0, 0x3c, 0x7, 0xc0, 0x2f, 0x1, 0xf0,
    0x1f, 0x2, 0xf4, 0xf, 0x40, 0x7c, 0x3f, 0x40,
    0xbc, 0x1, 0xf7, 0xf8, 0x7, 0xd0, 0x7, 0xcf,
    0x40, 0x7f, 0x0, 0x1f, 0x0, 0x7, 0xf0, 0x0,
    0xbc, 0x0, 0xbf, 0x0, 0x2, 0xe0, 0x1f, 0xf0,
    0x0, 0x1f, 0x80, 0xfe, 0x0, 0xff, 0xfc, 0x1,
    0xd0, 0x2, 0xff, 0xd0, 0x0, 0x0, 0x0, 0x0,
    0x0,

    /* U+5316 "化" */
    0x0, 0x0, 0x0, 0x0, 0x0, 0x0, 0x0, 0x78,
    0x3c, 0x0, 0x0, 0x0, 0xf, 0x83, 0xc0, 0x0,
    0x0, 0x1, 0xf0, 0x3c, 0x0, 0x40, 0x0, 0x3e,
    0x3, 0xc0, 0x1f, 0x0, 0xf, 0xc0, 0x3c, 0x7,
    0xf0, 0x2, 0xf4, 0x3, 0xc2, 0xfc, 0x0, 0x7f,
    0x0, 0x3d, 0xff, 0x0, 0x1f, 0xf0, 0x3, 0xff,
    0x80, 0x7, 0xff, 0x0, 0x7f, 0xc0, 0x0, 0x3c,
    0xf0, 0x7f, 0xe0, 0x0, 0x2, 0xf, 0x1f, 0xfc,
    0x0, 0x0, 0x0, 0xf0, 0xfb, 0xc0, 0x0, 0x0,
    0xf, 0x0, 0x3c, 0x0, 0x0, 0x0, 0xf0, 0x3,
    0xc0, 0x0, 0x0, 0xf, 0x0, 0x3c, 0x0, 0x38,
    0x0, 0xf0, 0x3, 0xc0, 0x3, 0xc0, 0xf, 0x0,
    0x3c, 0x0, 0x3c, 0x0, 0xf0, 0x3, 0xd0, 0xb,
    0xc0, 0xf, 0x0, 0x3f, 0xff, 0xf8, 0x0, 0xf0,
    0x0, 0xff, 0xfe, 0x0,

    /* U+5317 "北" */
    0x0, 0x3, 0xc0, 0xf0, 0x0, 0x0, 0x0, 0x3c,
    0xf, 0x0, 0x0, 0x0, 0x3, 0xc0, 0xf0, 0x0,
    0x0, 0x0, 0x3c, 0xf, 0x0, 0x0, 0x0, 0x3,
    0xc0, 0xf0, 0x1, 0x0, 0x0, 0x3c, 0xf, 0x1,
    0xf4, 0x2f, 0xff, 0xc0, 0xf6, 0xff, 0x42, 0xff,
    0xfc, 0xf, 0xff, 0x40, 0x0, 0x3, 0xc0, 0xfe,
    0x40, 0x0, 0x0, 0x3c, 0xf, 0x0, 0x0, 0x0,
    0x3, 0xc0, 0xf0, 0x0, 0x0, 0x0, 0x3c, 0xf,
    0x0, 0x0, 0x0, 0x3, 0xc0, 0xf0, 0x0, 0x0,
    0x0, 0x3c, 0xf, 0x0, 0x0, 0x0, 0x7, 0xc0,
    0xf0, 0x3, 0x80, 0x1b, 0xfc, 0xf, 0x0, 0x3c,
    0x2f, 0xff, 0xc0, 0xf0, 0x3, 0xc3, 0xf9, 0x3c,
    0xf, 0x40, 0xbc, 0x14, 0x3, 0xc0, 0xff, 0xff,
    0x80, 0x0, 0x3c, 0x3, 0xff, 0xe0,

    /* U+533A "区" */
    0xff, 0xff, 0xff, 0xff, 0xe3, 0xff, 0xff, 0xff,
    0xff, 0x8f, 0x40, 0x0, 0x0, 0x0, 0x3c, 0x4,
    0x0, 0xf, 0x0, 0xf0, 0xf8, 0x0, 0x7c, 0x3,
    0xc2, 0xfc, 0x3, 0xe0, 0xf, 0x1, 0xfd, 0x2f,
    0x0, 0x3c, 0x0, 0xfe, 0xf8, 0x0, 0xf0, 0x0,
    0xff, 0xc0, 0x3, 0xc0, 0x0, 0xff, 0x0, 0xf,
    0x0, 0x1f, 0xff, 0x0, 0x3c, 0x2, 0xfd, 0x7f,
    0x0, 0xf0, 0x7f, 0xc0, 0x7f, 0x3, 0xcb, 0xf8,
    0x0, 0x7d, 0xf, 0xe, 0x0, 0x0, 0x90, 0x3c,
    0x0, 0x0, 0x0, 0x0, 0xff, 0xff, 0xff, 0xff,
    0xf7, 0xff, 0xff, 0xff, 0xff, 0xd0, 0x0, 0x0,
    0x0, 0x0, 0x0,

    /* U+5341 "十" */
    0x0, 0x0, 0x3d, 0x0, 0x0, 0x0, 0x0, 0x3d,
    0x0, 0x0, 0x0, 0x0, 0x3d, 0x0, 0x0, 0x0,
    0x0, 0x3d, 0x0, 0x0, 0x0, 0x0, 0x3d, 0x0,
    0x0, 0x0, 0x0, 0x3d, 0x0, 0x0, 0x0, 0x0,
    0x3d, 0x0, 0x0, 0xbf, 0xff, 0xff, 0xff, 0xff,
    0xbf, 0xff, 0xff, 0xff, 0xff, 0x0, 0x0, 0x3d,
    0x0, 0x0, 0x0, 0x0, 0x3d, 0x0, 0x0, 0x0,
    0x0, 0x3d, 0x0, 0x0, 0x0, 0x0, 0x3d, 0x0,
    0x0, 0x0, 0x0, 0x3d, 0x0, 0x0, 0x0, 0x0,
    0x3d, 0x0, 0x0, 0x0, 0x0, 0x3d, 0x0, 0x0,
    0x0, 0x0, 0x3d, 0x0, 0x0, 0x0, 0x0, 0x3d,
    0x0, 0x0, 0x0, 0x0, 0x3d, 0x0, 0x0, 0x0,
    0x0, 0x3d, 0x0, 0x0,

    /* U+5347 "升" */
    0x0, 0x0, 0x0, 0x0, 0x0, 0x0, 0x1, 0xb8,
    0x7c, 0x0, 0x1, 0xaf, 0xfc, 0x7c, 0x0, 0x7f,
    0xff, 0x90, 0x7c, 0x0, 0x3f, 0xbd, 0x0, 0x7c,
    0x0, 0x0, 0x3d, 0x0, 0x7c, 0x0, 0x0, 0x3d,
    0x0, 0x7c, 0x0, 0x0, 0x3d, 0x0, 0x7c, 0x0,
    0x0, 0x3d, 0x0, 0x7c, 0x0, 0xff, 0xff, 0xff,
    0xff, 0xfe, 0xff, 0xff, 0xff, 0xff, 0xfe, 0x0,
    0x3d, 0x0, 0x7c, 0x0, 0x0, 0x3c, 0x0, 0x7c,
    0x0, 0x0, 0x7c, 0x0, 0x7c, 0x0, 0x0, 0xbc,
    0x0, 0x7c, 0x0, 0x0, 0xf4, 0x0, 0x7c, 0x0,
    0x2, 0xf0, 0x0, 0x7c, 0x0, 0x7, 0xd0, 0x0,
    0x7c, 0x0, 0x1f, 0x80, 0x0, 0x7c, 0x0, 0x7f,
    0x0, 0x0, 0x7c, 0x0, 0x28, 0x0, 0x0, 0x7c,
    0x0, 0x0, 0x0, 0x0, 0x0, 0x0,

    /* U+5355 "单" */
    0x0, 0x0, 0x0, 0x10, 0x0, 0x0, 0x3c, 0x0,
    0x7c, 0x0, 0x0, 0x2f, 0x0, 0xf8, 0x0, 0x0,
    0xf, 0x1, 0xf0, 0x0, 0xb, 0xff, 0xff, 0xff,
    0xd0, 0xb, 0xff, 0xff, 0xff, 0xd0, 0xb, 0x80,
    0x7c, 0x3, 0xd0, 0xb, 0x80, 0x7c, 0x3, 0xd0,
    0xb, 0xff, 0xff, 0xff, 0xd0, 0xb, 0xff, 0xff,
    0xff, 0xd0, 0xb, 0x80, 0x7c, 0x3, 0xd0, 0xb,
    0x80, 0x7c, 0x3, 0xd0, 0xb, 0xff, 0xff, 0xff,
    0xd0, 0xb, 0xff, 0xff, 0xff, 0xd0, 0x0, 0x0,
    0x7c, 0x0, 0x0, 0xff, 0xff, 0xff, 0xff, 0xff,
    0xff, 0xff, 0xff, 0xff, 0xff, 0x0, 0x0, 0x7c,
    0x0, 0x0, 0x0, 0x0, 0x7c, 0x0, 0x0, 0x0,
    0x0, 0x7c, 0x0, 0x0, 0x0, 0x0, 0x7c, 0x0,
    0x0,

    /* U+5357 "南" */
    0x0, 0x0, 0x0, 0x0, 0x0, 0x0, 0x0, 0x3d,
    0x0, 0x0, 0x0, 0x0, 0x3e, 0x0, 0x0, 0xff,
    0xff, 0xff, 0xff, 0xfe, 0xff, 0xff, 0xff, 0xff,
    0xfe, 0x0, 0x0, 0x7c, 0x0, 0x0, 0x0, 0x0,
    0xbc, 0x0, 0x0, 0x3f, 0xff, 0xff, 0xff, 0xfc,
    0x3f, 0xff, 0xff, 0xff, 0xfc, 0x3d, 0x6, 0x0,
    0x90, 0x7c, 0x3d, 0xb, 0x42, 0xe0, 0x7c, 0x3d,
    0x3f, 0xd7, 0xfc, 0x7c, 0x3d, 0x3f, 0xff, 0xfc,
    0x7c, 0x3d, 0x0, 0x3c, 0x0, 0x7c, 0x3d, 0x0,
    0x3c, 0x0, 0x7c, 0x3d, 0xff, 0xff, 0xfe, 0x7c,
    0x3d, 0xff, 0xff, 0xfe, 0x7c, 0x3d, 0x0, 0x3c,
    0x0, 0x7c, 0x3d, 0x0, 0x3c, 0x0, 0xbc, 0x3d,
    0x0, 0x3c, 0xf, 0xf8, 0x3d, 0x0, 0x3c, 0xb,
    0xf0, 0x0, 0x0, 0x0, 0x0, 0x0,

    /* U+5360 "占" */
    0x0, 0xf, 0x0, 0x0, 0x0, 0x0, 0xf0, 0x0,
    0x0, 0x0, 0xf, 0x0, 0x0, 0x0, 0x0, 0xff,
    0xff, 0xfc, 0x0, 0xf, 0xff, 0xff, 0xc0, 0x0,
    0xf4, 0x0, 0x0, 0x0, 0xf, 0x0, 0x0, 0x0,
    0x0, 0xf0, 0x0, 0x0, 0x0, 0xf, 0x0, 0x0,
    0xf, 0xff, 0xff, 0xff, 0xf0, 0xff, 0xff, 0xff,
    0xff, 0xf, 0x40, 0x0, 0x1, 0xf0, 0xf0, 0x0,
    0x0, 0xf, 0xf, 0x0, 0x0, 0x0, 0xf0, 0xf0,
    0x0, 0x0, 0xf, 0xf, 0x0, 0x0, 0x0, 0xf0,
    0xf4, 0x0, 0x0, 0x1f, 0xf, 0xff, 0xff, 0xff,
    0xf0, 0xff, 0xff, 0xff, 0xff, 0xf, 0x0, 0x0,
    0x0, 0xf0, 0x0, 0x0, 0x0, 0x0, 0x0,

    /* U+5361 "卡" */
    0x0, 0x1, 0xf0, 0x0, 0x0, 0x0, 0x1, 0xf0,
    0x0, 0x0, 0x0, 0x1, 0xf0, 0x0, 0x0, 0x0,
    0x1, 0xff, 0xff, 0xc0, 0x0, 0x1, 0xff, 0xff,
    0xc0, 0x0, 0x1, 0xf0, 0x0, 0x0, 0x0, 0x1,
    0xf0, 0x0, 0x0, 0xff, 0xff, 0xff, 0xff, 0xfe,
    0xff, 0xff, 0xff, 0xff, 0xfe, 0x0, 0x1, 0xf0,
    0x0, 0x0, 0x0, 0x1, 0xf0, 0x0, 0x0, 0x0,
    0x1, 0xfd, 0x0, 0x0, 0x0, 0x1, 0xff, 0xd0,
    0x0, 0x0, 0x1, 0xfb, 0xfd, 0x0, 0x0, 0x1,
    0xf0, 0xbf, 0xd0, 0x0, 0x1, 0xf0, 0xb, 0xd0,
    0x0, 0x1, 0xf0, 0x0, 0x80, 0x0, 0x1, 0xf0,
    0x0, 0x0, 0x0, 0x1, 0xf0, 0x0, 0x0, 0x0,
    0x1, 0xf0, 0x0, 0x0,

    /* U+536B "卫" */
    0xf, 0xff, 0xff, 0xff, 0xf0, 0xf, 0xff, 0xff,
    0xff, 0xf0, 0x0, 0x1, 0xf0, 0x1, 0xf0, 0x0,
    0x0, 0xf0, 0x1, 0xf0, 0x0, 0x0, 0xf0, 0x1,
    0xf0, 0x0, 0x0, 0xf0, 0x1, 0xf0, 0x0, 0x0,
    0xf0, 0x1, 0xf0, 0x0, 0x0, 0xf0, 0x1, 0xf0,
    0x0, 0x0, 0xf0, 0x1, 0xf0, 0x0, 0x0, 0xf0,
    0x1, 0xf0, 0x0, 0x0, 0xf0, 0x1, 0xf0, 0x0,
    0x0, 0xf0, 0x3, 0xf0, 0x0, 0x0, 0xf0, 0xff,
    0xd0, 0x0, 0x0, 0xf0, 0xbf, 0x80, 0x0, 0x0,
    0xf0, 0x0, 0x0, 0x0, 0x0, 0xf0, 0x0, 0x0,
    0x0, 0x1, 0xf0, 0x0, 0x0, 0x3f, 0xff, 0xff,
    0xff, 0xff, 0x3f, 0xff, 0xff, 0xff, 0xff,

    /* U+5373 "即" */
    0xf, 0xff, 0xfc, 0x3f, 0xff, 0x3, 0xff, 0xff,
    0xf, 0xff, 0xc0, 0xf0, 0x3, 0xc3, 0xc0, 0xf0,
    0x3c, 0x0, 0xf0, 0xf0, 0x3c, 0xf, 0xff, 0xfc,
    0x3c, 0xf, 0x3, 0xff, 0xff, 0xf, 0x3, 0xc0,
    0xf0, 0x3, 0xc3, 0xc0, 0xf0, 0x3c, 0x0, 0xf0,
    0xf0, 0x3c, 0xf, 0xff, 0xfc, 0x3c, 0xf, 0x3,
    0xff, 0xff, 0xf, 0x3, 0xc0, 0xf0, 0x0, 0x3,
    0xc0, 0xf0, 0x3c, 0x0, 0x40, 0xf0, 0x3c, 0xf,
    0x0, 0xf0, 0x3c, 0xf, 0x3, 0xc0, 0x3e, 0xf,
    0x3, 0xc0, 0xf0, 0x1f, 0xc3, 0xcf, 0xf0, 0x3e,
    0xff, 0xf8, 0xf3, 0xf4, 0x3f, 0xff, 0x9f, 0x7c,
    0x0, 0xb, 0xf4, 0x2, 0x4f, 0x0, 0x0, 0x40,
    0x0, 0x3, 0xc0, 0x0,

    /* U+5377 "卷" */
    0x0, 0x10, 0xf, 0x0, 0x40, 0x0, 0x3d, 0x7,
    0xc0, 0xf8, 0x0, 0x7, 0xc2, 0xf0, 0xbc, 0x0,
    0x0, 0xe0, 0xf8, 0x2d, 0x0, 0xf, 0xff, 0xff,
    0xff, 0xfc, 0x3, 0xff, 0xff, 0xff, 0xff, 0x0,
    0x0, 0x1f, 0x0, 0x0, 0x0, 0xff, 0xff, 0xff,
    0xff, 0xfc, 0x3f, 0xff, 0xff, 0xff, 0xff, 0x0,
    0xf, 0xc0, 0xb, 0xc0, 0x0, 0xf, 0xd0, 0x0,
    0xfc, 0x0, 0x2f, 0xff, 0xff, 0xff, 0xe0, 0x7f,
    0xff, 0xff, 0xff, 0xff, 0x4f, 0xcf, 0x40, 0x7,
    0xcb, 0xc2, 0x83, 0xd0, 0x2, 0xf0, 0x50, 0x0,
    0xf4, 0x3f, 0xf8, 0x0, 0x0, 0x3d, 0x7, 0xfc,
    0x78, 0x0, 0xf, 0x80, 0x0, 0x3f, 0x0, 0x3,
    0xff, 0xff, 0xff, 0x80, 0x0, 0x7f, 0xff, 0xff,
    0xc0,

    /* U+5382 "厂" */
    0x3, 0xff, 0xff, 0xff, 0xff, 0x40, 0xff, 0xff,
    0xff, 0xff, 0xd0, 0x3d, 0x0, 0x0, 0x0, 0x0,
    0xf, 0x0, 0x0, 0x0, 0x0, 0x3, 0xc0, 0x0,
    0x0, 0x0, 0x0, 0xf0, 0x0, 0x0, 0x0, 0x0,
    0x3c, 0x0, 0x0, 0x0, 0x0, 0xf, 0x0, 0x0,
    0x0, 0x0, 0x3, 0xc0, 0x0, 0x0, 0x0, 0x0,
    0xf0, 0x0, 0x0, 0x0, 0x0, 0x3c, 0x0, 0x0,
    0x0, 0x0, 0xf, 0x0, 0x0, 0x0, 0x0, 0x7,
    0xc0, 0x0, 0x0, 0x0, 0x2, 0xe0, 0x0, 0x0,
    0x0, 0x0, 0xf4, 0x0, 0x0, 0x0, 0x0, 0x3c,
    0x0, 0x0, 0x0, 0x0, 0x2f, 0x0, 0x0, 0x0,
    0x0, 0xf, 0x40, 0x0, 0x0, 0x0, 0x2, 0xc0,
    0x0, 0x0, 0x0, 0x0, 0x0, 0x0, 0x0, 0x0,
    0x0,

    /* U+5386 "历" */
    0xf, 0xff, 0xff, 0xff, 0xff, 0xf, 0xff, 0xff,
    0xff, 0xff, 0xf, 0x0, 0x2, 0x80, 0x0, 0xf,
    0x0, 0x3, 0xc0, 0x0, 0xf, 0x0, 0x3, 0xc0,
    0x0, 0xf, 0x0, 0x3, 0xc0, 0x0, 0xf, 0x2f,
    0xff, 0xff, 0xfc, 0xf, 0x2f, 0xff, 0xff, 0xfc,
    0xf, 0x0, 0xb, 0x80, 0x3c, 0xf, 0x0, 0xb,
    0x80, 0x3c, 0xf, 0x0, 0xf, 0x40, 0x3c, 0x1f,
    0x0, 0x1f, 0x0, 0x3c, 0x1e, 0x0, 0x2f, 0x0,
    0x3c, 0x2e, 0x0, 0x7d, 0x0, 0x3c, 0x3d, 0x0,
    0xfc, 0x0, 0x7c, 0x3c, 0x7, 0xf0, 0x0, 0xb8,
    0x7c, 0x2f, 0xd0, 0x1, 0xf4, 0xb8, 0xff, 0x40,
    0xbf, 0xf0, 0x30, 0x38, 0x0, 0x7f, 0xc0, 0x0,
    0x0, 0x0, 0x0, 0x0,

    /* U+538B "压" */
    0xf, 0xff, 0xff, 0xff, 0xff, 0x3, 0xff, 0xff,
    0xff, 0xff, 0xc0, 0xf0, 0x0, 0x14, 0x0, 0x0,
    0x3c, 0x0, 0xf, 0x0, 0x0, 0xf, 0x0, 0x3,
    0xc0, 0x0, 0x3, 0xc0, 0x0, 0xf0, 0x0, 0x0,
    0xf0, 0x0, 0x3c, 0x0, 0x0, 0x3c, 0xff, 0xff,
    0xff, 0xf0, 0xf, 0x3f, 0xff, 0xff, 0xfc, 0x3,
    0xc0, 0x0, 0xf4, 0x0, 0x1, 0xf0, 0x0, 0x3c,
    0x28, 0x0, 0x78, 0x0, 0xf, 0x1f, 0x0, 0x2e,
    0x0, 0x3, 0xc2, 0xf0, 0xb, 0x40, 0x0, 0xf0,
    0x3d, 0x3, 0xd0, 0x0, 0x3c, 0xb, 0x80, 0xf0,
    0x0, 0xf, 0x0, 0x40, 0xbc, 0xff, 0xff, 0xff,
    0xff, 0x6d, 0x3f, 0xff, 0xff, 0xff, 0xd2, 0x0,
    0x0, 0x0, 0x0, 0x0,

    /* U+539F "原" */
    0xf, 0xff, 0xff, 0xff, 0xff, 0x3, 0xff, 0xff,
    0xff, 0xff, 0xc0, 0xf4, 0x0, 0x3d, 0x0, 0x0,
    0x3c, 0x3f, 0xff, 0xff, 0xf0, 0xf, 0xf, 0xff,
    0xff, 0xfc, 0x3, 0xc3, 0xc0, 0x0, 0xf, 0x0,
    0xf0, 0xf0, 0x0, 0x3, 0xc0, 0x3c, 0x3f, 0xff,
    0xff, 0xf0, 0xf, 0xf, 0xff, 0xff, 0xfc, 0x3,
    0xc3, 0xc0, 0x0, 0xf, 0x0, 0xf0, 0xff, 0xff,
    0xff, 0xc0, 0x3c, 0x3f, 0xff, 0xff, 0xf0, 0x1f,
    0x1, 0x0, 0xf0, 0x0, 0x7, 0xc0, 0xf0, 0x3c,
    0x3c, 0x2, 0xe0, 0xfc, 0xf, 0xf, 0x80, 0xf4,
    0xbc, 0x3, 0xc0, 0xf4, 0x3c, 0x7e, 0x1, 0xf0,
    0x1f, 0x1f, 0x1e, 0xf, 0xfc, 0x3, 0xc1, 0x40,
    0x2, 0xfd, 0x0, 0x0, 0x0, 0x0, 0x0, 0x0,
    0x0,

    /* U+53BB "去" */
    0x0, 0x0, 0x7c, 0x0, 0x0, 0x0, 0x0, 0x7c,
    0x0, 0x0, 0x0, 0x0, 0x7c, 0x0, 0x0, 0x2f,
    0xff, 0xff, 0xff, 0xf4, 0x2f, 0xff, 0xff, 0xff,
    0xf4, 0x0, 0x0, 0x7c, 0x0, 0x0, 0x0, 0x0,
    0x7c, 0x0, 0x0, 0x0, 0x0, 0x7c, 0x0, 0x0,
    0x0, 0x0, 0x7c, 0x0, 0x0, 0xff, 0xff, 0xff,
    0xff, 0xfe, 0xff, 0xff, 0xff, 0xff, 0xfe, 0x0,
    0x7, 0xc0, 0x10, 0x0, 0x0, 0xf, 0x80, 0x78,
    0x0, 0x0, 0x2f, 0x0, 0x7e, 0x0, 0x0, 0x7d,
    0x0, 0x2f, 0x40, 0x0, 0xf8, 0x0, 0xf, 0xc0,
    0x3, 0xf0, 0x0, 0x5b, 0xe0, 0x1f, 0xff, 0xff,
    0xff, 0xf4, 0x1f, 0xff, 0xfe, 0xa5, 0xfc, 0x4,
    0x0, 0x0, 0x0, 0x30, 0x0, 0x0, 0x0, 0x0,
    0x0,

    /* U+53C2 "参" */
    0x0, 0x0, 0x0, 0x0, 0x0, 0x0, 0x0, 0xbc,
    0x1, 0x0, 0x0, 0x0, 0xbd, 0x3, 0xe0, 0x0,
    0x1, 0xfc, 0x0, 0xbe, 0x0, 0x3, 0xff, 0xff,
    0xff, 0xf0, 0x0, 0xff, 0xff, 0xff, 0xbf, 0x0,
    0x0, 0x7, 0xc0, 0x2, 0x0, 0xff, 0xff, 0xff,
    0xff, 0xfd, 0x3f, 0xff, 0xff, 0xff, 0xff, 0x40,
    0xb, 0xe1, 0xb, 0xd0, 0x0, 0x1f, 0xe2, 0xf0,
    0xbf, 0x40, 0xbf, 0xc3, 0xf4, 0x87, 0xfe, 0x3f,
    0x5b, 0xf0, 0xfc, 0x1f, 0x44, 0x1f, 0xd1, 0xfc,
    0x38, 0x40, 0x2, 0x42, 0xf8, 0x3e, 0x0, 0x0,
    0x1f, 0xf4, 0x7f, 0x0, 0x0, 0xbf, 0xe0, 0xbf,
    0x0, 0x0, 0xe, 0x42, 0xfe, 0x0, 0x0, 0x0,
    0x1f, 0xfd, 0x0, 0x0, 0x2, 0xff, 0xe4, 0x0,
    0x0, 0x0, 0xbe, 0x40, 0x0, 0x0, 0x0, 0x0,
    0x0, 0x0, 0x0, 0x0,

    /* U+53CD "反" */
    0x0, 0x0, 0x0, 0x0, 0x10, 0x0, 0x0, 0x1,
    0x6b, 0xfd, 0x0, 0x3f, 0xff, 0xff, 0xff, 0x80,
    0xf, 0xff, 0xfa, 0x50, 0x0, 0x3, 0xd0, 0x0,
    0x0, 0x0, 0x0, 0xf0, 0x0, 0x0, 0x0, 0x0,
    0x3c, 0x0, 0x0, 0x0, 0x0, 0xf, 0x40, 0x0,
    0x0, 0x0, 0x3, 0xff, 0xff, 0xff, 0xf4, 0x0,
    0xff, 0xff, 0xff, 0xfc, 0x0, 0x3c, 0x3c, 0x0,
    0x1f, 0x0, 0xf, 0xf, 0x40, 0xb, 0x80, 0x7,
    0xc1, 0xf0, 0x7, 0xc0, 0x2, 0xf0, 0x3e, 0x3,
    0xe0, 0x0, 0xb8, 0x3, 0xe3, 0xf0, 0x0, 0x3d,
    0x0, 0x7f, 0xf4, 0x0, 0x1f, 0x0, 0xb, 0xf8,
    0x0, 0xb, 0xc0, 0xb, 0xff, 0x80, 0x3, 0xd0,
    0x2f, 0xf7, 0xfe, 0x2, 0xf1, 0xbf, 0xd0, 0x1f,
    0xf8, 0x74, 0x7f, 0x40, 0x0, 0xbf, 0x4, 0x9,
    0x0, 0x0, 0x1, 0x40,

    /* U+53D1 "发" */
    0x0, 0x0, 0x0, 0x0, 0x0, 0x0, 0x10, 0xf,
    0x42, 0xc0, 0x0, 0x1f, 0x3, 0xc0, 0xfc, 0x0,
    0xb, 0xc1, 0xf0, 0xf, 0xc0, 0x3, 0xd0, 0xbc,
    0x0, 0xf8, 0x0, 0xf0, 0x3e, 0x0, 0x8, 0x0,
    0x7f, 0xff, 0xff, 0xff, 0xf8, 0x2f, 0xff, 0xff,
    0xff, 0xfe, 0x0, 0x2, 0xf0, 0x0, 0x0, 0x0,
    0x0, 0xf4, 0x0, 0x0, 0x0, 0x0, 0x7f, 0xff,
    0xff, 0x0, 0x0, 0x3f, 0xff, 0xff, 0xc0, 0x0,
    0x1f, 0xf0, 0x2, 0xf0, 0x0, 0xf, 0xfe, 0x1,
    0xf4, 0x0, 0xb, 0xc7, 0xe0, 0xf8, 0x0, 0x7,
    0xe0, 0x7f, 0xfc, 0x0, 0x3, 0xf0, 0x7, 0xfc,
    0x0, 0x3, 0xf4, 0x7, 0xff, 0xe0, 0x3, 0xf4,
    0x2f, 0xf6, 0xff, 0x90, 0xf8, 0x7f, 0xe0, 0xb,
    0xfe, 0x14, 0xf, 0x80, 0x0, 0x2f, 0x0, 0x0,
    0x0, 0x0, 0x0, 0x0,

    /* U+53D6 "取" */
    0x3f, 0xff, 0xff, 0x0, 0x0, 0x3, 0xff, 0xff,
    0xff, 0xff, 0xf4, 0xb, 0x80, 0xf5, 0xff, 0xff,
    0x40, 0xb8, 0xf, 0x7, 0x80, 0xf4, 0xb, 0x80,
    0xf0, 0x7c, 0xf, 0x0, 0xbf, 0xff, 0x3, 0xc0,
    0xf0, 0xb, 0xff, 0xf0, 0x3c, 0x1f, 0x0, 0xb8,
    0xf, 0x2, 0xd2, 0xe0, 0xb, 0x80, 0xf0, 0x1e,
    0x3d, 0x0, 0xbf, 0xff, 0x0, 0xfb, 0xc0, 0xb,
    0xff, 0xf0, 0xb, 0xf8, 0x0, 0xb8, 0xf, 0x0,
    0x7f, 0x0, 0xb, 0x80, 0xf5, 0x3, 0xf0, 0x0,
    0xb8, 0x5f, 0xf0, 0xbf, 0x40, 0x1f, 0xff, 0xff,
    0x1f, 0xfc, 0x3, 0xff, 0xff, 0x7, 0xf3, 0xf0,
    0x29, 0x40, 0xf1, 0xfc, 0x1f, 0x80, 0x0, 0xf,
    0x3f, 0x0, 0x7c, 0x0, 0x0, 0xf0, 0xc0, 0x2,
    0x40, 0x0, 0x0, 0x0, 0x0, 0x0,

    /* U+53D8 "变" */
    0x0, 0x0, 0x0, 0x0, 0x0, 0x0, 0x0, 0xf,
    0x40, 0x0, 0x0, 0x0, 0x3, 0xe0, 0x0, 0x0,
    0xff, 0xff, 0xff, 0xff, 0xfc, 0x3f, 0xff, 0xff,
    0xff, 0xff, 0x0, 0x0, 0xf0, 0x3d, 0x0, 0x0,
    0x1d, 0x3c, 0xf, 0x4e, 0x0, 0x2f, 0x8f, 0x3,
    0xd7, 0xf0, 0x3f, 0x83, 0xc0, 0xf4, 0x3f, 0xf,
    0x40, 0xf0, 0x3d, 0x3, 0xc0, 0x0, 0x28, 0xa,
    0x0, 0x0, 0x2f, 0xff, 0xff, 0xff, 0xc0, 0xb,
    0xff, 0xff, 0xff, 0xf0, 0x0, 0x1f, 0x40, 0x3,
    0xf0, 0x0, 0x1, 0xf4, 0x7, 0xf0, 0x0, 0x0,
    0x1f, 0xdb, 0xf0, 0x0, 0x0, 0x0, 0xff, 0xe0,
    0x0, 0x0, 0x2, 0xff, 0xfe, 0x0, 0x1, 0xbf,
    0xff, 0x6f, 0xfe, 0x90, 0xff, 0xf8, 0x0, 0x6f,
    0xfd, 0x1e, 0x40, 0x0, 0x0, 0x1b, 0x0,

    /* U+53E3 "口" */
    0x3f, 0xff, 0xff, 0xff, 0xc3, 0xff, 0xff, 0xff,
    0xfc, 0x3c, 0x0, 0x0, 0x3, 0xc3, 0xc0, 0x0,
    0x0, 0x3c, 0x3c, 0x0, 0x0, 0x3, 0xc3, 0xc0,
    0x0, 0x0, 0x3c, 0x3c, 0x0, 0x0, 0x3, 0xc3,
    0xc0, 0x0, 0x0, 0x3c, 0x3c, 0x0, 0x0, 0x3,
    0xc3, 0xc0, 0x0, 0x0, 0x3c, 0x3c, 0x0, 0x0,
    0x3, 0xc3, 0xc0, 0x0, 0x0, 0x3c, 0x3c, 0x0,
    0x0, 0x3, 0xc3, 0xc0, 0x0, 0x0, 0x3c, 0x3c,
    0x0, 0x0, 0x3, 0xc3, 0xff, 0xff, 0xff, 0xfc,
    0x3f, 0xff, 0xff, 0xff, 0xc3, 0xc0, 0x0, 0x0,
    0x3c,

    /* U+53EF "可" */
    0xff, 0xff, 0xff, 0xff, 0xff, 0xff, 0xff, 0xff,
    0xff, 0xff, 0x0, 0x0, 0x0, 0x3, 0xd0, 0x0,
    0x0, 0x0, 0x3, 0xd0, 0x0, 0x0, 0x0, 0x3,
    0xd0, 0x7, 0xff, 0xfe, 0x3, 0xd0, 0x7, 0xff,
    0xfe, 0x3, 0xd0, 0x7, 0x80, 0x2e, 0x3, 0xd0,
    0x7, 0x80, 0x2e, 0x3, 0xd0, 0x7, 0x80, 0x2e,
    0x3, 0xd0, 0x7, 0x80, 0x2e, 0x3, 0xd0, 0x7,
    0xc0, 0x2e, 0x3, 0xd0, 0x7, 0xff, 0xfe, 0x3,
    0xd0, 0x7, 0xff, 0xfe, 0x3, 0xd0, 0x7, 0x80,
    0x0, 0x3, 0xd0, 0x1, 0x40, 0x0, 0x3, 0xd0,
    0x0, 0x0, 0x0, 0x7, 0xd0, 0x0, 0x0, 0x3,
    0xff, 0xc0, 0x0, 0x0, 0x3, 0xff, 0x40,

    /* U+53F2 "史" */
    0x0, 0x0, 0x3c, 0x0, 0x0, 0x0, 0x0, 0x3c,
    0x0, 0x0, 0x0, 0x0, 0x3d, 0x0, 0x0, 0xf,
    0xff, 0xff, 0xff, 0xf0, 0xf, 0xff, 0xff, 0xff,
    0xf0, 0xf, 0x0, 0x3c, 0x0, 0xf0, 0xf, 0x0,
    0x3c, 0x0, 0xf0, 0xf, 0x0, 0x3c, 0x0, 0xf0,
    0xf, 0x40, 0x3d, 0x0, 0xf0, 0xf, 0xff, 0xff,
    0xff, 0xf0, 0xf, 0xff, 0xff, 0xff, 0xf0, 0x0,
    0x0, 0x7c, 0x0, 0x0, 0x7, 0xc0, 0xb8, 0x0,
    0x0, 0x3, 0xf4, 0xf8, 0x0, 0x0, 0x0, 0xff,
    0xf0, 0x0, 0x0, 0x0, 0x2f, 0xf0, 0x0, 0x0,
    0x0, 0x3f, 0xfe, 0x40, 0x0, 0x6, 0xff, 0xbf,
    0xfe, 0x40, 0x7f, 0xf4, 0x6, 0xff, 0xff, 0x3e,
    0x40, 0x0, 0x1a, 0xfe, 0x0, 0x0, 0x0, 0x0,
    0x0,

    /* U+53F3 "右" */
    0x0, 0x0, 0x0, 0x0, 0x0, 0x0, 0x0, 0xb,
    0x80, 0x0, 0x0, 0x0, 0x3, 0xd0, 0x0, 0x0,
    0x0, 0x1, 0xf4, 0x0, 0x0, 0x1f, 0xff, 0xff,
    0xff, 0xff, 0xc7, 0xff, 0xff, 0xff, 0xff, 0xf0,
    0x0, 0x1f, 0x40, 0x0, 0x0, 0x0, 0xf, 0xc0,
    0x0, 0x0, 0x0, 0x7, 0xd0, 0x0, 0x0, 0x0,
    0x3, 0xe0, 0x0, 0x0, 0x0, 0x3, 0xff, 0xff,
    0xff, 0xc0, 0x2, 0xff, 0xff, 0xff, 0xf0, 0x2,
    0xff, 0x80, 0x0, 0x3c, 0x3, 0xfa, 0xe0, 0x0,
    0xf, 0x3, 0xf8, 0xb8, 0x0, 0x3, 0xc0, 0xb8,
    0x2e, 0x0, 0x0, 0xf0, 0x4, 0xb, 0x80, 0x0,
    0x3c, 0x0, 0x2, 0xe0, 0x0, 0xf, 0x0, 0x0,
    0xbf, 0xff, 0xff, 0xc0, 0x0, 0x2f, 0xff, 0xff,
    0xf0, 0x0, 0xb, 0x80, 0x0, 0x3c, 0x0,

    /* U+53F7 "号" */
    0x0, 0xff, 0xff, 0xff, 0xf0, 0x0, 0xf, 0xff,
    0xff, 0xff, 0x0, 0x0, 0xf8, 0x0, 0x2, 0xf0,
    0x0, 0xf, 0x80, 0x0, 0x2f, 0x0, 0x0, 0xff,
    0xff, 0xff, 0xf0, 0x0, 0xb, 0xff, 0xff, 0xfe,
    0x0, 0x0, 0x0, 0x0, 0x0, 0x0, 0x3, 0xff,
    0xff, 0xff, 0xff, 0xfc, 0x3f, 0xff, 0xff, 0xff,
    0xff, 0xc0, 0x1, 0xf0, 0x0, 0x0, 0x0, 0x0,
    0x2e, 0x0, 0x0, 0x0, 0x0, 0x3, 0xff, 0xff,
    0xff, 0x0, 0x0, 0x3f, 0xff, 0xff, 0xf0, 0x0,
    0x0, 0x0, 0x0, 0x1f, 0x0, 0x0, 0x0, 0x0,
    0x1, 0xf0, 0x0, 0x0, 0x0, 0x0, 0x2e, 0x0,
    0x0, 0x0, 0x0, 0x7, 0xe0, 0x0, 0x0, 0x0,
    0xbf, 0xfc, 0x0, 0x0, 0x0, 0x7, 0xff, 0x40,
    0x0,

    /* U+5408 "合" */
    0x0, 0x0, 0x1f, 0x40, 0x0, 0x0, 0x0, 0x7,
    0xfd, 0x0, 0x0, 0x0, 0x1, 0xfa, 0xf4, 0x0,
    0x0, 0x0, 0x7e, 0xb, 0xd0, 0x0, 0x0, 0x2f,
    0xc0, 0x3f, 0x80, 0x0, 0x1f, 0xe0, 0x0, 0xbf,
    0x0, 0xb, 0xf8, 0x0, 0x2, 0xfe, 0x3, 0xff,
    0xff, 0xff, 0xff, 0xfc, 0x2e, 0x3f, 0xff, 0xff,
    0xcb, 0x80, 0x0, 0x0, 0x0, 0x0, 0x0, 0x0,
    0x0, 0x0, 0x0, 0x0, 0x0, 0xf, 0xff, 0xff,
    0xff, 0x0, 0x0, 0xff, 0xff, 0xff, 0xf0, 0x0,
    0xf, 0x0, 0x0, 0xf, 0x0, 0x0, 0xf0, 0x0,
    0x0, 0xf0, 0x0, 0xf, 0x0, 0x0, 0xf, 0x0,
    0x0, 0xf0, 0x0, 0x0, 0xf0, 0x0, 0xf, 0xff,
    0xff, 0xff, 0x0, 0x0, 0xff, 0xff, 0xff, 0xf0,
    0x0, 0xf, 0x0, 0x0, 0xf, 0x0,

    /* U+540C "同" */
    0x3f, 0xff, 0xff, 0xff, 0xfc, 0x3f, 0xff, 0xff,
    0xff, 0xfc, 0x3d, 0x0, 0x0, 0x0, 0x7c, 0x3c,
    0x0, 0x0, 0x0, 0x3c, 0x3c, 0xff, 0xff, 0xfc,
    0x3c, 0x3c, 0xff, 0xff, 0xfc, 0x3c, 0x3c, 0x0,
    0x0, 0x0, 0x3c, 0x3c, 0x0, 0x0, 0x0, 0x3c,
    0x3c, 0x3f, 0xff, 0xf0, 0x3c, 0x3c, 0x3f, 0xff,
    0xf0, 0x3c, 0x3c, 0x3d, 0x0, 0xf0, 0x3c, 0x3c,
    0x3d, 0x0, 0xf0, 0x3c, 0x3c, 0x3d, 0x0, 0xf0,
    0x3c, 0x3c, 0x3f, 0xff, 0xf0, 0x3c, 0x3c, 0x3f,
    0xff, 0xf0, 0x3c, 0x3c, 0x0, 0x0, 0x0, 0x3c,
    0x3c, 0x0, 0x0, 0x0, 0x7c, 0x3c, 0x0, 0x0,
    0x3f, 0xfc, 0x3c, 0x0, 0x0, 0x1f, 0xf0,

    /* U+540D "名" */
    0x0, 0x0, 0x0, 0x0, 0x0, 0x0, 0x0, 0x7c,
    0x0, 0x0, 0x0, 0x0, 0xfc, 0x0, 0x0, 0x0,
    0x3, 0xff, 0xff, 0xf8, 0x0, 0x1f, 0xff, 0xff,
    0xf8, 0x0, 0xbf, 0x0, 0x1, 0xf0, 0xb, 0xfc,
    0x40, 0x3, 0xe0, 0xb, 0xe3, 0xe0, 0xf, 0xc0,
    0x2, 0x1, 0xfc, 0x7f, 0x0, 0x0, 0x0, 0x3f,
    0xf8, 0x0, 0x0, 0x0, 0x2f, 0xe0, 0x0, 0x0,
    0xb, 0xff, 0x40, 0x0, 0x6, 0xff, 0xff, 0xff,
    0xfd, 0x2f, 0xff, 0xff, 0xff, 0xfd, 0xe, 0x4f,
    0x0, 0x0, 0x3d, 0x0, 0xf, 0x0, 0x0, 0x3d,
    0x0, 0xf, 0x0, 0x0, 0x3d, 0x0, 0xf, 0x0,
    0x0, 0x3d, 0x0, 0xf, 0xff, 0xff, 0xfd, 0x0,
    0xf, 0xff, 0xff, 0xfd, 0x0, 0xf, 0x0, 0x0,
    0x3d,

    /* U+540E "后" */
    0x0, 0x0, 0x0, 0x0, 0x0, 0x0, 0x0, 0x1,
    0x5a, 0xff, 0x0, 0x3f, 0xff, 0xff, 0xff, 0xd0,
    0xf, 0xff, 0xfe, 0x94, 0x0, 0x3, 0xd0, 0x0,
    0x0, 0x0, 0x0, 0xf4, 0x0, 0x0, 0x0, 0x0,
    0x3d, 0x0, 0x0, 0x0, 0x0, 0xf, 0xff, 0xff,
    0xff, 0xff, 0x3, 0xff, 0xff, 0xff, 0xff, 0xc0,
    0xf4, 0x0, 0x0, 0x0, 0x0, 0x3c, 0x0, 0x0,
    0x0, 0x0, 0xf, 0x0, 0x0, 0x0, 0x0, 0x3,
    0xc3, 0xff, 0xff, 0xfc, 0x1, 0xf0, 0xff, 0xff,
    0xff, 0x0, 0xb8, 0x3c, 0x0, 0x3, 0xc0, 0x3e,
    0xf, 0x0, 0x0, 0xf0, 0xf, 0x43, 0xc0, 0x0,
    0x3c, 0x7, 0xc0, 0xf0, 0x0, 0xf, 0x3, 0xe0,
    0x3f, 0xff, 0xff, 0xc0, 0xf0, 0xf, 0xff, 0xff,
    0xf0, 0x8, 0x3, 0xc0, 0x0, 0x3c, 0x0,

    /* U+5411 "向" */
    0x0, 0x0, 0x0, 0x0, 0x0, 0x0, 0x3d, 0x0,
    0x0, 0x0, 0x3, 0xc0, 0x0, 0x0, 0x0, 0xbc,
    0x0, 0x0, 0xff, 0xff, 0xff, 0xff, 0xff, 0xff,
    0xff, 0xff, 0xff, 0xf0, 0x0, 0x0, 0x0, 0xff,
    0x0, 0x0, 0x0, 0xf, 0xf0, 0x0, 0x0, 0x0,
    0xff, 0x3, 0xff, 0xfc, 0xf, 0xf0, 0x3f, 0xff,
    0xc0, 0xff, 0x3, 0xc0, 0x3c, 0xf, 0xf0, 0x3c,
    0x3, 0xc0, 0xff, 0x3, 0xc0, 0x3c, 0xf, 0xf0,
    0x3c, 0x3, 0xc0, 0xff, 0x3, 0xff, 0xfc, 0xf,
    0xf0, 0x3f, 0xff, 0xc0, 0xff, 0x0, 0x0, 0x0,
    0xf, 0xf0, 0x0, 0x0, 0x1, 0xff, 0x0, 0x0,
    0xf, 0xff, 0xf0, 0x0, 0x0, 0xff, 0xc0, 0x0,
    0x0, 0x0, 0x0,

    /* U+542C "听" */
    0x0, 0x0, 0x0, 0x0, 0x14, 0x0, 0x0, 0x5,
    0x6b, 0xfc, 0x3f, 0xfc, 0x3f, 0xff, 0xf8, 0x3f,
    0xfc, 0x3f, 0xa5, 0x0, 0x3c, 0x3c, 0x3d, 0x0,
    0x0, 0x3c, 0x3c, 0x3d, 0x0, 0x0, 0x3c, 0x3c,
    0x3d, 0x0, 0x0, 0x3c, 0x3c, 0x3f, 0xff, 0xff,
    0x3c, 0x3c, 0x3f, 0xff, 0xff, 0x3c, 0x3c, 0x3d,
    0x3, 0xc0, 0x3c, 0x3c, 0x3c, 0x3, 0xc0, 0x3c,
    0x3c, 0x3c, 0x3, 0xc0, 0x3c, 0x3c, 0x3c, 0x3,
    0xc0, 0x3c, 0x3c, 0x7c, 0x3, 0xc0, 0x3f, 0xfc,
    0xb8, 0x3, 0xc0, 0x3f, 0xfd, 0xf0, 0x3, 0xc0,
    0x3c, 0x2, 0xf0, 0x3, 0xc0, 0x0, 0x3, 0xd0,
    0x3, 0xc0, 0x0, 0xb, 0x80, 0x3, 0xc0, 0x0,
    0x2, 0x0, 0x3, 0xc0,

    /* U+542F "启" */
    0x0, 0x0, 0x4, 0x0, 0x0, 0x0, 0x0, 0x2f,
    0x0, 0x0, 0x0, 0x0, 0xf, 0x0, 0x0, 0x3,
    0xff, 0xff, 0xff, 0xfd, 0x3, 0xff, 0xff, 0xff,
    0xfd, 0x3, 0xd0, 0x0, 0x0, 0x3d, 0x3, 0xc0,
    0x0, 0x0, 0x3d, 0x3, 0xc0, 0x0, 0x0, 0x3d,
    0x3, 0xff, 0xff, 0xff, 0xfd, 0x3, 0xff, 0xff,
    0xff, 0xfd, 0x3, 0xc0, 0x0, 0x0, 0x0, 0x3,
    0xc0, 0x0, 0x0, 0x0, 0x3, 0xc0, 0x0, 0x0,
    0x0, 0x3, 0xcf, 0xff, 0xff, 0xfc, 0x7, 0xcf,
    0xff, 0xff, 0xfc, 0xb, 0x8f, 0x0, 0x0, 0x3c,
    0xf, 0x4f, 0x0, 0x0, 0x3c, 0x1f, 0xf, 0x0,
    0x0, 0x3c, 0x3e, 0xf, 0xff, 0xff, 0xfc, 0x3c,
    0xf, 0xff, 0xff, 0xfc, 0x18, 0xf, 0x40, 0x0,
    0x3c, 0x0, 0x0, 0x0, 0x0, 0x0,

    /* U+5468 "周" */
    0xf, 0xff, 0xff, 0xff, 0xfc, 0x3f, 0xff, 0xff,
    0xff, 0xf0, 0xf0, 0x3, 0xd0, 0x3, 0xc3, 0xc0,
    0xf, 0x40, 0xf, 0xf, 0x2f, 0xff, 0xfc, 0x3c,
    0x3c, 0x7f, 0xff, 0xf0, 0xf0, 0xf0, 0x3, 0xd0,
    0x3, 0xc3, 0xca, 0xaf, 0xea, 0x8f, 0xf, 0x3f,
    0xff, 0xff, 0x3c, 0x3c, 0x0, 0x0, 0x0, 0xf0,
    0xf2, 0xff, 0xff, 0xc3, 0xc7, 0xcb, 0xff, 0xff,
    0xf, 0x1e, 0x2e, 0x0, 0x7c, 0x3c, 0xb8, 0xb8,
    0x1, 0xf0, 0xf3, 0xd2, 0xff, 0xff, 0xc3, 0xcf,
    0xb, 0xff, 0xff, 0xf, 0xbc, 0x0, 0x0, 0x0,
    0x7f, 0xe0, 0x0, 0x0, 0xbf, 0xf3, 0x0, 0x0,
    0x1, 0xff, 0x40, 0x0, 0x0, 0x0, 0x0,

    /* U+547D "命" */
    0x0, 0x0, 0x2f, 0x0, 0x0, 0x0, 0x0, 0xb,
    0xfd, 0x0, 0x0, 0x0, 0x3, 0xf2, 0xf8, 0x0,
    0x0, 0x2, 0xfc, 0xb, 0xf4, 0x0, 0x1, 0xfd,
    0x0, 0x1f, 0xf4, 0x1, 0xff, 0xff, 0xff, 0xff,
    0xf4, 0x2f, 0x4f, 0xff, 0xfd, 0x2f, 0x80, 0x80,
    0x0, 0x0, 0x0, 0x20, 0x0, 0x0, 0x0, 0x0,
    0x0, 0x0, 0x3f, 0xff, 0x2f, 0xff, 0xc0, 0x3,
    0xff, 0xf2, 0xff, 0xfc, 0x0, 0x3c, 0x1f, 0x2e,
    0x3, 0xc0, 0x3, 0xc1, 0xf2, 0xe0, 0x3c, 0x0,
    0x3c, 0x1f, 0x2e, 0x3, 0xc0, 0x3, 0xd2, 0xf2,
    0xe0, 0x3c, 0x0, 0x3f, 0xff, 0x2e, 0x3, 0xc0,
    0x3, 0xff, 0xf2, 0xeb, 0xfc, 0x0, 0x3c, 0x1f,
    0x2e, 0x7f, 0x40, 0x0, 0x0, 0x2, 0xe0, 0x0,
    0x0, 0x0, 0x0, 0x2e, 0x0, 0x0,

    /* U+5524 "唤" */
    0x0, 0x0, 0x3, 0xd0, 0x0, 0x0, 0x0, 0x1,
    0xf5, 0x50, 0x3, 0xff, 0xc0, 0xff, 0xff, 0x0,
    0xff, 0xf0, 0xfe, 0xaf, 0x80, 0x3c, 0x3c, 0xfc,
    0x3, 0xc0, 0xf, 0xf, 0xfc, 0x3, 0xd0, 0x3,
    0xc3, 0xff, 0xff, 0xff, 0xc0, 0xf0, 0xf3, 0xff,
    0xff, 0xf0, 0x3c, 0x3c, 0xf0, 0x3c, 0x3c, 0xf,
    0xf, 0x3c, 0xf, 0xf, 0x3, 0xc3, 0xcf, 0x7,
    0xc3, 0xc0, 0xf0, 0xf7, 0xd6, 0xf5, 0xf4, 0x3c,
    0x3e, 0xff, 0xff, 0xff, 0xf, 0xf, 0x55, 0xbf,
    0xd5, 0x43, 0xff, 0xc0, 0x3f, 0xb4, 0x0, 0xff,
    0xf0, 0x1f, 0x4f, 0x0, 0x3c, 0x0, 0x1f, 0x82,
    0xf0, 0xf, 0x0, 0x1f, 0xc0, 0x3f, 0x0, 0x0,
    0x2f, 0x80, 0x3, 0xf0, 0x0, 0xf, 0x40, 0x0,
    0x3c, 0x0, 0x0, 0x0, 0x0, 0x0, 0x0,

    /* U+5668 "器" */
    0x7, 0xff, 0xf0, 0xff, 0xfc, 0x1, 0xff, 0xfc,
    0x3f, 0xff, 0x0, 0x7c, 0xf, 0xf, 0x3, 0xc0,
    0x1f, 0x3, 0xc3, 0xc0, 0xf0, 0x7, 0xff, 0xf0,
    0xff, 0xfc, 0x1, 0xff, 0xfc, 0x3f, 0xff, 0x0,
    0x0, 0x7, 0xc0, 0x3c, 0x0, 0xff, 0xff, 0xff,
    0xff, 0xfe, 0x3f, 0xff, 0xff, 0xff, 0xff, 0x80,
    0xb, 0xe0, 0xb, 0xd0, 0x0, 0x1f, 0xe0, 0x0,
    0xbe, 0x40, 0xbf, 0xd0, 0x0, 0x7, 0xfe, 0x3f,
    0xff, 0xf1, 0xff, 0xff, 0x80, 0xff, 0xfc, 0x7f,
    0xff, 0x40, 0x3c, 0xf, 0x1e, 0x3, 0xc0, 0xf,
    0x3, 0xc7, 0x80, 0xf0, 0x3, 0xff, 0xf1, 0xff,
    0xfc, 0x0, 0xff, 0xfc, 0x7f, 0xff, 0x0, 0x3c,
    0xf, 0x1e, 0x3, 0xc0,

    /* U+56DB "四" */
    0x3f, 0xff, 0xff, 0xff, 0xfc, 0x3f, 0xff, 0xff,
    0xff, 0xfc, 0x3c, 0x3, 0xc3, 0xc0, 0x3c, 0x3c,
    0x3, 0xc3, 0xc0, 0x3c, 0x3c, 0x3, 0xc3, 0xc0,
    0x3c, 0x3c, 0x3, 0xc3, 0xc0, 0x3c, 0x3c, 0x3,
    0xc3, 0xc0, 0x3c, 0x3c, 0x3, 0xc3, 0xc0, 0x3c,
    0x3c, 0x7, 0xc3, 0xc0, 0x3c, 0x3c, 0xf, 0x83,
    0xc0, 0x3c, 0x3c, 0x2f, 0x3, 0xd0, 0x3c, 0x3c,
    0xbe, 0x3, 0xff, 0xfc, 0x3d, 0xfc, 0x0, 0xff,
    0xfc, 0x3c, 0x60, 0x0, 0x0, 0x3c, 0x3c, 0x0,
    0x0, 0x0, 0x3c, 0x3c, 0x0, 0x0, 0x0, 0x3c,
    0x3f, 0xff, 0xff, 0xff, 0xfc, 0x3f, 0xff, 0xff,
    0xff, 0xfc, 0x3c, 0x0, 0x0, 0x0, 0x3c,

    /* U+56DE "回" */
    0x3f, 0xff, 0xff, 0xff, 0xfc, 0x3f, 0xff, 0xff,
    0xff, 0xfc, 0x3c, 0x0, 0x0, 0x0, 0x3c, 0x3c,
    0x0, 0x0, 0x0, 0x3c, 0x3c, 0x0, 0x0, 0x0,
    0x3c, 0x3c, 0xf, 0xff, 0xf0, 0x3c, 0x3c, 0xf,
    0xff, 0xf0, 0x3c, 0x3c, 0xf, 0x0, 0xf0, 0x3c,
    0x3c, 0xf, 0x0, 0xf0, 0x3c, 0x3c, 0xf, 0x0,
    0xf0, 0x3c, 0x3c, 0xf, 0x0, 0xf0, 0x3c, 0x3c,
    0xf, 0xff, 0xf0, 0x3c, 0x3c, 0xf, 0xff, 0xf0,
    0x3c, 0x3c, 0x0, 0x0, 0x0, 0x3c, 0x3c, 0x0,
    0x0, 0x0, 0x3c, 0x3c, 0x0, 0x0, 0x0, 0x3c,
    0x3f, 0xff, 0xff, 0xff, 0xfc, 0x3f, 0xff, 0xff,
    0xff, 0xfc, 0x3c, 0x0, 0x0, 0x0, 0x3c,

    /* U+56FA "固" */
    0x3f, 0xff, 0xff, 0xff, 0xfc, 0x3f, 0xff, 0xff,
    0xff, 0xfc, 0x3c, 0x0, 0x0, 0x0, 0x3c, 0x3c,
    0x0, 0x3c, 0x0, 0x3c, 0x3c, 0x0, 0x3c, 0x0,
    0x3c, 0x3d, 0xff, 0xff, 0xff, 0x7c, 0x3d, 0xff,
    0xff, 0xff, 0x7c, 0x3c, 0x0, 0x3c, 0x0, 0x3c,
    0x3c, 0x0, 0x3c, 0x0, 0x3c, 0x3c, 0x3f, 0xff,
    0xfc, 0x3c, 0x3c, 0x3f, 0xff, 0xfc, 0x3c, 0x3c,
    0x3c, 0x0, 0x3c, 0x3c, 0x3c, 0x3c, 0x0, 0x3c,
    0x3c, 0x3c, 0x3f, 0xff, 0xfc, 0x3c, 0x3c, 0x3f,
    0xff, 0xfc, 0x3c, 0x3c, 0x0, 0x0, 0x0, 0x3c,
    0x3f, 0xff, 0xff, 0xff, 0xfc, 0x3f, 0xff, 0xff,
    0xff, 0xfc, 0x3c, 0x0, 0x0, 0x0, 0x3c,

    /* U+56FE "图" */
    0x3f, 0xff, 0xff, 0xff, 0xfc, 0x3f, 0xff, 0xff,
    0xff, 0xfc, 0x3c, 0x3, 0xd0, 0x0, 0x3c, 0x3c,
    0x7, 0xff, 0xfc, 0x3c, 0x3c, 0x1f, 0xaa, 0xf8,
    0x3c, 0x3c, 0xbf, 0xc1, 0xf0, 0x3c, 0x3c, 0xb5,
    0xfb, 0xd0, 0x3c, 0x3c, 0x0, 0xff, 0x80, 0x3c,
    0x3c, 0x6f, 0xfb, 0xfd, 0x3c, 0x3d, 0xff, 0x80,
    0xbf, 0x7c, 0x3c, 0x90, 0xf9, 0x6, 0x3c, 0x3c,
    0x0, 0xbf, 0xc0, 0x3c, 0x3c, 0x0, 0x7, 0xc0,
    0x3c, 0x3c, 0xf, 0xe4, 0x0, 0x3c, 0x3c, 0x1b,
    0xff, 0x90, 0x3c, 0x3c, 0x0, 0x1b, 0xf4, 0x3c,
    0x3c, 0x0, 0x0, 0x60, 0x3c, 0x3f, 0xff, 0xff,
    0xff, 0xfc, 0x3f, 0xff, 0xff, 0xff, 0xfc,

    /* U+5706 "圆" */
    0x3f, 0xff, 0xff, 0xff, 0xfc, 0x3f, 0xff, 0xff,
    0xff, 0xfc, 0x3c, 0xa, 0xaa, 0xa0, 0x3c, 0x3c,
    0xf, 0xff, 0xf0, 0x3c, 0x3c, 0xf, 0x0, 0xf0,
    0x3c, 0x3c, 0xf, 0xff, 0xf0, 0x3c, 0x3c, 0x5,
    0x55, 0x50, 0x3c, 0x3c, 0x3f, 0xff, 0xfc, 0x3c,
    0x3c, 0x3f, 0xff, 0xfc, 0x3c, 0x3c, 0x3c, 0x24,
    0x3c, 0x3c, 0x3c, 0x3c, 0x3c, 0x3c, 0x3c, 0x3c,
    0x3c, 0xbc, 0x3c, 0x3c, 0x3c, 0x29, 0xfb, 0xb8,
    0x3c, 0x3c, 0x1f, 0xeb, 0xf8, 0x3c, 0x3c, 0xff,
    0x80, 0xbf, 0x3c, 0x3c, 0x64, 0x0, 0x8, 0x3c,
    0x3f, 0xff, 0xff, 0xff, 0xfc, 0x3f, 0xff, 0xff,
    0xff, 0xfc, 0x3c, 0x0, 0x0, 0x0, 0x3c,

    /* U+5708 "圈" */
    0x3f, 0xff, 0xff, 0xff, 0xfc, 0x3f, 0xff, 0xff,
    0xff, 0xfc, 0x3c, 0x8, 0x28, 0x24, 0x3c, 0x3c,
    0x1e, 0x3c, 0x74, 0x3c, 0x3c, 0xbf, 0xff, 0xff,
    0x3c, 0x3c, 0xbf, 0xff, 0xff, 0x3c, 0x3c, 0x0,
    0xf0, 0x0, 0x3c, 0x3c, 0xff, 0xff, 0xff, 0x7c,
    0x3c, 0xff, 0xff, 0xff, 0x7c, 0x3c, 0xf, 0xd5,
    0xb8, 0x3c, 0x3c, 0x7f, 0xff, 0xff, 0x3c, 0x3e,
    0xff, 0x42, 0xd7, 0xfc, 0x3c, 0x8b, 0x5f, 0xd0,
    0x3c, 0x3c, 0xb, 0x45, 0x1d, 0x3c, 0x3c, 0xb,
    0xea, 0xbd, 0x3c, 0x3c, 0x7, 0xff, 0xf8, 0x3c,
    0x3c, 0x0, 0x0, 0x0, 0x3c, 0x3f, 0xff, 0xff,
    0xff, 0xfc, 0x3f, 0xff, 0xff, 0xff, 0xfc,

    /* U+5728 "在" */
    0x0, 0x0, 0x0, 0x0, 0x0, 0x0, 0x0, 0x1f,
    0x0, 0x0, 0x0, 0x0, 0xb, 0xc0, 0x0, 0x0,
    0x0, 0x3, 0xe0, 0x0, 0x0, 0x1f, 0xff, 0xff,
    0xff, 0xff, 0xc7, 0xff, 0xff, 0xff, 0xff, 0xf0,
    0x0, 0xbc, 0x0, 0x0, 0x0, 0x0, 0x7d, 0x1,
    0xf0, 0x0, 0x0, 0x3f, 0x0, 0x7c, 0x0, 0x0,
    0x3f, 0x0, 0x1f, 0x0, 0x0, 0x2f, 0x80, 0x7,
    0xc0, 0x0, 0x2f, 0xd3, 0xff, 0xff, 0xfc, 0x3f,
    0xf4, 0xff, 0xff, 0xff, 0xb, 0xbd, 0x0, 0x1f,
    0x0, 0x0, 0x4f, 0x40, 0x7, 0xc0, 0x0, 0x3,
    0xd0, 0x1, 0xf0, 0x0, 0x0, 0xf4, 0x0, 0x7c,
    0x0, 0x0, 0x3d, 0x0, 0x1f, 0x0, 0x0, 0xf,
    0x7f, 0xff, 0xff, 0xfc, 0x3, 0xdf, 0xff, 0xff,
    0xff, 0x0, 0xf4, 0x0, 0x0, 0x0, 0x0,

    /* U+5730 "地" */
    0x2, 0xe0, 0x0, 0xf, 0x0, 0x0, 0xb8, 0x0,
    0x3, 0xc0, 0x0, 0x2e, 0x0, 0xa0, 0xf0, 0x0,
    0xb, 0x80, 0x3c, 0x3c, 0x4, 0x2, 0xe0, 0xf,
    0xf, 0x6f, 0x0, 0xb8, 0x3, 0xc7, 0xff, 0xc3,
    0xff, 0xf0, 0xff, 0xfe, 0xf0, 0xff, 0xfd, 0xff,
    0xfc, 0x3c, 0x2, 0xe0, 0x7f, 0xf, 0xf, 0x0,
    0xb8, 0x7, 0xc3, 0xc3, 0xc0, 0x2e, 0x0, 0xf0,
    0xf0, 0xf0, 0xb, 0x80, 0x3c, 0x3c, 0x7c, 0x2,
    0xe0, 0xf, 0xf, 0xbf, 0x0, 0xb8, 0x53, 0xc3,
    0xdf, 0x0, 0x2f, 0xf8, 0xf0, 0xf0, 0x10, 0xbf,
    0xfd, 0x3c, 0x28, 0xf, 0x3f, 0xe4, 0xf, 0x0,
    0x7, 0xca, 0x40, 0x3, 0xd0, 0x2, 0xe0, 0x0,
    0x0, 0xff, 0xff, 0xf4, 0x0, 0x0, 0x1f, 0xff,
    0xf8,

    /* U+5747 "均" */
    0x0, 0x0, 0x0, 0x0, 0x0, 0x0, 0xf4, 0x0,
    0xf4, 0x0, 0x0, 0x3d, 0x0, 0x3c, 0x0, 0x0,
    0xf, 0x40, 0x2f, 0x0, 0x0, 0x3, 0xd0, 0xf,
    0xff, 0xff, 0x0, 0xf4, 0x7, 0xff, 0xff, 0xc0,
    0x3e, 0x3, 0xfa, 0xaa, 0xf0, 0xff, 0xf9, 0xf4,
    0x0, 0x3c, 0x3f, 0xfe, 0xf8, 0x40, 0xf, 0x0,
    0xf4, 0x2c, 0xfc, 0x3, 0xc0, 0x3d, 0x0, 0xf,
    0xc0, 0xf0, 0xf, 0x40, 0x0, 0xf4, 0x3c, 0x3,
    0xd0, 0x0, 0x4, 0xf, 0x0, 0xf4, 0x0, 0x1,
    0xd3, 0xc0, 0x3d, 0x10, 0x7, 0xf8, 0xf0, 0xf,
    0xfc, 0x2f, 0xf4, 0x3c, 0x3f, 0xff, 0x2f, 0xe0,
    0xf, 0xf, 0xf9, 0x3, 0x80, 0x3, 0xc1, 0x40,
    0x0, 0x0, 0x2, 0xf0, 0x0, 0x0, 0x0, 0xff,
    0xf8, 0x0, 0x0, 0x0, 0x2f, 0xf8, 0x0, 0x0,
    0x0, 0x0, 0x0, 0x0,

    /* U+574F "坏" */
    0x3, 0xc0, 0x0, 0x0, 0x0, 0x0, 0xf0, 0x7f,
    0xff, 0xff, 0xc0, 0x3c, 0x1f, 0xff, 0xff, 0xf0,
    0xf, 0x0, 0x0, 0xf8, 0x0, 0x3, 0xc0, 0x0,
    0x7c, 0x0, 0x1, 0xf0, 0x0, 0x3f, 0x0, 0xb,
    0xff, 0xd0, 0x1f, 0xc0, 0x2, 0xff, 0xf4, 0xf,
    0xf9, 0x0, 0x3, 0xc0, 0xb, 0xff, 0xd0, 0x0,
    0xf0, 0xb, 0xff, 0xfc, 0x0, 0x3c, 0xb, 0xeb,
    0xcf, 0xc0, 0xf, 0xb, 0xe2, 0xf0, 0xfc, 0x3,
    0xc3, 0xe0, 0xbc, 0x1f, 0x80, 0xf0, 0x60, 0x2f,
    0x2, 0x80, 0x3e, 0xe0, 0xb, 0xc0, 0x0, 0x6f,
    0xf8, 0x2, 0xf0, 0x0, 0xbf, 0xf4, 0x0, 0xbc,
    0x0, 0x1e, 0x40, 0x0, 0x2f, 0x0, 0x0, 0x0,
    0x0, 0xb, 0xc0, 0x0, 0x0, 0x0, 0x2, 0xf0,
    0x0,

    /* U+5750 "坐" */
    0x0, 0x0, 0x2e, 0x0, 0x0, 0x0, 0x14, 0xb,
    0x80, 0x40, 0x0, 0xb, 0x82, 0xe0, 0x3d, 0x0,
    0x3, 0xd0, 0xb8, 0xf, 0x0, 0x1, 0xf0, 0x2e,
    0xb, 0xc0, 0x0, 0xfc, 0xb, 0x83, 0xe0, 0x0,
    0x7f, 0x82, 0xe1, 0xfe, 0x0, 0x3e, 0xf8, 0xb8,
    0xfb, 0xe0, 0x2f, 0xf, 0xae, 0xbc, 0x3e, 0x1f,
    0x41, 0xeb, 0xad, 0x7, 0x82, 0x80, 0x22, 0xe1,
    0x0, 0x40, 0x0, 0x0, 0xb8, 0x0, 0x0, 0xf,
    0xff, 0xff, 0xff, 0xfc, 0x3, 0xff, 0xff, 0xff,
    0xff, 0x0, 0x0, 0x2, 0xe0, 0x0, 0x0, 0x0,
    0x0, 0xb8, 0x0, 0x0, 0x0, 0x0, 0x2e, 0x0,
    0x0, 0xf, 0xff, 0xff, 0xff, 0xff, 0xc3, 0xff,
    0xff, 0xff, 0xff, 0xf0, 0x0, 0x0, 0x0, 0x0,
    0x0,

    /* U+5761 "坡" */
    0x0, 0x0, 0x0, 0x0, 0x0, 0x0, 0x2e, 0x0,
    0x0, 0xf0, 0x0, 0x2, 0xe0, 0x0, 0xf, 0x0,
    0x0, 0x2e, 0x0, 0x0, 0xf0, 0x0, 0x2, 0xe0,
    0x7f, 0xff, 0xff, 0xc0, 0x2e, 0x7, 0xff, 0xff,
    0xf8, 0x2, 0xf0, 0x7c, 0xf, 0xf, 0x43, 0xff,
    0xe7, 0xc0, 0xf0, 0xf0, 0x2b, 0xf9, 0x7c, 0xf,
    0x0, 0x0, 0x2e, 0x7, 0xff, 0xff, 0xd0, 0x2,
    0xe0, 0x7f, 0xff, 0xfd, 0x0, 0x2e, 0x7, 0xef,
    0x3, 0xd0, 0x2, 0xe0, 0x78, 0xf0, 0x3c, 0x0,
    0x2e, 0xb, 0x8b, 0x8b, 0x80, 0x2, 0xf8, 0xf4,
    0x3e, 0xf0, 0x0, 0x7f, 0xdf, 0x2, 0xfe, 0x0,
    0x3f, 0xfa, 0xf0, 0xf, 0xd0, 0x3, 0xf4, 0x3e,
    0x3, 0xff, 0x80, 0x0, 0x7, 0xc2, 0xfc, 0xbf,
    0x40, 0x0, 0xb9, 0xfe, 0x1, 0xfc, 0x0, 0x2,
    0xb, 0x40, 0x2, 0x40, 0x0, 0x0, 0x0, 0x0,
    0x0,

    /* U+5806 "堆" */
    0x0, 0x0, 0x0, 0x0, 0x0, 0x0, 0xf0, 0x3,
    0x87, 0x40, 0x0, 0x3c, 0x1, 0xf1, 0xe0, 0x0,
    0xf, 0x0, 0xb8, 0x3c, 0x0, 0x3, 0xc0, 0x3d,
    0xf, 0x40, 0x0, 0xf0, 0x2f, 0xff, 0xff, 0xc0,
    0x3c, 0xf, 0xff, 0xff, 0xf2, 0xff, 0xfb, 0xf0,
    0x3c, 0x0, 0xbf, 0xff, 0xfc, 0xf, 0x0, 0x0,
    0xf1, 0xff, 0xff, 0xff, 0x80, 0x3c, 0x37, 0xff,
    0xff, 0xe0, 0xf, 0x0, 0xf0, 0x3d, 0x0, 0x3,
    0xc0, 0x3c, 0xf, 0x0, 0x0, 0xf0, 0xf, 0xff,
    0xff, 0x80, 0x3d, 0xe3, 0xff, 0xff, 0xe0, 0x1f,
    0xf8, 0xf0, 0x3d, 0x0, 0xff, 0xf8, 0x3c, 0xf,
    0x0, 0x2f, 0xd0, 0xf, 0x3, 0xc0, 0x6, 0x0,
    0x3, 0xff, 0xff, 0xf4, 0x0, 0x0, 0xff, 0xff,
    0xfd, 0x0, 0x0, 0x3c, 0x0, 0x0, 0x0,

    /* U+5907 "备" */
    0x0, 0x1, 0x40, 0x0, 0x0, 0x0, 0x0, 0x3e,
    0x0, 0x0, 0x0, 0x0, 0xf, 0xff, 0xff, 0xe0,
    0x0, 0x3, 0xff, 0xff, 0xfe, 0x0, 0x1, 0xff,
    0x0, 0xf, 0xc0, 0x0, 0xbf, 0xfd, 0x7, 0xf0,
    0x0, 0xb, 0xc2, 0xfa, 0xf8, 0x0, 0x0, 0x10,
    0xb, 0xfe, 0x0, 0x0, 0x0, 0xb, 0xff, 0xfe,
    0x40, 0x1, 0xbf, 0xfe, 0x7, 0xff, 0xe8, 0x2f,
    0xf9, 0x0, 0x2, 0xff, 0x80, 0xaf, 0xff, 0xff,
    0xff, 0x50, 0x0, 0xff, 0xff, 0xff, 0xf0, 0x0,
    0xf, 0x0, 0xf0, 0xf, 0x0, 0x0, 0xf0, 0xf,
    0x0, 0xf0, 0x0, 0xf, 0xff, 0xff, 0xff, 0x0,
    0x0, 0xff, 0xff, 0xff, 0xf0, 0x0, 0xf, 0x0,
    0xf0, 0xf, 0x0, 0x0, 0xf0, 0xf, 0x0, 0xf0,
    0x0, 0xf, 0xff, 0xff, 0xff, 0x0, 0x0, 0xff,
    0xff, 0xff, 0xf0, 0x0,

    /* U+590D "复" */
    0x0, 0x10, 0x0, 0x0, 0x0, 0x0, 0xbc, 0x0,
    0x0, 0x0, 0x0, 0xff, 0xff, 0xff, 0xf8, 0x2,
    0xff, 0xff, 0xff, 0xf8, 0x7, 0xd0, 0x0, 0x0,
    0x0, 0x1f, 0xff, 0xff, 0xff, 0xc0, 0x7f, 0xff,
    0xff, 0xff, 0xc0, 0x3c, 0xf0, 0x0, 0x3, 0xc0,
    0x0, 0xff, 0xff, 0xff, 0xc0, 0x0, 0xff, 0xff,
    0xff, 0xc0, 0x0, 0xf0, 0x0, 0x3, 0xc0, 0x0,
    0xff, 0xff, 0xff, 0xc0, 0x0, 0xff, 0xff, 0xff,
    0xc0, 0x0, 0x1f, 0x40, 0x0, 0x0, 0x0, 0xbf,
    0xff, 0xff, 0xd0, 0x7, 0xff, 0xff, 0xff, 0xc0,
    0x1f, 0xef, 0x40, 0x2f, 0x40, 0x9, 0x7, 0xfa,
    0xfc, 0x0, 0x0, 0x5, 0xff, 0xf9, 0x0, 0x2f,
    0xff, 0xfa, 0xff, 0xfe, 0x1f, 0xf9, 0x0, 0x6,
    0xfd, 0x0, 0x0, 0x0, 0x0, 0x0,

    /* U+5916 "外" */
    0x0, 0x0, 0x0, 0x0, 0x0, 0x0, 0x1, 0xe0,
    0x0, 0xf0, 0x0, 0x0, 0x2f, 0x0, 0xf, 0x0,
    0x0, 0x3, 0xe0, 0x0, 0xf0, 0x0, 0x0, 0x7f,
    0xff, 0x8f, 0x0, 0x0, 0xf, 0xff, 0xf8, 0xf0,
    0x0, 0x1, 0xf4, 0xf, 0x4f, 0x0, 0x0, 0x3f,
    0x0, 0xf4, 0xf0, 0x0, 0xf, 0xd0, 0x1f, 0xf,
    0xd0, 0x2, 0xf9, 0x2, 0xf0, 0xff, 0x80, 0x3f,
    0x3d, 0x3e, 0xf, 0x7f, 0x0, 0x83, 0xff, 0xc0,
    0xf1, 0xfc, 0x0, 0x7, 0xf8, 0xf, 0x7, 0xc0,
    0x0, 0x2f, 0x0, 0xf0, 0x10, 0x0, 0x7, 0xe0,
    0xf, 0x0, 0x0, 0x1, 0xfc, 0x0, 0xf0, 0x0,
    0x0, 0x7f, 0x0, 0xf, 0x0, 0x0, 0x2f, 0xc0,
    0x0, 0xf0, 0x0, 0x1f, 0xf0, 0x0, 0xf, 0x0,
    0x0, 0xf8, 0x0, 0x0, 0xf0, 0x0, 0x1, 0x0,
    0x0, 0xf, 0x0, 0x0,

    /* U+591C "夜" */
    0x0, 0x0, 0x0, 0x0, 0x0, 0x0, 0x0, 0x2,
    0xf0, 0x0, 0x0, 0x0, 0x0, 0xf, 0x40, 0x0,
    0x1, 0xff, 0xff, 0xff, 0xff, 0xfc, 0x1f, 0xff,
    0xff, 0xff, 0xff, 0xc0, 0x2, 0x90, 0x29, 0x0,
    0x0, 0x0, 0x3d, 0x3, 0xd0, 0x0, 0x0, 0x7,
    0xc0, 0x7f, 0xff, 0xf0, 0x0, 0xfc, 0xf, 0xff,
    0xff, 0x0, 0x1f, 0x42, 0xf4, 0x2, 0xe0, 0x3,
    0xf0, 0x7e, 0x38, 0x3d, 0x0, 0xff, 0x1f, 0xd7,
    0xf7, 0xc0, 0x2f, 0xf3, 0xff, 0xf, 0xf8, 0x1,
    0xff, 0xc, 0xf8, 0x3f, 0x0, 0x5, 0xf0, 0x7,
    0xeb, 0xd0, 0x0, 0x1f, 0x0, 0x2f, 0xf8, 0x0,
    0x1, 0xf0, 0x0, 0xff, 0x0, 0x0, 0x1f, 0x0,
    0xbf, 0xfe, 0x0, 0x1, 0xf0, 0xbf, 0xd7, 0xff,
    0x40, 0x1f, 0x1f, 0xe0, 0xb, 0xfc, 0x1, 0xf0,
    0xa0, 0x0, 0x7, 0x0,

    /* U+5927 "大" */
    0x0, 0x0, 0x1f, 0x0, 0x0, 0x0, 0x0, 0x7,
    0xc0, 0x0, 0x0, 0x0, 0x1, 0xf0, 0x0, 0x0,
    0x0, 0x0, 0xbc, 0x0, 0x0, 0x0, 0x0, 0x2e,
    0x0, 0x0, 0x0, 0x0, 0xb, 0x80, 0x0, 0x3,
    0xff, 0xff, 0xff, 0xff, 0xf8, 0xff, 0xff, 0xff,
    0xff, 0xfe, 0x0, 0x0, 0x3f, 0x40, 0x0, 0x0,
    0x0, 0x1f, 0xf0, 0x0, 0x0, 0x0, 0xf, 0xbd,
    0x0, 0x0, 0x0, 0x7, 0xc7, 0xc0, 0x0, 0x0,
    0x3, 0xf0, 0xf4, 0x0, 0x0, 0x1, 0xf4, 0x1f,
    0x0, 0x0, 0x0, 0xf8, 0x2, 0xf0, 0x0, 0x0,
    0xfc, 0x0, 0x3f, 0x0, 0x0, 0xfd, 0x0, 0x7,
    0xf0, 0x1, 0xfd, 0x0, 0x0, 0x7f, 0x43, 0xfd,
    0x0, 0x0, 0x7, 0xf8, 0xfc, 0x0, 0x0, 0x0,
    0x3d, 0x4, 0x0, 0x0, 0x0, 0x1, 0x0,

    /* U+5931 "失" */
    0x0, 0x40, 0x3d, 0x0, 0x0, 0x0, 0x3d, 0xf,
    0x40, 0x0, 0x0, 0x1f, 0x3, 0xd0, 0x0, 0x0,
    0xf, 0xc0, 0xf8, 0x0, 0x0, 0x7, 0xff, 0xff,
    0xff, 0xf8, 0x3, 0xff, 0xff, 0xff, 0xfe, 0x3,
    0xf0, 0x3, 0xd0, 0x0, 0x2, 0xf4, 0x0, 0xf4,
    0x0, 0x0, 0x28, 0x0, 0x3d, 0x0, 0x0, 0x0,
    0x0, 0x1f, 0x40, 0x0, 0x7, 0xff, 0xff, 0xff,
    0xff, 0xf1, 0xff, 0xff, 0xff, 0xff, 0xfc, 0x0,
    0x0, 0xff, 0x40, 0x0, 0x0, 0x0, 0x7d, 0xf0,
    0x0, 0x0, 0x0, 0x3e, 0x2f, 0x0, 0x0, 0x0,
    0x3f, 0x3, 0xe0, 0x0, 0x0, 0x7f, 0x40, 0x3f,
    0x0, 0x0, 0xbf, 0x40, 0x3, 0xf8, 0x7, 0xff,
    0x0, 0x0, 0x2f, 0xe0, 0xfd, 0x0, 0x0, 0x1,
    0xf8, 0x10, 0x0, 0x0, 0x0, 0x4, 0x0,

    /* U+5934 "头" */
    0x0, 0x0, 0x3, 0xc0, 0x0, 0x0, 0xd, 0x0,
    0xf0, 0x0, 0x0, 0xb, 0xf0, 0x3c, 0x0, 0x0,
    0x0, 0xbf, 0x4f, 0x0, 0x0, 0x0, 0x3, 0xc3,
    0xc0, 0x0, 0x3, 0xe0, 0x0, 0xf0, 0x0, 0x0,
    0xff, 0x80, 0x3c, 0x0, 0x0, 0x7, 0xf8, 0xf,
    0x0, 0x0, 0x0, 0x2c, 0x7, 0xc0, 0x0, 0x0,
    0x0, 0x2, 0xf0, 0x0, 0x3, 0xff, 0xff, 0xff,
    0xff, 0xf0, 0xff, 0xff, 0xff, 0xff, 0xfc, 0x0,
    0x0, 0x2f, 0x0, 0x0, 0x0, 0x0, 0xf, 0x81,
    0x0, 0x0, 0x0, 0xf, 0xc3, 0xe0, 0x0, 0x0,
    0xf, 0xd0, 0xbe, 0x0, 0x0, 0x2f, 0xd0, 0x7,
    0xf0, 0x1, 0xbf, 0xc0, 0x0, 0x7f, 0x3, 0xff,
    0x40, 0x0, 0x7, 0xf0, 0x7d, 0x0, 0x0, 0x0,
    0x74, 0x0, 0x0, 0x0, 0x0, 0x0, 0x0,

    /* U+59CB "始" */
    0x0, 0x0, 0x0, 0x0, 0x0, 0x0, 0x3d, 0x0,
    0x3, 0x80, 0x0, 0x3, 0xd0, 0x0, 0x7c, 0x0,
    0x0, 0x3c, 0x0, 0xf, 0x80, 0x0, 0x3, 0xc0,
    0x1, 0xf0, 0x7c, 0x3, 0xff, 0xf0, 0x3d, 0x3,
    0xd0, 0x3f, 0xff, 0xb, 0xc0, 0x2f, 0x0, 0xf8,
    0xf1, 0xf4, 0x5a, 0xf4, 0xf, 0x4f, 0x7f, 0xff,
    0xff, 0xc0, 0xf1, 0xf3, 0xff, 0xa9, 0x7c, 0x1f,
    0x1e, 0x0, 0x0, 0x2, 0x42, 0xf2, 0xe0, 0x0,
    0x0, 0x0, 0x3e, 0x3d, 0xf, 0xff, 0xff, 0x3,
    0xf7, 0xc0, 0xff, 0xff, 0xf0, 0xf, 0xfc, 0xf,
    0x0, 0xf, 0x0, 0x2f, 0x80, 0xf0, 0x0, 0xf0,
    0x1, 0xfd, 0xf, 0x0, 0xf, 0x0, 0x3f, 0xf4,
    0xf0, 0x0, 0xf0, 0xf, 0x8f, 0x4f, 0xff, 0xff,
    0x3, 0xf0, 0x10, 0xff, 0xff, 0xf0, 0x1c, 0x0,
    0xf, 0x0, 0x1f, 0x0, 0x0, 0x0, 0x0, 0x0,
    0x0,

    /* U+5B57 "字" */
    0x0, 0x0, 0x0, 0x0, 0x0, 0x0, 0x0, 0xbc,
    0x0, 0x0, 0x0, 0x0, 0x7d, 0x0, 0x0, 0x7f,
    0xff, 0xff, 0xff, 0xfe, 0x7f, 0xff, 0xff, 0xff,
    0xfe, 0x7c, 0x0, 0x0, 0x0, 0x2e, 0x7c, 0x0,
    0x0, 0x0, 0x2e, 0x7c, 0xff, 0xff, 0xff, 0x2e,
    0x0, 0xff, 0xff, 0xff, 0x0, 0x0, 0x0, 0x1,
    0xfe, 0x0, 0x0, 0x0, 0xb, 0xf0, 0x0, 0x0,
    0x0, 0x2f, 0x40, 0x0, 0x0, 0x0, 0x2e, 0x0,
    0x0, 0xbf, 0xff, 0xff, 0xff, 0xff, 0xbf, 0xff,
    0xff, 0xff, 0xff, 0x0, 0x0, 0x2e, 0x0, 0x0,
    0x0, 0x0, 0x2e, 0x0, 0x0, 0x0, 0x0, 0x2e,
    0x0, 0x0, 0x0, 0x0, 0x3e, 0x0, 0x0, 0x0,
    0xf, 0xfd, 0x0, 0x0, 0x0, 0xb, 0xf8, 0x0,
    0x0,

    /* U+5B58 "存" */
    0x0, 0x0, 0x0, 0x0, 0x0, 0x0, 0x0, 0xf8,
    0x0, 0x0, 0x0, 0x0, 0x7d, 0x0, 0x0, 0x0,
    0xff, 0xff, 0xff, 0xff, 0xfc, 0x3f, 0xff, 0xff,
    0xff, 0xff, 0x0, 0xb, 0xc0, 0x0, 0x0, 0x0,
    0x3, 0xd0, 0x0, 0x0, 0x0, 0x2, 0xf2, 0xff,
    0xff, 0xf0, 0x1, 0xf4, 0xbf, 0xff, 0xfc, 0x1,
    0xf8, 0x0, 0x0, 0xbd, 0x0, 0xfc, 0x0, 0x0,
    0xfd, 0x0, 0xff, 0x0, 0x0, 0xfc, 0x0, 0xff,
    0xc0, 0x0, 0x7c, 0x0, 0xc, 0xf1, 0xff, 0xff,
    0xff, 0xd0, 0x3c, 0x7f, 0xff, 0xff, 0xf4, 0xf,
    0x0, 0x1, 0xf0, 0x0, 0x3, 0xc0, 0x0, 0x7c,
    0x0, 0x0, 0xf0, 0x0, 0x1f, 0x0, 0x0, 0x3c,
    0x0, 0xb, 0xc0, 0x0, 0xf, 0x0, 0x7f, 0xf0,
    0x0, 0x3, 0xc0, 0xf, 0xf0, 0x0, 0x0,

    /* U+5B8C "完" */
    0x0, 0x0, 0x0, 0x0, 0x0, 0x0, 0x0, 0x2f,
    0x0, 0x0, 0x0, 0x0, 0x7, 0xd0, 0x0, 0x0,
    0xff, 0xff, 0xff, 0xff, 0xfc, 0x3f, 0xff, 0xff,
    0xff, 0xff, 0xf, 0x0, 0x0, 0x0, 0xb, 0xc3,
    0xc0, 0x0, 0x0, 0x1, 0xf0, 0xf3, 0xff, 0xff,
    0xfe, 0x7c, 0x0, 0xff, 0xff, 0xff, 0x80, 0x0,
    0x0, 0x0, 0x0, 0x0, 0x0, 0x0, 0x0, 0x0,
    0x0, 0x1, 0xff, 0xff, 0xff, 0xff, 0xfc, 0x7f,
    0xff, 0xff, 0xff, 0xff, 0x0, 0x2, 0xe0, 0x7c,
    0x0, 0x0, 0x0, 0xf8, 0xf, 0x0, 0x0, 0x0,
    0x3d, 0x3, 0xc0, 0x10, 0x0, 0x2f, 0x0, 0xf0,
    0xf, 0x40, 0x1f, 0x80, 0x3c, 0x3, 0xd0, 0x7f,
    0xc0, 0xf, 0x40, 0xf1, 0xff, 0x80, 0x3, 0xff,
    0xfc, 0x3f, 0x40, 0x0, 0x7f, 0xfd, 0x0, 0x0,
    0x0, 0x0, 0x0, 0x0,

    /* U+5B9A "定" */
    0x0, 0x0, 0x0, 0x0, 0x0, 0x0, 0x0, 0xf,
    0x80, 0x0, 0x0, 0x0, 0x1, 0xf0, 0x0, 0x0,
    0x3f, 0xff, 0xff, 0xff, 0xfc, 0xf, 0xff, 0xff,
    0xff, 0xff, 0x3, 0xc0, 0x0, 0x0, 0x3, 0xc0,
    0xf0, 0x0, 0x0, 0x0, 0xf0, 0x3d, 0xff, 0xff,
    0xff, 0xbc, 0x0, 0x7f, 0xff, 0xff, 0xe0, 0x0,
    0x0, 0x3, 0xd0, 0x0, 0x0, 0x0, 0x0, 0xf0,
    0x0, 0x0, 0x0, 0xe0, 0x3c, 0x0, 0x0, 0x0,
    0x7c, 0xf, 0x40, 0x0, 0x0, 0x2e, 0x3, 0xff,
    0xfd, 0x0, 0xf, 0x40, 0xff, 0xff, 0x40, 0xb,
    0xd0, 0x3c, 0x0, 0x0, 0x3, 0xfd, 0xf, 0x0,
    0x0, 0x2, 0xf7, 0xe3, 0xc0, 0x0, 0x1, 0xf4,
    0x7f, 0xf5, 0x0, 0x0, 0xfc, 0x2, 0xff, 0xff,
    0xff, 0x1c, 0x0, 0x6, 0xbf, 0xff, 0x80, 0x0,
    0x0, 0x0, 0x0, 0x0,

    /* U+5BF9 "对" */
    0x0, 0x0, 0x0, 0x0, 0xf0, 0x0, 0x0, 0x0,
    0x0, 0x3c, 0x3, 0xff, 0xfc, 0x0, 0xf, 0x0,
    0xff, 0xff, 0x0, 0x3, 0xc0, 0x0, 0x3, 0xcf,
    0xff, 0xff, 0x40, 0x0, 0xf3, 0xff, 0xff, 0xd2,
    0xc0, 0x7c, 0x0, 0xf, 0x40, 0xbc, 0x2e, 0x0,
    0x3, 0xc0, 0xf, 0xcf, 0x42, 0x0, 0xf0, 0x0,
    0xff, 0xc3, 0xe0, 0x3c, 0x0, 0xf, 0xe0, 0x7d,
    0xf, 0x0, 0x1, 0xf4, 0xb, 0xc3, 0xc0, 0x0,
    0xbf, 0x0, 0xf8, 0xf0, 0x0, 0x7f, 0xf0, 0x18,
    0x3c, 0x0, 0x7e, 0x7d, 0x0, 0xf, 0x0, 0x7e,
    0xb, 0x0, 0x3, 0xc0, 0x7f, 0x0, 0x0, 0x0,
    0xf0, 0x1f, 0x0, 0x0, 0x0, 0x7c, 0x1, 0x0,
    0x0, 0xf, 0xff, 0x0, 0x0, 0x0, 0x3, 0xff,
    0x40,

    /* U+5BFC "导" */
    0x3, 0xff, 0xff, 0xff, 0xf0, 0x0, 0x3f, 0xff,
    0xff, 0xff, 0x0, 0x3, 0xd0, 0x0, 0x1, 0xf0,
    0x0, 0x3f, 0xff, 0xff, 0xff, 0x0, 0x3, 0xff,
    0xff, 0xff, 0xf0, 0x0, 0x3d, 0x0, 0x0, 0x0,
    0x64, 0x3, 0xe0, 0x0, 0x0, 0xb, 0x80, 0x3f,
    0xff, 0xff, 0xff, 0xf8, 0x1, 0xff, 0xff, 0xff,
    0xff, 0x0, 0x0, 0x0, 0x0, 0xa4, 0x0, 0x0,
    0x0, 0x0, 0xf, 0x40, 0x3, 0xff, 0xff, 0xff,
    0xff, 0xfc, 0x3f, 0xff, 0xff, 0xff, 0xff, 0xc0,
    0x0, 0xd0, 0x0, 0xf4, 0x0, 0x0, 0x3f, 0x40,
    0xf, 0x40, 0x0, 0x0, 0xfd, 0x0, 0xf4, 0x0,
    0x0, 0x3, 0xf0, 0xf, 0x40, 0x0, 0x0, 0x8,
    0x3f, 0xf4, 0x0, 0x0, 0x0, 0x3, 0xfe, 0x0,
    0x0,

    /* U+5C06 "将" */
    0x0, 0x0, 0x0, 0x0, 0x0, 0x0, 0xf, 0x0,
    0x7c, 0x0, 0x0, 0x3, 0xc0, 0x3f, 0xff, 0xf0,
    0xa0, 0xf0, 0x3f, 0xff, 0xfc, 0x3c, 0x3c, 0xbf,
    0x0, 0x3f, 0xb, 0x8f, 0x7f, 0x74, 0x2f, 0x40,
    0xf3, 0xc6, 0x2f, 0xbf, 0x80, 0x3e, 0xf0, 0x3,
    0xff, 0x40, 0x6, 0x3c, 0x2f, 0xfe, 0x0, 0x0,
    0xf, 0xf, 0xf8, 0x3d, 0x0, 0x3, 0xc1, 0x40,
    0xf, 0x40, 0x0, 0xf3, 0xff, 0xff, 0xff, 0x0,
    0xfc, 0xff, 0xff, 0xff, 0xc1, 0xff, 0x0, 0x40,
    0x3d, 0x2, 0xfb, 0xc0, 0xf0, 0xf, 0x41, 0xf8,
    0xf0, 0x3f, 0x3, 0xd0, 0x38, 0x3c, 0x3, 0xe0,
    0xf4, 0x0, 0xf, 0x0, 0x70, 0x3d, 0x0, 0x3,
    0xc0, 0x0, 0xf, 0x40, 0x0, 0xf0, 0x1, 0xff,
    0xc0, 0x0, 0x3c, 0x0, 0x3f, 0xe0, 0x0,

    /* U+5C0F "小" */
    0x0, 0x0, 0xf, 0x40, 0x0, 0x0, 0x0, 0x0,
    0xf4, 0x0, 0x0, 0x0, 0x0, 0xf, 0x40, 0x0,
    0x0, 0x0, 0x0, 0xf4, 0x0, 0x0, 0x0, 0x0,
    0xf, 0x40, 0x10, 0x0, 0xe, 0x0, 0xf4, 0xf,
    0x0, 0x1, 0xf0, 0xf, 0x40, 0xf8, 0x0, 0x2f,
    0x0, 0xf4, 0xb, 0xc0, 0x3, 0xe0, 0xf, 0x40,
    0x7d, 0x0, 0x7d, 0x0, 0xf4, 0x3, 0xe0, 0xf,
    0xc0, 0xf, 0x40, 0x2f, 0x1, 0xf8, 0x0, 0xf4,
    0x0, 0xf4, 0x3f, 0x0, 0xf, 0x40, 0xf, 0x87,
    0xe0, 0x0, 0xf4, 0x0, 0xbc, 0x1c, 0x0, 0xf,
    0x40, 0x3, 0x40, 0x0, 0x0, 0xf4, 0x0, 0x0,
    0x0, 0x4, 0x1f, 0x40, 0x0, 0x0, 0x0, 0xff,
    0xf0, 0x0, 0x0, 0x0, 0xb, 0xfd, 0x0, 0x0,
    0x0,

    /* U+5C31 "就" */
    0x0, 0x0, 0x0, 0x0, 0x0, 0x0, 0x7, 0xc0,
    0x3, 0xc1, 0x0, 0x0, 0x7d, 0x0, 0x3c, 0xf8,
    0x3, 0xff, 0xff, 0xd3, 0xc3, 0xd0, 0x3f, 0xff,
    0xfd, 0x3c, 0x1e, 0x0, 0x0, 0x0, 0x17, 0xd5,
    0x90, 0xf, 0xff, 0xf3, 0xff, 0xff, 0x40, 0xff,
    0xff, 0x7f, 0xff, 0xf4, 0xf, 0x0, 0xf4, 0x3d,
    0xf0, 0x0, 0xf0, 0xf, 0x43, 0xdf, 0x0, 0xf,
    0xff, 0xf4, 0x7d, 0xf0, 0x0, 0xff, 0xff, 0x47,
    0xdf, 0x0, 0x0, 0x3d, 0x0, 0xb9, 0xf0, 0x0,
    0xe3, 0xde, 0xb, 0x9f, 0x0, 0xf, 0x3d, 0xf0,
    0xf5, 0xf0, 0x1, 0xe3, 0xdb, 0x4f, 0x1f, 0x38,
    0x3d, 0x3d, 0x7a, 0xf1, 0xf3, 0xc3, 0xc3, 0xd2,
    0x7e, 0x1f, 0x3c, 0x28, 0x3d, 0x7, 0xc1, 0xf3,
    0xc0, 0x3f, 0xc0, 0xf8, 0xf, 0xf8, 0x2, 0xf8,
    0x7, 0x0, 0xbf, 0x0, 0x0, 0x0, 0x0, 0x0,
    0x0,

    /* U+5C3D "尽" */
    0x3, 0xff, 0xff, 0xff, 0xfc, 0x0, 0x3f, 0xff,
    0xff, 0xff, 0xc0, 0x3, 0xd0, 0x0, 0x0, 0x7c,
    0x0, 0x3c, 0x0, 0x0, 0x3, 0xc0, 0x3, 0xd0,
    0x0, 0x0, 0x7c, 0x0, 0x3f, 0xff, 0xff, 0xff,
    0xc0, 0x3, 0xff, 0xff, 0xff, 0xfc, 0x0, 0x3c,
    0x0, 0x0, 0xf0, 0x0, 0x3, 0xc0, 0x0, 0xf,
    0x40, 0x0, 0x3c, 0x2e, 0x40, 0xb8, 0x0, 0x3,
    0xc2, 0xff, 0x7, 0xc0, 0x0, 0x7c, 0x2, 0xfe,
    0x3e, 0x0, 0xb, 0x80, 0x3, 0xf1, 0xf4, 0x0,
    0xf4, 0x0, 0x4, 0xb, 0xd0, 0x1f, 0x1e, 0x40,
    0x0, 0x3f, 0x43, 0xe3, 0xff, 0x80, 0x0, 0xfc,
    0xbc, 0x6, 0xff, 0xd0, 0x3, 0x2, 0x40, 0x1,
    0xff, 0xd0, 0x0, 0x0, 0x0, 0x0, 0xbe, 0x0,
    0x0, 0x0, 0x0, 0x0, 0x80, 0x0,

    /* U+5C4F "屏" */
    0x3, 0xff, 0xff, 0xff, 0xff, 0x0, 0xff, 0xff,
    0xff, 0xff, 0xc0, 0x3c, 0x0, 0x0, 0x1, 0xf0,
    0xf, 0xff, 0xff, 0xff, 0xfc, 0x3, 0xff, 0xff,
    0xff, 0xff, 0x0, 0xf0, 0x8, 0x0, 0x64, 0x0,
    0x3c, 0xf, 0x40, 0x2f, 0x0, 0xf, 0x1, 0xf0,
    0x1f, 0x40, 0x3, 0xcf, 0xff, 0xff, 0xff, 0x0,
    0xf3, 0xff, 0xff, 0xff, 0xc0, 0x7c, 0x3, 0xc0,
    0x3c, 0x0, 0x1e, 0x0, 0xf0, 0xf, 0x0, 0xb,
    0xbf, 0xff, 0xff, 0xff, 0xc3, 0xdf, 0xff, 0xff,
    0xff, 0xf0, 0xf0, 0xf, 0x80, 0x3c, 0x0, 0x7c,
    0x7, 0xd0, 0xf, 0x0, 0x3f, 0xb, 0xf0, 0x3,
    0xc0, 0xf, 0x4b, 0xf0, 0x0, 0xf0, 0x0, 0xc0,
    0xe0, 0x0, 0x3c, 0x0, 0x0, 0x0, 0x0, 0x0,
    0x0,

    /* U+5CF0 "峰" */
    0x0, 0x0, 0x0, 0x0, 0x0, 0x0, 0xf, 0x0,
    0xf, 0x40, 0x0, 0x0, 0xf0, 0x2, 0xff, 0xfd,
    0x2, 0x8f, 0x24, 0xbf, 0xff, 0xd0, 0x3c, 0xf3,
    0xaf, 0xc0, 0x7c, 0x3, 0xcf, 0x3a, 0xff, 0x6f,
    0x40, 0x3c, 0xf3, 0x84, 0xbf, 0xd0, 0x3, 0xcf,
    0x38, 0x6f, 0xff, 0x94, 0x3c, 0xf3, 0xff, 0xf6,
    0xff, 0xc3, 0xcf, 0x3b, 0xe5, 0xe1, 0xb8, 0x3c,
    0xf3, 0x90, 0x1f, 0x0, 0x3, 0xcf, 0x39, 0xff,
    0xff, 0xf0, 0x3c, 0xf3, 0x9f, 0xff, 0xff, 0x3,
    0xcf, 0x38, 0x1, 0xf0, 0x0, 0x3c, 0xf3, 0x8f,
    0xff, 0xfe, 0x3, 0xcf, 0x38, 0xff, 0xff, 0xe0,
    0x3d, 0xfb, 0x80, 0x1f, 0x0, 0x3, 0xff, 0xfb,
    0xff, 0xff, 0xf8, 0x1a, 0x57, 0x7f, 0xff, 0xff,
    0x80, 0x0, 0x0, 0x1, 0xf0, 0x0, 0x0, 0x0,
    0x0, 0x1f, 0x0, 0x0,

    /* U+5DE5 "工" */
    0x3f, 0xff, 0xff, 0xff, 0xf4, 0x3f, 0xff, 0xff,
    0xff, 0xf4, 0x0, 0x0, 0xbc, 0x0, 0x0, 0x0,
    0x0, 0x7c, 0x0, 0x0, 0x0, 0x0, 0x7c, 0x0,
    0x0, 0x0, 0x0, 0x7c, 0x0, 0x0, 0x0, 0x0,
    0x7c, 0x0, 0x0, 0x0, 0x0, 0x7c, 0x0, 0x0,
    0x0, 0x0, 0x7c, 0x0, 0x0, 0x0, 0x0, 0x7c,
    0x0, 0x0, 0x0, 0x0, 0x7c, 0x0, 0x0, 0x0,
    0x0, 0x7c, 0x0, 0x0, 0x0, 0x0, 0x7c, 0x0,
    0x0, 0x0, 0x0, 0x7c, 0x0, 0x0, 0x0, 0x0,
    0x7c, 0x0, 0x0, 0x0, 0x0, 0x7c, 0x0, 0x0,
    0xff, 0xff, 0xff, 0xff, 0xfd, 0xff, 0xff, 0xff,
    0xff, 0xfd, 0x0, 0x0, 0x0, 0x0, 0x0,

    /* U+5DE6 "左" */
    0x0, 0x0, 0x0, 0x0, 0x0, 0x0, 0x1, 0xf0,
    0x0, 0x0, 0x0, 0x2, 0xe0, 0x0, 0x0, 0x0,
    0x3, 0xe0, 0x0, 0x0, 0x7f, 0xff, 0xff, 0xff,
    0xff, 0x7f, 0xff, 0xff, 0xff, 0xff, 0x0, 0xb,
    0xc0, 0x0, 0x0, 0x0, 0xf, 0x80, 0x0, 0x0,
    0x0, 0x1f, 0x0, 0x0, 0x0, 0x0, 0x2f, 0x0,
    0x0, 0x0, 0x0, 0x3e, 0x0, 0x0, 0x0, 0x0,
    0xbf, 0xff, 0xff, 0xf4, 0x0, 0xff, 0xff, 0xff,
    0xf4, 0x3, 0xf0, 0x3, 0xd0, 0x0, 0xb, 0xd0,
    0x3, 0xd0, 0x0, 0x1f, 0xc0, 0x3, 0xd0, 0x0,
    0x7f, 0x0, 0x3, 0xd0, 0x0, 0xfc, 0x0, 0x3,
    0xd0, 0x0, 0x74, 0x0, 0x3, 0xd0, 0x0, 0x0,
    0xff, 0xff, 0xff, 0xff, 0x0, 0xff, 0xff, 0xff,
    0xff,

    /* U+5DF2 "已" */
    0x7f, 0xff, 0xff, 0xff, 0xd0, 0x7f, 0xff, 0xff,
    0xff, 0xd0, 0x0, 0x0, 0x0, 0x3, 0xd0, 0x0,
    0x0, 0x0, 0x3, 0xd0, 0xf, 0x0, 0x0, 0x3,
    0xd0, 0xf, 0x0, 0x0, 0x3, 0xd0, 0xf, 0x0,
    0x0, 0x3, 0xd0, 0xf, 0xff, 0xff, 0xff, 0xd0,
    0xf, 0xff, 0xff, 0xff, 0xd0, 0xf, 0x0, 0x0,
    0x0, 0x0, 0xf, 0x0, 0x0, 0x0, 0x0, 0xf,
    0x0, 0x0, 0x0, 0x0, 0xf, 0x0, 0x0, 0x0,
    0x2d, 0xf, 0x0, 0x0, 0x0, 0x2e, 0xf, 0x0,
    0x0, 0x0, 0x3e, 0xf, 0x0, 0x0, 0x0, 0x3d,
    0xf, 0xff, 0xff, 0xff, 0xfc, 0x7, 0xff, 0xff,
    0xff, 0xf4, 0x0, 0x0, 0x0, 0x0, 0x0,

    /* U+5E26 "带" */
    0x0, 0x0, 0x0, 0x0, 0x0, 0x3, 0xc0, 0x7c,
    0xb, 0x80, 0x3, 0xc0, 0x7c, 0xb, 0x80, 0xff,
    0xff, 0xff, 0xff, 0xff, 0xff, 0xff, 0xff, 0xff,
    0xff, 0x3, 0xd0, 0x7c, 0xb, 0x80, 0x3, 0xc0,
    0x7c, 0xb, 0x80, 0x0, 0x0, 0x14, 0x0, 0x0,
    0xbf, 0xff, 0xff, 0xff, 0xfd, 0xbf, 0xff, 0xff,
    0xff, 0xfd, 0xb8, 0x0, 0x7c, 0x0, 0x3d, 0xb8,
    0x0, 0x7c, 0x0, 0x3d, 0x67, 0xff, 0xff, 0xff,
    0x94, 0x3, 0xff, 0xff, 0xff, 0x80, 0x3, 0xd0,
    0x7c, 0xb, 0x80, 0x3, 0xd0, 0x7c, 0xb, 0x80,
    0x3, 0xd0, 0x7c, 0xb, 0x80, 0x3, 0xd0, 0x7c,
    0xf, 0x80, 0x3, 0xd0, 0x7c, 0xff, 0x40, 0x3,
    0xd0, 0x7c, 0xbe, 0x0, 0x0, 0x0, 0x7c, 0x0,
    0x0,

    /* U+5E38 "常" */
    0x0, 0x40, 0x3d, 0x2, 0x40, 0x3, 0xd0, 0x3d,
    0xb, 0xd0, 0x1, 0xf0, 0x3d, 0xf, 0x80, 0x3f,
    0xff, 0xff, 0xff, 0xff, 0x3f, 0xff, 0xff, 0xff,
    0xff, 0x3c, 0x0, 0x0, 0x0, 0xf, 0x3c, 0xff,
    0xff, 0xff, 0xf, 0x3c, 0xff, 0xff, 0xff, 0xf,
    0x0, 0xf0, 0x0, 0xf, 0x0, 0x0, 0xf0, 0x0,
    0xf, 0x0, 0x0, 0xff, 0xff, 0xff, 0x0, 0x0,
    0xff, 0xff, 0xff, 0x0, 0x0, 0x0, 0x3d, 0x0,
    0x0, 0xf, 0xff, 0xff, 0xff, 0xf8, 0xf, 0xff,
    0xff, 0xff, 0xf8, 0xf, 0x0, 0x3d, 0x0, 0xf8,
    0xf, 0x0, 0x3d, 0x0, 0xf8, 0xf, 0x0, 0x3d,
    0xf, 0xf8, 0xf, 0x0, 0x3d, 0xf, 0xf0, 0x1,
    0x0, 0x3d, 0x0, 0x0,

    /* U+5E73 "平" */
    0x3f, 0xff, 0xff, 0xff, 0xfc, 0x3f, 0xff, 0xff,
    0xff, 0xfc, 0x0, 0x0, 0xbc, 0x0, 0x0, 0x2,
    0x40, 0x7c, 0x1, 0x80, 0xf, 0xc0, 0x7c, 0x3,
    0xe0, 0x7, 0xd0, 0x7c, 0x7, 0xc0, 0x3, 0xe0,
    0x7c, 0xf, 0x80, 0x1, 0xf0, 0x7c, 0x1f, 0x0,
    0x0, 0xd0, 0x7c, 0xa, 0x0, 0x0, 0x0, 0xbc,
    0x0, 0x0, 0xff, 0xff, 0xff, 0xff, 0xfe, 0xff,
    0xff, 0xff, 0xff, 0xfe, 0x0, 0x0, 0x7c, 0x0,
    0x0, 0x0, 0x0, 0x7c, 0x0, 0x0, 0x0, 0x0,
    0x7c, 0x0, 0x0, 0x0, 0x0, 0x7c, 0x0, 0x0,
    0x0, 0x0, 0x7c, 0x0, 0x0, 0x0, 0x0, 0x7c,
    0x0, 0x0, 0x0, 0x0, 0x7c, 0x0, 0x0,

    /* U+5E76 "并" */
    0x0, 0x0, 0x0, 0x0, 0x0, 0x0, 0x78, 0x0,
    0x1f, 0x0, 0x0, 0xbc, 0x0, 0x3f, 0x0, 0x0,
    0x3e, 0x0, 0x7e, 0x0, 0x0, 0x2e, 0x0, 0xbc,
    0x0, 0x3f, 0xff, 0xff, 0xff, 0xfc, 0x3f, 0xff,
    0xff, 0xff, 0xfc, 0x0, 0x2f, 0x0, 0x7c, 0x0,
    0x0, 0x2f, 0x0, 0x7c, 0x0, 0x0, 0x2f, 0x0,
    0x7c, 0x0, 0x0, 0x2e, 0x0, 0x7c, 0x0, 0x0,
    0x2e, 0x0, 0x7c, 0x0, 0xff, 0xff, 0xff, 0xff,
    0xff, 0xff, 0xff, 0xff, 0xff, 0xff, 0x0, 0x3c,
    0x0, 0x7c, 0x0, 0x0, 0xbc, 0x0, 0x7c, 0x0,
    0x0, 0xf8, 0x0, 0x7c, 0x0, 0x3, 0xf0, 0x0,
    0x7c, 0x0, 0x1f, 0xd0, 0x0, 0x7c, 0x0, 0x7f,
    0x40, 0x0, 0x7c, 0x0, 0x2d, 0x0, 0x0, 0x7c,
    0x0, 0x0, 0x0, 0x0, 0x0, 0x0,

    /* U+5E8F "序" */
    0x0, 0x0, 0x1a, 0x0, 0x0, 0x0, 0x0, 0x7,
    0xd0, 0x0, 0x0, 0xff, 0xff, 0xff, 0xff, 0xf0,
    0x3f, 0xff, 0xff, 0xff, 0xfc, 0xf, 0x0, 0x0,
    0x0, 0x0, 0x3, 0xc3, 0xff, 0xff, 0xfc, 0x0,
    0xf0, 0xff, 0xff, 0xff, 0x0, 0x3c, 0x0, 0x40,
    0x2f, 0x0, 0xf, 0x0, 0xbd, 0x3f, 0x0, 0x3,
    0xc0, 0xb, 0xfe, 0x0, 0x0, 0xf0, 0x0, 0x7f,
    0x40, 0x0, 0x3d, 0xff, 0xff, 0xff, 0xfc, 0x1f,
    0x7f, 0xff, 0xff, 0xfe, 0x7, 0x80, 0x0, 0xf0,
    0xf, 0x2, 0xe0, 0x0, 0x3c, 0xf, 0x80, 0xf4,
    0x0, 0xf, 0xb, 0x80, 0x3c, 0x0, 0x3, 0xc0,
    0x40, 0x2f, 0x0, 0x0, 0xf0, 0x0, 0xb, 0x40,
    0x2f, 0xfc, 0x0, 0x0, 0x80, 0x7, 0xfd, 0x0,
    0x0,

    /* U+5E94 "应" */
    0x0, 0x0, 0x0, 0x0, 0x0, 0x0, 0x0, 0xf,
    0x80, 0x0, 0x0, 0x0, 0x2, 0xf0, 0x0, 0x0,
    0x3f, 0xff, 0xff, 0xff, 0xfc, 0xf, 0xff, 0xff,
    0xff, 0xff, 0x3, 0xc0, 0x0, 0x0, 0x0, 0x0,
    0xf0, 0x0, 0x40, 0x0, 0x0, 0x3c, 0x0, 0xf4,
    0x2, 0x90, 0xf, 0x1c, 0x2e, 0x0, 0xf4, 0x3,
    0xcf, 0x47, 0xc0, 0x3c, 0x0, 0xf2, 0xe0, 0xf0,
    0x1f, 0x0, 0x3c, 0x3c, 0x3d, 0xf, 0x80, 0x1f,
    0xf, 0x4b, 0x83, 0xd0, 0x7, 0xc2, 0xe1, 0xf1,
    0xf0, 0x2, 0xe0, 0x7c, 0x3c, 0xbc, 0x0, 0xb8,
    0xf, 0x0, 0x3d, 0x0, 0x3d, 0x1, 0x0, 0x1f,
    0x0, 0xf, 0x0, 0x0, 0xb, 0x80, 0xb, 0xcf,
    0xff, 0xff, 0xff, 0xf2, 0xe3, 0xff, 0xff, 0xff,
    0xfc, 0x14, 0x0, 0x0, 0x0, 0x0, 0x0, 0x0,
    0x0, 0x0, 0x0, 0x0,

    /* U+5EA6 "度" */
    0x0, 0x0, 0x15, 0x0, 0x0, 0x0, 0x0, 0xb,
    0xc0, 0x0, 0x0, 0xff, 0xff, 0xff, 0xff, 0xf0,
    0x3f, 0xff, 0xff, 0xff, 0xfc, 0xf, 0x0, 0x0,
    0x0, 0x0, 0x3, 0xc0, 0xf0, 0x3, 0xc0, 0x0,
    0xff, 0xff, 0xff, 0xff, 0xf0, 0x3f, 0xff, 0xff,
    0xff, 0xfc, 0xf, 0x3, 0xc0, 0xf, 0x0, 0x3,
    0xc0, 0xf0, 0x3, 0xc0, 0x0, 0xf0, 0x3f, 0xff,
    0xf0, 0x0, 0x3c, 0xf, 0xff, 0xfc, 0x0, 0x1f,
    0x0, 0x0, 0x0, 0x0, 0x7, 0xcf, 0xff, 0xff,
    0xfc, 0x2, 0xe3, 0xff, 0xff, 0xfe, 0x0, 0xb8,
    0x1f, 0x40, 0x7f, 0x0, 0x3d, 0x1, 0xf8, 0xbf,
    0x0, 0xf, 0x0, 0xf, 0xfe, 0x0, 0x7, 0xc0,
    0x1f, 0xff, 0xd0, 0x3, 0xd7, 0xff, 0xe6, 0xff,
    0xf8, 0x30, 0xfe, 0x40, 0x6, 0xff, 0x0, 0x10,
    0x0, 0x0, 0x1, 0x0,

    /* U+5EF6 "延" */
    0x0, 0x0, 0x0, 0x0, 0x19, 0x1, 0xff, 0xf0,
    0x1, 0xbf, 0xf0, 0x1f, 0xff, 0x3f, 0xff, 0xf9,
    0x0, 0x3, 0xe1, 0xfe, 0xf0, 0x0, 0x0, 0xbc,
    0x0, 0xf, 0x0, 0x0, 0x1f, 0x0, 0x0, 0xf0,
    0x0, 0x3, 0xd0, 0xa, 0xf, 0x0, 0x0, 0xff,
    0xf0, 0xf0, 0xff, 0xf0, 0xf, 0xff, 0xf, 0xf,
    0xfe, 0x0, 0x0, 0xf0, 0xf0, 0xf0, 0x0, 0x0,
    0xf, 0xf, 0xf, 0x0, 0x1, 0xf0, 0xf0, 0xf0,
    0xf0, 0x0, 0xf, 0x1e, 0xf, 0xf, 0x0, 0x0,
    0xbf, 0xd0, 0xf0, 0xf4, 0x0, 0x3, 0xfc, 0xf,
    0xff, 0xff, 0x80, 0x2f, 0xc0, 0xff, 0xff, 0xf8,
    0x2, 0xfe, 0x0, 0x0, 0x0, 0x0, 0xbe, 0xff,
    0x94, 0x0, 0x0, 0x3f, 0x42, 0xff, 0xff, 0xff,
    0xd1, 0xd0, 0x1, 0x6b, 0xff, 0xfc, 0x0, 0x0,
    0x0, 0x0, 0x0, 0x0,

    /* U+5EFA "建" */
    0x0, 0x0, 0x0, 0xf0, 0x0, 0xf, 0xfe, 0x1f,
    0xff, 0xff, 0x3, 0xff, 0x87, 0xff, 0xff, 0xc0,
    0x7, 0xd0, 0x3, 0xc0, 0xf0, 0x2, 0xe2, 0xff,
    0xff, 0xff, 0x1, 0xf0, 0xbf, 0xff, 0xff, 0xc1,
    0xf4, 0x0, 0xf, 0x3, 0xc0, 0xff, 0xf1, 0xff,
    0xff, 0xf0, 0x3f, 0xfc, 0x7f, 0xff, 0xfc, 0x0,
    0x1f, 0x0, 0x3c, 0x0, 0x0, 0x47, 0xcf, 0xff,
    0xff, 0xc0, 0xf1, 0xe3, 0xff, 0xff, 0xf0, 0x2e,
    0xf4, 0x0, 0xf0, 0x0, 0x7, 0xfc, 0xbf, 0xff,
    0xff, 0xc0, 0xff, 0x2f, 0xff, 0xff, 0xf0, 0x1f,
    0x80, 0x3, 0xc0, 0x0, 0xf, 0xf4, 0x0, 0xf0,
    0x0, 0xb, 0xff, 0xe4, 0x0, 0x0, 0x7, 0xf2,
    0xff, 0xff, 0xff, 0xf4, 0xb0, 0x6, 0xbf, 0xff,
    0xfc, 0x0, 0x0, 0x0, 0x0, 0x0, 0x0,

    /* U+5F00 "开" */
    0x2f, 0xff, 0xff, 0xff, 0xfc, 0x2f, 0xff, 0xff,
    0xff, 0xfc, 0x0, 0x3e, 0x0, 0x3e, 0x0, 0x0,
    0x2e, 0x0, 0x3d, 0x0, 0x0, 0x2e, 0x0, 0x3d,
    0x0, 0x0, 0x2e, 0x0, 0x3d, 0x0, 0x0, 0x2e,
    0x0, 0x3d, 0x0, 0xbf, 0xff, 0xff, 0xff, 0xff,
    0xbf, 0xff, 0xff, 0xff, 0xff, 0x0, 0x3d, 0x0,
    0x3e, 0x0, 0x0, 0x3c, 0x0, 0x3d, 0x0, 0x0,
    0x7c, 0x0, 0x3d, 0x0, 0x0, 0xbc, 0x0, 0x3d,
    0x0, 0x0, 0xf8, 0x0, 0x3d, 0x0, 0x1, 0xf4,
    0x0, 0x3d, 0x0, 0x3, 0xf0, 0x0, 0x3d, 0x0,
    0x1f, 0xc0, 0x0, 0x3d, 0x0, 0x3f, 0x40, 0x0,
    0x3d, 0x0, 0x2d, 0x0, 0x0, 0x3d, 0x0, 0x0,
    0x0, 0x0, 0x0, 0x0,

    /* U+5F0F "式" */
    0x0, 0x0, 0x7, 0xc1, 0xc0, 0x0, 0x0, 0x1,
    0xf0, 0xf8, 0x0, 0x0, 0x0, 0x3c, 0x1f, 0x0,
    0x0, 0x0, 0x1f, 0x43, 0xd0, 0x7f, 0xff, 0xff,
    0xff, 0xff, 0x1f, 0xff, 0xff, 0xff, 0xff, 0xc0,
    0x0, 0x0, 0x3d, 0x0, 0x0, 0x0, 0x0, 0xf,
    0x80, 0x0, 0x0, 0x0, 0x3, 0xe0, 0x0, 0xf,
    0xff, 0xfc, 0xbc, 0x0, 0x3, 0xff, 0xff, 0x2f,
    0x0, 0x0, 0x2, 0xe0, 0x7, 0xc0, 0x0, 0x0,
    0xb8, 0x0, 0xf4, 0x0, 0x0, 0x2e, 0x0, 0x3f,
    0x0, 0x0, 0xb, 0x80, 0xb, 0xc0, 0x80, 0x2,
    0xf6, 0xf0, 0xf8, 0x3c, 0x1b, 0xff, 0xfc, 0x2f,
    0x1f, 0x1f, 0xff, 0x90, 0x3, 0xff, 0x82, 0x90,
    0x0, 0x0, 0x7f, 0xd0, 0x0, 0x0, 0x0, 0x7,
    0xe0, 0x0, 0x0, 0x0, 0x0, 0x0, 0x0,

    /* U+5F3A "强" */
    0x7f, 0xfc, 0x3f, 0xff, 0xfc, 0x1f, 0xff, 0xf,
    0xff, 0xff, 0x0, 0x3, 0xc3, 0xc0, 0x3, 0xc0,
    0x0, 0xf0, 0xf0, 0x0, 0xf0, 0x0, 0x7c, 0x3f,
    0xff, 0xfc, 0xf, 0xff, 0xf, 0xff, 0xff, 0x3,
    0xea, 0x80, 0x3, 0xc0, 0x0, 0xf0, 0x3, 0xff,
    0xff, 0xf8, 0x3c, 0x0, 0xff, 0xff, 0xfe, 0x1f,
    0xaa, 0x3d, 0xf, 0x7, 0x87, 0xff, 0xdf, 0x43,
    0xc1, 0xe0, 0x0, 0xf3, 0xff, 0xff, 0xf8, 0x0,
    0x3c, 0xff, 0xff, 0xfe, 0x0, 0xf, 0x0, 0xf,
    0x6, 0x0, 0x3, 0xc0, 0x3, 0xc3, 0xc0, 0x0,
    0xf0, 0x0, 0xf5, 0xf8, 0x0, 0xbc, 0x6a, 0xff,
    0xff, 0xb, 0xfe, 0x3f, 0xff, 0xfb, 0xc1, 0xfe,
    0xa, 0x95, 0x0, 0xf4, 0x0, 0x0, 0x0, 0x0,
    0x0,

    /* U+5F52 "归" */
    0x0, 0x3c, 0x0, 0x0, 0x0, 0x0, 0x3c, 0x6a,
    0xaa, 0xa8, 0x3c, 0x3c, 0xbf, 0xff, 0xfd, 0x3c,
    0x3c, 0x6a, 0xaa, 0xbd, 0x3c, 0x3c, 0x0, 0x0,
    0x3d, 0x3c, 0x3c, 0x0, 0x0, 0x3d, 0x3c, 0x3c,
    0x0, 0x0, 0x3d, 0x3c, 0x3c, 0x0, 0x0, 0x3d,
    0x3c, 0x3c, 0x15, 0x55, 0x7d, 0x3c, 0x3c, 0x3f,
    0xff, 0xfd, 0x3c, 0x3c, 0x3f, 0xff, 0xfd, 0x3c,
    0x3c, 0x0, 0x0, 0x3d, 0x3c, 0x3c, 0x0, 0x0,
    0x3d, 0x0, 0x7c, 0x0, 0x0, 0x3d, 0x0, 0xb8,
    0x0, 0x0, 0x3d, 0x0, 0xf0, 0x0, 0x0, 0x3d,
    0x2, 0xe0, 0x0, 0x0, 0x3d, 0x7, 0xc0, 0xff,
    0xff, 0xfd, 0x1f, 0x40, 0xff, 0xff, 0xfd, 0x2d,
    0x0, 0x0, 0x0, 0x3d, 0x0, 0x0, 0x0, 0x0,
    0x0,

    /* U+5F53 "当" */
    0x0, 0x0, 0xf4, 0x0, 0x0, 0x80, 0xf, 0x40,
    0x34, 0x7d, 0x0, 0xf4, 0x7, 0xc2, 0xf0, 0xf,
    0x40, 0xf8, 0xf, 0xc0, 0xf4, 0x2f, 0x0, 0x74,
    0xf, 0x42, 0xd0, 0x0, 0x0, 0xf4, 0x4, 0xb,
    0xff, 0xff, 0xff, 0xfd, 0xbf, 0xff, 0xff, 0xff,
    0xd0, 0x0, 0x0, 0x0, 0x3d, 0x0, 0x0, 0x0,
    0x3, 0xd0, 0x0, 0x0, 0x0, 0x3d, 0x2f, 0xff,
    0xff, 0xff, 0xd2, 0xff, 0xff, 0xff, 0xfd, 0x0,
    0x0, 0x0, 0x3, 0xd0, 0x0, 0x0, 0x0, 0x3d,
    0x0, 0x0, 0x0, 0x3, 0xdb, 0xff, 0xff, 0xff,
    0xfd, 0xbf, 0xff, 0xff, 0xff, 0xd0, 0x0, 0x0,
    0x0, 0x3d,

    /* U+5F55 "录" */
    0x7, 0xff, 0xff, 0xff, 0x0, 0x1, 0xff, 0xff,
    0xff, 0xc0, 0x0, 0x0, 0x0, 0x1, 0xf0, 0x0,
    0xb, 0xff, 0xff, 0xfc, 0x0, 0x2, 0xff, 0xff,
    0xff, 0x0, 0x0, 0x0, 0x0, 0x3, 0xc0, 0x0,
    0x0, 0x0, 0x1, 0xf0, 0x0, 0xff, 0xff, 0xff,
    0xff, 0xfc, 0x3f, 0xff, 0xff, 0xff, 0xff, 0x0,
    0x80, 0xf, 0x0, 0x34, 0x0, 0xfc, 0x3, 0xc0,
    0x3f, 0x0, 0xf, 0xc1, 0xf8, 0x7f, 0x0, 0x0,
    0xa2, 0xff, 0xfe, 0x0, 0x0, 0x7, 0xff, 0xfe,
    0x0, 0x0, 0xb, 0xe3, 0xcb, 0xf4, 0x0, 0x2f,
    0xd0, 0xf0, 0x7f, 0xd0, 0x3f, 0x80, 0x3c, 0x2,
    0xff, 0xf, 0x3, 0xff, 0x0, 0xb, 0x40, 0x0,
    0xbf, 0x80, 0x0, 0x0,

    /* U+5F62 "形" */
    0x0, 0x0, 0x0, 0x0, 0x10, 0x2f, 0xff, 0xff,
    0x80, 0x2e, 0xb, 0xff, 0xff, 0xe0, 0x3f, 0x40,
    0x2f, 0xf, 0x80, 0xbf, 0x40, 0xb, 0xc2, 0xe1,
    0xfe, 0x0, 0x2, 0xf0, 0xb8, 0x38, 0x0, 0x0,
    0xbc, 0x2e, 0x0, 0x0, 0xc0, 0x2f, 0xb, 0x80,
    0x1, 0xfc, 0xff, 0xff, 0xff, 0x2, 0xfc, 0x3f,
    0xff, 0xff, 0xcb, 0xf8, 0x0, 0xb8, 0x3e, 0x7,
    0xf4, 0x0, 0x3e, 0xb, 0x80, 0xd0, 0x0, 0xf,
    0x42, 0xe0, 0x0, 0xb, 0x3, 0xd0, 0xb8, 0x0,
    0xb, 0xd0, 0xf0, 0x2e, 0x0, 0xb, 0xe0, 0xbc,
    0xb, 0x80, 0xb, 0xe0, 0x3e, 0x2, 0xe0, 0x1f,
    0xd0, 0x1f, 0x0, 0xb8, 0x2f, 0xd0, 0xb, 0xc0,
    0x2e, 0x1f, 0xc0, 0x0, 0x80, 0xb, 0x83, 0x40,
    0x0, 0x0, 0x0, 0x0, 0x0, 0x0, 0x0,

    /* U+5F80 "往" */
    0x0, 0x40, 0x1, 0x80, 0x0, 0x0, 0x7c, 0x0,
    0xf8, 0x0, 0x0, 0x3e, 0x0, 0x1f, 0x0, 0x0,
    0x3f, 0x0, 0x3, 0xe0, 0x0, 0x3f, 0x3, 0xff,
    0xff, 0xff, 0x3f, 0x0, 0xff, 0xff, 0xff, 0xcb,
    0x7, 0x80, 0xb, 0x80, 0x0, 0x3, 0xd0, 0x2,
    0xe0, 0x0, 0x3, 0xe0, 0x0, 0xb8, 0x0, 0x3,
    0xf0, 0x0, 0x2e, 0x0, 0x3, 0xfc, 0x1f, 0xff,
    0xff, 0xd2, 0xff, 0x7, 0xff, 0xff, 0xf4, 0x23,
    0xc0, 0x0, 0xb8, 0x0, 0x0, 0xf0, 0x0, 0x2e,
    0x0, 0x0, 0x3c, 0x0, 0xb, 0x80, 0x0, 0xf,
    0x0, 0x2, 0xe0, 0x0, 0x3, 0xc0, 0x0, 0xb8,
    0x0, 0x0, 0xf0, 0x0, 0x2e, 0x0, 0x0, 0x3c,
    0xff, 0xff, 0xff, 0xf4, 0xf, 0x3f, 0xff, 0xff,
    0xfd,

    /* U+5F84 "径" */
    0x0, 0x90, 0x0, 0x0, 0x0, 0x0, 0xbc, 0x3f,
    0xff, 0xfc, 0x0, 0x7d, 0xf, 0xff, 0xff, 0x0,
    0x3e, 0x0, 0x0, 0x1f, 0x40, 0x7f, 0x0, 0x0,
    0xf, 0xc0, 0x3f, 0x0, 0x0, 0xf, 0xc0, 0xa,
    0xb, 0x80, 0x1f, 0xf8, 0x0, 0x7, 0xc0, 0x7f,
    0xdf, 0xd0, 0x3, 0xe2, 0xff, 0x40, 0xbe, 0x3,
    0xf0, 0xbd, 0x0, 0x7, 0x87, 0xfc, 0x4, 0x0,
    0x0, 0x2, 0xff, 0x3, 0xff, 0xff, 0xf0, 0x53,
    0xc0, 0xff, 0xff, 0xfc, 0x0, 0xf0, 0x0, 0x3e,
    0x0, 0x0, 0x3c, 0x0, 0xb, 0x80, 0x0, 0xf,
    0x0, 0x2, 0xe0, 0x0, 0x3, 0xc0, 0x0, 0xb8,
    0x0, 0x0, 0xf0, 0x0, 0x3e, 0x0, 0x0, 0x3c,
    0x3f, 0xff, 0xff, 0xf0, 0xf, 0xf, 0xff, 0xff,
    0xfc,

    /* U+5F85 "待" */
    0x0, 0x0, 0x0, 0x0, 0x0, 0x0, 0x7, 0x80,
    0x2, 0xe0, 0x0, 0x0, 0xf8, 0x0, 0x2e, 0x0,
    0x0, 0x2f, 0x7, 0xff, 0xff, 0xf4, 0xb, 0xd0,
    0x7f, 0xff, 0xff, 0x42, 0xf4, 0x0, 0x2, 0xe0,
    0x0, 0x3d, 0x2d, 0x0, 0x2e, 0x0, 0x2, 0x43,
    0xdf, 0xff, 0xff, 0xfc, 0x0, 0xbc, 0xff, 0xff,
    0xff, 0xc0, 0x2f, 0x0, 0x0, 0x5, 0x0, 0x7,
    0xf0, 0x0, 0x0, 0xf8, 0x2, 0xff, 0xf, 0xff,
    0xff, 0xfc, 0x3e, 0xf0, 0xff, 0xff, 0xff, 0xc1,
    0x4f, 0x0, 0x40, 0xf, 0x80, 0x0, 0xf0, 0x2e,
    0x0, 0xf8, 0x0, 0xf, 0x1, 0xf8, 0xf, 0x80,
    0x0, 0xf0, 0x7, 0xd0, 0xf8, 0x0, 0xf, 0x0,
    0x28, 0xf, 0x80, 0x0, 0xf0, 0x0, 0x0, 0xf8,
    0x0, 0xf, 0x0, 0x7, 0xff, 0x40, 0x0, 0xf0,
    0x0, 0x3f, 0xe0, 0x0, 0x0, 0x0, 0x0, 0x0,
    0x0,

    /* U+5FC3 "心" */
    0x0, 0x0, 0x10, 0x0, 0x0, 0x0, 0x0, 0x3d,
    0x0, 0x0, 0x0, 0x0, 0xb, 0xc0, 0x0, 0x0,
    0x0, 0x0, 0xfc, 0x0, 0x0, 0x0, 0x0, 0xf,
    0x80, 0x0, 0x0, 0x3, 0xc1, 0xf4, 0x0, 0x0,
    0x0, 0xf0, 0x3e, 0x0, 0x0, 0x14, 0x3c, 0x1,
    0xb, 0x80, 0xb, 0x8f, 0x0, 0x1, 0xf0, 0x3,
    0xd3, 0xc0, 0x0, 0x3d, 0x0, 0xf0, 0xf0, 0x0,
    0xb, 0xc0, 0x7c, 0x3c, 0x0, 0x1, 0xf0, 0x2f,
    0xf, 0x0, 0x0, 0x3d, 0xf, 0x83, 0xc0, 0x3,
    0x4b, 0x83, 0xd0, 0xf0, 0x0, 0xf1, 0xf1, 0xf0,
    0x3c, 0x0, 0x3c, 0x3d, 0xb8, 0xf, 0x0, 0xf,
    0xb, 0x9, 0x3, 0xc0, 0xb, 0xc0, 0x0, 0x0,
    0xff, 0xff, 0xe0, 0x0, 0x0, 0x1f, 0xff, 0xf0,
    0x0, 0x0, 0x0, 0x0, 0x0, 0x0, 0x0,

    /* U+5FEB "快" */
    0x1, 0xf0, 0x0, 0xb8, 0x0, 0x0, 0x1f, 0x0,
    0xb, 0x80, 0x0, 0x1, 0xf0, 0x0, 0xb8, 0x0,
    0x0, 0x1f, 0x7, 0xff, 0xff, 0xd0, 0x29, 0xff,
    0x7f, 0xff, 0xfd, 0x3, 0xdf, 0xb0, 0xb, 0xc3,
    0xd0, 0x3d, 0xf7, 0x40, 0xb8, 0x3d, 0x3, 0xdf,
    0x38, 0xb, 0x83, 0xd0, 0x79, 0xf3, 0xc0, 0xb8,
    0x3d, 0x7, 0x9f, 0x0, 0xf, 0x83, 0xe0, 0x25,
    0xf0, 0xff, 0xff, 0xff, 0xc0, 0x1f, 0xf, 0xff,
    0xff, 0xfc, 0x1, 0xf0, 0x1, 0xfe, 0x0, 0x0,
    0x1f, 0x0, 0x3e, 0xf4, 0x0, 0x1, 0xf0, 0x7,
    0xc7, 0xc0, 0x0, 0x1f, 0x0, 0xf8, 0x2f, 0x0,
    0x1, 0xf0, 0x3f, 0x0, 0xfc, 0x0, 0x1f, 0x1f,
    0xc0, 0x3, 0xf4, 0x1, 0xf3, 0xf0, 0x0, 0xf,
    0xc0, 0x1f, 0x18, 0x0, 0x0, 0x24,

    /* U+6001 "态" */
    0x0, 0x0, 0x0, 0x0, 0x0, 0x0, 0x0, 0x1,
    0xf0, 0x0, 0x0, 0x0, 0x0, 0x1f, 0x0, 0x0,
    0x0, 0xff, 0xff, 0xff, 0xff, 0xf0, 0xf, 0xff,
    0xff, 0xff, 0xff, 0x0, 0x0, 0xf, 0xfe, 0x0,
    0x0, 0x0, 0x1, 0xf4, 0xf4, 0x0, 0x0, 0x0,
    0x7f, 0xb, 0xd0, 0x0, 0x0, 0x2f, 0xe0, 0x2f,
    0x80, 0x0, 0x6f, 0xff, 0x80, 0x7f, 0x90, 0x3f,
    0xf8, 0x7e, 0x0, 0xff, 0xc2, 0xf8, 0x1, 0xe0,
    0x1, 0xf4, 0x0, 0x0, 0x4, 0x0, 0x0, 0x0,
    0x0, 0x0, 0x70, 0x0, 0x0, 0x7, 0x8f, 0x4b,
    0x80, 0x7c, 0x0, 0xbc, 0xf4, 0x3d, 0x3, 0xe0,
    0xf, 0x8f, 0x43, 0xe2, 0x5f, 0x1, 0xf0, 0xf4,
    0x4, 0x3c, 0xf8, 0x2f, 0xf, 0x80, 0xb, 0xcb,
    0xc2, 0xd0, 0xff, 0xff, 0xf8, 0x20, 0x0, 0x3,
    0xff, 0xff, 0x0, 0x0,

    /* U+601D "思" */
    0x0, 0xff, 0xff, 0xff, 0xf0, 0x0, 0xf, 0xff,
    0xff, 0xff, 0x0, 0x0, 0xf0, 0xf, 0x0, 0xf0,
    0x0, 0xf, 0x0, 0xf0, 0xf, 0x0, 0x0, 0xff,
    0xff, 0xff, 0xf0, 0x0, 0xf, 0xff, 0xff, 0xff,
    0x0, 0x0, 0xf0, 0xf, 0x0, 0xf0, 0x0, 0xf,
    0x0, 0xf0, 0xf, 0x0, 0x0, 0xff, 0xff, 0xff,
    0xf0, 0x0, 0xf, 0xff, 0xff, 0xff, 0x0, 0x0,
    0x0, 0x1, 0x0, 0x0, 0x0, 0x0, 0x50, 0xf4,
    0x1, 0x40, 0x3, 0xcf, 0x4b, 0xc0, 0xbc, 0x0,
    0x7c, 0xf4, 0x3d, 0x3, 0xd0, 0xb, 0x8f, 0x42,
    0xe2, 0x6f, 0x0, 0xf4, 0xf4, 0x0, 0x3c, 0xf4,
    0x2f, 0xf, 0x80, 0x7, 0xcb, 0xc3, 0xd0, 0xff,
    0xff, 0xf8, 0x20, 0x4, 0x3, 0xff, 0xff, 0x0,
    0x0,

    /* U+6025 "急" */
    0x0, 0x1, 0x40, 0x0, 0x0, 0x0, 0x0, 0x3e,
    0x0, 0x0, 0x0, 0x0, 0xf, 0xff, 0xfe, 0x0,
    0x0, 0x2, 0xff, 0xff, 0xe0, 0x0, 0x0, 0xbe,
    0x0, 0x7c, 0x0, 0x0, 0x3f, 0x80, 0xf, 0x80,
    0x0, 0x1f, 0xff, 0xff, 0xff, 0xf0, 0x2, 0xff,
    0xff, 0xff, 0xff, 0x0, 0x8, 0x0, 0x0, 0x0,
    0xf0, 0x0, 0xb, 0xff, 0xff, 0xff, 0x0, 0x0,
    0xbf, 0xff, 0xff, 0xf0, 0x0, 0x0, 0x0, 0x0,
    0xf, 0x0, 0x1, 0xff, 0xff, 0xff, 0xf0, 0x0,
    0x1f, 0xff, 0xff, 0xff, 0x0, 0x0, 0x0, 0x2,
    0x0, 0x0, 0x0, 0x3d, 0x3c, 0xbc, 0x7, 0xc0,
    0x7, 0xc3, 0xc3, 0xf0, 0x3e, 0x0, 0xbc, 0x3c,
    0xd, 0x3d, 0xf0, 0x1f, 0x43, 0xc0, 0x7, 0xcf,
    0xc2, 0xf0, 0x3f, 0xff, 0xf8, 0x38, 0x4, 0x1,
    0xff, 0xff, 0x0, 0x0,

    /* U+603B "总" */
    0x0, 0x0, 0x0, 0x0, 0x0, 0x0, 0x0, 0x90,
    0x0, 0xa4, 0x0, 0x0, 0x1f, 0x0, 0xf, 0x40,
    0x0, 0x0, 0xbc, 0x2, 0xf0, 0x0, 0x0, 0x7,
    0xd0, 0x7d, 0x0, 0x0, 0xf, 0xff, 0xff, 0xff,
    0x0, 0x0, 0xff, 0xff, 0xff, 0xf0, 0x0, 0xf,
    0x0, 0x0, 0xf, 0x0, 0x0, 0xf0, 0x0, 0x0,
    0xf0, 0x0, 0xf, 0x0, 0x0, 0xf, 0x0, 0x0,
    0xff, 0xff, 0xff, 0xf0, 0x0, 0xf, 0xff, 0xff,
    0xff, 0x0, 0x0, 0x0, 0x1, 0x0, 0x0, 0x0,
    0x0, 0x0, 0xf4, 0x0, 0x80, 0x7, 0xcf, 0x4b,
    0xc0, 0x3d, 0x0, 0xb8, 0xf4, 0x3d, 0x2, 0xf0,
    0xf, 0x4f, 0x42, 0xd3, 0x5f, 0x1, 0xf0, 0xf4,
    0x0, 0x3c, 0xf8, 0x3e, 0xf, 0x80, 0xb, 0xcb,
    0xc2, 0xc0, 0xff, 0xff, 0xf8, 0x10, 0x0, 0x3,
    0xff, 0xff, 0x0, 0x0,

    /* U+6062 "恢" */
    0x0, 0x0, 0x0, 0x0, 0x0, 0x0, 0x1f, 0x0,
    0x78, 0x0, 0x0, 0x1, 0xf0, 0xb, 0x80, 0x0,
    0x0, 0x1f, 0x0, 0xb8, 0x0, 0x0, 0x1, 0xf0,
    0xff, 0xff, 0xff, 0xc2, 0x9f, 0xdf, 0xff, 0xff,
    0xfc, 0x3d, 0xfe, 0x1f, 0x1, 0x40, 0x3, 0xdf,
    0xb2, 0xe0, 0x7c, 0x0, 0x3d, 0xfb, 0x3d, 0x7,
    0xc1, 0x7, 0x9f, 0x17, 0xcf, 0x7c, 0xb4, 0x75,
    0xf0, 0xb9, 0xe7, 0x8f, 0x1, 0x1f, 0xf, 0x6d,
    0xb8, 0xf0, 0x1, 0xf1, 0xf3, 0xcb, 0x9e, 0x0,
    0x1f, 0x3d, 0x78, 0xfe, 0xd0, 0x1, 0xfb, 0xc6,
    0x5f, 0xd0, 0x0, 0x1f, 0xf4, 0x3, 0xef, 0x0,
    0x1, 0xfa, 0x0, 0x7c, 0xb8, 0x0, 0x1f, 0x0,
    0x1f, 0x43, 0xd0, 0x1, 0xf0, 0xb, 0xe0, 0x2f,
    0x40, 0x1f, 0x3, 0xf8, 0x0, 0xbc, 0x1, 0xf0,
    0x1d, 0x0, 0x3, 0x40, 0x0, 0x0, 0x0, 0x0,
    0x0,

    /* U+60E0 "惠" */
    0x0, 0x0, 0x1f, 0x0, 0x0, 0x2, 0xaa, 0xab,
    0xfa, 0xaa, 0xa4, 0x3f, 0xff, 0xff, 0xff, 0xff,
    0x80, 0x0, 0x1, 0xf0, 0x0, 0x0, 0x3, 0xff,
    0xff, 0xff, 0xfc, 0x0, 0x3f, 0xff, 0xff, 0xff,
    0xc0, 0x3, 0xd5, 0x5f, 0x55, 0xbc, 0x0, 0x3f,
    0xff, 0xff, 0xff, 0xc0, 0x3, 0xc0, 0x1f, 0x0,
    0x7c, 0x0, 0x3f, 0xff, 0xff, 0xff, 0xc0, 0x3,
    0xff, 0xff, 0xff, 0xf8, 0x0, 0x0, 0x1, 0xf0,
    0x1f, 0xc0, 0x1f, 0xff, 0xff, 0xff, 0xff, 0x1,
    0xff, 0xff, 0xfa, 0xa6, 0xf4, 0x6, 0x4f, 0xf,
    0x0, 0x74, 0x0, 0xb8, 0xf0, 0xbc, 0x7, 0xd0,
    0xf, 0xf, 0x2, 0xcb, 0x6f, 0x2, 0xf0, 0xf4,
    0x0, 0xf8, 0xf8, 0x3d, 0xf, 0xff, 0xff, 0x47,
    0x40, 0x40, 0x7f, 0xff, 0xe0, 0x0,

    /* U+611F "感" */
    0x0, 0x0, 0x0, 0x3c, 0xb0, 0x0, 0x0, 0x0,
    0xf, 0x2c, 0x0, 0xff, 0xff, 0xff, 0xff, 0xd0,
    0x3f, 0xff, 0xff, 0xff, 0xf4, 0xf, 0x0, 0x0,
    0x3c, 0x0, 0x3, 0xdf, 0xff, 0xdf, 0xe, 0x0,
    0xf3, 0xff, 0xf7, 0xd7, 0x40, 0x3c, 0x0, 0x0,
    0xbb, 0xc0, 0x1f, 0x3f, 0xff, 0x1f, 0xe0, 0xb,
    0x8f, 0xff, 0xc3, 0xf4, 0x3, 0xd3, 0xd0, 0xf0,
    0xfc, 0xb1, 0xf0, 0xff, 0xfc, 0xbf, 0x7c, 0x74,
    0x2f, 0xff, 0xbf, 0xfe, 0x0, 0x1, 0x41, 0xd,
    0x2f, 0x0, 0xa2, 0xf2, 0xf0, 0x1, 0x0, 0x3c,
    0xbc, 0x3e, 0x2, 0xe0, 0x2f, 0x2f, 0x3, 0x8f,
    0x7d, 0xf, 0x4b, 0xc0, 0x7, 0xc7, 0xc7, 0xc1,
    0xff, 0xff, 0xf0, 0xe0, 0x0, 0x2f, 0xff, 0xf4,
    0x0,

    /* U+6210 "成" */
    0x0, 0x0, 0x0, 0x0, 0x0, 0x0, 0x0, 0x0,
    0xf, 0xe, 0x0, 0x0, 0x0, 0x0, 0xf1, 0xf8,
    0x0, 0x0, 0x0, 0xf, 0x3, 0x80, 0x3, 0xff,
    0xff, 0xff, 0xff, 0xc0, 0x3f, 0xff, 0xff, 0xff,
    0xfc, 0x3, 0xd0, 0x0, 0xf4, 0x0, 0x0, 0x3c,
    0x0, 0xf, 0x40, 0x0, 0x3, 0xc0, 0x0, 0xf8,
    0x3d, 0x0, 0x3f, 0xff, 0xb, 0x83, 0xd0, 0x3,
    0xff, 0xf0, 0x7c, 0x7c, 0x0, 0x3c, 0xf, 0x7,
    0xcf, 0x80, 0x3, 0xc0, 0xf0, 0x3f, 0xf0, 0x0,
    0x7c, 0xf, 0x3, 0xfe, 0x0, 0x7, 0xc0, 0xf0,
    0x1f, 0xc0, 0x0, 0xb8, 0x1f, 0x2, 0xf8, 0x34,
    0xf, 0x6f, 0xe0, 0xbf, 0xc3, 0xc0, 0xf1, 0xfc,
    0x2f, 0xfd, 0x3c, 0x2f, 0x0, 0xf, 0xe1, 0xff,
    0x83, 0xd0, 0x7, 0xf8, 0xb, 0xf4, 0x1c, 0x0,
    0x3d, 0x0, 0x2e, 0x0, 0x0, 0x0, 0x0, 0x0,
    0x0,

    /* U+6216 "或" */
    0x0, 0x0, 0x0, 0xf0, 0x50, 0x0, 0x0, 0x0,
    0xf, 0xf, 0x0, 0x0, 0x0, 0x1, 0xf0, 0xf8,
    0x3, 0xff, 0xff, 0xff, 0xff, 0xf8, 0x3f, 0xff,
    0xff, 0xff, 0xff, 0x80, 0x0, 0x0, 0xf, 0x0,
    0x0, 0x0, 0x0, 0x0, 0xf0, 0x0, 0x0, 0xff,
    0xff, 0x8f, 0x2, 0xd0, 0xf, 0xff, 0xf8, 0xf4,
    0x3d, 0x0, 0xf4, 0xb, 0x8f, 0x47, 0xc0, 0xf,
    0x40, 0xb8, 0xf4, 0xf8, 0x0, 0xf4, 0xb, 0x8b,
    0x9f, 0x0, 0xf, 0xff, 0xf8, 0x7f, 0xe0, 0x0,
    0xff, 0xff, 0x83, 0xfc, 0x0, 0x0, 0x0, 0x4,
    0x3f, 0x80, 0x0, 0x5, 0xbf, 0xc3, 0xf0, 0x38,
    0x3f, 0xff, 0xe4, 0xff, 0x87, 0xc2, 0xfa, 0x40,
    0x7f, 0x7e, 0xf8, 0x0, 0x0, 0x1f, 0xc1, 0xff,
    0x0, 0x0, 0x0, 0xe0, 0x7, 0xd0, 0x0, 0x0,
    0x0, 0x0, 0x0, 0x0,

    /* U+624B "手" */
    0x0, 0x0, 0x0, 0x0, 0x40, 0x0, 0x0, 0x15,
    0xaf, 0xf0, 0x1f, 0xff, 0xff, 0xff, 0xe0, 0xf,
    0xff, 0xff, 0x94, 0x0, 0x0, 0x0, 0x2e, 0x0,
    0x0, 0x0, 0x0, 0x2e, 0x0, 0x0, 0x0, 0x0,
    0x2e, 0x0, 0x0, 0xf, 0xff, 0xff, 0xff, 0xf4,
    0xf, 0xff, 0xff, 0xff, 0xf4, 0x0, 0x0, 0x2e,
    0x0, 0x0, 0x0, 0x0, 0x2e, 0x0, 0x0, 0x0,
    0x0, 0x2e, 0x0, 0x0, 0xff, 0xff, 0xff, 0xff,
    0xff, 0xff, 0xff, 0xff, 0xff, 0xff, 0x0, 0x0,
    0x2e, 0x0, 0x0, 0x0, 0x0, 0x2e, 0x0, 0x0,
    0x0, 0x0, 0x2e, 0x0, 0x0, 0x0, 0x0, 0x2e,
    0x0, 0x0, 0x0, 0x0, 0x3e, 0x0, 0x0, 0x0,
    0x2f, 0xfd, 0x0, 0x0, 0x0, 0x1f, 0xf8, 0x0,
    0x0,

    /* U+6253 "打" */
    0x0, 0xf8, 0x0, 0x0, 0x0, 0x0, 0x3e, 0x2,
    0xaa, 0xaa, 0x90, 0xf, 0x81, 0xff, 0xff, 0xf4,
    0x3, 0xe0, 0x7f, 0xff, 0xfd, 0x3f, 0xff, 0xc0,
    0x3, 0xc0, 0xf, 0xff, 0xf0, 0x0, 0xf0, 0x0,
    0xf, 0x80, 0x0, 0x3c, 0x0, 0x3, 0xe0, 0x0,
    0xf, 0x0, 0x0, 0xf8, 0x0, 0x3, 0xc0, 0x0,
    0x3f, 0xf4, 0x0, 0xf0, 0x0, 0x1f, 0xfd, 0x0,
    0x3c, 0x0, 0xff, 0xf4, 0x0, 0xf, 0x0, 0x3f,
    0xf8, 0x0, 0x3, 0xc0, 0x4, 0x3e, 0x0, 0x0,
    0xf0, 0x0, 0xf, 0x80, 0x0, 0x3c, 0x0, 0x3,
    0xe0, 0x0, 0xf, 0x0, 0x0, 0xf8, 0x0, 0x3,
    0xc0, 0x0, 0x3e, 0x0, 0x1, 0xf0, 0x1, 0xff,
    0x40, 0x3f, 0xfc, 0x0, 0x3f, 0x80, 0xb, 0xfd,
    0x0,

    /* U+626B "扫" */
    0x1, 0xf0, 0x0, 0x0, 0x0, 0x0, 0x7c, 0x6,
    0xaa, 0xaa, 0x80, 0x1f, 0x3, 0xff, 0xff, 0xf0,
    0x7, 0xc0, 0xff, 0xff, 0xfc, 0x3f, 0xff, 0x0,
    0x0, 0xf, 0xf, 0xff, 0xc0, 0x0, 0x3, 0xc0,
    0x1f, 0x0, 0x0, 0x0, 0xf0, 0x7, 0xc0, 0x0,
    0x0, 0x3c, 0x1, 0xf0, 0x0, 0x0, 0x1f, 0x0,
    0x7e, 0xd7, 0xff, 0xff, 0xc0, 0x6f, 0xf5, 0xff,
    0xff, 0xf0, 0xff, 0xe0, 0x0, 0x0, 0x3c, 0x3f,
    0xf0, 0x0, 0x0, 0xf, 0x4, 0x7c, 0x0, 0x0,
    0x3, 0xc0, 0x1f, 0x0, 0x0, 0x0, 0xf0, 0x7,
    0xc0, 0x0, 0x0, 0x3c, 0x1, 0xf0, 0x0, 0x0,
    0x1f, 0x0, 0x7c, 0x1f, 0xff, 0xff, 0xc1, 0xff,
    0x7, 0xff, 0xff, 0xf0, 0x3f, 0x40, 0x0, 0x0,
    0x3c,

    /* U+627E "找" */
    0x0, 0x0, 0x0, 0x0, 0x0, 0x0, 0xf, 0x0,
    0x3c, 0x2c, 0x0, 0x1, 0xf0, 0x3, 0xc7, 0xe0,
    0x0, 0x1f, 0x0, 0x3c, 0x2f, 0x0, 0x1, 0xf0,
    0x3, 0xc0, 0x90, 0x3, 0xff, 0xf4, 0x3c, 0x1,
    0xa0, 0x3f, 0xff, 0x43, 0xff, 0xff, 0x0, 0x1f,
    0x7, 0xff, 0xff, 0x90, 0x1, 0xf0, 0x7f, 0xe4,
    0x0, 0x0, 0x1f, 0x5, 0x2e, 0x2, 0x80, 0x1,
    0xff, 0x41, 0xf0, 0x7d, 0x0, 0x2f, 0xf4, 0xf,
    0xf, 0xc0, 0x3f, 0xf8, 0x0, 0xf3, 0xf0, 0x3,
    0xff, 0x0, 0xb, 0xfd, 0x0, 0x11, 0xf0, 0x0,
    0x7f, 0x80, 0x0, 0x1f, 0x0, 0x1f, 0xe0, 0x20,
    0x1, 0xf0, 0xb, 0xfe, 0x7, 0xc0, 0x1f, 0xf,
    0xf9, 0xf4, 0xb8, 0x1, 0xf0, 0xbd, 0xb, 0xef,
    0x41, 0xff, 0x0, 0x0, 0x2f, 0xf0, 0xf, 0xd0,
    0x0, 0x0, 0xbc, 0x0,

    /* U+6298 "折" */
    0x0, 0x0, 0x0, 0x0, 0x0, 0x0, 0x2e, 0x0,
    0x0, 0x1b, 0x80, 0xb, 0x80, 0xff, 0xff, 0xf4,
    0x2, 0xe0, 0x3f, 0xfe, 0x50, 0x1a, 0xfe, 0x8f,
    0x40, 0x0, 0xb, 0xff, 0xf3, 0xd0, 0x0, 0x2,
    0xff, 0xfc, 0xf4, 0x0, 0x0, 0x2, 0xe0, 0x3d,
    0x0, 0x0, 0x0, 0xb8, 0xf, 0xff, 0xff, 0xc0,
    0x2e, 0x13, 0xff, 0xff, 0xf0, 0xb, 0xfc, 0xf4,
    0xf, 0x0, 0x7, 0xff, 0x3c, 0x3, 0xc0, 0x3f,
    0xfd, 0xf, 0x0, 0xf0, 0xb, 0xfe, 0x7, 0xc0,
    0x3c, 0x1, 0x4b, 0x82, 0xf0, 0xf, 0x0, 0x2,
    0xe0, 0xb8, 0x3, 0xc0, 0x0, 0xb8, 0x3d, 0x0,
    0xf0, 0x0, 0x2e, 0x1f, 0x0, 0x3c, 0x0, 0xf,
    0x8f, 0x80, 0xf, 0x0, 0x3f, 0xd7, 0xc0, 0x3,
    0xc0, 0xf, 0xe0, 0x90, 0x0, 0xf0, 0x0,

    /* U+62A4 "护" */
    0x0, 0x0, 0x0, 0x0, 0x0, 0x0, 0x7c, 0x0,
    0x1f, 0x0, 0x0, 0x1f, 0x0, 0x3, 0xd0, 0x0,
    0x7, 0xc0, 0xaa, 0xfe, 0xa8, 0x2, 0xf0, 0x3f,
    0xff, 0xff, 0xf, 0xff, 0xcf, 0xaa, 0xab, 0xc3,
    0xff, 0xf3, 0xc0, 0x0, 0xf0, 0xb, 0xc0, 0xf0,
    0x0, 0x3c, 0x1, 0xf0, 0x3c, 0x0, 0xf, 0x0,
    0x7c, 0xf, 0xff, 0xff, 0xc0, 0x1f, 0xb3, 0xff,
    0xff, 0xf0, 0x1b, 0xfc, 0xf0, 0x0, 0x0, 0x7f,
    0xf8, 0x3c, 0x0, 0x0, 0xf, 0xfc, 0xf, 0x0,
    0x0, 0x1, 0x1f, 0x7, 0xc0, 0x0, 0x0, 0x7,
    0xc2, 0xe0, 0x0, 0x0, 0x1, 0xf0, 0xf4, 0x0,
    0x0, 0x0, 0x7c, 0x3c, 0x0, 0x0, 0x0, 0x2f,
    0x2f, 0x0, 0x0, 0x0, 0xff, 0x8f, 0x40, 0x0,
    0x0, 0x2f, 0xc1, 0xc0, 0x0, 0x0, 0x0, 0x0,
    0x0, 0x0, 0x0, 0x0,

    /* U+62D4 "拔" */
    0x0, 0x0, 0x0, 0x0, 0x0, 0x0, 0x1f, 0x0,
    0x3c, 0x1d, 0x0, 0x2, 0xf0, 0x3, 0xc1, 0xf4,
    0x0, 0x2f, 0x0, 0x3c, 0xb, 0xc0, 0x6, 0xf5,
    0x3, 0xd0, 0x20, 0x3, 0xff, 0xf7, 0xff, 0xff,
    0xfc, 0x2f, 0xff, 0x7f, 0xff, 0xff, 0xc0, 0x2f,
    0x0, 0x3c, 0x0, 0x0, 0x2, 0xf0, 0x7, 0xc0,
    0x0, 0x0, 0x2f, 0x0, 0x7f, 0xff, 0xf0, 0x2,
    0xfb, 0xb, 0xff, 0xff, 0x0, 0x2f, 0xf0, 0xbf,
    0x1, 0xf0, 0x3f, 0xf9, 0xf, 0xf4, 0x2e, 0x3,
    0xff, 0x0, 0xf7, 0xc3, 0xc0, 0x12, 0xf0, 0x1f,
    0x3e, 0xbc, 0x0, 0x2f, 0x3, 0xe1, 0xff, 0x40,
    0x2, 0xf0, 0x3c, 0xb, 0xf0, 0x0, 0x2f, 0xb,
    0x81, 0xff, 0x80, 0x2, 0xf1, 0xf0, 0xbf, 0xbf,
    0x42, 0xfe, 0x3e, 0x3f, 0x82, 0xfc, 0x1f, 0xc0,
    0xc2, 0xd0, 0x3, 0x40, 0x0, 0x0, 0x0, 0x0,
    0x0,

    /* U+62DF "拟" */
    0x2, 0xe0, 0x0, 0x0, 0x0, 0x0, 0xb8, 0x5,
    0x0, 0xf, 0x0, 0x2e, 0x3, 0xc0, 0x3, 0xc0,
    0xb, 0x80, 0xf3, 0xc0, 0xf0, 0x3f, 0xfe, 0x3c,
    0xf4, 0x3c, 0xf, 0xff, 0x8f, 0x1f, 0xf, 0x0,
    0x2e, 0x3, 0xc3, 0xc3, 0xc0, 0xb, 0x80, 0xf0,
    0xb9, 0xf0, 0x2, 0xe0, 0x3c, 0xd, 0x78, 0x0,
    0xbe, 0xcf, 0x0, 0x2d, 0x0, 0x2f, 0xf3, 0xc0,
    0xf, 0x40, 0xff, 0xe0, 0xf0, 0x3, 0xc0, 0x3f,
    0xe0, 0x3c, 0x1, 0xf0, 0x4, 0xb8, 0xf, 0x28,
    0xfc, 0x0, 0x2e, 0x7, 0xff, 0x7f, 0x80, 0xb,
    0x83, 0xfe, 0x3e, 0xf4, 0x2, 0xe0, 0xa4, 0x3f,
    0x2f, 0x0, 0xb8, 0x0, 0x3f, 0x3, 0xd2, 0xfe,
    0x0, 0x2f, 0x40, 0xbc, 0x7f, 0x0, 0x3, 0x40,
    0x8, 0x0, 0x0, 0x0, 0x0, 0x0, 0x0,

    /* U+62E9 "择" */
    0x2, 0xf0, 0x0, 0x0, 0x0, 0x0, 0xbc, 0x1f,
    0xff, 0xff, 0x40, 0x2f, 0x7, 0xff, 0xff, 0xc0,
    0xb, 0xc0, 0x3d, 0x2, 0xf0, 0x3f, 0xff, 0x7,
    0xd1, 0xf4, 0xf, 0xff, 0xc0, 0xbf, 0xf8, 0x0,
    0x2f, 0x0, 0x1f, 0xfc, 0x0, 0xb, 0xc1, 0xbf,
    0xff, 0xf9, 0x2, 0xf0, 0xbf, 0x81, 0xff, 0x80,
    0xbe, 0xc9, 0xa, 0x41, 0x80, 0x2f, 0xf0, 0x3,
    0xd0, 0x1, 0xff, 0xf4, 0xff, 0xff, 0xf4, 0x3f,
    0xf0, 0x3f, 0xff, 0xfd, 0x8, 0xbc, 0x0, 0xf,
    0x40, 0x0, 0x2f, 0x0, 0x3, 0xd0, 0x0, 0xb,
    0xc3, 0xff, 0xff, 0xfe, 0x2, 0xf0, 0xff, 0xff,
    0xff, 0x80, 0xbc, 0x0, 0xf, 0x40, 0x3, 0xfe,
    0x0, 0x3, 0xd0, 0x0, 0xbf, 0x0, 0x0, 0xf4,
    0x0,

    /* U+62FF "拿" */
    0x0, 0x0, 0x7f, 0x0, 0x0, 0x0, 0x0, 0xbf,
    0xf8, 0x0, 0x0, 0x7, 0xfc, 0x1f, 0xe4, 0x0,
    0x6f, 0xff, 0xff, 0xff, 0xe4, 0x7f, 0x9a, 0xaa,
    0xa9, 0xff, 0x5, 0x6a, 0xaa, 0xaa, 0xa1, 0x40,
    0x1f, 0xff, 0xff, 0xfc, 0x0, 0x7, 0x80, 0x0,
    0xf, 0x0, 0x1, 0xff, 0xff, 0xff, 0xc0, 0x0,
    0x15, 0x55, 0x56, 0xa0, 0x0, 0x7f, 0xff, 0xff,
    0xff, 0x0, 0xf, 0xff, 0xff, 0xea, 0x40, 0x1,
    0x55, 0x6f, 0x55, 0x50, 0x2, 0xff, 0xff, 0xff,
    0xfd, 0x0, 0x15, 0x56, 0xf5, 0x55, 0x1, 0xff,
    0xff, 0xff, 0xff, 0xfc, 0x7f, 0xff, 0xff, 0xff,
    0xff, 0x0, 0x0, 0xb, 0x80, 0x0, 0x0, 0x0,
    0xbf, 0xe0, 0x0, 0x0, 0x0, 0x1f, 0xf0, 0x0,
    0x0,

    /* U+6301 "持" */
    0x0, 0x0, 0x0, 0x0, 0x0, 0x0, 0x2f, 0x0,
    0x2, 0xf0, 0x0, 0x2, 0xf0, 0x0, 0x2f, 0x0,
    0x0, 0x2f, 0x2, 0xff, 0xff, 0xf0, 0x2, 0xf0,
    0x2f, 0xff, 0xff, 0x3, 0xff, 0xf0, 0x2, 0xf0,
    0x0, 0x3f, 0xff, 0x0, 0x2f, 0x0, 0x0, 0x2f,
    0x7, 0xff, 0xff, 0xfc, 0x2, 0xf0, 0x7f, 0xff,
    0xff, 0xc0, 0x2f, 0x0, 0x0, 0x5, 0x0, 0x2,
    0xff, 0x0, 0x0, 0xf4, 0x0, 0x7f, 0xeb, 0xff,
    0xff, 0xfc, 0x7f, 0xf4, 0xbf, 0xff, 0xff, 0xc3,
    0xff, 0x0, 0x40, 0xf, 0x40, 0x2, 0xf0, 0x2e,
    0x0, 0xf4, 0x0, 0x2f, 0x1, 0xf4, 0xf, 0x40,
    0x2, 0xf0, 0xb, 0xc0, 0xf4, 0x0, 0x2f, 0x0,
    0x38, 0xf, 0x40, 0x2, 0xf0, 0x0, 0x0, 0xf4,
    0x3, 0xfe, 0x0, 0x3, 0xff, 0x0, 0x2f, 0xc0,
    0x0, 0x3f, 0xe0, 0x0, 0x0, 0x0, 0x0, 0x0,
    0x0,

    /* U+6302 "挂" */
    0x2, 0xe0, 0x0, 0x3d, 0x0, 0x0, 0x2e, 0x0,
    0x3, 0xd0, 0x0, 0x2, 0xe0, 0x2a, 0xbf, 0xa9,
    0x0, 0x2e, 0x3, 0xff, 0xff, 0xf0, 0x3f, 0xff,
    0x2a, 0xbf, 0xa9, 0x3, 0xff, 0xf0, 0x3, 0xd0,
    0x0, 0x2, 0xe0, 0x0, 0x3d, 0x0, 0x0, 0x2e,
    0xf, 0xff, 0xff, 0xfc, 0x2, 0xe0, 0xff, 0xff,
    0xff, 0xc0, 0x2f, 0xe0, 0x1, 0x90, 0x0, 0x7,
    0xfe, 0x0, 0x3d, 0x0, 0x3, 0xff, 0x40, 0x3,
    0xd0, 0x0, 0x3f, 0xe0, 0x3f, 0xff, 0xff, 0x0,
    0x2e, 0x3, 0xff, 0xff, 0xf0, 0x2, 0xe0, 0x0,
    0x3e, 0x0, 0x0, 0x2e, 0x0, 0x3, 0xd0, 0x0,
    0x2, 0xe0, 0x0, 0x3d, 0x0, 0x0, 0x3e, 0x2f,
    0xff, 0xff, 0xfc, 0x3f, 0xe2, 0xff, 0xff, 0xff,
    0xc2, 0xfc, 0x0, 0x0, 0x0, 0x0,

    /* U+6307 "指" */
    0x1, 0xf0, 0x3c, 0x0, 0x4, 0x0, 0x7c, 0xf,
    0x1, 0xbf, 0x80, 0x1f, 0x3, 0xef, 0xff, 0x80,
    0x7, 0xc0, 0xff, 0xe4, 0x0, 0x3f, 0xff, 0x3d,
    0x0, 0x7, 0x8f, 0xff, 0xcf, 0x40, 0x2, 0xe0,
    0x1f, 0x3, 0xff, 0xff, 0xf4, 0x7, 0xc0, 0x7f,
    0xff, 0xf8, 0x1, 0xf0, 0x0, 0x0, 0x0, 0x0,
    0x7c, 0xd0, 0x0, 0x0, 0x0, 0x1f, 0xf7, 0xff,
    0xff, 0xf0, 0xbf, 0xf8, 0xff, 0xff, 0xfc, 0x3f,
    0xf0, 0x3d, 0x0, 0xf, 0x0, 0x7c, 0xf, 0xff,
    0xff, 0xc0, 0x1f, 0x3, 0xff, 0xff, 0xf0, 0x7,
    0xc0, 0xf4, 0x0, 0x3c, 0x1, 0xf0, 0x3d, 0x0,
    0xf, 0x4, 0xbc, 0xf, 0xff, 0xff, 0xc3, 0xff,
    0x3, 0xff, 0xff, 0xf0, 0xbe, 0x0, 0xf4, 0x0,
    0x3c, 0x0, 0x0, 0x0, 0x0, 0x0, 0x0,

    /* U+6309 "按" */
    0x0, 0x0, 0x0, 0x0, 0x0, 0x0, 0xb8, 0x0,
    0x3e, 0x0, 0x0, 0x2e, 0x0, 0xb, 0xc0, 0x0,
    0xb, 0x83, 0xff, 0xff, 0xfc, 0x2, 0xe0, 0xff,
    0xff, 0xff, 0xf, 0xff, 0x7d, 0x55, 0x57, 0xc3,
    0xff, 0xdf, 0xa, 0x0, 0xf0, 0xb, 0x83, 0xc7,
    0xc0, 0x3c, 0x2, 0xe0, 0x2, 0xe0, 0x0, 0x0,
    0xb8, 0x0, 0xf8, 0x0, 0x0, 0x2e, 0xaf, 0xff,
    0xff, 0xfc, 0xb, 0xfb, 0xff, 0xff, 0xff, 0x2f,
    0xf8, 0xf, 0x40, 0xf0, 0xf, 0xf8, 0xb, 0xc0,
    0x7c, 0x2, 0x6e, 0x3, 0xe0, 0x3e, 0x0, 0xb,
    0x80, 0xbf, 0xaf, 0x0, 0x2, 0xe0, 0x2, 0xff,
    0x80, 0x0, 0xb8, 0x0, 0x7f, 0xf8, 0x0, 0x3e,
    0x2, 0xff, 0xbf, 0xd0, 0xff, 0x8f, 0xfe, 0x1,
    0xfe, 0x2f, 0xc2, 0xf8, 0x0, 0xb, 0x0, 0x0,
    0x0, 0x0, 0x0, 0x0,

    /* U+636E "据" */
    0x2, 0xe0, 0x0, 0x0, 0x0, 0x0, 0x2e, 0xb,
    0xff, 0xff, 0xf8, 0x2, 0xe0, 0xbf, 0xff, 0xff,
    0x81, 0x6e, 0x4b, 0x80, 0x0, 0xf8, 0x3f, 0xfd,
    0xbf, 0xff, 0xff, 0x82, 0xbf, 0x9b, 0xff, 0xff,
    0xf8, 0x2, 0xe0, 0xb8, 0xf, 0x0, 0x0, 0x2e,
    0xb, 0x80, 0xf0, 0x0, 0x2, 0xe0, 0xb8, 0xf,
    0x0, 0x0, 0x2e, 0x5f, 0xff, 0xff, 0xfc, 0x2,
    0xfd, 0xff, 0xff, 0xff, 0xc2, 0xff, 0xcf, 0x80,
    0xf0, 0x0, 0x3f, 0xe0, 0xf4, 0xf, 0x0, 0x2,
    0x6e, 0xf, 0x7f, 0xff, 0xf0, 0x2, 0xe1, 0xf3,
    0xff, 0xff, 0x0, 0x2e, 0x2f, 0x3c, 0x0, 0xf0,
    0x2, 0xe3, 0xe3, 0xc0, 0xf, 0x0, 0x2e, 0x7c,
    0x3f, 0xff, 0xf0, 0x3f, 0xeb, 0xc3, 0xff, 0xff,
    0x2, 0xfc, 0x34, 0x3c, 0x0, 0xf0, 0x0, 0x0,
    0x0, 0x0, 0x0, 0x0,

    /* U+6389 "掉" */
    0x0, 0x0, 0x0, 0x0, 0x0, 0x0, 0x2f, 0x0,
    0x3, 0xc0, 0x0, 0x2, 0xf0, 0x0, 0x3f, 0xff,
    0x40, 0x2f, 0x0, 0x3, 0xff, 0xf4, 0x2, 0xf0,
    0x0, 0x3c, 0x0, 0x3, 0xff, 0xe0, 0x3, 0xc0,
    0x0, 0x3f, 0xfe, 0x3f, 0xff, 0xff, 0x2, 0xbf,
    0x93, 0xff, 0xff, 0xf0, 0x2, 0xf0, 0x3c, 0x0,
    0xf, 0x0, 0x2f, 0x3, 0xff, 0xff, 0xf0, 0x2,
    0xfe, 0x3f, 0xff, 0xff, 0x1, 0x7f, 0xe3, 0xc0,
    0x0, 0xf0, 0x7f, 0xf4, 0x3f, 0xff, 0xff, 0x3,
    0xff, 0x3, 0xff, 0xff, 0xf0, 0x2, 0xf0, 0x0,
    0x2e, 0x0, 0x0, 0x2f, 0x0, 0x2, 0xe0, 0x0,
    0x2, 0xf1, 0xff, 0xff, 0xff, 0xc0, 0x2f, 0x1f,
    0xff, 0xff, 0xfc, 0x3, 0xf0, 0x0, 0x2e, 0x0,
    0x3, 0xfe, 0x0, 0x2, 0xe0, 0x0, 0x2f, 0xc0,
    0x0, 0x2e, 0x0, 0x0, 0x0, 0x0, 0x0, 0x0,
    0x0,

    /* U+63A5 "接" */
    0x0, 0x0, 0x0, 0x0, 0x0, 0x0, 0xbc, 0x0,
    0x2f, 0x0, 0x0, 0x2f, 0x0, 0x7, 0xc0, 0x0,
    0xb, 0xc2, 0xff, 0xff, 0xfc, 0x2, 0xf0, 0xbf,
    0xff, 0xff, 0xf, 0xff, 0x42, 0xc0, 0x3c, 0x3,
    0xff, 0xd0, 0xf4, 0x2f, 0x0, 0x5b, 0xd0, 0x1f,
    0xf, 0x80, 0x2, 0xf0, 0xff, 0xff, 0xff, 0x40,
    0xbc, 0x3f, 0xff, 0xff, 0xd0, 0x2f, 0x90, 0xa,
    0x0, 0x0, 0xb, 0xf4, 0xb, 0xc0, 0x0, 0x3f,
    0xf9, 0xff, 0xff, 0xff, 0xcf, 0xfc, 0x7f, 0xff,
    0xff, 0xf2, 0x2f, 0x0, 0xf0, 0xf, 0x40, 0xb,
    0xc0, 0xfc, 0x7, 0xc0, 0x2, 0xf0, 0x2f, 0xfb,
    0xd0, 0x0, 0xbc, 0x0, 0x7f, 0xf0, 0x0, 0x2f,
    0x0, 0x6f, 0xff, 0x90, 0xff, 0x83, 0xff, 0xd2,
    0xfd, 0x2f, 0xc0, 0xfe, 0x0, 0xb, 0x0, 0x0,
    0x0, 0x0, 0x0, 0x0,

    /* U+63A8 "推" */
    0x0, 0x0, 0x0, 0x0, 0x0, 0x0, 0x7c, 0x2,
    0xd2, 0xd0, 0x0, 0x1f, 0x0, 0xf4, 0xb8, 0x0,
    0x7, 0xc0, 0x7c, 0x1f, 0x0, 0x2, 0xf0, 0x2f,
    0x57, 0xe5, 0xf, 0xff, 0xcf, 0xff, 0xff, 0xc3,
    0xff, 0xfb, 0xea, 0xbe, 0xa0, 0x7, 0xc3, 0xf0,
    0xf, 0x0, 0x1, 0xf2, 0xfc, 0x3, 0xc0, 0x0,
    0x7c, 0xbf, 0xff, 0xff, 0x80, 0x1f, 0xb3, 0xff,
    0xff, 0xe0, 0x1f, 0xf8, 0xf4, 0xf, 0x0, 0x7f,
    0xf4, 0x3c, 0x3, 0xc0, 0xe, 0xbc, 0xf, 0xff,
    0xff, 0x80, 0x1f, 0x3, 0xff, 0xff, 0xe0, 0x7,
    0xc0, 0xf4, 0xf, 0x0, 0x1, 0xf0, 0x3c, 0x3,
    0xc0, 0x0, 0x7c, 0xf, 0x0, 0xf0, 0x0, 0x2f,
    0x3, 0xff, 0xff, 0xf4, 0xbf, 0x80, 0xff, 0xff,
    0xfd, 0x1f, 0x80, 0x3d, 0x0, 0x0, 0x0,

    /* U+63CF "描" */
    0x1, 0xf0, 0x3, 0xc0, 0xb0, 0x0, 0x7c, 0x0,
    0xf0, 0x2c, 0x0, 0x1f, 0xa, 0xff, 0xaf, 0xa8,
    0xb, 0xc3, 0xff, 0xff, 0xff, 0x3f, 0xfe, 0x5b,
    0xe5, 0xf5, 0x4f, 0xff, 0x80, 0xf0, 0x2c, 0x0,
    0x1f, 0x0, 0x28, 0x6, 0x0, 0x7, 0xc0, 0xff,
    0xff, 0xfc, 0x1, 0xf2, 0x3f, 0xff, 0xff, 0x0,
    0x7f, 0xcf, 0x3, 0xc3, 0xc1, 0xbf, 0xe3, 0xc0,
    0xf0, 0xf1, 0xff, 0xc0, 0xf0, 0x3c, 0x3c, 0x3e,
    0xf0, 0x3f, 0xff, 0xff, 0x0, 0x7c, 0xf, 0xff,
    0xff, 0xc0, 0x1f, 0x3, 0xc0, 0xf0, 0xf0, 0x7,
    0xc0, 0xf0, 0x3c, 0x3c, 0x1, 0xf0, 0x3c, 0xf,
    0xf, 0x0, 0xbc, 0xf, 0xff, 0xff, 0xc2, 0xfe,
    0x3, 0xff, 0xff, 0xf0, 0x7e, 0x0, 0xf0, 0x0,
    0x3c,

    /* U+641C "搜" */
    0x3, 0xd0, 0x6, 0x3d, 0x0, 0x0, 0x3d, 0x7,
    0xfb, 0xdf, 0xf0, 0x3, 0xd0, 0xfe, 0x3d, 0xff,
    0x1, 0x7e, 0x4f, 0x43, 0xd0, 0xf0, 0x3f, 0xfc,
    0xff, 0x7d, 0xbf, 0x2, 0xbf, 0x8f, 0xf7, 0xdf,
    0xf0, 0x3, 0xd0, 0xf4, 0x3d, 0xf, 0x0, 0x3d,
    0xf, 0x43, 0xd0, 0xf0, 0x3, 0xd0, 0xff, 0xff,
    0xff, 0x0, 0x3e, 0xdf, 0xff, 0xff, 0xf0, 0x7,
    0xfd, 0x0, 0x3d, 0x0, 0x7, 0xfe, 0xf, 0xff,
    0xff, 0xf0, 0x3b, 0xd0, 0xff, 0xff, 0xff, 0x0,
    0x3d, 0x2, 0xf0, 0x3, 0xe0, 0x3, 0xd0, 0xf,
    0xc0, 0xfc, 0x0, 0x3d, 0x0, 0x3f, 0xbf, 0x40,
    0x3, 0xd0, 0x0, 0xff, 0xd0, 0x0, 0x3d, 0x1,
    0xbf, 0xff, 0x90, 0x3f, 0xd3, 0xff, 0xe6, 0xff,
    0xc3, 0xf8, 0x2f, 0x90, 0x1, 0xf8, 0x0, 0x0,
    0x0, 0x0, 0x0, 0x0,

    /* U+64AD "播" */
    0x0, 0x0, 0x0, 0x0, 0x0, 0x0, 0x2e, 0x0,
    0x0, 0x5a, 0xf0, 0x2, 0xe1, 0xff, 0xff, 0xff,
    0x80, 0x2e, 0xf, 0xff, 0xe5, 0x0, 0x3, 0xe0,
    0x18, 0x3c, 0x2d, 0x3, 0xff, 0xc3, 0xd3, 0xc3,
    0xc0, 0x2b, 0xfa, 0xff, 0xff, 0xff, 0xc0, 0x2e,
    0x1f, 0xff, 0xff, 0xfc, 0x2, 0xe0, 0xb, 0xbe,
    0xe0, 0x0, 0x2e, 0x2, 0xf3, 0xcb, 0xd0, 0x2,
    0xfd, 0xfc, 0x3c, 0x2f, 0xd0, 0x3f, 0xff, 0x0,
    0x0, 0x7d, 0x2f, 0xfa, 0xff, 0xff, 0xff, 0x83,
    0xfe, 0xf, 0xff, 0xff, 0xf0, 0x26, 0xe0, 0xf0,
    0x3c, 0xf, 0x0, 0x2e, 0xf, 0xff, 0xff, 0xf0,
    0x2, 0xe0, 0xff, 0xff, 0xff, 0x0, 0x2e, 0xf,
    0x3, 0xc0, 0xf0, 0x13, 0xe0, 0xff, 0xff, 0xff,
    0x3, 0xfd, 0xf, 0xff, 0xff, 0xf0, 0x1f, 0x80,
    0xf0, 0x0, 0xf, 0x0,

    /* U+64CD "操" */
    0x3, 0xe0, 0x0, 0x0, 0x0, 0x0, 0xf8, 0x3,
    0xff, 0xfc, 0x0, 0x3e, 0x0, 0xff, 0xff, 0x0,
    0xf, 0x80, 0x3c, 0x3, 0xc0, 0x3f, 0xfd, 0xf,
    0xff, 0xf0, 0xf, 0xff, 0x82, 0xaa, 0xa8, 0x0,
    0x3e, 0xa, 0xa9, 0x6a, 0x90, 0xf, 0x83, 0xff,
    0x9f, 0xfc, 0x3, 0xe0, 0xf0, 0xe7, 0xf, 0x0,
    0xff, 0x7e, 0xb9, 0xeb, 0xc0, 0x7f, 0xdf, 0xfe,
    0x7f, 0xf0, 0xff, 0xd0, 0x0, 0xa0, 0x0, 0x3f,
    0xe0, 0x0, 0x3c, 0x0, 0x9, 0xf8, 0x7f, 0xff,
    0xff, 0xc0, 0x3e, 0x1f, 0xff, 0xff, 0xf0, 0xf,
    0x80, 0x1e, 0xfb, 0x40, 0x3, 0xe0, 0x7e, 0x3c,
    0xb8, 0x0, 0xf8, 0xfe, 0xf, 0xf, 0xd3, 0xfd,
    0x2d, 0x3, 0xc0, 0xb0, 0xbe, 0x0, 0x0, 0xf0,
    0x0,

    /* U+652F "支" */
    0x0, 0x0, 0x2e, 0x0, 0x0, 0x0, 0x0, 0xb,
    0x80, 0x0, 0x0, 0x0, 0x2, 0xf0, 0x0, 0x0,
    0xff, 0xff, 0xff, 0xff, 0xfc, 0x3f, 0xff, 0xff,
    0xff, 0xff, 0x0, 0x0, 0xb, 0x80, 0x0, 0x0,
    0x0, 0x2, 0xe0, 0x0, 0x0, 0x0, 0x0, 0xbc,
    0x0, 0x0, 0x7, 0xff, 0xff, 0xff, 0xe0, 0x1,
    0xff, 0xff, 0xff, 0xf8, 0x0, 0xb, 0x80, 0x0,
    0x7c, 0x0, 0x0, 0xf4, 0x0, 0x3e, 0x0, 0x0,
    0x2f, 0x0, 0x3f, 0x0, 0x0, 0x3, 0xf0, 0x3f,
    0x0, 0x0, 0x0, 0x3f, 0xbf, 0x0, 0x0, 0x0,
    0x3, 0xff, 0x0, 0x0, 0x0, 0x2, 0xff, 0xe4,
    0x0, 0x0, 0x1b, 0xfd, 0xbf, 0xd0, 0x1, 0xbf,
    0xf4, 0x2, 0xff, 0xe0, 0xff, 0x90, 0x0, 0xb,
    0xfc, 0x19, 0x0, 0x0, 0x0, 0x5, 0x0,

    /* U+6536 "收" */
    0x0, 0x0, 0x0, 0x0, 0x0, 0x0, 0x3, 0xc0,
    0xb4, 0x0, 0x0, 0x0, 0xf0, 0x3d, 0x0, 0x0,
    0x50, 0x3c, 0xf, 0x0, 0x0, 0x3c, 0xf, 0x7,
    0xff, 0xff, 0xf, 0x3, 0xc2, 0xff, 0xff, 0xc3,
    0xc0, 0xf0, 0xf4, 0xf, 0x40, 0xf0, 0x3c, 0xbc,
    0x3, 0xc0, 0x3c, 0xf, 0x3f, 0x80, 0xf0, 0xf,
    0x3, 0xef, 0xf0, 0x7c, 0x3, 0xc0, 0xf3, 0x2c,
    0x2e, 0x0, 0xf0, 0x3c, 0x7, 0x8f, 0x40, 0x3c,
    0xf, 0x0, 0xf7, 0xc0, 0xf, 0x1b, 0xc0, 0x2f,
    0xe0, 0x7, 0xff, 0xf0, 0x3, 0xf0, 0x2, 0xff,
    0xbc, 0x0, 0xfc, 0x0, 0x74, 0xf, 0x0, 0xbf,
    0xc0, 0x0, 0x3, 0xc0, 0xbd, 0xfc, 0x0, 0x0,
    0xf0, 0xfd, 0xf, 0xd0, 0x0, 0x3d, 0xfd, 0x0,
    0xfd, 0x0, 0xf, 0x2c, 0x0, 0xa, 0x0, 0x0,
    0x0, 0x0, 0x0, 0x0,

    /* U+653E "放" */
    0x0, 0x0, 0x0, 0x0, 0x0, 0x0, 0xf, 0x0,
    0x7, 0xc0, 0x0, 0x0, 0xf8, 0x0, 0xb8, 0x0,
    0x0, 0x7, 0xc0, 0xf, 0x40, 0x0, 0x3f, 0xff,
    0xf4, 0xff, 0xff, 0x83, 0xff, 0xff, 0x5f, 0xff,
    0xf8, 0x3, 0xd0, 0x3, 0xe0, 0x3d, 0x0, 0x3d,
    0x0, 0x3d, 0x3, 0xc0, 0x3, 0xd0, 0xb, 0xd0,
    0x3c, 0x0, 0x3f, 0xfe, 0xff, 0x7, 0xc0, 0x3,
    0xff, 0xd6, 0xf0, 0xb8, 0x0, 0x3c, 0x2d, 0xb,
    0x8f, 0x40, 0x3, 0xc2, 0xd0, 0x3d, 0xf0, 0x0,
    0x7c, 0x2d, 0x2, 0xfe, 0x0, 0x7, 0xc2, 0xd0,
    0xf, 0xd0, 0x0, 0xb8, 0x3d, 0x0, 0xfc, 0x0,
    0xf, 0x43, 0xd0, 0x2f, 0xf0, 0x1, 0xf0, 0x3d,
    0xb, 0xef, 0x80, 0x3e, 0x7, 0xc7, 0xf4, 0x7f,
    0x3, 0xdb, 0xfc, 0xfd, 0x1, 0xfc, 0x1c, 0x7f,
    0x4b, 0x0, 0x7, 0x80, 0x0, 0x0, 0x0, 0x0,
    0x0,

    /* U+6548 "效" */
    0x0, 0x10, 0x0, 0x0, 0x0, 0x0, 0xb, 0xc0,
    0x3, 0xe0, 0x0, 0x0, 0x7d, 0x0, 0x3d, 0x0,
    0x3, 0xff, 0xff, 0xd3, 0xc0, 0x0, 0x3f, 0xff,
    0xfd, 0x7f, 0xff, 0xc0, 0x0, 0x4, 0xb, 0xff,
    0xfc, 0x3, 0xd3, 0xd0, 0xf4, 0x3d, 0x0, 0x7c,
    0x2f, 0x5f, 0x3, 0xc0, 0xf, 0x80, 0xbb, 0xf4,
    0x3c, 0x3, 0xf0, 0x2, 0x7f, 0x87, 0xc0, 0x3c,
    0x3, 0xc7, 0xbc, 0xb8, 0x0, 0x6c, 0x3c, 0x13,
    0xdf, 0x40, 0x3, 0xff, 0xc0, 0x1f, 0xf0, 0x0,
    0xf, 0xf4, 0x0, 0xfe, 0x0, 0x0, 0x3f, 0x40,
    0xb, 0xc0, 0x0, 0xb, 0xfd, 0x1, 0xfe, 0x0,
    0x1, 0xff, 0xf0, 0x7f, 0xf4, 0x0, 0xbf, 0xf,
    0x1f, 0xcb, 0xd0, 0x3f, 0xc0, 0x1b, 0xf0, 0x3f,
    0x83, 0xf0, 0x1, 0xfc, 0x0, 0xfc, 0x18, 0x0,
    0xd, 0x0, 0x2, 0x0, 0x0, 0x0, 0x0, 0x0,
    0x0,

    /* U+6570 "数" */
    0x0, 0x0, 0x0, 0x0, 0x0, 0x0, 0x52, 0xd1,
    0x3, 0xc0, 0x0, 0x1f, 0x2d, 0x3c, 0x3c, 0x0,
    0x0, 0xb6, 0xdf, 0x83, 0xc0, 0x0, 0x2, 0x2d,
    0x60, 0x7f, 0xff, 0x82, 0xff, 0xff, 0xcb, 0xff,
    0xf8, 0x2f, 0xff, 0xfc, 0xb9, 0x7d, 0x0, 0x2f,
    0xf4, 0xf, 0x43, 0xc0, 0xb, 0xef, 0xf9, 0xf8,
    0x3c, 0x3, 0xf2, 0xd7, 0x6f, 0xc7, 0xc0, 0x2c,
    0x2d, 0x3, 0xfd, 0x78, 0x0, 0x7, 0x80, 0x19,
    0xeb, 0x40, 0x3f, 0xff, 0xfc, 0xf, 0xf0, 0x3,
    0xff, 0xff, 0xc0, 0xbf, 0x0, 0x3, 0xd0, 0x7c,
    0x3, 0xd0, 0x0, 0x7c, 0xf, 0x40, 0x7e, 0x0,
    0xb, 0xfb, 0xe0, 0xf, 0xf4, 0x0, 0xf, 0xfe,
    0x3, 0xf7, 0xd0, 0xb, 0xff, 0xfd, 0xfc, 0x2f,
    0x83, 0xfe, 0x7, 0x9f, 0x40, 0xbc, 0x19, 0x0,
    0x0, 0xc0, 0x2, 0x0, 0x0, 0x0, 0x0, 0x0,
    0x0,

    /* U+6587 "文" */
    0x0, 0x0, 0x60, 0x0, 0x0, 0x0, 0x0, 0x3f,
    0x0, 0x0, 0x0, 0x0, 0x3, 0xd0, 0x0, 0x0,
    0x0, 0x0, 0xbc, 0x0, 0x0, 0x3f, 0xff, 0xff,
    0xff, 0xff, 0x8f, 0xff, 0xff, 0xff, 0xff, 0xe0,
    0x7, 0xc0, 0x0, 0x7c, 0x0, 0x0, 0xf0, 0x0,
    0x3e, 0x0, 0x0, 0x2e, 0x0, 0xf, 0x0, 0x0,
    0x3, 0xc0, 0xb, 0x80, 0x0, 0x0, 0xbc, 0x7,
    0xc0, 0x0, 0x0, 0xf, 0x83, 0xe0, 0x0, 0x0,
    0x1, 0xfb, 0xf0, 0x0, 0x0, 0x0, 0x1f, 0xf0,
    0x0, 0x0, 0x0, 0x3, 0xfc, 0x0, 0x0, 0x0,
    0x7, 0xff, 0xd0, 0x0, 0x0, 0xb, 0xf1, 0xff,
    0x0, 0x0, 0x6f, 0xe0, 0xb, 0xf8, 0x2, 0xff,
    0xd0, 0x0, 0x7f, 0xf4, 0xff, 0x40, 0x0, 0x1,
    0xfe, 0x4, 0x0, 0x0, 0x0, 0x6, 0x0,

    /* U+6597 "斗" */
    0x0, 0x0, 0x0, 0xf, 0x0, 0x0, 0xb, 0x40,
    0x3, 0xc0, 0x0, 0x3, 0xf8, 0x0, 0xf0, 0x0,
    0x0, 0x3f, 0xc0, 0x3c, 0x0, 0x0, 0x2, 0xfc,
    0xf, 0x0, 0x0, 0x40, 0x1f, 0x83, 0xc0, 0x0,
    0x7d, 0x1, 0x80, 0xf0, 0x0, 0xf, 0xe0, 0x0,
    0x3c, 0x0, 0x0, 0xbf, 0x0, 0xf, 0x0, 0x0,
    0x7, 0xf0, 0x3, 0xc0, 0x0, 0x0, 0x7c, 0x0,
    0xf0, 0x0, 0x0, 0x0, 0x0, 0x3d, 0x68, 0x0,
    0x0, 0x5a, 0xff, 0xff, 0x6, 0xbf, 0xff, 0xff,
    0xfa, 0x47, 0xff, 0xff, 0xa5, 0xf0, 0x1, 0xe9,
    0x40, 0x0, 0x3c, 0x0, 0x0, 0x0, 0x0, 0xf,
    0x0, 0x0, 0x0, 0x0, 0x3, 0xc0, 0x0, 0x0,
    0x0, 0x0, 0xf0, 0x0, 0x0, 0x0, 0x0, 0x3c,
    0x0,

    /* U+659C "斜" */
    0x0, 0x0, 0x0, 0x0, 0x0, 0x0, 0xb, 0xc0,
    0x0, 0xf, 0x0, 0x7, 0xfc, 0x1, 0x3, 0xc0,
    0x3, 0xef, 0xc2, 0xe0, 0xf0, 0x3, 0xf0, 0xfc,
    0xbe, 0x3c, 0x7, 0xf0, 0xf, 0xc7, 0xdf, 0x7,
    0xf4, 0x0, 0xd0, 0x73, 0xc0, 0xff, 0xff, 0xe0,
    0x0, 0xf0, 0x2, 0xff, 0xf4, 0xa0, 0x3c, 0x0,
    0x7, 0xc0, 0x3f, 0xf, 0x0, 0x1, 0xf0, 0x3,
    0xf3, 0xc0, 0xbf, 0xff, 0xf0, 0x3c, 0xf0, 0x2f,
    0xff, 0xfc, 0x0, 0x3c, 0x0, 0x7, 0xc0, 0x0,
    0x1f, 0x90, 0x39, 0xf7, 0x4b, 0xff, 0xfc, 0x2e,
    0x7c, 0xf3, 0xff, 0xf9, 0xf, 0x1f, 0x3c, 0x50,
    0x3c, 0xb, 0xc7, 0xc7, 0x40, 0xf, 0x7, 0xd1,
    0xf0, 0xe0, 0x3, 0xc0, 0x63, 0xfc, 0x0, 0x0,
    0xf0, 0x0, 0xfd, 0x0, 0x0, 0x3c, 0x0,

    /* U+65AD "断" */
    0x0, 0x0, 0x0, 0x0, 0x0, 0x0, 0xf, 0x0,
    0x1, 0x78, 0xf1, 0x4f, 0x66, 0xff, 0xfc, 0xf7,
    0x8f, 0xbb, 0xff, 0x90, 0xf3, 0xcf, 0xb7, 0xc0,
    0x0, 0xf3, 0xdf, 0xf3, 0xc0, 0x0, 0xf1, 0xdf,
    0xb3, 0xc0, 0x0, 0xf0, 0xf, 0x3, 0xd0, 0x0,
    0xf3, 0xff, 0xfb, 0xff, 0xfe, 0xf3, 0xff, 0xfb,
    0xff, 0xfe, 0xf0, 0x2f, 0x3, 0xc0, 0xf0, 0xf0,
    0x7f, 0xd3, 0xc0, 0xf0, 0xf2, 0xff, 0xf7, 0xc0,
    0xf0, 0xfb, 0xdf, 0x77, 0xc0, 0xf0, 0xf7, 0x4f,
    0x13, 0xc0, 0xf0, 0xf1, 0xf, 0x7, 0xc0, 0xf0,
    0xf0, 0xf, 0x7, 0x80, 0xf0, 0xf0, 0x5, 0xb,
    0x40, 0xf0, 0xff, 0xff, 0xcf, 0x0, 0xf0, 0xff,
    0xff, 0xde, 0x0, 0xf0, 0x0, 0x0, 0x8, 0x0,
    0xf0,

    /* U+65B0 "新" */
    0x0, 0x0, 0x0, 0x0, 0x0, 0x0, 0x2e, 0x0,
    0x0, 0x1, 0x40, 0xb, 0xc0, 0x5, 0x6f, 0xf0,
    0xff, 0xff, 0xf3, 0xff, 0xf8, 0x3f, 0xff, 0xfc,
    0xf9, 0x40, 0x1, 0x90, 0x64, 0x3c, 0x0, 0x0,
    0xb8, 0x2e, 0xf, 0x0, 0x0, 0x1f, 0xf, 0x43,
    0xd0, 0x0, 0x3f, 0xff, 0xfc, 0xff, 0xff, 0xcf,
    0xff, 0xff, 0x3f, 0xff, 0xf0, 0x3, 0xd0, 0xf,
    0x3, 0xc0, 0x0, 0xf4, 0x3, 0xc0, 0xf0, 0x3f,
    0xff, 0xfc, 0xf0, 0x3c, 0xf, 0xff, 0xff, 0x3c,
    0xf, 0x0, 0x3, 0xd0, 0xf, 0x3, 0xc0, 0x3d,
    0xf7, 0xc7, 0xc0, 0xf0, 0xf, 0x3d, 0xf6, 0xe0,
    0x3c, 0xb, 0x8f, 0x6e, 0xf4, 0xf, 0x3, 0xd3,
    0xd1, 0xbc, 0x3, 0xc0, 0xeb, 0xf0, 0x2e, 0x0,
    0xf0, 0x1, 0xf8, 0x2, 0x0, 0x3c, 0x0, 0x0,
    0x0, 0x0, 0x0, 0x0,

    /* U+65B9 "方" */
    0x0, 0x0, 0x0, 0x0, 0x0, 0x0, 0x0, 0x78,
    0x0, 0x0, 0x0, 0x0, 0x7c, 0x0, 0x0, 0x0,
    0x0, 0x3e, 0x0, 0x0, 0xbf, 0xff, 0xff, 0xff,
    0xff, 0xbf, 0xff, 0xff, 0xff, 0xff, 0x0, 0xf,
    0x80, 0x0, 0x0, 0x0, 0xf, 0x80, 0x0, 0x0,
    0x0, 0xf, 0x40, 0x0, 0x0, 0x0, 0xf, 0x80,
    0x0, 0x0, 0x0, 0xf, 0xff, 0xff, 0xd0, 0x0,
    0xf, 0xff, 0xff, 0xd0, 0x0, 0x1f, 0x0, 0x3,
    0xd0, 0x0, 0x3e, 0x0, 0x3, 0xd0, 0x0, 0x3d,
    0x0, 0x3, 0xd0, 0x0, 0xbc, 0x0, 0x3, 0xd0,
    0x1, 0xf4, 0x0, 0x3, 0xc0, 0x7, 0xe0, 0x0,
    0x3, 0xc0, 0x1f, 0xc0, 0x0, 0xf, 0xc0, 0x7f,
    0x0, 0xb, 0xff, 0x40, 0x3c, 0x0, 0x3, 0xfd,
    0x0, 0x0, 0x0, 0x0, 0x0, 0x0,

    /* U+65E0 "无" */
    0xb, 0xff, 0xff, 0xff, 0xf8, 0x2, 0xff, 0xff,
    0xff, 0xfe, 0x0, 0x0, 0xb, 0xc0, 0x0, 0x0,
    0x0, 0x2, 0xf0, 0x0, 0x0, 0x0, 0x0, 0xbc,
    0x0, 0x0, 0x0, 0x0, 0x2e, 0x0, 0x0, 0x0,
    0x0, 0xf, 0x80, 0x0, 0x0, 0xff, 0xff, 0xff,
    0xff, 0xfd, 0x3f, 0xff, 0xff, 0xff, 0xff, 0x40,
    0x0, 0x7c, 0xb8, 0x0, 0x0, 0x0, 0x2f, 0x2e,
    0x0, 0x0, 0x0, 0xf, 0x4b, 0x80, 0x0, 0x0,
    0x7, 0xc2, 0xe0, 0x0, 0x0, 0x3, 0xe0, 0xb8,
    0x1, 0x0, 0x3, 0xf0, 0x2e, 0x0, 0xb4, 0x7,
    0xf4, 0xb, 0x80, 0x3d, 0xb, 0xf4, 0x2, 0xf0,
    0x1f, 0xf, 0xf4, 0x0, 0x7f, 0xff, 0xc2, 0xe0,
    0x0, 0xb, 0xff, 0xd0, 0x0, 0x0, 0x0, 0x0,
    0x0,

    /* U+65E5 "日" */
    0xff, 0xff, 0xff, 0xf3, 0xff, 0xff, 0xff, 0xcf,
    0x40, 0x0, 0xf, 0x3c, 0x0, 0x0, 0x3c, 0xf0,
    0x0, 0x0, 0xf3, 0xc0, 0x0, 0x3, 0xcf, 0x0,
    0x0, 0xf, 0x3f, 0xff, 0xff, 0xfc, 0xff, 0xff,
    0xff, 0xf3, 0xd0, 0x0, 0x3, 0xcf, 0x0, 0x0,
    0xf, 0x3c, 0x0, 0x0, 0x3c, 0xf0, 0x0, 0x0,
    0xf3, 0xc0, 0x0, 0x3, 0xcf, 0x0, 0x0, 0xf,
    0x3d, 0x0, 0x0, 0x3c, 0xff, 0xff, 0xff, 0xf3,
    0xff, 0xff, 0xff, 0xcf, 0x0, 0x0, 0xf, 0x0,
    0x0, 0x0, 0x0,

    /* U+65F6 "时" */
    0x0, 0x0, 0x0, 0x0, 0xf0, 0xa, 0xaa, 0x80,
    0x0, 0x3c, 0x3, 0xff, 0xf0, 0x0, 0xf, 0x0,
    0xfa, 0xbc, 0x0, 0x7, 0xc0, 0x3c, 0xf, 0x3f,
    0xff, 0xff, 0x4f, 0x3, 0xcf, 0xff, 0xff, 0xd3,
    0xc0, 0xf0, 0x0, 0xf, 0x0, 0xf0, 0x7c, 0x0,
    0x3, 0xc0, 0x3f, 0xff, 0x5, 0x0, 0xf0, 0xf,
    0xff, 0xc7, 0xc0, 0x3c, 0x3, 0xc0, 0xf0, 0xf8,
    0xf, 0x0, 0xf0, 0x3c, 0x1f, 0x3, 0xc0, 0x3c,
    0xf, 0x3, 0xe0, 0xf0, 0xf, 0x3, 0xc0, 0x7c,
    0x3c, 0x3, 0xc1, 0xf0, 0xd, 0xf, 0x0, 0xff,
    0xfc, 0x0, 0x3, 0xc0, 0x3f, 0xff, 0x0, 0x0,
    0xf0, 0xf, 0x3, 0xc0, 0x0, 0x7c, 0x2, 0x80,
    0x0, 0x1f, 0xff, 0x0, 0x0, 0x0, 0x3, 0xff,
    0x40,

    /* U+661F "星" */
    0x3, 0xff, 0xff, 0xff, 0xf0, 0x3, 0xff, 0xff,
    0xff, 0xf0, 0x3, 0xd0, 0x0, 0x2, 0xf0, 0x3,
    0xff, 0xff, 0xff, 0xf0, 0x3, 0xff, 0xff, 0xff,
    0xf0, 0x3, 0xd0, 0x0, 0x2, 0xf0, 0x3, 0xff,
    0xff, 0xff, 0xf0, 0x3, 0xff, 0xff, 0xff, 0xe0,
    0x2, 0x80, 0xa, 0x0, 0x0, 0x3, 0xc0, 0x1f,
    0x0, 0x0, 0xb, 0xff, 0xff, 0xff, 0xfc, 0xf,
    0xff, 0xff, 0xff, 0xfc, 0x3f, 0x0, 0x1f, 0x0,
    0x0, 0x7d, 0xff, 0xff, 0xff, 0xf0, 0x24, 0xff,
    0xff, 0xff, 0xf0, 0x0, 0x0, 0x1f, 0x0, 0x0,
    0x0, 0x0, 0x1f, 0x0, 0x0, 0x3f, 0xff, 0xff,
    0xff, 0xff, 0x3f, 0xff, 0xff, 0xff, 0xff,

    /* U+663E "显" */
    0xb, 0xff, 0xff, 0xff, 0xd0, 0xb, 0xff, 0xff,
    0xff, 0xd0, 0xb, 0x80, 0x0, 0x3, 0xd0, 0xb,
    0xff, 0xff, 0xff, 0xd0, 0xb, 0xff, 0xff, 0xff,
    0xd0, 0xb, 0x80, 0x0, 0x3, 0xd0, 0xb, 0x80,
    0x0, 0x3, 0xd0, 0xb, 0xff, 0xff, 0xff, 0xd0,
    0xb, 0xff, 0xff, 0xff, 0xd0, 0x0, 0x0, 0x0,
    0x0, 0x0, 0x0, 0xb, 0x43, 0xc0, 0x10, 0x2c,
    0xf, 0x83, 0xc0, 0xf8, 0x3f, 0xf, 0x83, 0xc1,
    0xf0, 0xf, 0x4f, 0x83, 0xc3, 0xe0, 0x7, 0xcf,
    0x83, 0xcb, 0xc0, 0x3, 0x4f, 0x83, 0xc3, 0x40,
    0x0, 0xf, 0x83, 0xd0, 0x0, 0xff, 0xff, 0xff,
    0xff, 0xfe, 0xff, 0xff, 0xff, 0xff, 0xfe,

    /* U+666E "普" */
    0x0, 0x0, 0x0, 0x0, 0x0, 0x0, 0x7c, 0x0,
    0xb8, 0x0, 0x0, 0x3d, 0x0, 0xf4, 0x0, 0x3f,
    0xff, 0xff, 0xff, 0xf8, 0x3f, 0xff, 0xff, 0xff,
    0xf8, 0x2, 0xb, 0xc7, 0xc1, 0x40, 0xb, 0x87,
    0xc7, 0xc2, 0xd0, 0x7, 0xc7, 0xc7, 0xc7, 0xc0,
    0x3, 0xdb, 0xc7, 0xc7, 0x80, 0xff, 0xff, 0xff,
    0xff, 0xfe, 0xff, 0xff, 0xff, 0xff, 0xfe, 0x0,
    0x0, 0x0, 0x0, 0x0, 0x7, 0xff, 0xff, 0xff,
    0xc0, 0x7, 0xff, 0xff, 0xff, 0xc0, 0x7, 0xc0,
    0x0, 0x7, 0xc0, 0x7, 0xff, 0xff, 0xff, 0xc0,
    0x7, 0xff, 0xff, 0xff, 0xc0, 0x7, 0xc0, 0x0,
    0x7, 0xc0, 0x7, 0xff, 0xff, 0xff, 0xc0, 0x7,
    0xff, 0xff, 0xff, 0xc0, 0x7, 0xc0, 0x0, 0x7,
    0xc0,

    /* U+6682 "暂" */
    0x0, 0x0, 0x0, 0x0, 0x0, 0x3, 0xe0, 0x0,
    0x1, 0xb0, 0xff, 0xff, 0xf6, 0xff, 0xf8, 0xff,
    0xff, 0xf7, 0xfe, 0x40, 0x1f, 0x14, 0x3, 0xc0,
    0x0, 0x3e, 0x3c, 0x3, 0xc0, 0x0, 0x7f, 0xff,
    0xf3, 0xff, 0xfd, 0x3f, 0xff, 0xf7, 0xff, 0xfd,
    0x0, 0x3c, 0x3, 0xc3, 0xd0, 0x6a, 0xff, 0xf7,
    0x83, 0xd0, 0xbf, 0xff, 0xff, 0x43, 0xd0, 0x15,
    0x7c, 0xb, 0x3, 0xd0, 0x0, 0x28, 0x1, 0x1,
    0x80, 0xb, 0xff, 0xff, 0xff, 0xc0, 0xb, 0xff,
    0xff, 0xff, 0xc0, 0xb, 0xc0, 0x0, 0x3, 0xc0,
    0xb, 0xff, 0xff, 0xff, 0xc0, 0xb, 0xff, 0xff,
    0xff, 0xc0, 0xb, 0xc0, 0x0, 0x3, 0xc0, 0xb,
    0xff, 0xff, 0xff, 0xc0, 0xb, 0xff, 0xff, 0xff,
    0xc0,

    /* U+66F4 "更" */
    0x3f, 0xff, 0xff, 0xff, 0xff, 0xf, 0xff, 0xff,
    0xff, 0xff, 0xc0, 0x0, 0x3, 0xe0, 0x0, 0x0,
    0x1f, 0xff, 0xff, 0xff, 0xc0, 0x7, 0xff, 0xff,
    0xff, 0xf0, 0x1, 0xf0, 0xb, 0x80, 0x3c, 0x0,
    0x7c, 0x2, 0xe0, 0xf, 0x0, 0x1f, 0xff, 0xff,
    0xff, 0xc0, 0x7, 0xff, 0xff, 0xff, 0xf0, 0x1,
    0xf0, 0xf, 0x80, 0x3c, 0x0, 0x7f, 0xff, 0xff,
    0xff, 0x0, 0x1f, 0xff, 0xff, 0xff, 0xc0, 0x0,
    0x60, 0x7c, 0x0, 0x0, 0x0, 0x7f, 0x2f, 0x0,
    0x0, 0x0, 0x7, 0xff, 0x40, 0x0, 0x0, 0x0,
    0x3f, 0xf8, 0x0, 0x0, 0x1, 0xbf, 0xff, 0xfe,
    0x50, 0x2f, 0xff, 0x41, 0xbf, 0xff, 0xe3, 0xf9,
    0x0, 0x1, 0x6f, 0xf4, 0x0, 0x0, 0x0, 0x0,
    0x0,

    /* U+6700 "最" */
    0x3, 0xff, 0xff, 0xff, 0xe0, 0x0, 0xfa, 0xaa,
    0xaa, 0xf8, 0x0, 0x3f, 0xff, 0xff, 0xfe, 0x0,
    0xf, 0xaa, 0xaa, 0xaf, 0x80, 0x3, 0xd5, 0x55,
    0x57, 0xe0, 0x0, 0xff, 0xff, 0xff, 0xf8, 0x0,
    0x0, 0x0, 0x0, 0x0, 0x1, 0xff, 0xff, 0xff,
    0xff, 0xfc, 0xbf, 0xff, 0xff, 0xff, 0xff, 0x2,
    0xd0, 0x3c, 0x0, 0x0, 0x0, 0xba, 0xaf, 0x3f,
    0xff, 0x80, 0x2f, 0xff, 0xcf, 0xff, 0xf0, 0xb,
    0x40, 0xf1, 0xf0, 0xb8, 0x2, 0xff, 0xfc, 0x3d,
    0x3c, 0x0, 0xba, 0xaf, 0x3, 0xfe, 0x0, 0x2d,
    0x7, 0xf0, 0x7f, 0x0, 0x7f, 0xff, 0xfc, 0x7f,
    0xf4, 0x1f, 0xe9, 0x7c, 0xfe, 0x3f, 0xc0, 0x0,
    0xf, 0x29, 0x1, 0xd0, 0x0, 0x0, 0x0, 0x0,
    0x0,

    /* U+6708 "月" */
    0x3, 0xff, 0xff, 0xff, 0x40, 0xff, 0xff, 0xff,
    0xd0, 0x3d, 0x0, 0x0, 0xf4, 0xf, 0x0, 0x0,
    0x3d, 0x3, 0xd0, 0x0, 0xf, 0x40, 0xff, 0xff,
    0xff, 0xd0, 0x3f, 0xff, 0xff, 0xf4, 0xf, 0x40,
    0x0, 0x3d, 0x3, 0xc0, 0x0, 0xf, 0x40, 0xf0,
    0x0, 0x3, 0xd0, 0x3f, 0xff, 0xff, 0xf4, 0xf,
    0xff, 0xff, 0xfd, 0x3, 0xc0, 0x0, 0xf, 0x41,
    0xf0, 0x0, 0x3, 0xd0, 0xb8, 0x0, 0x0, 0xf4,
    0x3d, 0x0, 0x0, 0x3d, 0x1f, 0x0, 0x0, 0x1f,
    0x4f, 0x80, 0x0, 0xff, 0xc1, 0xc0, 0x0, 0x3f,
    0xe0, 0x0, 0x0, 0x0, 0x0,

    /* U+6709 "有" */
    0x0, 0x0, 0x0, 0x0, 0x0, 0x0, 0x0, 0x1f,
    0x0, 0x0, 0x0, 0x0, 0xf, 0x80, 0x0, 0x0,
    0x7f, 0xff, 0xff, 0xff, 0xff, 0x1f, 0xff, 0xff,
    0xff, 0xff, 0xc0, 0x1, 0xf4, 0x0, 0x0, 0x0,
    0x0, 0xfc, 0x0, 0x0, 0x0, 0x0, 0xbf, 0xff,
    0xff, 0xd0, 0x0, 0x7f, 0xff, 0xff, 0xf4, 0x0,
    0x7f, 0xd0, 0x0, 0x3d, 0x0, 0x7f, 0xf4, 0x0,
    0xf, 0x40, 0x7f, 0x3f, 0xff, 0xff, 0xd0, 0x2f,
    0x4f, 0xff, 0xff, 0xf4, 0x3, 0x3, 0xd0, 0x0,
    0x3d, 0x0, 0x0, 0xf4, 0x0, 0xf, 0x40, 0x0,
    0x3f, 0xff, 0xff, 0xd0, 0x0, 0xf, 0xff, 0xff,
    0xf4, 0x0, 0x3, 0xd0, 0x0, 0x3d, 0x0, 0x0,
    0xf4, 0x0, 0xf, 0x40, 0x0, 0x3d, 0x0, 0xbf,
    0xd0, 0x0, 0xf, 0x40, 0x1f, 0xe0, 0x0,

    /* U+671F "期" */
    0xb, 0x80, 0xf4, 0x0, 0x0, 0x2, 0xe0, 0x3d,
    0x2f, 0xff, 0xc3, 0xff, 0xff, 0xdb, 0xff, 0xf0,
    0xff, 0xff, 0xf6, 0xe0, 0x3c, 0xb, 0x80, 0xf4,
    0xb8, 0xf, 0x2, 0xe0, 0x3d, 0x2e, 0x3, 0xc0,
    0xbf, 0xff, 0x4b, 0xff, 0xf0, 0x2f, 0xff, 0xd2,
    0xff, 0xfc, 0xb, 0x80, 0xf4, 0xb8, 0xf, 0x2,
    0xff, 0xfd, 0x2e, 0x3, 0xc0, 0xbf, 0xff, 0x4b,
    0x95, 0xf0, 0x2e, 0x3, 0xd2, 0xff, 0xfc, 0xb,
    0x80, 0xf4, 0xff, 0xff, 0xf, 0xff, 0xff, 0xbe,
    0x57, 0xc3, 0xff, 0xff, 0xef, 0x40, 0xf0, 0x9,
    0x6, 0x7, 0xc0, 0x3c, 0x7, 0xc3, 0xd2, 0xf0,
    0xf, 0x3, 0xe0, 0x7d, 0xf4, 0x7, 0xc3, 0xf0,
    0xf, 0xfc, 0x2f, 0xf0, 0x70, 0x1, 0x4d, 0x7,
    0xf4, 0x0, 0x0, 0x0, 0x0, 0x0, 0x0,

    /* U+672A "未" */
    0x0, 0x0, 0x2f, 0x0, 0x0, 0x0, 0x0, 0xb,
    0xc0, 0x0, 0x0, 0x0, 0x2, 0xf0, 0x0, 0x0,
    0x2f, 0xff, 0xff, 0xff, 0xf0, 0xb, 0xff, 0xff,
    0xff, 0xfc, 0x0, 0x0, 0xb, 0xc0, 0x0, 0x0,
    0x0, 0x2, 0xf0, 0x0, 0x0, 0x0, 0x0, 0xbc,
    0x0, 0x0, 0x3f, 0xff, 0xff, 0xff, 0xff, 0x4f,
    0xff, 0xff, 0xff, 0xff, 0xd0, 0x0, 0x2f, 0xff,
    0x0, 0x0, 0x0, 0x1e, 0xbd, 0xe0, 0x0, 0x0,
    0xf, 0x2f, 0x3d, 0x0, 0x0, 0xf, 0x8b, 0xc3,
    0xd0, 0x0, 0xf, 0xc2, 0xf0, 0x7d, 0x0, 0x1f,
    0xc0, 0xbc, 0xb, 0xe0, 0x3f, 0xc0, 0x2f, 0x0,
    0xbf, 0x4f, 0xc0, 0xb, 0xc0, 0xb, 0xd1, 0x80,
    0x2, 0xf0, 0x0, 0x60, 0x0, 0x0, 0xbc, 0x0,
    0x0,

    /* U+672C "本" */
    0x0, 0x0, 0x2e, 0x0, 0x0, 0x0, 0x0, 0xb,
    0x80, 0x0, 0x0, 0x0, 0x2, 0xe0, 0x0, 0x0,
    0x0, 0x0, 0xb8, 0x0, 0x0, 0x3f, 0xff, 0xff,
    0xff, 0xff, 0xf, 0xff, 0xff, 0xff, 0xff, 0xc0,
    0x0, 0x2f, 0xfe, 0x0, 0x0, 0x0, 0xe, 0xba,
    0xc0, 0x0, 0x0, 0xb, 0x6e, 0x3c, 0x0, 0x0,
    0x7, 0xcb, 0x8b, 0x80, 0x0, 0x3, 0xc2, 0xe0,
    0xf4, 0x0, 0x3, 0xe0, 0xb8, 0x1f, 0x40, 0x3,
    0xf0, 0x2e, 0x2, 0xf4, 0x7, 0xf0, 0xb, 0x80,
    0x3f, 0x47, 0xf3, 0xff, 0xff, 0xf3, 0xf9, 0xf0,
    0xff, 0xff, 0xfc, 0x3c, 0x10, 0x0, 0x2e, 0x0,
    0x0, 0x0, 0x0, 0xb, 0x80, 0x0, 0x0, 0x0,
    0x2, 0xe0, 0x0, 0x0, 0x0, 0x0, 0xb8, 0x0,
    0x0,

    /* U+673A "机" */
    0x0, 0xf0, 0x0, 0x0, 0x0, 0x0, 0xf, 0x0,
    0xff, 0xfc, 0x0, 0x0, 0xf0, 0xf, 0xff, 0xc0,
    0x0, 0xf, 0x0, 0xf0, 0x3c, 0x0, 0x3f, 0xff,
    0x8f, 0x3, 0xc0, 0x3, 0xff, 0xf8, 0xf0, 0x3c,
    0x0, 0x1, 0xf4, 0xf, 0x3, 0xc0, 0x0, 0x2f,
    0x80, 0xf0, 0x3c, 0x0, 0x3, 0xfe, 0xf, 0x3,
    0xc0, 0x0, 0x7f, 0xf8, 0xf0, 0x3c, 0x0, 0xf,
    0xf7, 0xdf, 0x3, 0xc0, 0x2, 0xdf, 0x24, 0xf0,
    0x3c, 0x0, 0x3c, 0xf0, 0x1f, 0x3, 0xc0, 0x3,
    0x8f, 0x1, 0xe0, 0x3c, 0x24, 0x30, 0xf0, 0x2e,
    0x3, 0xc3, 0xc0, 0xf, 0x3, 0xd0, 0x3c, 0x3c,
    0x0, 0xf0, 0x7c, 0x3, 0xc3, 0xc0, 0xf, 0xf,
    0x80, 0x3d, 0x7c, 0x0, 0xf1, 0xf4, 0x3, 0xff,
    0xc0, 0xf, 0xa, 0x0, 0x1f, 0xf4, 0x0, 0x0,
    0x0, 0x0, 0x0, 0x0,

    /* U+675F "束" */
    0x0, 0x0, 0x2e, 0x0, 0x0, 0x0, 0x0, 0xb,
    0x80, 0x0, 0x3, 0xff, 0xff, 0xff, 0xff, 0xf0,
    0xff, 0xff, 0xff, 0xff, 0xfc, 0x0, 0x0, 0x2e,
    0x0, 0x0, 0x0, 0x0, 0xb, 0x80, 0x0, 0x0,
    0x7f, 0xff, 0xff, 0xff, 0x80, 0x1f, 0xff, 0xff,
    0xff, 0xe0, 0x7, 0xc0, 0x2e, 0x0, 0xf8, 0x1,
    0xf0, 0xb, 0x80, 0x3e, 0x0, 0x7f, 0xff, 0xff,
    0xff, 0x80, 0x1f, 0xff, 0xff, 0xff, 0xe0, 0x0,
    0x3, 0xff, 0xf0, 0x0, 0x0, 0x2, 0xeb, 0xae,
    0x0, 0x0, 0x3, 0xf2, 0xe2, 0xf0, 0x0, 0x7,
    0xf0, 0xb8, 0x3f, 0x40, 0x1f, 0xf0, 0x2e, 0x2,
    0xfc, 0x2f, 0xe0, 0xb, 0x80, 0x2f, 0xe3, 0xd0,
    0x2, 0xe0, 0x1, 0xf0, 0x0, 0x0, 0xb8, 0x0,
    0x0,

    /* U+6761 "条" */
    0x0, 0x1, 0x40, 0x0, 0x0, 0x0, 0x1, 0xf4,
    0x0, 0x0, 0x0, 0x1, 0xff, 0xff, 0xfc, 0x0,
    0x1, 0xff, 0xff, 0xff, 0x0, 0x1, 0xff, 0x0,
    0x1f, 0x40, 0x2, 0xff, 0xf4, 0x2f, 0x40, 0x0,
    0xb8, 0x3f, 0xbf, 0x40, 0x0, 0x4, 0x3, 0xff,
    0x80, 0x0, 0x0, 0x1b, 0xff, 0xfe, 0x50, 0xa,
    0xff, 0xf4, 0x2f, 0xff, 0xe3, 0xfe, 0x40, 0x90,
    0x2f, 0xf4, 0x50, 0x0, 0x7c, 0x0, 0x4, 0xb,
    0xff, 0xff, 0xff, 0xfc, 0x2, 0xff, 0xff, 0xff,
    0xff, 0x0, 0x0, 0x1, 0xf0, 0x0, 0x0, 0x0,
    0x90, 0x7c, 0x1c, 0x0, 0x0, 0xbc, 0x1f, 0xf,
    0xd0, 0x1, 0xfd, 0x7, 0xc0, 0xfe, 0x2, 0xfd,
    0x2, 0xf0, 0xb, 0xe0, 0x7c, 0x1f, 0xfc, 0x0,
    0xb8, 0x4, 0x3, 0xfc, 0x0, 0x4, 0x0,

    /* U+6765 "来" */
    0x0, 0x0, 0x1f, 0x0, 0x0, 0x0, 0x0, 0x1,
    0xf0, 0x0, 0x0, 0xf, 0xff, 0xff, 0xff, 0xfe,
    0x0, 0xff, 0xff, 0xff, 0xff, 0xe0, 0x0, 0x10,
    0x2f, 0x1, 0x40, 0x0, 0xf, 0x1, 0xf0, 0x3e,
    0x0, 0x0, 0xf8, 0x1f, 0x3, 0xc0, 0x0, 0x3,
    0xc1, 0xf0, 0xb8, 0x0, 0x0, 0x28, 0x1f, 0xf,
    0x0, 0x3, 0xff, 0xff, 0xff, 0xff, 0xf4, 0x3f,
    0xff, 0xff, 0xff, 0xff, 0x40, 0x0, 0x2f, 0xff,
    0x0, 0x0, 0x0, 0x7, 0xdf, 0x78, 0x0, 0x0,
    0x1, 0xf1, 0xf3, 0xe0, 0x0, 0x0, 0x7d, 0x1f,
    0xf, 0xc0, 0x0, 0x2f, 0x81, 0xf0, 0x3f, 0x40,
    0x2f, 0xd0, 0x1f, 0x0, 0xfe, 0x7, 0xf4, 0x1,
    0xf0, 0x3, 0xfc, 0x38, 0x0, 0x1f, 0x0, 0xb,
    0x0, 0x0, 0x1, 0xf0, 0x0, 0x0,

    /* U+677F "板" */
    0x0, 0xf0, 0x0, 0x1, 0x6d, 0x0, 0x3c, 0xf,
    0xff, 0xff, 0xc0, 0xf, 0x3, 0xff, 0xe9, 0x0,
    0x17, 0xd4, 0xf0, 0x0, 0x0, 0x3f, 0xff, 0xbc,
    0x0, 0x0, 0xf, 0xff, 0xef, 0x0, 0x0, 0x0,
    0x1f, 0x43, 0xff, 0xff, 0xe0, 0xb, 0xe0, 0xff,
    0xff, 0xf8, 0x3, 0xfe, 0x3d, 0xf0, 0x2e, 0x1,
    0xff, 0xdf, 0x3c, 0xf, 0x40, 0xff, 0x7b, 0xcb,
    0x83, 0xc0, 0x7b, 0xc8, 0xf1, 0xf1, 0xf0, 0x3c,
    0xf0, 0x3c, 0x3d, 0xf8, 0xe, 0x3c, 0x1f, 0x7,
    0xfc, 0x2, 0xf, 0xb, 0x80, 0xfe, 0x0, 0x3,
    0xc3, 0xd0, 0x3f, 0x80, 0x0, 0xf0, 0xf0, 0x3f,
    0xfc, 0x0, 0x3c, 0xbc, 0x7f, 0x1f, 0xd0, 0xf,
    0x3d, 0xbf, 0x1, 0xf8, 0x3, 0xc3, 0xe, 0x0,
    0xc, 0x0, 0x0, 0x0, 0x0, 0x0, 0x0,

    /* U+6781 "极" */
    0x0, 0xf0, 0x0, 0x0, 0x0, 0x0, 0xf, 0xf,
    0xff, 0xff, 0x80, 0x0, 0xf0, 0xff, 0xff, 0xf8,
    0x0, 0xf, 0x0, 0xf8, 0xf, 0x40, 0x2a, 0xfa,
    0x4f, 0x40, 0xf4, 0x3, 0xff, 0xf8, 0xf4, 0xf,
    0x0, 0x1a, 0xfa, 0x4f, 0x81, 0xf0, 0x0, 0x1f,
    0x40, 0xfc, 0x2f, 0xf4, 0x3, 0xfc, 0xf, 0xc3,
    0xff, 0x40, 0x7f, 0xf0, 0xfd, 0x1, 0xf0, 0xf,
    0xfb, 0xdf, 0xf0, 0x2f, 0x1, 0xef, 0x35, 0xfb,
    0x43, 0xe0, 0x3c, 0xf0, 0x2e, 0x7c, 0xbc, 0x3,
    0x8f, 0x3, 0xd2, 0xff, 0x80, 0x20, 0xf0, 0x7c,
    0xf, 0xf0, 0x0, 0xf, 0xb, 0xc0, 0xfe, 0x0,
    0x0, 0xf0, 0xf4, 0x7f, 0xfc, 0x0, 0xf, 0x3f,
    0x2f, 0xdb, 0xf4, 0x0, 0xf7, 0xdb, 0xf0, 0x1f,
    0xc0, 0xf, 0x18, 0x34, 0x0, 0x24, 0x0, 0x0,
    0x0, 0x0, 0x0, 0x0,

    /* U+67E5 "查" */
    0x0, 0x0, 0x2e, 0x0, 0x0, 0x0, 0x0, 0xb,
    0x80, 0x0, 0x2, 0xff, 0xff, 0xff, 0xff, 0xe0,
    0xbf, 0xff, 0xff, 0xff, 0xf8, 0x0, 0x7, 0xee,
    0xf4, 0x0, 0x0, 0x2f, 0x8b, 0x8f, 0xd0, 0x2,
    0xff, 0x42, 0xe0, 0x7f, 0xe1, 0xfe, 0x0, 0xb8,
    0x2, 0xfc, 0x25, 0xff, 0xff, 0xff, 0xd6, 0x0,
    0x7f, 0xff, 0xff, 0xf4, 0x0, 0x1f, 0x0, 0x0,
    0x3d, 0x0, 0x7, 0xff, 0xff, 0xff, 0x40, 0x1,
    0xff, 0xff, 0xff, 0xd0, 0x0, 0x7c, 0x0, 0x0,
    0xf4, 0x0, 0x1f, 0xff, 0xff, 0xfd, 0x0, 0x7,
    0xff, 0xff, 0xff, 0x40, 0x0, 0x0, 0x0, 0x0,
    0x0, 0x0, 0x0, 0x0, 0x0, 0x0, 0x3, 0xff,
    0xff, 0xff, 0xff, 0xf0, 0xff, 0xff, 0xff, 0xff,
    0xfc,

    /* U+6807 "标" */
    0x0, 0xf0, 0x0, 0x0, 0x0, 0x0, 0xf, 0x1,
    0xff, 0xff, 0xf0, 0x0, 0xf0, 0x1f, 0xff, 0xff,
    0x0, 0x1f, 0x0, 0x0, 0x0, 0x0, 0x2f, 0xff,
    0x40, 0x0, 0x0, 0x1, 0xff, 0xf4, 0x0, 0x0,
    0x0, 0x1, 0xf0, 0xbf, 0xff, 0xff, 0xc0, 0x2f,
    0x4b, 0xff, 0xff, 0xfc, 0x3, 0xfd, 0x0, 0x2f,
    0x0, 0x0, 0x7f, 0xf0, 0x1, 0xf0, 0x40, 0xf,
    0xf7, 0xcf, 0x1f, 0x3c, 0x2, 0xef, 0x34, 0xf1,
    0xf3, 0xd0, 0x3c, 0xf0, 0x2e, 0x1f, 0x1f, 0x3,
    0x8f, 0x3, 0xd1, 0xf0, 0xf0, 0x20, 0xf0, 0x7c,
    0x1f, 0xf, 0x40, 0xf, 0xb, 0x81, 0xf0, 0xb8,
    0x0, 0xf1, 0xf4, 0x1f, 0x7, 0xc0, 0xf, 0xf,
    0x2, 0xf0, 0x7c, 0x0, 0xf0, 0x3, 0xfe, 0x1,
    0x0, 0xf, 0x0, 0x3f, 0xc0, 0x0,

    /* U+6808 "栈" */
    0x0, 0x0, 0x0, 0x0, 0x0, 0x0, 0xf, 0x0,
    0xf, 0x1c, 0x0, 0x0, 0xf0, 0x0, 0xf2, 0xf0,
    0x0, 0xf, 0x0, 0xf, 0xf, 0x80, 0x0, 0xf4,
    0x0, 0xf0, 0x20, 0x3, 0xff, 0xf4, 0xf, 0xaf,
    0xc0, 0x3f, 0xff, 0x6f, 0xff, 0xfd, 0x0, 0x1f,
    0x3, 0xff, 0xa4, 0x0, 0x2, 0xf8, 0x14, 0xf0,
    0x0, 0x0, 0x3f, 0xd0, 0xf, 0x56, 0xf0, 0xb,
    0xff, 0x6, 0xff, 0xff, 0x0, 0xff, 0xbb, 0xff,
    0xfa, 0x40, 0x3d, 0xf3, 0x7e, 0xf8, 0x14, 0x7,
    0xcf, 0x10, 0x7, 0xc7, 0xd0, 0x34, 0xf0, 0x0,
    0x3d, 0xf8, 0x1, 0xf, 0x0, 0x3, 0xfe, 0x0,
    0x0, 0xf0, 0x0, 0x3f, 0x83, 0x40, 0xf, 0x0,
    0x2f, 0xf4, 0x7c, 0x0, 0xf0, 0x6f, 0xfb, 0xdb,
    0x80, 0xf, 0xb, 0xf4, 0x2f, 0xf0, 0x0, 0xf0,
    0x10, 0x0, 0x7d, 0x0,

    /* U+6821 "校" */
    0x0, 0x0, 0x0, 0x0, 0x0, 0x0, 0xf, 0x0,
    0x3, 0xd0, 0x0, 0x0, 0xf0, 0x0, 0x1f, 0x0,
    0x0, 0xf, 0x1, 0x56, 0xf9, 0x54, 0x0, 0xf0,
    0x3f, 0xff, 0xff, 0xc2, 0xff, 0xf3, 0xff, 0xff,
    0xfc, 0x2f, 0xff, 0x2, 0x40, 0x30, 0x0, 0x1f,
    0x40, 0x7d, 0xb, 0xc0, 0x2, 0xf0, 0xf, 0x80,
    0x3f, 0x0, 0x3f, 0xc2, 0xf0, 0x0, 0xf8, 0x7,
    0xff, 0xbf, 0x80, 0x6f, 0xc0, 0xff, 0xbf, 0xfc,
    0xf, 0x7c, 0x2d, 0xf3, 0xd2, 0xe0, 0xf0, 0x3,
    0xcf, 0x10, 0x1f, 0x2f, 0x0, 0x34, 0xf0, 0x0,
    0xff, 0xd0, 0x1, 0xf, 0x0, 0x3, 0xfc, 0x0,
    0x0, 0xf0, 0x0, 0x3f, 0xc0, 0x0, 0xf, 0x0,
    0x1f, 0xff, 0x40, 0x0, 0xf0, 0x1f, 0xf9, 0xff,
    0x40, 0xf, 0xf, 0xfd, 0x2, 0xfd, 0x0, 0xf0,
    0x7d, 0x0, 0x2, 0xc0, 0x0, 0x0, 0x0, 0x0,
    0x0,

    /* U+68C0 "检" */
    0x0, 0xf0, 0x0, 0x2f, 0x0, 0x0, 0xf, 0x0,
    0x7, 0xf4, 0x0, 0x0, 0xf0, 0x0, 0xfb, 0xc0,
    0x0, 0xf, 0x0, 0x2f, 0x2f, 0x0, 0x2f, 0xff,
    0xb, 0xc0, 0xf8, 0x2, 0xff, 0xf2, 0xf4, 0x7,
    0xe0, 0x1, 0xf0, 0xff, 0xff, 0xff, 0xc0, 0x2f,
    0x8f, 0xbf, 0xff, 0x7c, 0x3, 0xfd, 0x50, 0x0,
    0x1, 0x40, 0x7f, 0xf4, 0x2, 0x80, 0x90, 0xf,
    0xf7, 0x6d, 0x7c, 0x1f, 0x1, 0xff, 0x22, 0xe3,
    0xc2, 0xe0, 0x3d, 0xf0, 0x1f, 0x3d, 0x3d, 0x3,
    0xcf, 0x0, 0xf2, 0xe3, 0xc0, 0x24, 0xf0, 0xf,
    0x5e, 0x7c, 0x0, 0xf, 0x0, 0xb9, 0x9b, 0x80,
    0x0, 0xf0, 0x7, 0x40, 0xf4, 0x0, 0xf, 0x0,
    0x0, 0x1f, 0x0, 0x0, 0xf0, 0xff, 0xff, 0xff,
    0xc0, 0xf, 0xf, 0xff, 0xff, 0xfc,

    /* U+6982 "概" */
    0x3, 0xc0, 0x0, 0x0, 0x0, 0x0, 0xf0, 0xff,
    0xfb, 0xff, 0xc0, 0x3c, 0x3f, 0xfe, 0xff, 0xf0,
    0xf, 0xf, 0xf, 0x1, 0xd0, 0x3f, 0xfb, 0xc3,
    0xce, 0x74, 0xf, 0xfd, 0xff, 0xf3, 0x9d, 0x0,
    0x3c, 0x3f, 0xfc, 0xdb, 0x0, 0x1f, 0xf, 0xf,
    0x76, 0xc0, 0xb, 0xe3, 0xc3, 0xde, 0xf5, 0x3,
    0xfd, 0xf0, 0xf7, 0xff, 0xc2, 0xff, 0xff, 0xfd,
    0xff, 0xf0, 0xff, 0x7f, 0xff, 0x7, 0x80, 0x77,
    0xc3, 0xc2, 0x42, 0xf4, 0x1c, 0xf0, 0xf1, 0xf0,
    0xfd, 0x1, 0x3c, 0x3c, 0x3d, 0xbf, 0x40, 0xf,
    0xf, 0x7f, 0xfe, 0xd5, 0x3, 0xc3, 0xfe, 0xfe,
    0x76, 0xc0, 0xf1, 0xfd, 0x2f, 0x1d, 0xb0, 0x3c,
    0x20, 0x1f, 0x47, 0xfc, 0xf, 0x0, 0x2, 0x80,
    0xbd,

    /* U+6A21 "模" */
    0x0, 0xf0, 0x3, 0xc1, 0xe0, 0x0, 0xf, 0x5,
    0xbd, 0x6f, 0x54, 0x0, 0xf1, 0xff, 0xff, 0xff,
    0xc0, 0xf, 0xa, 0xbe, 0xaf, 0xa4, 0x2f, 0xff,
    0x3, 0xc1, 0xe0, 0x2, 0xff, 0xf2, 0xaa, 0xaa,
    0x90, 0x1, 0xf0, 0x3f, 0xff, 0xfe, 0x0, 0x2f,
    0x3, 0xc0, 0x2, 0xe0, 0x3, 0xfc, 0x3f, 0xff,
    0xfe, 0x0, 0x7f, 0xe3, 0xff, 0xff, 0xe0, 0xf,
    0xff, 0x3c, 0x0, 0x1e, 0x1, 0xef, 0x73, 0xff,
    0xff, 0xe0, 0x3d, 0xf1, 0x3f, 0xff, 0xfe, 0x3,
    0x8f, 0x0, 0x3, 0xd0, 0x0, 0x20, 0xf2, 0xff,
    0xff, 0xff, 0xc0, 0xf, 0x2f, 0xff, 0xff, 0xfc,
    0x0, 0xf0, 0x1, 0xff, 0x80, 0x0, 0xf, 0x0,
    0xbe, 0x3f, 0x40, 0x0, 0xf0, 0xbf, 0x80, 0xbf,
    0x80, 0xf, 0x7, 0x80, 0x0, 0xb4, 0x0, 0x0,
    0x0, 0x0, 0x0, 0x0,

    /* U+6B21 "次" */
    0x0, 0x0, 0x0, 0x0, 0x0, 0x0, 0x0, 0x0,
    0xf4, 0x0, 0x0, 0x1f, 0x0, 0xf, 0x40, 0x0,
    0x1, 0xf8, 0x1, 0xf0, 0x0, 0x0, 0xb, 0xd0,
    0x2f, 0xff, 0xff, 0x80, 0x3f, 0x3, 0xff, 0xff,
    0xf8, 0x0, 0xf4, 0x7d, 0x0, 0x1f, 0x40, 0x5,
    0xf, 0xc2, 0x81, 0xf0, 0x0, 0x1, 0xf4, 0x7c,
    0x3e, 0x0, 0x0, 0x2f, 0x7, 0xc3, 0xd0, 0x0,
    0x0, 0x40, 0xbc, 0x7c, 0x0, 0xb, 0x80, 0xb,
    0xc0, 0x0, 0x0, 0xf4, 0x0, 0xfd, 0x0, 0x0,
    0x1f, 0x0, 0xf, 0xf0, 0x0, 0x3, 0xe0, 0x2,
    0xff, 0x40, 0x0, 0x3d, 0x0, 0x3e, 0xbc, 0x0,
    0xb, 0xc0, 0xf, 0xc3, 0xf0, 0x0, 0xf8, 0x3,
    0xf8, 0xf, 0xc0, 0x2f, 0x1, 0xfe, 0x0, 0x7f,
    0x43, 0xf0, 0x7f, 0x80, 0x1, 0xfc, 0x5, 0x2,
    0xd0, 0x0, 0x7, 0x40, 0x0, 0x0, 0x0, 0x0,
    0x0,

    /* U+6B4C "歌" */
    0x0, 0x0, 0x1, 0x40, 0x0, 0x2f, 0xff, 0xfc,
    0xb4, 0x0, 0xb, 0xff, 0xff, 0x3c, 0x0, 0x0,
    0x55, 0x4f, 0x4f, 0xff, 0xf4, 0x7f, 0xf7, 0xd3,
    0xff, 0xfd, 0x1e, 0x2d, 0xf6, 0xe0, 0xf, 0x7,
    0x8b, 0x7d, 0xf0, 0x7, 0xc1, 0xff, 0xdf, 0xbc,
    0xf2, 0xf0, 0x2a, 0xa3, 0xed, 0x3c, 0xf8, 0x3f,
    0xff, 0xfe, 0xf, 0x18, 0xf, 0xff, 0xff, 0x83,
    0xc0, 0x0, 0x0, 0xb, 0x41, 0xf0, 0x0, 0x15,
    0x52, 0xd0, 0x7e, 0x0, 0x1f, 0xfd, 0xb4, 0x2f,
    0xc0, 0x7, 0x8b, 0x6d, 0xf, 0xf8, 0x1, 0xe6,
    0xdb, 0x47, 0xdf, 0x40, 0x7f, 0xf6, 0xd3, 0xe2,
    0xf4, 0x0, 0x0, 0xf7, 0xf0, 0x3f, 0x40, 0x3,
    0xff, 0xf0, 0x3, 0xf0, 0x0, 0xfe, 0x30, 0x0,
    0x30, 0x0, 0x0, 0x0, 0x0, 0x0, 0x0,

    /* U+6B62 "止" */
    0x0, 0x0, 0x1f, 0x0, 0x0, 0x0, 0x0, 0x1f,
    0x0, 0x0, 0x0, 0x0, 0x1f, 0x0, 0x0, 0x0,
    0x50, 0x1f, 0x0, 0x0, 0x1, 0xf0, 0x1f, 0x0,
    0x0, 0x1, 0xf0, 0x1f, 0x0, 0x0, 0x1, 0xf0,
    0x1f, 0x0, 0x0, 0x1, 0xf0, 0x1f, 0xff, 0xf8,
    0x1, 0xf0, 0x1f, 0xff, 0xf8, 0x1, 0xf0, 0x1f,
    0x0, 0x0, 0x1, 0xf0, 0x1f, 0x0, 0x0, 0x1,
    0xf0, 0x1f, 0x0, 0x0, 0x1, 0xf0, 0x1f, 0x0,
    0x0, 0x1, 0xf0, 0x1f, 0x0, 0x0, 0x1, 0xf0,
    0x1f, 0x0, 0x0, 0x1, 0xf0, 0x1f, 0x0, 0x0,
    0x1, 0xf0, 0x1f, 0x0, 0x0, 0xff, 0xff, 0xff,
    0xff, 0xfe, 0xff, 0xff, 0xff, 0xff, 0xfe, 0x0,
    0x0, 0x0, 0x0, 0x0,

    /* U+6B63 "正" */
    0x2f, 0xff, 0xff, 0xff, 0xfc, 0x2f, 0xff, 0xff,
    0xff, 0xfc, 0x0, 0x0, 0x2f, 0x0, 0x0, 0x0,
    0x0, 0x2f, 0x0, 0x0, 0x0, 0x0, 0x2f, 0x0,
    0x0, 0x0, 0x0, 0x2f, 0x0, 0x0, 0x2, 0xe0,
    0x2f, 0x0, 0x0, 0x2, 0xe0, 0x2f, 0x0, 0x0,
    0x2, 0xe0, 0x2f, 0xff, 0xf0, 0x2, 0xe0, 0x2f,
    0xff, 0xf0, 0x2, 0xe0, 0x2f, 0x0, 0x0, 0x2,
    0xe0, 0x2f, 0x0, 0x0, 0x2, 0xe0, 0x2f, 0x0,
    0x0, 0x2, 0xe0, 0x2f, 0x0, 0x0, 0x2, 0xe0,
    0x2f, 0x0, 0x0, 0x2, 0xe0, 0x2f, 0x0, 0x0,
    0xff, 0xff, 0xff, 0xff, 0xff, 0xff, 0xff, 0xff,
    0xff, 0xff, 0x0, 0x0, 0x0, 0x0, 0x0,

    /* U+6B64 "此" */
    0x0, 0x0, 0x0, 0xf4, 0x0, 0x0, 0x3, 0xc0,
    0x3d, 0x0, 0x0, 0x0, 0xf0, 0xf, 0x40, 0x0,
    0x0, 0x3c, 0x3, 0xd0, 0x0, 0xa, 0xf, 0x0,
    0xf4, 0x5, 0x3, 0xc3, 0xc0, 0x3d, 0xb, 0xc0,
    0xf0, 0xf4, 0xf, 0x5f, 0xe0, 0x3c, 0x3f, 0xf3,
    0xff, 0xc0, 0xf, 0xf, 0xfc, 0xff, 0x40, 0x3,
    0xc3, 0xc0, 0x3d, 0x0, 0x0, 0xf0, 0xf0, 0xf,
    0x40, 0x0, 0x3c, 0x3c, 0x3, 0xd0, 0x0, 0xf,
    0xf, 0x0, 0xf4, 0x0, 0x3, 0xc3, 0xc0, 0x3d,
    0x2, 0xd0, 0xf0, 0xf0, 0xf, 0x40, 0xf4, 0x3c,
    0x3f, 0xf3, 0xd0, 0x3d, 0xf, 0xff, 0xfc, 0xf8,
    0x1f, 0x2f, 0xff, 0xe4, 0x3f, 0xff, 0xc7, 0xf9,
    0x0, 0x7, 0xff, 0xd0, 0x0, 0x0, 0x0, 0x0,
    0x0,

    /* U+6B65 "步" */
    0x0, 0x0, 0x3c, 0x0, 0x0, 0x1, 0x40, 0x3c,
    0x0, 0x0, 0x3, 0xd0, 0x3f, 0xff, 0xe0, 0x3,
    0xd0, 0x3f, 0xff, 0xe0, 0x3, 0xd0, 0x3d, 0x0,
    0x0, 0x3, 0xd0, 0x3c, 0x0, 0x0, 0x3, 0xd0,
    0x7d, 0x0, 0x0, 0xff, 0xff, 0xff, 0xff, 0xfe,
    0xff, 0xff, 0xff, 0xff, 0xfe, 0x0, 0x0, 0x3d,
    0x0, 0x0, 0x0, 0xb0, 0x3d, 0x0, 0x80, 0x1,
    0xf4, 0x3d, 0x2, 0xf0, 0x7, 0xe0, 0x3d, 0x7,
    0xe0, 0x2f, 0x80, 0x3d, 0xf, 0xc0, 0x7e, 0x0,
    0x3d, 0x3f, 0x0, 0x28, 0x0, 0x16, 0xfd, 0x0,
    0x0, 0x0, 0x2f, 0xf0, 0x0, 0x1, 0x5b, 0xff,
    0x80, 0x0, 0x2f, 0xff, 0xf8, 0x0, 0x0, 0xf,
    0xf9, 0x0, 0x0, 0x0, 0x0, 0x0, 0x0, 0x0,
    0x0,

    /* U+6BD4 "比" */
    0x0, 0x0, 0x0, 0x0, 0x0, 0x3c, 0x0, 0xf,
    0x0, 0x0, 0x3c, 0x0, 0xf, 0x0, 0x0, 0x3c,
    0x0, 0xf, 0x0, 0x0, 0x3c, 0x0, 0xf, 0x0,
    0x10, 0x3c, 0x0, 0xf, 0x1, 0xf8, 0x3f, 0xff,
    0x8f, 0xbf, 0xf4, 0x3f, 0xff, 0x8f, 0xfe, 0x40,
    0x3d, 0x0, 0xf, 0x90, 0x0, 0x3c, 0x0, 0xf,
    0x0, 0x0, 0x3c, 0x0, 0xf, 0x0, 0x0, 0x3c,
    0x0, 0xf, 0x0, 0x0, 0x3c, 0x0, 0xf, 0x0,
    0x0, 0x3c, 0x0, 0xf, 0x0, 0x0, 0x3c, 0x0,
    0xf, 0x0, 0x2d, 0x3c, 0x0, 0xf, 0x0, 0x3d,
    0x3c, 0xb, 0xcf, 0x0, 0x3d, 0x3f, 0xff, 0xcf,
    0x40, 0x7c, 0x7f, 0xfe, 0x4f, 0xff, 0xfc, 0x3e,
    0x40, 0x3, 0xff, 0xf0, 0x0, 0x0, 0x0, 0x0,
    0x0,

    /* U+6C14 "气" */
    0x0, 0x0, 0x0, 0x0, 0x0, 0x0, 0x7, 0xc0,
    0x0, 0x0, 0x0, 0x0, 0xfc, 0x0, 0x0, 0x0,
    0x0, 0x1f, 0xff, 0xff, 0xff, 0xc0, 0x3, 0xff,
    0xff, 0xff, 0xfc, 0x0, 0x7d, 0x0, 0x0, 0x0,
    0x0, 0xf, 0xbf, 0xff, 0xff, 0xf0, 0x3, 0xf3,
    0xff, 0xff, 0xff, 0x0, 0x2d, 0x0, 0x0, 0x0,
    0x0, 0x0, 0x40, 0x0, 0x0, 0x0, 0x0, 0x3,
    0xff, 0xff, 0xff, 0xc0, 0x0, 0x3f, 0xff, 0xff,
    0xfc, 0x0, 0x0, 0x0, 0x0, 0x3, 0xc0, 0x0,
    0x0, 0x0, 0x0, 0x3c, 0x0, 0x0, 0x0, 0x0,
    0x3, 0xc0, 0x0, 0x0, 0x0, 0x0, 0x3c, 0x10,
    0x0, 0x0, 0x0, 0x3, 0xc3, 0xc0, 0x0, 0x0,
    0x0, 0x3c, 0x7c, 0x0, 0x0, 0x0, 0x2, 0xff,
    0x80, 0x0, 0x0, 0x0, 0x1f, 0xf0, 0x0, 0x0,
    0x0, 0x0, 0x7d, 0x0, 0x0, 0x0, 0x0, 0x0,
    0x0,

    /* U+6C34 "水" */
    0x0, 0x0, 0xf, 0x0, 0x0, 0x0, 0x0, 0x0,
    0xf0, 0x0, 0x0, 0x0, 0x0, 0xf, 0x0, 0x0,
    0x0, 0x0, 0x0, 0xf0, 0x1, 0x80, 0x0, 0x0,
    0xf, 0x40, 0x3e, 0x1, 0xff, 0xfc, 0xf8, 0xf,
    0xc0, 0x1f, 0xff, 0xcf, 0xc3, 0xf0, 0x0, 0x0,
    0xbc, 0xfe, 0xfc, 0x0, 0x0, 0xb, 0x4f, 0xff,
    0x0, 0x0, 0x0, 0xf0, 0xfb, 0xc0, 0x0, 0x0,
    0x2f, 0xf, 0x3d, 0x0, 0x0, 0x3, 0xd0, 0xf1,
    0xf0, 0x0, 0x0, 0xbc, 0xf, 0xb, 0xc0, 0x0,
    0x1f, 0x40, 0xf0, 0x3f, 0x0, 0x7, 0xe0, 0xf,
    0x0, 0xfc, 0x1, 0xfc, 0x0, 0xf0, 0x3, 0xf4,
    0x2f, 0x0, 0xf, 0x0, 0xf, 0xc0, 0x80, 0x0,
    0xf0, 0x0, 0x30, 0x0, 0x3, 0xff, 0x0, 0x0,
    0x0, 0x0, 0x2f, 0xd0, 0x0, 0x0,

    /* U+6C47 "汇" */
    0x0, 0x0, 0x0, 0x0, 0x0, 0x7, 0xc0, 0x3f,
    0xff, 0xff, 0xd1, 0xfd, 0xf, 0xff, 0xff, 0xf4,
    0xf, 0xe3, 0xd0, 0x0, 0x0, 0x0, 0xb0, 0xf0,
    0x0, 0x0, 0x0, 0x0, 0x3c, 0x0, 0x0, 0x2,
    0xd0, 0xf, 0x0, 0x0, 0x0, 0xfe, 0x3, 0xc0,
    0x0, 0x0, 0xb, 0xf0, 0xf0, 0x0, 0x0, 0x0,
    0x78, 0x3c, 0x0, 0x0, 0x0, 0x0, 0xf, 0x0,
    0x0, 0x0, 0x0, 0x3, 0xc0, 0x0, 0x0, 0x0,
    0x90, 0xf0, 0x0, 0x0, 0x0, 0x7c, 0x3c, 0x0,
    0x0, 0x0, 0x3e, 0xf, 0x0, 0x0, 0x0, 0x1f,
    0x43, 0xc0, 0x0, 0x0, 0xf, 0xc0, 0xf0, 0x0,
    0x0, 0x7, 0xd0, 0x3f, 0xff, 0xff, 0xd3, 0xf0,
    0xf, 0xff, 0xff, 0xf4, 0x24, 0x0, 0x0, 0x0,
    0x0,

    /* U+6C60 "池" */
    0x4, 0x0, 0x0, 0x3c, 0x0, 0x1, 0xf0, 0x0,
    0x3, 0xc0, 0x0, 0x1f, 0xd0, 0xf0, 0x3c, 0x0,
    0x0, 0x3f, 0x4f, 0x3, 0xc0, 0x60, 0x0, 0xe0,
    0xf0, 0x3e, 0xff, 0x0, 0x0, 0xf, 0x1b, 0xff,
    0xf0, 0x2e, 0x0, 0xff, 0xfe, 0x5f, 0x2, 0xf8,
    0x7f, 0xfb, 0xc0, 0xf0, 0xb, 0xeb, 0xf4, 0x3c,
    0xf, 0x0, 0x1c, 0xf, 0x3, 0xc0, 0xf0, 0x0,
    0x0, 0xf0, 0x3c, 0x1f, 0x0, 0x4, 0xf, 0x3,
    0xcf, 0xe0, 0x1, 0xf0, 0xf0, 0x3c, 0xfc, 0x0,
    0x2f, 0xf, 0x3, 0xc0, 0x0, 0x3, 0xd0, 0xf0,
    0x3c, 0x3, 0x40, 0x7c, 0xf, 0x2, 0x80, 0x3c,
    0xf, 0xc0, 0xf0, 0x0, 0x3, 0xc1, 0xf4, 0xf,
    0x80, 0x0, 0xbc, 0x2f, 0x0, 0xbf, 0xff, 0xff,
    0x83, 0xe0, 0x2, 0xff, 0xff, 0xe0, 0x0, 0x0,
    0x0, 0x0, 0x0, 0x0,

    /* U+6CA1 "没" */
    0x4, 0x0, 0x0, 0x0, 0x0, 0x2, 0xe0, 0x3,
    0xff, 0xfc, 0x0, 0x2f, 0xc0, 0x3f, 0xff, 0xc0,
    0x0, 0x7f, 0x3, 0xd0, 0x3c, 0x0, 0x0, 0xe0,
    0x3c, 0x3, 0xc0, 0x1, 0x0, 0xb, 0xc0, 0x3d,
    0x0, 0x7d, 0x2, 0xf4, 0x3, 0xff, 0xc3, 0xf8,
    0xbd, 0x0, 0xb, 0xfc, 0xb, 0xd1, 0x0, 0x0,
    0x0, 0x0, 0x24, 0x3f, 0xff, 0xff, 0xc0, 0x0,
    0x3, 0xff, 0xff, 0xfc, 0x0, 0x9, 0x7, 0xc0,
    0xf, 0xc0, 0x2, 0xf0, 0x3e, 0x1, 0xf4, 0x0,
    0x3e, 0x1, 0xf4, 0x7e, 0x0, 0x7, 0xc0, 0xb,
    0xef, 0xc0, 0x0, 0xf8, 0x0, 0x3f, 0xf0, 0x0,
    0x1f, 0x40, 0xb, 0xff, 0x80, 0x3, 0xf0, 0x2f,
    0xfe, 0xff, 0x90, 0x7d, 0xb, 0xfd, 0x2, 0xff,
    0xc0, 0x40, 0x38, 0x0, 0x1, 0xb4, 0x0, 0x0,
    0x0, 0x0, 0x0, 0x0,

    /* U+6CBF "沿" */
    0x4, 0x0, 0x0, 0x0, 0x0, 0x7, 0xd0, 0xf,
    0xff, 0xf0, 0x0, 0xfe, 0x3, 0xff, 0xfc, 0x0,
    0xb, 0xe0, 0xf0, 0xf, 0x0, 0x0, 0xb0, 0x7c,
    0x3, 0xc0, 0x4, 0x0, 0x2f, 0x0, 0xf0, 0x7,
    0xd0, 0xf, 0x80, 0x3d, 0x0, 0xfe, 0xf, 0xc0,
    0xf, 0xfd, 0xf, 0xeb, 0xe0, 0x1, 0xff, 0x40,
    0xf0, 0xf0, 0x0, 0x0, 0x0, 0x4, 0x0, 0x0,
    0x0, 0x0, 0x0, 0x3, 0xff, 0xff, 0xd0, 0x0,
    0xe0, 0xff, 0xff, 0xf4, 0x0, 0xbc, 0x3c, 0x0,
    0x3d, 0x0, 0x3e, 0xf, 0x0, 0xf, 0x40, 0x1f,
    0x3, 0xc0, 0x3, 0xd0, 0xf, 0x80, 0xf0, 0x0,
    0xf4, 0xb, 0xc0, 0x3f, 0xff, 0xfd, 0x3, 0xe0,
    0xf, 0xff, 0xff, 0x40, 0x70, 0x3, 0xc0, 0x3,
    0xd0,

    /* U+6CD5 "法" */
    0x0, 0x0, 0x0, 0x0, 0x0, 0x7, 0x0, 0x0,
    0x7c, 0x0, 0x3, 0xf0, 0x0, 0x1f, 0x0, 0x0,
    0x3f, 0x40, 0x7, 0xc0, 0x0, 0x3, 0xe7, 0xff,
    0xff, 0xfd, 0x0, 0x11, 0xff, 0xff, 0xff, 0x42,
    0x0, 0x0, 0x1f, 0x0, 0x2, 0xf4, 0x0, 0x7,
    0xc0, 0x0, 0x3f, 0x0, 0x1, 0xf0, 0x0, 0x3,
    0xf0, 0x0, 0x7c, 0x0, 0x0, 0x31, 0xff, 0xff,
    0xff, 0xf0, 0x0, 0x7f, 0xff, 0xff, 0xfc, 0x0,
    0x0, 0xf, 0x80, 0x0, 0x0, 0xb8, 0x3, 0xd0,
    0x10, 0x0, 0x3d, 0x2, 0xf0, 0x3e, 0x0, 0x1f,
    0x0, 0xf4, 0x7, 0xc0, 0xf, 0x80, 0xbc, 0x0,
    0xf8, 0x7, 0xc0, 0x7c, 0x1, 0xbf, 0x3, 0xf0,
    0x7f, 0xff, 0xff, 0xe1, 0xf4, 0x2f, 0xff, 0xf9,
    0xbc, 0x2c, 0x6, 0x94, 0x0, 0xf, 0x0, 0x0,
    0x0, 0x0, 0x0, 0x0,

    /* U+6CE2 "波" */
    0x4, 0x0, 0x0, 0x3c, 0x0, 0xb, 0x80, 0x0,
    0xf, 0x0, 0x2, 0xfc, 0x0, 0x3, 0xc0, 0x0,
    0x1f, 0xcf, 0xff, 0xff, 0xfc, 0x0, 0xd3, 0xff,
    0xff, 0xff, 0x4, 0x0, 0xf0, 0xf, 0xb, 0x87,
    0xd0, 0x3c, 0x3, 0xc3, 0xc0, 0xfe, 0xf, 0x0,
    0xf0, 0x0, 0xb, 0xd3, 0xff, 0xff, 0xf8, 0x0,
    0x50, 0xff, 0xff, 0xfe, 0x0, 0x0, 0x3c, 0xf8,
    0xb, 0x40, 0x6, 0xf, 0x1f, 0x3, 0xc0, 0x3,
    0xd7, 0xc3, 0xe2, 0xf0, 0x1, 0xf2, 0xe0, 0x7d,
    0xf4, 0x0, 0xb8, 0xf4, 0xb, 0xf8, 0x0, 0x3d,
    0x3c, 0x0, 0xfd, 0x0, 0x1f, 0x2f, 0x1, 0xff,
    0xe0, 0xf, 0x8f, 0x47, 0xfc, 0x7f, 0x87, 0xcb,
    0xcf, 0xf4, 0x7, 0xf8, 0x10, 0x91, 0xe0, 0x0,
    0x1c, 0x0, 0x0, 0x0, 0x0, 0x0, 0x0,

    /* U+6D4B "测" */
    0x4, 0x0, 0x0, 0x0, 0xf, 0xb, 0xc3, 0xff,
    0xfc, 0x3, 0xc0, 0xfc, 0xff, 0xff, 0x3c, 0xf0,
    0xf, 0x7c, 0x3, 0xcf, 0x3c, 0x0, 0x4f, 0x3c,
    0xf3, 0xcf, 0x0, 0x3, 0xcf, 0x3c, 0xf3, 0xc2,
    0xc0, 0xf3, 0xcf, 0x3c, 0xf0, 0xfc, 0x3c, 0xf3,
    0xcf, 0x3c, 0xf, 0xcf, 0x3c, 0xf3, 0xcf, 0x0,
    0xe3, 0xcf, 0x3c, 0xf3, 0xc0, 0x0, 0xf3, 0xcf,
    0x3c, 0xf0, 0x0, 0x3c, 0xf3, 0xcf, 0x3c, 0x2,
    0xdf, 0x3c, 0xf3, 0xcf, 0x0, 0xf3, 0xde, 0x3c,
    0xf3, 0xc0, 0x7c, 0xfb, 0x8a, 0x3c, 0xf0, 0x3e,
    0x3, 0xd4, 0xa, 0x3c, 0xf, 0x2, 0xf7, 0x80,
    0xf, 0xb, 0xc2, 0xf4, 0xf8, 0x3, 0xc3, 0xd3,
    0xf8, 0xf, 0x5f, 0xf0, 0x60, 0x74, 0x1, 0xc3,
    0xf4, 0x0, 0x0, 0x0, 0x0, 0x0, 0x0,

    /* U+6D77 "海" */
    0x0, 0x0, 0x24, 0x0, 0x0, 0x7, 0x80, 0x2f,
    0x0, 0x0, 0x2, 0xfc, 0xf, 0xff, 0xff, 0xf4,
    0x2f, 0x8b, 0xff, 0xff, 0xfd, 0x2, 0xc3, 0xd0,
    0x0, 0x0, 0x0, 0x3, 0xf0, 0x0, 0x0, 0x0,
    0x1, 0xff, 0xff, 0xff, 0xd0, 0xb4, 0x2b, 0xff,
    0xff, 0xf4, 0x3f, 0x81, 0xf0, 0xe0, 0x3d, 0x2,
    0xf4, 0x78, 0x7f, 0xf, 0x40, 0x14, 0x2e, 0x7,
    0x83, 0xd0, 0x0, 0xff, 0xff, 0xff, 0xff, 0x0,
    0x3f, 0xff, 0xff, 0xff, 0xc0, 0x64, 0xf4, 0xb4,
    0xf, 0x0, 0x2e, 0x3c, 0x1f, 0x83, 0xc0, 0xf,
    0x4f, 0x1, 0xd0, 0xf0, 0xb, 0xc7, 0xff, 0xff,
    0xff, 0x83, 0xd2, 0xff, 0xff, 0xff, 0xe2, 0xf0,
    0x0, 0x0, 0xb, 0xc0, 0xf8, 0x0, 0x3, 0xff,
    0xd0, 0x8, 0x0, 0x0, 0xbf, 0xd0, 0x0,

    /* U+6D88 "消" */
    0x8, 0x0, 0x0, 0xf0, 0x0, 0x3f, 0x7, 0x80,
    0xf0, 0x3c, 0x1f, 0xc7, 0xd0, 0xf0, 0x7c, 0x3,
    0xf2, 0xf0, 0xf0, 0xf4, 0x0, 0xc0, 0xf0, 0xf1,
    0xf0, 0x10, 0x0, 0x41, 0xf0, 0x10, 0xbc, 0x3,
    0xff, 0xff, 0xfc, 0x7f, 0x43, 0xff, 0xff, 0xfc,
    0xf, 0xc3, 0xc0, 0x0, 0x7c, 0x3, 0x43, 0xc0,
    0x0, 0x7c, 0x0, 0x3, 0xff, 0xff, 0xfc, 0x0,
    0x43, 0xff, 0xff, 0xfc, 0x2, 0xe3, 0xc0, 0x0,
    0x7c, 0x3, 0xd3, 0xc0, 0x0, 0x7c, 0xb, 0xc3,
    0xff, 0xff, 0xfc, 0xf, 0x43, 0xff, 0xff, 0xfc,
    0x1f, 0x3, 0xc0, 0x0, 0x7c, 0x3e, 0x3, 0xc0,
    0x0, 0xbc, 0x7c, 0x3, 0xc0, 0x2f, 0xf8, 0x28,
    0x3, 0xc0, 0x1f, 0xf0, 0x0, 0x0, 0x0, 0x0,
    0x0,

    /* U+6E05 "清" */
    0x6, 0x0, 0x0, 0x7c, 0x0, 0x3, 0xf0, 0xff,
    0xff, 0xff, 0xd0, 0x7f, 0x3f, 0xff, 0xff, 0xf4,
    0x7, 0xc0, 0x1, 0xf0, 0x0, 0x0, 0x40, 0xff,
    0xff, 0xfe, 0x0, 0x0, 0x3f, 0xff, 0xff, 0x41,
    0xe0, 0x0, 0x7, 0xc0, 0x0, 0xbe, 0x2f, 0xff,
    0xff, 0xff, 0x7, 0xeb, 0xff, 0xff, 0xff, 0xc0,
    0x74, 0x15, 0x55, 0x55, 0x0, 0x0, 0xf, 0xff,
    0xff, 0xc0, 0x1, 0x3, 0xe0, 0x0, 0xf0, 0x1,
    0xf0, 0xff, 0xff, 0xfc, 0x0, 0xb8, 0x3f, 0xff,
    0xff, 0x0, 0x3d, 0xf, 0x40, 0x3, 0xc0, 0x1f,
    0x3, 0xff, 0xff, 0xf0, 0xf, 0x80, 0xff, 0xff,
    0xfc, 0x7, 0xc0, 0x3d, 0x0, 0xf, 0x2, 0xf0,
    0xf, 0x40, 0x7f, 0xc0, 0x14, 0x3, 0xd0, 0xf,
    0xd0,

    /* U+6E90 "源" */
    0x0, 0x0, 0x0, 0x0, 0x0, 0x7, 0x80, 0xff,
    0xff, 0xff, 0xe1, 0xfc, 0x3f, 0xff, 0xff, 0xf8,
    0xf, 0xcf, 0x0, 0xb8, 0x0, 0x0, 0xa3, 0xcf,
    0xff, 0xfc, 0x1, 0x0, 0xf3, 0xff, 0xff, 0x3,
    0xe0, 0x3c, 0xf0, 0x3, 0xc0, 0xbe, 0xf, 0x3f,
    0xff, 0xf0, 0x7, 0xe3, 0xcf, 0xff, 0xfc, 0x0,
    0x30, 0xf3, 0xc0, 0xf, 0x0, 0x0, 0x3c, 0xff,
    0xff, 0xc0, 0x2, 0xf, 0x3f, 0xff, 0xf0, 0x1,
    0xf7, 0xc0, 0xf, 0x0, 0x0, 0xb9, 0xf2, 0x43,
    0xc6, 0x0, 0x3d, 0xb8, 0xf0, 0xf3, 0xd0, 0x1f,
    0x3d, 0x78, 0x3c, 0xbc, 0xf, 0x8f, 0x3d, 0xf,
    0x1f, 0x47, 0xcb, 0xdf, 0x3, 0xc3, 0xe3, 0xe3,
    0xd2, 0x6f, 0xf0, 0xa0, 0x70, 0x30, 0x7, 0xf4,
    0x0, 0x0, 0x0, 0x0, 0x0, 0x0, 0x0,

    /* U+6EE4 "滤" */
    0x6, 0x0, 0x0, 0xb8, 0x0, 0x0, 0xfc, 0x0,
    0xb, 0xff, 0xf0, 0x7, 0xf0, 0x0, 0xbf, 0xff,
    0x0, 0xf, 0x0, 0xb, 0x80, 0x0, 0x0, 0x3,
    0xff, 0xff, 0xff, 0x80, 0x40, 0x3f, 0xff, 0xff,
    0xf4, 0x2f, 0x3, 0xc0, 0xf0, 0x4f, 0x1, 0xfc,
    0x3c, 0x6f, 0xfe, 0xf0, 0x7, 0xe3, 0xdf, 0xfe,
    0x40, 0x0, 0x1c, 0x3c, 0x5f, 0x1, 0xe0, 0x0,
    0x3, 0xc0, 0xff, 0xfe, 0x0, 0x8, 0x3c, 0x7,
    0xff, 0x80, 0x1, 0xf3, 0xc0, 0x6, 0x0, 0x0,
    0x3d, 0x78, 0x5, 0xf4, 0x0, 0x3, 0xcb, 0xa8,
    0xf3, 0xdf, 0x0, 0xbc, 0xf7, 0xcf, 0x18, 0xf0,
    0xf, 0x5f, 0x3c, 0xf0, 0x7, 0x81, 0xf3, 0xeb,
    0x4f, 0xb, 0x7c, 0x3e, 0x3c, 0xf0, 0xff, 0xf3,
    0xc0, 0x91, 0x81, 0x7, 0xfe, 0x0, 0x0, 0x0,
    0x0, 0x0, 0x0, 0x0,

    /* U+7070 "灰" */
    0x0, 0xf, 0x40, 0x0, 0x0, 0x0, 0x3, 0xc0,
    0x0, 0x0, 0x0, 0x1, 0xf0, 0x0, 0x0, 0x0,
    0xff, 0xff, 0xff, 0xff, 0xfc, 0x3f, 0xff, 0xff,
    0xff, 0xff, 0x0, 0xb, 0x40, 0x10, 0x0, 0x0,
    0x3, 0xc0, 0x3e, 0x0, 0x0, 0x0, 0xf0, 0xf,
    0x80, 0x40, 0x0, 0xb8, 0x93, 0xe0, 0x3c, 0x0,
    0x3d, 0x78, 0xf4, 0x2e, 0x0, 0x2f, 0x2d, 0x3d,
    0xf, 0x0, 0xf, 0x4f, 0xf, 0x4b, 0x80, 0xf,
    0xcb, 0x83, 0xf3, 0xc0, 0xb, 0xc1, 0xc1, 0xfd,
    0x10, 0xb, 0xd0, 0x0, 0xfb, 0xc0, 0x0, 0xd0,
    0x0, 0xbc, 0xb8, 0x0, 0x0, 0x0, 0xbd, 0xf,
    0x80, 0x0, 0x1, 0xfd, 0x0, 0xfd, 0x0, 0x1b,
    0xfc, 0x0, 0xf, 0xf4, 0xb, 0xf4, 0x0, 0x0,
    0xbd, 0x0, 0x90, 0x0, 0x0, 0x1, 0x0,

    /* U+70B9 "点" */
    0x0, 0x0, 0x3c, 0x0, 0x0, 0x0, 0x0, 0xf,
    0x0, 0x0, 0x0, 0x0, 0x3, 0xff, 0xff, 0xd0,
    0x0, 0x0, 0xff, 0xff, 0xf4, 0x0, 0x0, 0x3c,
    0x0, 0x0, 0x0, 0x0, 0xf, 0x0, 0x0, 0x0,
    0x3f, 0xff, 0xff, 0xff, 0x0, 0xf, 0xff, 0xff,
    0xff, 0xc0, 0x3, 0xc0, 0x0, 0x1, 0xf0, 0x0,
    0xf0, 0x0, 0x0, 0x3c, 0x0, 0x3c, 0x0, 0x0,
    0xf, 0x0, 0xf, 0x0, 0x0, 0x3, 0xc0, 0x3,
    0xff, 0xff, 0xff, 0xf0, 0x0, 0xff, 0xff, 0xff,
    0xfc, 0x0, 0x0, 0x0, 0x0, 0x0, 0x0, 0x2d,
    0x14, 0xb, 0x7, 0xc0, 0xf, 0xf, 0x83, 0xd0,
    0xf8, 0xf, 0xc2, 0xf0, 0xb8, 0x1f, 0xb, 0xc0,
    0x7c, 0x1f, 0x3, 0xf1, 0xe0, 0xf, 0x43, 0xd0,
    0x38, 0x0, 0x1, 0x0, 0x40, 0x4, 0x0,

    /* U+7167 "照" */
    0x3f, 0xff, 0x3f, 0xff, 0xfe, 0xf, 0xff, 0xcf,
    0xff, 0xff, 0x83, 0xc0, 0xf0, 0x3f, 0x3, 0xd0,
    0xf0, 0x3c, 0x1f, 0x40, 0xf4, 0x3c, 0xf, 0x2f,
    0x85, 0xbc, 0xf, 0xab, 0xef, 0x82, 0xfe, 0x3,
    0xff, 0xf2, 0x0, 0x14, 0x0, 0xf5, 0x7c, 0xff,
    0xff, 0xf0, 0x3c, 0xf, 0x3f, 0xff, 0xfc, 0xf,
    0x3, 0xcf, 0x0, 0xf, 0x3, 0xc0, 0xf3, 0xc0,
    0x3, 0xc0, 0xff, 0xfc, 0xff, 0xff, 0xf0, 0x3f,
    0xff, 0x3f, 0xff, 0xfc, 0x0, 0x0, 0x0, 0x0,
    0x4, 0x1, 0xf0, 0x70, 0x7c, 0xf, 0x0, 0xb8,
    0x2d, 0xf, 0x42, 0xf0, 0x3d, 0x7, 0x83, 0xe0,
    0x3e, 0x1f, 0x0, 0xf0, 0xbc, 0x7, 0xc7, 0x80,
    0x38, 0x1e, 0x0, 0xd0, 0x0, 0x0, 0x0, 0x0,
    0x0,

    /* U+722C "爬" */
    0x0, 0x0, 0x0, 0x0, 0x0, 0x0, 0x0, 0x1b,
    0x0, 0x0, 0x0, 0x6b, 0xff, 0xff, 0xff, 0xf0,
    0x3f, 0xff, 0xf3, 0xff, 0xfc, 0xf, 0x7c, 0x3c,
    0xf3, 0xcf, 0x3, 0xcf, 0xf, 0x3c, 0xf3, 0xc0,
    0xf3, 0xc3, 0xcf, 0x3c, 0xf0, 0x3c, 0xf0, 0xf3,
    0xcf, 0x3c, 0xf, 0x3c, 0x3c, 0xff, 0xff, 0x3,
    0xcf, 0xf, 0x3f, 0xff, 0xc0, 0xf3, 0xc3, 0xcf,
    0x0, 0x0, 0x3c, 0xf0, 0xf3, 0xc0, 0x14, 0xf,
    0x3c, 0x3c, 0xf0, 0xb, 0x83, 0xcf, 0xf, 0x3c,
    0x2, 0xd1, 0xe3, 0xc2, 0xdf, 0xff, 0xf0, 0x78,
    0xf0, 0xb9, 0xff, 0xf8, 0x2d, 0x3c, 0xf, 0x0,
    0x0, 0xf, 0xf, 0x2, 0xf4, 0x0, 0x3, 0xc3,
    0xc0, 0x3f, 0xe5, 0x1, 0xe0, 0xf0, 0x2, 0xff,
    0xfe, 0x14, 0x3c, 0x0, 0x6, 0xff, 0x0, 0x0,
    0x0, 0x0, 0x0, 0x0,

    /* U+7247 "片" */
    0x3, 0xd0, 0x0, 0xf0, 0x0, 0x3, 0xd0, 0x0,
    0xf0, 0x0, 0x3, 0xd0, 0x0, 0xf0, 0x0, 0x3,
    0xd0, 0x0, 0xf0, 0x0, 0x3, 0xd0, 0x0, 0xf0,
    0x0, 0x3, 0xff, 0xff, 0xff, 0xfe, 0x3, 0xff,
    0xff, 0xff, 0xfe, 0x3, 0xd0, 0x0, 0x0, 0x0,
    0x3, 0xd0, 0x0, 0x0, 0x0, 0x3, 0xd0, 0x0,
    0x0, 0x0, 0x3, 0xd0, 0x0, 0x0, 0x0, 0x3,
    0xff, 0xff, 0xfd, 0x0, 0x7, 0xff, 0xff, 0xfd,
    0x0, 0xb, 0xc0, 0x0, 0x3d, 0x0, 0xf, 0x80,
    0x0, 0x3d, 0x0, 0xf, 0x40, 0x0, 0x3d, 0x0,
    0x2f, 0x0, 0x0, 0x3d, 0x0, 0x7d, 0x0, 0x0,
    0x3d, 0x0, 0x7c, 0x0, 0x0, 0x3d, 0x0, 0x10,
    0x0, 0x0, 0x3d, 0x0,

    /* U+7248 "版" */
    0x0, 0x0, 0x0, 0x0, 0x0, 0x0, 0x0, 0xf0,
    0x0, 0x16, 0xf0, 0xf, 0xf, 0xf, 0xff, 0xff,
    0x40, 0xf0, 0xf0, 0xff, 0xf9, 0x0, 0xf, 0xf,
    0xf, 0x0, 0x0, 0x0, 0xf0, 0xf0, 0xf0, 0x0,
    0x0, 0xf, 0xaf, 0x4f, 0x0, 0x0, 0x0, 0xff,
    0xfc, 0xff, 0xff, 0xf0, 0xf, 0xff, 0xcf, 0xff,
    0xff, 0x0, 0xf0, 0x0, 0xfb, 0xc1, 0xf0, 0xf,
    0x0, 0xf, 0x7c, 0x1f, 0x0, 0xf4, 0x0, 0xf3,
    0xc2, 0xe0, 0xf, 0xff, 0x4f, 0x3d, 0x3d, 0x0,
    0xff, 0xf4, 0xf1, 0xf7, 0xc0, 0xf, 0xf, 0x5f,
    0xf, 0xf8, 0x1, 0xf0, 0xf5, 0xe0, 0xbf, 0x0,
    0x2e, 0xf, 0x6e, 0x7, 0xe0, 0x2, 0xd0, 0xf7,
    0xc1, 0xff, 0x80, 0x3c, 0xf, 0xbc, 0xbf, 0xbe,
    0x3, 0xc0, 0xff, 0xbf, 0x82, 0xfc, 0x4, 0xf,
    0x61, 0xd0, 0x7, 0x40, 0x0, 0x0, 0x0, 0x0,
    0x0,

    /* U+7259 "牙" */
    0xf, 0xff, 0xff, 0xff, 0xfd, 0x3, 0xff, 0xff,
    0xff, 0xff, 0x40, 0x0, 0x0, 0x2, 0xe0, 0x0,
    0x7, 0x80, 0x0, 0xb8, 0x0, 0x2, 0xe0, 0x0,
    0x2e, 0x0, 0x0, 0xf4, 0x0, 0xb, 0x80, 0x0,
    0x3d, 0x0, 0x2, 0xe0, 0x0, 0xf, 0xff, 0xff,
    0xff, 0xfd, 0x7, 0xff, 0xff, 0xff, 0xff, 0x40,
    0x0, 0x2, 0xfb, 0x80, 0x0, 0x0, 0x1, 0xf2,
    0xe0, 0x0, 0x0, 0x1, 0xf4, 0xb8, 0x0, 0x0,
    0x1, 0xf8, 0x2e, 0x0, 0x0, 0x2, 0xf8, 0xb,
    0x80, 0x0, 0x7, 0xf4, 0x2, 0xe0, 0x0, 0x1f,
    0xf0, 0x0, 0xb8, 0x0, 0x3f, 0xd0, 0x0, 0x3e,
    0x0, 0xb, 0x80, 0xb, 0xff, 0x80, 0x0, 0x0,
    0x1, 0xff, 0xc0, 0x0,

    /* U+7279 "特" */
    0x0, 0x0, 0x0, 0x0, 0x0, 0x0, 0xf, 0x0,
    0x3, 0xc0, 0x0, 0x53, 0xc0, 0x0, 0xf0, 0x0,
    0x3c, 0xf0, 0x2f, 0xff, 0xfc, 0xf, 0x3c, 0xb,
    0xff, 0xff, 0x7, 0xff, 0xe0, 0x3, 0xd0, 0x1,
    0xff, 0xfc, 0x0, 0xf0, 0x0, 0xb9, 0xf9, 0xff,
    0xff, 0xff, 0x3d, 0x3c, 0x3f, 0xff, 0xff, 0xcf,
    0xf, 0x0, 0x0, 0x15, 0x0, 0x3, 0xc0, 0x0,
    0xf, 0x80, 0x0, 0xfa, 0x7f, 0xff, 0xff, 0x0,
    0x7f, 0xdf, 0xff, 0xff, 0xcb, 0xff, 0xd0, 0x40,
    0x3e, 0x2, 0xff, 0xc0, 0xb4, 0xf, 0x80, 0x50,
    0xf0, 0x2f, 0x3, 0xe0, 0x0, 0x3c, 0x3, 0xf0,
    0xf8, 0x0, 0xf, 0x0, 0x34, 0x3e, 0x0, 0x3,
    0xc0, 0x0, 0xf, 0x80, 0x0, 0xf0, 0x0, 0xbf,
    0xd0, 0x0, 0x3c, 0x0, 0x1f, 0xe0, 0x0,

    /* U+72B6 "状" */
    0x0, 0x0, 0x0, 0x0, 0x0, 0x0, 0xf, 0x0,
    0xf, 0x4, 0x0, 0x3, 0xc0, 0x3, 0xcf, 0x40,
    0x50, 0xf0, 0x0, 0xf2, 0xf0, 0xbc, 0x3c, 0x0,
    0x3c, 0x3f, 0xf, 0xf, 0x0, 0xf, 0x3, 0x2,
    0xe3, 0xc0, 0x7, 0xc0, 0x0, 0x7c, 0xf3, 0xff,
    0xff, 0xfc, 0xf, 0x7c, 0xff, 0xff, 0xff, 0x2,
    0x4f, 0x0, 0x1f, 0x40, 0x0, 0x3, 0xc0, 0xb,
    0xe0, 0x0, 0x0, 0xf0, 0x3, 0xfc, 0x0, 0x0,
    0xfc, 0x1, 0xff, 0x40, 0x1, 0xff, 0x0, 0xbd,
    0xe0, 0x2, 0xfb, 0xc0, 0x3d, 0x3c, 0x3, 0xf4,
    0xf0, 0x2f, 0xb, 0xc0, 0xb4, 0x3c, 0x1f, 0x40,
    0xf4, 0x0, 0xf, 0xf, 0xc0, 0x2f, 0x0, 0x3,
    0xcf, 0xc0, 0x3, 0xf0, 0x0, 0xf7, 0xd0, 0x0,
    0x3e, 0x0, 0x3c, 0x60, 0x0, 0x2, 0x0, 0x0,
    0x0, 0x0, 0x0, 0x0,

    /* U+7387 "率" */
    0x0, 0x0, 0x0, 0x0, 0x0, 0x0, 0x0, 0xb4,
    0x0, 0x0, 0x0, 0x0, 0xbc, 0x0, 0x0, 0xbf,
    0xff, 0xff, 0xff, 0xfe, 0xbf, 0xff, 0xff, 0xff,
    0xfe, 0x8, 0x0, 0xf0, 0x40, 0x20, 0x3f, 0x3,
    0xe2, 0xf0, 0xfc, 0x1f, 0xdf, 0xef, 0xc3, 0xf0,
    0x3, 0xcf, 0xff, 0x43, 0xc0, 0x1, 0x5, 0x7d,
    0x50, 0x40, 0x3, 0xc1, 0xf5, 0xf3, 0xd0, 0xf,
    0xdb, 0xea, 0xf6, 0xf4, 0x3f, 0xf, 0xff, 0xfc,
    0xbd, 0x2c, 0xa, 0xbd, 0x38, 0x38, 0x0, 0x0,
    0x3d, 0x0, 0x0, 0xff, 0xff, 0xff, 0xff, 0xff,
    0xff, 0xff, 0xff, 0xff, 0xff, 0x0, 0x0, 0x3d,
    0x0, 0x0, 0x0, 0x0, 0x3c, 0x0, 0x0, 0x0,
    0x0, 0x3c, 0x0, 0x0, 0x0, 0x0, 0x3c, 0x0,
    0x0,

    /* U+73AF "环" */
    0x0, 0x0, 0x3f, 0xff, 0xff, 0xc3, 0xff, 0xf7,
    0xff, 0xff, 0xfc, 0x3f, 0xff, 0x40, 0xf, 0x80,
    0x0, 0x1f, 0x0, 0x1, 0xf0, 0x0, 0x1, 0xf0,
    0x0, 0x2f, 0x0, 0x0, 0x1f, 0x0, 0x3, 0xf0,
    0x0, 0x1, 0xf0, 0x0, 0xff, 0x60, 0x2, 0xff,
    0xf0, 0x1f, 0xff, 0x40, 0x2f, 0xff, 0x3, 0xff,
    0x7d, 0x0, 0x1f, 0x0, 0xfd, 0xf2, 0xf0, 0x1,
    0xf0, 0x3f, 0x1f, 0xf, 0x80, 0x1f, 0x7, 0xc1,
    0xf0, 0x7c, 0x1, 0xf1, 0x64, 0x1f, 0x2, 0x40,
    0x2f, 0xf4, 0x1, 0xf0, 0x0, 0x3f, 0xfe, 0x0,
    0x1f, 0x0, 0x3, 0xf9, 0x0, 0x1, 0xf0, 0x0,
    0x0, 0x0, 0x0, 0x1f, 0x0, 0x0, 0x0, 0x0,
    0x1, 0xf0, 0x0, 0x0, 0x0, 0x0, 0x1f, 0x0,
    0x0,

    /* U+73B0 "现" */
    0x3f, 0xff, 0x7f, 0xff, 0xfd, 0x3, 0xff, 0xf7,
    0xff, 0xff, 0xd0, 0x2, 0xf0, 0x3e, 0x0, 0x3d,
    0x0, 0x1f, 0x3, 0xd2, 0xc3, 0xd0, 0x1, 0xf0,
    0x3d, 0x3c, 0x3d, 0x0, 0x1f, 0x3, 0xd3, 0xc3,
    0xd0, 0x2, 0xf0, 0x3d, 0x3c, 0x3d, 0x2, 0xff,
    0xf3, 0xd3, 0xc3, 0xd0, 0x2f, 0xff, 0x3d, 0x3c,
    0x3d, 0x0, 0x1f, 0x3, 0xd3, 0xc3, 0xd0, 0x1,
    0xf0, 0x3d, 0x3c, 0x3d, 0x0, 0x1f, 0x3, 0xd7,
    0xc3, 0xd0, 0x1, 0xf0, 0x14, 0xbf, 0x54, 0x0,
    0x1f, 0xf4, 0xf, 0xf4, 0x0, 0x2b, 0xff, 0x42,
    0xff, 0x41, 0x3, 0xfe, 0x40, 0xbe, 0xf4, 0x3c,
    0x14, 0x0, 0x2f, 0xcf, 0x87, 0xc0, 0x0, 0x2f,
    0xe0, 0xbf, 0xf8, 0x0, 0x1, 0xf4, 0x3, 0xff,
    0x40, 0x0, 0x4, 0x0, 0x0, 0x0,

    /* U+7528 "用" */
    0x3, 0xff, 0xff, 0xff, 0xff, 0x3, 0xff, 0xff,
    0xff, 0xff, 0x3, 0xc0, 0xf, 0x40, 0x1f, 0x3,
    0xc0, 0xf, 0x0, 0x1f, 0x3, 0xc0, 0xf, 0x0,
    0x1f, 0x3, 0xff, 0xff, 0xff, 0xff, 0x3, 0xff,
    0xff, 0xff, 0xff, 0x3, 0xc0, 0xf, 0x0, 0x1f,
    0x3, 0xc0, 0xf, 0x0, 0x1f, 0x3, 0xc0, 0xf,
    0x0, 0x1f, 0x3, 0xff, 0xff, 0xff, 0xff, 0x7,
    0xff, 0xff, 0xff, 0xff, 0x7, 0xc0, 0xf, 0x40,
    0x1f, 0xb, 0xc0, 0xf, 0x0, 0x1f, 0xb, 0x80,
    0xf, 0x0, 0x1f, 0xf, 0x40, 0xf, 0x0, 0x1f,
    0x1f, 0x0, 0xf, 0x0, 0x2f, 0x3e, 0x0, 0xf,
    0xb, 0xff, 0x1c, 0x0, 0xf, 0x7, 0xfc, 0x0,
    0x0, 0x0, 0x0, 0x0,

    /* U+7531 "由" */
    0x0, 0x0, 0xf4, 0x0, 0x0, 0x0, 0xf, 0x40,
    0x0, 0x0, 0x0, 0xf4, 0x0, 0x3, 0xff, 0xff,
    0xff, 0xfd, 0x3f, 0xff, 0xff, 0xff, 0xd3, 0xc0,
    0xf, 0x40, 0x3d, 0x3c, 0x0, 0xf4, 0x3, 0xd3,
    0xc0, 0xf, 0x40, 0x3d, 0x3c, 0x0, 0xf4, 0x3,
    0xd3, 0xc0, 0xf, 0x40, 0x3d, 0x3f, 0xff, 0xff,
    0xff, 0xd3, 0xff, 0xff, 0xff, 0xfd, 0x3c, 0x0,
    0xf4, 0x3, 0xd3, 0xc0, 0xf, 0x40, 0x3d, 0x3c,
    0x0, 0xf4, 0x3, 0xd3, 0xc0, 0xf, 0x40, 0x3d,
    0x3c, 0x0, 0xf4, 0x3, 0xd3, 0xff, 0xff, 0xff,
    0xfd, 0x3f, 0xff, 0xff, 0xff, 0xd3, 0xc0, 0x0,
    0x0, 0x3d,

    /* U+7535 "电" */
    0x0, 0x0, 0xf0, 0x0, 0x0, 0x0, 0x0, 0xf0,
    0x0, 0x0, 0x0, 0x1, 0xf0, 0x0, 0x0, 0x3f,
    0xff, 0xff, 0xff, 0xc0, 0x3f, 0xff, 0xff, 0xff,
    0xc0, 0x3c, 0x0, 0xf0, 0x3, 0xc0, 0x3c, 0x0,
    0xf0, 0x3, 0xc0, 0x3c, 0x0, 0xf0, 0x3, 0xc0,
    0x3f, 0xff, 0xff, 0xff, 0xc0, 0x3f, 0xff, 0xff,
    0xff, 0xc0, 0x3c, 0x0, 0xf0, 0x3, 0xc0, 0x3c,
    0x0, 0xf0, 0x3, 0xc0, 0x3f, 0xff, 0xff, 0xff,
    0xc0, 0x3f, 0xff, 0xff, 0xff, 0xc0, 0x3c, 0x1,
    0xf0, 0x0, 0x0, 0x3c, 0x0, 0xf0, 0x0, 0x14,
    0x0, 0x0, 0xf0, 0x0, 0x3d, 0x0, 0x0, 0xf4,
    0x0, 0x3d, 0x0, 0x0, 0xbf, 0xff, 0xfc, 0x0,
    0x0, 0x2f, 0xff, 0xf4,

    /* U+7559 "留" */
    0x0, 0x6, 0x40, 0x0, 0x0, 0x6, 0xbf, 0xcf,
    0xff, 0xfc, 0x3f, 0xfe, 0x4f, 0xff, 0xfc, 0x3e,
    0x41, 0x1, 0xf0, 0x7c, 0x3c, 0xf, 0x41, 0xf0,
    0x3c, 0x3c, 0xb, 0x82, 0xe0, 0x7c, 0x3c, 0x1f,
    0xc3, 0xd0, 0x78, 0x7f, 0xff, 0xdb, 0xc5, 0xf8,
    0xbf, 0xe6, 0xfb, 0xf, 0xf0, 0x39, 0x1, 0x40,
    0x6, 0x40, 0xf, 0xff, 0xff, 0xff, 0xf0, 0xf,
    0xff, 0xff, 0xff, 0xf0, 0xf, 0x40, 0x3d, 0x1,
    0xf0, 0xf, 0x40, 0x3c, 0x0, 0xf0, 0xf, 0xff,
    0xff, 0xff, 0xf0, 0xf, 0xff, 0xff, 0xff, 0xf0,
    0xf, 0x40, 0x3c, 0x0, 0xf0, 0xf, 0xff, 0xff,
    0xff, 0xf0, 0xf, 0xff, 0xff, 0xff, 0xf0, 0xf,
    0x40, 0x0, 0x1, 0xf0, 0x0, 0x0, 0x0, 0x0,
    0x0,

    /* U+767D "白" */
    0x0, 0x4, 0x0, 0x0, 0x0, 0xf, 0x80, 0x0,
    0x0, 0x1f, 0x40, 0x0, 0x0, 0x2f, 0x0, 0x0,
    0xff, 0xff, 0xff, 0xff, 0xff, 0xff, 0xff, 0xff,
    0xf4, 0x0, 0x0, 0x1f, 0xf0, 0x0, 0x0, 0xf,
    0xf0, 0x0, 0x0, 0xf, 0xf0, 0x0, 0x0, 0xf,
    0xf4, 0x0, 0x0, 0x1f, 0xff, 0xff, 0xff, 0xff,
    0xff, 0xff, 0xff, 0xff, 0xf0, 0x0, 0x0, 0xf,
    0xf0, 0x0, 0x0, 0xf, 0xf0, 0x0, 0x0, 0xf,
    0xf0, 0x0, 0x0, 0xf, 0xf4, 0x0, 0x0, 0x1f,
    0xff, 0xff, 0xff, 0xff, 0xff, 0xff, 0xff, 0xff,
    0xf0, 0x0, 0x0, 0xf, 0x0, 0x0, 0x0, 0x0,

    /* U+76D8 "盘" */
    0x0, 0x0, 0x10, 0x0, 0x0, 0x0, 0x0, 0xbc,
    0x0, 0x0, 0x0, 0xff, 0xff, 0xff, 0xc0, 0x0,
    0xff, 0xff, 0xff, 0xc0, 0x0, 0xf0, 0x74, 0xb,
    0xc0, 0x0, 0xf0, 0xbe, 0xb, 0xc0, 0x0, 0xf0,
    0x1e, 0xb, 0xc0, 0x7f, 0xff, 0xff, 0xff, 0xfd,
    0x7f, 0xff, 0xff, 0xff, 0xfd, 0x2, 0xe0, 0xd0,
    0xb, 0xc0, 0x3, 0xd1, 0xf8, 0xb, 0xc0, 0xf,
    0xc0, 0x7e, 0x6f, 0x80, 0x1f, 0x40, 0xc, 0x7f,
    0x40, 0x5, 0x0, 0x0, 0x15, 0x0, 0xf, 0xff,
    0xff, 0xff, 0xf0, 0xf, 0xff, 0xff, 0xff, 0xf0,
    0xf, 0x47, 0xc3, 0xd1, 0xf0, 0xf, 0x47, 0xc3,
    0xd1, 0xf0, 0xf, 0x47, 0xc3, 0xd1, 0xf0, 0xff,
    0xff, 0xff, 0xff, 0xff, 0xff, 0xff, 0xff, 0xff,
    0xff,

    /* U+76EE "目" */
    0xff, 0xff, 0xff, 0xff, 0xff, 0xff, 0xff, 0xff,
    0xf4, 0x0, 0x0, 0x1f, 0xf0, 0x0, 0x0, 0xf,
    0xf0, 0x0, 0x0, 0xf, 0xff, 0xff, 0xff, 0xff,
    0xff, 0xff, 0xff, 0xff, 0xf4, 0x0, 0x0, 0x1f,
    0xf0, 0x0, 0x0, 0xf, 0xf0, 0x0, 0x0, 0xf,
    0xf4, 0x0, 0x0, 0x1f, 0xff, 0xff, 0xff, 0xff,
    0xff, 0xff, 0xff, 0xff, 0xf0, 0x0, 0x0, 0xf,
    0xf0, 0x0, 0x0, 0xf, 0xf4, 0x0, 0x0, 0x1f,
    0xff, 0xff, 0xff, 0xff, 0xff, 0xff, 0xff, 0xff,
    0xf0, 0x0, 0x0, 0xf,

    /* U+76F4 "直" */
    0x0, 0x0, 0x3d, 0x0, 0x0, 0x0, 0x0, 0x3e,
    0x0, 0x0, 0x7f, 0xff, 0xff, 0xff, 0xfe, 0x7f,
    0xff, 0xff, 0xff, 0xfe, 0x0, 0x0, 0x7c, 0x0,
    0x0, 0x2, 0xff, 0xff, 0xff, 0x80, 0x2, 0xff,
    0xff, 0xff, 0xc0, 0x2, 0xe0, 0x0, 0x7, 0xc0,
    0x2, 0xff, 0xff, 0xff, 0xc0, 0x2, 0xff, 0xff,
    0xff, 0xc0, 0x2, 0xe0, 0x0, 0x7, 0xc0, 0x2,
    0xe0, 0x0, 0x7, 0xc0, 0x2, 0xff, 0xff, 0xff,
    0xc0, 0x2, 0xff, 0xff, 0xff, 0xc0, 0x2, 0xe0,
    0x0, 0x7, 0xc0, 0x2, 0xff, 0xff, 0xff, 0xc0,
    0x2, 0xff, 0xff, 0xff, 0xc0, 0x2, 0xe0, 0x0,
    0x7, 0xc0, 0xbf, 0xff, 0xff, 0xff, 0xff, 0xbf,
    0xff, 0xff, 0xff, 0xff,

    /* U+770B "看" */
    0x0, 0x0, 0x0, 0x0, 0x0, 0x0, 0x0, 0x1,
    0x5a, 0xbf, 0x0, 0x3f, 0xff, 0xff, 0xff, 0xd0,
    0xb, 0xff, 0xff, 0x94, 0x0, 0x0, 0x0, 0xf,
    0x0, 0x0, 0x1, 0xff, 0xff, 0xff, 0xff, 0x80,
    0x3f, 0xff, 0xff, 0xff, 0xe0, 0x15, 0x57, 0xf5,
    0x55, 0x55, 0x1f, 0xff, 0xff, 0xff, 0xff, 0xc1,
    0x57, 0xf5, 0x55, 0x55, 0x50, 0x3, 0xff, 0xff,
    0xff, 0xc0, 0x3, 0xff, 0xff, 0xff, 0xf0, 0x7,
    0xfd, 0x0, 0x0, 0x3c, 0xb, 0xff, 0xff, 0xff,
    0xff, 0x2, 0xf3, 0xff, 0xff, 0xff, 0xc0, 0x30,
    0xf4, 0x0, 0x0, 0xf0, 0x0, 0x3f, 0xff, 0xff,
    0xfc, 0x0, 0xf, 0xff, 0xff, 0xff, 0x0, 0x3,
    0xd0, 0x0, 0x3, 0xc0, 0x0, 0xff, 0xff, 0xff,
    0xf0, 0x0, 0x3f, 0xff, 0xff, 0xfc, 0x0,

    /* U+7720 "眠" */
    0x3f, 0xfc, 0xbf, 0xff, 0xfc, 0xf, 0xff, 0x2f,
    0xff, 0xff, 0x3, 0xc3, 0xcb, 0x80, 0x3, 0xc0,
    0xf0, 0xf2, 0xe0, 0x0, 0xf0, 0x3c, 0x3c, 0xb9,
    0x55, 0x7c, 0xf, 0xff, 0x2f, 0xff, 0xff, 0x3,
    0xff, 0xcb, 0xea, 0xfa, 0x80, 0xf0, 0xf2, 0xe0,
    0x3c, 0x0, 0x3c, 0x3c, 0xb9, 0x5f, 0x55, 0xf,
    0xff, 0x2f, 0xff, 0xff, 0x83, 0xff, 0xcb, 0xea,
    0xfa, 0x90, 0xf0, 0xf2, 0xe0, 0x3d, 0x0, 0x3c,
    0x3c, 0xb8, 0xb, 0x40, 0xf, 0xf, 0x2e, 0x1,
    0xe0, 0x3, 0xff, 0xcb, 0x80, 0x3c, 0xb0, 0xff,
    0xf2, 0xe6, 0xdf, 0x3c, 0x3c, 0x3c, 0xff, 0xf9,
    0xff, 0xf, 0xf, 0x3f, 0xf8, 0x3f, 0x41, 0x40,
    0xa, 0x40, 0x3, 0xc0,

    /* U+77E5 "知" */
    0x1, 0x90, 0x0, 0x0, 0x0, 0x0, 0xf8, 0x0,
    0x0, 0x0, 0x0, 0x3d, 0x0, 0xf, 0xff, 0xf0,
    0x2f, 0xff, 0xf3, 0xff, 0xfc, 0xf, 0xff, 0xfc,
    0xf5, 0x5f, 0xb, 0xc3, 0xc0, 0x3c, 0x3, 0xc3,
    0xe1, 0xf0, 0xf, 0x0, 0xf0, 0x70, 0x7c, 0x3,
    0xc0, 0x3c, 0x0, 0x1f, 0x0, 0xf0, 0xf, 0xf,
    0xff, 0xff, 0x7c, 0x3, 0xc3, 0xff, 0xff, 0xdf,
    0x0, 0xf0, 0x0, 0xf8, 0x3, 0xc0, 0x3c, 0x0,
    0x3e, 0x0, 0xf0, 0xf, 0x0, 0x2f, 0xe0, 0x3c,
    0x3, 0xc0, 0xf, 0xbe, 0xf, 0x0, 0xf0, 0xf,
    0xc3, 0xe3, 0xc0, 0x3c, 0xf, 0xd0, 0x7c, 0xff,
    0xff, 0xf, 0xe0, 0xa, 0x3f, 0xff, 0xc3, 0xe0,
    0x0, 0xf, 0x0, 0xf0, 0x10, 0x0, 0x1, 0x40,
    0x14,

    /* U+77ED "短" */
    0x2, 0x80, 0x0, 0x0, 0x0, 0x0, 0x3d, 0x2,
    0xff, 0xff, 0xfc, 0x7, 0xc0, 0x2f, 0xff, 0xff,
    0xc0, 0xbf, 0xfd, 0x0, 0x0, 0x0, 0xf, 0xff,
    0xd0, 0x0, 0x0, 0x2, 0xf7, 0xe4, 0xff, 0xff,
    0xf0, 0x3d, 0x3c, 0xf, 0xff, 0xff, 0x0, 0x83,
    0xc0, 0xf4, 0x0, 0xf0, 0x0, 0x7d, 0xf, 0x40,
    0xf, 0x3, 0xff, 0xfd, 0xf4, 0x0, 0xf0, 0x3f,
    0xff, 0xdf, 0xff, 0xff, 0x0, 0xb, 0x80, 0xff,
    0xff, 0xf0, 0x0, 0xfc, 0x0, 0x40, 0x14, 0x0,
    0xf, 0xf0, 0x3c, 0x3, 0xe0, 0x2, 0xfb, 0xc3,
    0xd0, 0x3c, 0x0, 0x7d, 0x3d, 0x1f, 0xb, 0xc0,
    0x1f, 0x80, 0x80, 0x90, 0xf4, 0x3, 0xf0, 0x7,
    0xff, 0xff, 0xfc, 0xc, 0x0, 0x7f, 0xff, 0xff,
    0xc0, 0x0, 0x0, 0x0, 0x0, 0x0,

    /* U+7801 "码" */
    0x2f, 0xff, 0xcf, 0xff, 0xff, 0xb, 0xff, 0xf3,
    0xff, 0xff, 0x80, 0x2e, 0x0, 0x14, 0x2, 0xe0,
    0xb, 0x40, 0xf, 0x0, 0xf4, 0x3, 0xc0, 0x7,
    0xc0, 0x3d, 0x1, 0xf0, 0x1, 0xf0, 0xf, 0x0,
    0xbf, 0xf8, 0xb8, 0x7, 0xc0, 0x3f, 0xfe, 0x3d,
    0x1, 0xf0, 0x2f, 0xcb, 0x8f, 0xff, 0xff, 0xcf,
    0xf1, 0xe3, 0xff, 0xff, 0xf3, 0xfc, 0x78, 0x0,
    0x0, 0x7c, 0x5f, 0x1e, 0x0, 0x0, 0xf, 0x7,
    0xc7, 0x9a, 0xaa, 0x93, 0xc1, 0xf1, 0xeb, 0xff,
    0xfd, 0xf0, 0x7c, 0x79, 0xaa, 0xaa, 0x7c, 0x1f,
    0xfe, 0x0, 0x0, 0x2e, 0x7, 0xff, 0x80, 0x0,
    0x1f, 0x41, 0xf2, 0xe0, 0x7, 0xff, 0xc0, 0x24,
    0x0, 0x0, 0xff, 0x80,

    /* U+786C "硬" */
    0x1f, 0xff, 0xdf, 0xff, 0xff, 0x81, 0xff, 0xfd,
    0xff, 0xff, 0xf8, 0x1, 0xf0, 0x0, 0xf, 0x0,
    0x0, 0x1f, 0x0, 0xff, 0xff, 0xf0, 0x2, 0xe0,
    0xf, 0xff, 0xff, 0x0, 0x3d, 0x0, 0xf0, 0xf0,
    0xf0, 0x7, 0xd5, 0x4f, 0xf, 0xf, 0x0, 0xff,
    0xfc, 0xff, 0xff, 0xf0, 0x1f, 0xeb, 0xcf, 0xff,
    0xff, 0x3, 0xfc, 0x3c, 0xf0, 0xf0, 0xf0, 0x2f,
    0xc3, 0xcf, 0xff, 0xff, 0x0, 0x3c, 0x3c, 0xff,
    0xff, 0xf0, 0x3, 0xc3, 0xc1, 0xf, 0x0, 0x0,
    0x3c, 0x3c, 0xb9, 0xe0, 0x0, 0x3, 0xc3, 0xc3,
    0xfd, 0x0, 0x0, 0x3f, 0xfc, 0x1f, 0xd0, 0x0,
    0x3, 0xff, 0xc7, 0xff, 0xe4, 0x0, 0x3c, 0x3,
    0xfc, 0x7f, 0xfc, 0x1, 0x80, 0x3d, 0x0, 0x6f,
    0xc0, 0x0, 0x0, 0x0, 0x0, 0x0,

    /* U+78C1 "磁" */
    0x0, 0x0, 0x0, 0x0, 0x0, 0x0, 0x0, 0x0,
    0x28, 0x3, 0x80, 0x2f, 0xff, 0x7, 0xc0, 0xbc,
    0x2, 0xff, 0xf0, 0x3d, 0xf, 0x40, 0x3, 0xd0,
    0x7f, 0xff, 0xff, 0xc0, 0x3c, 0x7, 0xff, 0xff,
    0xfc, 0x7, 0xc0, 0x7, 0x40, 0x38, 0x0, 0xb8,
    0x0, 0xb4, 0x7, 0x80, 0xf, 0xff, 0xf, 0x0,
    0xf4, 0x0, 0xff, 0xf1, 0xe3, 0x8f, 0x3c, 0x2f,
    0x4f, 0x3c, 0xba, 0xd7, 0xc7, 0xf4, 0xf7, 0x8f,
    0x3c, 0xb4, 0x3f, 0x4f, 0xbf, 0xe7, 0xff, 0x1,
    0x74, 0xf7, 0xfc, 0x3f, 0xe0, 0x7, 0x4f, 0x7,
    0x80, 0x3c, 0x0, 0x74, 0xf0, 0xf4, 0x7, 0x80,
    0x7, 0x4f, 0x1e, 0xf0, 0xfb, 0x40, 0x7f, 0xf3,
    0xcb, 0x2e, 0x78, 0x7, 0xff, 0xbf, 0xfb, 0xff,
    0xc0, 0x74, 0xf7, 0xeb, 0xbf, 0xbc, 0x2, 0x0,
    0x0, 0x24, 0x1, 0x80,

    /* U+793A "示" */
    0x3, 0xff, 0xff, 0xff, 0xf0, 0x0, 0xff, 0xff,
    0xff, 0xfc, 0x0, 0x0, 0x0, 0x0, 0x0, 0x0,
    0x0, 0x0, 0x0, 0x0, 0x0, 0x0, 0x0, 0x0,
    0x0, 0x0, 0x0, 0x0, 0x0, 0x0, 0x0, 0x3,
    0xff, 0xff, 0xff, 0xff, 0xf0, 0xff, 0xff, 0xff,
    0xff, 0xfc, 0x0, 0x0, 0x2e, 0x0, 0x0, 0x0,
    0x0, 0xb, 0x80, 0x0, 0x0, 0xe, 0x2, 0xe0,
    0x7c, 0x0, 0x7, 0xc0, 0xb8, 0xf, 0x80, 0x3,
    0xe0, 0x2e, 0x1, 0xf0, 0x1, 0xf0, 0xb, 0x80,
    0x3e, 0x0, 0xfc, 0x2, 0xe0, 0x7, 0xc0, 0x7c,
    0x0, 0xb8, 0x0, 0xf8, 0x3e, 0x0, 0x3e, 0x0,
    0x1f, 0x7, 0x3, 0xff, 0x80, 0x2, 0x40, 0x0,
    0xbf, 0x80, 0x0, 0x0,

    /* U+79BB "离" */
    0x0, 0x0, 0x60, 0x0, 0x0, 0x0, 0x0, 0xb8,
    0x0, 0x0, 0xff, 0xff, 0xff, 0xff, 0xfc, 0xff,
    0xff, 0xff, 0xff, 0xfc, 0x0, 0x4, 0x1, 0x40,
    0x0, 0x5, 0xf, 0x43, 0xd1, 0x40, 0xb, 0x9f,
    0xef, 0xc7, 0xc0, 0xb, 0x82, 0xff, 0x47, 0xc0,
    0xb, 0xaf, 0xef, 0xe7, 0xc0, 0xb, 0x9e, 0x1,
    0xd7, 0xc0, 0xb, 0xff, 0xff, 0xff, 0xc0, 0xb,
    0xff, 0xff, 0xff, 0x80, 0x0, 0x2, 0xe0, 0x0,
    0x0, 0x3f, 0xff, 0xff, 0xff, 0xf0, 0x3f, 0xff,
    0xff, 0xff, 0xf0, 0x3c, 0xf, 0x42, 0xd0, 0xf0,
    0x3c, 0x1f, 0x6, 0xf0, 0xf0, 0x3c, 0x7f, 0xff,
    0xf8, 0xf0, 0x3c, 0x3e, 0x94, 0x24, 0xf0, 0x3c,
    0x0, 0x0, 0xf, 0xf0, 0x3c, 0x0, 0x0, 0xf,
    0xd0,

    /* U+79D2 "秒" */
    0x0, 0x6, 0x40, 0x3c, 0x0, 0x6, 0xff, 0xf0,
    0xf, 0x0, 0x3, 0xff, 0xf8, 0x3, 0xc0, 0x0,
    0x6b, 0xc0, 0x10, 0xf2, 0xc0, 0x0, 0xf0, 0xf,
    0x3c, 0xf8, 0x0, 0x3d, 0x7, 0xcf, 0xf, 0x3,
    0xff, 0xfa, 0xe3, 0xc2, 0xe0, 0xff, 0xfe, 0xf4,
    0xf0, 0x7c, 0x1, 0xf0, 0x7c, 0x3c, 0xf, 0x80,
    0xfd, 0x2f, 0xf, 0x2, 0x40, 0x7f, 0xeb, 0x43,
    0xc1, 0xe0, 0x3f, 0xfe, 0x0, 0xf0, 0xf8, 0x2e,
    0xf3, 0xc0, 0x28, 0xbc, 0x1f, 0x3c, 0x60, 0x0,
    0x7e, 0x3, 0x4f, 0x0, 0x0, 0x7f, 0x0, 0x83,
    0xc0, 0x0, 0xbf, 0x0, 0x0, 0xf0, 0x2, 0xff,
    0x0, 0x0, 0x3c, 0x1b, 0xfd, 0x0, 0x0, 0xf,
    0x1f, 0xf8, 0x0, 0x0, 0x3, 0xc3, 0x90, 0x0,
    0x0, 0x0, 0x0, 0x0, 0x0, 0x0, 0x0,

    /* U+79FB "移" */
    0x0, 0x1, 0x0, 0x14, 0x0, 0x1, 0x6f, 0xd0,
    0x1f, 0x40, 0x3, 0xff, 0xf8, 0x1f, 0xff, 0xd0,
    0xbb, 0xd0, 0x2f, 0xff, 0xf4, 0x0, 0xf0, 0x3f,
    0xc0, 0x3c, 0x0, 0x3c, 0xf, 0xc0, 0x3e, 0x0,
    0xf, 0x41, 0xcf, 0x2f, 0x0, 0xff, 0xff, 0x3,
    0xff, 0x0, 0x3f, 0xff, 0xc0, 0xbe, 0x0, 0x0,
    0x7c, 0xb, 0xfd, 0x50, 0x0, 0x3f, 0xd2, 0xe0,
    0x7e, 0x0, 0x1f, 0xfd, 0x0, 0xbf, 0xff, 0xf,
    0xf7, 0xc6, 0xff, 0xff, 0xcf, 0x7c, 0x6f, 0xfd,
    0x3, 0xe7, 0xcf, 0x3, 0xe5, 0x2, 0xf0, 0xd3,
    0xc0, 0x2, 0xe2, 0xf4, 0x10, 0xf0, 0x0, 0x3f,
    0xf8, 0x0, 0x3c, 0x0, 0x1f, 0xf4, 0x0, 0xf,
    0x1, 0xbf, 0xe0, 0x0, 0x3, 0xc3, 0xff, 0x80,
    0x0, 0x0, 0xf0, 0x39, 0x0, 0x0, 0x0, 0x0,
    0x0, 0x0, 0x0, 0x0,

    /* U+7A0B "程" */
    0x0, 0x1, 0x0, 0x0, 0x0, 0x5, 0x6f, 0xe3,
    0xff, 0xff, 0xc3, 0xff, 0xf8, 0xff, 0xff, 0xf0,
    0x6b, 0xd0, 0x3c, 0x0, 0x7c, 0x0, 0xf0, 0xf,
    0x0, 0x1f, 0x0, 0x3d, 0x3, 0xe5, 0x5b, 0xc3,
    0xff, 0xf8, 0xff, 0xff, 0xf0, 0xff, 0xfe, 0x2a,
    0xaa, 0xa4, 0x1, 0xf0, 0x0, 0x0, 0x0, 0x0,
    0xff, 0xf, 0xff, 0xff, 0xd0, 0x7f, 0xf3, 0xff,
    0xff, 0xf4, 0x3f, 0xef, 0x0, 0x7c, 0x0, 0x2d,
    0xf3, 0x80, 0x1f, 0x0, 0x1f, 0x3c, 0x7, 0xff,
    0xff, 0xc3, 0x4f, 0x1, 0xff, 0xff, 0xf0, 0x43,
    0xc0, 0x0, 0x7c, 0x0, 0x0, 0xf0, 0x0, 0x1f,
    0x0, 0x0, 0x3c, 0x1f, 0xff, 0xff, 0xf0, 0xf,
    0x7, 0xff, 0xff, 0xfc, 0x3, 0xc0, 0x0, 0x0,
    0x0,

    /* U+7A0D "稍" */
    0x0, 0x0, 0x0, 0x0, 0x0, 0x0, 0x6, 0xc0,
    0x3, 0xc0, 0x2, 0xff, 0xf5, 0xd0, 0xf0, 0xb4,
    0xbf, 0xe4, 0x7c, 0x3c, 0x3d, 0x4, 0xf0, 0xf,
    0x8f, 0x2f, 0x0, 0x3c, 0x1, 0xe3, 0xcf, 0x40,
    0xf, 0x40, 0x10, 0xf0, 0x40, 0xff, 0xfe, 0x3f,
    0xff, 0xfc, 0x3f, 0xff, 0x8f, 0xff, 0xff, 0x0,
    0x7c, 0x3, 0xc0, 0x3, 0xc0, 0x2f, 0xc0, 0xf0,
    0x0, 0xf0, 0xf, 0xfc, 0x3f, 0xff, 0xfc, 0xb,
    0xfb, 0xcf, 0xff, 0xff, 0x7, 0xbd, 0xe3, 0xc0,
    0x3, 0xc3, 0xcf, 0x10, 0xf0, 0x0, 0xf0, 0xe3,
    0xc0, 0x3f, 0xff, 0xfc, 0x20, 0xf0, 0xf, 0xff,
    0xff, 0x0, 0x3c, 0x3, 0xc0, 0x3, 0xc0, 0xf,
    0x0, 0xf0, 0x1, 0xf0, 0x3, 0xc0, 0x3c, 0xb,
    0xfc, 0x0, 0xf0, 0xf, 0x1, 0xfd, 0x0, 0x0,
    0x0, 0x0, 0x0, 0x0,

    /* U+7A7A "空" */
    0x0, 0x0, 0x0, 0x0, 0x0, 0x0, 0x0, 0xb8,
    0x0, 0x0, 0x0, 0x0, 0x7c, 0x0, 0x0, 0x3f,
    0xff, 0xff, 0xff, 0xff, 0x3f, 0xff, 0xff, 0xff,
    0xff, 0x3c, 0x0, 0x0, 0x0, 0xf, 0x3c, 0x2,
    0x0, 0xd0, 0xf, 0x28, 0x1f, 0x82, 0xfe, 0xa,
    0x1, 0xff, 0x0, 0x7f, 0xd0, 0xf, 0xf4, 0x0,
    0x7, 0xf8, 0xf, 0x80, 0x0, 0x0, 0xb4, 0x4,
    0x0, 0x0, 0x0, 0x10, 0x7, 0xff, 0xff, 0xff,
    0xf0, 0x7, 0xff, 0xff, 0xff, 0xf0, 0x0, 0x0,
    0x3c, 0x0, 0x0, 0x0, 0x0, 0x3c, 0x0, 0x0,
    0x0, 0x0, 0x3c, 0x0, 0x0, 0x0, 0x0, 0x3c,
    0x0, 0x0, 0x0, 0x0, 0x3d, 0x0, 0x0, 0x3f,
    0xff, 0xff, 0xff, 0xff, 0x3f, 0xff, 0xff, 0xff,
    0xff,

    /* U+7AD9 "站" */
    0x2, 0x80, 0x0, 0x3c, 0x0, 0x0, 0xf0, 0x0,
    0xf, 0x0, 0x0, 0x3d, 0x0, 0x3, 0xc0, 0x1,
    0x5f, 0x95, 0x0, 0xf0, 0x0, 0xff, 0xff, 0xc0,
    0x3f, 0xff, 0x6f, 0xff, 0xf0, 0xf, 0xff, 0xd0,
    0x40, 0x50, 0x3, 0xc0, 0x1, 0xf0, 0x3c, 0x0,
    0xf0, 0x0, 0x3c, 0xf, 0x0, 0x3c, 0x0, 0xf,
    0x7, 0xcf, 0xff, 0xff, 0x3, 0xd1, 0xe3, 0xff,
    0xff, 0xc0, 0xb4, 0xb8, 0xf8, 0x0, 0xf0, 0x1e,
    0x3d, 0x3e, 0x0, 0x3c, 0x7, 0x8f, 0xf, 0x80,
    0xf, 0x0, 0xf3, 0xc3, 0xe0, 0x3, 0xc0, 0x11,
    0xfe, 0xf8, 0x0, 0xf0, 0x1a, 0xff, 0xbf, 0x0,
    0x3c, 0x3f, 0xff, 0x8f, 0xff, 0xff, 0xb, 0x94,
    0x3, 0xff, 0xff, 0xc0, 0x0, 0x0, 0xf8, 0x0,
    0xf0, 0x0, 0x0, 0x0, 0x0, 0x0, 0x0,

    /* U+7B2C "第" */
    0x0, 0x0, 0x0, 0x10, 0x0, 0x0, 0xbc, 0x0,
    0x2f, 0x0, 0x0, 0x3f, 0xff, 0xcf, 0xff, 0xfc,
    0x3f, 0xff, 0xfb, 0xff, 0xff, 0x2f, 0xf, 0x43,
    0xe2, 0xf0, 0x7, 0x82, 0xf0, 0xf0, 0x3d, 0x0,
    0x40, 0x60, 0x4, 0x9, 0x0, 0x1f, 0xff, 0xff,
    0xff, 0xf4, 0x7, 0xff, 0xff, 0xff, 0xfd, 0x0,
    0x0, 0x3, 0xc0, 0xf, 0x40, 0x3f, 0xff, 0xff,
    0xff, 0xd0, 0xf, 0xff, 0xff, 0xff, 0xf4, 0x7,
    0xc0, 0xf, 0x0, 0x0, 0x2, 0xf0, 0x3, 0xc0,
    0x0, 0x0, 0xbf, 0xff, 0xff, 0xff, 0xf0, 0x3f,
    0xff, 0xff, 0xff, 0xfc, 0x0, 0x7, 0xff, 0x0,
    0xf, 0x0, 0x1b, 0xe3, 0xc0, 0x7, 0xc1, 0xbf,
    0xd0, 0xf0, 0xff, 0xf0, 0xbf, 0x40, 0x3c, 0x3f,
    0xf0, 0x9, 0x0, 0xf, 0x0, 0x0, 0x0,

    /* U+7B49 "等" */
    0x0, 0x40, 0x0, 0x50, 0x0, 0x0, 0xb8, 0x0,
    0x3e, 0x0, 0x0, 0x3f, 0xff, 0x8f, 0xff, 0xf0,
    0x2f, 0xff, 0xeb, 0xff, 0xfc, 0xf, 0x7e, 0x7,
    0xd3, 0xc0, 0xf, 0xc7, 0xc0, 0xf0, 0xb8, 0x0,
    0x80, 0x90, 0xa0, 0x8, 0x0, 0xb, 0xff, 0xff,
    0xff, 0xc0, 0x2, 0xff, 0xff, 0xff, 0xf0, 0x0,
    0x0, 0x7, 0xc0, 0x0, 0x0, 0x0, 0x1, 0xf0,
    0x0, 0x0, 0xff, 0xff, 0xff, 0xff, 0xfe, 0x3f,
    0xff, 0xff, 0xff, 0xff, 0x80, 0x0, 0x0, 0x2,
    0xf0, 0x0, 0xbf, 0xff, 0xff, 0xff, 0xf0, 0x2f,
    0xff, 0xff, 0xff, 0xfc, 0x0, 0x18, 0x0, 0xb,
    0xc0, 0x0, 0xf, 0x80, 0x2, 0xf0, 0x0, 0x1,
    0xf4, 0x0, 0xb8, 0x0, 0x0, 0x2d, 0xf, 0xfe,
    0x0, 0x0, 0x0, 0x3, 0xff, 0x0, 0x0,

    /* U+7B97 "算" */
    0x0, 0x0, 0x0, 0x0, 0x0, 0xb, 0xc0, 0x2,
    0xe0, 0x0, 0xf, 0xff, 0xd3, 0xff, 0xfd, 0x2f,
    0xff, 0xeb, 0xff, 0xfd, 0x7d, 0x2e, 0x1f, 0x4b,
    0x80, 0xb8, 0x1d, 0xb, 0x7, 0x40, 0xb, 0xff,
    0xff, 0xff, 0xd0, 0xb, 0xea, 0xaa, 0xab, 0xd0,
    0xb, 0xea, 0xaa, 0xab, 0xd0, 0xb, 0xff, 0xff,
    0xff, 0xd0, 0xb, 0xc0, 0x0, 0x3, 0xd0, 0xb,
    0xff, 0xff, 0xff, 0xd0, 0xb, 0xd5, 0x55, 0x57,
    0xd0, 0xb, 0xff, 0xff, 0xff, 0xd0, 0xb, 0xff,
    0xff, 0xff, 0xd0, 0x0, 0x3d, 0x0, 0x7c, 0x0,
    0xff, 0xff, 0xff, 0xff, 0xfe, 0xff, 0xff, 0xff,
    0xff, 0xfe, 0x1, 0xf8, 0x0, 0x7c, 0x0, 0x1f,
    0xe0, 0x0, 0x7c, 0x0, 0xe, 0x40, 0x0, 0x7c,
    0x0, 0x0, 0x0, 0x0, 0x0, 0x0,

    /* U+7BB1 "箱" */
    0x0, 0x40, 0x0, 0x14, 0x0, 0x0, 0x2f, 0x0,
    0x3, 0xd0, 0x0, 0x3, 0xff, 0xfd, 0x7f, 0xff,
    0xc0, 0xbf, 0xff, 0xdf, 0xff, 0xfc, 0x1f, 0x4f,
    0x42, 0xf1, 0xf0, 0x1, 0xf0, 0xbc, 0x2e, 0xb,
    0x80, 0x0, 0x15, 0x0, 0x40, 0x10, 0x0, 0x3,
    0xc0, 0x0, 0x0, 0x0, 0x0, 0x3c, 0x3, 0xff,
    0xff, 0x0, 0x5b, 0xd5, 0x3f, 0xff, 0xf0, 0x1f,
    0xff, 0xe3, 0xc0, 0xf, 0x0, 0xb, 0xd0, 0x3f,
    0xff, 0xf0, 0x0, 0xff, 0x3, 0xff, 0xff, 0x0,
    0x2f, 0xfc, 0x3c, 0x0, 0xf0, 0x7, 0xfe, 0xe3,
    0xc0, 0xf, 0x1, 0xf7, 0xcf, 0x3f, 0xff, 0xf0,
    0x3e, 0x3c, 0x53, 0xff, 0xff, 0x3, 0xc3, 0xc0,
    0x3c, 0x0, 0xf0, 0x24, 0x3c, 0x3, 0xc0, 0xf,
    0x0, 0x3, 0xc0, 0x3f, 0xff, 0xf0, 0x0, 0x3c,
    0x3, 0xff, 0xff, 0x0,

    /* U+7C73 "米" */
    0x0, 0x0, 0x2f, 0x0, 0x0, 0x0, 0x0, 0xb,
    0xc0, 0x14, 0x0, 0x3d, 0x2, 0xf0, 0xf, 0x40,
    0xb, 0xc0, 0xbc, 0xb, 0xc0, 0x0, 0xf8, 0x2f,
    0x7, 0xd0, 0x0, 0x1f, 0xb, 0xc3, 0xf0, 0x0,
    0x3, 0x82, 0xf0, 0xb0, 0x0, 0x0, 0x0, 0xbc,
    0x4, 0x0, 0x3f, 0xff, 0xff, 0xff, 0xff, 0xf,
    0xff, 0xff, 0xff, 0xff, 0xc0, 0x0, 0x2f, 0xff,
    0x0, 0x0, 0x0, 0x1f, 0xbe, 0xe0, 0x0, 0x0,
    0x1f, 0x2f, 0x3d, 0x0, 0x0, 0x1f, 0x4b, 0xc3,
    0xe0, 0x0, 0x2f, 0x82, 0xf0, 0x7e, 0x0, 0x3f,
    0x80, 0xbc, 0x7, 0xf4, 0x7f, 0x40, 0x2f, 0x0,
    0x7f, 0x8f, 0x40, 0xb, 0xc0, 0x3, 0xc1, 0x0,
    0x2, 0xf0, 0x0, 0x0, 0x0, 0x0, 0xbc, 0x0,
    0x0,

    /* U+7C97 "粗" */
    0x0, 0xf0, 0x0, 0x0, 0x0, 0x0, 0x3c, 0x3,
    0xff, 0xff, 0x42, 0x8f, 0x1e, 0xff, 0xff, 0xd0,
    0xf3, 0xcb, 0x7d, 0x0, 0xf4, 0x3c, 0xf3, 0xcf,
    0x40, 0x3d, 0xb, 0x7d, 0xf3, 0xd0, 0xf, 0x41,
    0xdf, 0x68, 0xf9, 0x57, 0xd0, 0x3, 0xd0, 0x3f,
    0xff, 0xf4, 0x3f, 0xff, 0xcf, 0xea, 0xbd, 0xf,
    0xff, 0xf3, 0xd0, 0xf, 0x40, 0x2f, 0x40, 0xf4,
    0x3, 0xd0, 0xf, 0xf4, 0x3d, 0x0, 0xf4, 0xb,
    0xff, 0x8f, 0xff, 0xfd, 0x7, 0xbc, 0xf7, 0xff,
    0xff, 0x47, 0xdf, 0x1c, 0xf4, 0x3, 0xd1, 0xf3,
    0xc0, 0x3d, 0x0, 0xf4, 0x30, 0xf0, 0xf, 0x40,
    0x3d, 0x4, 0x3c, 0x3, 0xd0, 0xf, 0x40, 0xf,
    0x7, 0xff, 0xff, 0xfc, 0x3, 0xc1, 0xff, 0xff,
    0xff,

    /* U+7CFB "系" */
    0x0, 0x0, 0x0, 0x5, 0xa4, 0x1, 0xaa, 0xbf,
    0xff, 0xff, 0x0, 0x7f, 0xff, 0xff, 0xe9, 0x0,
    0x5, 0x57, 0xe0, 0x10, 0x0, 0x0, 0x3, 0xe0,
    0x1f, 0x40, 0x0, 0x7, 0xe0, 0x2f, 0x80, 0x0,
    0xf, 0xff, 0xff, 0x40, 0x0, 0x3, 0xff, 0xff,
    0x44, 0x0, 0x0, 0x0, 0x7f, 0xb, 0x80, 0x0,
    0x0, 0xfe, 0x0, 0xf4, 0x0, 0x2, 0xfc, 0x5,
    0xbf, 0x0, 0xf, 0xff, 0xff, 0xff, 0xf0, 0x3,
    0xff, 0xff, 0xa5, 0x7e, 0x0, 0x0, 0x3, 0xc0,
    0x47, 0x40, 0x2, 0xd0, 0xf0, 0xf8, 0x0, 0x2,
    0xf4, 0x3c, 0x2f, 0x80, 0x7, 0xf4, 0xf, 0x1,
    0xfc, 0xb, 0xf4, 0x3, 0xc0, 0x1f, 0xc1, 0xf0,
    0x2f, 0xf0, 0x0, 0xf0, 0x10, 0x7, 0xf4, 0x0,
    0x0,

    /* U+7D22 "索" */
    0x0, 0x0, 0x3d, 0x0, 0x0, 0x3, 0xff, 0xff,
    0xff, 0xff, 0x0, 0xff, 0xff, 0xff, 0xff, 0xc0,
    0x0, 0x0, 0xf4, 0x0, 0x0, 0x0, 0x0, 0x3d,
    0x0, 0x0, 0xf, 0xff, 0xff, 0xff, 0xff, 0xc3,
    0xff, 0xff, 0xff, 0xff, 0xf0, 0xf0, 0xb, 0xd0,
    0x0, 0x3c, 0x3c, 0x1f, 0xc0, 0x74, 0xf, 0x5,
    0x2f, 0xea, 0xff, 0x1, 0x40, 0xb, 0xff, 0xfd,
    0x20, 0x0, 0x0, 0xb, 0xf8, 0x3e, 0x0, 0x0,
    0x2f, 0xd0, 0x7, 0xd0, 0x2, 0xff, 0xff, 0xff,
    0xfd, 0x0, 0x7f, 0xfb, 0xfa, 0x5b, 0xc0, 0x0,
    0x50, 0xf4, 0xa0, 0x40, 0x1, 0xbd, 0x3d, 0x3f,
    0xd0, 0xb, 0xfd, 0xf, 0x42, 0xff, 0x43, 0xf4,
    0x3f, 0xd0, 0x7, 0xf0, 0x50, 0xf, 0xe0, 0x0,
    0x10,

    /* U+7D2F "累" */
    0xf, 0xff, 0xff, 0xff, 0xf0, 0xf, 0xff, 0xff,
    0xff, 0xf0, 0xf, 0x0, 0x3c, 0x0, 0xf0, 0xf,
    0xff, 0xff, 0xff, 0xf0, 0xf, 0xff, 0xff, 0xff,
    0xf0, 0xf, 0x0, 0x3c, 0x0, 0xf0, 0xf, 0xff,
    0xff, 0xff, 0xf0, 0xf, 0xff, 0xff, 0xff, 0xf0,
    0x0, 0x2f, 0x80, 0x78, 0x0, 0x7, 0xff, 0xff,
    0xf8, 0x0, 0x3, 0xeb, 0xff, 0x87, 0x80, 0x0,
    0x1f, 0xe4, 0x7, 0xe0, 0x3f, 0xff, 0xff, 0xff,
    0xf8, 0x2f, 0xff, 0xfe, 0xa9, 0x7d, 0x0, 0x14,
    0x3c, 0x24, 0x10, 0x1, 0xfc, 0x3c, 0xbf, 0x80,
    0x7f, 0xf4, 0x3c, 0x2f, 0xf8, 0x7f, 0x47, 0xfc,
    0x1, 0xfd, 0x24, 0x3, 0xf4, 0x0, 0x18,

    /* U+7EA2 "红" */
    0x0, 0x0, 0x0, 0x0, 0x0, 0x0, 0xb, 0x40,
    0x0, 0x0, 0x0, 0x0, 0xf4, 0x1f, 0xff, 0xff,
    0x40, 0x1f, 0x1, 0xff, 0xff, 0xf4, 0x3, 0xe0,
    0x0, 0xf, 0x40, 0x0, 0x7c, 0x3c, 0x0, 0xf0,
    0x0, 0xf, 0x47, 0xc0, 0xf, 0x0, 0x2, 0xf5,
    0xf4, 0x0, 0xf0, 0x0, 0x3f, 0xff, 0x0, 0xf,
    0x0, 0x3, 0xff, 0xd0, 0x0, 0xf0, 0x0, 0x0,
    0xb8, 0x0, 0xf, 0x0, 0x0, 0x1f, 0x0, 0x0,
    0xf0, 0x0, 0x3, 0xd1, 0x80, 0xf, 0x0, 0x0,
    0xfe, 0xfc, 0x0, 0xf0, 0x0, 0x2f, 0xfe, 0x40,
    0xf, 0x0, 0x1, 0xf9, 0x0, 0x0, 0xf0, 0x0,
    0x0, 0x1, 0x40, 0xf, 0x0, 0x0, 0x6, 0xf8,
    0x0, 0xf0, 0x0, 0x3f, 0xff, 0x7f, 0xff, 0xff,
    0xc3, 0xf9, 0x3, 0xff, 0xff, 0xfc, 0x10, 0x0,
    0x0, 0x0, 0x0, 0x0,

    /* U+7EA6 "约" */
    0x0, 0x0, 0x0, 0x40, 0x0, 0x0, 0x3d, 0x0,
    0x3d, 0x0, 0x0, 0x1f, 0x0, 0x1f, 0x0, 0x0,
    0xf, 0x80, 0xb, 0xc0, 0x0, 0x3, 0xc0, 0x3,
    0xff, 0xff, 0x2, 0xe1, 0xf2, 0xff, 0xff, 0xc0,
    0xf0, 0xf8, 0xf8, 0x0, 0xf0, 0xbe, 0xbc, 0xfc,
    0x0, 0x3c, 0x3f, 0xfe, 0x7d, 0x0, 0xf, 0xb,
    0xbf, 0xa, 0x10, 0x3, 0xc0, 0xf, 0x40, 0x2d,
    0x0, 0xf0, 0xf, 0x80, 0xb, 0xc0, 0x3c, 0xb,
    0xc6, 0x80, 0xfc, 0xf, 0xb, 0xff, 0xf0, 0xf,
    0x83, 0xc3, 0xff, 0xd0, 0x2, 0xf0, 0xf0, 0x65,
    0x0, 0x0, 0x20, 0x3c, 0x0, 0x1, 0x80, 0x0,
    0xf, 0x0, 0x6f, 0xf0, 0x0, 0x3, 0xc3, 0xff,
    0xfc, 0x0, 0x2, 0xf0, 0xff, 0x90, 0x0, 0xbf,
    0xf8, 0x10, 0x0, 0x0, 0x1f, 0xf8, 0x0, 0x0,
    0x0, 0x0, 0x0, 0x0,

    /* U+7EBF "线" */
    0x0, 0x0, 0x0, 0x0, 0x0, 0x0, 0x38, 0x0,
    0x3c, 0x70, 0x0, 0x1f, 0x0, 0xf, 0x2f, 0x0,
    0xb, 0x80, 0x3, 0xc3, 0xe0, 0x3, 0xd0, 0x0,
    0xf0, 0x24, 0x1, 0xf1, 0x40, 0x7e, 0xff, 0x40,
    0xf4, 0xfb, 0xff, 0xff, 0xd0, 0xb8, 0x7c, 0xff,
    0xe4, 0x0, 0x3f, 0xfd, 0x0, 0xf0, 0x0, 0xf,
    0xff, 0x0, 0x3d, 0x6b, 0xc0, 0xf, 0x41, 0xbf,
    0xff, 0xf0, 0xb, 0x81, 0xff, 0xfe, 0x50, 0x7,
    0xc1, 0xa9, 0xb8, 0x28, 0x7, 0xff, 0xd0, 0x1f,
    0x1f, 0x43, 0xff, 0xe0, 0x3, 0xdf, 0x80, 0x79,
    0x0, 0x0, 0xff, 0xc0, 0x0, 0x0, 0x40, 0x2f,
    0xc3, 0x80, 0x1b, 0xe0, 0x3f, 0xe1, 0xf2, 0xff,
    0xf5, 0xff, 0xbe, 0xf4, 0xff, 0x91, 0xff, 0xb,
    0xfc, 0x14, 0x0, 0x28, 0x0, 0x7d, 0x0,

    /* U+7EC4 "组" */
    0x0, 0x0, 0x0, 0x0, 0x0, 0x0, 0x2d, 0x0,
    0x0, 0x0, 0x0, 0xf, 0x80, 0xff, 0xff, 0xd0,
    0x7, 0xc0, 0x3f, 0xff, 0xf4, 0x3, 0xe0, 0xf,
    0x0, 0x3d, 0x1, 0xf0, 0xe7, 0xc0, 0xf, 0x40,
    0xf4, 0xbc, 0xf0, 0x3, 0xd0, 0xbe, 0xbd, 0x3f,
    0xff, 0xf4, 0x3f, 0xfe, 0xf, 0xff, 0xfd, 0xa,
    0x6f, 0x3, 0xc0, 0xf, 0x40, 0xf, 0x40, 0xf0,
    0x3, 0xd0, 0xb, 0xc0, 0x3c, 0x0, 0xf4, 0x7,
    0xd6, 0xcf, 0x0, 0x3d, 0xb, 0xff, 0xf3, 0xff,
    0xff, 0x42, 0xff, 0x90, 0xff, 0xff, 0xd0, 0x64,
    0x0, 0x3c, 0x0, 0xf4, 0x0, 0xb, 0x8f, 0x0,
    0x3d, 0x1, 0xbf, 0xe3, 0xc0, 0xf, 0x43, 0xff,
    0x8f, 0xff, 0xff, 0xfc, 0xb8, 0x3, 0xff, 0xff,
    0xff, 0x0, 0x0, 0x0, 0x0, 0x0, 0x0,

    /* U+7EC8 "终" */
    0x0, 0x0, 0x0, 0x0, 0x0, 0x0, 0xe, 0x0,
    0x1f, 0x0, 0x0, 0x1, 0xf0, 0x2, 0xf0, 0x0,
    0x0, 0x3e, 0x0, 0x3f, 0xff, 0xe0, 0x3, 0xc0,
    0xf, 0xff, 0xfe, 0x0, 0xb8, 0xf2, 0xf4, 0x7,
    0xc0, 0xf, 0x1f, 0xbf, 0xd0, 0xf4, 0x2, 0xe7,
    0xe7, 0xaf, 0x7e, 0x0, 0x3f, 0xfc, 0x10, 0xbf,
    0xc0, 0x3, 0xef, 0x40, 0x7, 0xfd, 0x0, 0x1,
    0xf0, 0x3, 0xff, 0xfd, 0x0, 0x3d, 0x7, 0xfe,
    0xb, 0xfc, 0x7, 0x85, 0xfe, 0x40, 0x1f, 0xc1,
    0xff, 0xda, 0xf, 0xd0, 0x10, 0x3f, 0xf8, 0x0,
    0xbf, 0xe4, 0x1, 0x90, 0x0, 0x0, 0x6f, 0x80,
    0x0, 0x1, 0xe, 0x0, 0x10, 0x0, 0x1b, 0xf7,
    0xff, 0x90, 0x0, 0x3f, 0xff, 0xb, 0xff, 0xe0,
    0x3, 0xfe, 0x40, 0x1, 0xff, 0xd0, 0x14, 0x0,
    0x0, 0x0, 0xbc, 0x0, 0x0, 0x0, 0x0, 0x0,
    0x0,

    /* U+7ECF "经" */
    0x1, 0x80, 0x0, 0x0, 0x0, 0x0, 0xf8, 0x2f,
    0xff, 0xfc, 0x0, 0x7c, 0xb, 0xff, 0xff, 0x0,
    0x2e, 0x0, 0x0, 0xf, 0xc0, 0xf, 0x4, 0x0,
    0xb, 0xc0, 0xb, 0x87, 0xc0, 0xb, 0xd0, 0x3,
    0xc3, 0xe0, 0x1f, 0xfc, 0x3, 0xff, 0xf0, 0x6f,
    0xdf, 0xd0, 0xbf, 0xf5, 0xff, 0x80, 0xbe, 0x0,
    0xb8, 0x3e, 0x0, 0x7, 0x80, 0x7c, 0x0, 0x0,
    0x0, 0x0, 0x3d, 0x69, 0xff, 0xff, 0xf0, 0x7f,
    0xfe, 0x7f, 0xff, 0xfc, 0x1f, 0xf9, 0x0, 0x1f,
    0x0, 0x2, 0x40, 0x0, 0x7, 0xc0, 0x0, 0x0,
    0x78, 0x1, 0xf0, 0x0, 0x6, 0xfd, 0x0, 0x7c,
    0x0, 0x3f, 0xf8, 0x7f, 0xff, 0xff, 0xcb, 0x90,
    0x1f, 0xff, 0xff, 0xf0, 0x0, 0x0, 0x0, 0x0,
    0x0,

    /* U+7ED1 "绑" */
    0x0, 0x0, 0x0, 0x0, 0x0, 0x0, 0x1e, 0x0,
    0xf0, 0x0, 0x0, 0x2, 0xe0, 0xf, 0x7, 0xff,
    0x80, 0x3d, 0x1f, 0xff, 0x7f, 0xf4, 0x3, 0xc1,
    0xff, 0xf7, 0x8b, 0x0, 0xb8, 0xe0, 0xf0, 0x78,
    0xf0, 0xf, 0x1f, 0xf, 0x7, 0x8f, 0x0, 0xf3,
    0xd0, 0xf0, 0x79, 0xe0, 0x3f, 0xfc, 0xff, 0xe7,
    0xac, 0x2, 0xff, 0x4f, 0xfe, 0x7b, 0xc0, 0x0,
    0xf0, 0xf, 0x7, 0x9d, 0x0, 0x2d, 0x0, 0xf0,
    0x78, 0xf0, 0x7, 0xdd, 0xff, 0xfb, 0x87, 0x41,
    0xff, 0xdf, 0xff, 0xb8, 0x38, 0x2f, 0xe4, 0x2e,
    0x7, 0x83, 0xc0, 0x40, 0x3, 0xd0, 0x78, 0x3c,
    0x0, 0x9, 0x7c, 0x7, 0xbf, 0xc0, 0x6f, 0xdf,
    0xc0, 0x7a, 0xf0, 0x2f, 0xfa, 0xf4, 0x7, 0x80,
    0x2, 0xf4, 0x3e, 0x0, 0x78, 0x0, 0x0, 0x0,
    0x80, 0x7, 0x80, 0x0,

    /* U+7ED3 "结" */
    0x0, 0x0, 0x0, 0x0, 0x0, 0x0, 0xb, 0x40,
    0x1, 0xf0, 0x0, 0x0, 0xf4, 0x0, 0x1f, 0x0,
    0x0, 0x2f, 0x0, 0x1, 0xf0, 0x0, 0x3, 0xd0,
    0x7f, 0xff, 0xff, 0xc0, 0x7c, 0x7, 0xff, 0xff,
    0xfc, 0xf, 0x47, 0xc0, 0x1f, 0x0, 0x2, 0xf5,
    0xf4, 0x1, 0xf0, 0x0, 0x3f, 0xff, 0x2f, 0xff,
    0xff, 0x42, 0xef, 0xd2, 0xff, 0xff, 0xf4, 0x0,
    0xf8, 0x0, 0x0, 0x0, 0x0, 0x1f, 0x0, 0x0,
    0x0, 0x0, 0x3, 0xd1, 0x4f, 0xff, 0xff, 0x1,
    0xff, 0xfc, 0xff, 0xff, 0xf0, 0x2f, 0xfe, 0x4f,
    0x0, 0x1f, 0x1, 0xe4, 0x0, 0xf0, 0x1, 0xf0,
    0x0, 0x0, 0x4f, 0x0, 0x1f, 0x0, 0x16, 0xfc,
    0xf0, 0x1, 0xf0, 0x3f, 0xff, 0x8f, 0xff, 0xff,
    0x2, 0xf9, 0x0, 0xff, 0xff, 0xf0, 0x0, 0x0,
    0xf, 0x40, 0x1f, 0x0,

    /* U+7EDF "统" */
    0x0, 0x0, 0x0, 0x0, 0x0, 0x0, 0xe, 0x0,
    0x7, 0xc0, 0x0, 0x1, 0xf0, 0x0, 0x3d, 0x0,
    0x0, 0x2e, 0xf, 0xff, 0xff, 0xf4, 0x3, 0xd0,
    0xff, 0xff, 0xff, 0x40, 0xbc, 0x50, 0x3e, 0x9,
    0x0, 0xf, 0x4f, 0x47, 0xc1, 0xf0, 0x2, 0xe2,
    0xf0, 0xf4, 0xf, 0x80, 0x3f, 0xfd, 0x3f, 0x5b,
    0xfd, 0x3, 0xff, 0xc7, 0xff, 0xff, 0xf0, 0x0,
    0xf0, 0x3f, 0xa5, 0xf, 0x0, 0x2e, 0x0, 0x14,
    0x28, 0x0, 0x7, 0xc2, 0x4b, 0x83, 0xc0, 0x1,
    0xff, 0xf4, 0xb8, 0x3c, 0x0, 0x3f, 0xfd, 0xf,
    0x43, 0xc0, 0x2, 0xf4, 0x0, 0xf4, 0x3c, 0x0,
    0x0, 0x7, 0x5f, 0x3, 0xc3, 0xc0, 0x1b, 0xf7,
    0xf0, 0x3c, 0x3c, 0x2f, 0xfd, 0xbd, 0x3, 0xc3,
    0xc2, 0xf9, 0x2f, 0x80, 0x3f, 0xfc, 0x10, 0x0,
    0xe0, 0x1, 0xff, 0x40, 0x0, 0x0, 0x0, 0x0,
    0x0,

    /* U+7EE7 "继" */
    0x0, 0x0, 0x0, 0x0, 0x0, 0x0, 0xf, 0x40,
    0x0, 0x3c, 0x0, 0x1, 0xf0, 0x3c, 0x3, 0xc0,
    0x0, 0x2e, 0x3, 0xdd, 0x3c, 0x78, 0x3, 0xd0,
    0x3c, 0xe3, 0xcb, 0x40, 0x7c, 0x3, 0xcf, 0x3c,
    0xf0, 0xf, 0x4b, 0xbc, 0x77, 0xde, 0x1, 0xf1,
    0xf7, 0xc0, 0x3c, 0x0, 0x3f, 0xfe, 0x3d, 0xff,
    0xff, 0x43, 0xff, 0xc3, 0xdf, 0xff, 0xf4, 0x0,
    0xf4, 0x3c, 0xf, 0xd0, 0x0, 0x1f, 0x3, 0xc2,
    0xff, 0x40, 0x3, 0xc1, 0x7c, 0x3b, 0xfe, 0x1,
    0xff, 0xf7, 0xcf, 0x3c, 0xf8, 0x2f, 0xfe, 0x7e,
    0xe3, 0xc7, 0x41, 0xa4, 0x3, 0xdc, 0x3c, 0x0,
    0x0, 0x1, 0x7c, 0x3, 0xc0, 0x0, 0x5b, 0xf7,
    0xc0, 0x28, 0x0, 0x3f, 0xfe, 0x3f, 0xff, 0xff,
    0xc3, 0xe4, 0x3, 0xff, 0xff, 0xfc, 0x0, 0x0,
    0x0, 0x0, 0x0, 0x0,

    /* U+7EEA "绪" */
    0x0, 0x0, 0x0, 0x0, 0x0, 0x0, 0x1d, 0x0,
    0x7, 0xc0, 0x0, 0x2, 0xf0, 0x0, 0x7c, 0x3,
    0x80, 0x3e, 0x2, 0xff, 0xff, 0xf8, 0x3, 0xc0,
    0x2f, 0xff, 0xff, 0x40, 0xb8, 0x90, 0x7, 0xc3,
    0xf0, 0xf, 0x4f, 0x40, 0x7c, 0xbc, 0x1, 0xf1,
    0xf0, 0x7, 0xdf, 0x80, 0x3f, 0xbd, 0xbf, 0xff,
    0xff, 0xc3, 0xff, 0xcb, 0xff, 0xff, 0xfc, 0x15,
    0xf4, 0x0, 0xbe, 0x0, 0x0, 0x1f, 0x0, 0x7f,
    0xff, 0xf0, 0x3, 0xc0, 0xbf, 0xff, 0xff, 0x0,
    0xb9, 0xeb, 0xf4, 0x1, 0xf0, 0x2f, 0xfe, 0x1f,
    0x40, 0x1f, 0x2, 0xff, 0x40, 0xbf, 0xff, 0xf0,
    0x19, 0x1, 0xb, 0xff, 0xff, 0x0, 0x1b, 0xf8,
    0xb4, 0x1, 0xf0, 0x3f, 0xfd, 0xb, 0xff, 0xff,
    0x3, 0xf8, 0x0, 0xbf, 0xff, 0xf0, 0x0, 0x0,
    0xb, 0x40, 0x1f, 0x0,

    /* U+7EED "续" */
    0x0, 0x0, 0x0, 0x0, 0x0, 0x0, 0x1d, 0x0,
    0x2, 0xe0, 0x0, 0x2, 0xf0, 0x3f, 0xff, 0xff,
    0x0, 0x3d, 0x3, 0xff, 0xff, 0xf0, 0x3, 0xc0,
    0x0, 0x2e, 0x0, 0x0, 0xb8, 0x0, 0x2, 0xe0,
    0x0, 0xf, 0xf, 0xbf, 0xff, 0xff, 0x41, 0xe2,
    0xfb, 0xff, 0xff, 0xf4, 0x3f, 0xfd, 0x5, 0x5,
    0xf, 0x3, 0xff, 0x80, 0xfc, 0xf5, 0xf0, 0x15,
    0xf0, 0x12, 0xef, 0x6e, 0x0, 0x3d, 0xb, 0xc4,
    0xf4, 0x40, 0xb, 0xc0, 0x3f, 0xf, 0x40, 0x1,
    0xff, 0xd0, 0xb0, 0xf4, 0x0, 0x3f, 0xfd, 0xff,
    0xff, 0xff, 0xc3, 0xe4, 0xf, 0xff, 0xff, 0xfc,
    0x0, 0x0, 0x0, 0x3e, 0x0, 0x0, 0x6, 0xe0,
    0xb, 0xfd, 0x0, 0x2f, 0xfe, 0x2, 0xfb, 0xfc,
    0x3, 0xfe, 0x6, 0xfe, 0x7, 0xf8, 0x14, 0x0,
    0xbf, 0x40, 0xf, 0xc0, 0x0, 0x2, 0x40, 0x0,
    0x20,

    /* U+7EF4 "维" */
    0x0, 0x90, 0x2, 0x41, 0x80, 0x0, 0xf, 0x40,
    0x3c, 0x3d, 0x0, 0x2, 0xf0, 0x7, 0xc2, 0xe0,
    0x0, 0x3d, 0x0, 0xf8, 0x1f, 0x0, 0x7, 0xc0,
    0x1f, 0xff, 0xff, 0xc0, 0xb4, 0xf6, 0xff, 0xff,
    0xfc, 0xf, 0x1f, 0x7f, 0x0, 0xf0, 0x3, 0xff,
    0xdf, 0xf0, 0xf, 0x0, 0x2f, 0xfc, 0xff, 0xff,
    0xff, 0x40, 0xf, 0x4c, 0xff, 0xff, 0xf4, 0x2,
    0xe0, 0xf, 0x0, 0xf0, 0x0, 0x7c, 0x70, 0xf0,
    0xf, 0x0, 0x1f, 0xff, 0xf, 0xff, 0xff, 0x42,
    0xff, 0x80, 0xff, 0xff, 0xf4, 0x9, 0x0, 0xf,
    0x0, 0xf0, 0x0, 0x0, 0x14, 0xf0, 0xf, 0x0,
    0x0, 0x6f, 0x8f, 0x0, 0xf0, 0x3, 0xff, 0xf8,
    0xff, 0xff, 0xfc, 0x3f, 0xe4, 0xf, 0xff, 0xff,
    0xc1, 0x40, 0x0, 0xf0, 0x0, 0x0,

    /* U+7EFF "绿" */
    0x0, 0x90, 0x0, 0x0, 0x0, 0x0, 0xf, 0x41,
    0xff, 0xff, 0xd0, 0x2, 0xf0, 0x1f, 0xff, 0xfd,
    0x0, 0x3d, 0x0, 0x0, 0x3, 0xc0, 0x7, 0xc1,
    0xf, 0xff, 0xfc, 0x0, 0xf4, 0xf8, 0xff, 0xff,
    0xc0, 0x2f, 0x6f, 0x0, 0x0, 0x7c, 0x3, 0xff,
    0xd7, 0xff, 0xff, 0xfc, 0x19, 0xfc, 0x7f, 0xff,
    0xff, 0xc0, 0x1f, 0x0, 0x1, 0xe0, 0x10, 0x3,
    0xd0, 0x38, 0x1f, 0xb, 0x40, 0xfd, 0xb7, 0xf2,
    0xfa, 0xf0, 0x3f, 0xff, 0xe, 0x7f, 0xfd, 0x2,
    0xfe, 0x40, 0x2f, 0xff, 0x40, 0x0, 0x0, 0xb,
    0xee, 0x7c, 0x0, 0x1, 0x93, 0xf1, 0xe2, 0xf4,
    0x16, 0xff, 0xfd, 0x1e, 0xf, 0xd3, 0xff, 0x8f,
    0x2, 0xe0, 0x3c, 0x2e, 0x40, 0x2, 0xfe, 0x0,
    0x40, 0x0, 0x0, 0x2f, 0xc0, 0x0,

    /* U+7F16 "编" */
    0x0, 0x0, 0x0, 0x0, 0x0, 0x0, 0xb4, 0x0,
    0x2f, 0x0, 0x0, 0x3d, 0x0, 0x3, 0xc0, 0x0,
    0x1f, 0x3, 0xff, 0xff, 0xfc, 0xb, 0x80, 0xff,
    0xff, 0xff, 0x3, 0xc1, 0x3c, 0x0, 0x3, 0xc2,
    0xe2, 0xef, 0x0, 0x0, 0xf1, 0xf6, 0xf3, 0xff,
    0xff, 0xfc, 0x7f, 0xf8, 0xff, 0xff, 0xff, 0x9,
    0xbc, 0x3c, 0x0, 0x0, 0x0, 0x3d, 0xf, 0xff,
    0xff, 0xf0, 0x1f, 0x3, 0xff, 0xff, 0xfc, 0xf,
    0x6d, 0xfe, 0x3a, 0xcf, 0xf, 0xff, 0x7f, 0x8e,
    0xb3, 0xc3, 0xff, 0x6f, 0xe3, 0xac, 0xf0, 0xa4,
    0xf, 0xbf, 0xff, 0xfc, 0x0, 0x17, 0xdf, 0xff,
    0xff, 0x1, 0xbe, 0xe7, 0x8e, 0xb3, 0xc3, 0xfe,
    0xf5, 0xe3, 0xac, 0xf0, 0xe4, 0x7c, 0x78, 0xeb,
    0xfc, 0x0, 0x5, 0x1e, 0x3a, 0xed, 0x0,

    /* U+7F51 "网" */
    0xff, 0xff, 0xff, 0xff, 0xff, 0xff, 0xff, 0xff,
    0xff, 0xf4, 0x0, 0x0, 0x1, 0xff, 0x0, 0xa0,
    0x2, 0x4f, 0xf0, 0xf, 0x40, 0x7c, 0xff, 0x70,
    0xf2, 0xb, 0x8f, 0xff, 0xdf, 0x7c, 0xf4, 0xff,
    0x3f, 0xe3, 0xff, 0xf, 0xf0, 0xfd, 0xf, 0xf0,
    0xff, 0x7, 0xd0, 0x7e, 0xf, 0xf0, 0x7f, 0x3,
    0xf0, 0xff, 0xf, 0xfc, 0x7f, 0x8f, 0xf1, 0xf3,
    0xdf, 0xbd, 0xff, 0x3e, 0x1a, 0xf2, 0xff, 0xfb,
    0xc0, 0x3e, 0xd, 0xff, 0x78, 0x7, 0xc0, 0xf,
    0xf0, 0x0, 0x20, 0x1, 0xff, 0x0, 0x0, 0x3,
    0xff, 0xf0, 0x0, 0x0, 0x1f, 0x80,

    /* U+7F57 "罗" */
    0x3f, 0xff, 0xff, 0xff, 0xf0, 0xff, 0xff, 0xff,
    0xff, 0xc3, 0xc0, 0xf0, 0x3c, 0xf, 0xf, 0x3,
    0xc0, 0xf0, 0x3c, 0x3f, 0xff, 0xff, 0xff, 0xf0,
    0xff, 0xff, 0xff, 0xff, 0xc0, 0x0, 0xf4, 0x0,
    0x0, 0x0, 0x7, 0xc0, 0x0, 0x0, 0x0, 0x3f,
    0xff, 0xff, 0xc0, 0x3, 0xff, 0xff, 0xff, 0x0,
    0x7f, 0x0, 0x0, 0xf4, 0xb, 0xf0, 0x40, 0xb,
    0xc0, 0x7e, 0xf, 0x80, 0x7d, 0x0, 0x90, 0x2f,
    0xcb, 0xe0, 0x0, 0x0, 0xf, 0xfe, 0x0, 0x0,
    0x0, 0x7f, 0xd0, 0x0, 0x5, 0xbf, 0xf8, 0x0,
    0x1, 0xff, 0xfe, 0x0, 0x0, 0x3, 0xe9, 0x0,
    0x0, 0x0, 0x0, 0x0, 0x0, 0x0, 0x0,

    /* U+7F6E "置" */
    0xf, 0xff, 0xff, 0xff, 0xf0, 0xf, 0xaf, 0xeb,
    0xfa, 0xf0, 0xf, 0xb, 0x83, 0xd1, 0xf0, 0xf,
    0xff, 0xff, 0xff, 0xf0, 0x0, 0x0, 0x7c, 0x0,
    0x0, 0xbf, 0xff, 0xff, 0xff, 0xfd, 0xbf, 0xff,
    0xff, 0xff, 0xfd, 0x1, 0x55, 0xf9, 0x55, 0x0,
    0x3, 0xff, 0xff, 0xff, 0xc0, 0x3, 0xd0, 0x0,
    0xb, 0xc0, 0x3, 0xff, 0xff, 0xff, 0xc0, 0x3,
    0xe5, 0x55, 0x5b, 0xc0, 0x3, 0xfa, 0xaa, 0xaf,
    0xc0, 0x3, 0xff, 0xff, 0xff, 0xc0, 0x3, 0xd0,
    0x0, 0xb, 0xc0, 0x3, 0xff, 0xff, 0xff, 0xc0,
    0x3, 0xd0, 0x0, 0xb, 0xc0, 0xff, 0xff, 0xff,
    0xff, 0xfe, 0xff, 0xff, 0xff, 0xff, 0xff,

    /* U+8001 "老" */
    0x0, 0x0, 0x7c, 0x0, 0x0, 0x0, 0x0, 0x1f,
    0x0, 0x0, 0x0, 0x0, 0x7, 0xc0, 0x0, 0xe0,
    0xf, 0xff, 0xff, 0xfc, 0xfc, 0x3, 0xff, 0xff,
    0xff, 0xfc, 0x0, 0x0, 0x1f, 0x0, 0xfc, 0x0,
    0x0, 0x7, 0xc1, 0xfd, 0x0, 0xff, 0xff, 0xff,
    0xff, 0xff, 0x3f, 0xff, 0xff, 0xff, 0xff, 0xc0,
    0x0, 0xb, 0xf8, 0x0, 0x0, 0x0, 0x1f, 0xf0,
    0x0, 0x0, 0x0, 0x7f, 0xd0, 0x0, 0x60, 0x2,
    0xff, 0x80, 0x1b, 0xfd, 0xf, 0xff, 0xfb, 0xff,
    0xfe, 0x42, 0xf4, 0xff, 0xff, 0x90, 0x0, 0x0,
    0x3e, 0x50, 0x0, 0x14, 0x0, 0xf, 0x80, 0x0,
    0xf, 0x40, 0x3, 0xe0, 0x0, 0x7, 0xd0, 0x0,
    0xbf, 0xff, 0xff, 0xf0, 0x0, 0xf, 0xff, 0xff,
    0xf4,

    /* U+8017 "耗" */
    0x0, 0x0, 0x0, 0x0, 0x0, 0x0, 0x3c, 0x0,
    0x0, 0x1d, 0x0, 0xf, 0x0, 0x6, 0xff, 0xc0,
    0xbf, 0xff, 0xbf, 0xff, 0x40, 0x2f, 0xff, 0xdf,
    0xfc, 0x0, 0x0, 0x3c, 0x0, 0xf, 0x0, 0x1,
    0xff, 0xf8, 0x3, 0xeb, 0xc0, 0x7f, 0xfe, 0x2f,
    0xff, 0xf4, 0x0, 0xf0, 0x1f, 0xff, 0x90, 0x0,
    0x3c, 0x3, 0xef, 0x0, 0x3, 0xff, 0xfc, 0x3,
    0xc0, 0x0, 0xff, 0xff, 0x0, 0xf5, 0xbc, 0x0,
    0xf4, 0x1, 0xbf, 0xff, 0x40, 0xbe, 0xf, 0xff,
    0xfa, 0x40, 0x3f, 0xf3, 0xfb, 0xd0, 0x0, 0x3f,
    0xef, 0x40, 0xf0, 0x0, 0x3e, 0xf2, 0xc0, 0x3c,
    0x2, 0x4f, 0x3c, 0x10, 0xf, 0x1, 0xe3, 0xf,
    0x0, 0x3, 0xd0, 0xb8, 0x3, 0xc0, 0x0, 0xff,
    0xfd, 0x0, 0xf0, 0x0, 0x1f, 0xfe, 0x0,

    /* U+80CC "背" */
    0x0, 0x0, 0x0, 0x0, 0x0, 0x0, 0x0, 0xf0,
    0x3c, 0x0, 0x0, 0x55, 0x7c, 0xf, 0x1b, 0xd0,
    0xbf, 0xff, 0x3, 0xff, 0xf4, 0x1f, 0xff, 0xc0,
    0xff, 0x80, 0x0, 0x0, 0xf0, 0x3c, 0x0, 0x90,
    0x5, 0xbc, 0xf, 0x0, 0x7d, 0xff, 0xff, 0x3,
    0xff, 0xfe, 0x3f, 0xe7, 0xc0, 0x7f, 0xfe, 0x5,
    0x0, 0x0, 0x0, 0x0, 0x0, 0xf, 0xff, 0xff,
    0xff, 0x0, 0x3, 0xff, 0xff, 0xff, 0xc0, 0x0,
    0xf0, 0x0, 0x0, 0xf0, 0x0, 0x3f, 0xff, 0xff,
    0xfc, 0x0, 0xf, 0xff, 0xff, 0xff, 0x0, 0x3,
    0xc0, 0x0, 0x3, 0xc0, 0x0, 0xff, 0xff, 0xff,
    0xf0, 0x0, 0x3f, 0xff, 0xff, 0xfc, 0x0, 0xf,
    0x0, 0x0, 0x1f, 0x0, 0x3, 0xc0, 0x0, 0xff,
    0xc0, 0x0, 0xf0, 0x0, 0x3f, 0xd0, 0x0,

    /* U+80FD "能" */
    0x0, 0x0, 0x0, 0x0, 0x0, 0x0, 0x2e, 0x0,
    0x3c, 0x0, 0x0, 0xf, 0x80, 0xf, 0x0, 0x10,
    0xf, 0xc3, 0xc3, 0xdb, 0xfc, 0xb, 0xd0, 0xf4,
    0xff, 0xff, 0x7, 0xd0, 0x6f, 0x3f, 0x94, 0x3,
    0xff, 0xff, 0xef, 0x0, 0x0, 0xff, 0xe9, 0x7b,
    0xc0, 0x2d, 0x0, 0x0, 0x4, 0xf4, 0xf, 0x43,
    0xff, 0xff, 0x3f, 0xff, 0xc0, 0xff, 0xff, 0xc7,
    0xff, 0xe0, 0x3c, 0x0, 0xf2, 0x90, 0x0, 0xf,
    0xff, 0xfc, 0xf0, 0x0, 0x3, 0xff, 0xff, 0x3d,
    0x6f, 0xc0, 0xf0, 0x3, 0xcf, 0xff, 0xf0, 0x3f,
    0xff, 0xf3, 0xe5, 0x0, 0xf, 0xff, 0xfc, 0xf0,
    0x5, 0x3, 0xc0, 0xf, 0x3c, 0x2, 0xd0, 0xf0,
    0x7, 0xcf, 0x40, 0xf4, 0x3c, 0x1f, 0xf3, 0xff,
    0xfc, 0xf, 0x3, 0xe0, 0x7f, 0xfe, 0x0,

    /* U+81EA "自" */
    0x0, 0x5, 0x0, 0x0, 0x0, 0xf, 0x80, 0x0,
    0x0, 0x1f, 0x0, 0x0, 0x7f, 0xff, 0xff, 0xff,
    0x7f, 0xff, 0xff, 0xff, 0x7c, 0x0, 0x0, 0x1f,
    0x7c, 0x0, 0x0, 0x1f, 0x7c, 0x0, 0x0, 0x1f,
    0x7f, 0xff, 0xff, 0xff, 0x7f, 0xff, 0xff, 0xff,
    0x7c, 0x0, 0x0, 0x1f, 0x7c, 0x0, 0x0, 0x1f,
    0x7c, 0x0, 0x0, 0x1f, 0x7f, 0xff, 0xff, 0xff,
    0x7f, 0xff, 0xff, 0xff, 0x7c, 0x0, 0x0, 0x1f,
    0x7c, 0x0, 0x0, 0x1f, 0x7c, 0x0, 0x0, 0x1f,
    0x7f, 0xff, 0xff, 0xff, 0x7f, 0xff, 0xff, 0xff,
    0x7c, 0x0, 0x0, 0x1f,

    /* U+822A "航" */
    0x0, 0x3e, 0x0, 0x1a, 0x0, 0x0, 0x3, 0xe0,
    0x1, 0xf0, 0x0, 0xa, 0xff, 0xa0, 0xf, 0x40,
    0x0, 0xff, 0xff, 0x7f, 0xff, 0xf0, 0xf, 0x55,
    0xf7, 0xff, 0xff, 0x0, 0xf7, 0x4f, 0x0, 0x0,
    0x0, 0xf, 0x3c, 0xf0, 0x55, 0x50, 0x0, 0xf2,
    0xef, 0xf, 0xff, 0x0, 0xf, 0x0, 0xf0, 0xfa,
    0xf0, 0x3, 0xff, 0xff, 0xf, 0xf, 0x0, 0x3f,
    0xff, 0xf0, 0xf0, 0xf0, 0x0, 0xf0, 0xf, 0xf,
    0xf, 0x0, 0xf, 0x74, 0xf0, 0xf0, 0xf0, 0x0,
    0xf7, 0xcf, 0xf, 0xf, 0x0, 0x1f, 0x3c, 0xf1,
    0xf0, 0xf0, 0x1, 0xe2, 0xef, 0x2e, 0xf, 0x38,
    0x2e, 0x19, 0xf3, 0xd0, 0xf3, 0xc3, 0xd0, 0xf,
    0x7c, 0xf, 0x3c, 0x3c, 0x2f, 0xff, 0x80, 0xff,
    0xc1, 0x80, 0xfd, 0x70, 0x7, 0xf4, 0x0, 0x0,
    0x0, 0x0, 0x0, 0x0,

    /* U+82F1 "英" */
    0x0, 0xf, 0x40, 0x2f, 0x0, 0x1, 0x57, 0xe5,
    0x5b, 0xd5, 0x43, 0xff, 0xff, 0xff, 0xff, 0xf4,
    0xbf, 0xff, 0xff, 0xff, 0xfd, 0x0, 0xf, 0x40,
    0x2f, 0x0, 0x0, 0x2, 0x83, 0xc6, 0x80, 0x0,
    0x0, 0x1, 0xf0, 0x0, 0x0, 0xb, 0xff, 0xff,
    0xff, 0xd0, 0x2, 0xff, 0xff, 0xff, 0xf4, 0x0,
    0xbc, 0x7, 0xc0, 0x3d, 0x0, 0x2f, 0x1, 0xf0,
    0xf, 0x40, 0xb, 0xc0, 0xbc, 0x3, 0xd0, 0x3f,
    0xff, 0xff, 0xff, 0xff, 0x8f, 0xff, 0xff, 0xff,
    0xff, 0xe0, 0x0, 0xf, 0xff, 0x0, 0x0, 0x0,
    0xf, 0xc3, 0xe0, 0x0, 0x0, 0x1f, 0xd0, 0x7f,
    0x40, 0x0, 0x7f, 0xd0, 0x3, 0xfd, 0x2, 0xff,
    0x80, 0x0, 0x2f, 0xf8, 0x7e, 0x0, 0x0, 0x0,
    0xbc, 0x0, 0x0, 0x0, 0x0, 0x0, 0x0,

    /* U+82F9 "苹" */
    0x0, 0x3c, 0x0, 0xb8, 0x0, 0x55, 0xbe, 0x55,
    0xfd, 0x55, 0xff, 0xff, 0xff, 0xff, 0xfe, 0xaa,
    0xbe, 0xaa, 0xfe, 0xa9, 0x0, 0x3c, 0x0, 0xb8,
    0x0, 0x1f, 0xff, 0xff, 0xff, 0xf0, 0x1f, 0xff,
    0xff, 0xff, 0xf0, 0x0, 0x0, 0x7c, 0x1, 0x0,
    0x7, 0x80, 0x7c, 0x3, 0xd0, 0x7, 0xd0, 0x7c,
    0xb, 0xc0, 0x3, 0xf0, 0x7c, 0x1f, 0x40, 0x0,
    0xf0, 0x7c, 0x2f, 0x0, 0x0, 0x40, 0x7c, 0x5,
    0x0, 0xff, 0xff, 0xff, 0xff, 0xfd, 0xff, 0xff,
    0xff, 0xff, 0xfd, 0x0, 0x0, 0x7c, 0x0, 0x0,
    0x0, 0x0, 0x7c, 0x0, 0x0, 0x0, 0x0, 0x7c,
    0x0, 0x0, 0x0, 0x0, 0x7c, 0x0, 0x0, 0x0,
    0x0, 0x7c, 0x0, 0x0,

    /* U+8350 "荐" */
    0x0, 0xf, 0x0, 0x3e, 0x0, 0xa, 0xab, 0xea,
    0xaf, 0xea, 0x83, 0xff, 0xff, 0xff, 0xff, 0xf4,
    0x55, 0xbd, 0x55, 0xf9, 0x54, 0x0, 0xf, 0x40,
    0x2d, 0x0, 0x0, 0x0, 0x7c, 0x0, 0x0, 0x2,
    0xff, 0xff, 0xff, 0xff, 0xf0, 0xbf, 0xff, 0xff,
    0xff, 0xfc, 0x0, 0xf, 0x80, 0x0, 0x0, 0x0,
    0xf, 0xcf, 0xff, 0xff, 0x0, 0xf, 0xc3, 0xff,
    0xff, 0xc0, 0xf, 0xe0, 0x0, 0xf, 0xc0, 0xf,
    0xf8, 0x0, 0x1f, 0x80, 0xf, 0xfe, 0x0, 0xb,
    0xc0, 0x3, 0xdb, 0x9f, 0xff, 0xff, 0xf4, 0x2,
    0xe7, 0xff, 0xff, 0xfd, 0x0, 0xb8, 0x0, 0x2f,
    0x0, 0x0, 0x2e, 0x0, 0xb, 0xc0, 0x0, 0xb,
    0x80, 0x7f, 0xe0, 0x0, 0x2, 0xe0, 0xf, 0xf4,
    0x0,

    /* U+83DC "菜" */
    0x0, 0x1f, 0x0, 0x3d, 0x0, 0xf, 0xff, 0xff,
    0xff, 0xff, 0xc3, 0xff, 0xff, 0xff, 0xff, 0xf0,
    0x0, 0x7d, 0x0, 0xf8, 0x0, 0x0, 0x5, 0x0,
    0x5a, 0xa0, 0x2, 0xff, 0xff, 0xff, 0xfe, 0x0,
    0x7f, 0xff, 0xfe, 0xa8, 0x0, 0x1, 0x0, 0x60,
    0x3, 0xc0, 0x2, 0xe0, 0x3d, 0x3, 0xe0, 0x0,
    0x3c, 0x7, 0x82, 0xf0, 0x0, 0xb, 0x40, 0x40,
    0x70, 0x0, 0x0, 0x0, 0x7c, 0x0, 0x0, 0x2f,
    0xff, 0xff, 0xff, 0xff, 0xb, 0xff, 0xff, 0xff,
    0xff, 0xc0, 0x0, 0x7e, 0xff, 0x80, 0x0, 0x0,
    0xbd, 0x7c, 0xf8, 0x0, 0x2, 0xfd, 0x1f, 0xf,
    0xe0, 0xb, 0xfc, 0x7, 0xc0, 0xbf, 0xd3, 0xf4,
    0x1, 0xf0, 0x3, 0xf0, 0x10, 0x0, 0x7c, 0x0,
    0x10,

    /* U+84DD "蓝" */
    0x0, 0xf, 0x40, 0x1f, 0x0, 0x1, 0xaa, 0xfe,
    0xab, 0xfa, 0xa4, 0x2f, 0xff, 0xff, 0xff, 0xff,
    0x81, 0x55, 0xf9, 0x56, 0xf5, 0x54, 0x0, 0xb,
    0x40, 0x1e, 0x0, 0x0, 0x0, 0x68, 0xa, 0x40,
    0x0, 0xb, 0x87, 0xc0, 0xfa, 0xaa, 0x0, 0xb8,
    0x7c, 0x3f, 0xff, 0xf0, 0xb, 0x87, 0xcb, 0xea,
    0xaa, 0x0, 0xb8, 0x7d, 0xf8, 0x74, 0x0, 0xb,
    0x87, 0xca, 0xb, 0xf4, 0x0, 0x64, 0x7c, 0x0,
    0xf, 0x40, 0x0, 0x1, 0x40, 0x0, 0x10, 0x0,
    0x3f, 0xff, 0xff, 0xff, 0xc0, 0x3, 0xff, 0xff,
    0xff, 0xfc, 0x0, 0x3d, 0x1f, 0xf, 0x47, 0xc0,
    0x3, 0xd1, 0xf0, 0xf4, 0x7c, 0x0, 0x3d, 0x1f,
    0xf, 0x47, 0xc0, 0x3f, 0xff, 0xff, 0xff, 0xff,
    0xc3, 0xff, 0xff, 0xff, 0xff, 0xfc,

    /* U+8702 "蜂" */
    0x0, 0x0, 0x0, 0x0, 0x0, 0x0, 0x1e, 0x0,
    0xf, 0x40, 0x0, 0x1, 0xe0, 0x2, 0xfa, 0xa8,
    0x0, 0x1e, 0x0, 0xbf, 0xff, 0xd0, 0x2f, 0xff,
    0x2f, 0xd0, 0xbc, 0x3, 0xff, 0xf3, 0xff, 0x5f,
    0x40, 0x3c, 0xdf, 0x4, 0xbf, 0xd0, 0x3, 0xcd,
    0xf0, 0x6f, 0xff, 0x90, 0x3c, 0xdf, 0x7f, 0xf5,
    0xff, 0xc3, 0xcd, 0xf3, 0xe4, 0xf1, 0xb8, 0x3c,
    0xdf, 0x0, 0x1f, 0x0, 0x3, 0xcd, 0xf2, 0xff,
    0xff, 0xf4, 0x3f, 0xff, 0x2f, 0xff, 0xff, 0x43,
    0xff, 0xf0, 0x1, 0xf0, 0x0, 0x1, 0xd0, 0xf,
    0xff, 0xff, 0x0, 0x1d, 0xa0, 0xff, 0xff, 0xf0,
    0x1, 0xdf, 0x0, 0x1f, 0x0, 0x0, 0x1e, 0xf7,
    0xff, 0xff, 0xfc, 0x1b, 0xff, 0xbf, 0xff, 0xff,
    0xc3, 0xfe, 0x7c, 0x1, 0xf0, 0x0, 0x14, 0x2,
    0x40, 0x1f, 0x0, 0x0,

    /* U+87BA "螺" */
    0x0, 0xf0, 0x0, 0x0, 0x0, 0x0, 0xf, 0x0,
    0xff, 0xff, 0xf0, 0x0, 0xf0, 0xf, 0xff, 0xff,
    0x2, 0xff, 0xf8, 0xfa, 0xfa, 0xf0, 0x3f, 0xff,
    0xcf, 0xff, 0xff, 0x3, 0xcf, 0x3c, 0xf0, 0xf0,
    0xf0, 0x3c, 0xf3, 0xcf, 0xff, 0xff, 0x3, 0xcf,
    0x3c, 0xff, 0xff, 0xf0, 0x3c, 0xf3, 0xc0, 0xbc,
    0x10, 0x3, 0xcf, 0x3c, 0x2f, 0xf, 0xc0, 0x3c,
    0xf3, 0xcb, 0xff, 0xf0, 0x3, 0xff, 0xfc, 0x17,
    0xfa, 0x80, 0x3f, 0xff, 0xc0, 0xfd, 0x2e, 0x0,
    0xf, 0x4, 0xbf, 0xab, 0xf4, 0x0, 0xf3, 0xcf,
    0xff, 0xff, 0xc0, 0xf, 0x2c, 0x54, 0xf0, 0x50,
    0x1, 0xff, 0xdb, 0x4f, 0x2e, 0x3, 0xff, 0x9f,
    0xf0, 0xf0, 0xf4, 0x39, 0x0, 0x7c, 0x7f, 0x7,
    0xc0, 0x0, 0x2, 0x43, 0xe0, 0x10,

    /* U+884C "行" */
    0x0, 0x0, 0x0, 0x0, 0x0, 0x0, 0xd, 0x0,
    0x0, 0x0, 0x0, 0xb, 0xc3, 0xff, 0xff, 0xf0,
    0x7, 0xe0, 0xff, 0xff, 0xfc, 0x3, 0xf0, 0x0,
    0x0, 0x0, 0x7, 0xf0, 0x0, 0x0, 0x0, 0x3,
    0xf0, 0x80, 0x0, 0x0, 0x0, 0xf0, 0xbc, 0x0,
    0x0, 0x0, 0x10, 0x3e, 0x7f, 0xff, 0xff, 0xc0,
    0x3f, 0x1f, 0xff, 0xff, 0xf0, 0x3f, 0x40, 0x0,
    0x2e, 0x0, 0x7f, 0xc0, 0x0, 0xb, 0x80, 0x3f,
    0xf0, 0x0, 0x2, 0xe0, 0xb, 0x3c, 0x0, 0x0,
    0xb8, 0x0, 0xf, 0x0, 0x0, 0x2e, 0x0, 0x3,
    0xc0, 0x0, 0xb, 0x80, 0x0, 0xf0, 0x0, 0x2,
    0xe0, 0x0, 0x3c, 0x0, 0x0, 0xb8, 0x0, 0xf,
    0x0, 0x0, 0x3e, 0x0, 0x3, 0xc0, 0x7, 0xff,
    0x40, 0x0, 0xf0, 0x0, 0xff, 0x80, 0x0, 0x0,
    0x0, 0x0, 0x0, 0x0,

    /* U+8854 "衔" */
    0x0, 0x40, 0x10, 0x0, 0x0, 0x0, 0x3c, 0x1f,
    0x0, 0x0, 0x0, 0x2f, 0xb, 0x80, 0x3f, 0xf4,
    0x1f, 0x43, 0xff, 0xcf, 0xfd, 0xf, 0x82, 0xff,
    0xf0, 0x0, 0xf, 0xc0, 0xf4, 0x0, 0x0, 0x7,
    0xc4, 0xbc, 0x0, 0x0, 0x0, 0xc3, 0xda, 0x55,
    0x0, 0x0, 0x1, 0xf1, 0xff, 0xdb, 0xff, 0x80,
    0xf4, 0x2f, 0xe6, 0xff, 0xe0, 0xfc, 0x2, 0xe0,
    0x3, 0xc0, 0xbf, 0x0, 0xb8, 0x0, 0xf0, 0x7f,
    0xc7, 0xff, 0xf0, 0x3c, 0xd, 0xf1, 0xff, 0xfc,
    0xf, 0x0, 0x3c, 0x2, 0xe0, 0x3, 0xc0, 0xf,
    0x0, 0xb8, 0x0, 0xf0, 0x3, 0xc0, 0x2e, 0x0,
    0x3c, 0x0, 0xf0, 0xb, 0xac, 0xf, 0x0, 0x3c,
    0x3, 0xff, 0x3, 0xc0, 0xf, 0x0, 0xfd, 0x1f,
    0xf0, 0x3, 0xc0, 0x14, 0x3, 0xf4, 0x0, 0x0,
    0x0, 0x0, 0x0, 0x0,

    /* U+8868 "表" */
    0x0, 0x0, 0x2f, 0x0, 0x0, 0x0, 0x0, 0xb,
    0xc0, 0x0, 0x0, 0xff, 0xff, 0xff, 0xff, 0xd0,
    0x3f, 0xff, 0xff, 0xff, 0xf4, 0x0, 0x0, 0x2f,
    0x0, 0x0, 0x0, 0xff, 0xff, 0xff, 0xfc, 0x0,
    0x3f, 0xff, 0xff, 0xff, 0x0, 0x0, 0x0, 0xbc,
    0x0, 0x0, 0x0, 0x0, 0x2f, 0x0, 0x0, 0xf,
    0xff, 0xff, 0xff, 0xff, 0xc3, 0xff, 0xff, 0xff,
    0xff, 0xf0, 0x0, 0xf, 0x4f, 0x0, 0x0, 0x0,
    0x1f, 0x83, 0xd0, 0x78, 0x0, 0x2f, 0x80, 0x7c,
    0xbe, 0x1, 0xff, 0xd0, 0xb, 0xfd, 0x1, 0xfe,
    0xf4, 0x0, 0xfc, 0x0, 0x28, 0x3d, 0x6, 0xf,
    0xc0, 0x0, 0xf, 0xaf, 0xc0, 0xfe, 0x0, 0xb,
    0xff, 0xe0, 0xf, 0xf0, 0x2, 0xfe, 0x0, 0x0,
    0xbc, 0x0, 0x10, 0x0, 0x0, 0x0, 0x0,

    /* U+88AB "被" */
    0x0, 0x0, 0x0, 0x0, 0x0, 0x0, 0x78, 0x0,
    0x3, 0xc0, 0x0, 0x7, 0xc0, 0x0, 0x3c, 0x0,
    0x0, 0x3d, 0x3, 0xff, 0xff, 0xf8, 0x3f, 0xfd,
    0x3f, 0xff, 0xff, 0x83, 0xff, 0xd3, 0xd7, 0xd5,
    0xf8, 0x0, 0x3c, 0x3c, 0x3c, 0xf, 0x40, 0xb,
    0x83, 0xc3, 0xc1, 0xb0, 0x0, 0xf0, 0x3c, 0x3c,
    0x0, 0x0, 0x2e, 0x63, 0xff, 0xff, 0xf0, 0xb,
    0xef, 0xbf, 0xff, 0xff, 0x1, 0xff, 0xd3, 0xec,
    0x3, 0xe0, 0x3f, 0xfd, 0x3c, 0xe0, 0x7d, 0x3,
    0xbd, 0xfb, 0xcf, 0xf, 0xc0, 0x23, 0xca, 0xb8,
    0x7a, 0xf4, 0x0, 0x3c, 0xf, 0x83, 0xfe, 0x0,
    0x3, 0xc0, 0xf4, 0x2f, 0xc0, 0x0, 0x3c, 0x2f,
    0xb, 0xff, 0x40, 0x3, 0xc7, 0xe7, 0xf9, 0xff,
    0x40, 0x3c, 0x7c, 0xbe, 0x2, 0xfc, 0x3, 0xc1,
    0x83, 0x0, 0x2, 0x80, 0x0, 0x0, 0x0, 0x0,
    0x0,

    /* U+897F "西" */
    0xff, 0xff, 0xff, 0xff, 0xff, 0xff, 0xff, 0xff,
    0xff, 0xff, 0x0, 0xb, 0x83, 0xd0, 0x0, 0x0,
    0xb, 0x83, 0xd0, 0x0, 0x0, 0xb, 0x83, 0xd0,
    0x0, 0x3f, 0xff, 0xff, 0xff, 0xf8, 0x3f, 0xff,
    0xff, 0xff, 0xf8, 0x3e, 0xb, 0x83, 0xd0, 0xb8,
    0x3e, 0xf, 0x43, 0xd0, 0xb8, 0x3e, 0xf, 0x43,
    0xd0, 0xb8, 0x3e, 0x1f, 0x3, 0xe0, 0xb8, 0x3e,
    0x3e, 0x3, 0xff, 0xf8, 0x3e, 0xfc, 0x0, 0xff,
    0xf8, 0x3e, 0xf0, 0x0, 0x0, 0xb8, 0x3e, 0x0,
    0x0, 0x0, 0xb8, 0x3e, 0x0, 0x0, 0x0, 0xb8,
    0x3f, 0xff, 0xff, 0xff, 0xf8, 0x3f, 0xff, 0xff,
    0xff, 0xf8, 0x3e, 0x0, 0x0, 0x0, 0xb8,

    /* U+89C4 "规" */
    0x0, 0xf8, 0x0, 0x0, 0x0, 0x0, 0x3e, 0x3,
    0xff, 0xff, 0x0, 0xf, 0x80, 0xff, 0xff, 0xc0,
    0xbf, 0xff, 0x3d, 0x0, 0xf0, 0x2f, 0xff, 0xcf,
    0x4f, 0x3c, 0x0, 0x3e, 0x3, 0xd3, 0xcf, 0x0,
    0xf, 0x80, 0xf4, 0xf3, 0xc0, 0x3, 0xe0, 0x3d,
    0x3c, 0xf0, 0x3f, 0xff, 0xdf, 0x4f, 0x3c, 0xf,
    0xff, 0xf7, 0xd3, 0xcf, 0x0, 0xf, 0x40, 0xf4,
    0xf3, 0xc0, 0x3, 0xd0, 0x3d, 0x78, 0xf0, 0x0,
    0xfd, 0xf, 0x6e, 0x3c, 0x0, 0x7f, 0xd1, 0x4f,
    0xe5, 0x0, 0x2e, 0xbd, 0x7, 0xf8, 0x0, 0xf,
    0x4b, 0x83, 0xee, 0x0, 0xb, 0xc0, 0x83, 0xf3,
    0x87, 0x83, 0xe0, 0xb, 0xf4, 0xe2, 0xd3, 0xf0,
    0x1f, 0xf0, 0x3f, 0xf4, 0xb4, 0x3, 0xe0, 0x7,
    0xfc, 0x0, 0x0, 0x0, 0x0, 0x0, 0x0,

    /* U+89C6 "视" */
    0x0, 0x90, 0x0, 0x0, 0x0, 0x0, 0x1f, 0x0,
    0xff, 0xff, 0xf0, 0x0, 0xf4, 0xf, 0xff, 0xff,
    0x2, 0xff, 0xf8, 0xf0, 0x1, 0xf0, 0x2f, 0xff,
    0x8f, 0xf, 0xf, 0x0, 0x0, 0xf4, 0xf0, 0xf0,
    0xf0, 0x0, 0x1f, 0xf, 0xf, 0xf, 0x0, 0x3,
    0xd0, 0xf0, 0xf0, 0xf0, 0x0, 0xf8, 0xf, 0xf,
    0xf, 0x0, 0x2f, 0x80, 0xf0, 0xf0, 0xf0, 0xb,
    0xff, 0xf, 0x1f, 0xf, 0x2, 0xff, 0xfd, 0xf1,
    0xe0, 0xf0, 0x3e, 0xf7, 0xcf, 0x2e, 0xf, 0x2,
    0x4f, 0x10, 0x53, 0xfd, 0x50, 0x0, 0xf0, 0x0,
    0x7f, 0xd0, 0x0, 0xf, 0x0, 0xf, 0xbd, 0x0,
    0x0, 0xf0, 0x3, 0xf3, 0xd1, 0xe0, 0xf, 0x1,
    0xfd, 0x3d, 0x2e, 0x0, 0xf0, 0xff, 0x3, 0xff,
    0xd0, 0xf, 0xb, 0x40, 0x1f, 0xf8, 0x0, 0x0,
    0x0, 0x0, 0x0, 0x0,

    /* U+89C8 "览" */
    0x0, 0x0, 0x0, 0x0, 0x0, 0x0, 0x3c, 0x3,
    0xd0, 0x0, 0x3c, 0x3c, 0x7, 0xfa, 0xa4, 0x3c,
    0x3c, 0xf, 0xff, 0xfc, 0x3c, 0x3c, 0x2f, 0xaa,
    0xa4, 0x3c, 0x3c, 0x7e, 0x1d, 0x0, 0x3c, 0x3c,
    0xbc, 0x2f, 0x80, 0x28, 0x3c, 0x10, 0x7, 0xd0,
    0x0, 0x14, 0x0, 0x1, 0x80, 0x3, 0xff, 0xff,
    0xff, 0x0, 0x3, 0xff, 0xff, 0xff, 0x0, 0x3,
    0xd0, 0x0, 0xf, 0x0, 0x3, 0xd0, 0xf0, 0xf,
    0x0, 0x3, 0xd0, 0xf0, 0xf, 0x0, 0x3, 0xd0,
    0xf5, 0xf, 0x0, 0x3, 0xd1, 0xff, 0xf, 0x0,
    0x3, 0xd3, 0xff, 0xf, 0x10, 0x0, 0xf, 0xdf,
    0x0, 0x3c, 0x1, 0xff, 0x1f, 0x40, 0x3c, 0xbf,
    0xf8, 0xf, 0xff, 0xf8, 0x7f, 0x80, 0x7, 0xff,
    0xf0, 0x10, 0x0, 0x0, 0x0, 0x0,

    /* U+89E3 "解" */
    0x0, 0x0, 0x0, 0x0, 0x0, 0x0, 0xe, 0x0,
    0x0, 0x0, 0x0, 0x2, 0xff, 0xc7, 0xff, 0xff,
    0xc0, 0x3f, 0xfc, 0x7f, 0xff, 0xfc, 0xf, 0x47,
    0x80, 0x2f, 0x7, 0x81, 0xf0, 0xf0, 0x3, 0xe0,
    0x78, 0x3f, 0xff, 0xf0, 0xfc, 0xb, 0x80, 0xff,
    0xff, 0x3f, 0x1f, 0xf4, 0xf, 0x3c, 0xf1, 0x80,
    0xfd, 0x0, 0xf3, 0xcf, 0xb, 0x4f, 0x0, 0xf,
    0xff, 0xf0, 0xf4, 0xf0, 0x0, 0xff, 0xff, 0x1f,
    0xff, 0xfc, 0xf, 0x3c, 0xf3, 0xff, 0xff, 0xc0,
    0xf3, 0xcf, 0x7c, 0xf, 0x0, 0xf, 0xff, 0xf1,
    0x0, 0xf0, 0x0, 0xff, 0xff, 0xbf, 0xff, 0xfd,
    0xf, 0x3c, 0xfb, 0xff, 0xff, 0xd1, 0xe3, 0xcf,
    0x0, 0xf, 0x0, 0x2d, 0x3c, 0xf0, 0x0, 0xf0,
    0x3, 0xc3, 0xff, 0x0, 0xf, 0x0, 0x18, 0x2f,
    0xd0, 0x0, 0xf0, 0x0, 0x0, 0x0, 0x0, 0x0,
    0x0,

    /* U+8BA1 "计" */
    0x1, 0x40, 0x0, 0x2f, 0x0, 0x0, 0x7e, 0x0,
    0x2, 0xf0, 0x0, 0x2, 0xf8, 0x0, 0x2f, 0x0,
    0x0, 0x7, 0xc0, 0x2, 0xf0, 0x0, 0x0, 0x10,
    0x0, 0x2f, 0x0, 0x0, 0x0, 0x0, 0x2, 0xf0,
    0x0, 0x3f, 0xf0, 0xff, 0xff, 0xff, 0xc3, 0xff,
    0xf, 0xff, 0xff, 0xfc, 0x1, 0xf0, 0x0, 0x2f,
    0x0, 0x0, 0xf, 0x0, 0x2, 0xf0, 0x0, 0x0,
    0xf0, 0x0, 0x2f, 0x0, 0x0, 0xf, 0x0, 0x2,
    0xf0, 0x0, 0x0, 0xf0, 0x0, 0x2f, 0x0, 0x0,
    0xf, 0x0, 0x2, 0xf0, 0x0, 0x0, 0xf7, 0x40,
    0x2f, 0x0, 0x0, 0xf, 0xf8, 0x2, 0xf0, 0x0,
    0x0, 0xff, 0x0, 0x2f, 0x0, 0x0, 0x2f, 0x80,
    0x2, 0xf0, 0x0, 0x0, 0xd0, 0x0, 0x2f, 0x0,
    0x0, 0x0, 0x0, 0x2, 0xf0, 0x0,

    /* U+8BAE "议" */
    0x0, 0x0, 0x0, 0x40, 0x0, 0x0, 0x3c, 0x0,
    0x2f, 0x0, 0x40, 0x3, 0xf4, 0x0, 0xf8, 0x1f,
    0x0, 0xf, 0xc7, 0x47, 0xc1, 0xf0, 0x0, 0x38,
    0xb8, 0x3e, 0x2e, 0x0, 0x0, 0x7, 0xc0, 0xc3,
    0xd0, 0x0, 0x0, 0x3d, 0x0, 0x3c, 0x3, 0xff,
    0x2, 0xe0, 0x7, 0xc0, 0x3f, 0xf0, 0xf, 0x0,
    0xf8, 0x0, 0xf, 0x0, 0xf8, 0x1f, 0x0, 0x0,
    0xf0, 0x7, 0xc2, 0xf0, 0x0, 0xf, 0x0, 0x3f,
    0x7d, 0x0, 0x0, 0xf0, 0x0, 0xff, 0xc0, 0x0,
    0xf, 0x0, 0xb, 0xf4, 0x0, 0x0, 0xf2, 0x0,
    0x7f, 0x0, 0x0, 0xf, 0xf0, 0x1f, 0xfc, 0x0,
    0x0, 0xff, 0x7, 0xf7, 0xf0, 0x0, 0x1f, 0xd2,
    0xfc, 0x1f, 0xd0, 0x1, 0xf2, 0xff, 0x0, 0x3f,
    0xc0, 0x8, 0x2f, 0x40, 0x0, 0xbc, 0x0, 0x0,
    0x80, 0x0, 0x1, 0x40,

    /* U+8BB0 "记" */
    0x1, 0x40, 0x0, 0x0, 0x0, 0x0, 0x7e, 0x3,
    0xff, 0xff, 0xf0, 0x2, 0xf8, 0x3f, 0xff, 0xff,
    0x0, 0xb, 0xd0, 0x0, 0x1, 0xf0, 0x0, 0x14,
    0x0, 0x0, 0xf, 0x0, 0x0, 0x0, 0x0, 0x0,
    0xf0, 0x3f, 0xf0, 0x0, 0x0, 0xf, 0x3, 0xff,
    0x0, 0xff, 0xff, 0xf0, 0x1, 0xf0, 0xf, 0xff,
    0xff, 0x0, 0xf, 0x0, 0xf0, 0x0, 0x0, 0x0,
    0xf0, 0xf, 0x0, 0x0, 0x0, 0xf, 0x0, 0xf0,
    0x0, 0x0, 0x0, 0xf0, 0xf, 0x0, 0x0, 0x0,
    0xf, 0x0, 0xf0, 0x0, 0x14, 0x0, 0xf1, 0x8f,
    0x0, 0x2, 0xe0, 0xf, 0x7c, 0xf0, 0x0, 0x2e,
    0x0, 0xff, 0xcf, 0x0, 0x3, 0xd0, 0x1f, 0xf0,
    0xf4, 0x0, 0xbc, 0x1, 0xf8, 0xf, 0xff, 0xff,
    0xc0, 0xd, 0x0, 0x7f, 0xff, 0xf0, 0x0, 0x0,
    0x0, 0x0, 0x0, 0x0,

    /* U+8BBE "设" */
    0x0, 0x0, 0x0, 0x0, 0x0, 0x3, 0xc0, 0xb,
    0xff, 0xf4, 0x0, 0xfd, 0x2, 0xff, 0xfd, 0x0,
    0xf, 0xc0, 0xbc, 0xf, 0x40, 0x0, 0xa0, 0x2e,
    0x3, 0xd0, 0x0, 0x0, 0xf, 0x40, 0xf8, 0xa,
    0xa8, 0x2f, 0xc0, 0x2f, 0xf3, 0xff, 0xf, 0xc0,
    0x3, 0xfc, 0xab, 0xc0, 0x40, 0x0, 0x0, 0x0,
    0xf0, 0x3f, 0xff, 0xfe, 0x0, 0x3c, 0xf, 0xff,
    0xff, 0x80, 0xf, 0x0, 0xb8, 0x3, 0xe0, 0x3,
    0xc0, 0xf, 0x1, 0xf0, 0x0, 0xf0, 0x2, 0xf0,
    0xf8, 0x0, 0x3c, 0xd0, 0x3f, 0xfc, 0x0, 0xf,
    0xf8, 0x3, 0xfc, 0x0, 0x3, 0xfd, 0x7, 0xff,
    0x80, 0x2, 0xfc, 0x1f, 0xfa, 0xfe, 0x0, 0x78,
    0x7f, 0xf4, 0x1f, 0xf0, 0x4, 0xf, 0x90, 0x0,
    0x78, 0x0, 0x0, 0x0, 0x0, 0x0, 0x0,

    /* U+8BD5 "试" */
    0x0, 0x40, 0x0, 0x7, 0xdc, 0x0, 0x3e, 0x0,
    0x0, 0x7d, 0xf0, 0x2, 0xf8, 0x0, 0x7, 0xcb,
    0x80, 0xb, 0xd0, 0x0, 0x7c, 0x20, 0x0, 0x24,
    0xff, 0xff, 0xff, 0xc0, 0x0, 0xf, 0xff, 0xff,
    0xfc, 0x15, 0x50, 0x0, 0x7, 0xc0, 0x3, 0xff,
    0x0, 0x0, 0x3c, 0x0, 0x3f, 0xf0, 0x0, 0x3,
    0xc0, 0x0, 0xf, 0xb, 0xff, 0x7c, 0x0, 0x0,
    0xf0, 0xbf, 0xf7, 0xc0, 0x0, 0xf, 0x0, 0xb8,
    0x3c, 0x0, 0x0, 0xf0, 0xb, 0x83, 0xd0, 0x0,
    0xf, 0x0, 0xb8, 0x2d, 0x0, 0x0, 0xf2, 0xb,
    0x81, 0xe0, 0x80, 0xf, 0xf0, 0xb8, 0x5f, 0x1e,
    0x0, 0xff, 0x6f, 0xfc, 0xf2, 0xd0, 0x2f, 0x87,
    0xff, 0x8b, 0xfc, 0x1, 0xe0, 0x24, 0x0, 0x3f,
    0x80, 0x4, 0x0, 0x0, 0x1, 0xf0,

    /* U+8BF7 "请" */
    0x1, 0x40, 0x0, 0x3d, 0x0, 0x1, 0xf8, 0x3f,
    0xff, 0xff, 0xd0, 0x1f, 0x8f, 0xff, 0xff, 0xf4,
    0x1, 0xf0, 0x0, 0xf4, 0x0, 0x0, 0x0, 0x3f,
    0xff, 0xfe, 0x0, 0x0, 0x5, 0x5f, 0x95, 0x43,
    0xff, 0x1f, 0xff, 0xff, 0xfc, 0xff, 0xcb, 0xff,
    0xff, 0xff, 0x1, 0xf0, 0x0, 0x0, 0x0, 0x0,
    0x3c, 0xf, 0xff, 0xff, 0x40, 0xf, 0x3, 0xff,
    0xff, 0xe0, 0x3, 0xc0, 0xf0, 0x0, 0xb8, 0x0,
    0xf0, 0x3f, 0xff, 0xfe, 0x0, 0x3c, 0xf, 0xff,
    0xff, 0x80, 0xf, 0x63, 0xc0, 0x2, 0xe0, 0x3,
    0xfc, 0xff, 0xff, 0xf8, 0x0, 0xfe, 0x3f, 0xff,
    0xfe, 0x0, 0xbe, 0xf, 0x0, 0xf, 0x80, 0x1d,
    0x3, 0xc0, 0x3f, 0xd0, 0x0, 0x0, 0xf0, 0xb,
    0xe0,

    /* U+8BFB "读" */
    0x0, 0x0, 0x0, 0x0, 0x0, 0x0, 0x18, 0x0,
    0x1, 0xf0, 0x0, 0x3, 0xf0, 0x3f, 0xff, 0xff,
    0x80, 0x1f, 0xc3, 0xff, 0xff, 0xf8, 0x0, 0x7d,
    0x0, 0x1f, 0x0, 0x0, 0x1, 0x45, 0x56, 0xf5,
    0x54, 0x0, 0x0, 0xff, 0xff, 0xff, 0xc0, 0x0,
    0xf, 0xff, 0xff, 0xfc, 0x3f, 0xf0, 0x6, 0x6,
    0xb, 0x83, 0xff, 0x0, 0xfd, 0xf4, 0xf4, 0x0,
    0xf0, 0x12, 0xef, 0x5f, 0x0, 0xf, 0xb, 0xc4,
    0xf4, 0x10, 0x0, 0xf0, 0x3f, 0xf, 0x40, 0x0,
    0xf, 0x0, 0xb0, 0xf4, 0x0, 0x0, 0xf0, 0xff,
    0xff, 0xff, 0xd0, 0xf, 0x1f, 0xff, 0xff, 0xfd,
    0x0, 0xfe, 0x0, 0x3f, 0x0, 0x0, 0xf, 0xf0,
    0xb, 0xfe, 0x0, 0x1, 0xfc, 0x2, 0xfa, 0xfd,
    0x0, 0x2f, 0x6, 0xfe, 0x3, 0xfc, 0x0, 0xc0,
    0xff, 0x40, 0xb, 0xc0, 0x0, 0x6, 0x40, 0x0,
    0x14,

    /* U+8C37 "谷" */
    0x0, 0x1, 0x0, 0x10, 0x0, 0x0, 0x3, 0xd0,
    0x2f, 0x0, 0x0, 0x7, 0xf0, 0x7, 0xf4, 0x0,
    0xb, 0xf0, 0x0, 0x2f, 0x80, 0x1f, 0xe0, 0x9,
    0x1, 0xfc, 0x3, 0xd0, 0x1f, 0xd0, 0x1f, 0x0,
    0x0, 0x1f, 0xfd, 0x1, 0x0, 0x0, 0x2f, 0x8b,
    0xe0, 0x0, 0x0, 0x7f, 0x80, 0x7f, 0x80, 0x1,
    0xff, 0x40, 0x3, 0xfe, 0x7, 0xfe, 0x0, 0x0,
    0x2f, 0xf4, 0xfb, 0xff, 0xff, 0xff, 0xbc, 0x0,
    0xff, 0xff, 0xff, 0xc0, 0x0, 0x3c, 0x0, 0x0,
    0xf0, 0x0, 0xf, 0x0, 0x0, 0x3c, 0x0, 0x3,
    0xc0, 0x0, 0xf, 0x0, 0x0, 0xf0, 0x0, 0x3,
    0xc0, 0x0, 0x3f, 0xff, 0xff, 0xf0, 0x0, 0xf,
    0xff, 0xff, 0xfc, 0x0, 0x3, 0xc0, 0x0, 0xf,
    0x0,

    /* U+8D25 "败" */
    0x0, 0x0, 0x0, 0x24, 0x0, 0x3, 0xff, 0xff,
    0x7, 0x80, 0x0, 0x3f, 0xff, 0xf0, 0xb8, 0x0,
    0x3, 0xc0, 0xf, 0xf, 0xff, 0xf8, 0x3c, 0xb8,
    0xf0, 0xff, 0xff, 0x83, 0xcb, 0x8f, 0x1e, 0x3,
    0xc0, 0x3c, 0xb8, 0xf3, 0xe0, 0x3c, 0x3, 0xcb,
    0x8f, 0x7f, 0x3, 0xc0, 0x3c, 0xb8, 0xff, 0xf0,
    0x7c, 0x3, 0xcb, 0x8f, 0xbb, 0x4b, 0x80, 0x3c,
    0xb8, 0xf0, 0x78, 0xf4, 0x3, 0xcb, 0x8f, 0x3,
    0xcf, 0x0, 0x3c, 0xb4, 0xf0, 0x2f, 0xf0, 0x3,
    0xcf, 0x4f, 0x1, 0xfe, 0x0, 0x3c, 0xf0, 0xf0,
    0xf, 0xc0, 0x0, 0x1f, 0x0, 0x0, 0xfd, 0x0,
    0x3, 0xeb, 0x40, 0x3f, 0xf4, 0x0, 0xfc, 0xbd,
    0xb, 0xdf, 0xe0, 0x7f, 0x43, 0xf7, 0xf4, 0x3f,
    0xc7, 0xd0, 0xf, 0x3d, 0x0, 0xf4, 0x10, 0x0,
    0x0, 0x40, 0x1, 0x0,

    /* U+8D44 "资" */
    0x0, 0x0, 0x50, 0x0, 0x0, 0x2d, 0x0, 0xf4,
    0x0, 0x0, 0x3f, 0xc2, 0xff, 0xff, 0xf8, 0x7,
    0x8b, 0xff, 0xff, 0xf8, 0x0, 0xf, 0x83, 0xd0,
    0xf4, 0x0, 0x8a, 0x7, 0xd0, 0xf0, 0x3, 0xd0,
    0x1f, 0xf4, 0x50, 0x1f, 0xc0, 0xbf, 0xbf, 0x40,
    0x7f, 0x1f, 0xfc, 0x1f, 0xf8, 0x28, 0x1f, 0xd0,
    0x2, 0xfc, 0x0, 0x9, 0x0, 0x0, 0x18, 0x3,
    0xff, 0xff, 0xff, 0xc0, 0x3, 0xff, 0xff, 0xff,
    0xc0, 0x3, 0xc0, 0x14, 0x3, 0xc0, 0x3, 0xc0,
    0x3c, 0x3, 0xc0, 0x3, 0xc0, 0x7c, 0x3, 0xc0,
    0x3, 0xc0, 0xbc, 0x3, 0xc0, 0x2, 0x81, 0xf5,
    0x81, 0x40, 0x0, 0x1b, 0xf3, 0xfe, 0x40, 0x2b,
    0xff, 0xc1, 0xbf, 0xf8, 0x3f, 0xf9, 0x0, 0x2,
    0xfc, 0x15, 0x0, 0x0, 0x0, 0x10,

    /* U+8D77 "起" */
    0x0, 0x3d, 0x0, 0x0, 0x0, 0x0, 0x3, 0xd0,
    0xa, 0xaa, 0xa0, 0x0, 0x3d, 0x1, 0xff, 0xff,
    0x0, 0xff, 0xff, 0xca, 0xaa, 0xf0, 0xf, 0xff,
    0xfc, 0x0, 0xf, 0x0, 0x3, 0xd0, 0x0, 0x0,
    0xf0, 0x0, 0x3d, 0x0, 0xaa, 0xaf, 0x2, 0xff,
    0xff, 0xcf, 0xff, 0xf0, 0x2f, 0xff, 0xfc, 0xf9,
    0x55, 0x0, 0x1, 0xf0, 0xf, 0x0, 0x0, 0xa,
    0x1f, 0x0, 0xf0, 0x0, 0x0, 0xf1, 0xf5, 0xf,
    0x0, 0x64, 0xf, 0x1f, 0xfc, 0xf0, 0x7, 0xc0,
    0xf1, 0xff, 0x8f, 0x40, 0xb8, 0xf, 0x1f, 0x0,
    0xff, 0xff, 0x41, 0xfd, 0xf0, 0xb, 0xff, 0xf0,
    0x2f, 0xff, 0x0, 0x0, 0x0, 0x3, 0xdf, 0xf5,
    0x0, 0x0, 0x0, 0x3c, 0x2f, 0xff, 0xff, 0xff,
    0xc2, 0x80, 0x5b, 0xff, 0xff, 0xfc, 0x0, 0x0,
    0x0, 0x0, 0x0, 0x0,

    /* U+8D85 "超" */
    0x0, 0x7c, 0x0, 0x0, 0x0, 0x0, 0x7, 0xc0,
    0x7f, 0xff, 0xf4, 0x0, 0x7c, 0x7, 0xff, 0xff,
    0x41, 0xff, 0xff, 0x3, 0xd0, 0xf4, 0x1f, 0xff,
    0xf0, 0x7c, 0xf, 0x0, 0x7, 0xc0, 0xf, 0x80,
    0xf0, 0x0, 0x7c, 0x7, 0xf0, 0x1f, 0x2, 0xff,
    0xff, 0xbc, 0x2f, 0xe0, 0x2f, 0xff, 0xf2, 0x0,
    0xa8, 0x0, 0x3, 0xd0, 0x15, 0x55, 0x50, 0x9,
    0x3d, 0x3, 0xff, 0xff, 0x0, 0xf3, 0xd0, 0x3f,
    0xff, 0xf0, 0xf, 0x3f, 0xf3, 0xc0, 0xf, 0x0,
    0xf3, 0xff, 0x3c, 0x0, 0xf0, 0x1f, 0x7d, 0x3,
    0xc0, 0xf, 0x1, 0xff, 0xd0, 0x3f, 0xff, 0xf0,
    0x2f, 0xfd, 0x3, 0xff, 0xff, 0x3, 0xcf, 0xf9,
    0x50, 0x0, 0x4, 0x3c, 0x2f, 0xff, 0xff, 0xff,
    0xc2, 0x80, 0x1a, 0xff, 0xff, 0xf8, 0x0, 0x0,
    0x0, 0x0, 0x0, 0x0,

    /* U+8DB3 "足" */
    0x0, 0xff, 0xff, 0xff, 0xf0, 0x0, 0x3f, 0xff,
    0xff, 0xfc, 0x0, 0xf, 0x40, 0x0, 0xf, 0x0,
    0x3, 0xc0, 0x0, 0x3, 0xc0, 0x0, 0xf0, 0x0,
    0x0, 0xf0, 0x0, 0x3d, 0x0, 0x0, 0x3c, 0x0,
    0xf, 0xff, 0xff, 0xff, 0x0, 0x3, 0xff, 0xff,
    0xff, 0xc0, 0x0, 0x0, 0xf, 0x0, 0x0, 0x0,
    0x1e, 0x3, 0xc0, 0x0, 0x0, 0xb, 0x80, 0xf4,
    0x0, 0x0, 0x3, 0xd0, 0x3f, 0xff, 0xf4, 0x0,
    0xf0, 0xf, 0xff, 0xfd, 0x0, 0xbe, 0x3, 0xc0,
    0x0, 0x0, 0x3f, 0xd0, 0xf0, 0x0, 0x0, 0x2f,
    0x7d, 0x3c, 0x0, 0x0, 0xf, 0x47, 0xff, 0x40,
    0x0, 0xf, 0xc0, 0x7f, 0xff, 0xff, 0xd1, 0xc0,
    0x1, 0xaf, 0xff, 0xf0, 0x0, 0x0, 0x0, 0x0,
    0x0,

    /* U+8DEF "路" */
    0x0, 0x0, 0x0, 0x90, 0x0, 0xf, 0xff, 0xc0,
    0xbc, 0x0, 0x3, 0xff, 0xf0, 0x3f, 0xff, 0xc0,
    0xf4, 0x3c, 0x3f, 0xff, 0xf0, 0x3c, 0xf, 0x7f,
    0x80, 0xb8, 0xf, 0x3, 0xff, 0xf8, 0xbc, 0x3,
    0xff, 0xf6, 0x1f, 0xfd, 0x0, 0xff, 0xfc, 0x2,
    0xfd, 0x0, 0x0, 0xf0, 0x2, 0xff, 0xd0, 0x0,
    0x3c, 0x7, 0xfd, 0xff, 0x43, 0xcf, 0xf, 0xf8,
    0xf, 0xf8, 0xf3, 0xfe, 0xf4, 0x0, 0x7c, 0x3c,
    0xff, 0x1f, 0xff, 0xfc, 0xf, 0x3d, 0x43, 0xff,
    0xff, 0x3, 0xcf, 0x0, 0xf0, 0x3, 0xc0, 0xf3,
    0xc4, 0x3c, 0x0, 0xf0, 0x3c, 0xff, 0x4f, 0x0,
    0x3c, 0x1f, 0xff, 0xc3, 0xff, 0xff, 0xb, 0xfe,
    0x0, 0xff, 0xff, 0xc1, 0x90, 0x0, 0x3c, 0x0,
    0xf0,

    /* U+8DF3 "跳" */
    0x0, 0x0, 0x3, 0xc3, 0xc0, 0x2, 0xff, 0xe0,
    0x3c, 0x3c, 0x0, 0x2f, 0xfe, 0x3, 0xc3, 0xc0,
    0x2, 0xd0, 0xe1, 0x3c, 0x3c, 0x78, 0x2d, 0xe,
    0xf3, 0xc3, 0xcf, 0x42, 0xd0, 0xeb, 0x7c, 0x3d,
    0xf0, 0x2f, 0xfe, 0x3b, 0xc3, 0xfd, 0x2, 0xff,
    0xe2, 0xfc, 0x3d, 0x80, 0x0, 0xf0, 0x3, 0xc3,
    0xc0, 0x0, 0xf, 0x0, 0x3c, 0x3f, 0x0, 0x3c,
    0xf0, 0xf, 0xc3, 0xfd, 0x3, 0xcf, 0xe3, 0xfc,
    0x3e, 0xf4, 0x3c, 0xff, 0xff, 0xc3, 0xcb, 0x83,
    0xcf, 0xf, 0x7c, 0x3c, 0x20, 0x3c, 0xf0, 0xb,
    0x83, 0xc1, 0x3, 0xcf, 0x10, 0xf4, 0x3c, 0x3c,
    0x3c, 0xfe, 0x1f, 0x3, 0xc3, 0xc3, 0xff, 0xe3,
    0xe0, 0x3c, 0x7c, 0x7f, 0xd0, 0xbc, 0x3, 0xff,
    0x83, 0x80, 0x7, 0x40, 0x1f, 0xf0, 0x0, 0x0,
    0x0, 0x0, 0x0, 0x0,

    /* U+8E0F "踏" */
    0x0, 0x0, 0x0, 0x3c, 0x0, 0xf, 0xff, 0x80,
    0xf, 0x0, 0x3, 0xff, 0xef, 0xfb, 0xd0, 0xf0,
    0xf4, 0x7b, 0xfe, 0xfc, 0xfd, 0x3d, 0x1e, 0xf,
    0x7f, 0xfd, 0xf, 0x47, 0x83, 0xcf, 0xfc, 0x3,
    0xff, 0xe2, 0xe3, 0xdf, 0x40, 0xff, 0xf9, 0xf0,
    0xf2, 0xf4, 0x1, 0xf2, 0xf6, 0xfc, 0x2f, 0x85,
    0x3c, 0xb4, 0x7d, 0x2, 0xd3, 0xcf, 0x5, 0x55,
    0x55, 0x50, 0xf3, 0xfc, 0xff, 0xff, 0xf0, 0x3c,
    0xff, 0x3e, 0xaa, 0xbc, 0xf, 0x3c, 0xf, 0x0,
    0xf, 0x3, 0xcf, 0x3, 0xff, 0xff, 0xc0, 0xf3,
    0xc4, 0xfa, 0xaa, 0xf0, 0x3d, 0xff, 0x3c, 0x0,
    0x3c, 0x1f, 0xff, 0xcf, 0xff, 0xff, 0x7, 0xf9,
    0x3, 0xff, 0xff, 0xc0, 0x40, 0x0, 0xf0, 0x0,
    0xf0,

    /* U+8F68 "轨" */
    0x0, 0x0, 0x0, 0x0, 0x0, 0x0, 0xf0, 0x0,
    0xf0, 0x0, 0x0, 0x7c, 0x0, 0x3c, 0x0, 0x1,
    0x6f, 0x55, 0xf, 0x0, 0x0, 0xff, 0xff, 0x83,
    0xc0, 0x0, 0x3f, 0xff, 0xdf, 0xff, 0xf0, 0x1,
    0xf0, 0x3, 0xff, 0xfc, 0x0, 0xbb, 0xd0, 0xf,
    0xf, 0x0, 0x3c, 0xf4, 0x3, 0xc3, 0xc0, 0x1f,
    0x3d, 0x0, 0xf0, 0xf0, 0xb, 0xff, 0xfc, 0x3c,
    0x3c, 0x1, 0xff, 0xff, 0xf, 0xf, 0x0, 0x0,
    0xf8, 0x7, 0xc3, 0xc0, 0x0, 0x3d, 0x1, 0xe0,
    0xf0, 0x0, 0xf, 0xfc, 0xb4, 0x3c, 0x2, 0xff,
    0xff, 0x3c, 0xf, 0x38, 0xff, 0xf9, 0x1f, 0x3,
    0xcf, 0x14, 0x3d, 0xf, 0x40, 0xf3, 0xc0, 0xf,
    0x47, 0xc0, 0x3d, 0xf0, 0x3, 0xd3, 0xd0, 0xf,
    0xfc, 0x0, 0xf4, 0xa0, 0x1, 0xfd, 0x0, 0x0,
    0x0, 0x0, 0x0, 0x0,

    /* U+8F6C "转" */
    0x2, 0x80, 0x0, 0x28, 0x0, 0x1, 0xf0, 0x0,
    0xf, 0x0, 0x0, 0xbc, 0x0, 0x7, 0xc0, 0x3,
    0xff, 0xfe, 0xbf, 0xff, 0xfc, 0xff, 0xff, 0xaf,
    0xff, 0xff, 0x7, 0xc0, 0x0, 0x3d, 0x0, 0x2,
    0xef, 0x40, 0x1f, 0x40, 0x0, 0xf7, 0xd1, 0xff,
    0xff, 0xfd, 0x7c, 0xf4, 0x7f, 0xff, 0xff, 0x6f,
    0xff, 0xe0, 0xf4, 0x0, 0x7, 0xff, 0xf8, 0x3c,
    0x0, 0x0, 0x3, 0xe0, 0x2f, 0xff, 0xf8, 0x0,
    0xf4, 0xf, 0xff, 0xfe, 0x0, 0x3f, 0xf0, 0x0,
    0xf, 0x4b, 0xff, 0xfc, 0x10, 0xf, 0x83, 0xff,
    0xe4, 0xf, 0x9f, 0xc0, 0x50, 0xf4, 0x2, 0xff,
    0xc0, 0x0, 0x3d, 0x0, 0xb, 0xf8, 0x0, 0xf,
    0x40, 0x0, 0x3f, 0x40, 0x3, 0xd0, 0x0, 0x2,
    0xc0, 0x0, 0x0, 0x0, 0x0, 0x0, 0x0,

    /* U+8F7D "载" */
    0x0, 0x0, 0x0, 0x0, 0x0, 0x0, 0xf, 0x80,
    0x3d, 0x10, 0x0, 0x3, 0xe0, 0xf, 0x7d, 0x0,
    0xff, 0xff, 0xf7, 0xd7, 0xc0, 0x3f, 0xff, 0xfd,
    0xf4, 0xb8, 0x0, 0xf, 0x80, 0x3d, 0x4, 0xf,
    0xff, 0xff, 0xff, 0xff, 0xe3, 0xff, 0xff, 0xff,
    0xff, 0xf8, 0x0, 0xe0, 0x0, 0xb8, 0x0, 0x0,
    0x7c, 0x0, 0x2e, 0x28, 0x7, 0xff, 0xff, 0xd7,
    0xcf, 0x41, 0xff, 0xff, 0xf5, 0xf3, 0xc0, 0xb,
    0xcf, 0x0, 0x3d, 0xf0, 0x7, 0xc3, 0xc0, 0xf,
    0xf8, 0x2, 0xff, 0xff, 0xc2, 0xfc, 0x0, 0x7f,
    0xff, 0xf0, 0x7e, 0x0, 0x0, 0xf, 0x0, 0x1f,
    0x9, 0x6, 0xaf, 0xff, 0x5f, 0xd3, 0xc3, 0xff,
    0xff, 0xaf, 0xfd, 0xe0, 0x54, 0x7c, 0x3f, 0x87,
    0xf4, 0x0, 0xf, 0x7, 0x40, 0x78, 0x0, 0x0,
    0x0, 0x0, 0x0, 0x0,

    /* U+8F91 "辑" */
    0x1, 0x90, 0x0, 0x0, 0x0, 0x0, 0xb8, 0x0,
    0xff, 0xff, 0x80, 0x3d, 0x0, 0x3f, 0xff, 0xe0,
    0xff, 0xff, 0x8f, 0x0, 0xb8, 0x3f, 0xff, 0xe3,
    0xff, 0xfe, 0x2, 0xe0, 0x0, 0xff, 0xff, 0x40,
    0xf7, 0xc0, 0x0, 0x0, 0x0, 0x3c, 0xf0, 0xbf,
    0xff, 0xfe, 0x2e, 0x3c, 0x1f, 0xff, 0xff, 0x8f,
    0xef, 0xa0, 0xf0, 0xf, 0x2, 0xff, 0xfd, 0x3f,
    0xff, 0xc0, 0x1, 0xf4, 0xf, 0xff, 0xf0, 0x0,
    0x3c, 0x3, 0xc0, 0x3c, 0x0, 0xf, 0xb8, 0xff,
    0xff, 0x2, 0xbf, 0xfe, 0x3f, 0xff, 0xc0, 0xff,
    0xf9, 0xf, 0x0, 0xf5, 0x14, 0x3c, 0x7, 0xeb,
    0xff, 0xc0, 0xf, 0xf, 0xff, 0xff, 0x90, 0x3,
    0xc2, 0x94, 0x3, 0xc0, 0x0, 0xf0, 0x0, 0x0,
    0xf0, 0x0, 0x0, 0x0, 0x0, 0x0, 0x0,

    /* U+8F93 "输" */
    0x0, 0x0, 0x0, 0x0, 0x0, 0x0, 0x2d, 0x0,
    0x1, 0xf4, 0x0, 0x2, 0xd0, 0x0, 0x7f, 0xc0,
    0x0, 0x3d, 0x0, 0x1f, 0xaf, 0x0, 0x3f, 0xff,
    0x87, 0xf0, 0xfd, 0x3, 0xff, 0xfe, 0xfc, 0x3,
    0xf4, 0xb, 0x90, 0xff, 0xff, 0xff, 0xe0, 0xfb,
    0xc7, 0x8f, 0xff, 0x2c, 0xf, 0x7c, 0x10, 0x0,
    0x0, 0x2, 0xe7, 0xc2, 0xaa, 0x80, 0x78, 0x3e,
    0xbd, 0x6f, 0xfc, 0xf7, 0x82, 0xff, 0xfa, 0xe3,
    0xcf, 0x78, 0x1a, 0xbe, 0x6e, 0x7c, 0xf7, 0x80,
    0x7, 0xc2, 0xff, 0xcf, 0x78, 0x0, 0x7d, 0x6e,
    0x7c, 0xf7, 0x81, 0x6f, 0xfa, 0xd2, 0xcf, 0x78,
    0x3f, 0xff, 0x6f, 0xfc, 0xf7, 0x83, 0xeb, 0xc2,
    0xfb, 0xcf, 0x78, 0x0, 0x7c, 0x2d, 0x2c, 0x7,
    0x80, 0x7, 0xc2, 0xef, 0xcb, 0xf8, 0x0, 0x7c,
    0x2d, 0xb4, 0x7f, 0x0,

    /* U+8FBE "达" */
    0x14, 0x0, 0x1, 0xf0, 0x0, 0x1f, 0x80, 0x0,
    0x7c, 0x0, 0x2, 0xf8, 0x0, 0x1f, 0x0, 0x0,
    0x1f, 0x40, 0x7, 0xc0, 0x0, 0x1, 0x82, 0xab,
    0xfa, 0xa8, 0x0, 0x0, 0xff, 0xff, 0xff, 0x0,
    0x0, 0x2a, 0xbf, 0xaa, 0x83, 0xff, 0x0, 0xf,
    0xe0, 0x0, 0xff, 0xc0, 0x7, 0xfc, 0x0, 0x0,
    0xf0, 0x3, 0xeb, 0x80, 0x0, 0x3c, 0x1, 0xf0,
    0xf0, 0x0, 0xf, 0x0, 0xf8, 0x2f, 0x0, 0x3,
    0xc0, 0xfc, 0x3, 0xe0, 0x0, 0xf0, 0xfd, 0x0,
    0x7e, 0x0, 0x3c, 0xbe, 0x0, 0x7, 0xd0, 0x1f,
    0x4d, 0x0, 0x0, 0xa0, 0x1f, 0xf4, 0x0, 0x0,
    0x0, 0xf, 0x9f, 0x90, 0x0, 0x0, 0x4b, 0xc1,
    0xff, 0xff, 0xff, 0xf1, 0xd0, 0xb, 0xff, 0xff,
    0xfc, 0x10, 0x0, 0x0, 0x0, 0x0, 0x0,

    /* U+8FC7 "过" */
    0x0, 0x0, 0x0, 0x0, 0x0, 0xa, 0x0, 0x0,
    0x0, 0xf0, 0x7, 0xf0, 0x0, 0x0, 0x3c, 0x0,
    0x7f, 0x0, 0x0, 0xf, 0x0, 0x3, 0xd3, 0xff,
    0xff, 0xff, 0x0, 0x50, 0xff, 0xff, 0xff, 0xc0,
    0x0, 0x0, 0x0, 0x7c, 0x0, 0x0, 0x0, 0x0,
    0xf, 0x0, 0xff, 0xc0, 0x74, 0x3, 0xc0, 0x3f,
    0xf0, 0x2f, 0x0, 0xf0, 0x0, 0x3c, 0x3, 0xf0,
    0x3c, 0x0, 0xf, 0x0, 0x7d, 0xf, 0x0, 0x3,
    0xc0, 0xb, 0x3, 0xc0, 0x0, 0xf0, 0x0, 0x0,
    0xf0, 0x0, 0x3c, 0x0, 0x0, 0x3c, 0x0, 0xf,
    0x0, 0x0, 0x1f, 0x0, 0x3, 0xc0, 0x2, 0xff,
    0xc0, 0x3, 0xfc, 0x0, 0x7f, 0xd0, 0x3, 0xe7,
    0xe4, 0x0, 0x0, 0x12, 0xf0, 0x7f, 0xff, 0xff,
    0xfd, 0x74, 0x2, 0xff, 0xff, 0xff, 0x44, 0x0,
    0x0, 0x0, 0x0, 0x0,

    /* U+8FD0 "运" */
    0x0, 0x0, 0x0, 0x0, 0x0, 0x3c, 0x2, 0xff,
    0xff, 0xe0, 0x3f, 0x2, 0xff, 0xff, 0xe0, 0xb,
    0xc0, 0x0, 0x0, 0x0, 0x2, 0x80, 0x0, 0x0,
    0x0, 0x0, 0x5, 0x55, 0x55, 0x54, 0x0, 0xf,
    0xff, 0xff, 0xfc, 0xff, 0xca, 0xaf, 0xaa, 0xa8,
    0xff, 0xc0, 0x1f, 0x0, 0x0, 0x3, 0xc0, 0x3e,
    0x7, 0x40, 0x3, 0xc0, 0x3c, 0x3, 0xc0, 0x3,
    0xc0, 0xb8, 0x2, 0xd0, 0x3, 0xc1, 0xf0, 0x6,
    0xf0, 0x3, 0xc3, 0xfb, 0xff, 0xf4, 0x3, 0xc7,
    0xff, 0xfe, 0xb8, 0x7, 0xd2, 0x95, 0x0, 0x3c,
    0x1f, 0xf0, 0x0, 0x0, 0x0, 0x3e, 0x7e, 0x40,
    0x0, 0x0, 0xbc, 0x2f, 0xff, 0xff, 0xfe, 0x70,
    0x6, 0xff, 0xff, 0xfd, 0x0, 0x0, 0x0, 0x0,
    0x0,

    /* U+8FD1 "近" */
    0x0, 0x0, 0x0, 0x0, 0x0, 0x9, 0x0, 0x0,
    0x16, 0xf8, 0x7, 0xe0, 0xf, 0xff, 0xff, 0x0,
    0x7e, 0x3, 0xff, 0xa4, 0x0, 0x7, 0xd0, 0xf0,
    0x0, 0x0, 0x0, 0x50, 0x3c, 0x0, 0x0, 0x0,
    0x0, 0xf, 0x55, 0x55, 0x40, 0x0, 0x3, 0xff,
    0xff, 0xf8, 0xff, 0xc0, 0xfa, 0xaf, 0xa9, 0x3f,
    0xf0, 0x3c, 0x3, 0xc0, 0x0, 0x3c, 0xf, 0x0,
    0xf0, 0x0, 0xf, 0x7, 0xc0, 0x3c, 0x0, 0x3,
    0xc2, 0xe0, 0xf, 0x0, 0x0, 0xf0, 0xf4, 0x3,
    0xc0, 0x0, 0x3c, 0x7c, 0x0, 0xf0, 0x0, 0xf,
    0x3e, 0x0, 0x3c, 0x0, 0x3, 0xc3, 0x0, 0xf,
    0x0, 0x7, 0xfc, 0x0, 0x3, 0xc0, 0x3, 0xe7,
    0xd0, 0x0, 0x0, 0x12, 0xf0, 0x7f, 0xff, 0xff,
    0xfc, 0x74, 0x2, 0xff, 0xff, 0xff, 0x0, 0x0,
    0x0, 0x0, 0x0, 0x0,

    /* U+8FD4 "返" */
    0x0, 0x0, 0x0, 0x0, 0x0, 0xa, 0x0, 0x0,
    0x5, 0xae, 0x7, 0xe0, 0xf, 0xff, 0xff, 0xc0,
    0x7e, 0x3, 0xff, 0xe9, 0x40, 0x7, 0xd0, 0xf0,
    0x0, 0x0, 0x0, 0x50, 0x3c, 0x0, 0x0, 0x0,
    0x0, 0xf, 0xff, 0xff, 0xc0, 0x0, 0x3, 0xea,
    0xaa, 0xf0, 0xff, 0xc0, 0xf0, 0x0, 0xb8, 0x3f,
    0xf0, 0x7c, 0xf0, 0x3d, 0x0, 0x3c, 0x1f, 0x7f,
    0x6f, 0x0, 0xf, 0xb, 0x83, 0xff, 0x40, 0x3,
    0xc3, 0xe0, 0x2f, 0xc0, 0x0, 0xf0, 0xf4, 0xf,
    0xf8, 0x0, 0x3c, 0xbc, 0x1f, 0xef, 0xc0, 0xf,
    0x3e, 0x2f, 0xc1, 0xf8, 0x7, 0xdb, 0x6f, 0x80,
    0x2d, 0x7, 0xfc, 0x2, 0x40, 0x1, 0x3, 0xe7,
    0xe4, 0x0, 0x0, 0x2, 0xf0, 0x7f, 0xff, 0xff,
    0xfc, 0x74, 0x2, 0xff, 0xff, 0xff, 0x0, 0x0,
    0x0, 0x0, 0x0, 0x0,

    /* U+8FD8 "还" */
    0x14, 0x0, 0x0, 0x0, 0x0, 0x7d, 0xf, 0xff,
    0xff, 0xfc, 0x2f, 0x4f, 0xff, 0xff, 0xfc, 0xb,
    0xd0, 0x1, 0xf0, 0x0, 0x2, 0x80, 0x3, 0xe0,
    0x0, 0x0, 0x0, 0xb, 0xd6, 0x0, 0x0, 0x0,
    0x1f, 0xef, 0x80, 0xff, 0xc0, 0x3f, 0xd7, 0xd0,
    0xff, 0xc0, 0xfb, 0xd2, 0xf0, 0x3, 0xc7, 0xf3,
    0xd0, 0xfc, 0x3, 0xef, 0xc3, 0xd0, 0x7d, 0x3,
    0xce, 0x3, 0xd0, 0x2d, 0x3, 0xc0, 0x3, 0xd0,
    0x0, 0x3, 0xc0, 0x3, 0xd0, 0x0, 0x3, 0xc0,
    0x3, 0xd0, 0x0, 0x3, 0xc0, 0x3, 0xd0, 0x0,
    0xf, 0xf0, 0x3, 0xd0, 0x0, 0x3e, 0x7d, 0x0,
    0x0, 0x0, 0xbc, 0x2f, 0xff, 0xff, 0xfe, 0x70,
    0x6, 0xff, 0xff, 0xfd, 0x0, 0x0, 0x0, 0x0,
    0x0,

    /* U+8FD9 "这" */
    0x0, 0x0, 0x0, 0x0, 0x0, 0x5, 0x0, 0x0,
    0x7c, 0x0, 0x7, 0xe0, 0x0, 0x1f, 0x0, 0x0,
    0xbe, 0x0, 0x3, 0xd0, 0x0, 0xb, 0xd3, 0xff,
    0xff, 0xff, 0x0, 0xa0, 0xff, 0xff, 0xff, 0xc0,
    0x0, 0x0, 0x0, 0x1f, 0x0, 0x0, 0x1, 0xd0,
    0xf, 0x80, 0xff, 0xc0, 0xfe, 0x7, 0xc0, 0x3f,
    0xf0, 0xb, 0xf3, 0xe0, 0x0, 0x3c, 0x0, 0x7f,
    0xf0, 0x0, 0xf, 0x0, 0x3, 0xf8, 0x0, 0x3,
    0xc0, 0x1, 0xff, 0x40, 0x0, 0xf0, 0x1, 0xff,
    0xf8, 0x0, 0x3c, 0x7, 0xfc, 0x3f, 0x80, 0xf,
    0xf, 0xf8, 0x3, 0xf4, 0x7, 0xd3, 0xf4, 0x0,
    0x3c, 0x7, 0xfc, 0x10, 0x0, 0x0, 0x3, 0xe7,
    0xe4, 0x0, 0x0, 0x2, 0xf0, 0x7f, 0xff, 0xff,
    0xfc, 0x74, 0x2, 0xff, 0xff, 0xff, 0x0, 0x0,
    0x0, 0x0, 0x0, 0x0,

    /* U+8FDE "连" */
    0x0, 0x0, 0x4, 0x0, 0x0, 0xa, 0x0, 0x3,
    0xd0, 0x0, 0x7, 0xe0, 0x1, 0xf0, 0x0, 0x0,
    0x7e, 0x3f, 0xff, 0xff, 0xf4, 0x7, 0xdb, 0xff,
    0xff, 0xfd, 0x0, 0x50, 0x2f, 0x0, 0x0, 0x0,
    0x0, 0xf, 0x4f, 0x0, 0x0, 0x0, 0xf, 0x83,
    0xc0, 0x0, 0xff, 0xc7, 0xff, 0xff, 0xf4, 0x3f,
    0xf0, 0xff, 0xff, 0xfe, 0x5, 0x7c, 0x15, 0x5f,
    0x55, 0x0, 0xf, 0x0, 0x3, 0xc0, 0x0, 0x3,
    0xca, 0xab, 0xfe, 0xa9, 0x0, 0xf3, 0xff, 0xff,
    0xff, 0x80, 0x3c, 0x55, 0x5f, 0x55, 0x40, 0xf,
    0x0, 0x3, 0xc0, 0x0, 0x7, 0xc0, 0x0, 0xf0,
    0x0, 0x7, 0xfc, 0x0, 0x3c, 0x0, 0x3, 0xfb,
    0xe4, 0x0, 0x0, 0x2, 0xf0, 0xbf, 0xff, 0xff,
    0xfc, 0x74, 0x6, 0xff, 0xff, 0xfe, 0x0, 0x0,
    0x0, 0x0, 0x0, 0x0,

    /* U+8FF9 "迹" */
    0x0, 0x0, 0x0, 0x0, 0x0, 0xa, 0x0, 0x0,
    0xf4, 0x0, 0x7, 0xe0, 0x0, 0x2e, 0x0, 0x0,
    0x7e, 0x2f, 0xff, 0xff, 0xfc, 0x7, 0xdb, 0xff,
    0xff, 0xff, 0x0, 0x50, 0x3, 0xd7, 0xc0, 0x0,
    0x0, 0x0, 0xf0, 0xf0, 0x0, 0x0, 0xe, 0x3c,
    0x3c, 0xe0, 0xff, 0xc3, 0xcf, 0xf, 0x3c, 0x3f,
    0xf1, 0xe3, 0xc3, 0xcf, 0x0, 0x3c, 0xb5, 0xf0,
    0xf2, 0xd0, 0xf, 0x3c, 0x7c, 0x3c, 0x78, 0x3,
    0xdf, 0x2e, 0xf, 0x1f, 0x0, 0xf3, 0x4f, 0x43,
    0xc3, 0xc0, 0x3c, 0xb, 0xc0, 0xf0, 0x40, 0xf,
    0x7, 0xd0, 0x7c, 0x0, 0x3, 0xc3, 0xf2, 0xff,
    0x0, 0x3, 0xf8, 0x20, 0x7f, 0x40, 0x3, 0xdb,
    0xd0, 0x0, 0x0, 0x12, 0xe0, 0xbf, 0xff, 0xff,
    0xfc, 0x70, 0x6, 0xff, 0xff, 0xfe, 0x0, 0x0,
    0x0, 0x0, 0x0, 0x0,

    /* U+9001 "送" */
    0x4, 0x0, 0x18, 0x0, 0xd0, 0xf, 0x40, 0x1f,
    0x40, 0xbc, 0x2, 0xf8, 0x2, 0xf0, 0x3d, 0x0,
    0x2f, 0x80, 0x3c, 0x2f, 0x0, 0x2, 0xc1, 0xff,
    0xff, 0xfc, 0x0, 0x0, 0x7f, 0xff, 0xff, 0x0,
    0x0, 0x0, 0xf, 0x80, 0x2, 0xff, 0x0, 0x3,
    0xd0, 0x0, 0xff, 0xc3, 0xff, 0xff, 0xff, 0x0,
    0xf0, 0xff, 0xff, 0xff, 0xc0, 0x3c, 0x0, 0x2f,
    0x0, 0x0, 0xf, 0x0, 0xf, 0x44, 0x0, 0x3,
    0xc0, 0xf, 0xcf, 0x80, 0x0, 0xf0, 0xf, 0xd1,
    0xfc, 0x0, 0x3c, 0x2f, 0xd0, 0x1f, 0xc0, 0x1f,
    0xf, 0xd0, 0x0, 0xf4, 0x1f, 0xf0, 0x80, 0x0,
    0x18, 0xf, 0xef, 0x50, 0x0, 0x0, 0xb, 0xc2,
    0xff, 0xff, 0xff, 0xf5, 0xd0, 0x1b, 0xff, 0xff,
    0xfc, 0x0, 0x0, 0x0, 0x0, 0x0, 0x0,

    /* U+9002 "适" */
    0x0, 0x0, 0x0, 0x0, 0x14, 0xf, 0x40, 0x1,
    0x5b, 0xff, 0x3, 0xf4, 0x3f, 0xff, 0xff, 0x40,
    0x2f, 0x8b, 0xff, 0xe4, 0x0, 0x2, 0xd0, 0x0,
    0xf4, 0x0, 0x0, 0x0, 0x0, 0x3e, 0x0, 0x0,
    0x0, 0x3f, 0xff, 0xff, 0xf1, 0x55, 0xf, 0xff,
    0xff, 0xfc, 0xff, 0xc0, 0x0, 0xf4, 0x0, 0x2a,
    0xf0, 0x0, 0x3d, 0x0, 0x0, 0x3c, 0xf, 0xff,
    0xff, 0x80, 0xf, 0x3, 0xff, 0xff, 0xe0, 0x3,
    0xc0, 0xf4, 0x0, 0xb8, 0x0, 0xf0, 0x3d, 0x0,
    0x2e, 0x0, 0x3c, 0xf, 0xff, 0xff, 0x80, 0x1f,
    0x43, 0xff, 0xff, 0xe0, 0x1f, 0xf0, 0x0, 0x0,
    0x0, 0xf, 0xef, 0x90, 0x0, 0x0, 0xb, 0xc2,
    0xff, 0xff, 0xff, 0xf5, 0xd0, 0xb, 0xff, 0xff,
    0xfc, 0x0, 0x0, 0x0, 0x0, 0x0, 0x0,

    /* U+9006 "逆" */
    0x0, 0x0, 0x0, 0x0, 0x0, 0x6, 0x0, 0xb,
    0x0, 0xb8, 0x3, 0xf0, 0x2, 0xf0, 0x3d, 0x0,
    0x7f, 0x0, 0x3c, 0x1f, 0x0, 0x7, 0xe7, 0xff,
    0xff, 0xff, 0x0, 0x61, 0xff, 0xff, 0xff, 0xc0,
    0x0, 0x0, 0xb, 0x80, 0x0, 0x0, 0x7, 0x82,
    0xe0, 0xf0, 0xff, 0xc1, 0xf0, 0xb8, 0x3c, 0x3f,
    0xf0, 0x7c, 0x2d, 0xf, 0x0, 0x3c, 0x1f, 0xf,
    0x43, 0xc0, 0xf, 0x7, 0xff, 0xff, 0xf0, 0x3,
    0xc1, 0xff, 0xff, 0xfc, 0x0, 0xf0, 0x0, 0xf8,
    0x0, 0x0, 0x3c, 0x0, 0x7d, 0x0, 0x0, 0xf,
    0x0, 0x3f, 0x0, 0x0, 0x7, 0xc0, 0x3f, 0x0,
    0x0, 0x7, 0xfc, 0xb, 0x0, 0x0, 0x3, 0xfb,
    0xd0, 0x0, 0x0, 0x2, 0xf0, 0xbf, 0xff, 0xff,
    0xfd, 0x74, 0x6, 0xff, 0xff, 0xff, 0x0, 0x0,
    0x0, 0x0, 0x0, 0x0,

    /* U+9009 "选" */
    0x0, 0x0, 0x50, 0xb8, 0x0, 0xf, 0x40, 0x3e,
    0x2e, 0x0, 0x2, 0xf4, 0xf, 0x4b, 0x80, 0x0,
    0x2f, 0xb, 0xff, 0xff, 0xe0, 0x2, 0xc3, 0xff,
    0xff, 0xf8, 0x0, 0x2, 0xf0, 0x2e, 0x0, 0x0,
    0x0, 0x14, 0xb, 0x80, 0x3, 0xff, 0xf, 0xff,
    0xff, 0xf4, 0xff, 0xc3, 0xff, 0xff, 0xfd, 0x0,
    0xf0, 0x3, 0xc3, 0xc0, 0x0, 0x3c, 0x0, 0xf0,
    0xf0, 0x0, 0xf, 0x0, 0x7c, 0x3c, 0x0, 0x3,
    0xc0, 0x2e, 0xf, 0x4, 0x0, 0xf0, 0x1f, 0x3,
    0xc3, 0xc0, 0x3c, 0x2f, 0x80, 0xf1, 0xf0, 0xf,
    0x2f, 0x80, 0x3f, 0xf8, 0xf, 0xe2, 0x40, 0x7,
    0xfc, 0xf, 0x9f, 0x40, 0x0, 0x0, 0x4b, 0xc1,
    0xff, 0xff, 0xff, 0xf1, 0xc0, 0xb, 0xff, 0xff,
    0xf8, 0x0, 0x0, 0x0, 0x0, 0x0, 0x0,

    /* U+9014 "途" */
    0x14, 0x0, 0x1, 0xf0, 0x0, 0xf, 0x80, 0x1,
    0xff, 0x0, 0x1, 0xf8, 0x1, 0xfa, 0xf0, 0x0,
    0x1f, 0x82, 0xf8, 0x3f, 0x80, 0x1, 0xc7, 0xf8,
    0x2, 0xfd, 0x0, 0x3, 0xff, 0xff, 0xff, 0x80,
    0x0, 0x23, 0xff, 0xfc, 0x82, 0xaa, 0x0, 0x3,
    0xc0, 0x0, 0xff, 0xc0, 0x0, 0xf0, 0x0, 0x2a,
    0xf0, 0xff, 0xff, 0xff, 0x0, 0x3c, 0x3f, 0xff,
    0xff, 0xc0, 0xf, 0x1, 0x3, 0xc2, 0x0, 0x3,
    0xc0, 0xf0, 0xf2, 0xe0, 0x0, 0xf0, 0xb8, 0x3c,
    0x3d, 0x0, 0x3c, 0x7c, 0xf, 0x7, 0xc0, 0xf,
    0x1d, 0x7f, 0xc0, 0xf0, 0xf, 0xf0, 0xf, 0xd0,
    0x0, 0xf, 0xef, 0x40, 0x0, 0x0, 0xb, 0xc2,
    0xff, 0xff, 0xff, 0xf1, 0xd0, 0x1b, 0xff, 0xff,
    0xfc, 0x0, 0x0, 0x0, 0x0, 0x0, 0x0,

    /* U+901A "通" */
    0x0, 0x0, 0x0, 0x0, 0x0, 0xf, 0x40, 0xff,
    0xff, 0xff, 0x3, 0xf4, 0x3f, 0xff, 0xff, 0xc0,
    0x2f, 0x40, 0x2e, 0x1f, 0x80, 0x2, 0xc0, 0x2,
    0xfe, 0x0, 0x0, 0x0, 0xff, 0xff, 0xff, 0x40,
    0x0, 0x3f, 0xff, 0xff, 0xd2, 0xaa, 0xf, 0x43,
    0xd0, 0xb4, 0xff, 0xc3, 0xff, 0xff, 0xfd, 0x15,
    0xf0, 0xff, 0xff, 0xff, 0x40, 0x3c, 0x3d, 0xf,
    0x42, 0xd0, 0xf, 0xf, 0xff, 0xff, 0xf4, 0x3,
    0xc3, 0xff, 0xff, 0xfd, 0x0, 0xf0, 0xf4, 0x3d,
    0xb, 0x40, 0x3c, 0x3d, 0xf, 0x43, 0xd0, 0xf,
    0xf, 0x43, 0xdf, 0xf4, 0xf, 0xf3, 0xd0, 0xb5,
    0xf8, 0xf, 0xef, 0x40, 0x0, 0x0, 0xb, 0xc2,
    0xff, 0xff, 0xff, 0xf5, 0xd0, 0x1b, 0xff, 0xff,
    0xfc, 0x0, 0x0, 0x0, 0x0, 0x0, 0x0,

    /* U+901F "速" */
    0x0, 0x0, 0x0, 0xb4, 0x0, 0xf, 0x40, 0x0,
    0x2e, 0x0, 0x2, 0xf4, 0x3f, 0xff, 0xff, 0xf0,
    0x2f, 0x4f, 0xff, 0xff, 0xfc, 0x2, 0xd0, 0x0,
    0xb4, 0x0, 0x0, 0x0, 0x7f, 0xff, 0xff, 0x0,
    0x0, 0x1f, 0xff, 0xff, 0xc2, 0xaa, 0x7, 0xc2,
    0xd0, 0xf0, 0xff, 0xc1, 0xf0, 0xb4, 0x3c, 0x1a,
    0xf0, 0x7f, 0xff, 0xff, 0x0, 0x3c, 0x1f, 0xff,
    0xff, 0xc0, 0xf, 0x0, 0x1f, 0xd1, 0x0, 0x3,
    0xc0, 0x1f, 0xf7, 0xe0, 0x0, 0xf0, 0x2f, 0x6d,
    0x7e, 0x0, 0x3c, 0x7f, 0x4b, 0x43, 0xe0, 0xf,
    0xf, 0x42, 0xd0, 0x30, 0xf, 0xf0, 0x0, 0xb4,
    0x0, 0xf, 0xef, 0x40, 0x14, 0x0, 0xb, 0xc2,
    0xff, 0xff, 0xff, 0xf5, 0xd0, 0x1b, 0xff, 0xff,
    0xfc, 0x0, 0x0, 0x0, 0x0, 0x0, 0x0,

    /* U+9053 "道" */
    0x0, 0x0, 0x4, 0x0, 0x40, 0x3, 0xc0, 0xb,
    0xc0, 0xbc, 0x0, 0xfc, 0x15, 0xf9, 0x7e, 0x50,
    0xf, 0xcf, 0xff, 0xff, 0xfd, 0x0, 0xf3, 0xff,
    0xff, 0xff, 0x40, 0x4, 0x0, 0x3d, 0x0, 0x0,
    0x0, 0xb, 0xff, 0xff, 0xc0, 0x0, 0x2, 0xff,
    0xff, 0xf0, 0x3f, 0xf0, 0xb4, 0x0, 0x3c, 0xf,
    0xfc, 0x2d, 0x0, 0xf, 0x3, 0xff, 0xb, 0xff,
    0xff, 0xc0, 0x3, 0xc2, 0xff, 0xff, 0xf0, 0x0,
    0xf0, 0xb9, 0x55, 0x7c, 0x0, 0x3c, 0x2f, 0xff,
    0xff, 0x0, 0xf, 0xb, 0x40, 0x3, 0xc0, 0x3,
    0xc2, 0xff, 0xff, 0xf0, 0x2, 0xf4, 0xbf, 0xff,
    0xfc, 0x2, 0xff, 0x0, 0x0, 0x0, 0x0, 0xfe,
    0xf8, 0x0, 0x0, 0x0, 0xfc, 0x2f, 0xff, 0xff,
    0xfe, 0x1c, 0x1, 0xbf, 0xff, 0xff, 0x40, 0x0,
    0x0, 0x0, 0x0, 0x0,

    /* U+914D "配" */
    0x0, 0x0, 0x0, 0x0, 0x0, 0x3, 0xff, 0xff,
    0xdf, 0xff, 0xf0, 0x3f, 0xff, 0xfd, 0xff, 0xff,
    0x0, 0x1e, 0x78, 0x0, 0x1, 0xf0, 0x1, 0xe7,
    0x80, 0x0, 0xf, 0x2, 0xff, 0xff, 0xc0, 0x0,
    0xf0, 0x2f, 0xff, 0xfc, 0x0, 0xf, 0x2, 0xde,
    0x73, 0xc0, 0x0, 0xf0, 0x2d, 0xe7, 0x3c, 0xff,
    0xff, 0x2, 0xde, 0x73, 0xcf, 0xff, 0xf0, 0x2e,
    0xd7, 0xfc, 0xf4, 0x0, 0x2, 0xfc, 0x2f, 0xcf,
    0x0, 0x0, 0x2e, 0x40, 0x3c, 0xf0, 0x0, 0x2,
    0xff, 0xff, 0xcf, 0x0, 0x20, 0x2f, 0xff, 0xfc,
    0xf0, 0x3, 0xc2, 0xd0, 0x3, 0xcf, 0x0, 0x3c,
    0x2d, 0x0, 0x3c, 0xf0, 0x7, 0xc2, 0xff, 0xff,
    0xcf, 0x40, 0xbc, 0x2f, 0xff, 0xfc, 0xff, 0xff,
    0x82, 0xe0, 0x3, 0xcb, 0xff, 0xe0,

    /* U+9192 "醒" */
    0x0, 0x0, 0x0, 0x0, 0x0, 0x3, 0xff, 0xff,
    0x3f, 0xff, 0xf4, 0x3f, 0xff, 0xf3, 0xff, 0xff,
    0x40, 0x2c, 0xf0, 0x3c, 0x0, 0xf4, 0x2, 0xcf,
    0x3, 0xff, 0xff, 0x41, 0xff, 0xfe, 0x3f, 0xff,
    0xf4, 0x2f, 0xff, 0xf3, 0xc0, 0xf, 0x42, 0xdd,
    0xdf, 0x3f, 0xff, 0xf4, 0x2d, 0xdd, 0xf3, 0xff,
    0xff, 0x42, 0xdc, 0xdf, 0x2d, 0x3c, 0x0, 0x2e,
    0xcf, 0xf3, 0xff, 0xff, 0x82, 0xf8, 0x6f, 0x7f,
    0xff, 0xf8, 0x2e, 0x0, 0xff, 0x3, 0xc0, 0x2,
    0xea, 0xaf, 0xe0, 0x3c, 0x0, 0x2f, 0xff, 0xf5,
    0xff, 0xff, 0x2, 0xe5, 0x5f, 0x1f, 0xff, 0xf0,
    0x2d, 0x0, 0xf0, 0x3, 0xc0, 0x2, 0xff, 0xff,
    0x0, 0x7c, 0x0, 0x2f, 0xff, 0xf7, 0xff, 0xff,
    0xc2, 0xd0, 0xe, 0x7f, 0xff, 0xfc,

    /* U+91CC "里" */
    0xf, 0xff, 0xff, 0xff, 0xf0, 0xf, 0xff, 0xff,
    0xff, 0xf0, 0xf, 0x0, 0x7c, 0x2, 0xf0, 0xf,
    0x0, 0x7c, 0x2, 0xf0, 0xf, 0xff, 0xff, 0xff,
    0xf0, 0xf, 0xff, 0xff, 0xff, 0xf0, 0xf, 0x0,
    0x7c, 0x2, 0xf0, 0xf, 0x0, 0x7c, 0x2, 0xf0,
    0xf, 0xff, 0xff, 0xff, 0xf0, 0xf, 0xff, 0xff,
    0xff, 0xf0, 0x0, 0x0, 0x7c, 0x0, 0x0, 0x0,
    0x0, 0x7c, 0x0, 0x0, 0x3f, 0xff, 0xff, 0xff,
    0xf8, 0x3f, 0xff, 0xff, 0xff, 0xf8, 0x0, 0x0,
    0x7c, 0x0, 0x0, 0x0, 0x0, 0x7c, 0x0, 0x0,
    0x0, 0x0, 0x7c, 0x0, 0x0, 0xff, 0xff, 0xff,
    0xff, 0xfe, 0xff, 0xff, 0xff, 0xff, 0xfe,

    /* U+91CD "重" */
    0x0, 0x0, 0x5, 0x5a, 0x80, 0xf, 0xff, 0xff,
    0xff, 0xd0, 0xf, 0xff, 0xfe, 0x55, 0x0, 0x55,
    0x55, 0xbd, 0x55, 0x54, 0xbf, 0xff, 0xff, 0xff,
    0xfd, 0x15, 0x55, 0xbd, 0x55, 0x54, 0xf, 0xff,
    0xff, 0xff, 0xe0, 0xf, 0xff, 0xff, 0xff, 0xe0,
    0xf, 0x0, 0x7c, 0x2, 0xe0, 0xf, 0xff, 0xff,
    0xff, 0xe0, 0xf, 0xff, 0xff, 0xff, 0xe0, 0xf,
    0x0, 0x7c, 0x2, 0xe0, 0xf, 0xff, 0xff, 0xff,
    0xe0, 0xf, 0xff, 0xff, 0xff, 0xe0, 0x0, 0x0,
    0x7c, 0x0, 0x0, 0x3f, 0xff, 0xff, 0xff, 0xf8,
    0x3f, 0xff, 0xff, 0xff, 0xf4, 0x0, 0x0, 0x7c,
    0x0, 0x0, 0xff, 0xff, 0xff, 0xff, 0xfe, 0xff,
    0xff, 0xff, 0xff, 0xfe,

    /* U+91CF "量" */
    0x7, 0xff, 0xff, 0xff, 0xd0, 0x7, 0xc0, 0x0,
    0x3, 0xd0, 0x7, 0xc0, 0x0, 0x3, 0xd0, 0x7,
    0xff, 0xff, 0xff, 0xd0, 0x7, 0xc0, 0x0, 0x3,
    0xd0, 0x7, 0xff, 0xff, 0xff, 0xd0, 0x0, 0x0,
    0x0, 0x0, 0x0, 0xff, 0xff, 0xff, 0xff, 0xff,
    0x55, 0x55, 0x55, 0x55, 0x54, 0xf, 0xff, 0xff,
    0xff, 0xf0, 0xf, 0x55, 0xbd, 0x56, 0xf0, 0xf,
    0x40, 0x7c, 0x1, 0xf0, 0xf, 0xff, 0xff, 0xff,
    0xf0, 0xf, 0x40, 0x7c, 0x1, 0xf0, 0xf, 0xff,
    0xff, 0xff, 0xf0, 0x0, 0x0, 0x7d, 0x0, 0x0,
    0x1f, 0xff, 0xff, 0xff, 0xf4, 0x5, 0x55, 0x7d,
    0x55, 0x50, 0xff, 0xff, 0xff, 0xff, 0xfe, 0xff,
    0xff, 0xff, 0xff, 0xff,

    /* U+9488 "针" */
    0x3, 0x80, 0x0, 0x3c, 0x0, 0x1, 0xf0, 0x0,
    0xf, 0x0, 0x0, 0xbf, 0xf8, 0x3, 0xc0, 0x0,
    0x3f, 0xfe, 0x0, 0xf0, 0x0, 0x2f, 0x0, 0x0,
    0x3c, 0x0, 0xf, 0x40, 0x0, 0xf, 0x0, 0xb,
    0xea, 0xa0, 0x3, 0xc0, 0x1, 0xef, 0xfd, 0xff,
    0xff, 0xfc, 0x2, 0xfa, 0x7f, 0xff, 0xff, 0x0,
    0x3c, 0x0, 0xf, 0x40, 0x0, 0x1f, 0x0, 0x3,
    0xc0, 0x0, 0xff, 0xff, 0x0, 0xf0, 0x0, 0x3f,
    0xff, 0xc0, 0x3c, 0x0, 0x0, 0x3c, 0x0, 0xf,
    0x0, 0x0, 0xf, 0x0, 0x3, 0xc0, 0x0, 0x3,
    0xc0, 0x0, 0xf0, 0x0, 0x0, 0xf2, 0x80, 0x3c,
    0x0, 0x0, 0x7f, 0xe0, 0xf, 0x0, 0x0, 0x1f,
    0xd0, 0x3, 0xc0, 0x0, 0x1, 0x0, 0x0, 0xf0,
    0x0,

    /* U+949F "钟" */
    0x0, 0x0, 0x0, 0x0, 0x0, 0x0, 0xf4, 0x0,
    0x3, 0xc0, 0x0, 0x3c, 0x0, 0x0, 0xf0, 0x0,
    0x1f, 0xaa, 0x0, 0x3c, 0x0, 0xb, 0xff, 0x80,
    0x1f, 0x0, 0x3, 0xea, 0x97, 0xff, 0xff, 0xc2,
    0xf0, 0x1, 0xff, 0xff, 0xf0, 0xf4, 0x0, 0x7c,
    0x3c, 0x3c, 0x7f, 0xff, 0x5f, 0xf, 0xf, 0x1,
    0xff, 0xd7, 0xc3, 0xc3, 0xc0, 0xf, 0x41, 0xf0,
    0xf0, 0xf0, 0x3, 0xd0, 0x7c, 0x3c, 0x3c, 0x3f,
    0xff, 0xdf, 0xff, 0xff, 0xb, 0xff, 0xf7, 0xff,
    0xff, 0xc0, 0xf, 0x41, 0xf0, 0xf0, 0xf0, 0x3,
    0xd0, 0x0, 0x3c, 0x0, 0x0, 0xf4, 0x0, 0xf,
    0x0, 0x0, 0x3d, 0x70, 0x3, 0xc0, 0x0, 0x1f,
    0xfd, 0x0, 0xf0, 0x0, 0x7, 0xf4, 0x0, 0x3c,
    0x0, 0x0, 0x40, 0x0, 0xf, 0x0, 0x0,

    /* U+9501 "锁" */
    0x2, 0x90, 0x1, 0xf, 0x1, 0x0, 0x3d, 0x0,
    0xf0, 0xf0, 0x3d, 0x3, 0xff, 0x8f, 0x8f, 0xb,
    0xc0, 0x7f, 0xf8, 0x7c, 0xf1, 0xf4, 0xf, 0x40,
    0x3, 0x4f, 0xb, 0x1, 0xf0, 0x0, 0x55, 0xf5,
    0x54, 0x3e, 0x0, 0xf, 0xff, 0xff, 0xc3, 0xff,
    0xf4, 0xff, 0xff, 0xfc, 0x7, 0xff, 0x4f, 0x0,
    0x3, 0xc0, 0xf, 0x40, 0xf0, 0xf0, 0x3c, 0x0,
    0xf4, 0xf, 0xf, 0x3, 0xc1, 0xff, 0xfc, 0xf0,
    0xf0, 0x3c, 0x1f, 0xff, 0xcf, 0x1f, 0x3, 0xc0,
    0xf, 0x40, 0xf1, 0xf0, 0x3c, 0x0, 0xf4, 0xf,
    0x2e, 0x3, 0xc0, 0xf, 0x40, 0x53, 0xd9, 0x14,
    0x0, 0xf5, 0xc0, 0xfd, 0xfd, 0x0, 0xf, 0xfc,
    0x7f, 0x47, 0xf8, 0x1, 0xfe, 0x2f, 0xd0, 0xb,
    0xe0, 0x9, 0x1, 0xe0, 0x0, 0x2c, 0x0, 0x0,
    0x0, 0x0, 0x0, 0x0,

    /* U+952E "键" */
    0x0, 0x0, 0x0, 0x0, 0x0, 0x0, 0x3c, 0x0,
    0x0, 0x3c, 0x0, 0x7, 0xc0, 0x0, 0x17, 0xd5,
    0x0, 0xbe, 0x9f, 0xf3, 0xff, 0xf0, 0xb, 0xfe,
    0xff, 0x2b, 0xef, 0x0, 0xfa, 0x90, 0xf0, 0x3c,
    0xf0, 0x1f, 0x0, 0x2d, 0xbf, 0xff, 0xc2, 0xe0,
    0x3, 0xcb, 0xff, 0xf8, 0x2f, 0xfe, 0xb8, 0x3,
    0xcf, 0x0, 0xbf, 0xef, 0xf7, 0xff, 0xf0, 0x0,
    0xf0, 0xff, 0x6b, 0xea, 0x0, 0xf, 0x0, 0xb4,
    0x3c, 0x0, 0x1f, 0xff, 0x4b, 0x7f, 0xff, 0x1,
    0xff, 0xfd, 0xf2, 0xbe, 0xa0, 0x0, 0xf0, 0xff,
    0x3, 0xc0, 0x0, 0xf, 0xb, 0xfb, 0xff, 0xf8,
    0x0, 0xf0, 0x3d, 0xbf, 0xff, 0x80, 0xf, 0x63,
    0xf0, 0x3c, 0x0, 0x1, 0xff, 0x7f, 0xe5, 0x40,
    0x0, 0x2f, 0x8f, 0x6f, 0xff, 0xfc, 0x0, 0x80,
    0x90, 0x2b, 0xff, 0xc0, 0x0, 0x0, 0x0, 0x0,
    0x0,

    /* U+957F "长" */
    0x0, 0x7c, 0x0, 0x0, 0x80, 0x0, 0x1f, 0x0,
    0x1, 0xf8, 0x0, 0x7, 0xc0, 0x2, 0xfc, 0x0,
    0x1, 0xf0, 0x7, 0xf8, 0x0, 0x0, 0x7c, 0x1f,
    0xf4, 0x0, 0x0, 0x1f, 0xf, 0xe0, 0x0, 0x0,
    0x7, 0xc1, 0x80, 0x0, 0x0, 0x1, 0xf0, 0x0,
    0x0, 0x0, 0xbf, 0xff, 0xff, 0xff, 0xff, 0x2f,
    0xff, 0xff, 0xff, 0xff, 0xc0, 0x7, 0xc0, 0x3d,
    0x0, 0x0, 0x1, 0xf0, 0xb, 0x80, 0x0, 0x0,
    0x7c, 0x1, 0xf0, 0x0, 0x0, 0x1f, 0x0, 0x3f,
    0x0, 0x0, 0x7, 0xc0, 0x3, 0xe0, 0x0, 0x1,
    0xf0, 0x0, 0x7f, 0x0, 0x0, 0x7c, 0x6e, 0x7,
    0xf4, 0x0, 0x2f, 0xff, 0xc0, 0x7f, 0xc0, 0xb,
    0xfe, 0x40, 0x3, 0xe0, 0x1, 0xa4, 0x0, 0x0,
    0x10,

    /* U+95ED "闭" */
    0x0, 0x0, 0x0, 0x0, 0x0, 0x2, 0xc0, 0x0,
    0x0, 0x0, 0x3, 0xf0, 0x3f, 0xff, 0xfc, 0x0,
    0xfc, 0x3f, 0xff, 0xfc, 0x28, 0xbc, 0x0, 0x0,
    0x3c, 0x3c, 0x20, 0x6, 0x80, 0x3c, 0x3c, 0x0,
    0x7, 0x80, 0x3c, 0x3c, 0x0, 0x7, 0x80, 0x3c,
    0x3c, 0xff, 0xff, 0xfd, 0x3c, 0x3c, 0xff, 0xff,
    0xfd, 0x3c, 0x3c, 0x0, 0x1f, 0xc0, 0x3c, 0x3c,
    0x0, 0x3f, 0x80, 0x3c, 0x3c, 0x0, 0xbf, 0x80,
    0x3c, 0x3c, 0x3, 0xf7, 0x80, 0x3c, 0x3c, 0x1f,
    0xc7, 0x80, 0x3c, 0x3c, 0xbf, 0x7, 0x80, 0x3c,
    0x3d, 0xf8, 0x7, 0x80, 0x3c, 0x3c, 0x90, 0xb,
    0x80, 0x3c, 0x3c, 0x0, 0xff, 0x80, 0x7c, 0x3c,
    0x0, 0xff, 0xf, 0xfc, 0x3c, 0x0, 0x0, 0xb,
    0xf4,

    /* U+95F2 "闲" */
    0x0, 0x0, 0x0, 0x0, 0x0, 0x2, 0xc0, 0x0,
    0x0, 0x0, 0x3, 0xe0, 0x7f, 0xff, 0xfc, 0x0,
    0xf4, 0x7f, 0xff, 0xfc, 0x28, 0xa0, 0x0, 0x0,
    0x3c, 0x3c, 0x0, 0x3c, 0x0, 0x3c, 0x3c, 0x0,
    0x3c, 0x0, 0x3c, 0x3c, 0x0, 0x3c, 0x0, 0x3c,
    0x3c, 0xbf, 0xff, 0xfc, 0x3c, 0x3c, 0xbf, 0xff,
    0xfc, 0x3c, 0x3c, 0x0, 0xfc, 0x0, 0x3c, 0x3c,
    0x2, 0xff, 0x0, 0x3c, 0x3c, 0x7, 0xff, 0xd0,
    0x3c, 0x3c, 0xf, 0x3e, 0xf4, 0x3c, 0x3c, 0x7d,
    0x3c, 0xbd, 0x3c, 0x3d, 0xf8, 0x3c, 0x2f, 0x3c,
    0x3c, 0xf0, 0x3c, 0x8, 0x3c, 0x3c, 0x40, 0x3c,
    0x0, 0x3c, 0x3c, 0x0, 0x3c, 0x0, 0x7c, 0x3c,
    0x0, 0x3c, 0xf, 0xfc, 0x3c, 0x0, 0x0, 0xb,
    0xf4,

    /* U+95F4 "间" */
    0x0, 0x0, 0x0, 0x0, 0x0, 0x2, 0xd0, 0x0,
    0x0, 0x0, 0x3, 0xf4, 0x7f, 0xff, 0xfc, 0x0,
    0xfc, 0x7f, 0xff, 0xfc, 0x28, 0x3d, 0x0, 0x0,
    0x3c, 0x3c, 0x10, 0x0, 0x0, 0x3c, 0x3c, 0x0,
    0x0, 0x0, 0x3c, 0x3c, 0xf, 0xff, 0xf0, 0x3c,
    0x3c, 0xf, 0xff, 0xf0, 0x3c, 0x3c, 0xf, 0x0,
    0xf0, 0x3c, 0x3c, 0xf, 0x0, 0xf0, 0x3c, 0x3c,
    0xf, 0xff, 0xf0, 0x3c, 0x3c, 0xf, 0xff, 0xf0,
    0x3c, 0x3c, 0xf, 0x0, 0xf0, 0x3c, 0x3c, 0xf,
    0x0, 0xf0, 0x3c, 0x3c, 0xf, 0xff, 0xf0, 0x3c,
    0x3c, 0xf, 0xff, 0xf0, 0x3c, 0x3c, 0x0, 0x0,
    0x0, 0x3c, 0x3c, 0x0, 0x0, 0x0, 0x7c, 0x3c,
    0x0, 0x0, 0xf, 0xfc, 0x3c, 0x0, 0x0, 0xb,
    0xf0,

    /* U+9640 "陀" */
    0x0, 0x0, 0x0, 0x64, 0x0, 0x3f, 0xfe, 0x0,
    0xbc, 0x0, 0x3f, 0xfe, 0xff, 0xff, 0xff, 0x3c,
    0x2d, 0xff, 0xff, 0xff, 0x3c, 0x3c, 0xf4, 0x0,
    0x1f, 0x3c, 0x78, 0xf4, 0x0, 0xf, 0x3c, 0xb4,
    0xf9, 0x0, 0xf, 0x3c, 0xf0, 0xf, 0x0, 0x0,
    0x3d, 0xf0, 0xf, 0x0, 0x74, 0x3c, 0xb8, 0xf,
    0x7, 0xfc, 0x3c, 0x3c, 0xf, 0x7f, 0xe0, 0x3c,
    0x2e, 0xf, 0xfe, 0x0, 0x3c, 0x1f, 0xf, 0xe0,
    0x0, 0x3c, 0xf, 0xf, 0x0, 0x0, 0x3c, 0x2f,
    0xf, 0x0, 0x4, 0x3e, 0xfe, 0xf, 0x0, 0xf,
    0x3c, 0xf8, 0xf, 0x0, 0x1f, 0x3c, 0x0, 0xf,
    0x40, 0x3e, 0x3c, 0x0, 0xf, 0xff, 0xfd, 0x3c,
    0x0, 0x7, 0xff, 0xf8,

    /* U+9644 "附" */
    0x0, 0x0, 0x0, 0x0, 0x0, 0x0, 0x0, 0x3,
    0x80, 0xf, 0x3, 0xff, 0xc0, 0xf8, 0x3, 0xc0,
    0xff, 0xf0, 0xbc, 0x0, 0xf0, 0x3c, 0x3c, 0x3f,
    0x0, 0x3c, 0xf, 0x1e, 0x1f, 0x40, 0x1f, 0x3,
    0xcb, 0x4f, 0xcf, 0xff, 0xf8, 0xf3, 0xc7, 0xf3,
    0xff, 0xfe, 0x3c, 0xf3, 0xfc, 0x0, 0x3c, 0xf,
    0x7a, 0xff, 0x0, 0xf, 0x3, 0xdf, 0xbb, 0xc7,
    0x3, 0xc0, 0xf3, 0xd8, 0xf2, 0xe0, 0xf0, 0x3c,
    0x78, 0x3c, 0x3c, 0x3c, 0xf, 0xf, 0xf, 0xb,
    0x8f, 0x3, 0xc3, 0xc3, 0xc0, 0xf3, 0xc0, 0xf1,
    0xf0, 0xf0, 0x34, 0xf0, 0x3f, 0xfc, 0x3c, 0x0,
    0x3c, 0xf, 0xb8, 0xf, 0x0, 0xf, 0x3, 0xc0,
    0x3, 0xc0, 0x7, 0xc0, 0xf0, 0x0, 0xf0, 0x3f,
    0xf0, 0x3c, 0x0, 0x3c, 0xb, 0xf0, 0x0, 0x0,
    0x0, 0x0, 0x0, 0x0,

    /* U+964D "降" */
    0x0, 0x0, 0x2, 0x80, 0x0, 0xf, 0xff, 0xc2,
    0xff, 0xff, 0x3, 0xff, 0xf2, 0xff, 0xff, 0xc0,
    0xf0, 0x7a, 0xf8, 0x3, 0xe0, 0x3c, 0x2e, 0xff,
    0x87, 0xf0, 0xf, 0xf, 0x21, 0xff, 0xf0, 0x3,
    0xcb, 0x80, 0x3f, 0xf8, 0x0, 0xf3, 0xc6, 0xff,
    0xff, 0xf9, 0x3d, 0xf1, 0xfe, 0x5, 0xff, 0xf,
    0x2e, 0x24, 0xf, 0x1, 0x43, 0xc3, 0xcb, 0xff,
    0xff, 0xc0, 0xf0, 0xba, 0xff, 0xff, 0xf0, 0x3c,
    0x1f, 0x0, 0x3c, 0x0, 0xf, 0x3, 0xcf, 0xf,
    0x0, 0x3, 0xd6, 0xf7, 0x83, 0xc0, 0x0, 0xf7,
    0xf6, 0xff, 0xff, 0xfc, 0x3c, 0xe4, 0xff, 0xff,
    0xff, 0xf, 0x0, 0x0, 0xf, 0x0, 0x3, 0xc0,
    0x0, 0x3, 0xc0, 0x0, 0xf0, 0x0, 0x0, 0xf0,
    0x0, 0x0, 0x0, 0x0, 0x0, 0x0, 0x0,

    /* U+9664 "除" */
    0x0, 0x0, 0x0, 0xbd, 0x0, 0xf, 0xff, 0x40,
    0x3f, 0xc0, 0x3, 0xff, 0xd0, 0x3f, 0xf8, 0x0,
    0xf0, 0xf0, 0x3f, 0x6f, 0x80, 0x3c, 0x7c, 0x7f,
    0x42, 0xf8, 0xf, 0x2d, 0xbf, 0x80, 0x3f, 0xc3,
    0xcf, 0x3f, 0xff, 0xff, 0xf4, 0xf7, 0x82, 0x3f,
    0xff, 0x58, 0x3e, 0xd0, 0x0, 0x3c, 0x0, 0xf,
    0x7c, 0x0, 0x1f, 0x0, 0x3, 0xcf, 0x5f, 0xff,
    0xff, 0xe0, 0xf1, 0xf7, 0xff, 0xff, 0xf8, 0x3c,
    0x3c, 0x0, 0x3c, 0x0, 0xf, 0xf, 0x45, 0xf,
    0x4, 0x3, 0xc7, 0xc3, 0xd3, 0xcf, 0x40, 0xff,
    0xf2, 0xf0, 0xf2, 0xf0, 0x3d, 0xe6, 0xf4, 0x3c,
    0x3e, 0xf, 0x1, 0xf8, 0x1f, 0x7, 0xc3, 0xc0,
    0x1c, 0x7f, 0xc0, 0x80, 0xf0, 0x0, 0xf, 0xd0,
    0x0,

    /* U+96F6 "零" */
    0x3, 0xff, 0xff, 0xff, 0xfc, 0x0, 0xff, 0xff,
    0xff, 0xff, 0x0, 0xff, 0xff, 0xff, 0xff, 0xf0,
    0x3f, 0xff, 0xff, 0xff, 0xfc, 0xf, 0x15, 0x4f,
    0x15, 0x4f, 0x3, 0xdf, 0xf7, 0xdf, 0xf7, 0xc0,
    0xf1, 0x54, 0xf1, 0x54, 0xf0, 0x1, 0xff, 0xbd,
    0xff, 0x40, 0x0, 0x1, 0xff, 0xf4, 0x0, 0x0,
    0x7, 0xf8, 0x3f, 0x90, 0x0, 0x6f, 0xf5, 0xe1,
    0xff, 0x90, 0xff, 0xd0, 0x7e, 0x7, 0xfe, 0xe,
    0x7f, 0xff, 0xff, 0xcb, 0x0, 0xf, 0xff, 0xff,
    0xf0, 0x0, 0x0, 0x0, 0x2, 0xf0, 0x0, 0x0,
    0x1f, 0x97, 0xe0, 0x0, 0x0, 0x7, 0xff, 0xe0,
    0x0, 0x0, 0x0, 0x7, 0xff, 0x40, 0x0, 0x0,
    0x0, 0xb, 0xd0, 0x0, 0x0, 0x0, 0x0, 0x10,
    0x0,

    /* U+9759 "静" */
    0x0, 0x0, 0x0, 0x0, 0x0, 0x0, 0x7c, 0x0,
    0x3d, 0x0, 0xb, 0xff, 0xfc, 0x2f, 0xff, 0x42,
    0xff, 0xff, 0x2f, 0xff, 0xd0, 0x1, 0xf0, 0x2f,
    0x42, 0xe0, 0xf, 0xff, 0xeb, 0x42, 0xf4, 0x2,
    0xbf, 0xa4, 0xff, 0xff, 0xc1, 0x5b, 0xd5, 0x3f,
    0xff, 0xf0, 0xff, 0xff, 0xe0, 0x3c, 0x3c, 0x2a,
    0xaa, 0xa4, 0xf, 0xf, 0x2, 0xaa, 0xa5, 0xff,
    0xff, 0xf1, 0xff, 0xff, 0x7f, 0xff, 0xfc, 0x7d,
    0x57, 0xc0, 0x3c, 0x3c, 0x1f, 0xff, 0xf1, 0x5f,
    0x5f, 0x7, 0xff, 0xfc, 0xff, 0xff, 0xc1, 0xf0,
    0x1f, 0x3f, 0xff, 0xf0, 0x7f, 0xff, 0xc0, 0x3c,
    0x0, 0x1f, 0xff, 0xf0, 0xf, 0x0, 0x7, 0xc0,
    0x7c, 0x3, 0xc0, 0x1, 0xf0, 0xbf, 0x2f, 0xf0,
    0x0, 0x7c, 0x1f, 0x47, 0xf4, 0x0, 0x0, 0x0,
    0x0, 0x0, 0x0, 0x0,

    /* U+9762 "面" */
    0xff, 0xff, 0xff, 0xff, 0xff, 0xff, 0xff, 0xff,
    0xff, 0xff, 0x0, 0x0, 0x3d, 0x0, 0x0, 0x0,
    0x0, 0x7c, 0x0, 0x0, 0x3f, 0xff, 0xff, 0xff,
    0xfc, 0x3f, 0xff, 0xff, 0xff, 0xfc, 0x3d, 0xf,
    0x0, 0xb4, 0x3c, 0x3d, 0xf, 0x0, 0xb4, 0x3c,
    0x3d, 0xf, 0xff, 0xf4, 0x3c, 0x3d, 0xf, 0xff,
    0xf4, 0x3c, 0x3d, 0xf, 0x0, 0xb4, 0x3c, 0x3d,
    0xf, 0x0, 0xb4, 0x3c, 0x3d, 0xf, 0xff, 0xf4,
    0x3c, 0x3d, 0xf, 0xff, 0xf4, 0x3c, 0x3d, 0xf,
    0x0, 0xb4, 0x3c, 0x3d, 0xf, 0x0, 0xb4, 0x3c,
    0x3f, 0xff, 0xff, 0xff, 0xfc, 0x3f, 0xff, 0xff,
    0xff, 0xfc, 0x3e, 0x0, 0x0, 0x0, 0x7c,

    /* U+9875 "页" */
    0xff, 0xff, 0xff, 0xff, 0xfe, 0xff, 0xff, 0xff,
    0xff, 0xfe, 0x0, 0x0, 0xbc, 0x0, 0x0, 0x0,
    0x0, 0xf8, 0x0, 0x0, 0x7, 0xff, 0xff, 0xff,
    0xc0, 0x7, 0xff, 0xff, 0xff, 0xc0, 0x7, 0xc0,
    0x0, 0x7, 0xc0, 0x7, 0xc0, 0x7c, 0x7, 0xc0,
    0x7, 0xc0, 0x7c, 0x7, 0xc0, 0x7, 0xc0, 0x7c,
    0x7, 0xc0, 0x7, 0xc0, 0x7c, 0x7, 0xc0, 0x7,
    0xc0, 0xbc, 0x7, 0xc0, 0x7, 0xc0, 0xf8, 0x7,
    0xc0, 0x7, 0xc1, 0xf4, 0x7, 0xc0, 0x2, 0x43,
    0xf2, 0x42, 0x40, 0x0, 0x1f, 0xc7, 0xf9, 0x0,
    0x1, 0xff, 0x42, 0xff, 0xd0, 0x7f, 0xf8, 0x0,
    0x1f, 0xfc, 0x3f, 0x80, 0x0, 0x1, 0xf4, 0x10,
    0x0, 0x0, 0x0, 0x10,

    /* U+987A "顺" */
    0x3c, 0x3, 0xc0, 0x0, 0x0, 0xf, 0x14, 0xf7,
    0xff, 0xff, 0xe3, 0xcf, 0x3d, 0xff, 0xff, 0xf8,
    0xf3, 0xcf, 0x0, 0x7c, 0x0, 0x3c, 0xf3, 0xc0,
    0x1f, 0x0, 0xf, 0x3c, 0xf3, 0xff, 0xff, 0xc3,
    0xcf, 0x3c, 0xff, 0xff, 0xf0, 0xf3, 0xcf, 0x3e,
    0x0, 0x3c, 0x3c, 0xf3, 0xcf, 0x8f, 0xf, 0xf,
    0x3c, 0xf3, 0xe3, 0xc3, 0xc3, 0xcf, 0x3c, 0xf8,
    0xf0, 0xf0, 0xf3, 0xcf, 0x3e, 0x3c, 0x3c, 0x3c,
    0xf3, 0xcf, 0x8f, 0xf, 0xf, 0x3c, 0xf3, 0xe7,
    0xc3, 0xc3, 0xcf, 0x3c, 0xfa, 0xe0, 0xf1, 0xf3,
    0xcf, 0x4, 0xf5, 0x54, 0x7c, 0xf3, 0xc0, 0xbd,
    0xf4, 0x2e, 0x3c, 0xf0, 0xbe, 0x2f, 0x8f, 0x40,
    0x3d, 0xff, 0x2, 0xf4, 0xc0, 0xf, 0x3e, 0x0,
    0x2c, 0x0, 0x0, 0x0, 0x0, 0x0, 0x0,

    /* U+9891 "频" */
    0x0, 0x3d, 0x0, 0x0, 0x0, 0x0, 0xf, 0x41,
    0xff, 0xff, 0xe0, 0xf3, 0xe5, 0x7f, 0xff, 0xf8,
    0x3c, 0xff, 0xc0, 0x1f, 0x0, 0xf, 0x3f, 0xf0,
    0x7, 0xc0, 0x3, 0xcf, 0x40, 0xff, 0xff, 0xc1,
    0xf7, 0xe5, 0x3f, 0xff, 0xf0, 0xff, 0xff, 0xdf,
    0x80, 0x3c, 0x2a, 0xaa, 0xa3, 0xe3, 0xcf, 0x0,
    0xf, 0x40, 0xf8, 0xf3, 0xc0, 0xa3, 0xd7, 0xbe,
    0x3c, 0xf0, 0x3d, 0xf6, 0xef, 0x8f, 0x3c, 0x1f,
    0x3d, 0xf7, 0xe3, 0xcf, 0xf, 0x8f, 0xfc, 0xf8,
    0xf3, 0xc3, 0xd3, 0xfd, 0x3e, 0x78, 0xf0, 0x20,
    0x3f, 0xa, 0x7d, 0x28, 0x0, 0x7f, 0x0, 0x2f,
    0x78, 0x0, 0xbf, 0x40, 0x2f, 0x4f, 0x82, 0xff,
    0x40, 0xbf, 0x81, 0xf8, 0x7e, 0x0, 0x3f, 0x40,
    0x2e, 0x4, 0x0, 0x5, 0x0, 0x1, 0x0,

    /* U+9897 "颗" */
    0x0, 0x0, 0x0, 0x0, 0x0, 0x7, 0xff, 0xfd,
    0xff, 0xff, 0xe1, 0xff, 0xff, 0x7f, 0xff, 0xf8,
    0x78, 0xf2, 0xd0, 0x1f, 0x0, 0x1f, 0x7d, 0xf4,
    0x7, 0xc0, 0x7, 0xff, 0xfd, 0x7f, 0xff, 0xc1,
    0xf7, 0xdf, 0x5f, 0xff, 0xf0, 0x78, 0xf2, 0xd7,
    0xc0, 0x3c, 0x1f, 0xff, 0xf5, 0xf3, 0xcf, 0x7,
    0xff, 0xfd, 0x7c, 0xf3, 0xc0, 0x3, 0xc0, 0x1f,
    0x3c, 0xf0, 0xff, 0xff, 0xf7, 0xcf, 0x3c, 0x3f,
    0xff, 0xfd, 0xf3, 0xcf, 0x0, 0x7f, 0x40, 0x7d,
    0xf3, 0xc0, 0x3f, 0xf8, 0x1f, 0xb8, 0xf0, 0x1e,
    0xff, 0xd6, 0xbd, 0x68, 0xf, 0x3c, 0xfc, 0x2f,
    0x78, 0xf, 0x4f, 0x9, 0x7f, 0xf, 0x82, 0x83,
    0xc0, 0xff, 0x0, 0xf8, 0x0, 0xf0, 0x2d, 0x0,
    0xc, 0x0, 0x0, 0x0, 0x0, 0x0, 0x0,

    /* U+9A8C "验" */
    0x0, 0x0, 0x0, 0xf, 0x40, 0x2, 0xff, 0xf8,
    0x2, 0xfc, 0x0, 0x2f, 0xff, 0x80, 0x7f, 0xe0,
    0x0, 0x0, 0xb8, 0xf, 0x8f, 0x40, 0xb, 0x4b,
    0x42, 0xf0, 0xbc, 0x0, 0xf4, 0xf4, 0xbc, 0x3,
    0xf0, 0xf, 0xf, 0x7f, 0xff, 0xff, 0xd0, 0xf0,
    0xf3, 0xdf, 0xff, 0x7d, 0xf, 0xf, 0x14, 0x0,
    0x0, 0x81, 0xe1, 0xf0, 0x0, 0x80, 0x90, 0x1f,
    0xff, 0xcb, 0x2d, 0xf, 0x42, 0xff, 0xfc, 0xf5,
    0xf0, 0xf0, 0x0, 0x3, 0xcb, 0x8f, 0x1f, 0x0,
    0x1, 0x3c, 0x7c, 0xf2, 0xe0, 0x1b, 0xf3, 0xc3,
    0xcb, 0x7d, 0x3, 0xfe, 0x3c, 0x2d, 0x67, 0xc0,
    0x29, 0x7, 0xc1, 0x80, 0x7c, 0x0, 0x0, 0xb8,
    0x0, 0xb, 0x80, 0x2, 0xff, 0x7f, 0xff, 0xff,
    0xd0, 0x1f, 0xe3, 0xff, 0xff, 0xfd,

    /* U+9A91 "骑" */
    0x0, 0x0, 0x0, 0xf, 0x0, 0x3, 0xff, 0xf4,
    0x0, 0xf0, 0x0, 0x3f, 0xff, 0x6f, 0xff, 0xff,
    0xc0, 0x0, 0xf2, 0xff, 0xff, 0xfc, 0xf, 0xf,
    0x0, 0x3f, 0x90, 0x0, 0xf0, 0xf0, 0x6f, 0xaf,
    0xe0, 0xf, 0x1f, 0x2f, 0xd0, 0x1f, 0xc1, 0xf1,
    0xe0, 0x90, 0x0, 0x20, 0x1e, 0x2e, 0x2f, 0xff,
    0xff, 0xe2, 0xe6, 0xe6, 0xff, 0xff, 0xfe, 0x2f,
    0xff, 0xc0, 0x0, 0xf, 0x2, 0xaa, 0xfc, 0xff,
    0xf0, 0xf0, 0x0, 0x3, 0xcf, 0xff, 0x4f, 0x0,
    0x1a, 0x3c, 0xf0, 0xf4, 0xf0, 0x7f, 0xf3, 0xcf,
    0xf, 0x4f, 0x7, 0xf9, 0x3c, 0xff, 0xf4, 0xf0,
    0x0, 0x7, 0xcf, 0xff, 0x4f, 0x0, 0x0, 0xb8,
    0x0, 0x1, 0xf0, 0x2, 0xff, 0x40, 0x3, 0xff,
    0x0, 0x1f, 0xd0, 0x0, 0x2f, 0xd0,

    /* U+9AD8 "高" */
    0x0, 0x0, 0x68, 0x0, 0x0, 0x0, 0x0, 0xbc,
    0x0, 0x0, 0xff, 0xff, 0xff, 0xff, 0xfe, 0xff,
    0xff, 0xff, 0xff, 0xfe, 0x0, 0x55, 0x55, 0x55,
    0x0, 0x2, 0xff, 0xff, 0xff, 0x40, 0x2, 0xe0,
    0x0, 0xf, 0x40, 0x2, 0xff, 0xff, 0xff, 0x40,
    0x2, 0xff, 0xff, 0xff, 0x40, 0x0, 0x0, 0x0,
    0x0, 0x0, 0x3f, 0xff, 0xff, 0xff, 0xf8, 0x3f,
    0xff, 0xff, 0xff, 0xf8, 0x3c, 0x0, 0x0, 0x0,
    0xb8, 0x3c, 0x2f, 0xff, 0xf4, 0x78, 0x3c, 0x2f,
    0xff, 0xf4, 0x78, 0x3c, 0x2d, 0x0, 0xb4, 0x78,
    0x3c, 0x2f, 0xff, 0xf4, 0x78, 0x3c, 0x2f, 0xff,
    0xf4, 0xb8, 0x3c, 0x0, 0x0, 0xf, 0xf8, 0x3c,
    0x0, 0x0, 0xf, 0xe0,

    /* U+9E23 "鸣" */
    0x0, 0x0, 0x2, 0xe0, 0x0, 0x0, 0x0, 0x3,
    0xe0, 0x0, 0x3f, 0xfc, 0x3f, 0xff, 0xf0, 0x3f,
    0xfc, 0x3f, 0xff, 0xf0, 0x3c, 0x3c, 0x3d, 0x90,
    0xf0, 0x3c, 0x3c, 0x3d, 0xf4, 0xf0, 0x3c, 0x3c,
    0x3c, 0x78, 0xf0, 0x3c, 0x3c, 0x3c, 0x15, 0xf0,
    0x3c, 0x3c, 0x3c, 0xf, 0xd0, 0x3c, 0x3c, 0x3c,
    0x5, 0x0, 0x3c, 0x3c, 0x3f, 0xff, 0xfe, 0x3c,
    0x3c, 0x3f, 0xff, 0xfe, 0x3c, 0x3c, 0x0, 0x0,
    0x2e, 0x3c, 0x3c, 0x0, 0x0, 0x2e, 0x3c, 0x3c,
    0xff, 0xff, 0x2d, 0x3f, 0xfc, 0xff, 0xff, 0x3d,
    0x3f, 0xfc, 0x55, 0x55, 0x3d, 0x3c, 0x3c, 0x0,
    0x0, 0x7c, 0x3c, 0x14, 0x0, 0x1f, 0xfc, 0x0,
    0x0, 0x0, 0xf, 0xe0,

    /* U+9ED1 "黑" */
    0x1f, 0xff, 0xff, 0xff, 0xe0, 0x1f, 0xff, 0xff,
    0xff, 0xe0, 0x1e, 0x14, 0x78, 0x66, 0xe0, 0x1e,
    0x3c, 0x78, 0xb6, 0xe0, 0x1e, 0x3d, 0x78, 0xf2,
    0xe0, 0x1e, 0x14, 0x78, 0x52, 0xe0, 0x1f, 0xff,
    0xff, 0xff, 0xe0, 0x1f, 0xff, 0xff, 0xff, 0xe0,
    0x0, 0x0, 0xbc, 0x0, 0x0, 0x2f, 0xff, 0xff,
    0xff, 0xf0, 0x2f, 0xff, 0xff, 0xff, 0xf0, 0x0,
    0x0, 0xbc, 0x0, 0x0, 0xff, 0xff, 0xff, 0xff,
    0xfc, 0xff, 0xff, 0xff, 0xff, 0xfc, 0x0, 0x0,
    0x0, 0x0, 0x40, 0x2e, 0x1f, 0xb, 0x83, 0xd0,
    0x3d, 0xf, 0x7, 0xc1, 0xf0, 0x7c, 0xf, 0x43,
    0xd0, 0xbc, 0xb4, 0xb, 0x82, 0xe0, 0x34, 0x0,
    0x0, 0x0, 0x0, 0x0,

    /* U+FF01 "！" */
    0x3e, 0x3e, 0x3e, 0x3e, 0x3d, 0x3d, 0x3d, 0x3d,
    0x3d, 0x3c, 0x3c, 0x0, 0x4, 0x3e, 0x7f, 0x3d,

    /* U+FF08 "（" */
    0x0, 0xf0, 0xf, 0x40, 0x7c, 0x3, 0xd0, 0x1f,
    0x0, 0xbc, 0x3, 0xe0, 0xf, 0x40, 0x3d, 0x1,
    0xf0, 0x7, 0xc0, 0xf, 0x40, 0x3d, 0x0, 0xf8,
    0x2, 0xf0, 0x7, 0xc0, 0xf, 0x80, 0x1f, 0x0,
    0x3d, 0x0, 0x3c,

    /* U+FF09 "）" */
    0x3c, 0x0, 0x7c, 0x0, 0xf4, 0x2, 0xf0, 0x3,
    0xd0, 0xf, 0x80, 0x2f, 0x0, 0x7c, 0x1, 0xf0,
    0x3, 0xd0, 0xf, 0x40, 0x7c, 0x1, 0xf0, 0xb,
    0xc0, 0x3e, 0x0, 0xf4, 0xb, 0xc0, 0x3d, 0x1,
    0xf0, 0xf, 0x0,

    /* U+FF0C "，" */
    0x0, 0x7d, 0xbf, 0x7f, 0xf, 0xe, 0x3c, 0x70,
    0x0,

    /* U+FF1A "：" */
    0x2e, 0xf, 0xc3, 0xf0, 0x10, 0x0, 0x0, 0x0,
    0x0, 0x0, 0x4, 0xf, 0xc3, 0xf0, 0xb8,

    /* U+FF1B "；" */
    0x2e, 0xf, 0xc3, 0xf0, 0x10, 0x0, 0x0, 0x0,
    0x0, 0x0, 0x4, 0xf, 0xc3, 0xf4, 0xbe, 0x3,
    0x42, 0xc2, 0xe0, 0xe0, 0x0, 0x0,

    /* U+FF1F "？" */
    0x0, 0x0, 0x0, 0xb, 0xfd, 0x0, 0xff, 0xfe,
    0xf, 0xd1, 0xfc, 0x7d, 0x0, 0xf5, 0xf0, 0x3,
    0xe0, 0x0, 0x1f, 0x40, 0x0, 0xfc, 0x0, 0xf,
    0xd0, 0x0, 0xfc, 0x0, 0xb, 0xd0, 0x0, 0x3f,
    0x0, 0x0, 0xa4, 0x0, 0x0, 0x40, 0x0, 0xf,
    0xc0, 0x0, 0x7f, 0x0, 0x0, 0xb8, 0x0
};


/*---------------------
 *  GLYPH DESCRIPTION
 *--------------------*/

static const lv_font_fmt_txt_glyph_dsc_t glyph_dsc[] = {
    {.bitmap_index = 0, .adv_w = 0, .box_w = 0, .box_h = 0, .ofs_x = 0, .ofs_y = 0} /* id = 0 reserved */,
    {.bitmap_index = 0, .adv_w = 117, .box_w = 0, .box_h = 0, .ofs_x = 0, .ofs_y = 0},
    {.bitmap_index = 0, .adv_w = 117, .box_w = 3, .box_h = 16, .ofs_x = 2, .ofs_y = 0},
    {.bitmap_index = 12, .adv_w = 188, .box_w = 10, .box_h = 8, .ofs_x = 0, .ofs_y = 8},
    {.bitmap_index = 32, .adv_w = 211, .box_w = 13, .box_h = 16, .ofs_x = 0, .ofs_y = 0},
    {.bitmap_index = 84, .adv_w = 211, .box_w = 13, .box_h = 21, .ofs_x = 0, .ofs_y = -2},
    {.bitmap_index = 153, .adv_w = 351, .box_w = 19, .box_h = 16, .ofs_x = 2, .ofs_y = 0},
    {.bitmap_index = 229, .adv_w = 264, .box_w = 16, .box_h = 16, .ofs_x = 1, .ofs_y = 0},
    {.bitmap_index = 293, .adv_w = 103, .box_w = 5, .box_h = 8, .ofs_x = 0, .ofs_y = 8},
    {.bitmap_index = 303, .adv_w = 117, .box_w = 6, .box_h = 21, .ofs_x = 1, .ofs_y = -2},
    {.bitmap_index = 335, .adv_w = 117, .box_w = 7, .box_h = 21, .ofs_x = 0, .ofs_y = -2},
    {.bitmap_index = 372, .adv_w = 182, .box_w = 12, .box_h = 11, .ofs_x = 0, .ofs_y = 5},
    {.bitmap_index = 405, .adv_w = 213, .box_w = 11, .box_h = 12, .ofs_x = 1, .ofs_y = 0},
    {.bitmap_index = 438, .adv_w = 97, .box_w = 5, .box_h = 8, .ofs_x = 0, .ofs_y = -5},
    {.bitmap_index = 448, .adv_w = 213, .box_w = 11, .box_h = 3, .ofs_x = 1, .ofs_y = 5},
    {.bitmap_index = 457, .adv_w = 97, .box_w = 3, .box_h = 3, .ofs_x = 1, .ofs_y = 0},
    {.bitmap_index = 460, .adv_w = 176, .box_w = 11, .box_h = 21, .ofs_x = 0, .ofs_y = -2},
    {.bitmap_index = 518, .adv_w = 211, .box_w = 12, .box_h = 16, .ofs_x = 1, .ofs_y = 0},
    {.bitmap_index = 566, .adv_w = 211, .box_w = 7, .box_h = 16, .ofs_x = 2, .ofs_y = 0},
    {.bitmap_index = 594, .adv_w = 211, .box_w = 11, .box_h = 16, .ofs_x = 1, .ofs_y = 0},
    {.bitmap_index = 638, .adv_w = 211, .box_w = 12, .box_h = 16, .ofs_x = 1, .ofs_y = 0},
    {.bitmap_index = 686, .adv_w = 211, .box_w = 13, .box_h = 16, .ofs_x = 0, .ofs_y = 0},
    {.bitmap_index = 738, .adv_w = 211, .box_w = 12, .box_h = 16, .ofs_x = 1, .ofs_y = 0},
    {.bitmap_index = 786, .adv_w = 211, .box_w = 12, .box_h = 16, .ofs_x = 1, .ofs_y = 0},
    {.bitmap_index = 834, .adv_w = 211, .box_w = 11, .box_h = 16, .ofs_x = 1, .ofs_y = 0},
    {.bitmap_index = 878, .adv_w = 211, .box_w = 12, .box_h = 16, .ofs_x = 1, .ofs_y = 0},
    {.bitmap_index = 926, .adv_w = 211, .box_w = 12, .box_h = 16, .ofs_x = 1, .ofs_y = 0},
    {.bitmap_index = 974, .adv_w = 97, .box_w = 3, .box_h = 12, .ofs_x = 1, .ofs_y = 0},
    {.bitmap_index = 983, .adv_w = 97, .box_w = 5, .box_h = 17, .ofs_x = 0, .ofs_y = -5},
    {.bitmap_index = 1005, .adv_w = 213, .box_w = 11, .box_h = 13, .ofs_x = 1, .ofs_y = -1},
    {.bitmap_index = 1041, .adv_w = 213, .box_w = 11, .box_h = 7, .ofs_x = 1, .ofs_y = 2},
    {.bitmap_index = 1061, .adv_w = 213, .box_w = 11, .box_h = 13, .ofs_x = 1, .ofs_y = -1},
    {.bitmap_index = 1097, .adv_w = 196, .box_w = 10, .box_h = 16, .ofs_x = 1, .ofs_y = 0},
    {.bitmap_index = 1137, .adv_w = 305, .box_w = 17, .box_h = 16, .ofs_x = 1, .ofs_y = 0},
    {.bitmap_index = 1205, .adv_w = 239, .box_w = 15, .box_h = 16, .ofs_x = 0, .ofs_y = 0},
    {.bitmap_index = 1265, .adv_w = 243, .box_w = 13, .box_h = 16, .ofs_x = 2, .ofs_y = 0},
    {.bitmap_index = 1317, .adv_w = 258, .box_w = 15, .box_h = 16, .ofs_x = 1, .ofs_y = 0},
    {.bitmap_index = 1377, .adv_w = 253, .box_w = 14, .box_h = 16, .ofs_x = 2, .ofs_y = 0},
    {.bitmap_index = 1433, .adv_w = 226, .box_w = 12, .box_h = 16, .ofs_x = 2, .ofs_y = 0},
    {.bitmap_index = 1481, .adv_w = 205, .box_w = 11, .box_h = 16, .ofs_x = 2, .ofs_y = 0},
    {.bitmap_index = 1525, .adv_w = 266, .box_w = 15, .box_h = 16, .ofs_x = 1, .ofs_y = 0},
    {.bitmap_index = 1585, .adv_w = 259, .box_w = 13, .box_h = 16, .ofs_x = 2, .ofs_y = 0},
    {.bitmap_index = 1637, .adv_w = 90, .box_w = 3, .box_h = 16, .ofs_x = 2, .ofs_y = 0},
    {.bitmap_index = 1649, .adv_w = 189, .box_w = 10, .box_h = 16, .ofs_x = 1, .ofs_y = 0},
    {.bitmap_index = 1689, .adv_w = 251, .box_w = 15, .box_h = 16, .ofs_x = 2, .ofs_y = 0},
    {.bitmap_index = 1749, .adv_w = 208, .box_w = 11, .box_h = 16, .ofs_x = 2, .ofs_y = 0},
    {.bitmap_index = 1793, .adv_w = 318, .box_w = 17, .box_h = 16, .ofs_x = 2, .ofs_y = 0},
    {.bitmap_index = 1861, .adv_w = 258, .box_w = 13, .box_h = 16, .ofs_x = 2, .ofs_y = 0},
    {.bitmap_index = 1913, .adv_w = 273, .box_w = 16, .box_h = 16, .ofs_x = 1, .ofs_y = 0},
    {.bitmap_index = 1977, .adv_w = 231, .box_w = 12, .box_h = 16, .ofs_x = 2, .ofs_y = 0},
    {.bitmap_index = 2025, .adv_w = 273, .box_w = 16, .box_h = 18, .ofs_x = 1, .ofs_y = -2},
    {.bitmap_index = 2097, .adv_w = 245, .box_w = 13, .box_h = 16, .ofs_x = 2, .ofs_y = 0},
    {.bitmap_index = 2149, .adv_w = 229, .box_w = 14, .box_h = 16, .ofs_x = 0, .ofs_y = 0},
    {.bitmap_index = 2205, .adv_w = 216, .box_w = 13, .box_h = 16, .ofs_x = 1, .ofs_y = 0},
    {.bitmap_index = 2257, .adv_w = 258, .box_w = 13, .box_h = 16, .ofs_x = 2, .ofs_y = 0},
    {.bitmap_index = 2309, .adv_w = 232, .box_w = 15, .box_h = 16, .ofs_x = 0, .ofs_y = 0},
    {.bitmap_index = 2369, .adv_w = 335, .box_w = 21, .box_h = 16, .ofs_x = 0, .ofs_y = 0},
    {.bitmap_index = 2453, .adv_w = 234, .box_w = 15, .box_h = 16, .ofs_x = 0, .ofs_y = 0},
    {.bitmap_index = 2513, .adv_w = 243, .box_w = 16, .box_h = 16, .ofs_x = -1, .ofs_y = 0},
    {.bitmap_index = 2577, .adv_w = 225, .box_w = 13, .box_h = 16, .ofs_x = 1, .ofs_y = 0},
    {.bitmap_index = 2629, .adv_w = 117, .box_w = 6, .box_h = 22, .ofs_x = 1, .ofs_y = -2},
    {.bitmap_index = 2662, .adv_w = 176, .box_w = 11, .box_h = 21, .ofs_x = 0, .ofs_y = -2},
    {.bitmap_index = 2720, .adv_w = 117, .box_w = 7, .box_h = 22, .ofs_x = 0, .ofs_y = -2},
    {.bitmap_index = 2759, .adv_w = 192, .box_w = 10, .box_h = 8, .ofs_x = 1, .ofs_y = 8},
    {.bitmap_index = 2779, .adv_w = 176, .box_w = 11, .box_h = 3, .ofs_x = 0, .ofs_y = -3},
    {.bitmap_index = 2788, .adv_w = 117, .box_w = 6, .box_h = 4, .ofs_x = 1, .ofs_y = 13},
    {.bitmap_index = 2794, .adv_w = 201, .box_w = 11, .box_h = 12, .ofs_x = 1, .ofs_y = 0},
    {.bitmap_index = 2827, .adv_w = 212, .box_w = 11, .box_h = 16, .ofs_x = 1, .ofs_y = 0},
    {.bitmap_index = 2871, .adv_w = 197, .box_w = 11, .box_h = 12, .ofs_x = 1, .ofs_y = 0},
    {.bitmap_index = 2904, .adv_w = 212, .box_w = 11, .box_h = 16, .ofs_x = 1, .ofs_y = 0},
    {.bitmap_index = 2948, .adv_w = 200, .box_w = 11, .box_h = 12, .ofs_x = 1, .ofs_y = 0},
    {.bitmap_index = 2981, .adv_w = 133, .box_w = 8, .box_h = 16, .ofs_x = 1, .ofs_y = 0},
    {.bitmap_index = 3013, .adv_w = 212, .box_w = 11, .box_h = 16, .ofs_x = 1, .ofs_y = -4},
    {.bitmap_index = 3057, .adv_w = 203, .box_w = 10, .box_h = 16, .ofs_x = 1, .ofs_y = 0},
    {.bitmap_index = 3097, .adv_w = 97, .box_w = 3, .box_h = 16, .ofs_x = 1, .ofs_y = 0},
    {.bitmap_index = 3109, .adv_w = 97, .box_w = 5, .box_h = 20, .ofs_x = -1, .ofs_y = -4},
    {.bitmap_index = 3134, .adv_w = 195, .box_w = 11, .box_h = 16, .ofs_x = 1, .ofs_y = 0},
    {.bitmap_index = 3178, .adv_w = 89, .box_w = 3, .box_h = 16, .ofs_x = 2, .ofs_y = 0},
    {.bitmap_index = 3190, .adv_w = 311, .box_w = 17, .box_h = 12, .ofs_x = 1, .ofs_y = 0},
    {.bitmap_index = 3241, .adv_w = 205, .box_w = 10, .box_h = 12, .ofs_x = 1, .ofs_y = 0},
    {.bitmap_index = 3271, .adv_w = 211, .box_w = 12, .box_h = 12, .ofs_x = 1, .ofs_y = 0},
    {.bitmap_index = 3307, .adv_w = 212, .box_w = 11, .box_h = 16, .ofs_x = 1, .ofs_y = -4},
    {.bitmap_index = 3351, .adv_w = 212, .box_w = 11, .box_h = 16, .ofs_x = 1, .ofs_y = -4},
    {.bitmap_index = 3395, .adv_w = 132, .box_w = 7, .box_h = 12, .ofs_x = 1, .ofs_y = 0},
    {.bitmap_index = 3416, .adv_w = 185, .box_w = 11, .box_h = 12, .ofs_x = 0, .ofs_y = 0},
    {.bitmap_index = 3449, .adv_w = 127, .box_w = 8, .box_h = 16, .ofs_x = 1, .ofs_y = 0},
    {.bitmap_index = 3481, .adv_w = 205, .box_w = 10, .box_h = 12, .ofs_x = 1, .ofs_y = 0},
    {.bitmap_index = 3511, .adv_w = 178, .box_w = 12, .box_h = 12, .ofs_x = 0, .ofs_y = 0},
    {.bitmap_index = 3547, .adv_w = 274, .box_w = 17, .box_h = 12, .ofs_x = 0, .ofs_y = 0},
    {.bitmap_index = 3598, .adv_w = 189, .box_w = 12, .box_h = 12, .ofs_x = 0, .ofs_y = 0},
    {.bitmap_index = 3634, .adv_w = 185, .box_w = 12, .box_h = 16, .ofs_x = 0, .ofs_y = -4},
    {.bitmap_index = 3682, .adv_w = 178, .box_w = 10, .box_h = 12, .ofs_x = 1, .ofs_y = 0},
    {.bitmap_index = 3712, .adv_w = 117, .box_w = 7, .box_h = 22, .ofs_x = 1, .ofs_y = -2},
    {.bitmap_index = 3751, .adv_w = 75, .box_w = 3, .box_h = 23, .ofs_x = 1, .ofs_y = -3},
    {.bitmap_index = 3769, .adv_w = 117, .box_w = 8, .box_h = 22, .ofs_x = 0, .ofs_y = -2},
    {.bitmap_index = 3813, .adv_w = 176, .box_w = 11, .box_h = 4, .ofs_x = 0, .ofs_y = 6},
    {.bitmap_index = 3824, .adv_w = 118, .box_w = 6, .box_h = 7, .ofs_x = 0, .ofs_y = 12},
    {.bitmap_index = 3835, .adv_w = 213, .box_w = 11, .box_h = 12, .ofs_x = 1, .ofs_y = 0},
    {.bitmap_index = 3868, .adv_w = 176, .box_w = 3, .box_h = 3, .ofs_x = 4, .ofs_y = 6},
    {.bitmap_index = 3871, .adv_w = 213, .box_w = 12, .box_h = 12, .ofs_x = 1, .ofs_y = 0},
    {.bitmap_index = 3907, .adv_w = 213, .box_w = 11, .box_h = 12, .ofs_x = 1, .ofs_y = 0},
    {.bitmap_index = 3940, .adv_w = 352, .box_w = 22, .box_h = 3, .ofs_x = 0, .ofs_y = 7},
    {.bitmap_index = 3957, .adv_w = 352, .box_w = 19, .box_h = 3, .ofs_x = 2, .ofs_y = 0},
    {.bitmap_index = 3972, .adv_w = 326, .box_w = 20, .box_h = 19, .ofs_x = 0, .ofs_y = -1},
    {.bitmap_index = 4067, .adv_w = 352, .box_w = 22, .box_h = 10, .ofs_x = 0, .ofs_y = 3},
    {.bitmap_index = 4122, .adv_w = 352, .box_w = 10, .box_h = 22, .ofs_x = 6, .ofs_y = -2},
    {.bitmap_index = 4177, .adv_w = 352, .box_w = 22, .box_h = 10, .ofs_x = 0, .ofs_y = 3},
    {.bitmap_index = 4232, .adv_w = 352, .box_w = 10, .box_h = 22, .ofs_x = 6, .ofs_y = -4},
    {.bitmap_index = 4287, .adv_w = 352, .box_w = 17, .box_h = 17, .ofs_x = 3, .ofs_y = 0},
    {.bitmap_index = 4360, .adv_w = 255, .box_w = 16, .box_h = 19, .ofs_x = 0, .ofs_y = -1},
    {.bitmap_index = 4436, .adv_w = 352, .box_w = 7, .box_h = 7, .ofs_x = 2, .ofs_y = -3},
    {.bitmap_index = 4449, .adv_w = 352, .box_w = 7, .box_h = 6, .ofs_x = 2, .ofs_y = -2},
    {.bitmap_index = 4460, .adv_w = 352, .box_w = 20, .box_h = 3, .ofs_x = 1, .ofs_y = 7},
    {.bitmap_index = 4475, .adv_w = 352, .box_w = 20, .box_h = 19, .ofs_x = 1, .ofs_y = -2},
    {.bitmap_index = 4570, .adv_w = 352, .box_w = 20, .box_h = 20, .ofs_x = 1, .ofs_y = -2},
    {.bitmap_index = 4670, .adv_w = 352, .box_w = 20, .box_h = 19, .ofs_x = 1, .ofs_y = -2},
    {.bitmap_index = 4765, .adv_w = 352, .box_w = 21, .box_h = 19, .ofs_x = 0, .ofs_y = -2},
    {.bitmap_index = 4865, .adv_w = 352, .box_w = 19, .box_h = 21, .ofs_x = 1, .ofs_y = -3},
    {.bitmap_index = 4965, .adv_w = 352, .box_w = 21, .box_h = 21, .ofs_x = 0, .ofs_y = -2},
    {.bitmap_index = 5076, .adv_w = 352, .box_w = 21, .box_h = 20, .ofs_x = 0, .ofs_y = -3},
    {.bitmap_index = 5181, .adv_w = 352, .box_w = 22, .box_h = 20, .ofs_x = 0, .ofs_y = -2},
    {.bitmap_index = 5291, .adv_w = 352, .box_w = 18, .box_h = 20, .ofs_x = 2, .ofs_y = -2},
    {.bitmap_index = 5381, .adv_w = 352, .box_w = 19, .box_h = 21, .ofs_x = 1, .ofs_y = -3},
    {.bitmap_index = 5481, .adv_w = 352, .box_w = 21, .box_h = 22, .ofs_x = 1, .ofs_y = -3},
    {.bitmap_index = 5597, .adv_w = 352, .box_w = 20, .box_h = 20, .ofs_x = 1, .ofs_y = -2},
    {.bitmap_index = 5697, .adv_w = 352, .box_w = 18, .box_h = 19, .ofs_x = 2, .ofs_y = -2},
    {.bitmap_index = 5783, .adv_w = 352, .box_w = 20, .box_h = 17, .ofs_x = 1, .ofs_y = -1},
    {.bitmap_index = 5868, .adv_w = 352, .box_w = 20, .box_h = 19, .ofs_x = 1, .ofs_y = -2},
    {.bitmap_index = 5963, .adv_w = 352, .box_w = 20, .box_h = 19, .ofs_x = 1, .ofs_y = -2},
    {.bitmap_index = 6058, .adv_w = 352, .box_w = 21, .box_h = 22, .ofs_x = 0, .ofs_y = -3},
    {.bitmap_index = 6174, .adv_w = 352, .box_w = 20, .box_h = 22, .ofs_x = 1, .ofs_y = -3},
    {.bitmap_index = 6284, .adv_w = 352, .box_w = 22, .box_h = 22, .ofs_x = 0, .ofs_y = -3},
    {.bitmap_index = 6405, .adv_w = 352, .box_w = 21, .box_h = 20, .ofs_x = 0, .ofs_y = -2},
    {.bitmap_index = 6510, .adv_w = 352, .box_w = 22, .box_h = 22, .ofs_x = 0, .ofs_y = -3},
    {.bitmap_index = 6631, .adv_w = 352, .box_w = 21, .box_h = 22, .ofs_x = 0, .ofs_y = -3},
    {.bitmap_index = 6747, .adv_w = 352, .box_w = 21, .box_h = 21, .ofs_x = 0, .ofs_y = -2},
    {.bitmap_index = 6858, .adv_w = 352, .box_w = 21, .box_h = 22, .ofs_x = 0, .ofs_y = -3},
    {.bitmap_index = 6974, .adv_w = 352, .box_w = 21, .box_h = 21, .ofs_x = 0, .ofs_y = -2},
    {.bitmap_index = 7085, .adv_w = 352, .box_w = 22, .box_h = 21, .ofs_x = 0, .ofs_y = -3},
    {.bitmap_index = 7201, .adv_w = 352, .box_w = 21, .box_h = 21, .ofs_x = 0, .ofs_y = -3},
    {.bitmap_index = 7312, .adv_w = 352, .box_w = 21, .box_h = 22, .ofs_x = 0, .ofs_y = -3},
    {.bitmap_index = 7428, .adv_w = 352, .box_w = 21, .box_h = 21, .ofs_x = 0, .ofs_y = -2},
    {.bitmap_index = 7539, .adv_w = 352, .box_w = 21, .box_h = 21, .ofs_x = 0, .ofs_y = -2},
    {.bitmap_index = 7650, .adv_w = 352, .box_w = 21, .box_h = 21, .ofs_x = 0, .ofs_y = -2},
    {.bitmap_index = 7761, .adv_w = 352, .box_w = 22, .box_h = 20, .ofs_x = 0, .ofs_y = -2},
    {.bitmap_index = 7871, .adv_w = 352, .box_w = 21, .box_h = 21, .ofs_x = 0, .ofs_y = -2},
    {.bitmap_index = 7982, .adv_w = 352, .box_w = 21, .box_h = 21, .ofs_x = 0, .ofs_y = -2},
    {.bitmap_index = 8093, .adv_w = 352, .box_w = 21, .box_h = 20, .ofs_x = 0, .ofs_y = -2},
    {.bitmap_index = 8198, .adv_w = 352, .box_w = 21, .box_h = 21, .ofs_x = 1, .ofs_y = -2},
    {.bitmap_index = 8309, .adv_w = 352, .box_w = 22, .box_h = 22, .ofs_x = 0, .ofs_y = -3},
    {.bitmap_index = 8430, .adv_w = 352, .box_w = 21, .box_h = 21, .ofs_x = 0, .ofs_y = -2},
    {.bitmap_index = 8541, .adv_w = 352, .box_w = 21, .box_h = 21, .ofs_x = 0, .ofs_y = -2},
    {.bitmap_index = 8652, .adv_w = 352, .box_w = 22, .box_h = 21, .ofs_x = 0, .ofs_y = -2},
    {.bitmap_index = 8768, .adv_w = 352, .box_w = 21, .box_h = 22, .ofs_x = 1, .ofs_y = -3},
    {.bitmap_index = 8884, .adv_w = 352, .box_w = 21, .box_h = 21, .ofs_x = 1, .ofs_y = -3},
    {.bitmap_index = 8995, .adv_w = 352, .box_w = 21, .box_h = 21, .ofs_x = 1, .ofs_y = -3},
    {.bitmap_index = 9106, .adv_w = 352, .box_w = 22, .box_h = 22, .ofs_x = 0, .ofs_y = -3},
    {.bitmap_index = 9227, .adv_w = 352, .box_w = 22, .box_h = 20, .ofs_x = 0, .ofs_y = -2},
    {.bitmap_index = 9337, .adv_w = 352, .box_w = 22, .box_h = 22, .ofs_x = 0, .ofs_y = -3},
    {.bitmap_index = 9458, .adv_w = 352, .box_w = 21, .box_h = 21, .ofs_x = 0, .ofs_y = -3},
    {.bitmap_index = 9569, .adv_w = 352, .box_w = 21, .box_h = 21, .ofs_x = 0, .ofs_y = -3},
    {.bitmap_index = 9680, .adv_w = 352, .box_w = 21, .box_h = 22, .ofs_x = 0, .ofs_y = -3},
    {.bitmap_index = 9796, .adv_w = 352, .box_w = 20, .box_h = 21, .ofs_x = 1, .ofs_y = -3},
    {.bitmap_index = 9901, .adv_w = 352, .box_w = 20, .box_h = 20, .ofs_x = 1, .ofs_y = -3},
    {.bitmap_index = 10001, .adv_w = 352, .box_w = 18, .box_h = 20, .ofs_x = 2, .ofs_y = -2},
    {.bitmap_index = 10091, .adv_w = 352, .box_w = 20, .box_h = 20, .ofs_x = 1, .ofs_y = -3},
    {.bitmap_index = 10191, .adv_w = 352, .box_w = 20, .box_h = 19, .ofs_x = 1, .ofs_y = -2},
    {.bitmap_index = 10286, .adv_w = 352, .box_w = 21, .box_h = 20, .ofs_x = 0, .ofs_y = -2},
    {.bitmap_index = 10391, .adv_w = 352, .box_w = 19, .box_h = 20, .ofs_x = 2, .ofs_y = -2},
    {.bitmap_index = 10486, .adv_w = 352, .box_w = 20, .box_h = 20, .ofs_x = 1, .ofs_y = -2},
    {.bitmap_index = 10586, .adv_w = 352, .box_w = 21, .box_h = 21, .ofs_x = 1, .ofs_y = -3},
    {.bitmap_index = 10697, .adv_w = 352, .box_w = 20, .box_h = 22, .ofs_x = 1, .ofs_y = -3},
    {.bitmap_index = 10807, .adv_w = 352, .box_w = 21, .box_h = 21, .ofs_x = 0, .ofs_y = -3},
    {.bitmap_index = 10918, .adv_w = 352, .box_w = 21, .box_h = 21, .ofs_x = 0, .ofs_y = -3},
    {.bitmap_index = 11029, .adv_w = 352, .box_w = 21, .box_h = 20, .ofs_x = 0, .ofs_y = -2},
    {.bitmap_index = 11134, .adv_w = 352, .box_w = 21, .box_h = 20, .ofs_x = 0, .ofs_y = -2},
    {.bitmap_index = 11239, .adv_w = 352, .box_w = 20, .box_h = 20, .ofs_x = 1, .ofs_y = -2},
    {.bitmap_index = 11339, .adv_w = 352, .box_w = 20, .box_h = 21, .ofs_x = 1, .ofs_y = -2},
    {.bitmap_index = 11444, .adv_w = 352, .box_w = 21, .box_h = 21, .ofs_x = 0, .ofs_y = -2},
    {.bitmap_index = 11555, .adv_w = 352, .box_w = 21, .box_h = 21, .ofs_x = 0, .ofs_y = -3},
    {.bitmap_index = 11666, .adv_w = 352, .box_w = 21, .box_h = 21, .ofs_x = 0, .ofs_y = -3},
    {.bitmap_index = 11777, .adv_w = 352, .box_w = 21, .box_h = 21, .ofs_x = 0, .ofs_y = -3},
    {.bitmap_index = 11888, .adv_w = 352, .box_w = 19, .box_h = 22, .ofs_x = 1, .ofs_y = -3},
    {.bitmap_index = 11993, .adv_w = 352, .box_w = 19, .box_h = 22, .ofs_x = 1, .ofs_y = -3},
    {.bitmap_index = 12098, .adv_w = 352, .box_w = 22, .box_h = 21, .ofs_x = 0, .ofs_y = -2},
    {.bitmap_index = 12214, .adv_w = 352, .box_w = 22, .box_h = 20, .ofs_x = 0, .ofs_y = -2},
    {.bitmap_index = 12324, .adv_w = 352, .box_w = 19, .box_h = 19, .ofs_x = 2, .ofs_y = -2},
    {.bitmap_index = 12415, .adv_w = 352, .box_w = 20, .box_h = 20, .ofs_x = 1, .ofs_y = -2},
    {.bitmap_index = 12515, .adv_w = 352, .box_w = 20, .box_h = 22, .ofs_x = 1, .ofs_y = -3},
    {.bitmap_index = 12625, .adv_w = 352, .box_w = 20, .box_h = 21, .ofs_x = 1, .ofs_y = -2},
    {.bitmap_index = 12730, .adv_w = 352, .box_w = 20, .box_h = 22, .ofs_x = 1, .ofs_y = -3},
    {.bitmap_index = 12840, .adv_w = 352, .box_w = 18, .box_h = 21, .ofs_x = 3, .ofs_y = -3},
    {.bitmap_index = 12935, .adv_w = 352, .box_w = 20, .box_h = 20, .ofs_x = 1, .ofs_y = -2},
    {.bitmap_index = 13035, .adv_w = 352, .box_w = 20, .box_h = 19, .ofs_x = 1, .ofs_y = -2},
    {.bitmap_index = 13130, .adv_w = 352, .box_w = 21, .box_h = 19, .ofs_x = 0, .ofs_y = -2},
    {.bitmap_index = 13230, .adv_w = 352, .box_w = 21, .box_h = 20, .ofs_x = 0, .ofs_y = -2},
    {.bitmap_index = 13335, .adv_w = 352, .box_w = 21, .box_h = 20, .ofs_x = 0, .ofs_y = -3},
    {.bitmap_index = 13440, .adv_w = 352, .box_w = 20, .box_h = 20, .ofs_x = 1, .ofs_y = -3},
    {.bitmap_index = 13540, .adv_w = 352, .box_w = 21, .box_h = 19, .ofs_x = 1, .ofs_y = -2},
    {.bitmap_index = 13640, .adv_w = 352, .box_w = 21, .box_h = 20, .ofs_x = 0, .ofs_y = -3},
    {.bitmap_index = 13745, .adv_w = 352, .box_w = 20, .box_h = 21, .ofs_x = 1, .ofs_y = -3},
    {.bitmap_index = 13850, .adv_w = 352, .box_w = 21, .box_h = 22, .ofs_x = 0, .ofs_y = -3},
    {.bitmap_index = 13966, .adv_w = 352, .box_w = 21, .box_h = 22, .ofs_x = 1, .ofs_y = -3},
    {.bitmap_index = 14082, .adv_w = 352, .box_w = 21, .box_h = 22, .ofs_x = 0, .ofs_y = -3},
    {.bitmap_index = 14198, .adv_w = 352, .box_w = 22, .box_h = 20, .ofs_x = 0, .ofs_y = -3},
    {.bitmap_index = 14308, .adv_w = 352, .box_w = 21, .box_h = 21, .ofs_x = 0, .ofs_y = -2},
    {.bitmap_index = 14419, .adv_w = 352, .box_w = 18, .box_h = 18, .ofs_x = 2, .ofs_y = -2},
    {.bitmap_index = 14500, .adv_w = 352, .box_w = 20, .box_h = 19, .ofs_x = 1, .ofs_y = -2},
    {.bitmap_index = 14595, .adv_w = 352, .box_w = 20, .box_h = 21, .ofs_x = 1, .ofs_y = -3},
    {.bitmap_index = 14700, .adv_w = 352, .box_w = 21, .box_h = 21, .ofs_x = 0, .ofs_y = -2},
    {.bitmap_index = 14811, .adv_w = 352, .box_w = 22, .box_h = 19, .ofs_x = 0, .ofs_y = -2},
    {.bitmap_index = 14916, .adv_w = 352, .box_w = 22, .box_h = 20, .ofs_x = 0, .ofs_y = -2},
    {.bitmap_index = 15026, .adv_w = 352, .box_w = 20, .box_h = 19, .ofs_x = 1, .ofs_y = -2},
    {.bitmap_index = 15121, .adv_w = 352, .box_w = 20, .box_h = 21, .ofs_x = 0, .ofs_y = -2},
    {.bitmap_index = 15226, .adv_w = 352, .box_w = 21, .box_h = 21, .ofs_x = 0, .ofs_y = -2},
    {.bitmap_index = 15337, .adv_w = 352, .box_w = 18, .box_h = 22, .ofs_x = 2, .ofs_y = -3},
    {.bitmap_index = 15436, .adv_w = 352, .box_w = 20, .box_h = 20, .ofs_x = 1, .ofs_y = -2},
    {.bitmap_index = 15536, .adv_w = 352, .box_w = 20, .box_h = 22, .ofs_x = 0, .ofs_y = -3},
    {.bitmap_index = 15646, .adv_w = 352, .box_w = 19, .box_h = 20, .ofs_x = 1, .ofs_y = -3},
    {.bitmap_index = 15741, .adv_w = 352, .box_w = 22, .box_h = 20, .ofs_x = 0, .ofs_y = -2},
    {.bitmap_index = 15851, .adv_w = 352, .box_w = 21, .box_h = 21, .ofs_x = 1, .ofs_y = -3},
    {.bitmap_index = 15962, .adv_w = 352, .box_w = 21, .box_h = 19, .ofs_x = 0, .ofs_y = -2},
    {.bitmap_index = 16062, .adv_w = 352, .box_w = 20, .box_h = 19, .ofs_x = 1, .ofs_y = -2},
    {.bitmap_index = 16157, .adv_w = 352, .box_w = 20, .box_h = 19, .ofs_x = 1, .ofs_y = -2},
    {.bitmap_index = 16252, .adv_w = 352, .box_w = 20, .box_h = 19, .ofs_x = 1, .ofs_y = -2},
    {.bitmap_index = 16347, .adv_w = 352, .box_w = 20, .box_h = 19, .ofs_x = 1, .ofs_y = -2},
    {.bitmap_index = 16442, .adv_w = 352, .box_w = 20, .box_h = 19, .ofs_x = 1, .ofs_y = -2},
    {.bitmap_index = 16537, .adv_w = 352, .box_w = 20, .box_h = 19, .ofs_x = 1, .ofs_y = -2},
    {.bitmap_index = 16632, .adv_w = 352, .box_w = 21, .box_h = 21, .ofs_x = 0, .ofs_y = -2},
    {.bitmap_index = 16743, .adv_w = 352, .box_w = 21, .box_h = 20, .ofs_x = 0, .ofs_y = -2},
    {.bitmap_index = 16848, .adv_w = 352, .box_w = 21, .box_h = 22, .ofs_x = 0, .ofs_y = -3},
    {.bitmap_index = 16964, .adv_w = 352, .box_w = 21, .box_h = 20, .ofs_x = 1, .ofs_y = -2},
    {.bitmap_index = 17069, .adv_w = 352, .box_w = 21, .box_h = 20, .ofs_x = 0, .ofs_y = -2},
    {.bitmap_index = 17174, .adv_w = 352, .box_w = 22, .box_h = 22, .ofs_x = 0, .ofs_y = -3},
    {.bitmap_index = 17295, .adv_w = 352, .box_w = 21, .box_h = 21, .ofs_x = 1, .ofs_y = -2},
    {.bitmap_index = 17406, .adv_w = 352, .box_w = 22, .box_h = 21, .ofs_x = 0, .ofs_y = -2},
    {.bitmap_index = 17522, .adv_w = 352, .box_w = 20, .box_h = 22, .ofs_x = 1, .ofs_y = -3},
    {.bitmap_index = 17632, .adv_w = 352, .box_w = 22, .box_h = 21, .ofs_x = 0, .ofs_y = -2},
    {.bitmap_index = 17748, .adv_w = 352, .box_w = 22, .box_h = 21, .ofs_x = 0, .ofs_y = -2},
    {.bitmap_index = 17864, .adv_w = 352, .box_w = 21, .box_h = 21, .ofs_x = 0, .ofs_y = -3},
    {.bitmap_index = 17975, .adv_w = 352, .box_w = 21, .box_h = 21, .ofs_x = 1, .ofs_y = -3},
    {.bitmap_index = 18086, .adv_w = 352, .box_w = 21, .box_h = 21, .ofs_x = 1, .ofs_y = -3},
    {.bitmap_index = 18197, .adv_w = 352, .box_w = 22, .box_h = 22, .ofs_x = 0, .ofs_y = -3},
    {.bitmap_index = 18318, .adv_w = 352, .box_w = 20, .box_h = 21, .ofs_x = 1, .ofs_y = -2},
    {.bitmap_index = 18423, .adv_w = 352, .box_w = 21, .box_h = 21, .ofs_x = 1, .ofs_y = -2},
    {.bitmap_index = 18534, .adv_w = 352, .box_w = 21, .box_h = 22, .ofs_x = 1, .ofs_y = -3},
    {.bitmap_index = 18650, .adv_w = 352, .box_w = 21, .box_h = 22, .ofs_x = 0, .ofs_y = -3},
    {.bitmap_index = 18766, .adv_w = 352, .box_w = 21, .box_h = 20, .ofs_x = 1, .ofs_y = -2},
    {.bitmap_index = 18871, .adv_w = 352, .box_w = 22, .box_h = 19, .ofs_x = 0, .ofs_y = -2},
    {.bitmap_index = 18976, .adv_w = 352, .box_w = 21, .box_h = 21, .ofs_x = 0, .ofs_y = -2},
    {.bitmap_index = 19087, .adv_w = 352, .box_w = 22, .box_h = 19, .ofs_x = 0, .ofs_y = -2},
    {.bitmap_index = 19192, .adv_w = 352, .box_w = 22, .box_h = 22, .ofs_x = 0, .ofs_y = -3},
    {.bitmap_index = 19313, .adv_w = 352, .box_w = 22, .box_h = 20, .ofs_x = 0, .ofs_y = -3},
    {.bitmap_index = 19423, .adv_w = 352, .box_w = 21, .box_h = 20, .ofs_x = 0, .ofs_y = -3},
    {.bitmap_index = 19528, .adv_w = 352, .box_w = 22, .box_h = 21, .ofs_x = 0, .ofs_y = -2},
    {.bitmap_index = 19644, .adv_w = 352, .box_w = 20, .box_h = 19, .ofs_x = 1, .ofs_y = -2},
    {.bitmap_index = 19739, .adv_w = 352, .box_w = 20, .box_h = 21, .ofs_x = 1, .ofs_y = -2},
    {.bitmap_index = 19844, .adv_w = 352, .box_w = 20, .box_h = 19, .ofs_x = 1, .ofs_y = -2},
    {.bitmap_index = 19939, .adv_w = 352, .box_w = 20, .box_h = 21, .ofs_x = 1, .ofs_y = -2},
    {.bitmap_index = 20044, .adv_w = 352, .box_w = 20, .box_h = 20, .ofs_x = 1, .ofs_y = -2},
    {.bitmap_index = 20144, .adv_w = 352, .box_w = 20, .box_h = 19, .ofs_x = 1, .ofs_y = -2},
    {.bitmap_index = 20239, .adv_w = 352, .box_w = 20, .box_h = 22, .ofs_x = 1, .ofs_y = -3},
    {.bitmap_index = 20349, .adv_w = 352, .box_w = 21, .box_h = 20, .ofs_x = 1, .ofs_y = -2},
    {.bitmap_index = 20454, .adv_w = 352, .box_w = 21, .box_h = 22, .ofs_x = 1, .ofs_y = -3},
    {.bitmap_index = 20570, .adv_w = 352, .box_w = 21, .box_h = 22, .ofs_x = 1, .ofs_y = -3},
    {.bitmap_index = 20686, .adv_w = 352, .box_w = 22, .box_h = 21, .ofs_x = 0, .ofs_y = -3},
    {.bitmap_index = 20802, .adv_w = 352, .box_w = 21, .box_h = 21, .ofs_x = 1, .ofs_y = -3},
    {.bitmap_index = 20913, .adv_w = 352, .box_w = 20, .box_h = 20, .ofs_x = 1, .ofs_y = -3},
    {.bitmap_index = 21013, .adv_w = 352, .box_w = 21, .box_h = 21, .ofs_x = 1, .ofs_y = -3},
    {.bitmap_index = 21124, .adv_w = 352, .box_w = 21, .box_h = 20, .ofs_x = 1, .ofs_y = -3},
    {.bitmap_index = 21229, .adv_w = 352, .box_w = 20, .box_h = 21, .ofs_x = 1, .ofs_y = -3},
    {.bitmap_index = 21334, .adv_w = 352, .box_w = 18, .box_h = 20, .ofs_x = 2, .ofs_y = -2},
    {.bitmap_index = 21424, .adv_w = 352, .box_w = 21, .box_h = 19, .ofs_x = 1, .ofs_y = -2},
    {.bitmap_index = 21524, .adv_w = 352, .box_w = 21, .box_h = 21, .ofs_x = 1, .ofs_y = -3},
    {.bitmap_index = 21635, .adv_w = 352, .box_w = 21, .box_h = 20, .ofs_x = 1, .ofs_y = -2},
    {.bitmap_index = 21740, .adv_w = 352, .box_w = 21, .box_h = 20, .ofs_x = 1, .ofs_y = -2},
    {.bitmap_index = 21845, .adv_w = 352, .box_w = 22, .box_h = 22, .ofs_x = 0, .ofs_y = -3},
    {.bitmap_index = 21966, .adv_w = 352, .box_w = 21, .box_h = 21, .ofs_x = 1, .ofs_y = -2},
    {.bitmap_index = 22077, .adv_w = 352, .box_w = 22, .box_h = 20, .ofs_x = 0, .ofs_y = -2},
    {.bitmap_index = 22187, .adv_w = 352, .box_w = 22, .box_h = 21, .ofs_x = 0, .ofs_y = -2},
    {.bitmap_index = 22303, .adv_w = 352, .box_w = 22, .box_h = 19, .ofs_x = 0, .ofs_y = -2},
    {.bitmap_index = 22408, .adv_w = 352, .box_w = 22, .box_h = 21, .ofs_x = 0, .ofs_y = -2},
    {.bitmap_index = 22524, .adv_w = 352, .box_w = 22, .box_h = 21, .ofs_x = 0, .ofs_y = -2},
    {.bitmap_index = 22640, .adv_w = 352, .box_w = 22, .box_h = 22, .ofs_x = 0, .ofs_y = -3},
    {.bitmap_index = 22761, .adv_w = 352, .box_w = 22, .box_h = 20, .ofs_x = 0, .ofs_y = -2},
    {.bitmap_index = 22871, .adv_w = 352, .box_w = 21, .box_h = 20, .ofs_x = 1, .ofs_y = -2},
    {.bitmap_index = 22976, .adv_w = 352, .box_w = 22, .box_h = 22, .ofs_x = 0, .ofs_y = -3},
    {.bitmap_index = 23097, .adv_w = 352, .box_w = 22, .box_h = 21, .ofs_x = 0, .ofs_y = -3},
    {.bitmap_index = 23213, .adv_w = 352, .box_w = 20, .box_h = 21, .ofs_x = 1, .ofs_y = -2},
    {.bitmap_index = 23318, .adv_w = 352, .box_w = 21, .box_h = 20, .ofs_x = 0, .ofs_y = -2},
    {.bitmap_index = 23423, .adv_w = 352, .box_w = 21, .box_h = 20, .ofs_x = 0, .ofs_y = -2},
    {.bitmap_index = 23528, .adv_w = 352, .box_w = 22, .box_h = 21, .ofs_x = 0, .ofs_y = -2},
    {.bitmap_index = 23644, .adv_w = 352, .box_w = 21, .box_h = 21, .ofs_x = 0, .ofs_y = -2},
    {.bitmap_index = 23755, .adv_w = 352, .box_w = 21, .box_h = 22, .ofs_x = 0, .ofs_y = -3},
    {.bitmap_index = 23871, .adv_w = 352, .box_w = 22, .box_h = 22, .ofs_x = 0, .ofs_y = -3},
    {.bitmap_index = 23992, .adv_w = 352, .box_w = 21, .box_h = 21, .ofs_x = 0, .ofs_y = -3},
    {.bitmap_index = 24103, .adv_w = 352, .box_w = 21, .box_h = 20, .ofs_x = 0, .ofs_y = -2},
    {.bitmap_index = 24208, .adv_w = 352, .box_w = 21, .box_h = 20, .ofs_x = 1, .ofs_y = -2},
    {.bitmap_index = 24313, .adv_w = 352, .box_w = 22, .box_h = 22, .ofs_x = 0, .ofs_y = -3},
    {.bitmap_index = 24434, .adv_w = 352, .box_w = 22, .box_h = 20, .ofs_x = 0, .ofs_y = -2},
    {.bitmap_index = 24544, .adv_w = 352, .box_w = 21, .box_h = 21, .ofs_x = 0, .ofs_y = -3},
    {.bitmap_index = 24655, .adv_w = 352, .box_w = 21, .box_h = 22, .ofs_x = 0, .ofs_y = -3},
    {.bitmap_index = 24771, .adv_w = 352, .box_w = 22, .box_h = 21, .ofs_x = 0, .ofs_y = -3},
    {.bitmap_index = 24887, .adv_w = 352, .box_w = 22, .box_h = 22, .ofs_x = 0, .ofs_y = -3},
    {.bitmap_index = 25008, .adv_w = 352, .box_w = 21, .box_h = 22, .ofs_x = 0, .ofs_y = -3},
    {.bitmap_index = 25124, .adv_w = 352, .box_w = 21, .box_h = 21, .ofs_x = 0, .ofs_y = -2},
    {.bitmap_index = 25235, .adv_w = 352, .box_w = 21, .box_h = 20, .ofs_x = 0, .ofs_y = -2},
    {.bitmap_index = 25340, .adv_w = 352, .box_w = 22, .box_h = 21, .ofs_x = 0, .ofs_y = -3},
    {.bitmap_index = 25456, .adv_w = 352, .box_w = 22, .box_h = 21, .ofs_x = 0, .ofs_y = -2},
    {.bitmap_index = 25572, .adv_w = 352, .box_w = 21, .box_h = 20, .ofs_x = 0, .ofs_y = -2},
    {.bitmap_index = 25677, .adv_w = 352, .box_w = 21, .box_h = 21, .ofs_x = 0, .ofs_y = -3},
    {.bitmap_index = 25788, .adv_w = 352, .box_w = 21, .box_h = 22, .ofs_x = 1, .ofs_y = -3},
    {.bitmap_index = 25904, .adv_w = 352, .box_w = 22, .box_h = 22, .ofs_x = 0, .ofs_y = -3},
    {.bitmap_index = 26025, .adv_w = 352, .box_w = 22, .box_h = 22, .ofs_x = 0, .ofs_y = -3},
    {.bitmap_index = 26146, .adv_w = 352, .box_w = 22, .box_h = 22, .ofs_x = 0, .ofs_y = -3},
    {.bitmap_index = 26267, .adv_w = 352, .box_w = 21, .box_h = 21, .ofs_x = 0, .ofs_y = -3},
    {.bitmap_index = 26378, .adv_w = 352, .box_w = 21, .box_h = 20, .ofs_x = 1, .ofs_y = -2},
    {.bitmap_index = 26483, .adv_w = 352, .box_w = 21, .box_h = 21, .ofs_x = 0, .ofs_y = -2},
    {.bitmap_index = 26594, .adv_w = 352, .box_w = 20, .box_h = 21, .ofs_x = 1, .ofs_y = -2},
    {.bitmap_index = 26699, .adv_w = 352, .box_w = 21, .box_h = 22, .ofs_x = 0, .ofs_y = -3},
    {.bitmap_index = 26815, .adv_w = 352, .box_w = 20, .box_h = 22, .ofs_x = 1, .ofs_y = -3},
    {.bitmap_index = 26925, .adv_w = 352, .box_w = 21, .box_h = 20, .ofs_x = 0, .ofs_y = -3},
    {.bitmap_index = 27030, .adv_w = 352, .box_w = 15, .box_h = 20, .ofs_x = 4, .ofs_y = -3},
    {.bitmap_index = 27105, .adv_w = 352, .box_w = 21, .box_h = 20, .ofs_x = 1, .ofs_y = -2},
    {.bitmap_index = 27210, .adv_w = 352, .box_w = 20, .box_h = 19, .ofs_x = 1, .ofs_y = -2},
    {.bitmap_index = 27305, .adv_w = 352, .box_w = 20, .box_h = 19, .ofs_x = 1, .ofs_y = -2},
    {.bitmap_index = 27400, .adv_w = 352, .box_w = 20, .box_h = 21, .ofs_x = 1, .ofs_y = -2},
    {.bitmap_index = 27505, .adv_w = 352, .box_w = 20, .box_h = 21, .ofs_x = 1, .ofs_y = -2},
    {.bitmap_index = 27610, .adv_w = 352, .box_w = 21, .box_h = 20, .ofs_x = 1, .ofs_y = -3},
    {.bitmap_index = 27715, .adv_w = 352, .box_w = 21, .box_h = 20, .ofs_x = 1, .ofs_y = -3},
    {.bitmap_index = 27820, .adv_w = 352, .box_w = 17, .box_h = 20, .ofs_x = 2, .ofs_y = -3},
    {.bitmap_index = 27905, .adv_w = 352, .box_w = 21, .box_h = 21, .ofs_x = 0, .ofs_y = -2},
    {.bitmap_index = 28016, .adv_w = 352, .box_w = 21, .box_h = 21, .ofs_x = 0, .ofs_y = -3},
    {.bitmap_index = 28127, .adv_w = 352, .box_w = 21, .box_h = 20, .ofs_x = 0, .ofs_y = -2},
    {.bitmap_index = 28232, .adv_w = 352, .box_w = 21, .box_h = 20, .ofs_x = 0, .ofs_y = -2},
    {.bitmap_index = 28337, .adv_w = 352, .box_w = 22, .box_h = 21, .ofs_x = 0, .ofs_y = -3},
    {.bitmap_index = 28453, .adv_w = 352, .box_w = 21, .box_h = 20, .ofs_x = 0, .ofs_y = -2},
    {.bitmap_index = 28558, .adv_w = 352, .box_w = 21, .box_h = 21, .ofs_x = 0, .ofs_y = -2},
    {.bitmap_index = 28669, .adv_w = 352, .box_w = 22, .box_h = 20, .ofs_x = 0, .ofs_y = -2},
    {.bitmap_index = 28779, .adv_w = 352, .box_w = 21, .box_h = 21, .ofs_x = 0, .ofs_y = -3},
    {.bitmap_index = 28890, .adv_w = 352, .box_w = 22, .box_h = 21, .ofs_x = 0, .ofs_y = -3},
    {.bitmap_index = 29006, .adv_w = 352, .box_w = 21, .box_h = 20, .ofs_x = 1, .ofs_y = -2},
    {.bitmap_index = 29111, .adv_w = 352, .box_w = 22, .box_h = 20, .ofs_x = 0, .ofs_y = -2},
    {.bitmap_index = 29221, .adv_w = 352, .box_w = 22, .box_h = 21, .ofs_x = 0, .ofs_y = -2},
    {.bitmap_index = 29337, .adv_w = 352, .box_w = 22, .box_h = 22, .ofs_x = 0, .ofs_y = -3},
    {.bitmap_index = 29458, .adv_w = 352, .box_w = 22, .box_h = 20, .ofs_x = 0, .ofs_y = -2},
    {.bitmap_index = 29568, .adv_w = 352, .box_w = 21, .box_h = 20, .ofs_x = 0, .ofs_y = -2},
    {.bitmap_index = 29673, .adv_w = 352, .box_w = 22, .box_h = 21, .ofs_x = 0, .ofs_y = -3},
    {.bitmap_index = 29789, .adv_w = 352, .box_w = 22, .box_h = 22, .ofs_x = 0, .ofs_y = -3},
    {.bitmap_index = 29910, .adv_w = 352, .box_w = 21, .box_h = 21, .ofs_x = 1, .ofs_y = -3},
    {.bitmap_index = 30021, .adv_w = 352, .box_w = 20, .box_h = 20, .ofs_x = 1, .ofs_y = -2},
    {.bitmap_index = 30121, .adv_w = 352, .box_w = 20, .box_h = 19, .ofs_x = 1, .ofs_y = -2},
    {.bitmap_index = 30216, .adv_w = 352, .box_w = 21, .box_h = 20, .ofs_x = 0, .ofs_y = -2},
    {.bitmap_index = 30321, .adv_w = 352, .box_w = 20, .box_h = 21, .ofs_x = 1, .ofs_y = -3},
    {.bitmap_index = 30426, .adv_w = 352, .box_w = 20, .box_h = 21, .ofs_x = 1, .ofs_y = -3},
    {.bitmap_index = 30531, .adv_w = 352, .box_w = 22, .box_h = 22, .ofs_x = 0, .ofs_y = -3},
    {.bitmap_index = 30652, .adv_w = 352, .box_w = 22, .box_h = 20, .ofs_x = 0, .ofs_y = -2},
    {.bitmap_index = 30762, .adv_w = 352, .box_w = 21, .box_h = 20, .ofs_x = 0, .ofs_y = -2},
    {.bitmap_index = 30867, .adv_w = 352, .box_w = 22, .box_h = 21, .ofs_x = 0, .ofs_y = -3},
    {.bitmap_index = 30983, .adv_w = 352, .box_w = 22, .box_h = 21, .ofs_x = 0, .ofs_y = -3},
    {.bitmap_index = 31099, .adv_w = 352, .box_w = 21, .box_h = 20, .ofs_x = 1, .ofs_y = -2},
    {.bitmap_index = 31204, .adv_w = 352, .box_w = 21, .box_h = 22, .ofs_x = 1, .ofs_y = -3},
    {.bitmap_index = 31320, .adv_w = 352, .box_w = 21, .box_h = 21, .ofs_x = 1, .ofs_y = -3},
    {.bitmap_index = 31431, .adv_w = 352, .box_w = 21, .box_h = 21, .ofs_x = 0, .ofs_y = -3},
    {.bitmap_index = 31542, .adv_w = 352, .box_w = 21, .box_h = 21, .ofs_x = 0, .ofs_y = -2},
    {.bitmap_index = 31653, .adv_w = 352, .box_w = 20, .box_h = 21, .ofs_x = 1, .ofs_y = -3},
    {.bitmap_index = 31758, .adv_w = 352, .box_w = 21, .box_h = 20, .ofs_x = 0, .ofs_y = -2},
    {.bitmap_index = 31863, .adv_w = 352, .box_w = 21, .box_h = 21, .ofs_x = 0, .ofs_y = -3},
    {.bitmap_index = 31974, .adv_w = 352, .box_w = 22, .box_h = 21, .ofs_x = 0, .ofs_y = -3},
    {.bitmap_index = 32090, .adv_w = 352, .box_w = 21, .box_h = 21, .ofs_x = 1, .ofs_y = -3},
    {.bitmap_index = 32201, .adv_w = 352, .box_w = 21, .box_h = 21, .ofs_x = 1, .ofs_y = -3},
    {.bitmap_index = 32312, .adv_w = 352, .box_w = 21, .box_h = 20, .ofs_x = 1, .ofs_y = -3},
    {.bitmap_index = 32417, .adv_w = 352, .box_w = 21, .box_h = 22, .ofs_x = 0, .ofs_y = -3},
    {.bitmap_index = 32533, .adv_w = 352, .box_w = 20, .box_h = 20, .ofs_x = 1, .ofs_y = -2},
    {.bitmap_index = 32633, .adv_w = 352, .box_w = 22, .box_h = 22, .ofs_x = 0, .ofs_y = -3},
    {.bitmap_index = 32754, .adv_w = 352, .box_w = 21, .box_h = 19, .ofs_x = 0, .ofs_y = -2},
    {.bitmap_index = 32854, .adv_w = 352, .box_w = 21, .box_h = 21, .ofs_x = 0, .ofs_y = -2},
    {.bitmap_index = 32965, .adv_w = 352, .box_w = 21, .box_h = 22, .ofs_x = 1, .ofs_y = -3},
    {.bitmap_index = 33081, .adv_w = 352, .box_w = 20, .box_h = 21, .ofs_x = 1, .ofs_y = -2},
    {.bitmap_index = 33186, .adv_w = 352, .box_w = 22, .box_h = 19, .ofs_x = 0, .ofs_y = -2},
    {.bitmap_index = 33291, .adv_w = 352, .box_w = 22, .box_h = 20, .ofs_x = 0, .ofs_y = -3},
    {.bitmap_index = 33401, .adv_w = 352, .box_w = 20, .box_h = 20, .ofs_x = 0, .ofs_y = -3},
    {.bitmap_index = 33501, .adv_w = 352, .box_w = 18, .box_h = 20, .ofs_x = 2, .ofs_y = -2},
    {.bitmap_index = 33591, .adv_w = 352, .box_w = 20, .box_h = 20, .ofs_x = 2, .ofs_y = -2},
    {.bitmap_index = 33691, .adv_w = 352, .box_w = 20, .box_h = 21, .ofs_x = 1, .ofs_y = -3},
    {.bitmap_index = 33796, .adv_w = 352, .box_w = 16, .box_h = 22, .ofs_x = 3, .ofs_y = -3},
    {.bitmap_index = 33884, .adv_w = 352, .box_w = 20, .box_h = 21, .ofs_x = 1, .ofs_y = -2},
    {.bitmap_index = 33989, .adv_w = 352, .box_w = 16, .box_h = 19, .ofs_x = 3, .ofs_y = -2},
    {.bitmap_index = 34065, .adv_w = 352, .box_w = 20, .box_h = 20, .ofs_x = 1, .ofs_y = -2},
    {.bitmap_index = 34165, .adv_w = 352, .box_w = 21, .box_h = 21, .ofs_x = 0, .ofs_y = -2},
    {.bitmap_index = 34276, .adv_w = 352, .box_w = 21, .box_h = 19, .ofs_x = 1, .ofs_y = -2},
    {.bitmap_index = 34376, .adv_w = 352, .box_w = 21, .box_h = 20, .ofs_x = 0, .ofs_y = -2},
    {.bitmap_index = 34481, .adv_w = 352, .box_w = 22, .box_h = 20, .ofs_x = 0, .ofs_y = -2},
    {.bitmap_index = 34591, .adv_w = 352, .box_w = 21, .box_h = 19, .ofs_x = 0, .ofs_y = -2},
    {.bitmap_index = 34691, .adv_w = 352, .box_w = 22, .box_h = 20, .ofs_x = 0, .ofs_y = -3},
    {.bitmap_index = 34801, .adv_w = 352, .box_w = 22, .box_h = 21, .ofs_x = 0, .ofs_y = -2},
    {.bitmap_index = 34917, .adv_w = 352, .box_w = 21, .box_h = 19, .ofs_x = 1, .ofs_y = -2},
    {.bitmap_index = 35017, .adv_w = 352, .box_w = 20, .box_h = 21, .ofs_x = 1, .ofs_y = -2},
    {.bitmap_index = 35122, .adv_w = 352, .box_w = 21, .box_h = 21, .ofs_x = 0, .ofs_y = -3},
    {.bitmap_index = 35233, .adv_w = 352, .box_w = 21, .box_h = 22, .ofs_x = 0, .ofs_y = -3},
    {.bitmap_index = 35349, .adv_w = 352, .box_w = 21, .box_h = 20, .ofs_x = 0, .ofs_y = -2},
    {.bitmap_index = 35454, .adv_w = 352, .box_w = 21, .box_h = 22, .ofs_x = 0, .ofs_y = -3},
    {.bitmap_index = 35570, .adv_w = 352, .box_w = 20, .box_h = 21, .ofs_x = 1, .ofs_y = -2},
    {.bitmap_index = 35675, .adv_w = 352, .box_w = 21, .box_h = 21, .ofs_x = 1, .ofs_y = -3},
    {.bitmap_index = 35786, .adv_w = 352, .box_w = 21, .box_h = 21, .ofs_x = 0, .ofs_y = -2},
    {.bitmap_index = 35897, .adv_w = 352, .box_w = 21, .box_h = 21, .ofs_x = 0, .ofs_y = -2},
    {.bitmap_index = 36008, .adv_w = 352, .box_w = 20, .box_h = 22, .ofs_x = 1, .ofs_y = -3},
    {.bitmap_index = 36118, .adv_w = 352, .box_w = 22, .box_h = 21, .ofs_x = 0, .ofs_y = -2},
    {.bitmap_index = 36234, .adv_w = 352, .box_w = 21, .box_h = 20, .ofs_x = 0, .ofs_y = -2},
    {.bitmap_index = 36339, .adv_w = 352, .box_w = 21, .box_h = 20, .ofs_x = 0, .ofs_y = -2},
    {.bitmap_index = 36444, .adv_w = 352, .box_w = 21, .box_h = 20, .ofs_x = 0, .ofs_y = -2},
    {.bitmap_index = 36549, .adv_w = 352, .box_w = 21, .box_h = 20, .ofs_x = 1, .ofs_y = -2},
    {.bitmap_index = 36654, .adv_w = 352, .box_w = 20, .box_h = 19, .ofs_x = 1, .ofs_y = -2},
    {.bitmap_index = 36749, .adv_w = 352, .box_w = 22, .box_h = 21, .ofs_x = 0, .ofs_y = -2},
    {.bitmap_index = 36865, .adv_w = 352, .box_w = 21, .box_h = 22, .ofs_x = 0, .ofs_y = -3},
    {.bitmap_index = 36981, .adv_w = 352, .box_w = 21, .box_h = 21, .ofs_x = 0, .ofs_y = -2},
    {.bitmap_index = 37092, .adv_w = 352, .box_w = 21, .box_h = 21, .ofs_x = 0, .ofs_y = -2},
    {.bitmap_index = 37203, .adv_w = 352, .box_w = 22, .box_h = 22, .ofs_x = 0, .ofs_y = -3},
    {.bitmap_index = 37324, .adv_w = 352, .box_w = 21, .box_h = 20, .ofs_x = 1, .ofs_y = -2},
    {.bitmap_index = 37429, .adv_w = 352, .box_w = 22, .box_h = 21, .ofs_x = 0, .ofs_y = -2},
    {.bitmap_index = 37545, .adv_w = 352, .box_w = 22, .box_h = 21, .ofs_x = 0, .ofs_y = -2},
    {.bitmap_index = 37661, .adv_w = 352, .box_w = 22, .box_h = 22, .ofs_x = 0, .ofs_y = -3},
    {.bitmap_index = 37782, .adv_w = 352, .box_w = 22, .box_h = 21, .ofs_x = 0, .ofs_y = -2},
    {.bitmap_index = 37898, .adv_w = 352, .box_w = 22, .box_h = 21, .ofs_x = 0, .ofs_y = -2},
    {.bitmap_index = 38014, .adv_w = 352, .box_w = 22, .box_h = 22, .ofs_x = 0, .ofs_y = -3},
    {.bitmap_index = 38135, .adv_w = 352, .box_w = 22, .box_h = 20, .ofs_x = 0, .ofs_y = -2},
    {.bitmap_index = 38245, .adv_w = 352, .box_w = 22, .box_h = 20, .ofs_x = 0, .ofs_y = -2},
    {.bitmap_index = 38355, .adv_w = 352, .box_w = 21, .box_h = 21, .ofs_x = 0, .ofs_y = -2},
    {.bitmap_index = 38466, .adv_w = 352, .box_w = 18, .box_h = 19, .ofs_x = 2, .ofs_y = -2},
    {.bitmap_index = 38552, .adv_w = 352, .box_w = 19, .box_h = 20, .ofs_x = 1, .ofs_y = -3},
    {.bitmap_index = 38647, .adv_w = 352, .box_w = 20, .box_h = 19, .ofs_x = 1, .ofs_y = -2},
    {.bitmap_index = 38742, .adv_w = 352, .box_w = 21, .box_h = 20, .ofs_x = 0, .ofs_y = -2},
    {.bitmap_index = 38847, .adv_w = 352, .box_w = 21, .box_h = 21, .ofs_x = 0, .ofs_y = -2},
    {.bitmap_index = 38958, .adv_w = 352, .box_w = 21, .box_h = 21, .ofs_x = 0, .ofs_y = -2},
    {.bitmap_index = 39069, .adv_w = 352, .box_w = 21, .box_h = 21, .ofs_x = 0, .ofs_y = -2},
    {.bitmap_index = 39180, .adv_w = 352, .box_w = 16, .box_h = 21, .ofs_x = 3, .ofs_y = -2},
    {.bitmap_index = 39264, .adv_w = 352, .box_w = 22, .box_h = 21, .ofs_x = 0, .ofs_y = -3},
    {.bitmap_index = 39380, .adv_w = 352, .box_w = 21, .box_h = 21, .ofs_x = 0, .ofs_y = -3},
    {.bitmap_index = 39491, .adv_w = 352, .box_w = 20, .box_h = 20, .ofs_x = 1, .ofs_y = -2},
    {.bitmap_index = 39591, .adv_w = 352, .box_w = 21, .box_h = 20, .ofs_x = 0, .ofs_y = -2},
    {.bitmap_index = 39696, .adv_w = 352, .box_w = 21, .box_h = 20, .ofs_x = 0, .ofs_y = -2},
    {.bitmap_index = 39801, .adv_w = 352, .box_w = 22, .box_h = 20, .ofs_x = 0, .ofs_y = -2},
    {.bitmap_index = 39911, .adv_w = 352, .box_w = 22, .box_h = 21, .ofs_x = 0, .ofs_y = -2},
    {.bitmap_index = 40027, .adv_w = 352, .box_w = 22, .box_h = 20, .ofs_x = 0, .ofs_y = -2},
    {.bitmap_index = 40137, .adv_w = 352, .box_w = 21, .box_h = 22, .ofs_x = 0, .ofs_y = -3},
    {.bitmap_index = 40253, .adv_w = 352, .box_w = 21, .box_h = 22, .ofs_x = 0, .ofs_y = -3},
    {.bitmap_index = 40369, .adv_w = 352, .box_w = 21, .box_h = 21, .ofs_x = 0, .ofs_y = -3},
    {.bitmap_index = 40480, .adv_w = 352, .box_w = 22, .box_h = 22, .ofs_x = 0, .ofs_y = -3},
    {.bitmap_index = 40601, .adv_w = 352, .box_w = 20, .box_h = 19, .ofs_x = 1, .ofs_y = -2},
    {.bitmap_index = 40696, .adv_w = 352, .box_w = 21, .box_h = 21, .ofs_x = 0, .ofs_y = -3},
    {.bitmap_index = 40807, .adv_w = 352, .box_w = 22, .box_h = 21, .ofs_x = 0, .ofs_y = -3},
    {.bitmap_index = 40923, .adv_w = 352, .box_w = 20, .box_h = 22, .ofs_x = 1, .ofs_y = -3},
    {.bitmap_index = 41033, .adv_w = 352, .box_w = 22, .box_h = 22, .ofs_x = 0, .ofs_y = -3},
    {.bitmap_index = 41154, .adv_w = 352, .box_w = 22, .box_h = 20, .ofs_x = 0, .ofs_y = -2},
    {.bitmap_index = 41264, .adv_w = 352, .box_w = 22, .box_h = 21, .ofs_x = 0, .ofs_y = -3},
    {.bitmap_index = 41380, .adv_w = 352, .box_w = 22, .box_h = 21, .ofs_x = 0, .ofs_y = -3},
    {.bitmap_index = 41496, .adv_w = 352, .box_w = 21, .box_h = 21, .ofs_x = 1, .ofs_y = -3},
    {.bitmap_index = 41607, .adv_w = 352, .box_w = 22, .box_h = 20, .ofs_x = 0, .ofs_y = -2},
    {.bitmap_index = 41717, .adv_w = 352, .box_w = 21, .box_h = 20, .ofs_x = 0, .ofs_y = -2},
    {.bitmap_index = 41822, .adv_w = 352, .box_w = 22, .box_h = 22, .ofs_x = 0, .ofs_y = -3},
    {.bitmap_index = 41943, .adv_w = 352, .box_w = 21, .box_h = 20, .ofs_x = 0, .ofs_y = -2},
    {.bitmap_index = 42048, .adv_w = 352, .box_w = 22, .box_h = 21, .ofs_x = 1, .ofs_y = -3},
    {.bitmap_index = 42164, .adv_w = 352, .box_w = 20, .box_h = 22, .ofs_x = 1, .ofs_y = -3},
    {.bitmap_index = 42274, .adv_w = 352, .box_w = 22, .box_h = 21, .ofs_x = 0, .ofs_y = -3},
    {.bitmap_index = 42390, .adv_w = 352, .box_w = 22, .box_h = 21, .ofs_x = 0, .ofs_y = -3},
    {.bitmap_index = 42506, .adv_w = 352, .box_w = 21, .box_h = 20, .ofs_x = 0, .ofs_y = -3},
    {.bitmap_index = 42611, .adv_w = 352, .box_w = 21, .box_h = 20, .ofs_x = 1, .ofs_y = -2},
    {.bitmap_index = 42716, .adv_w = 352, .box_w = 22, .box_h = 21, .ofs_x = 0, .ofs_y = -3},
    {.bitmap_index = 42832, .adv_w = 352, .box_w = 21, .box_h = 20, .ofs_x = 0, .ofs_y = -2},
    {.bitmap_index = 42937, .adv_w = 352, .box_w = 21, .box_h = 22, .ofs_x = 1, .ofs_y = -3},
    {.bitmap_index = 43053, .adv_w = 352, .box_w = 21, .box_h = 21, .ofs_x = 1, .ofs_y = -3},
    {.bitmap_index = 43164, .adv_w = 352, .box_w = 21, .box_h = 22, .ofs_x = 1, .ofs_y = -3},
    {.bitmap_index = 43280, .adv_w = 352, .box_w = 21, .box_h = 21, .ofs_x = 0, .ofs_y = -3},
    {.bitmap_index = 43391, .adv_w = 352, .box_w = 22, .box_h = 21, .ofs_x = 0, .ofs_y = -2},
    {.bitmap_index = 43507, .adv_w = 352, .box_w = 21, .box_h = 21, .ofs_x = 1, .ofs_y = -3},
    {.bitmap_index = 43618, .adv_w = 352, .box_w = 21, .box_h = 22, .ofs_x = 1, .ofs_y = -3},
    {.bitmap_index = 43734, .adv_w = 352, .box_w = 20, .box_h = 21, .ofs_x = 1, .ofs_y = -3},
    {.bitmap_index = 43839, .adv_w = 352, .box_w = 21, .box_h = 22, .ofs_x = 1, .ofs_y = -3},
    {.bitmap_index = 43955, .adv_w = 352, .box_w = 21, .box_h = 22, .ofs_x = 1, .ofs_y = -3},
    {.bitmap_index = 44071, .adv_w = 352, .box_w = 20, .box_h = 21, .ofs_x = 1, .ofs_y = -3},
    {.bitmap_index = 44176, .adv_w = 352, .box_w = 21, .box_h = 22, .ofs_x = 1, .ofs_y = -3},
    {.bitmap_index = 44292, .adv_w = 352, .box_w = 21, .box_h = 22, .ofs_x = 1, .ofs_y = -3},
    {.bitmap_index = 44408, .adv_w = 352, .box_w = 21, .box_h = 22, .ofs_x = 1, .ofs_y = -3},
    {.bitmap_index = 44524, .adv_w = 352, .box_w = 21, .box_h = 21, .ofs_x = 1, .ofs_y = -3},
    {.bitmap_index = 44635, .adv_w = 352, .box_w = 21, .box_h = 21, .ofs_x = 1, .ofs_y = -3},
    {.bitmap_index = 44746, .adv_w = 352, .box_w = 21, .box_h = 22, .ofs_x = 1, .ofs_y = -3},
    {.bitmap_index = 44862, .adv_w = 352, .box_w = 21, .box_h = 21, .ofs_x = 1, .ofs_y = -3},
    {.bitmap_index = 44973, .adv_w = 352, .box_w = 21, .box_h = 21, .ofs_x = 1, .ofs_y = -3},
    {.bitmap_index = 45084, .adv_w = 352, .box_w = 21, .box_h = 21, .ofs_x = 1, .ofs_y = -3},
    {.bitmap_index = 45195, .adv_w = 352, .box_w = 21, .box_h = 21, .ofs_x = 1, .ofs_y = -3},
    {.bitmap_index = 45306, .adv_w = 352, .box_w = 21, .box_h = 22, .ofs_x = 0, .ofs_y = -3},
    {.bitmap_index = 45422, .adv_w = 352, .box_w = 22, .box_h = 20, .ofs_x = 0, .ofs_y = -2},
    {.bitmap_index = 45532, .adv_w = 352, .box_w = 22, .box_h = 20, .ofs_x = 0, .ofs_y = -2},
    {.bitmap_index = 45642, .adv_w = 352, .box_w = 20, .box_h = 19, .ofs_x = 1, .ofs_y = -2},
    {.bitmap_index = 45737, .adv_w = 352, .box_w = 20, .box_h = 20, .ofs_x = 1, .ofs_y = -2},
    {.bitmap_index = 45837, .adv_w = 352, .box_w = 20, .box_h = 20, .ofs_x = 1, .ofs_y = -2},
    {.bitmap_index = 45937, .adv_w = 352, .box_w = 21, .box_h = 20, .ofs_x = 1, .ofs_y = -2},
    {.bitmap_index = 46042, .adv_w = 352, .box_w = 21, .box_h = 21, .ofs_x = 0, .ofs_y = -2},
    {.bitmap_index = 46153, .adv_w = 352, .box_w = 22, .box_h = 21, .ofs_x = 0, .ofs_y = -3},
    {.bitmap_index = 46269, .adv_w = 352, .box_w = 22, .box_h = 22, .ofs_x = 0, .ofs_y = -3},
    {.bitmap_index = 46390, .adv_w = 352, .box_w = 21, .box_h = 20, .ofs_x = 1, .ofs_y = -2},
    {.bitmap_index = 46495, .adv_w = 352, .box_w = 20, .box_h = 21, .ofs_x = 1, .ofs_y = -2},
    {.bitmap_index = 46600, .adv_w = 352, .box_w = 20, .box_h = 21, .ofs_x = 1, .ofs_y = -2},
    {.bitmap_index = 46705, .adv_w = 352, .box_w = 20, .box_h = 21, .ofs_x = 1, .ofs_y = -2},
    {.bitmap_index = 46810, .adv_w = 352, .box_w = 20, .box_h = 20, .ofs_x = 1, .ofs_y = -2},
    {.bitmap_index = 46910, .adv_w = 352, .box_w = 21, .box_h = 22, .ofs_x = 1, .ofs_y = -3},
    {.bitmap_index = 47026, .adv_w = 352, .box_w = 21, .box_h = 21, .ofs_x = 1, .ofs_y = -3},
    {.bitmap_index = 47137, .adv_w = 352, .box_w = 21, .box_h = 20, .ofs_x = 1, .ofs_y = -2},
    {.bitmap_index = 47242, .adv_w = 352, .box_w = 21, .box_h = 20, .ofs_x = 0, .ofs_y = -3},
    {.bitmap_index = 47347, .adv_w = 352, .box_w = 21, .box_h = 22, .ofs_x = 1, .ofs_y = -3},
    {.bitmap_index = 47463, .adv_w = 352, .box_w = 20, .box_h = 19, .ofs_x = 1, .ofs_y = -2},
    {.bitmap_index = 47558, .adv_w = 352, .box_w = 20, .box_h = 20, .ofs_x = 1, .ofs_y = -3},
    {.bitmap_index = 47658, .adv_w = 352, .box_w = 21, .box_h = 21, .ofs_x = 1, .ofs_y = -3},
    {.bitmap_index = 47769, .adv_w = 352, .box_w = 21, .box_h = 21, .ofs_x = 0, .ofs_y = -3},
    {.bitmap_index = 47880, .adv_w = 352, .box_w = 21, .box_h = 21, .ofs_x = 0, .ofs_y = -3},
    {.bitmap_index = 47991, .adv_w = 352, .box_w = 22, .box_h = 20, .ofs_x = 0, .ofs_y = -2},
    {.bitmap_index = 48101, .adv_w = 352, .box_w = 22, .box_h = 20, .ofs_x = 0, .ofs_y = -2},
    {.bitmap_index = 48211, .adv_w = 352, .box_w = 20, .box_h = 20, .ofs_x = 1, .ofs_y = -2},
    {.bitmap_index = 48311, .adv_w = 352, .box_w = 20, .box_h = 20, .ofs_x = 1, .ofs_y = -2},
    {.bitmap_index = 48411, .adv_w = 352, .box_w = 20, .box_h = 20, .ofs_x = 1, .ofs_y = -3},
    {.bitmap_index = 48511, .adv_w = 352, .box_w = 4, .box_h = 16, .ofs_x = 3, .ofs_y = 0},
    {.bitmap_index = 48527, .adv_w = 352, .box_w = 7, .box_h = 20, .ofs_x = 14, .ofs_y = -2},
    {.bitmap_index = 48562, .adv_w = 352, .box_w = 7, .box_h = 20, .ofs_x = 1, .ofs_y = -2},
    {.bitmap_index = 48597, .adv_w = 352, .box_w = 4, .box_h = 9, .ofs_x = 2, .ofs_y = -5},
    {.bitmap_index = 48606, .adv_w = 352, .box_w = 5, .box_h = 12, .ofs_x = 3, .ofs_y = 2},
    {.bitmap_index = 48621, .adv_w = 352, .box_w = 5, .box_h = 17, .ofs_x = 3, .ofs_y = -3},
    {.bitmap_index = 48643, .adv_w = 352, .box_w = 11, .box_h = 17, .ofs_x = 0, .ofs_y = 0}
};

/*---------------------
 *  CHARACTER MAPPING
 *--------------------*/

static const uint16_t unicode_list_1[] = {
    0x0, 0x1, 0x7, 0x27, 0x47, 0x1f64, 0x1f76, 0x2053,
    0x20e0, 0x20e1, 0x20e2, 0x20e3, 0x251f, 0x2663, 0x2f51, 0x2f52,
    0x4d50, 0x4d59, 0x4d5a, 0x4d5b, 0x4d5d, 0x4d5e, 0x4d6c, 0x4d75,
    0x4d7a, 0x4d7d, 0x4d8a, 0x4d99, 0x4db6, 0x4dd6, 0x4ddc, 0x4dde,
    0x4de4, 0x4df7, 0x4dfe, 0x4e15, 0x4e1d, 0x4e1e, 0x4e3a, 0x4e46,
    0x4e4d, 0x4e61, 0x4e6a, 0x4e70, 0x4e88, 0x4e9d, 0x4e9e, 0x4ea3,
    0x4ea9, 0x4eac, 0x4f2d, 0x4f31, 0x4f8c, 0x4f8e, 0x4f9f, 0x4fac,
    0x4ff8, 0x5095, 0x5098, 0x5099, 0x50b5, 0x50b8, 0x50bc, 0x50bd,
    0x50c1, 0x50c3, 0x50c6, 0x50c7, 0x50d5, 0x50dd, 0x50e9, 0x5116,
    0x514a, 0x514b, 0x5156, 0x5162, 0x5167, 0x5170, 0x5180, 0x5186,
    0x519d, 0x51a6, 0x51b9, 0x51ef, 0x51f0, 0x51f8, 0x524e, 0x524f,
    0x5266, 0x5267, 0x528a, 0x5291, 0x5297, 0x52a5, 0x52a7, 0x52b0,
    0x52b1, 0x52bb, 0x52c3, 0x52c7, 0x52d2, 0x52d6, 0x52db, 0x52ef,
    0x530b, 0x5312, 0x531d, 0x5321, 0x5326, 0x5328, 0x5333, 0x533f,
    0x5342, 0x5343, 0x5347, 0x5358, 0x535c, 0x535d, 0x535e, 0x5361,
    0x537c, 0x537f, 0x53b8, 0x53cd, 0x5474, 0x55b8, 0x562b, 0x562e,
    0x564a, 0x564e, 0x5656, 0x5658, 0x5678, 0x5680, 0x5697, 0x569f,
    0x56a0, 0x56b1, 0x5756, 0x5857, 0x585d, 0x5866, 0x586c, 0x5877,
    0x5881, 0x5884, 0x591b, 0x5aa7, 0x5aa8, 0x5adc, 0x5aea, 0x5b49,
    0x5b4c, 0x5b56, 0x5b5f, 0x5b81, 0x5b8d, 0x5b9f, 0x5c40, 0x5d35,
    0x5d36, 0x5d42, 0x5d76, 0x5d88, 0x5dc3, 0x5dc6, 0x5ddf, 0x5de4,
    0x5df6, 0x5e46, 0x5e4a, 0x5e50, 0x5e5f, 0x5e8a, 0x5ea2, 0x5ea3,
    0x5ea5, 0x5eb2, 0x5ed0, 0x5ed4, 0x5ed5, 0x5f13, 0x5f3b, 0x5f51,
    0x5f6d, 0x5f75, 0x5f8b, 0x5fb2, 0x6030, 0x606f, 0x6160, 0x6166,
    0x619b, 0x61a3, 0x61bb, 0x61ce, 0x61e8, 0x61f4, 0x6224, 0x622f,
    0x6239, 0x624f, 0x6251, 0x6252, 0x6257, 0x6259, 0x62be, 0x62d9,
    0x62f5, 0x62f8, 0x631f, 0x636c, 0x63fd, 0x641d, 0x647f, 0x6486,
    0x648e, 0x6498, 0x64c0, 0x64d7, 0x64e7, 0x64ec, 0x64fd, 0x6500,
    0x6509, 0x6530, 0x6535, 0x6546, 0x656f, 0x658e, 0x65be, 0x65d2,
    0x6644, 0x6650, 0x6658, 0x6659, 0x666f, 0x667a, 0x667c, 0x668a,
    0x66af, 0x66b1, 0x66b5, 0x66cf, 0x66d1, 0x6735, 0x6757, 0x6758,
    0x6771, 0x6810, 0x68d2, 0x6971, 0x6a71, 0x6a9c, 0x6ab2, 0x6ab3,
    0x6ab4, 0x6ab5, 0x6b24, 0x6b64, 0x6b84, 0x6b97, 0x6bb0, 0x6bf1,
    0x6c0f, 0x6c25, 0x6c32, 0x6c9b, 0x6cc7, 0x6cd8, 0x6d55, 0x6de0,
    0x6e34, 0x6fc0, 0x7009, 0x70b7, 0x717c, 0x7197, 0x7198, 0x71a9,
    0x71c9, 0x7206, 0x72d7, 0x72ff, 0x7300, 0x7478, 0x7481, 0x7485,
    0x74a9, 0x75cd, 0x7628, 0x763e, 0x7644, 0x765b, 0x7670, 0x7735,
    0x773d, 0x7751, 0x77bc, 0x7811, 0x788a, 0x790b, 0x7922, 0x794b,
    0x795b, 0x795d, 0x79ca, 0x7a29, 0x7a7c, 0x7a99, 0x7ae7, 0x7b01,
    0x7bc3, 0x7be7, 0x7c4b, 0x7c72, 0x7c7f, 0x7df2, 0x7df6, 0x7e0f,
    0x7e14, 0x7e18, 0x7e1f, 0x7e21, 0x7e23, 0x7e2f, 0x7e37, 0x7e3a,
    0x7e3d, 0x7e44, 0x7e4f, 0x7e66, 0x7ea1, 0x7ea7, 0x7ebe, 0x7f51,
    0x7f67, 0x801c, 0x804d, 0x813a, 0x817a, 0x8241, 0x8249, 0x82a0,
    0x832c, 0x842d, 0x8652, 0x870a, 0x879c, 0x87a4, 0x87b8, 0x87fb,
    0x88cf, 0x8914, 0x8916, 0x8918, 0x8933, 0x8af1, 0x8afe, 0x8b00,
    0x8b0e, 0x8b25, 0x8b47, 0x8b4b, 0x8b87, 0x8c75, 0x8c94, 0x8cc7,
    0x8cd5, 0x8d03, 0x8d3f, 0x8d43, 0x8d5f, 0x8eb8, 0x8ebc, 0x8ecd,
    0x8ee1, 0x8ee3, 0x8f0e, 0x8f17, 0x8f20, 0x8f21, 0x8f24, 0x8f28,
    0x8f29, 0x8f2e, 0x8f49, 0x8f51, 0x8f52, 0x8f56, 0x8f59, 0x8f64,
    0x8f6a, 0x8f6f, 0x8fa3, 0x909d, 0x90e2, 0x911c, 0x911d, 0x911f,
    0x93d8, 0x93ef, 0x9451, 0x947e, 0x94cf, 0x953d, 0x9542, 0x9544,
    0x9590, 0x9594, 0x959d, 0x95b4, 0x9646, 0x96a9, 0x96b2, 0x97c5,
    0x97ca, 0x97e1, 0x97e7, 0x99dc, 0x99e1, 0x9a28, 0x9d73, 0x9e21,
    0xfe51, 0xfe58, 0xfe59, 0xfe5c, 0xfe6a, 0xfe6b, 0xfe6f
};

/*Collect the unicode lists and glyph_id offsets*/
static const lv_font_fmt_txt_cmap_t cmaps[] =
{
    {
        .range_start = 32, .range_length = 95, .glyph_id_start = 1,
        .unicode_list = NULL, .glyph_id_ofs_list = NULL, .list_length = 0, .type = LV_FONT_FMT_TXT_CMAP_FORMAT0_TINY
    },
    {
        .range_start = 176, .range_length = 65136, .glyph_id_start = 96,
        .unicode_list = unicode_list_1, .glyph_id_ofs_list = NULL, .list_length = 431, .type = LV_FONT_FMT_TXT_CMAP_SPARSE_TINY
    }
};



/*--------------------
 *  ALL CUSTOM DATA
 *--------------------*/

#if LVGL_VERSION_MAJOR == 8
/*Store all the custom data of the font*/
static  lv_font_fmt_txt_glyph_cache_t cache;
#endif

#if LVGL_VERSION_MAJOR >= 8
static const lv_font_fmt_txt_dsc_t font_dsc = {
#else
static lv_font_fmt_txt_dsc_t font_dsc = {
#endif
    .glyph_bitmap = glyph_bitmap,
    .glyph_dsc = glyph_dsc,
    .cmaps = cmaps,
    .kern_dsc = NULL,
    .kern_scale = 0,
    .cmap_num = 2,
    .bpp = 2,
    .kern_classes = 0,
    .bitmap_format = 0,
#if LVGL_VERSION_MAJOR == 8
    .cache = &cache
#endif
};



/*-----------------
 *  PUBLIC FONT
 *----------------*/

/*Initialize a public general font descriptor*/
#if LVGL_VERSION_MAJOR >= 8
const lv_font_t helm_ui_22 = {
#else
lv_font_t helm_ui_22 = {
#endif
    .get_glyph_dsc = lv_font_get_glyph_dsc_fmt_txt,    /*Function pointer to get glyph's data*/
    .get_glyph_bitmap = lv_font_get_bitmap_fmt_txt,    /*Function pointer to get glyph's bitmap*/
    .line_height = 25,          /*The maximum line height required by the font*/
    .base_line = 5,             /*Baseline measured from the bottom of the line*/
#if !(LVGL_VERSION_MAJOR == 6 && LVGL_VERSION_MINOR == 0)
    .subpx = LV_FONT_SUBPX_NONE,
#endif
#if LV_VERSION_CHECK(7, 4, 0) || LVGL_VERSION_MAJOR >= 8
    .underline_position = -2,
    .underline_thickness = 2,
#endif
    .dsc = &font_dsc,          /*The custom font data. Will be accessed by `get_glyph_bitmap/dsc` */
#if LV_VERSION_CHECK(8, 2, 0) || LVGL_VERSION_MAJOR >= 9
    .fallback = NULL,
#endif
    .user_data = NULL,
};



#endif /*#if HELM_UI_22*/

