/*******************************************************************************
 * Size: 22 px
 * Bpp: 2
 * Opts: --size 22 --bpp 2 --format lvgl --no-compress --no-prefilter --no-kerning --lv-include lvgl/lvgl.h --lv-font-name helm_factory_22 -o /home/jinsc/SDK/vela/openvela/vendor/my_vendor/boards/sf32lb52/my_vendor/ui/bicycle/src/lvgl_page/fonts/helm_factory_22.c --font /home/jinsc/SDK/SGl/PingFangSC/PingFangSC-Semibold.ttf --autohint-strong -r 0x20-0x7E --symbols  !"#$%&'()*+,-./0123456789:;<=>?@ABCDEFGHIJKLMNOPQRSTUVWXYZ[\]^_`abcdefghijklmnopqrstuvwxyz{|}~°±·×÷—…℃←↑→↓●✓、。一中亮仅件份传位停储光关分列删制加动化卡即厂压变号后听启器固地坏备复外存完定将工已序度开式强待总手据接搜播放数无星最未机板校检模止气汇池法测源点电白目磁秒等红绿老背蓝蜂螺行视设试输过运连通速道闭陀除静页验鸣黑！，：；？
 ******************************************************************************/

#ifdef LV_LVGL_H_INCLUDE_SIMPLE
#include "lvgl.h"
#else
#include "lvgl/lvgl.h"
#endif

#ifndef HELM_FACTORY_22
#define HELM_FACTORY_22 1
#endif

#if HELM_FACTORY_22

/*-----------------
 *    BITMAPS
 *----------------*/

/*Store the image of the glyphs*/
static LV_ATTRIBUTE_LARGE_CONST const uint8_t glyph_bitmap[] = {
    /* U+0020 " " */

    /* U+0021 "!" */
    0xbe, 0xfb, 0xef, 0xbe, 0xfb, 0xef, 0xbe, 0xfb,
    0xc0, 0x2, 0xef, 0xee,

    /* U+0022 "\"" */
    0x1f, 0x47, 0xd3, 0xfc, 0xff, 0x1f, 0xc7, 0xf0,
    0x3c, 0xf, 0x7, 0x81, 0xe1, 0xf0, 0x7c, 0x3c,
    0xf, 0x0, 0x0, 0x0,

    /* U+0023 "#" */
    0x0, 0xb4, 0x3c, 0x0, 0x3c, 0xf, 0x0, 0xf,
    0x3, 0xc0, 0x7f, 0xff, 0xfe, 0x2f, 0xff, 0xff,
    0x40, 0x78, 0x2d, 0x0, 0x2d, 0xf, 0x0, 0xf,
    0x43, 0xc0, 0x3, 0xc0, 0xf0, 0x0, 0xf0, 0x3c,
    0x0, 0x3c, 0x1e, 0x0, 0xff, 0xff, 0xf8, 0x7f,
    0xff, 0xfe, 0x2, 0xd0, 0xf4, 0x0, 0xf0, 0x3c,
    0x0, 0x3c, 0xf, 0x0,

    /* U+0024 "$" */
    0x0, 0xc, 0x0, 0x0, 0x3, 0x0, 0x0, 0x0,
    0xc0, 0x0, 0xb, 0xff, 0x40, 0xf, 0xff, 0xfc,
    0xb, 0xe7, 0x2f, 0x83, 0xe0, 0xc2, 0xf0, 0xf8,
    0x30, 0x14, 0x3f, 0x4c, 0x0, 0x7, 0xff, 0x0,
    0x0, 0x7f, 0xf9, 0x0, 0x1, 0xbf, 0xe0, 0x0,
    0xe, 0xff, 0x0, 0x3, 0xb, 0xd3, 0xd0, 0xc0,
    0xf8, 0xf8, 0x30, 0x3d, 0x2f, 0x9c, 0x7f, 0x3,
    0xff, 0xff, 0x40, 0x1f, 0xfe, 0x0, 0x0, 0x30,
    0x0, 0x0, 0xc, 0x0, 0x0,

    /* U+0025 "%" */
    0x1f, 0xe0, 0x0, 0x38, 0x0, 0xff, 0xe0, 0x2,
    0xc0, 0xb, 0xcb, 0xc0, 0x1e, 0x0, 0x3e, 0xf,
    0x40, 0xf0, 0x0, 0xf8, 0x3e, 0x7, 0x40, 0x3,
    0xe0, 0xf4, 0x3c, 0x0, 0x7, 0xc7, 0xc2, 0xd0,
    0x0, 0xf, 0xfd, 0xe, 0xb, 0xf4, 0x6, 0x40,
    0xb0, 0xbe, 0xf0, 0x0, 0x7, 0x83, 0xc3, 0xe0,
    0x0, 0x3c, 0x1f, 0xb, 0xc0, 0x1, 0xd0, 0xbc,
    0x2f, 0x0, 0xf, 0x1, 0xf0, 0xbc, 0x0, 0xb4,
    0x3, 0xe3, 0xe0, 0x3, 0x80, 0xb, 0xff, 0x0,
    0x2c, 0x0, 0xb, 0xf4,

    /* U+0026 "&" */
    0x0, 0xbf, 0x40, 0x0, 0x7, 0xff, 0xd0, 0x0,
    0xf, 0xc3, 0xf0, 0x0, 0xf, 0x82, 0xf0, 0x0,
    0xf, 0xc3, 0xf0, 0x0, 0x7, 0xdb, 0xd0, 0x0,
    0x2, 0xff, 0x40, 0x0, 0x2, 0xfd, 0x3, 0xe0,
    0x1f, 0xff, 0x3, 0xd0, 0x7e, 0xf, 0xcb, 0xd0,
    0xfc, 0x3, 0xff, 0xc0, 0xf8, 0x0, 0xff, 0x80,
    0xfc, 0x0, 0x7f, 0x40, 0xbe, 0x2, 0xff, 0xc0,
    0x3f, 0xff, 0xfb, 0xf0, 0x6, 0xff, 0x80, 0xfc,

    /* U+0027 "'" */
    0x1f, 0x4f, 0xf1, 0xfc, 0xf, 0x7, 0x87, 0xc3,
    0xc0, 0x0,

    /* U+0028 "(" */
    0x3, 0xd0, 0x7c, 0xf, 0x41, 0xf0, 0x3e, 0x7,
    0xd0, 0xbc, 0xb, 0xc0, 0xf8, 0xf, 0x80, 0xf8,
    0xf, 0x80, 0xf8, 0xb, 0xc0, 0xbc, 0x7, 0xd0,
    0x3e, 0x1, 0xf0, 0xf, 0x40, 0x7c, 0x3, 0xd0,

    /* U+0029 ")" */
    0x3d, 0x0, 0x7c, 0x0, 0xf8, 0x1, 0xf0, 0x3,
    0xd0, 0xf, 0xc0, 0x2f, 0x0, 0x7d, 0x0, 0xf4,
    0x3, 0xe0, 0xf, 0x80, 0x3e, 0x0, 0xf4, 0x7,
    0xd0, 0x2f, 0x0, 0xfc, 0x3, 0xd0, 0x1f, 0x0,
    0xf8, 0x7, 0xc0, 0x3d, 0x0,

    /* U+002A "*" */
    0x0, 0x3c, 0x0, 0x0, 0x3c, 0x0, 0x0, 0x3c,
    0x0, 0x3e, 0x3c, 0xb8, 0x3f, 0xff, 0xfc, 0x1,
    0xfe, 0x40, 0x0, 0xff, 0x0, 0x3, 0xd7, 0xc0,
    0xb, 0x83, 0xe0, 0x3, 0x0, 0x80, 0x0, 0x0,
    0x0,

    /* U+002B "+" */
    0x0, 0xbc, 0x0, 0x2, 0xf0, 0x0, 0xb, 0xc0,
    0x0, 0x2f, 0x0, 0x0, 0xbc, 0x3, 0xff, 0xff,
    0xff, 0xff, 0xff, 0xc0, 0x2f, 0x0, 0x0, 0xbc,
    0x0, 0x2, 0xf0, 0x0, 0xb, 0xc0, 0x0, 0x2f,
    0x0,

    /* U+002C "," */
    0x1f, 0x4f, 0xf1, 0xfc, 0xf, 0x7, 0x87, 0xc3,
    0xc0, 0x0,

    /* U+002D "-" */
    0x0, 0x0, 0x3, 0xff, 0xff, 0xff, 0xff, 0xff,
    0xc0,

    /* U+002E "." */
    0xbb, 0xfb, 0x80,

    /* U+002F "/" */
    0x0, 0x0, 0xf0, 0x0, 0x7, 0xc0, 0x0, 0x2d,
    0x0, 0x0, 0xf0, 0x0, 0x7, 0xc0, 0x0, 0x3d,
    0x0, 0x0, 0xf0, 0x0, 0x7, 0x80, 0x0, 0x3d,
    0x0, 0x0, 0xf0, 0x0, 0xb, 0x80, 0x0, 0x3c,
    0x0, 0x1, 0xf0, 0x0, 0xb, 0x40, 0x0, 0x3c,
    0x0, 0x1, 0xf0, 0x0, 0xf, 0x40, 0x0, 0x3c,
    0x0, 0x1, 0xe0, 0x0, 0xf, 0x40, 0x0, 0x3c,
    0x0, 0x0,

    /* U+0030 "0" */
    0x2, 0xfe, 0x0, 0xf, 0xff, 0xd0, 0x2f, 0x42,
    0xf0, 0x3d, 0x0, 0xf8, 0xbc, 0x0, 0x7c, 0xf8,
    0x0, 0x3d, 0xf8, 0x0, 0x3d, 0xf8, 0x0, 0x3e,
    0xf8, 0x0, 0x3e, 0xf8, 0x0, 0x3d, 0xfc, 0x0,
    0x3d, 0xbc, 0x0, 0x7c, 0x3d, 0x0, 0xf8, 0x2f,
    0x42, 0xf0, 0xf, 0xff, 0xd0, 0x2, 0xfe, 0x0,

    /* U+0031 "1" */
    0x0, 0xf8, 0x1f, 0xe7, 0xff, 0xaf, 0xbe, 0x60,
    0xf8, 0x3, 0xe0, 0xf, 0x80, 0x3e, 0x0, 0xf8,
    0x3, 0xe0, 0xf, 0x80, 0x3e, 0x0, 0xf8, 0x3,
    0xe0, 0xf, 0x80, 0x3e,

    /* U+0032 "2" */
    0x2, 0xfe, 0x40, 0x7f, 0xff, 0x83, 0xf4, 0x2f,
    0x6f, 0x0, 0x3f, 0xf8, 0x0, 0xbf, 0xe0, 0x2,
    0xf0, 0x0, 0xf, 0x80, 0x0, 0xfc, 0x0, 0x1f,
    0xd0, 0x2, 0xfd, 0x0, 0x3f, 0xc0, 0x3, 0xf8,
    0x0, 0x3f, 0x40, 0x1, 0xf4, 0x0, 0xf, 0xff,
    0xff, 0xff, 0xff, 0xff,

    /* U+0033 "3" */
    0x1, 0xff, 0x90, 0xf, 0xff, 0xf8, 0x2f, 0x41,
    0xfd, 0x3e, 0x0, 0x3e, 0x14, 0x0, 0x3d, 0x0,
    0x0, 0xbc, 0x0, 0x3f, 0xe0, 0x0, 0x3f, 0xf4,
    0x0, 0x1, 0xfd, 0x0, 0x0, 0x3f, 0x68, 0x0,
    0x2f, 0x7c, 0x0, 0x2f, 0x3e, 0x0, 0x3e, 0x2f,
    0x81, 0xfc, 0xf, 0xff, 0xf4, 0x1, 0xff, 0x80,

    /* U+0034 "4" */
    0x0, 0x1, 0xf8, 0x0, 0x0, 0xfe, 0x0, 0x0,
    0xff, 0x80, 0x0, 0xbb, 0xe0, 0x0, 0x7c, 0xf8,
    0x0, 0x7c, 0x3e, 0x0, 0x3d, 0xf, 0x80, 0x3e,
    0x3, 0xe0, 0x2e, 0x0, 0xf8, 0x1f, 0x0, 0x3e,
    0xb, 0xff, 0xff, 0xfe, 0xff, 0xff, 0xff, 0x0,
    0x0, 0xf8, 0x0, 0x0, 0x3e, 0x0, 0x0, 0xf,
    0x80, 0x0, 0x3, 0xe0,

    /* U+0035 "5" */
    0x3f, 0xff, 0xfc, 0x3f, 0xff, 0xfc, 0x3d, 0x0,
    0x0, 0x3c, 0x0, 0x0, 0x3c, 0x0, 0x0, 0x7c,
    0xbf, 0x80, 0x7f, 0xff, 0xf0, 0x7f, 0x1, 0xfc,
    0x68, 0x0, 0xbd, 0x0, 0x0, 0x3d, 0x0, 0x0,
    0x3e, 0xa8, 0x0, 0x3d, 0xbc, 0x0, 0xbc, 0x3f,
    0x42, 0xf8, 0x1f, 0xff, 0xe0, 0x2, 0xfe, 0x40,

    /* U+0036 "6" */
    0x1, 0xff, 0x80, 0xb, 0xff, 0xf0, 0x1f, 0x41,
    0xfc, 0x3d, 0x0, 0x7c, 0x78, 0x0, 0x0, 0xb4,
    0xbf, 0x80, 0xfb, 0xff, 0xf0, 0xff, 0x42, 0xfc,
    0xfc, 0x0, 0xbc, 0xf8, 0x0, 0x3d, 0xf8, 0x0,
    0x3e, 0xb8, 0x0, 0x3d, 0x7c, 0x0, 0xbc, 0x3f,
    0x42, 0xf8, 0xf, 0xff, 0xe0, 0x2, 0xff, 0x40,

    /* U+0037 "7" */
    0xff, 0xff, 0xff, 0xff, 0xff, 0xf0, 0x0, 0xf,
    0x80, 0x0, 0x7d, 0x0, 0x2, 0xf0, 0x0, 0xf,
    0x80, 0x0, 0xbc, 0x0, 0x3, 0xe0, 0x0, 0x1f,
    0x40, 0x0, 0xfc, 0x0, 0x3, 0xe0, 0x0, 0x2f,
    0x0, 0x0, 0xf8, 0x0, 0x7, 0xd0, 0x0, 0x3f,
    0x0, 0x1, 0xf8, 0x0,

    /* U+0038 "8" */
    0x2, 0xff, 0x80, 0x1f, 0xff, 0xf4, 0x3f, 0x41,
    0xfc, 0xbc, 0x0, 0x3e, 0x7c, 0x0, 0x3d, 0x3f,
    0x0, 0xfc, 0xb, 0xff, 0xe0, 0x1f, 0xff, 0xf4,
    0x3f, 0x41, 0xfc, 0xbc, 0x0, 0x3e, 0xf8, 0x0,
    0x2f, 0xf8, 0x0, 0x2f, 0xfc, 0x0, 0x3f, 0x7f,
    0x41, 0xfd, 0x2f, 0xff, 0xf8, 0x2, 0xff, 0x80,

    /* U+0039 "9" */
    0x2, 0xfe, 0x40, 0x1f, 0xff, 0xe0, 0x7f, 0x42,
    0xf4, 0xbc, 0x0, 0x7c, 0xf8, 0x0, 0x3c, 0xf8,
    0x0, 0x3d, 0xfc, 0x0, 0x7d, 0x7f, 0x1, 0xfe,
    0x2f, 0xff, 0xfd, 0x7, 0xfe, 0x3d, 0x0, 0x0,
    0x3c, 0x64, 0x0, 0x7c, 0x7c, 0x0, 0xf8, 0x3f,
    0x47, 0xf0, 0x1f, 0xff, 0xc0, 0x6, 0xfe, 0x0,

    /* U+003A ":" */
    0xbb, 0xfb, 0x80, 0x0, 0x0, 0x0, 0x2, 0xef,
    0xee,

    /* U+003B ";" */
    0x2e, 0xf, 0xc2, 0xe0, 0x0, 0x0, 0x0, 0x0,
    0x0, 0x0, 0x0, 0x7, 0xd3, 0xfc, 0xbf, 0x7,
    0xc2, 0xe1, 0xf0, 0xf0, 0x0, 0x0,

    /* U+003C "<" */
    0x0, 0x0, 0x4, 0x0, 0x2, 0xf0, 0x0, 0xbf,
    0xc0, 0x7f, 0xe4, 0x1f, 0xf8, 0x3, 0xfd, 0x0,
    0xf, 0xe0, 0x0, 0x1f, 0xf9, 0x0, 0x2, 0xff,
    0x40, 0x0, 0xbf, 0xd0, 0x0, 0x1f, 0xc0, 0x0,
    0x7, 0x0, 0x0, 0x0,

    /* U+003D "=" */
    0xff, 0xff, 0xff, 0xff, 0xff, 0xf0, 0x0, 0x0,
    0x0, 0x0, 0x0, 0x0, 0x0, 0x3, 0xff, 0xff,
    0xff, 0xff, 0xff, 0xc0,

    /* U+003E ">" */
    0x40, 0x0, 0x3, 0xe0, 0x0, 0xf, 0xf8, 0x0,
    0x6, 0xff, 0x40, 0x0, 0xbf, 0xd0, 0x0, 0x1f,
    0xf0, 0x0, 0x2f, 0xc0, 0x1b, 0xfd, 0x7, 0xfe,
    0x2, 0xff, 0x80, 0xf, 0xd0, 0x0, 0x34, 0x0,
    0x0, 0x0, 0x0, 0x0,

    /* U+003F "?" */
    0x7, 0xfe, 0x2, 0xff, 0xfc, 0x7e, 0xb, 0xef,
    0xc0, 0x3f, 0xf8, 0x2, 0xf1, 0x0, 0x3f, 0x0,
    0xb, 0xe0, 0x2, 0xfc, 0x0, 0x7e, 0x0, 0xf,
    0xc0, 0x1, 0xf0, 0x0, 0x1f, 0x0, 0x0, 0x0,
    0x0, 0x2e, 0x0, 0x3, 0xf0, 0x0, 0x2e, 0x0,

    /* U+0040 "@" */
    0x0, 0x1f, 0xfe, 0x0, 0x0, 0xbf, 0xff, 0xf8,
    0x0, 0xbf, 0x40, 0x6f, 0x80, 0xbe, 0x2f, 0x8a,
    0xf0, 0x3e, 0x3f, 0xff, 0x5e, 0x2f, 0x2f, 0x83,
    0xc3, 0xcf, 0x8f, 0xc0, 0xf0, 0xf3, 0xe7, 0xd0,
    0x38, 0x3c, 0xfa, 0xf0, 0x1d, 0xe, 0x3e, 0x7c,
    0xb, 0xb, 0x4b, 0xdf, 0x47, 0xcb, 0x81, 0xf6,
    0xff, 0xbf, 0xc0, 0x3f, 0x5a, 0xa, 0x4f, 0x43,
    0xfd, 0x0, 0x6f, 0x80, 0x2f, 0xff, 0xff, 0x40,
    0x0, 0xbf, 0xf9, 0x0,

    /* U+0041 "A" */
    0x0, 0xf, 0xc0, 0x0, 0x0, 0xbf, 0x40, 0x0,
    0x3, 0xff, 0x0, 0x0, 0x1f, 0x7c, 0x0, 0x0,
    0xbc, 0xf8, 0x0, 0x3, 0xd2, 0xf0, 0x0, 0x1f,
    0x3, 0xd0, 0x0, 0xfc, 0xf, 0x80, 0x3, 0xd0,
    0x1f, 0x0, 0x2f, 0x40, 0x7d, 0x0, 0xff, 0xff,
    0xfc, 0x7, 0xff, 0xff, 0xf0, 0x2f, 0x0, 0x3,
    0xe0, 0xf8, 0x0, 0xb, 0xc7, 0xd0, 0x0, 0x1f,
    0x7f, 0x0, 0x0, 0x3e,

    /* U+0042 "B" */
    0xff, 0xff, 0xe0, 0x3f, 0xff, 0xff, 0xf, 0x80,
    0xb, 0xe3, 0xe0, 0x0, 0xbc, 0xf8, 0x0, 0x2f,
    0x3e, 0x0, 0xf, 0xcf, 0x80, 0xb, 0xd3, 0xff,
    0xff, 0xd0, 0xff, 0xff, 0xfc, 0x3e, 0x0, 0x1f,
    0xcf, 0x80, 0x0, 0xf7, 0xe0, 0x0, 0x3e, 0xf8,
    0x0, 0xf, 0x7e, 0x0, 0x1f, 0xcf, 0xff, 0xff,
    0xe3, 0xff, 0xff, 0x90,

    /* U+0043 "C" */
    0x0, 0x7f, 0xf4, 0x0, 0x1f, 0xff, 0xfc, 0x1,
    0xfd, 0x2, 0xfc, 0xf, 0xc0, 0x1, 0xf8, 0x7d,
    0x0, 0x2, 0xf2, 0xf0, 0x0, 0x0, 0xf, 0x80,
    0x0, 0x0, 0x3e, 0x0, 0x0, 0x0, 0xf8, 0x0,
    0x0, 0x3, 0xe0, 0x0, 0x0, 0xb, 0xc0, 0x0,
    0xa, 0x1f, 0x0, 0x0, 0xbc, 0x3f, 0x0, 0x7,
    0xe0, 0x7f, 0x40, 0xbf, 0x0, 0x7f, 0xff, 0xf0,
    0x0, 0x2f, 0xf9, 0x0,

    /* U+0044 "D" */
    0xff, 0xff, 0x90, 0xf, 0xff, 0xff, 0xc0, 0xf8,
    0x1, 0xbf, 0xf, 0x80, 0x1, 0xf8, 0xf8, 0x0,
    0xb, 0xcf, 0x80, 0x0, 0x7d, 0xf8, 0x0, 0x3,
    0xdf, 0x80, 0x0, 0x3e, 0xf8, 0x0, 0x3, 0xef,
    0x80, 0x0, 0x3d, 0xf8, 0x0, 0x7, 0xdf, 0x80,
    0x0, 0xbc, 0xf8, 0x0, 0x1f, 0x8f, 0x80, 0x1b,
    0xf0, 0xff, 0xff, 0xfc, 0xf, 0xff, 0xf9, 0x0,

    /* U+0045 "E" */
    0xff, 0xff, 0xfe, 0xff, 0xff, 0xfe, 0xf8, 0x0,
    0x0, 0xf8, 0x0, 0x0, 0xf8, 0x0, 0x0, 0xf8,
    0x0, 0x0, 0xf8, 0x0, 0x0, 0xff, 0xff, 0xfc,
    0xff, 0xff, 0xfc, 0xf8, 0x0, 0x0, 0xf8, 0x0,
    0x0, 0xf8, 0x0, 0x0, 0xf8, 0x0, 0x0, 0xf8,
    0x0, 0x0, 0xff, 0xff, 0xfe, 0xff, 0xff, 0xfe,

    /* U+0046 "F" */
    0xff, 0xff, 0xfb, 0xff, 0xff, 0xef, 0x80, 0x0,
    0x3e, 0x0, 0x0, 0xf8, 0x0, 0x3, 0xe0, 0x0,
    0xf, 0x80, 0x0, 0x3f, 0xff, 0xfe, 0xff, 0xff,
    0xfb, 0xe0, 0x0, 0xf, 0x80, 0x0, 0x3e, 0x0,
    0x0, 0xf8, 0x0, 0x3, 0xe0, 0x0, 0xf, 0x80,
    0x0, 0x3e, 0x0, 0x0,

    /* U+0047 "G" */
    0x0, 0x6f, 0xf8, 0x0, 0xf, 0xff, 0xfe, 0x0,
    0xfe, 0x1, 0xfe, 0xf, 0xc0, 0x0, 0xfc, 0x7d,
    0x0, 0x0, 0xf6, 0xf0, 0x0, 0x0, 0xf, 0x80,
    0x0, 0x0, 0x3e, 0x0, 0x3f, 0xfe, 0xf8, 0x0,
    0xff, 0xfb, 0xe0, 0x0, 0x3, 0xeb, 0xc0, 0x0,
    0xf, 0x9f, 0x40, 0x0, 0x3e, 0x3f, 0x0, 0x0,
    0xf8, 0x3f, 0x90, 0x1f, 0xe0, 0x3f, 0xff, 0xfe,
    0x0, 0x1b, 0xff, 0x80,

    /* U+0048 "H" */
    0xf8, 0x0, 0xb, 0xfe, 0x0, 0x2, 0xff, 0x80,
    0x0, 0xbf, 0xe0, 0x0, 0x2f, 0xf8, 0x0, 0xb,
    0xfe, 0x0, 0x2, 0xff, 0x80, 0x0, 0xbf, 0xff,
    0xff, 0xff, 0xff, 0xff, 0xff, 0xfe, 0x0, 0x2,
    0xff, 0x80, 0x0, 0xbf, 0xe0, 0x0, 0x2f, 0xf8,
    0x0, 0xb, 0xfe, 0x0, 0x2, 0xff, 0x80, 0x0,
    0xbf, 0xe0, 0x0, 0x2f,

    /* U+0049 "I" */
    0xfb, 0xef, 0xbe, 0xfb, 0xef, 0xbe, 0xfb, 0xef,
    0xbe, 0xfb, 0xef, 0xbe,

    /* U+004A "J" */
    0x0, 0x2, 0xf0, 0x0, 0x2f, 0x0, 0x2, 0xf0,
    0x0, 0x2f, 0x0, 0x2, 0xf0, 0x0, 0x2f, 0x0,
    0x2, 0xf0, 0x0, 0x2f, 0x0, 0x2, 0xf0, 0x0,
    0x2f, 0xa4, 0x2, 0xff, 0x80, 0x2f, 0xfc, 0x3,
    0xf7, 0xf5, 0xfe, 0x3f, 0xff, 0xc0, 0xbf, 0xe0,

    /* U+004B "K" */
    0xf8, 0x0, 0x2f, 0x83, 0xe0, 0x2, 0xf8, 0xf,
    0x80, 0x2f, 0x80, 0x3e, 0x2, 0xf8, 0x0, 0xf8,
    0x2f, 0x80, 0x3, 0xe1, 0xf8, 0x0, 0xf, 0x9f,
    0x80, 0x0, 0x3f, 0xfe, 0x0, 0x0, 0xff, 0xfe,
    0x0, 0x3, 0xf8, 0xbd, 0x0, 0xf, 0x80, 0xfd,
    0x0, 0x3e, 0x0, 0xfd, 0x0, 0xf8, 0x1, 0xfc,
    0x3, 0xe0, 0x1, 0xfc, 0xf, 0x80, 0x2, 0xfc,
    0x3e, 0x0, 0x2, 0xf8,

    /* U+004C "L" */
    0xf8, 0x0, 0x3, 0xe0, 0x0, 0xf, 0x80, 0x0,
    0x3e, 0x0, 0x0, 0xf8, 0x0, 0x3, 0xe0, 0x0,
    0xf, 0x80, 0x0, 0x3e, 0x0, 0x0, 0xf8, 0x0,
    0x3, 0xe0, 0x0, 0xf, 0x80, 0x0, 0x3e, 0x0,
    0x0, 0xf8, 0x0, 0x3, 0xe5, 0x55, 0x5f, 0xff,
    0xff, 0xff, 0xff, 0xff,

    /* U+004D "M" */
    0xfc, 0x0, 0x0, 0x2f, 0xbf, 0x80, 0x0, 0xf,
    0xef, 0xf0, 0x0, 0x7, 0xfb, 0xfd, 0x0, 0x3,
    0xfe, 0xff, 0xc0, 0x1, 0xff, 0xbf, 0xf4, 0x0,
    0xbb, 0xef, 0xbe, 0x0, 0x3d, 0xfb, 0xe7, 0xc0,
    0x2f, 0x3e, 0xf8, 0xf8, 0xf, 0x4f, 0xbe, 0x2f,
    0x7, 0xc3, 0xef, 0x83, 0xd3, 0xe0, 0xfb, 0xe0,
    0xbd, 0xf0, 0x3e, 0xf8, 0x1f, 0xfc, 0xf, 0xbe,
    0x3, 0xfd, 0x3, 0xef, 0x80, 0x7f, 0x0, 0xfb,
    0xe0, 0xf, 0x80, 0x3e,

    /* U+004E "N" */
    0xfc, 0x0, 0xb, 0xff, 0x80, 0x2, 0xff, 0xf0,
    0x0, 0xbf, 0xff, 0x0, 0x2f, 0xff, 0xe0, 0xb,
    0xfe, 0xbd, 0x2, 0xff, 0x8f, 0xc0, 0xbf, 0xe1,
    0xf8, 0x2f, 0xf8, 0x2f, 0x4b, 0xfe, 0x3, 0xf2,
    0xff, 0x80, 0x3e, 0xbf, 0xe0, 0xb, 0xff, 0xf8,
    0x0, 0xff, 0xfe, 0x0, 0xf, 0xff, 0x80, 0x1,
    0xff, 0xe0, 0x0, 0x3f,

    /* U+004F "O" */
    0x0, 0x6f, 0xf8, 0x0, 0x3, 0xff, 0xff, 0x80,
    0xf, 0xe0, 0x1b, 0xe0, 0x3f, 0x0, 0x2, 0xf4,
    0x7d, 0x0, 0x0, 0xfc, 0xbc, 0x0, 0x0, 0x7c,
    0xf8, 0x0, 0x0, 0x3d, 0xf8, 0x0, 0x0, 0x3e,
    0xf8, 0x0, 0x0, 0x3e, 0xf8, 0x0, 0x0, 0x3d,
    0xbc, 0x0, 0x0, 0x7c, 0x7d, 0x0, 0x0, 0xfc,
    0x3f, 0x0, 0x2, 0xf4, 0xf, 0xe0, 0x1b, 0xe0,
    0x3, 0xff, 0xff, 0x80, 0x0, 0x6f, 0xf8, 0x0,

    /* U+0050 "P" */
    0xff, 0xff, 0xd0, 0xff, 0xff, 0xfc, 0xf8, 0x1,
    0xbd, 0xf8, 0x0, 0x3f, 0xf8, 0x0, 0x2f, 0xf8,
    0x0, 0x2f, 0xf8, 0x0, 0x3f, 0xf8, 0x1, 0xbd,
    0xff, 0xff, 0xfc, 0xff, 0xff, 0xd0, 0xf8, 0x0,
    0x0, 0xf8, 0x0, 0x0, 0xf8, 0x0, 0x0, 0xf8,
    0x0, 0x0, 0xf8, 0x0, 0x0, 0xf8, 0x0, 0x0,

    /* U+0051 "Q" */
    0x0, 0x6f, 0xf8, 0x0, 0x3, 0xff, 0xff, 0x80,
    0xf, 0xe0, 0x1b, 0xe0, 0x3f, 0x0, 0x2, 0xf4,
    0x7d, 0x0, 0x0, 0xfc, 0xbc, 0x0, 0x0, 0x7c,
    0xf8, 0x0, 0x0, 0x3d, 0xf8, 0x0, 0x0, 0x3e,
    0xf8, 0x0, 0x0, 0x3e, 0xf8, 0x0, 0x10, 0x3d,
    0xbc, 0x0, 0xbc, 0x7d, 0x7d, 0x0, 0x3f, 0xfc,
    0x3f, 0x0, 0xf, 0xf8, 0xf, 0xe0, 0x1f, 0xf0,
    0x3, 0xff, 0xff, 0xf4, 0x0, 0x6f, 0xf9, 0xbc,
    0x0, 0x0, 0x0, 0x3c, 0x0, 0x0, 0x0, 0x0,

    /* U+0052 "R" */
    0xff, 0xff, 0xe0, 0x3f, 0xff, 0xff, 0xf, 0x80,
    0xb, 0xe3, 0xe0, 0x0, 0xfc, 0xf8, 0x0, 0x2f,
    0x3e, 0x0, 0xf, 0xcf, 0x80, 0xb, 0xd3, 0xff,
    0xff, 0xd0, 0xff, 0xff, 0xf4, 0x3e, 0x0, 0x7f,
    0x4f, 0x80, 0x3, 0xe3, 0xe0, 0x0, 0xf8, 0xf8,
    0x0, 0x2f, 0x3e, 0x0, 0xb, 0xcf, 0x80, 0x1,
    0xf3, 0xe0, 0x0, 0x3e,

    /* U+0053 "S" */
    0x1, 0xbf, 0xe4, 0x0, 0xbf, 0xff, 0xe0, 0x2f,
    0x80, 0x7f, 0x43, 0xe0, 0x0, 0xfc, 0x3e, 0x0,
    0x7, 0xc3, 0xf4, 0x0, 0x0, 0x1f, 0xf9, 0x0,
    0x0, 0x7f, 0xfe, 0x40, 0x0, 0x2f, 0xff, 0x0,
    0x0, 0x7, 0xfc, 0x14, 0x0, 0xb, 0xd7, 0xc0,
    0x0, 0x3e, 0x3e, 0x0, 0x3, 0xd3, 0xf9, 0x1,
    0xfc, 0xf, 0xff, 0xff, 0x40, 0x1b, 0xff, 0x40,

    /* U+0054 "T" */
    0xff, 0xff, 0xff, 0xff, 0xff, 0xff, 0xf0, 0x3,
    0xe0, 0x0, 0x0, 0xf8, 0x0, 0x0, 0x3e, 0x0,
    0x0, 0xf, 0x80, 0x0, 0x3, 0xe0, 0x0, 0x0,
    0xf8, 0x0, 0x0, 0x3e, 0x0, 0x0, 0xf, 0x80,
    0x0, 0x3, 0xe0, 0x0, 0x0, 0xf8, 0x0, 0x0,
    0x3e, 0x0, 0x0, 0xf, 0x80, 0x0, 0x3, 0xe0,
    0x0, 0x0, 0xf8, 0x0,

    /* U+0055 "U" */
    0xf8, 0x0, 0xb, 0xfe, 0x0, 0x2, 0xff, 0x80,
    0x0, 0xbf, 0xe0, 0x0, 0x2f, 0xf8, 0x0, 0xb,
    0xfe, 0x0, 0x2, 0xff, 0x80, 0x0, 0xbf, 0xe0,
    0x0, 0x2f, 0xf8, 0x0, 0xb, 0xfe, 0x0, 0x2,
    0xff, 0x80, 0x0, 0xbf, 0xf0, 0x0, 0x3f, 0xbc,
    0x0, 0xf, 0x8f, 0xd0, 0x1f, 0xc0, 0xff, 0xff,
    0xc0, 0x7, 0xff, 0x40,

    /* U+0056 "V" */
    0xbc, 0x0, 0x2, 0xf1, 0xf4, 0x0, 0xf, 0xc3,
    0xe0, 0x0, 0x3e, 0xb, 0xc0, 0x2, 0xf0, 0x1f,
    0x40, 0xf, 0xc0, 0x3e, 0x0, 0x3d, 0x0, 0xbc,
    0x2, 0xf0, 0x1, 0xf4, 0xf, 0xc0, 0x3, 0xe0,
    0x3d, 0x0, 0xb, 0xc2, 0xf0, 0x0, 0xf, 0x4f,
    0x80, 0x0, 0x3e, 0x3d, 0x0, 0x0, 0xbe, 0xf0,
    0x0, 0x0, 0xff, 0x80, 0x0, 0x3, 0xfd, 0x0,
    0x0, 0x7, 0xf0, 0x0,

    /* U+0057 "W" */
    0xfc, 0x0, 0x3f, 0x0, 0xf, 0x9f, 0x40, 0xf,
    0xc0, 0x7, 0xd3, 0xe0, 0x7, 0xf4, 0x2, 0xf0,
    0xfc, 0x2, 0xfe, 0x0, 0xfc, 0x2f, 0x0, 0xfb,
    0xc0, 0x3e, 0x7, 0xd0, 0x7c, 0xf0, 0x1f, 0x40,
    0xf8, 0x2f, 0x3d, 0xb, 0xc0, 0x3f, 0xf, 0x8b,
    0x83, 0xe0, 0x7, 0xc3, 0xd1, 0xf0, 0xf4, 0x0,
    0xf5, 0xf0, 0x3c, 0x7c, 0x0, 0x3e, 0xbc, 0xf,
    0x6f, 0x0, 0xb, 0xfe, 0x2, 0xef, 0x80, 0x1,
    0xff, 0x40, 0x7f, 0xd0, 0x0, 0x3f, 0xc0, 0xf,
    0xf0, 0x0, 0xf, 0xf0, 0x3, 0xfc, 0x0, 0x2,
    0xf8, 0x0, 0xbd, 0x0,

    /* U+0058 "X" */
    0x3f, 0x0, 0x7, 0xf0, 0xbe, 0x0, 0x3f, 0x0,
    0xfc, 0x2, 0xf4, 0x0, 0xfc, 0x1f, 0x80, 0x1,
    0xf8, 0xfc, 0x0, 0x3, 0xfb, 0xd0, 0x0, 0x3,
    0xfe, 0x0, 0x0, 0x7, 0xf0, 0x0, 0x0, 0x3f,
    0xd0, 0x0, 0x1, 0xff, 0xc0, 0x0, 0xf, 0xdf,
    0x80, 0x0, 0xfc, 0x2f, 0x40, 0xb, 0xe0, 0x3f,
    0x0, 0x3f, 0x0, 0x7f, 0x3, 0xf0, 0x0, 0xbd,
    0x2f, 0x80, 0x0, 0xfc,

    /* U+0059 "Y" */
    0x3f, 0x0, 0x0, 0xbd, 0xf, 0xc0, 0x1, 0xfc,
    0xb, 0xd0, 0x3, 0xf0, 0x3, 0xf0, 0x7, 0xd0,
    0x1, 0xf8, 0xf, 0xc0, 0x0, 0xbd, 0x2f, 0x0,
    0x0, 0x3f, 0x7e, 0x0, 0x0, 0x1f, 0xfc, 0x0,
    0x0, 0xb, 0xf4, 0x0, 0x0, 0x3, 0xe0, 0x0,
    0x0, 0x3, 0xe0, 0x0, 0x0, 0x3, 0xe0, 0x0,
    0x0, 0x3, 0xe0, 0x0, 0x0, 0x3, 0xe0, 0x0,
    0x0, 0x3, 0xe0, 0x0, 0x0, 0x3, 0xe0, 0x0,

    /* U+005A "Z" */
    0x3f, 0xff, 0xff, 0xcf, 0xff, 0xff, 0xf0, 0x0,
    0x3, 0xf8, 0x0, 0x2, 0xfc, 0x0, 0x1, 0xfc,
    0x0, 0x0, 0xfd, 0x0, 0x0, 0xfd, 0x0, 0x0,
    0xbe, 0x0, 0x0, 0xbf, 0x0, 0x0, 0x7f, 0x0,
    0x0, 0x3f, 0x40, 0x0, 0x3f, 0x80, 0x0, 0x2f,
    0xc0, 0x0, 0x2f, 0xc0, 0x0, 0xf, 0xff, 0xff,
    0xff, 0xff, 0xff, 0xff,

    /* U+005B "[" */
    0x0, 0xf, 0xff, 0xff, 0xff, 0x80, 0xf8, 0xf,
    0x80, 0xf8, 0xf, 0x80, 0xf8, 0xf, 0x80, 0xf8,
    0xf, 0x80, 0xf8, 0xf, 0x80, 0xf8, 0xf, 0x80,
    0xf8, 0xf, 0x80, 0xf8, 0xf, 0x80, 0xff, 0xff,
    0xff,

    /* U+005C "\\" */
    0x3c, 0x0, 0x0, 0xf4, 0x0, 0x1, 0xe0, 0x0,
    0x3, 0xc0, 0x0, 0xf, 0x40, 0x0, 0x1f, 0x0,
    0x0, 0x3c, 0x0, 0x0, 0xb4, 0x0, 0x1, 0xf0,
    0x0, 0x3, 0xc0, 0x0, 0xb, 0x80, 0x0, 0xf,
    0x0, 0x0, 0x3d, 0x0, 0x0, 0x78, 0x0, 0x0,
    0xf0, 0x0, 0x3, 0xd0, 0x0, 0x7, 0xc0, 0x0,
    0xf, 0x0, 0x0, 0x2d, 0x0, 0x0, 0x7c, 0x0,
    0x0, 0xf0,

    /* U+005D "]" */
    0x0, 0x2, 0xff, 0xeb, 0xff, 0x80, 0x3e, 0x0,
    0xf8, 0x3, 0xe0, 0xf, 0x80, 0x3e, 0x0, 0xf8,
    0x3, 0xe0, 0xf, 0x80, 0x3e, 0x0, 0xf8, 0x3,
    0xe0, 0xf, 0x80, 0x3e, 0x0, 0xf8, 0x3, 0xe0,
    0xf, 0x80, 0x3e, 0xbf, 0xfa, 0xff, 0xe0,

    /* U+005E "^" */
    0x1, 0xf4, 0x0, 0x3f, 0xc0, 0x7, 0xfc, 0x0,
    0xb5, 0xe0, 0xf, 0xf, 0x2, 0xd0, 0x78, 0x3c,
    0x3, 0xc7, 0x80, 0x2d,

    /* U+005F "_" */
    0x0, 0x0, 0x3, 0xff, 0xff, 0xff, 0xff, 0xff,
    0xc0,

    /* U+0060 "`" */
    0x28, 0x3, 0xe0, 0xf, 0x0, 0x3c,

    /* U+0061 "a" */
    0x7, 0xff, 0x40, 0xbf, 0xff, 0x87, 0xe0, 0x2f,
    0x15, 0x0, 0x3d, 0x7, 0xff, 0xf8, 0xff, 0xff,
    0xeb, 0xe0, 0xf, 0xbf, 0x0, 0x3e, 0xf8, 0x2,
    0xfb, 0xf4, 0x6f, 0xe7, 0xff, 0xef, 0x87, 0xfd,
    0x3e,

    /* U+0062 "b" */
    0xf8, 0x0, 0x3, 0xe0, 0x0, 0xf, 0x80, 0x0,
    0x3e, 0x0, 0x0, 0xf8, 0xbe, 0x43, 0xef, 0xff,
    0x4f, 0xf4, 0x7f, 0x3f, 0x0, 0x3e, 0xfc, 0x0,
    0xbf, 0xe0, 0x2, 0xff, 0x80, 0xb, 0xfe, 0x0,
    0x2f, 0xfc, 0x0, 0xfb, 0xfd, 0x1f, 0xcf, 0xff,
    0xfd, 0x3d, 0x7f, 0x90,

    /* U+0063 "c" */
    0x2, 0xfe, 0x40, 0x7f, 0xff, 0x83, 0xf4, 0x7f,
    0x2f, 0x0, 0x3e, 0xf8, 0x0, 0x3, 0xe0, 0x0,
    0xf, 0x80, 0x0, 0x3e, 0x0, 0x19, 0xbc, 0x0,
    0xf8, 0xfd, 0x1f, 0xc1, 0xff, 0xfd, 0x0, 0xbf,
    0x80,

    /* U+0064 "d" */
    0x0, 0x0, 0xbc, 0x0, 0x2, 0xf0, 0x0, 0xb,
    0xc0, 0x0, 0x2f, 0x6, 0xf8, 0xbc, 0x7f, 0xfe,
    0xf3, 0xf4, 0x7f, 0xef, 0x0, 0x3f, 0xf8, 0x0,
    0xff, 0xe0, 0x2, 0xff, 0x80, 0xb, 0xfe, 0x0,
    0x2f, 0xbc, 0x0, 0xfc, 0xfd, 0x1f, 0xf1, 0xff,
    0xff, 0xc1, 0xbf, 0x5f,

    /* U+0065 "e" */
    0x2, 0xfe, 0x0, 0x7f, 0xff, 0x3, 0xf4, 0x7f,
    0x2f, 0x0, 0x3d, 0xfc, 0x0, 0xbb, 0xff, 0xff,
    0xff, 0xff, 0xff, 0xfe, 0x0, 0x0, 0xbc, 0x0,
    0xb8, 0xfd, 0xb, 0xc1, 0xff, 0xfd, 0x0, 0xbf,
    0x80,

    /* U+0066 "f" */
    0x1, 0xff, 0x3, 0xff, 0x7, 0xd0, 0xb, 0xc0,
    0xff, 0xff, 0xff, 0xff, 0xb, 0xc0, 0xb, 0xc0,
    0xb, 0xc0, 0xb, 0xc0, 0xb, 0xc0, 0xb, 0xc0,
    0xb, 0xc0, 0xb, 0xc0, 0xb, 0xc0, 0xb, 0xc0,

    /* U+0067 "g" */
    0x6, 0xfd, 0xbc, 0x7f, 0xff, 0xf3, 0xf4, 0x7f,
    0xef, 0x0, 0x3f, 0xfc, 0x0, 0xff, 0xe0, 0x2,
    0xff, 0x80, 0xb, 0xfe, 0x0, 0x2f, 0xbc, 0x0,
    0xfc, 0xfd, 0x1f, 0xf1, 0xff, 0xff, 0xc1, 0xbe,
    0x2f, 0x0, 0x0, 0xbd, 0xf4, 0xb, 0xd2, 0xff,
    0xfe, 0x1, 0xff, 0xd0,

    /* U+0068 "h" */
    0xf8, 0x0, 0xf, 0x80, 0x0, 0xf8, 0x0, 0xf,
    0x80, 0x0, 0xf8, 0xbf, 0x4f, 0xbf, 0xfc, 0xff,
    0xb, 0xef, 0xc0, 0x3f, 0xf8, 0x2, 0xff, 0x80,
    0x2f, 0xf8, 0x2, 0xff, 0x80, 0x2f, 0xf8, 0x2,
    0xff, 0x80, 0x2f, 0xf8, 0x2, 0xff, 0x80, 0x2f,

    /* U+0069 "i" */
    0xbb, 0xfb, 0x80, 0xbe, 0xfb, 0xef, 0xbe, 0xfb,
    0xef, 0xbe, 0xfb, 0xef,

    /* U+006A "j" */
    0xb, 0x83, 0xf0, 0xb8, 0x0, 0xb, 0xc2, 0xf0,
    0xbc, 0x2f, 0xb, 0xc2, 0xf0, 0xbc, 0x2f, 0xb,
    0xc2, 0xf0, 0xbc, 0x2f, 0xb, 0xc3, 0xfb, 0xfa,
    0xf8,

    /* U+006B "k" */
    0xf8, 0x0, 0x3, 0xe0, 0x0, 0xf, 0x80, 0x0,
    0x3e, 0x0, 0x0, 0xf8, 0x7, 0xf3, 0xe0, 0x7f,
    0xf, 0x87, 0xf0, 0x3e, 0x7f, 0x0, 0xff, 0xf0,
    0x3, 0xff, 0xc0, 0xf, 0xff, 0x80, 0x3f, 0x2f,
    0x40, 0xf8, 0x3f, 0x3, 0xe0, 0x3f, 0xf, 0x80,
    0x7e, 0x3e, 0x0, 0xbe,

    /* U+006C "l" */
    0xfb, 0xef, 0xbe, 0xfb, 0xef, 0xbe, 0xfb, 0xef,
    0xbe, 0xfb, 0xef, 0xbe,

    /* U+006D "m" */
    0xf9, 0xfe, 0x7, 0xf4, 0x3f, 0xff, 0xfb, 0xff,
    0x8f, 0xe0, 0xff, 0x83, 0xf3, 0xf0, 0xf, 0xc0,
    0x3d, 0xf8, 0x3, 0xe0, 0xf, 0xbe, 0x0, 0xf8,
    0x3, 0xef, 0x80, 0x3e, 0x0, 0xfb, 0xe0, 0xf,
    0x80, 0x3e, 0xf8, 0x3, 0xe0, 0xf, 0xbe, 0x0,
    0xf8, 0x3, 0xef, 0x80, 0x3e, 0x0, 0xfb, 0xe0,
    0xf, 0x80, 0x3e,

    /* U+006E "n" */
    0xf9, 0xfe, 0xf, 0xff, 0xfc, 0xfe, 0xb, 0xef,
    0xc0, 0x3f, 0xf8, 0x2, 0xff, 0x80, 0x2f, 0xf8,
    0x2, 0xff, 0x80, 0x2f, 0xf8, 0x2, 0xff, 0x80,
    0x2f, 0xf8, 0x2, 0xff, 0x80, 0x2f,

    /* U+006F "o" */
    0x2, 0xff, 0x40, 0xf, 0xff, 0xe0, 0x3f, 0x42,
    0xf8, 0xbc, 0x0, 0xbc, 0xfc, 0x0, 0x3d, 0xf8,
    0x0, 0x3e, 0xf8, 0x0, 0x3e, 0xfc, 0x0, 0x3d,
    0xbc, 0x0, 0xbc, 0x3f, 0x42, 0xf8, 0xf, 0xff,
    0xe0, 0x2, 0xff, 0x40,

    /* U+0070 "p" */
    0xf5, 0xfe, 0x43, 0xff, 0xff, 0x4f, 0xf4, 0x7f,
    0x3f, 0x0, 0x3e, 0xf8, 0x0, 0xbf, 0xe0, 0x2,
    0xff, 0x80, 0xb, 0xff, 0x0, 0x2f, 0xfc, 0x0,
    0xfb, 0xfd, 0x1f, 0xcf, 0xbf, 0xfd, 0x3e, 0x2f,
    0x90, 0xf8, 0x0, 0x3, 0xe0, 0x0, 0xf, 0x80,
    0x0, 0x3e, 0x0, 0x0,

    /* U+0071 "q" */
    0x6, 0xfd, 0x7c, 0x7f, 0xff, 0xf3, 0xf4, 0x7f,
    0xef, 0x0, 0x3f, 0xf8, 0x0, 0xbf, 0xe0, 0x2,
    0xff, 0x80, 0xb, 0xfe, 0x0, 0x3f, 0xbc, 0x0,
    0xfc, 0xfd, 0x1f, 0xf1, 0xff, 0xfb, 0xc1, 0xbe,
    0x2f, 0x0, 0x0, 0xbc, 0x0, 0x2, 0xf0, 0x0,
    0xb, 0xc0, 0x0, 0x2f,

    /* U+0072 "r" */
    0xf9, 0xff, 0xff, 0xff, 0xf4, 0x3f, 0x0, 0xf8,
    0x3, 0xe0, 0xf, 0x80, 0x3e, 0x0, 0xf8, 0x3,
    0xe0, 0xf, 0x80, 0x3e, 0x0,

    /* U+0073 "s" */
    0x2, 0xff, 0x40, 0x7f, 0xff, 0xc3, 0xf4, 0x2f,
    0x4f, 0x80, 0x29, 0x2f, 0x90, 0x0, 0x2f, 0xfe,
    0x0, 0x6, 0xff, 0x0, 0x0, 0x7f, 0x3d, 0x0,
    0xbc, 0xfd, 0x7, 0xf1, 0xff, 0xff, 0x40, 0xbf,
    0xe0,

    /* U+0074 "t" */
    0x1, 0x40, 0xf, 0x80, 0xf, 0x80, 0xf, 0x80,
    0xff, 0xfc, 0xff, 0xfc, 0xf, 0x80, 0xf, 0x80,
    0xf, 0x80, 0xf, 0x80, 0xf, 0x80, 0xf, 0x80,
    0xf, 0x80, 0xf, 0x80, 0xb, 0xfc, 0x2, 0xfc,

    /* U+0075 "u" */
    0xf8, 0x2, 0xff, 0x80, 0x2f, 0xf8, 0x2, 0xff,
    0x80, 0x2f, 0xf8, 0x2, 0xff, 0x80, 0x2f, 0xf8,
    0x2, 0xff, 0x80, 0x2f, 0xfc, 0x3, 0xfb, 0xe1,
    0xff, 0x3f, 0xff, 0xf1, 0xfe, 0x2f,

    /* U+0076 "v" */
    0xbc, 0x0, 0xfc, 0x7d, 0x0, 0xf4, 0x3e, 0x1,
    0xf0, 0x2f, 0x3, 0xf0, 0x1f, 0x3, 0xd0, 0xf,
    0x87, 0xc0, 0xb, 0xcb, 0x80, 0x7, 0xdf, 0x40,
    0x3, 0xff, 0x0, 0x2, 0xfe, 0x0, 0x0, 0xfd,
    0x0, 0x0, 0xfc, 0x0,

    /* U+0077 "w" */
    0xbc, 0x2, 0xf0, 0xf, 0xdf, 0x40, 0xfc, 0x3,
    0xe3, 0xe0, 0x3f, 0x41, 0xf0, 0xfc, 0x2f, 0xe0,
    0xbc, 0x1f, 0xf, 0x7c, 0x3e, 0x3, 0xd3, 0xcf,
    0xf, 0x0, 0xf9, 0xe2, 0xd7, 0xc0, 0x2f, 0xb4,
    0x7a, 0xe0, 0x3, 0xfc, 0xf, 0xf4, 0x0, 0xff,
    0x3, 0xfc, 0x0, 0x2f, 0x80, 0xbe, 0x0, 0x3,
    0xd0, 0x1f, 0x40,

    /* U+0078 "x" */
    0x3f, 0x0, 0xfc, 0x1f, 0x82, 0xf0, 0xb, 0xc7,
    0xd0, 0x3, 0xff, 0x80, 0x1, 0xff, 0x0, 0x0,
    0xbd, 0x0, 0x0, 0xff, 0x0, 0x3, 0xff, 0x80,
    0x7, 0xd7, 0xd0, 0xf, 0x83, 0xf0, 0x3f, 0x0,
    0xf8, 0xbd, 0x0, 0xbd,

    /* U+0079 "y" */
    0xbc, 0x0, 0x7d, 0x7d, 0x0, 0xfc, 0x3f, 0x0,
    0xf8, 0x1f, 0x1, 0xf0, 0xf, 0x43, 0xe0, 0xb,
    0xc3, 0xd0, 0x7, 0xcb, 0xc0, 0x3, 0xef, 0x80,
    0x1, 0xff, 0x0, 0x0, 0xff, 0x0, 0x0, 0xbd,
    0x0, 0x0, 0x7c, 0x0, 0x0, 0xf8, 0x0, 0x1,
    0xf4, 0x0, 0x2, 0xf0, 0x0, 0x3, 0xd0, 0x0,

    /* U+007A "z" */
    0xff, 0xff, 0xff, 0xff, 0xff, 0x0, 0xf, 0xd0,
    0x2, 0xf8, 0x0, 0x7e, 0x0, 0xf, 0xc0, 0x3,
    0xf0, 0x0, 0xfd, 0x0, 0x2f, 0x80, 0x7, 0xf0,
    0x0, 0xff, 0xff, 0xff, 0xff, 0xff,

    /* U+007B "{" */
    0x0, 0x0, 0xb, 0xf0, 0xbf, 0xc3, 0xf0, 0xf,
    0x80, 0x3e, 0x0, 0xf8, 0x3, 0xe0, 0xf, 0x80,
    0x3d, 0xb, 0xf0, 0x3f, 0x0, 0xbf, 0x0, 0x3d,
    0x0, 0xf8, 0x3, 0xe0, 0xf, 0x80, 0x3e, 0x0,
    0xf8, 0x3, 0xf0, 0xb, 0xfc, 0xb, 0xf0,

    /* U+007C "|" */
    0xa7, 0xef, 0xbe, 0xfb, 0xef, 0xbe, 0xfb, 0xef,
    0xbe, 0xfb, 0xef, 0xbe, 0xfb, 0xef, 0xbe, 0xfb,
    0xef, 0x80,

    /* U+007D "}" */
    0x0, 0x0, 0xbf, 0x40, 0xbf, 0xc0, 0x7, 0xd0,
    0x3, 0xe0, 0x3, 0xe0, 0x3, 0xe0, 0x3, 0xe0,
    0x3, 0xe0, 0x3, 0xf0, 0x1, 0xfd, 0x0, 0x7e,
    0x1, 0xf8, 0x3, 0xe0, 0x3, 0xe0, 0x3, 0xe0,
    0x3, 0xe0, 0x3, 0xe0, 0x3, 0xe0, 0x7, 0xd0,
    0xbf, 0xc0, 0xbf, 0x0,

    /* U+007E "~" */
    0xf, 0x80, 0x10, 0xff, 0xe2, 0xd7, 0x8b, 0xff,
    0x4, 0x2, 0xf0,

    /* U+00B0 "°" */
    0xb, 0x82, 0x8e, 0x30, 0x73, 0x3, 0x38, 0xa0,
    0xfc, 0x0, 0x0,

    /* U+00B1 "±" */
    0x0, 0xbc, 0x0, 0x2, 0xf0, 0x0, 0xb, 0xc0,
    0x3f, 0xff, 0xff, 0xff, 0xff, 0xfc, 0x2, 0xf0,
    0x0, 0xb, 0xc0, 0x0, 0x2f, 0x0, 0x0, 0x0,
    0x0, 0x0, 0x0, 0xf, 0xff, 0xff, 0xff, 0xff,
    0xff,

    /* U+00B7 "·" */
    0xbb, 0xfb, 0x80,

    /* U+00D7 "×" */
    0x10, 0x0, 0x10, 0xb8, 0x0, 0x7c, 0x7e, 0x1,
    0xf8, 0x1f, 0x83, 0xe0, 0x7, 0xef, 0x80, 0x1,
    0xfe, 0x0, 0x0, 0xfd, 0x0, 0x3, 0xff, 0x40,
    0xf, 0xcb, 0xd0, 0x3f, 0x2, 0xf4, 0xbc, 0x0,
    0xbc, 0x20, 0x0, 0x20,

    /* U+00F7 "÷" */
    0x0, 0xb8, 0x0, 0x3, 0xf0, 0x0, 0xb, 0x80,
    0x0, 0x0, 0x0, 0x0, 0x0, 0x3, 0xff, 0xff,
    0xff, 0xff, 0xff, 0xc0, 0x0, 0x0, 0x0, 0x0,
    0x0, 0x2, 0xe0, 0x0, 0xf, 0xc0, 0x0, 0x2e,
    0x0,

    /* U+2014 "—" */
    0x0, 0x0, 0x0, 0x0, 0x0, 0xf, 0xff, 0xff,
    0xff, 0xff, 0xff, 0xff, 0xff, 0xff, 0xff, 0xff,
    0xf0,

    /* U+2026 "…" */
    0xb8, 0x0, 0xb8, 0x0, 0xbb, 0xf0, 0x3, 0xf0,
    0x3, 0xfb, 0x80, 0xb, 0x80, 0xb, 0x80,

    /* U+2103 "℃" */
    0xf, 0xc0, 0x0, 0x0, 0x0, 0x38, 0xb0, 0x0,
    0x0, 0x0, 0x30, 0x30, 0xb, 0xf9, 0x0, 0x34,
    0x70, 0xbf, 0xff, 0xd0, 0xf, 0xc3, 0xf9, 0x5b,
    0xf4, 0x0, 0xb, 0xd0, 0x0, 0xfc, 0x0, 0xf,
    0x80, 0x0, 0x7c, 0x0, 0x1f, 0x0, 0x0, 0x0,
    0x0, 0x2f, 0x0, 0x0, 0x0, 0x0, 0x2f, 0x0,
    0x0, 0x0, 0x0, 0x2f, 0x0, 0x0, 0x0, 0x0,
    0x2f, 0x0, 0x0, 0x0, 0x0, 0x1f, 0x0, 0x0,
    0x29, 0x0, 0xf, 0x40, 0x0, 0x7d, 0x0, 0xf,
    0xc0, 0x0, 0xfc, 0x0, 0x3, 0xf4, 0x7, 0xf4,
    0x0, 0x1, 0xff, 0xff, 0xd0, 0x0, 0x0, 0x2f,
    0xfe, 0x0, 0x0, 0x0, 0x0, 0x0, 0x0,

    /* U+2190 "←" */
    0x0, 0x20, 0x0, 0x0, 0x0, 0x0, 0xb, 0x40,
    0x0, 0x0, 0x0, 0x2, 0xe0, 0x0, 0x0, 0x0,
    0x0, 0xfc, 0x0, 0x0, 0x0, 0x0, 0x3f, 0xff,
    0xff, 0xff, 0xff, 0xd3, 0xff, 0xff, 0xff, 0xff,
    0xfe, 0xf, 0x80, 0x0, 0x0, 0x0, 0x0, 0x3e,
    0x0, 0x0, 0x0, 0x0, 0x0, 0xb4, 0x0, 0x0,
    0x0, 0x0, 0x2, 0x40, 0x0, 0x0, 0x0,

    /* U+2191 "↑" */
    0x0, 0x0, 0x0, 0x9, 0x0, 0x1, 0xf4, 0x0,
    0x7f, 0xd0, 0x1f, 0xff, 0x47, 0xcf, 0x7c, 0xb0,
    0xf0, 0xe0, 0xf, 0x0, 0x0, 0xf0, 0x0, 0xf,
    0x0, 0x0, 0xf0, 0x0, 0xf, 0x0, 0x0, 0xf0,
    0x0, 0xf, 0x0, 0x0, 0xf0, 0x0, 0xf, 0x0,
    0x0, 0xf0, 0x0, 0xf, 0x0, 0x0, 0xf0, 0x0,
    0xf, 0x0, 0x0, 0xf0, 0x0, 0xf, 0x0,

    /* U+2192 "→" */
    0x0, 0x0, 0x0, 0x0, 0x80, 0x0, 0x0, 0x0,
    0x0, 0x1e, 0x0, 0x0, 0x0, 0x0, 0x0, 0xb8,
    0x0, 0x0, 0x0, 0x0, 0x3, 0xf0, 0x7f, 0xff,
    0xff, 0xff, 0xff, 0xcb, 0xff, 0xff, 0xff, 0xff,
    0xfc, 0x0, 0x0, 0x0, 0x0, 0x2f, 0x0, 0x0,
    0x0, 0x0, 0xb, 0xc0, 0x0, 0x0, 0x0, 0x1,
    0xe0, 0x0, 0x0, 0x0, 0x0, 0x18, 0x0,

    /* U+2193 "↓" */
    0x0, 0xf0, 0x0, 0xf, 0x0, 0x0, 0xf0, 0x0,
    0xf, 0x0, 0x0, 0xf0, 0x0, 0xf, 0x0, 0x0,
    0xf0, 0x0, 0xf, 0x0, 0x0, 0xf0, 0x0, 0xf,
    0x0, 0x0, 0xf0, 0x0, 0xf, 0x0, 0x0, 0xf0,
    0x0, 0xf, 0x0, 0x0, 0xf0, 0xb, 0xf, 0xe,
    0x7c, 0xf7, 0xc1, 0xff, 0xf4, 0x7, 0xfd, 0x0,
    0x1f, 0x40, 0x0, 0x90, 0x0, 0x0, 0x0,

    /* U+25CF "●" */
    0x0, 0xa, 0xa4, 0x0, 0x0, 0x3f, 0xff, 0xe0,
    0x0, 0x7f, 0xff, 0xff, 0x0, 0x7f, 0xff, 0xff,
    0xf0, 0x3f, 0xff, 0xff, 0xfe, 0x1f, 0xff, 0xff,
    0xff, 0xcb, 0xff, 0xff, 0xff, 0xf7, 0xff, 0xff,
    0xff, 0xfe, 0xff, 0xff, 0xff, 0xff, 0xbf, 0xff,
    0xff, 0xff, 0xef, 0xff, 0xff, 0xff, 0xfa, 0xff,
    0xff, 0xff, 0xfc, 0x3f, 0xff, 0xff, 0xff, 0x7,
    0xff, 0xff, 0xff, 0x0, 0xbf, 0xff, 0xff, 0x40,
    0x7, 0xff, 0xff, 0x40, 0x0, 0x2f, 0xf9, 0x0,
    0x0,

    /* U+3001 "、" */
    0x0, 0x0, 0xf0, 0x3, 0xf0, 0x2, 0xf0, 0x2,
    0xf0, 0x3, 0xc0, 0x0, 0x0,

    /* U+3002 "。" */
    0x6, 0x40, 0xff, 0xc7, 0x47, 0x6c, 0xe, 0x3e,
    0xf0, 0x7f, 0x40,

    /* U+4E00 "一" */
    0x0, 0x0, 0x0, 0x0, 0x0, 0xff, 0xff, 0xff,
    0xff, 0xff, 0xff, 0xff, 0xff, 0xff, 0xff,

    /* U+4E2D "中" */
    0x0, 0x1, 0xf0, 0x0, 0x0, 0x0, 0x1f, 0x0,
    0x0, 0x0, 0x1, 0xf0, 0x0, 0x0, 0x0, 0x1f,
    0x0, 0x0, 0xff, 0xff, 0xff, 0xff, 0xef, 0xff,
    0xff, 0xff, 0xfe, 0xf0, 0x1, 0xf0, 0x2, 0xef,
    0x0, 0x1f, 0x0, 0x2e, 0xf0, 0x1, 0xf0, 0x2,
    0xef, 0x0, 0x1f, 0x0, 0x2e, 0xf0, 0x1, 0xf0,
    0x2, 0xef, 0xff, 0xff, 0xff, 0xfe, 0xff, 0xff,
    0xff, 0xff, 0xef, 0x0, 0x1f, 0x0, 0x2e, 0xa0,
    0x1, 0xf0, 0x1, 0x90, 0x0, 0x1f, 0x0, 0x0,
    0x0, 0x1, 0xf0, 0x0, 0x0, 0x0, 0x1f, 0x0,
    0x0, 0x0, 0x1, 0xf0, 0x0, 0x0, 0x0, 0x1f,
    0x0, 0x0,

    /* U+4EAE "亮" */
    0x0, 0x0, 0x50, 0x0, 0x0, 0x0, 0x0, 0xf8,
    0x0, 0x0, 0xff, 0xff, 0xff, 0xff, 0xfe, 0xff,
    0xff, 0xff, 0xff, 0xfe, 0x55, 0x55, 0x55, 0x55,
    0x54, 0x1, 0xff, 0xff, 0xff, 0x0, 0x2, 0xff,
    0xff, 0xff, 0x0, 0x2, 0xe0, 0x0, 0xf, 0x0,
    0x2, 0xff, 0xff, 0xff, 0x0, 0x2, 0xff, 0xff,
    0xff, 0x0, 0x0, 0x0, 0x0, 0x0, 0x0, 0xbf,
    0xff, 0xff, 0xff, 0xfc, 0xbf, 0xff, 0xff, 0xff,
    0xfc, 0xb8, 0x0, 0x0, 0x0, 0x3c, 0xb8, 0x3f,
    0xff, 0xf4, 0x3c, 0x0, 0x3f, 0xff, 0xf4, 0x0,
    0x0, 0x3d, 0x0, 0xf4, 0x0, 0x0, 0x7c, 0x0,
    0xf4, 0x1e, 0x2, 0xfc, 0x0, 0xf4, 0x2e, 0x7f,
    0xf0, 0x0, 0xff, 0xfd, 0x3f, 0x40, 0x0, 0x7f,
    0xf8, 0x0, 0x0, 0x0, 0x0, 0x0,

    /* U+4EC5 "仅" */
    0x0, 0x0, 0x0, 0x0, 0x0, 0x0, 0x7, 0x80,
    0x0, 0x0, 0x0, 0x0, 0xbc, 0xff, 0xff, 0xff,
    0x0, 0xf, 0x4f, 0xff, 0xff, 0xe0, 0x2, 0xf0,
    0x2e, 0x0, 0x3e, 0x0, 0x3e, 0x2, 0xe0, 0x3,
    0xd0, 0xb, 0xd0, 0x1f, 0x0, 0x3c, 0x0, 0xfd,
    0x0, 0xf0, 0x7, 0xc0, 0x3f, 0xd0, 0xf, 0x40,
    0xf8, 0xb, 0xfd, 0x0, 0xbc, 0xf, 0x40, 0x73,
    0xd0, 0x3, 0xc2, 0xf0, 0x1, 0x3d, 0x0, 0x2f,
    0x3d, 0x0, 0x3, 0xd0, 0x0, 0xff, 0xc0, 0x0,
    0x3d, 0x0, 0xb, 0xf4, 0x0, 0x3, 0xd0, 0x0,
    0x3f, 0x0, 0x0, 0x3d, 0x0, 0xf, 0xfc, 0x0,
    0x3, 0xd0, 0x3, 0xf7, 0xf0, 0x0, 0x3d, 0x1,
    0xfd, 0x1f, 0xc0, 0x3, 0xd0, 0xbf, 0x40, 0x7f,
    0x40, 0x3d, 0x2f, 0xc0, 0x0, 0xfc, 0x3, 0xd0,
    0xe0, 0x0, 0x3, 0x40, 0x0, 0x0, 0x0, 0x0,
    0x0,

    /* U+4EF6 "件" */
    0x0, 0x0, 0x0, 0x0, 0x0, 0x0, 0xe, 0x0,
    0xf, 0x40, 0x0, 0xb, 0xc2, 0x83, 0xd0, 0x0,
    0x3, 0xe0, 0xf0, 0xf4, 0x0, 0x1, 0xf0, 0x7c,
    0x3d, 0x0, 0x0, 0xf8, 0x3f, 0xff, 0xff, 0xc0,
    0x7c, 0xf, 0xff, 0xff, 0xf0, 0x3f, 0xb, 0xc0,
    0xf4, 0x0, 0x3f, 0xc3, 0xd0, 0x3d, 0x0, 0x1f,
    0xf1, 0xf0, 0xf, 0x40, 0x3, 0x7c, 0x24, 0x3,
    0xd0, 0x0, 0x4f, 0x0, 0x0, 0xf4, 0x0, 0x3,
    0xc3, 0xff, 0xff, 0xff, 0xc0, 0xf0, 0xff, 0xff,
    0xff, 0xf0, 0x3c, 0x0, 0x3, 0xd0, 0x0, 0xf,
    0x0, 0x0, 0xf4, 0x0, 0x3, 0xc0, 0x0, 0x3d,
    0x0, 0x0, 0xf0, 0x0, 0xf, 0x40, 0x0, 0x3c,
    0x0, 0x3, 0xd0, 0x0, 0xf, 0x0, 0x0, 0xf4,
    0x0, 0x3, 0xc0, 0x0, 0x3d, 0x0, 0x0,

    /* U+4EFD "份" */
    0x0, 0x10, 0x0, 0x0, 0x0, 0x0, 0xf, 0x43,
    0x82, 0xd0, 0x0, 0x7, 0xc1, 0xf0, 0xb8, 0x0,
    0x3, 0xe0, 0xf8, 0x1f, 0x0, 0x1, 0xf0, 0x7c,
    0x3, 0xf0, 0x0, 0xf8, 0x3e, 0x0, 0x7d, 0x0,
    0xbd, 0x2f, 0x0, 0xb, 0xd0, 0x3f, 0x5f, 0x80,
    0x0, 0xfd, 0x3f, 0xdf, 0xc0, 0x0, 0xf, 0xaf,
    0xf5, 0xff, 0xff, 0xfd, 0x87, 0x3d, 0xf, 0xff,
    0xff, 0x0, 0x4f, 0x40, 0x1f, 0x3, 0xc0, 0x3,
    0xd0, 0xb, 0x80, 0xf0, 0x0, 0xf4, 0x3, 0xd0,
    0x3c, 0x0, 0x3d, 0x0, 0xf0, 0xf, 0x0, 0xf,
    0x40, 0x7c, 0x3, 0xc0, 0x3, 0xd0, 0x3e, 0x0,
    0xf0, 0x0, 0xf4, 0x2f, 0x0, 0x3c, 0x0, 0x3d,
    0x2f, 0x40, 0x2f, 0x0, 0xf, 0x5f, 0x42, 0xff,
    0x80, 0x3, 0xd2, 0x40, 0x7f, 0x80, 0x0, 0x0,
    0x0, 0x0, 0x0, 0x0,

    /* U+4F20 "传" */
    0x0, 0x20, 0x0, 0xa0, 0x0, 0x0, 0x1f, 0x40,
    0x3c, 0x0, 0x0, 0xf, 0xc0, 0x2f, 0x0, 0x0,
    0x7, 0xdb, 0xff, 0xff, 0xfc, 0x3, 0xf2, 0xff,
    0xff, 0xff, 0x1, 0xf4, 0x0, 0xf0, 0x0, 0x0,
    0xfc, 0x0, 0xbc, 0x0, 0x0, 0xff, 0x2f, 0xff,
    0xff, 0xff, 0xbf, 0xcb, 0xff, 0xff, 0xff, 0xde,
    0xf0, 0x7, 0x80, 0x0, 0x2, 0x3c, 0x3, 0xd0,
    0x0, 0x0, 0xf, 0x0, 0xff, 0xff, 0xf8, 0x3,
    0xc0, 0xbf, 0xff, 0xfe, 0x0, 0xf0, 0x0, 0x0,
    0x1f, 0x0, 0x3c, 0x0, 0x40, 0x1f, 0x40, 0xf,
    0x0, 0xbe, 0x6f, 0x40, 0x3, 0xc0, 0x1f, 0xff,
    0x0, 0x0, 0xf0, 0x0, 0x2f, 0xe0, 0x0, 0x3c,
    0x0, 0x0, 0xbf, 0x0, 0xf, 0x0, 0x0, 0x3,
    0x40, 0x0, 0x0, 0x0, 0x0, 0x0, 0x0,

    /* U+4F4D "位" */
    0x0, 0x10, 0x0, 0x0, 0x0, 0x0, 0x1f, 0x0,
    0x7c, 0x0, 0x0, 0xb, 0xc0, 0xf, 0x40, 0x0,
    0x3, 0xe0, 0x2, 0xe0, 0x0, 0x2, 0xf3, 0xff,
    0xff, 0xff, 0x40, 0xf8, 0xff, 0xff, 0xff, 0xd0,
    0xbc, 0x0, 0x0, 0x0, 0x0, 0x7f, 0x0, 0x40,
    0x0, 0x90, 0x3f, 0xc0, 0xf4, 0x0, 0x7c, 0x2f,
    0xf0, 0x2f, 0x0, 0x2e, 0x7, 0x3c, 0x7, 0xc0,
    0xf, 0x40, 0x4f, 0x0, 0xf4, 0x3, 0xc0, 0x3,
    0xc0, 0x3d, 0x1, 0xf0, 0x0, 0xf0, 0xb, 0x80,
    0xb8, 0x0, 0x3c, 0x1, 0xf0, 0x3d, 0x0, 0xf,
    0x0, 0x3c, 0xf, 0x0, 0x3, 0xc0, 0xf, 0x47,
    0xc0, 0x0, 0xf0, 0x1, 0x3, 0xe0, 0x0, 0x3c,
    0x7f, 0xff, 0xff, 0xfc, 0xf, 0x1f, 0xff, 0xff,
    0xff, 0x3, 0xc0, 0x0, 0x0, 0x0, 0x0,

    /* U+505C "停" */
    0x0, 0x0, 0x0, 0x10, 0x0, 0x0, 0x1d, 0x0,
    0x3d, 0x0, 0x0, 0xf, 0xea, 0xaf, 0xea, 0xa4,
    0x3, 0xef, 0xff, 0xff, 0xfe, 0x1, 0xf1, 0x55,
    0x55, 0x55, 0x0, 0xf4, 0x7f, 0xff, 0xff, 0x0,
    0x7c, 0x1f, 0xff, 0xff, 0xc0, 0x3f, 0x7, 0xc0,
    0x0, 0xf0, 0x2f, 0xc1, 0xff, 0xff, 0xfc, 0xf,
    0xf0, 0x7f, 0xff, 0xff, 0x3, 0xfc, 0x0, 0x0,
    0x0, 0x0, 0x8f, 0x3f, 0xff, 0xff, 0xfe, 0x3,
    0xcf, 0xff, 0xff, 0xff, 0x80, 0xf3, 0xc0, 0x0,
    0x1, 0xe0, 0x3c, 0xff, 0xff, 0xff, 0xf8, 0xf,
    0xb, 0xff, 0xff, 0xf8, 0x3, 0xc0, 0x0, 0x3c,
    0x0, 0x0, 0xf0, 0x0, 0xf, 0x0, 0x0, 0x3c,
    0x0, 0x7, 0xc0, 0x0, 0xf, 0x0, 0x7f, 0xf0,
    0x0, 0x3, 0xc0, 0xf, 0xe0, 0x0, 0x0,

    /* U+50A8 "储" */
    0x0, 0x0, 0x0, 0x0, 0x0, 0x0, 0xa, 0x0,
    0x0, 0xf4, 0x0, 0x0, 0xfb, 0xc0, 0xf, 0x42,
    0x80, 0x1f, 0x3f, 0xf, 0xff, 0xbc, 0x2, 0xe0,
    0xfc, 0xff, 0xff, 0x80, 0x3c, 0x7, 0x40, 0xf5,
    0xf4, 0xb, 0xc0, 0x10, 0xf, 0x7f, 0x0, 0xfc,
    0x0, 0x0, 0xfb, 0xd0, 0x2f, 0xdf, 0xf2, 0xff,
    0xff, 0xc3, 0xfd, 0xff, 0x1f, 0xff, 0xfc, 0x3b,
    0xc0, 0xf0, 0x1f, 0x80, 0x0, 0x3c, 0xf, 0xb,
    0xff, 0xf0, 0x3, 0xc0, 0xf7, 0xff, 0xff, 0x0,
    0x3c, 0xf, 0x3f, 0x80, 0xf0, 0x3, 0xc0, 0xf1,
    0xb8, 0xf, 0x0, 0x3c, 0xf, 0x5b, 0xff, 0xf0,
    0x3, 0xc0, 0xfe, 0xbf, 0xff, 0x0, 0x3c, 0xf,
    0xcb, 0x80, 0xf0, 0x3, 0xc2, 0xf0, 0xbf, 0xff,
    0x0, 0x3c, 0xc, 0xb, 0xff, 0xf0, 0x3, 0xc0,
    0x0, 0x78, 0xf, 0x0,

    /* U+5149 "光" */
    0x0, 0x0, 0x3d, 0x0, 0x0, 0x0, 0x50, 0xf,
    0x40, 0x34, 0x0, 0xbc, 0x3, 0xd0, 0x1f, 0x40,
    0xf, 0x80, 0xf4, 0xf, 0xc0, 0x1, 0xf4, 0x3d,
    0x7, 0xd0, 0x0, 0x3f, 0xf, 0x43, 0xf0, 0x0,
    0x7, 0x43, 0xd0, 0xb0, 0x0, 0x0, 0x0, 0xf8,
    0x0, 0x0, 0x7f, 0xff, 0xff, 0xff, 0xff, 0x1f,
    0xff, 0xff, 0xff, 0xff, 0xc0, 0x0, 0xf8, 0x1f,
    0x0, 0x0, 0x0, 0x3d, 0x7, 0xc0, 0x0, 0x0,
    0xf, 0x41, 0xf0, 0x0, 0x0, 0x7, 0xc0, 0x7c,
    0x0, 0x0, 0x2, 0xf0, 0x1f, 0x0, 0x90, 0x1,
    0xf4, 0x7, 0xc0, 0x3d, 0x1, 0xfc, 0x1, 0xf0,
    0xf, 0x42, 0xfc, 0x0, 0x7d, 0x7, 0xcb, 0xfc,
    0x0, 0xf, 0xff, 0xf1, 0xf8, 0x0, 0x1, 0xff,
    0xf4, 0x10, 0x0, 0x0, 0x0, 0x0, 0x0,

    /* U+5173 "关" */
    0x0, 0x0, 0x0, 0x0, 0x0, 0x0, 0xb, 0x0,
    0x3, 0xd0, 0x0, 0x3, 0xf0, 0x2, 0xf0, 0x0,
    0x0, 0x3e, 0x0, 0xf8, 0x0, 0x0, 0x7, 0x80,
    0xbc, 0x0, 0x3, 0xff, 0xff, 0xff, 0xff, 0x0,
    0xff, 0xff, 0xff, 0xff, 0xc0, 0x0, 0x0, 0xbc,
    0x0, 0x0, 0x0, 0x0, 0x2e, 0x0, 0x0, 0x0,
    0x0, 0xf, 0x80, 0x0, 0x0, 0x0, 0x3, 0xd0,
    0x0, 0x0, 0xff, 0xff, 0xff, 0xff, 0xfc, 0x3f,
    0xff, 0xff, 0xff, 0xff, 0x0, 0x0, 0x3f, 0xf0,
    0x0, 0x0, 0x0, 0x1f, 0x7d, 0x0, 0x0, 0x0,
    0xf, 0xcb, 0xd0, 0x0, 0x0, 0x1f, 0xc0, 0xfd,
    0x0, 0x0, 0x2f, 0xd0, 0xf, 0xf0, 0x1, 0xbf,
    0xc0, 0x0, 0xbf, 0x90, 0xff, 0x80, 0x0, 0x7,
    0xfd, 0x2d, 0x0, 0x0, 0x0, 0x1f, 0x0, 0x0,
    0x0, 0x0, 0x0, 0x0,

    /* U+5206 "分" */
    0x0, 0x0, 0x0, 0x10, 0x0, 0x0, 0x2, 0xc0,
    0x2d, 0x0, 0x0, 0x1, 0xf4, 0xb, 0xc0, 0x0,
    0x0, 0xf8, 0x0, 0xf4, 0x0, 0x0, 0xfc, 0x0,
    0x2f, 0x0, 0x0, 0xbd, 0x0, 0x3, 0xf0, 0x0,
    0xbd, 0x0, 0x0, 0x3f, 0x0, 0xfe, 0x0, 0x0,
    0x3, 0xf4, 0xbe, 0x0, 0x0, 0x0, 0x7f, 0xc,
    0xff, 0xff, 0xff, 0xf3, 0x40, 0x3f, 0xff, 0xff,
    0xfc, 0x0, 0x0, 0xf, 0x40, 0x1f, 0x0, 0x0,
    0x7, 0xc0, 0x7, 0xc0, 0x0, 0x2, 0xe0, 0x1,
    0xf0, 0x0, 0x0, 0xf4, 0x0, 0xb8, 0x0, 0x0,
    0xfc, 0x0, 0x2e, 0x0, 0x0, 0xfc, 0x0, 0xf,
    0x40, 0x1, 0xfd, 0x0, 0xb, 0xc0, 0x2, 0xfd,
    0xf, 0xff, 0xe0, 0x0, 0x38, 0x2, 0xff, 0xe0,
    0x0, 0x0, 0x0, 0x0, 0x0, 0x0, 0x0,

    /* U+5217 "列" */
    0x0, 0x0, 0x0, 0x0, 0xf, 0xf, 0xff, 0xff,
    0xc0, 0x3, 0xc3, 0xff, 0xff, 0xf3, 0xc0, 0xf0,
    0x3, 0xd0, 0x0, 0xf0, 0x3c, 0x0, 0xf0, 0x0,
    0x3c, 0xf, 0x0, 0x7e, 0xaa, 0xf, 0x3, 0xc0,
    0x2f, 0xff, 0xc3, 0xc0, 0xf0, 0xf, 0xaa, 0xf0,
    0xf0, 0x3c, 0xb, 0xc0, 0x7c, 0x3c, 0xf, 0x7,
    0xe0, 0x2e, 0xf, 0x3, 0xc3, 0xfe, 0xf, 0x43,
    0xc0, 0xf0, 0xfb, 0xfb, 0xc0, 0xf0, 0x3c, 0x20,
    0x3f, 0xe0, 0x3c, 0xf, 0x0, 0x3, 0xf0, 0xf,
    0x3, 0xc0, 0x1, 0xf4, 0x3, 0xc0, 0xf0, 0x1,
    0xfc, 0x0, 0xf0, 0x3c, 0x2, 0xfc, 0x0, 0x0,
    0xf, 0x7, 0xfc, 0x0, 0x0, 0x7, 0xc3, 0xf8,
    0x0, 0x0, 0xff, 0xf0, 0x34, 0x0, 0x0, 0x3f,
    0xf0, 0x0, 0x0, 0x0, 0x0, 0x0, 0x0,

    /* U+5220 "删" */
    0x0, 0x0, 0x0, 0x0, 0xf, 0x3, 0xff, 0x2f,
    0xf4, 0x3, 0xc0, 0xff, 0xcb, 0xfd, 0x38, 0xf0,
    0x3c, 0xf2, 0xcb, 0x4e, 0x3c, 0xf, 0x3c, 0xb2,
    0xd3, 0x8f, 0x3, 0xcf, 0x2c, 0xb4, 0xe3, 0xc0,
    0xf3, 0xcb, 0x2d, 0x38, 0xf0, 0x3c, 0xf2, 0xcb,
    0x4e, 0x3c, 0xf, 0x3d, 0xb6, 0xe3, 0x8f, 0xf,
    0xff, 0xff, 0xfe, 0xe3, 0xc3, 0xff, 0xff, 0xff,
    0x78, 0xf0, 0x3c, 0xf2, 0xcb, 0x4e, 0x3c, 0xf,
    0x3c, 0xb2, 0xd3, 0x8f, 0x3, 0xcf, 0x3c, 0xb4,
    0xe3, 0xc1, 0xe3, 0xcf, 0x2d, 0x38, 0xf0, 0x78,
    0xf3, 0xcb, 0x49, 0x3c, 0x2d, 0x3d, 0xf2, 0xd0,
    0xf, 0xf, 0xf, 0xb8, 0xb4, 0x3, 0xc7, 0xdf,
    0xed, 0xbd, 0x3f, 0xf0, 0x53, 0xe2, 0x2f, 0xf,
    0xf4, 0x0, 0x0, 0x0, 0x0, 0x0, 0x0,

    /* U+5236 "制" */
    0x0, 0xf, 0x80, 0x0, 0xf, 0x2, 0xe3, 0xe0,
    0x0, 0x3, 0xc0, 0xf9, 0xf9, 0x50, 0xf0, 0xf0,
    0x3f, 0xff, 0xfd, 0x3c, 0x3c, 0x2f, 0xaf, 0xea,
    0xf, 0xf, 0xf, 0x43, 0xe0, 0x3, 0xc3, 0xc0,
    0x80, 0xf8, 0x0, 0xf0, 0xf0, 0xff, 0xff, 0xff,
    0x3c, 0x3c, 0x3f, 0xff, 0xff, 0xcf, 0xf, 0x0,
    0x3, 0xe0, 0x3, 0xc3, 0xc0, 0x55, 0xf9, 0x54,
    0xf0, 0xf0, 0x3f, 0xff, 0xfe, 0x3c, 0x3c, 0xf,
    0xef, 0xef, 0x8f, 0xf, 0x3, 0xc3, 0xe1, 0xe3,
    0xc3, 0xc0, 0xf0, 0xf8, 0x78, 0xf0, 0xf0, 0x3c,
    0x3e, 0x1e, 0x14, 0x3c, 0xf, 0xf, 0x8b, 0x80,
    0xf, 0x3, 0xc3, 0xef, 0xe0, 0x3, 0xc0, 0xf0,
    0xfb, 0xf0, 0x7f, 0xf0, 0x0, 0x3e, 0x0, 0xf,
    0xf4,

    /* U+52A0 "加" */
    0x0, 0x7c, 0x0, 0x0, 0x0, 0x0, 0x1f, 0x0,
    0x0, 0x0, 0x0, 0x7, 0xc0, 0x2, 0xaa, 0xa0,
    0x1, 0xf0, 0x0, 0xff, 0xfc, 0x2f, 0xff, 0xfc,
    0x3e, 0xaf, 0xb, 0xff, 0xff, 0xf, 0x3, 0xc0,
    0x7, 0xc3, 0xc3, 0xc0, 0xf0, 0x1, 0xf0, 0xf0,
    0xf0, 0x3c, 0x0, 0x7c, 0x3c, 0x3c, 0xf, 0x0,
    0x1f, 0xf, 0xf, 0x3, 0xc0, 0xb, 0xc3, 0xc3,
    0xc0, 0xf0, 0x2, 0xe0, 0xf0, 0xf0, 0x3c, 0x0,
    0xf4, 0x3c, 0x3c, 0xf, 0x0, 0x3c, 0xf, 0xf,
    0x3, 0xc0, 0x1f, 0x3, 0xc3, 0xc0, 0xf0, 0xf,
    0x80, 0xf0, 0xf0, 0x3c, 0x7, 0xd0, 0x3c, 0x3c,
    0xf, 0x3, 0xf0, 0x2f, 0xf, 0xff, 0xc2, 0xf5,
    0xff, 0x83, 0xff, 0xf0, 0xb8, 0x3f, 0xc0, 0xf0,
    0x3c, 0x4, 0x0, 0x0, 0x0, 0x0, 0x0,

    /* U+52A8 "动" */
    0x0, 0x0, 0x0, 0x1f, 0x0, 0x3, 0xff, 0xfc,
    0x7, 0xc0, 0x0, 0xff, 0xff, 0x1, 0xf0, 0x0,
    0x0, 0x0, 0x1, 0xbd, 0x55, 0x0, 0x0, 0x1,
    0xff, 0xff, 0xc0, 0x0, 0x0, 0x7f, 0xff, 0xf0,
    0x0, 0x0, 0x1, 0xf0, 0x3c, 0xff, 0xff, 0xf0,
    0x7c, 0xf, 0x3f, 0xff, 0xfc, 0x1f, 0x3, 0xc0,
    0x7c, 0x0, 0x7, 0xc0, 0xf0, 0x2e, 0x4, 0x2,
    0xe0, 0x3c, 0xf, 0x4f, 0x0, 0xb8, 0xf, 0x3,
    0xc3, 0xe0, 0x3d, 0x3, 0xc2, 0xf0, 0x7d, 0xf,
    0x0, 0xf0, 0xf4, 0x1f, 0xc7, 0xc0, 0x3c, 0x7e,
    0xbf, 0xf7, 0xe0, 0x1f, 0x3f, 0xff, 0x7f, 0xf4,
    0x7, 0xcb, 0xe4, 0x5, 0xfc, 0x3, 0xe0, 0x0,
    0x0, 0xfc, 0x3f, 0xf4, 0x0, 0x0, 0x1e, 0xf,
    0xf4, 0x0, 0x0, 0x0, 0x0, 0x0, 0x0,

    /* U+5316 "化" */
    0x0, 0x0, 0x0, 0x0, 0x0, 0x0, 0x0, 0x78,
    0x3c, 0x0, 0x0, 0x0, 0xf, 0x83, 0xc0, 0x0,
    0x0, 0x1, 0xf0, 0x3c, 0x0, 0x40, 0x0, 0x3e,
    0x3, 0xc0, 0x1f, 0x0, 0xf, 0xc0, 0x3c, 0x7,
    0xf0, 0x2, 0xf4, 0x3, 0xc2, 0xfc, 0x0, 0x7f,
    0x0, 0x3d, 0xff, 0x0, 0x1f, 0xf0, 0x3, 0xff,
    0x80, 0x7, 0xff, 0x0, 0x7f, 0xc0, 0x0, 0x3c,
    0xf0, 0x7f, 0xe0, 0x0, 0x2, 0xf, 0x1f, 0xfc,
    0x0, 0x0, 0x0, 0xf0, 0xfb, 0xc0, 0x0, 0x0,
    0xf, 0x0, 0x3c, 0x0, 0x0, 0x0, 0xf0, 0x3,
    0xc0, 0x0, 0x0, 0xf, 0x0, 0x3c, 0x0, 0x38,
    0x0, 0xf0, 0x3, 0xc0, 0x3, 0xc0, 0xf, 0x0,
    0x3c, 0x0, 0x3c, 0x0, 0xf0, 0x3, 0xd0, 0xb,
    0xc0, 0xf, 0x0, 0x3f, 0xff, 0xf8, 0x0, 0xf0,
    0x0, 0xff, 0xfe, 0x0,

    /* U+5361 "卡" */
    0x0, 0x1, 0xf0, 0x0, 0x0, 0x0, 0x1, 0xf0,
    0x0, 0x0, 0x0, 0x1, 0xf0, 0x0, 0x0, 0x0,
    0x1, 0xff, 0xff, 0xc0, 0x0, 0x1, 0xff, 0xff,
    0xc0, 0x0, 0x1, 0xf0, 0x0, 0x0, 0x0, 0x1,
    0xf0, 0x0, 0x0, 0xff, 0xff, 0xff, 0xff, 0xfe,
    0xff, 0xff, 0xff, 0xff, 0xfe, 0x0, 0x1, 0xf0,
    0x0, 0x0, 0x0, 0x1, 0xf0, 0x0, 0x0, 0x0,
    0x1, 0xfd, 0x0, 0x0, 0x0, 0x1, 0xff, 0xd0,
    0x0, 0x0, 0x1, 0xfb, 0xfd, 0x0, 0x0, 0x1,
    0xf0, 0xbf, 0xd0, 0x0, 0x1, 0xf0, 0xb, 0xd0,
    0x0, 0x1, 0xf0, 0x0, 0x80, 0x0, 0x1, 0xf0,
    0x0, 0x0, 0x0, 0x1, 0xf0, 0x0, 0x0, 0x0,
    0x1, 0xf0, 0x0, 0x0,

    /* U+5373 "即" */
    0xf, 0xff, 0xfc, 0x3f, 0xff, 0x3, 0xff, 0xff,
    0xf, 0xff, 0xc0, 0xf0, 0x3, 0xc3, 0xc0, 0xf0,
    0x3c, 0x0, 0xf0, 0xf0, 0x3c, 0xf, 0xff, 0xfc,
    0x3c, 0xf, 0x3, 0xff, 0xff, 0xf, 0x3, 0xc0,
    0xf0, 0x3, 0xc3, 0xc0, 0xf0, 0x3c, 0x0, 0xf0,
    0xf0, 0x3c, 0xf, 0xff, 0xfc, 0x3c, 0xf, 0x3,
    0xff, 0xff, 0xf, 0x3, 0xc0, 0xf0, 0x0, 0x3,
    0xc0, 0xf0, 0x3c, 0x0, 0x40, 0xf0, 0x3c, 0xf,
    0x0, 0xf0, 0x3c, 0xf, 0x3, 0xc0, 0x3e, 0xf,
    0x3, 0xc0, 0xf0, 0x1f, 0xc3, 0xcf, 0xf0, 0x3e,
    0xff, 0xf8, 0xf3, 0xf4, 0x3f, 0xff, 0x9f, 0x7c,
    0x0, 0xb, 0xf4, 0x2, 0x4f, 0x0, 0x0, 0x40,
    0x0, 0x3, 0xc0, 0x0,

    /* U+5382 "厂" */
    0x3, 0xff, 0xff, 0xff, 0xff, 0x40, 0xff, 0xff,
    0xff, 0xff, 0xd0, 0x3d, 0x0, 0x0, 0x0, 0x0,
    0xf, 0x0, 0x0, 0x0, 0x0, 0x3, 0xc0, 0x0,
    0x0, 0x0, 0x0, 0xf0, 0x0, 0x0, 0x0, 0x0,
    0x3c, 0x0, 0x0, 0x0, 0x0, 0xf, 0x0, 0x0,
    0x0, 0x0, 0x3, 0xc0, 0x0, 0x0, 0x0, 0x0,
    0xf0, 0x0, 0x0, 0x0, 0x0, 0x3c, 0x0, 0x0,
    0x0, 0x0, 0xf, 0x0, 0x0, 0x0, 0x0, 0x7,
    0xc0, 0x0, 0x0, 0x0, 0x2, 0xe0, 0x0, 0x0,
    0x0, 0x0, 0xf4, 0x0, 0x0, 0x0, 0x0, 0x3c,
    0x0, 0x0, 0x0, 0x0, 0x2f, 0x0, 0x0, 0x0,
    0x0, 0xf, 0x40, 0x0, 0x0, 0x0, 0x2, 0xc0,
    0x0, 0x0, 0x0, 0x0, 0x0, 0x0, 0x0, 0x0,
    0x0,

    /* U+538B "压" */
    0xf, 0xff, 0xff, 0xff, 0xff, 0x3, 0xff, 0xff,
    0xff, 0xff, 0xc0, 0xf0, 0x0, 0x14, 0x0, 0x0,
    0x3c, 0x0, 0xf, 0x0, 0x0, 0xf, 0x0, 0x3,
    0xc0, 0x0, 0x3, 0xc0, 0x0, 0xf0, 0x0, 0x0,
    0xf0, 0x0, 0x3c, 0x0, 0x0, 0x3c, 0xff, 0xff,
    0xff, 0xf0, 0xf, 0x3f, 0xff, 0xff, 0xfc, 0x3,
    0xc0, 0x0, 0xf4, 0x0, 0x1, 0xf0, 0x0, 0x3c,
    0x28, 0x0, 0x78, 0x0, 0xf, 0x1f, 0x0, 0x2e,
    0x0, 0x3, 0xc2, 0xf0, 0xb, 0x40, 0x0, 0xf0,
    0x3d, 0x3, 0xd0, 0x0, 0x3c, 0xb, 0x80, 0xf0,
    0x0, 0xf, 0x0, 0x40, 0xbc, 0xff, 0xff, 0xff,
    0xff, 0x6d, 0x3f, 0xff, 0xff, 0xff, 0xd2, 0x0,
    0x0, 0x0, 0x0, 0x0,

    /* U+53D8 "变" */
    0x0, 0x0, 0x0, 0x0, 0x0, 0x0, 0x0, 0xf,
    0x40, 0x0, 0x0, 0x0, 0x3, 0xe0, 0x0, 0x0,
    0xff, 0xff, 0xff, 0xff, 0xfc, 0x3f, 0xff, 0xff,
    0xff, 0xff, 0x0, 0x0, 0xf0, 0x3d, 0x0, 0x0,
    0x1d, 0x3c, 0xf, 0x4e, 0x0, 0x2f, 0x8f, 0x3,
    0xd7, 0xf0, 0x3f, 0x83, 0xc0, 0xf4, 0x3f, 0xf,
    0x40, 0xf0, 0x3d, 0x3, 0xc0, 0x0, 0x28, 0xa,
    0x0, 0x0, 0x2f, 0xff, 0xff, 0xff, 0xc0, 0xb,
    0xff, 0xff, 0xff, 0xf0, 0x0, 0x1f, 0x40, 0x3,
    0xf0, 0x0, 0x1, 0xf4, 0x7, 0xf0, 0x0, 0x0,
    0x1f, 0xdb, 0xf0, 0x0, 0x0, 0x0, 0xff, 0xe0,
    0x0, 0x0, 0x2, 0xff, 0xfe, 0x0, 0x1, 0xbf,
    0xff, 0x6f, 0xfe, 0x90, 0xff, 0xf8, 0x0, 0x6f,
    0xfd, 0x1e, 0x40, 0x0, 0x0, 0x1b, 0x0,

    /* U+53F7 "号" */
    0x0, 0xff, 0xff, 0xff, 0xf0, 0x0, 0xf, 0xff,
    0xff, 0xff, 0x0, 0x0, 0xf8, 0x0, 0x2, 0xf0,
    0x0, 0xf, 0x80, 0x0, 0x2f, 0x0, 0x0, 0xff,
    0xff, 0xff, 0xf0, 0x0, 0xb, 0xff, 0xff, 0xfe,
    0x0, 0x0, 0x0, 0x0, 0x0, 0x0, 0x3, 0xff,
    0xff, 0xff, 0xff, 0xfc, 0x3f, 0xff, 0xff, 0xff,
    0xff, 0xc0, 0x1, 0xf0, 0x0, 0x0, 0x0, 0x0,
    0x2e, 0x0, 0x0, 0x0, 0x0, 0x3, 0xff, 0xff,
    0xff, 0x0, 0x0, 0x3f, 0xff, 0xff, 0xf0, 0x0,
    0x0, 0x0, 0x0, 0x1f, 0x0, 0x0, 0x0, 0x0,
    0x1, 0xf0, 0x0, 0x0, 0x0, 0x0, 0x2e, 0x0,
    0x0, 0x0, 0x0, 0x7, 0xe0, 0x0, 0x0, 0x0,
    0xbf, 0xfc, 0x0, 0x0, 0x0, 0x7, 0xff, 0x40,
    0x0,

    /* U+540E "后" */
    0x0, 0x0, 0x0, 0x0, 0x0, 0x0, 0x0, 0x1,
    0x5a, 0xff, 0x0, 0x3f, 0xff, 0xff, 0xff, 0xd0,
    0xf, 0xff, 0xfe, 0x94, 0x0, 0x3, 0xd0, 0x0,
    0x0, 0x0, 0x0, 0xf4, 0x0, 0x0, 0x0, 0x0,
    0x3d, 0x0, 0x0, 0x0, 0x0, 0xf, 0xff, 0xff,
    0xff, 0xff, 0x3, 0xff, 0xff, 0xff, 0xff, 0xc0,
    0xf4, 0x0, 0x0, 0x0, 0x0, 0x3c, 0x0, 0x0,
    0x0, 0x0, 0xf, 0x0, 0x0, 0x0, 0x0, 0x3,
    0xc3, 0xff, 0xff, 0xfc, 0x1, 0xf0, 0xff, 0xff,
    0xff, 0x0, 0xb8, 0x3c, 0x0, 0x3, 0xc0, 0x3e,
    0xf, 0x0, 0x0, 0xf0, 0xf, 0x43, 0xc0, 0x0,
    0x3c, 0x7, 0xc0, 0xf0, 0x0, 0xf, 0x3, 0xe0,
    0x3f, 0xff, 0xff, 0xc0, 0xf0, 0xf, 0xff, 0xff,
    0xf0, 0x8, 0x3, 0xc0, 0x0, 0x3c, 0x0,

    /* U+542C "听" */
    0x0, 0x0, 0x0, 0x0, 0x14, 0x0, 0x0, 0x5,
    0x6b, 0xfc, 0x3f, 0xfc, 0x3f, 0xff, 0xf8, 0x3f,
    0xfc, 0x3f, 0xa5, 0x0, 0x3c, 0x3c, 0x3d, 0x0,
    0x0, 0x3c, 0x3c, 0x3d, 0x0, 0x0, 0x3c, 0x3c,
    0x3d, 0x0, 0x0, 0x3c, 0x3c, 0x3f, 0xff, 0xff,
    0x3c, 0x3c, 0x3f, 0xff, 0xff, 0x3c, 0x3c, 0x3d,
    0x3, 0xc0, 0x3c, 0x3c, 0x3c, 0x3, 0xc0, 0x3c,
    0x3c, 0x3c, 0x3, 0xc0, 0x3c, 0x3c, 0x3c, 0x3,
    0xc0, 0x3c, 0x3c, 0x7c, 0x3, 0xc0, 0x3f, 0xfc,
    0xb8, 0x3, 0xc0, 0x3f, 0xfd, 0xf0, 0x3, 0xc0,
    0x3c, 0x2, 0xf0, 0x3, 0xc0, 0x0, 0x3, 0xd0,
    0x3, 0xc0, 0x0, 0xb, 0x80, 0x3, 0xc0, 0x0,
    0x2, 0x0, 0x3, 0xc0,

    /* U+542F "启" */
    0x0, 0x0, 0x4, 0x0, 0x0, 0x0, 0x0, 0x2f,
    0x0, 0x0, 0x0, 0x0, 0xf, 0x0, 0x0, 0x3,
    0xff, 0xff, 0xff, 0xfd, 0x3, 0xff, 0xff, 0xff,
    0xfd, 0x3, 0xd0, 0x0, 0x0, 0x3d, 0x3, 0xc0,
    0x0, 0x0, 0x3d, 0x3, 0xc0, 0x0, 0x0, 0x3d,
    0x3, 0xff, 0xff, 0xff, 0xfd, 0x3, 0xff, 0xff,
    0xff, 0xfd, 0x3, 0xc0, 0x0, 0x0, 0x0, 0x3,
    0xc0, 0x0, 0x0, 0x0, 0x3, 0xc0, 0x0, 0x0,
    0x0, 0x3, 0xcf, 0xff, 0xff, 0xfc, 0x7, 0xcf,
    0xff, 0xff, 0xfc, 0xb, 0x8f, 0x0, 0x0, 0x3c,
    0xf, 0x4f, 0x0, 0x0, 0x3c, 0x1f, 0xf, 0x0,
    0x0, 0x3c, 0x3e, 0xf, 0xff, 0xff, 0xfc, 0x3c,
    0xf, 0xff, 0xff, 0xfc, 0x18, 0xf, 0x40, 0x0,
    0x3c, 0x0, 0x0, 0x0, 0x0, 0x0,

    /* U+5668 "器" */
    0x7, 0xff, 0xf0, 0xff, 0xfc, 0x1, 0xff, 0xfc,
    0x3f, 0xff, 0x0, 0x7c, 0xf, 0xf, 0x3, 0xc0,
    0x1f, 0x3, 0xc3, 0xc0, 0xf0, 0x7, 0xff, 0xf0,
    0xff, 0xfc, 0x1, 0xff, 0xfc, 0x3f, 0xff, 0x0,
    0x0, 0x7, 0xc0, 0x3c, 0x0, 0xff, 0xff, 0xff,
    0xff, 0xfe, 0x3f, 0xff, 0xff, 0xff, 0xff, 0x80,
    0xb, 0xe0, 0xb, 0xd0, 0x0, 0x1f, 0xe0, 0x0,
    0xbe, 0x40, 0xbf, 0xd0, 0x0, 0x7, 0xfe, 0x3f,
    0xff, 0xf1, 0xff, 0xff, 0x80, 0xff, 0xfc, 0x7f,
    0xff, 0x40, 0x3c, 0xf, 0x1e, 0x3, 0xc0, 0xf,
    0x3, 0xc7, 0x80, 0xf0, 0x3, 0xff, 0xf1, 0xff,
    0xfc, 0x0, 0xff, 0xfc, 0x7f, 0xff, 0x0, 0x3c,
    0xf, 0x1e, 0x3, 0xc0,

    /* U+56FA "固" */
    0x3f, 0xff, 0xff, 0xff, 0xfc, 0x3f, 0xff, 0xff,
    0xff, 0xfc, 0x3c, 0x0, 0x0, 0x0, 0x3c, 0x3c,
    0x0, 0x3c, 0x0, 0x3c, 0x3c, 0x0, 0x3c, 0x0,
    0x3c, 0x3d, 0xff, 0xff, 0xff, 0x7c, 0x3d, 0xff,
    0xff, 0xff, 0x7c, 0x3c, 0x0, 0x3c, 0x0, 0x3c,
    0x3c, 0x0, 0x3c, 0x0, 0x3c, 0x3c, 0x3f, 0xff,
    0xfc, 0x3c, 0x3c, 0x3f, 0xff, 0xfc, 0x3c, 0x3c,
    0x3c, 0x0, 0x3c, 0x3c, 0x3c, 0x3c, 0x0, 0x3c,
    0x3c, 0x3c, 0x3f, 0xff, 0xfc, 0x3c, 0x3c, 0x3f,
    0xff, 0xfc, 0x3c, 0x3c, 0x0, 0x0, 0x0, 0x3c,
    0x3f, 0xff, 0xff, 0xff, 0xfc, 0x3f, 0xff, 0xff,
    0xff, 0xfc, 0x3c, 0x0, 0x0, 0x0, 0x3c,

    /* U+5730 "地" */
    0x2, 0xe0, 0x0, 0xf, 0x0, 0x0, 0xb8, 0x0,
    0x3, 0xc0, 0x0, 0x2e, 0x0, 0xa0, 0xf0, 0x0,
    0xb, 0x80, 0x3c, 0x3c, 0x4, 0x2, 0xe0, 0xf,
    0xf, 0x6f, 0x0, 0xb8, 0x3, 0xc7, 0xff, 0xc3,
    0xff, 0xf0, 0xff, 0xfe, 0xf0, 0xff, 0xfd, 0xff,
    0xfc, 0x3c, 0x2, 0xe0, 0x7f, 0xf, 0xf, 0x0,
    0xb8, 0x7, 0xc3, 0xc3, 0xc0, 0x2e, 0x0, 0xf0,
    0xf0, 0xf0, 0xb, 0x80, 0x3c, 0x3c, 0x7c, 0x2,
    0xe0, 0xf, 0xf, 0xbf, 0x0, 0xb8, 0x53, 0xc3,
    0xdf, 0x0, 0x2f, 0xf8, 0xf0, 0xf0, 0x10, 0xbf,
    0xfd, 0x3c, 0x28, 0xf, 0x3f, 0xe4, 0xf, 0x0,
    0x7, 0xca, 0x40, 0x3, 0xd0, 0x2, 0xe0, 0x0,
    0x0, 0xff, 0xff, 0xf4, 0x0, 0x0, 0x1f, 0xff,
    0xf8,

    /* U+574F "坏" */
    0x3, 0xc0, 0x0, 0x0, 0x0, 0x0, 0xf0, 0x7f,
    0xff, 0xff, 0xc0, 0x3c, 0x1f, 0xff, 0xff, 0xf0,
    0xf, 0x0, 0x0, 0xf8, 0x0, 0x3, 0xc0, 0x0,
    0x7c, 0x0, 0x1, 0xf0, 0x0, 0x3f, 0x0, 0xb,
    0xff, 0xd0, 0x1f, 0xc0, 0x2, 0xff, 0xf4, 0xf,
    0xf9, 0x0, 0x3, 0xc0, 0xb, 0xff, 0xd0, 0x0,
    0xf0, 0xb, 0xff, 0xfc, 0x0, 0x3c, 0xb, 0xeb,
    0xcf, 0xc0, 0xf, 0xb, 0xe2, 0xf0, 0xfc, 0x3,
    0xc3, 0xe0, 0xbc, 0x1f, 0x80, 0xf0, 0x60, 0x2f,
    0x2, 0x80, 0x3e, 0xe0, 0xb, 0xc0, 0x0, 0x6f,
    0xf8, 0x2, 0xf0, 0x0, 0xbf, 0xf4, 0x0, 0xbc,
    0x0, 0x1e, 0x40, 0x0, 0x2f, 0x0, 0x0, 0x0,
    0x0, 0xb, 0xc0, 0x0, 0x0, 0x0, 0x2, 0xf0,
    0x0,

    /* U+5907 "备" */
    0x0, 0x1, 0x40, 0x0, 0x0, 0x0, 0x0, 0x3e,
    0x0, 0x0, 0x0, 0x0, 0xf, 0xff, 0xff, 0xe0,
    0x0, 0x3, 0xff, 0xff, 0xfe, 0x0, 0x1, 0xff,
    0x0, 0xf, 0xc0, 0x0, 0xbf, 0xfd, 0x7, 0xf0,
    0x0, 0xb, 0xc2, 0xfa, 0xf8, 0x0, 0x0, 0x10,
    0xb, 0xfe, 0x0, 0x0, 0x0, 0xb, 0xff, 0xfe,
    0x40, 0x1, 0xbf, 0xfe, 0x7, 0xff, 0xe8, 0x2f,
    0xf9, 0x0, 0x2, 0xff, 0x80, 0xaf, 0xff, 0xff,
    0xff, 0x50, 0x0, 0xff, 0xff, 0xff, 0xf0, 0x0,
    0xf, 0x0, 0xf0, 0xf, 0x0, 0x0, 0xf0, 0xf,
    0x0, 0xf0, 0x0, 0xf, 0xff, 0xff, 0xff, 0x0,
    0x0, 0xff, 0xff, 0xff, 0xf0, 0x0, 0xf, 0x0,
    0xf0, 0xf, 0x0, 0x0, 0xf0, 0xf, 0x0, 0xf0,
    0x0, 0xf, 0xff, 0xff, 0xff, 0x0, 0x0, 0xff,
    0xff, 0xff, 0xf0, 0x0,

    /* U+590D "复" */
    0x0, 0x10, 0x0, 0x0, 0x0, 0x0, 0xbc, 0x0,
    0x0, 0x0, 0x0, 0xff, 0xff, 0xff, 0xf8, 0x2,
    0xff, 0xff, 0xff, 0xf8, 0x7, 0xd0, 0x0, 0x0,
    0x0, 0x1f, 0xff, 0xff, 0xff, 0xc0, 0x7f, 0xff,
    0xff, 0xff, 0xc0, 0x3c, 0xf0, 0x0, 0x3, 0xc0,
    0x0, 0xff, 0xff, 0xff, 0xc0, 0x0, 0xff, 0xff,
    0xff, 0xc0, 0x0, 0xf0, 0x0, 0x3, 0xc0, 0x0,
    0xff, 0xff, 0xff, 0xc0, 0x0, 0xff, 0xff, 0xff,
    0xc0, 0x0, 0x1f, 0x40, 0x0, 0x0, 0x0, 0xbf,
    0xff, 0xff, 0xd0, 0x7, 0xff, 0xff, 0xff, 0xc0,
    0x1f, 0xef, 0x40, 0x2f, 0x40, 0x9, 0x7, 0xfa,
    0xfc, 0x0, 0x0, 0x5, 0xff, 0xf9, 0x0, 0x2f,
    0xff, 0xfa, 0xff, 0xfe, 0x1f, 0xf9, 0x0, 0x6,
    0xfd, 0x0, 0x0, 0x0, 0x0, 0x0,

    /* U+5916 "外" */
    0x0, 0x0, 0x0, 0x0, 0x0, 0x0, 0x1, 0xe0,
    0x0, 0xf0, 0x0, 0x0, 0x2f, 0x0, 0xf, 0x0,
    0x0, 0x3, 0xe0, 0x0, 0xf0, 0x0, 0x0, 0x7f,
    0xff, 0x8f, 0x0, 0x0, 0xf, 0xff, 0xf8, 0xf0,
    0x0, 0x1, 0xf4, 0xf, 0x4f, 0x0, 0x0, 0x3f,
    0x0, 0xf4, 0xf0, 0x0, 0xf, 0xd0, 0x1f, 0xf,
    0xd0, 0x2, 0xf9, 0x2, 0xf0, 0xff, 0x80, 0x3f,
    0x3d, 0x3e, 0xf, 0x7f, 0x0, 0x83, 0xff, 0xc0,
    0xf1, 0xfc, 0x0, 0x7, 0xf8, 0xf, 0x7, 0xc0,
    0x0, 0x2f, 0x0, 0xf0, 0x10, 0x0, 0x7, 0xe0,
    0xf, 0x0, 0x0, 0x1, 0xfc, 0x0, 0xf0, 0x0,
    0x0, 0x7f, 0x0, 0xf, 0x0, 0x0, 0x2f, 0xc0,
    0x0, 0xf0, 0x0, 0x1f, 0xf0, 0x0, 0xf, 0x0,
    0x0, 0xf8, 0x0, 0x0, 0xf0, 0x0, 0x1, 0x0,
    0x0, 0xf, 0x0, 0x0,

    /* U+5B58 "存" */
    0x0, 0x0, 0x0, 0x0, 0x0, 0x0, 0x0, 0xf8,
    0x0, 0x0, 0x0, 0x0, 0x7d, 0x0, 0x0, 0x0,
    0xff, 0xff, 0xff, 0xff, 0xfc, 0x3f, 0xff, 0xff,
    0xff, 0xff, 0x0, 0xb, 0xc0, 0x0, 0x0, 0x0,
    0x3, 0xd0, 0x0, 0x0, 0x0, 0x2, 0xf2, 0xff,
    0xff, 0xf0, 0x1, 0xf4, 0xbf, 0xff, 0xfc, 0x1,
    0xf8, 0x0, 0x0, 0xbd, 0x0, 0xfc, 0x0, 0x0,
    0xfd, 0x0, 0xff, 0x0, 0x0, 0xfc, 0x0, 0xff,
    0xc0, 0x0, 0x7c, 0x0, 0xc, 0xf1, 0xff, 0xff,
    0xff, 0xd0, 0x3c, 0x7f, 0xff, 0xff, 0xf4, 0xf,
    0x0, 0x1, 0xf0, 0x0, 0x3, 0xc0, 0x0, 0x7c,
    0x0, 0x0, 0xf0, 0x0, 0x1f, 0x0, 0x0, 0x3c,
    0x0, 0xb, 0xc0, 0x0, 0xf, 0x0, 0x7f, 0xf0,
    0x0, 0x3, 0xc0, 0xf, 0xf0, 0x0, 0x0,

    /* U+5B8C "完" */
    0x0, 0x0, 0x0, 0x0, 0x0, 0x0, 0x0, 0x2f,
    0x0, 0x0, 0x0, 0x0, 0x7, 0xd0, 0x0, 0x0,
    0xff, 0xff, 0xff, 0xff, 0xfc, 0x3f, 0xff, 0xff,
    0xff, 0xff, 0xf, 0x0, 0x0, 0x0, 0xb, 0xc3,
    0xc0, 0x0, 0x0, 0x1, 0xf0, 0xf3, 0xff, 0xff,
    0xfe, 0x7c, 0x0, 0xff, 0xff, 0xff, 0x80, 0x0,
    0x0, 0x0, 0x0, 0x0, 0x0, 0x0, 0x0, 0x0,
    0x0, 0x1, 0xff, 0xff, 0xff, 0xff, 0xfc, 0x7f,
    0xff, 0xff, 0xff, 0xff, 0x0, 0x2, 0xe0, 0x7c,
    0x0, 0x0, 0x0, 0xf8, 0xf, 0x0, 0x0, 0x0,
    0x3d, 0x3, 0xc0, 0x10, 0x0, 0x2f, 0x0, 0xf0,
    0xf, 0x40, 0x1f, 0x80, 0x3c, 0x3, 0xd0, 0x7f,
    0xc0, 0xf, 0x40, 0xf1, 0xff, 0x80, 0x3, 0xff,
    0xfc, 0x3f, 0x40, 0x0, 0x7f, 0xfd, 0x0, 0x0,
    0x0, 0x0, 0x0, 0x0,

    /* U+5B9A "定" */
    0x0, 0x0, 0x0, 0x0, 0x0, 0x0, 0x0, 0xf,
    0x80, 0x0, 0x0, 0x0, 0x1, 0xf0, 0x0, 0x0,
    0x3f, 0xff, 0xff, 0xff, 0xfc, 0xf, 0xff, 0xff,
    0xff, 0xff, 0x3, 0xc0, 0x0, 0x0, 0x3, 0xc0,
    0xf0, 0x0, 0x0, 0x0, 0xf0, 0x3d, 0xff, 0xff,
    0xff, 0xbc, 0x0, 0x7f, 0xff, 0xff, 0xe0, 0x0,
    0x0, 0x3, 0xd0, 0x0, 0x0, 0x0, 0x0, 0xf0,
    0x0, 0x0, 0x0, 0xe0, 0x3c, 0x0, 0x0, 0x0,
    0x7c, 0xf, 0x40, 0x0, 0x0, 0x2e, 0x3, 0xff,
    0xfd, 0x0, 0xf, 0x40, 0xff, 0xff, 0x40, 0xb,
    0xd0, 0x3c, 0x0, 0x0, 0x3, 0xfd, 0xf, 0x0,
    0x0, 0x2, 0xf7, 0xe3, 0xc0, 0x0, 0x1, 0xf4,
    0x7f, 0xf5, 0x0, 0x0, 0xfc, 0x2, 0xff, 0xff,
    0xff, 0x1c, 0x0, 0x6, 0xbf, 0xff, 0x80, 0x0,
    0x0, 0x0, 0x0, 0x0,

    /* U+5C06 "将" */
    0x0, 0x0, 0x0, 0x0, 0x0, 0x0, 0xf, 0x0,
    0x7c, 0x0, 0x0, 0x3, 0xc0, 0x3f, 0xff, 0xf0,
    0xa0, 0xf0, 0x3f, 0xff, 0xfc, 0x3c, 0x3c, 0xbf,
    0x0, 0x3f, 0xb, 0x8f, 0x7f, 0x74, 0x2f, 0x40,
    0xf3, 0xc6, 0x2f, 0xbf, 0x80, 0x3e, 0xf0, 0x3,
    0xff, 0x40, 0x6, 0x3c, 0x2f, 0xfe, 0x0, 0x0,
    0xf, 0xf, 0xf8, 0x3d, 0x0, 0x3, 0xc1, 0x40,
    0xf, 0x40, 0x0, 0xf3, 0xff, 0xff, 0xff, 0x0,
    0xfc, 0xff, 0xff, 0xff, 0xc1, 0xff, 0x0, 0x40,
    0x3d, 0x2, 0xfb, 0xc0, 0xf0, 0xf, 0x41, 0xf8,
    0xf0, 0x3f, 0x3, 0xd0, 0x38, 0x3c, 0x3, 0xe0,
    0xf4, 0x0, 0xf, 0x0, 0x70, 0x3d, 0x0, 0x3,
    0xc0, 0x0, 0xf, 0x40, 0x0, 0xf0, 0x1, 0xff,
    0xc0, 0x0, 0x3c, 0x0, 0x3f, 0xe0, 0x0,

    /* U+5DE5 "工" */
    0x3f, 0xff, 0xff, 0xff, 0xf4, 0x3f, 0xff, 0xff,
    0xff, 0xf4, 0x0, 0x0, 0xbc, 0x0, 0x0, 0x0,
    0x0, 0x7c, 0x0, 0x0, 0x0, 0x0, 0x7c, 0x0,
    0x0, 0x0, 0x0, 0x7c, 0x0, 0x0, 0x0, 0x0,
    0x7c, 0x0, 0x0, 0x0, 0x0, 0x7c, 0x0, 0x0,
    0x0, 0x0, 0x7c, 0x0, 0x0, 0x0, 0x0, 0x7c,
    0x0, 0x0, 0x0, 0x0, 0x7c, 0x0, 0x0, 0x0,
    0x0, 0x7c, 0x0, 0x0, 0x0, 0x0, 0x7c, 0x0,
    0x0, 0x0, 0x0, 0x7c, 0x0, 0x0, 0x0, 0x0,
    0x7c, 0x0, 0x0, 0x0, 0x0, 0x7c, 0x0, 0x0,
    0xff, 0xff, 0xff, 0xff, 0xfd, 0xff, 0xff, 0xff,
    0xff, 0xfd, 0x0, 0x0, 0x0, 0x0, 0x0,

    /* U+5DF2 "已" */
    0x7f, 0xff, 0xff, 0xff, 0xd0, 0x7f, 0xff, 0xff,
    0xff, 0xd0, 0x0, 0x0, 0x0, 0x3, 0xd0, 0x0,
    0x0, 0x0, 0x3, 0xd0, 0xf, 0x0, 0x0, 0x3,
    0xd0, 0xf, 0x0, 0x0, 0x3, 0xd0, 0xf, 0x0,
    0x0, 0x3, 0xd0, 0xf, 0xff, 0xff, 0xff, 0xd0,
    0xf, 0xff, 0xff, 0xff, 0xd0, 0xf, 0x0, 0x0,
    0x0, 0x0, 0xf, 0x0, 0x0, 0x0, 0x0, 0xf,
    0x0, 0x0, 0x0, 0x0, 0xf, 0x0, 0x0, 0x0,
    0x2d, 0xf, 0x0, 0x0, 0x0, 0x2e, 0xf, 0x0,
    0x0, 0x0, 0x3e, 0xf, 0x0, 0x0, 0x0, 0x3d,
    0xf, 0xff, 0xff, 0xff, 0xfc, 0x7, 0xff, 0xff,
    0xff, 0xf4, 0x0, 0x0, 0x0, 0x0, 0x0,

    /* U+5E8F "序" */
    0x0, 0x0, 0x1a, 0x0, 0x0, 0x0, 0x0, 0x7,
    0xd0, 0x0, 0x0, 0xff, 0xff, 0xff, 0xff, 0xf0,
    0x3f, 0xff, 0xff, 0xff, 0xfc, 0xf, 0x0, 0x0,
    0x0, 0x0, 0x3, 0xc3, 0xff, 0xff, 0xfc, 0x0,
    0xf0, 0xff, 0xff, 0xff, 0x0, 0x3c, 0x0, 0x40,
    0x2f, 0x0, 0xf, 0x0, 0xbd, 0x3f, 0x0, 0x3,
    0xc0, 0xb, 0xfe, 0x0, 0x0, 0xf0, 0x0, 0x7f,
    0x40, 0x0, 0x3d, 0xff, 0xff, 0xff, 0xfc, 0x1f,
    0x7f, 0xff, 0xff, 0xfe, 0x7, 0x80, 0x0, 0xf0,
    0xf, 0x2, 0xe0, 0x0, 0x3c, 0xf, 0x80, 0xf4,
    0x0, 0xf, 0xb, 0x80, 0x3c, 0x0, 0x3, 0xc0,
    0x40, 0x2f, 0x0, 0x0, 0xf0, 0x0, 0xb, 0x40,
    0x2f, 0xfc, 0x0, 0x0, 0x80, 0x7, 0xfd, 0x0,
    0x0,

    /* U+5EA6 "度" */
    0x0, 0x0, 0x15, 0x0, 0x0, 0x0, 0x0, 0xb,
    0xc0, 0x0, 0x0, 0xff, 0xff, 0xff, 0xff, 0xf0,
    0x3f, 0xff, 0xff, 0xff, 0xfc, 0xf, 0x0, 0x0,
    0x0, 0x0, 0x3, 0xc0, 0xf0, 0x3, 0xc0, 0x0,
    0xff, 0xff, 0xff, 0xff, 0xf0, 0x3f, 0xff, 0xff,
    0xff, 0xfc, 0xf, 0x3, 0xc0, 0xf, 0x0, 0x3,
    0xc0, 0xf0, 0x3, 0xc0, 0x0, 0xf0, 0x3f, 0xff,
    0xf0, 0x0, 0x3c, 0xf, 0xff, 0xfc, 0x0, 0x1f,
    0x0, 0x0, 0x0, 0x0, 0x7, 0xcf, 0xff, 0xff,
    0xfc, 0x2, 0xe3, 0xff, 0xff, 0xfe, 0x0, 0xb8,
    0x1f, 0x40, 0x7f, 0x0, 0x3d, 0x1, 0xf8, 0xbf,
    0x0, 0xf, 0x0, 0xf, 0xfe, 0x0, 0x7, 0xc0,
    0x1f, 0xff, 0xd0, 0x3, 0xd7, 0xff, 0xe6, 0xff,
    0xf8, 0x30, 0xfe, 0x40, 0x6, 0xff, 0x0, 0x10,
    0x0, 0x0, 0x1, 0x0,

    /* U+5F00 "开" */
    0x2f, 0xff, 0xff, 0xff, 0xfc, 0x2f, 0xff, 0xff,
    0xff, 0xfc, 0x0, 0x3e, 0x0, 0x3e, 0x0, 0x0,
    0x2e, 0x0, 0x3d, 0x0, 0x0, 0x2e, 0x0, 0x3d,
    0x0, 0x0, 0x2e, 0x0, 0x3d, 0x0, 0x0, 0x2e,
    0x0, 0x3d, 0x0, 0xbf, 0xff, 0xff, 0xff, 0xff,
    0xbf, 0xff, 0xff, 0xff, 0xff, 0x0, 0x3d, 0x0,
    0x3e, 0x0, 0x0, 0x3c, 0x0, 0x3d, 0x0, 0x0,
    0x7c, 0x0, 0x3d, 0x0, 0x0, 0xbc, 0x0, 0x3d,
    0x0, 0x0, 0xf8, 0x0, 0x3d, 0x0, 0x1, 0xf4,
    0x0, 0x3d, 0x0, 0x3, 0xf0, 0x0, 0x3d, 0x0,
    0x1f, 0xc0, 0x0, 0x3d, 0x0, 0x3f, 0x40, 0x0,
    0x3d, 0x0, 0x2d, 0x0, 0x0, 0x3d, 0x0, 0x0,
    0x0, 0x0, 0x0, 0x0,

    /* U+5F0F "式" */
    0x0, 0x0, 0x7, 0xc1, 0xc0, 0x0, 0x0, 0x1,
    0xf0, 0xf8, 0x0, 0x0, 0x0, 0x3c, 0x1f, 0x0,
    0x0, 0x0, 0x1f, 0x43, 0xd0, 0x7f, 0xff, 0xff,
    0xff, 0xff, 0x1f, 0xff, 0xff, 0xff, 0xff, 0xc0,
    0x0, 0x0, 0x3d, 0x0, 0x0, 0x0, 0x0, 0xf,
    0x80, 0x0, 0x0, 0x0, 0x3, 0xe0, 0x0, 0xf,
    0xff, 0xfc, 0xbc, 0x0, 0x3, 0xff, 0xff, 0x2f,
    0x0, 0x0, 0x2, 0xe0, 0x7, 0xc0, 0x0, 0x0,
    0xb8, 0x0, 0xf4, 0x0, 0x0, 0x2e, 0x0, 0x3f,
    0x0, 0x0, 0xb, 0x80, 0xb, 0xc0, 0x80, 0x2,
    0xf6, 0xf0, 0xf8, 0x3c, 0x1b, 0xff, 0xfc, 0x2f,
    0x1f, 0x1f, 0xff, 0x90, 0x3, 0xff, 0x82, 0x90,
    0x0, 0x0, 0x7f, 0xd0, 0x0, 0x0, 0x0, 0x7,
    0xe0, 0x0, 0x0, 0x0, 0x0, 0x0, 0x0,

    /* U+5F3A "强" */
    0x7f, 0xfc, 0x3f, 0xff, 0xfc, 0x1f, 0xff, 0xf,
    0xff, 0xff, 0x0, 0x3, 0xc3, 0xc0, 0x3, 0xc0,
    0x0, 0xf0, 0xf0, 0x0, 0xf0, 0x0, 0x7c, 0x3f,
    0xff, 0xfc, 0xf, 0xff, 0xf, 0xff, 0xff, 0x3,
    0xea, 0x80, 0x3, 0xc0, 0x0, 0xf0, 0x3, 0xff,
    0xff, 0xf8, 0x3c, 0x0, 0xff, 0xff, 0xfe, 0x1f,
    0xaa, 0x3d, 0xf, 0x7, 0x87, 0xff, 0xdf, 0x43,
    0xc1, 0xe0, 0x0, 0xf3, 0xff, 0xff, 0xf8, 0x0,
    0x3c, 0xff, 0xff, 0xfe, 0x0, 0xf, 0x0, 0xf,
    0x6, 0x0, 0x3, 0xc0, 0x3, 0xc3, 0xc0, 0x0,
    0xf0, 0x0, 0xf5, 0xf8, 0x0, 0xbc, 0x6a, 0xff,
    0xff, 0xb, 0xfe, 0x3f, 0xff, 0xfb, 0xc1, 0xfe,
    0xa, 0x95, 0x0, 0xf4, 0x0, 0x0, 0x0, 0x0,
    0x0,

    /* U+5F85 "待" */
    0x0, 0x0, 0x0, 0x0, 0x0, 0x0, 0x7, 0x80,
    0x2, 0xe0, 0x0, 0x0, 0xf8, 0x0, 0x2e, 0x0,
    0x0, 0x2f, 0x7, 0xff, 0xff, 0xf4, 0xb, 0xd0,
    0x7f, 0xff, 0xff, 0x42, 0xf4, 0x0, 0x2, 0xe0,
    0x0, 0x3d, 0x2d, 0x0, 0x2e, 0x0, 0x2, 0x43,
    0xdf, 0xff, 0xff, 0xfc, 0x0, 0xbc, 0xff, 0xff,
    0xff, 0xc0, 0x2f, 0x0, 0x0, 0x5, 0x0, 0x7,
    0xf0, 0x0, 0x0, 0xf8, 0x2, 0xff, 0xf, 0xff,
    0xff, 0xfc, 0x3e, 0xf0, 0xff, 0xff, 0xff, 0xc1,
    0x4f, 0x0, 0x40, 0xf, 0x80, 0x0, 0xf0, 0x2e,
    0x0, 0xf8, 0x0, 0xf, 0x1, 0xf8, 0xf, 0x80,
    0x0, 0xf0, 0x7, 0xd0, 0xf8, 0x0, 0xf, 0x0,
    0x28, 0xf, 0x80, 0x0, 0xf0, 0x0, 0x0, 0xf8,
    0x0, 0xf, 0x0, 0x7, 0xff, 0x40, 0x0, 0xf0,
    0x0, 0x3f, 0xe0, 0x0, 0x0, 0x0, 0x0, 0x0,
    0x0,

    /* U+603B "总" */
    0x0, 0x0, 0x0, 0x0, 0x0, 0x0, 0x0, 0x90,
    0x0, 0xa4, 0x0, 0x0, 0x1f, 0x0, 0xf, 0x40,
    0x0, 0x0, 0xbc, 0x2, 0xf0, 0x0, 0x0, 0x7,
    0xd0, 0x7d, 0x0, 0x0, 0xf, 0xff, 0xff, 0xff,
    0x0, 0x0, 0xff, 0xff, 0xff, 0xf0, 0x0, 0xf,
    0x0, 0x0, 0xf, 0x0, 0x0, 0xf0, 0x0, 0x0,
    0xf0, 0x0, 0xf, 0x0, 0x0, 0xf, 0x0, 0x0,
    0xff, 0xff, 0xff, 0xf0, 0x0, 0xf, 0xff, 0xff,
    0xff, 0x0, 0x0, 0x0, 0x1, 0x0, 0x0, 0x0,
    0x0, 0x0, 0xf4, 0x0, 0x80, 0x7, 0xcf, 0x4b,
    0xc0, 0x3d, 0x0, 0xb8, 0xf4, 0x3d, 0x2, 0xf0,
    0xf, 0x4f, 0x42, 0xd3, 0x5f, 0x1, 0xf0, 0xf4,
    0x0, 0x3c, 0xf8, 0x3e, 0xf, 0x80, 0xb, 0xcb,
    0xc2, 0xc0, 0xff, 0xff, 0xf8, 0x10, 0x0, 0x3,
    0xff, 0xff, 0x0, 0x0,

    /* U+624B "手" */
    0x0, 0x0, 0x0, 0x0, 0x40, 0x0, 0x0, 0x15,
    0xaf, 0xf0, 0x1f, 0xff, 0xff, 0xff, 0xe0, 0xf,
    0xff, 0xff, 0x94, 0x0, 0x0, 0x0, 0x2e, 0x0,
    0x0, 0x0, 0x0, 0x2e, 0x0, 0x0, 0x0, 0x0,
    0x2e, 0x0, 0x0, 0xf, 0xff, 0xff, 0xff, 0xf4,
    0xf, 0xff, 0xff, 0xff, 0xf4, 0x0, 0x0, 0x2e,
    0x0, 0x0, 0x0, 0x0, 0x2e, 0x0, 0x0, 0x0,
    0x0, 0x2e, 0x0, 0x0, 0xff, 0xff, 0xff, 0xff,
    0xff, 0xff, 0xff, 0xff, 0xff, 0xff, 0x0, 0x0,
    0x2e, 0x0, 0x0, 0x0, 0x0, 0x2e, 0x0, 0x0,
    0x0, 0x0, 0x2e, 0x0, 0x0, 0x0, 0x0, 0x2e,
    0x0, 0x0, 0x0, 0x0, 0x3e, 0x0, 0x0, 0x0,
    0x2f, 0xfd, 0x0, 0x0, 0x0, 0x1f, 0xf8, 0x0,
    0x0,

    /* U+636E "据" */
    0x2, 0xe0, 0x0, 0x0, 0x0, 0x0, 0x2e, 0xb,
    0xff, 0xff, 0xf8, 0x2, 0xe0, 0xbf, 0xff, 0xff,
    0x81, 0x6e, 0x4b, 0x80, 0x0, 0xf8, 0x3f, 0xfd,
    0xbf, 0xff, 0xff, 0x82, 0xbf, 0x9b, 0xff, 0xff,
    0xf8, 0x2, 0xe0, 0xb8, 0xf, 0x0, 0x0, 0x2e,
    0xb, 0x80, 0xf0, 0x0, 0x2, 0xe0, 0xb8, 0xf,
    0x0, 0x0, 0x2e, 0x5f, 0xff, 0xff, 0xfc, 0x2,
    0xfd, 0xff, 0xff, 0xff, 0xc2, 0xff, 0xcf, 0x80,
    0xf0, 0x0, 0x3f, 0xe0, 0xf4, 0xf, 0x0, 0x2,
    0x6e, 0xf, 0x7f, 0xff, 0xf0, 0x2, 0xe1, 0xf3,
    0xff, 0xff, 0x0, 0x2e, 0x2f, 0x3c, 0x0, 0xf0,
    0x2, 0xe3, 0xe3, 0xc0, 0xf, 0x0, 0x2e, 0x7c,
    0x3f, 0xff, 0xf0, 0x3f, 0xeb, 0xc3, 0xff, 0xff,
    0x2, 0xfc, 0x34, 0x3c, 0x0, 0xf0, 0x0, 0x0,
    0x0, 0x0, 0x0, 0x0,

    /* U+63A5 "接" */
    0x0, 0x0, 0x0, 0x0, 0x0, 0x0, 0xbc, 0x0,
    0x2f, 0x0, 0x0, 0x2f, 0x0, 0x7, 0xc0, 0x0,
    0xb, 0xc2, 0xff, 0xff, 0xfc, 0x2, 0xf0, 0xbf,
    0xff, 0xff, 0xf, 0xff, 0x42, 0xc0, 0x3c, 0x3,
    0xff, 0xd0, 0xf4, 0x2f, 0x0, 0x5b, 0xd0, 0x1f,
    0xf, 0x80, 0x2, 0xf0, 0xff, 0xff, 0xff, 0x40,
    0xbc, 0x3f, 0xff, 0xff, 0xd0, 0x2f, 0x90, 0xa,
    0x0, 0x0, 0xb, 0xf4, 0xb, 0xc0, 0x0, 0x3f,
    0xf9, 0xff, 0xff, 0xff, 0xcf, 0xfc, 0x7f, 0xff,
    0xff, 0xf2, 0x2f, 0x0, 0xf0, 0xf, 0x40, 0xb,
    0xc0, 0xfc, 0x7, 0xc0, 0x2, 0xf0, 0x2f, 0xfb,
    0xd0, 0x0, 0xbc, 0x0, 0x7f, 0xf0, 0x0, 0x2f,
    0x0, 0x6f, 0xff, 0x90, 0xff, 0x83, 0xff, 0xd2,
    0xfd, 0x2f, 0xc0, 0xfe, 0x0, 0xb, 0x0, 0x0,
    0x0, 0x0, 0x0, 0x0,

    /* U+641C "搜" */
    0x3, 0xd0, 0x6, 0x3d, 0x0, 0x0, 0x3d, 0x7,
    0xfb, 0xdf, 0xf0, 0x3, 0xd0, 0xfe, 0x3d, 0xff,
    0x1, 0x7e, 0x4f, 0x43, 0xd0, 0xf0, 0x3f, 0xfc,
    0xff, 0x7d, 0xbf, 0x2, 0xbf, 0x8f, 0xf7, 0xdf,
    0xf0, 0x3, 0xd0, 0xf4, 0x3d, 0xf, 0x0, 0x3d,
    0xf, 0x43, 0xd0, 0xf0, 0x3, 0xd0, 0xff, 0xff,
    0xff, 0x0, 0x3e, 0xdf, 0xff, 0xff, 0xf0, 0x7,
    0xfd, 0x0, 0x3d, 0x0, 0x7, 0xfe, 0xf, 0xff,
    0xff, 0xf0, 0x3b, 0xd0, 0xff, 0xff, 0xff, 0x0,
    0x3d, 0x2, 0xf0, 0x3, 0xe0, 0x3, 0xd0, 0xf,
    0xc0, 0xfc, 0x0, 0x3d, 0x0, 0x3f, 0xbf, 0x40,
    0x3, 0xd0, 0x0, 0xff, 0xd0, 0x0, 0x3d, 0x1,
    0xbf, 0xff, 0x90, 0x3f, 0xd3, 0xff, 0xe6, 0xff,
    0xc3, 0xf8, 0x2f, 0x90, 0x1, 0xf8, 0x0, 0x0,
    0x0, 0x0, 0x0, 0x0,

    /* U+64AD "播" */
    0x0, 0x0, 0x0, 0x0, 0x0, 0x0, 0x2e, 0x0,
    0x0, 0x5a, 0xf0, 0x2, 0xe1, 0xff, 0xff, 0xff,
    0x80, 0x2e, 0xf, 0xff, 0xe5, 0x0, 0x3, 0xe0,
    0x18, 0x3c, 0x2d, 0x3, 0xff, 0xc3, 0xd3, 0xc3,
    0xc0, 0x2b, 0xfa, 0xff, 0xff, 0xff, 0xc0, 0x2e,
    0x1f, 0xff, 0xff, 0xfc, 0x2, 0xe0, 0xb, 0xbe,
    0xe0, 0x0, 0x2e, 0x2, 0xf3, 0xcb, 0xd0, 0x2,
    0xfd, 0xfc, 0x3c, 0x2f, 0xd0, 0x3f, 0xff, 0x0,
    0x0, 0x7d, 0x2f, 0xfa, 0xff, 0xff, 0xff, 0x83,
    0xfe, 0xf, 0xff, 0xff, 0xf0, 0x26, 0xe0, 0xf0,
    0x3c, 0xf, 0x0, 0x2e, 0xf, 0xff, 0xff, 0xf0,
    0x2, 0xe0, 0xff, 0xff, 0xff, 0x0, 0x2e, 0xf,
    0x3, 0xc0, 0xf0, 0x13, 0xe0, 0xff, 0xff, 0xff,
    0x3, 0xfd, 0xf, 0xff, 0xff, 0xf0, 0x1f, 0x80,
    0xf0, 0x0, 0xf, 0x0,

    /* U+653E "放" */
    0x0, 0x0, 0x0, 0x0, 0x0, 0x0, 0xf, 0x0,
    0x7, 0xc0, 0x0, 0x0, 0xf8, 0x0, 0xb8, 0x0,
    0x0, 0x7, 0xc0, 0xf, 0x40, 0x0, 0x3f, 0xff,
    0xf4, 0xff, 0xff, 0x83, 0xff, 0xff, 0x5f, 0xff,
    0xf8, 0x3, 0xd0, 0x3, 0xe0, 0x3d, 0x0, 0x3d,
    0x0, 0x3d, 0x3, 0xc0, 0x3, 0xd0, 0xb, 0xd0,
    0x3c, 0x0, 0x3f, 0xfe, 0xff, 0x7, 0xc0, 0x3,
    0xff, 0xd6, 0xf0, 0xb8, 0x0, 0x3c, 0x2d, 0xb,
    0x8f, 0x40, 0x3, 0xc2, 0xd0, 0x3d, 0xf0, 0x0,
    0x7c, 0x2d, 0x2, 0xfe, 0x0, 0x7, 0xc2, 0xd0,
    0xf, 0xd0, 0x0, 0xb8, 0x3d, 0x0, 0xfc, 0x0,
    0xf, 0x43, 0xd0, 0x2f, 0xf0, 0x1, 0xf0, 0x3d,
    0xb, 0xef, 0x80, 0x3e, 0x7, 0xc7, 0xf4, 0x7f,
    0x3, 0xdb, 0xfc, 0xfd, 0x1, 0xfc, 0x1c, 0x7f,
    0x4b, 0x0, 0x7, 0x80, 0x0, 0x0, 0x0, 0x0,
    0x0,

    /* U+6570 "数" */
    0x0, 0x0, 0x0, 0x0, 0x0, 0x0, 0x52, 0xd1,
    0x3, 0xc0, 0x0, 0x1f, 0x2d, 0x3c, 0x3c, 0x0,
    0x0, 0xb6, 0xdf, 0x83, 0xc0, 0x0, 0x2, 0x2d,
    0x60, 0x7f, 0xff, 0x82, 0xff, 0xff, 0xcb, 0xff,
    0xf8, 0x2f, 0xff, 0xfc, 0xb9, 0x7d, 0x0, 0x2f,
    0xf4, 0xf, 0x43, 0xc0, 0xb, 0xef, 0xf9, 0xf8,
    0x3c, 0x3, 0xf2, 0xd7, 0x6f, 0xc7, 0xc0, 0x2c,
    0x2d, 0x3, 0xfd, 0x78, 0x0, 0x7, 0x80, 0x19,
    0xeb, 0x40, 0x3f, 0xff, 0xfc, 0xf, 0xf0, 0x3,
    0xff, 0xff, 0xc0, 0xbf, 0x0, 0x3, 0xd0, 0x7c,
    0x3, 0xd0, 0x0, 0x7c, 0xf, 0x40, 0x7e, 0x0,
    0xb, 0xfb, 0xe0, 0xf, 0xf4, 0x0, 0xf, 0xfe,
    0x3, 0xf7, 0xd0, 0xb, 0xff, 0xfd, 0xfc, 0x2f,
    0x83, 0xfe, 0x7, 0x9f, 0x40, 0xbc, 0x19, 0x0,
    0x0, 0xc0, 0x2, 0x0, 0x0, 0x0, 0x0, 0x0,
    0x0,

    /* U+65E0 "无" */
    0xb, 0xff, 0xff, 0xff, 0xf8, 0x2, 0xff, 0xff,
    0xff, 0xfe, 0x0, 0x0, 0xb, 0xc0, 0x0, 0x0,
    0x0, 0x2, 0xf0, 0x0, 0x0, 0x0, 0x0, 0xbc,
    0x0, 0x0, 0x0, 0x0, 0x2e, 0x0, 0x0, 0x0,
    0x0, 0xf, 0x80, 0x0, 0x0, 0xff, 0xff, 0xff,
    0xff, 0xfd, 0x3f, 0xff, 0xff, 0xff, 0xff, 0x40,
    0x0, 0x7c, 0xb8, 0x0, 0x0, 0x0, 0x2f, 0x2e,
    0x0, 0x0, 0x0, 0xf, 0x4b, 0x80, 0x0, 0x0,
    0x7, 0xc2, 0xe0, 0x0, 0x0, 0x3, 0xe0, 0xb8,
    0x1, 0x0, 0x3, 0xf0, 0x2e, 0x0, 0xb4, 0x7,
    0xf4, 0xb, 0x80, 0x3d, 0xb, 0xf4, 0x2, 0xf0,
    0x1f, 0xf, 0xf4, 0x0, 0x7f, 0xff, 0xc2, 0xe0,
    0x0, 0xb, 0xff, 0xd0, 0x0, 0x0, 0x0, 0x0,
    0x0,

    /* U+661F "星" */
    0x3, 0xff, 0xff, 0xff, 0xf0, 0x3, 0xff, 0xff,
    0xff, 0xf0, 0x3, 0xd0, 0x0, 0x2, 0xf0, 0x3,
    0xff, 0xff, 0xff, 0xf0, 0x3, 0xff, 0xff, 0xff,
    0xf0, 0x3, 0xd0, 0x0, 0x2, 0xf0, 0x3, 0xff,
    0xff, 0xff, 0xf0, 0x3, 0xff, 0xff, 0xff, 0xe0,
    0x2, 0x80, 0xa, 0x0, 0x0, 0x3, 0xc0, 0x1f,
    0x0, 0x0, 0xb, 0xff, 0xff, 0xff, 0xfc, 0xf,
    0xff, 0xff, 0xff, 0xfc, 0x3f, 0x0, 0x1f, 0x0,
    0x0, 0x7d, 0xff, 0xff, 0xff, 0xf0, 0x24, 0xff,
    0xff, 0xff, 0xf0, 0x0, 0x0, 0x1f, 0x0, 0x0,
    0x0, 0x0, 0x1f, 0x0, 0x0, 0x3f, 0xff, 0xff,
    0xff, 0xff, 0x3f, 0xff, 0xff, 0xff, 0xff,

    /* U+6700 "最" */
    0x3, 0xff, 0xff, 0xff, 0xe0, 0x0, 0xfa, 0xaa,
    0xaa, 0xf8, 0x0, 0x3f, 0xff, 0xff, 0xfe, 0x0,
    0xf, 0xaa, 0xaa, 0xaf, 0x80, 0x3, 0xd5, 0x55,
    0x57, 0xe0, 0x0, 0xff, 0xff, 0xff, 0xf8, 0x0,
    0x0, 0x0, 0x0, 0x0, 0x1, 0xff, 0xff, 0xff,
    0xff, 0xfc, 0xbf, 0xff, 0xff, 0xff, 0xff, 0x2,
    0xd0, 0x3c, 0x0, 0x0, 0x0, 0xba, 0xaf, 0x3f,
    0xff, 0x80, 0x2f, 0xff, 0xcf, 0xff, 0xf0, 0xb,
    0x40, 0xf1, 0xf0, 0xb8, 0x2, 0xff, 0xfc, 0x3d,
    0x3c, 0x0, 0xba, 0xaf, 0x3, 0xfe, 0x0, 0x2d,
    0x7, 0xf0, 0x7f, 0x0, 0x7f, 0xff, 0xfc, 0x7f,
    0xf4, 0x1f, 0xe9, 0x7c, 0xfe, 0x3f, 0xc0, 0x0,
    0xf, 0x29, 0x1, 0xd0, 0x0, 0x0, 0x0, 0x0,
    0x0,

    /* U+672A "未" */
    0x0, 0x0, 0x2f, 0x0, 0x0, 0x0, 0x0, 0xb,
    0xc0, 0x0, 0x0, 0x0, 0x2, 0xf0, 0x0, 0x0,
    0x2f, 0xff, 0xff, 0xff, 0xf0, 0xb, 0xff, 0xff,
    0xff, 0xfc, 0x0, 0x0, 0xb, 0xc0, 0x0, 0x0,
    0x0, 0x2, 0xf0, 0x0, 0x0, 0x0, 0x0, 0xbc,
    0x0, 0x0, 0x3f, 0xff, 0xff, 0xff, 0xff, 0x4f,
    0xff, 0xff, 0xff, 0xff, 0xd0, 0x0, 0x2f, 0xff,
    0x0, 0x0, 0x0, 0x1e, 0xbd, 0xe0, 0x0, 0x0,
    0xf, 0x2f, 0x3d, 0x0, 0x0, 0xf, 0x8b, 0xc3,
    0xd0, 0x0, 0xf, 0xc2, 0xf0, 0x7d, 0x0, 0x1f,
    0xc0, 0xbc, 0xb, 0xe0, 0x3f, 0xc0, 0x2f, 0x0,
    0xbf, 0x4f, 0xc0, 0xb, 0xc0, 0xb, 0xd1, 0x80,
    0x2, 0xf0, 0x0, 0x60, 0x0, 0x0, 0xbc, 0x0,
    0x0,

    /* U+673A "机" */
    0x0, 0xf0, 0x0, 0x0, 0x0, 0x0, 0xf, 0x0,
    0xff, 0xfc, 0x0, 0x0, 0xf0, 0xf, 0xff, 0xc0,
    0x0, 0xf, 0x0, 0xf0, 0x3c, 0x0, 0x3f, 0xff,
    0x8f, 0x3, 0xc0, 0x3, 0xff, 0xf8, 0xf0, 0x3c,
    0x0, 0x1, 0xf4, 0xf, 0x3, 0xc0, 0x0, 0x2f,
    0x80, 0xf0, 0x3c, 0x0, 0x3, 0xfe, 0xf, 0x3,
    0xc0, 0x0, 0x7f, 0xf8, 0xf0, 0x3c, 0x0, 0xf,
    0xf7, 0xdf, 0x3, 0xc0, 0x2, 0xdf, 0x24, 0xf0,
    0x3c, 0x0, 0x3c, 0xf0, 0x1f, 0x3, 0xc0, 0x3,
    0x8f, 0x1, 0xe0, 0x3c, 0x24, 0x30, 0xf0, 0x2e,
    0x3, 0xc3, 0xc0, 0xf, 0x3, 0xd0, 0x3c, 0x3c,
    0x0, 0xf0, 0x7c, 0x3, 0xc3, 0xc0, 0xf, 0xf,
    0x80, 0x3d, 0x7c, 0x0, 0xf1, 0xf4, 0x3, 0xff,
    0xc0, 0xf, 0xa, 0x0, 0x1f, 0xf4, 0x0, 0x0,
    0x0, 0x0, 0x0, 0x0,

    /* U+677F "板" */
    0x0, 0xf0, 0x0, 0x1, 0x6d, 0x0, 0x3c, 0xf,
    0xff, 0xff, 0xc0, 0xf, 0x3, 0xff, 0xe9, 0x0,
    0x17, 0xd4, 0xf0, 0x0, 0x0, 0x3f, 0xff, 0xbc,
    0x0, 0x0, 0xf, 0xff, 0xef, 0x0, 0x0, 0x0,
    0x1f, 0x43, 0xff, 0xff, 0xe0, 0xb, 0xe0, 0xff,
    0xff, 0xf8, 0x3, 0xfe, 0x3d, 0xf0, 0x2e, 0x1,
    0xff, 0xdf, 0x3c, 0xf, 0x40, 0xff, 0x7b, 0xcb,
    0x83, 0xc0, 0x7b, 0xc8, 0xf1, 0xf1, 0xf0, 0x3c,
    0xf0, 0x3c, 0x3d, 0xf8, 0xe, 0x3c, 0x1f, 0x7,
    0xfc, 0x2, 0xf, 0xb, 0x80, 0xfe, 0x0, 0x3,
    0xc3, 0xd0, 0x3f, 0x80, 0x0, 0xf0, 0xf0, 0x3f,
    0xfc, 0x0, 0x3c, 0xbc, 0x7f, 0x1f, 0xd0, 0xf,
    0x3d, 0xbf, 0x1, 0xf8, 0x3, 0xc3, 0xe, 0x0,
    0xc, 0x0, 0x0, 0x0, 0x0, 0x0, 0x0,

    /* U+6821 "校" */
    0x0, 0x0, 0x0, 0x0, 0x0, 0x0, 0xf, 0x0,
    0x3, 0xd0, 0x0, 0x0, 0xf0, 0x0, 0x1f, 0x0,
    0x0, 0xf, 0x1, 0x56, 0xf9, 0x54, 0x0, 0xf0,
    0x3f, 0xff, 0xff, 0xc2, 0xff, 0xf3, 0xff, 0xff,
    0xfc, 0x2f, 0xff, 0x2, 0x40, 0x30, 0x0, 0x1f,
    0x40, 0x7d, 0xb, 0xc0, 0x2, 0xf0, 0xf, 0x80,
    0x3f, 0x0, 0x3f, 0xc2, 0xf0, 0x0, 0xf8, 0x7,
    0xff, 0xbf, 0x80, 0x6f, 0xc0, 0xff, 0xbf, 0xfc,
    0xf, 0x7c, 0x2d, 0xf3, 0xd2, 0xe0, 0xf0, 0x3,
    0xcf, 0x10, 0x1f, 0x2f, 0x0, 0x34, 0xf0, 0x0,
    0xff, 0xd0, 0x1, 0xf, 0x0, 0x3, 0xfc, 0x0,
    0x0, 0xf0, 0x0, 0x3f, 0xc0, 0x0, 0xf, 0x0,
    0x1f, 0xff, 0x40, 0x0, 0xf0, 0x1f, 0xf9, 0xff,
    0x40, 0xf, 0xf, 0xfd, 0x2, 0xfd, 0x0, 0xf0,
    0x7d, 0x0, 0x2, 0xc0, 0x0, 0x0, 0x0, 0x0,
    0x0,

    /* U+68C0 "检" */
    0x0, 0xf0, 0x0, 0x2f, 0x0, 0x0, 0xf, 0x0,
    0x7, 0xf4, 0x0, 0x0, 0xf0, 0x0, 0xfb, 0xc0,
    0x0, 0xf, 0x0, 0x2f, 0x2f, 0x0, 0x2f, 0xff,
    0xb, 0xc0, 0xf8, 0x2, 0xff, 0xf2, 0xf4, 0x7,
    0xe0, 0x1, 0xf0, 0xff, 0xff, 0xff, 0xc0, 0x2f,
    0x8f, 0xbf, 0xff, 0x7c, 0x3, 0xfd, 0x50, 0x0,
    0x1, 0x40, 0x7f, 0xf4, 0x2, 0x80, 0x90, 0xf,
    0xf7, 0x6d, 0x7c, 0x1f, 0x1, 0xff, 0x22, 0xe3,
    0xc2, 0xe0, 0x3d, 0xf0, 0x1f, 0x3d, 0x3d, 0x3,
    0xcf, 0x0, 0xf2, 0xe3, 0xc0, 0x24, 0xf0, 0xf,
    0x5e, 0x7c, 0x0, 0xf, 0x0, 0xb9, 0x9b, 0x80,
    0x0, 0xf0, 0x7, 0x40, 0xf4, 0x0, 0xf, 0x0,
    0x0, 0x1f, 0x0, 0x0, 0xf0, 0xff, 0xff, 0xff,
    0xc0, 0xf, 0xf, 0xff, 0xff, 0xfc,

    /* U+6A21 "模" */
    0x0, 0xf0, 0x3, 0xc1, 0xe0, 0x0, 0xf, 0x5,
    0xbd, 0x6f, 0x54, 0x0, 0xf1, 0xff, 0xff, 0xff,
    0xc0, 0xf, 0xa, 0xbe, 0xaf, 0xa4, 0x2f, 0xff,
    0x3, 0xc1, 0xe0, 0x2, 0xff, 0xf2, 0xaa, 0xaa,
    0x90, 0x1, 0xf0, 0x3f, 0xff, 0xfe, 0x0, 0x2f,
    0x3, 0xc0, 0x2, 0xe0, 0x3, 0xfc, 0x3f, 0xff,
    0xfe, 0x0, 0x7f, 0xe3, 0xff, 0xff, 0xe0, 0xf,
    0xff, 0x3c, 0x0, 0x1e, 0x1, 0xef, 0x73, 0xff,
    0xff, 0xe0, 0x3d, 0xf1, 0x3f, 0xff, 0xfe, 0x3,
    0x8f, 0x0, 0x3, 0xd0, 0x0, 0x20, 0xf2, 0xff,
    0xff, 0xff, 0xc0, 0xf, 0x2f, 0xff, 0xff, 0xfc,
    0x0, 0xf0, 0x1, 0xff, 0x80, 0x0, 0xf, 0x0,
    0xbe, 0x3f, 0x40, 0x0, 0xf0, 0xbf, 0x80, 0xbf,
    0x80, 0xf, 0x7, 0x80, 0x0, 0xb4, 0x0, 0x0,
    0x0, 0x0, 0x0, 0x0,

    /* U+6B62 "止" */
    0x0, 0x0, 0x1f, 0x0, 0x0, 0x0, 0x0, 0x1f,
    0x0, 0x0, 0x0, 0x0, 0x1f, 0x0, 0x0, 0x0,
    0x50, 0x1f, 0x0, 0x0, 0x1, 0xf0, 0x1f, 0x0,
    0x0, 0x1, 0xf0, 0x1f, 0x0, 0x0, 0x1, 0xf0,
    0x1f, 0x0, 0x0, 0x1, 0xf0, 0x1f, 0xff, 0xf8,
    0x1, 0xf0, 0x1f, 0xff, 0xf8, 0x1, 0xf0, 0x1f,
    0x0, 0x0, 0x1, 0xf0, 0x1f, 0x0, 0x0, 0x1,
    0xf0, 0x1f, 0x0, 0x0, 0x1, 0xf0, 0x1f, 0x0,
    0x0, 0x1, 0xf0, 0x1f, 0x0, 0x0, 0x1, 0xf0,
    0x1f, 0x0, 0x0, 0x1, 0xf0, 0x1f, 0x0, 0x0,
    0x1, 0xf0, 0x1f, 0x0, 0x0, 0xff, 0xff, 0xff,
    0xff, 0xfe, 0xff, 0xff, 0xff, 0xff, 0xfe, 0x0,
    0x0, 0x0, 0x0, 0x0,

    /* U+6C14 "气" */
    0x0, 0x0, 0x0, 0x0, 0x0, 0x0, 0x7, 0xc0,
    0x0, 0x0, 0x0, 0x0, 0xfc, 0x0, 0x0, 0x0,
    0x0, 0x1f, 0xff, 0xff, 0xff, 0xc0, 0x3, 0xff,
    0xff, 0xff, 0xfc, 0x0, 0x7d, 0x0, 0x0, 0x0,
    0x0, 0xf, 0xbf, 0xff, 0xff, 0xf0, 0x3, 0xf3,
    0xff, 0xff, 0xff, 0x0, 0x2d, 0x0, 0x0, 0x0,
    0x0, 0x0, 0x40, 0x0, 0x0, 0x0, 0x0, 0x3,
    0xff, 0xff, 0xff, 0xc0, 0x0, 0x3f, 0xff, 0xff,
    0xfc, 0x0, 0x0, 0x0, 0x0, 0x3, 0xc0, 0x0,
    0x0, 0x0, 0x0, 0x3c, 0x0, 0x0, 0x0, 0x0,
    0x3, 0xc0, 0x0, 0x0, 0x0, 0x0, 0x3c, 0x10,
    0x0, 0x0, 0x0, 0x3, 0xc3, 0xc0, 0x0, 0x0,
    0x0, 0x3c, 0x7c, 0x0, 0x0, 0x0, 0x2, 0xff,
    0x80, 0x0, 0x0, 0x0, 0x1f, 0xf0, 0x0, 0x0,
    0x0, 0x0, 0x7d, 0x0, 0x0, 0x0, 0x0, 0x0,
    0x0,

    /* U+6C47 "汇" */
    0x0, 0x0, 0x0, 0x0, 0x0, 0x7, 0xc0, 0x3f,
    0xff, 0xff, 0xd1, 0xfd, 0xf, 0xff, 0xff, 0xf4,
    0xf, 0xe3, 0xd0, 0x0, 0x0, 0x0, 0xb0, 0xf0,
    0x0, 0x0, 0x0, 0x0, 0x3c, 0x0, 0x0, 0x2,
    0xd0, 0xf, 0x0, 0x0, 0x0, 0xfe, 0x3, 0xc0,
    0x0, 0x0, 0xb, 0xf0, 0xf0, 0x0, 0x0, 0x0,
    0x78, 0x3c, 0x0, 0x0, 0x0, 0x0, 0xf, 0x0,
    0x0, 0x0, 0x0, 0x3, 0xc0, 0x0, 0x0, 0x0,
    0x90, 0xf0, 0x0, 0x0, 0x0, 0x7c, 0x3c, 0x0,
    0x0, 0x0, 0x3e, 0xf, 0x0, 0x0, 0x0, 0x1f,
    0x43, 0xc0, 0x0, 0x0, 0xf, 0xc0, 0xf0, 0x0,
    0x0, 0x7, 0xd0, 0x3f, 0xff, 0xff, 0xd3, 0xf0,
    0xf, 0xff, 0xff, 0xf4, 0x24, 0x0, 0x0, 0x0,
    0x0,

    /* U+6C60 "池" */
    0x4, 0x0, 0x0, 0x3c, 0x0, 0x1, 0xf0, 0x0,
    0x3, 0xc0, 0x0, 0x1f, 0xd0, 0xf0, 0x3c, 0x0,
    0x0, 0x3f, 0x4f, 0x3, 0xc0, 0x60, 0x0, 0xe0,
    0xf0, 0x3e, 0xff, 0x0, 0x0, 0xf, 0x1b, 0xff,
    0xf0, 0x2e, 0x0, 0xff, 0xfe, 0x5f, 0x2, 0xf8,
    0x7f, 0xfb, 0xc0, 0xf0, 0xb, 0xeb, 0xf4, 0x3c,
    0xf, 0x0, 0x1c, 0xf, 0x3, 0xc0, 0xf0, 0x0,
    0x0, 0xf0, 0x3c, 0x1f, 0x0, 0x4, 0xf, 0x3,
    0xcf, 0xe0, 0x1, 0xf0, 0xf0, 0x3c, 0xfc, 0x0,
    0x2f, 0xf, 0x3, 0xc0, 0x0, 0x3, 0xd0, 0xf0,
    0x3c, 0x3, 0x40, 0x7c, 0xf, 0x2, 0x80, 0x3c,
    0xf, 0xc0, 0xf0, 0x0, 0x3, 0xc1, 0xf4, 0xf,
    0x80, 0x0, 0xbc, 0x2f, 0x0, 0xbf, 0xff, 0xff,
    0x83, 0xe0, 0x2, 0xff, 0xff, 0xe0, 0x0, 0x0,
    0x0, 0x0, 0x0, 0x0,

    /* U+6CD5 "法" */
    0x0, 0x0, 0x0, 0x0, 0x0, 0x7, 0x0, 0x0,
    0x7c, 0x0, 0x3, 0xf0, 0x0, 0x1f, 0x0, 0x0,
    0x3f, 0x40, 0x7, 0xc0, 0x0, 0x3, 0xe7, 0xff,
    0xff, 0xfd, 0x0, 0x11, 0xff, 0xff, 0xff, 0x42,
    0x0, 0x0, 0x1f, 0x0, 0x2, 0xf4, 0x0, 0x7,
    0xc0, 0x0, 0x3f, 0x0, 0x1, 0xf0, 0x0, 0x3,
    0xf0, 0x0, 0x7c, 0x0, 0x0, 0x31, 0xff, 0xff,
    0xff, 0xf0, 0x0, 0x7f, 0xff, 0xff, 0xfc, 0x0,
    0x0, 0xf, 0x80, 0x0, 0x0, 0xb8, 0x3, 0xd0,
    0x10, 0x0, 0x3d, 0x2, 0xf0, 0x3e, 0x0, 0x1f,
    0x0, 0xf4, 0x7, 0xc0, 0xf, 0x80, 0xbc, 0x0,
    0xf8, 0x7, 0xc0, 0x7c, 0x1, 0xbf, 0x3, 0xf0,
    0x7f, 0xff, 0xff, 0xe1, 0xf4, 0x2f, 0xff, 0xf9,
    0xbc, 0x2c, 0x6, 0x94, 0x0, 0xf, 0x0, 0x0,
    0x0, 0x0, 0x0, 0x0,

    /* U+6D4B "测" */
    0x4, 0x0, 0x0, 0x0, 0xf, 0xb, 0xc3, 0xff,
    0xfc, 0x3, 0xc0, 0xfc, 0xff, 0xff, 0x3c, 0xf0,
    0xf, 0x7c, 0x3, 0xcf, 0x3c, 0x0, 0x4f, 0x3c,
    0xf3, 0xcf, 0x0, 0x3, 0xcf, 0x3c, 0xf3, 0xc2,
    0xc0, 0xf3, 0xcf, 0x3c, 0xf0, 0xfc, 0x3c, 0xf3,
    0xcf, 0x3c, 0xf, 0xcf, 0x3c, 0xf3, 0xcf, 0x0,
    0xe3, 0xcf, 0x3c, 0xf3, 0xc0, 0x0, 0xf3, 0xcf,
    0x3c, 0xf0, 0x0, 0x3c, 0xf3, 0xcf, 0x3c, 0x2,
    0xdf, 0x3c, 0xf3, 0xcf, 0x0, 0xf3, 0xde, 0x3c,
    0xf3, 0xc0, 0x7c, 0xfb, 0x8a, 0x3c, 0xf0, 0x3e,
    0x3, 0xd4, 0xa, 0x3c, 0xf, 0x2, 0xf7, 0x80,
    0xf, 0xb, 0xc2, 0xf4, 0xf8, 0x3, 0xc3, 0xd3,
    0xf8, 0xf, 0x5f, 0xf0, 0x60, 0x74, 0x1, 0xc3,
    0xf4, 0x0, 0x0, 0x0, 0x0, 0x0, 0x0,

    /* U+6E90 "源" */
    0x0, 0x0, 0x0, 0x0, 0x0, 0x7, 0x80, 0xff,
    0xff, 0xff, 0xe1, 0xfc, 0x3f, 0xff, 0xff, 0xf8,
    0xf, 0xcf, 0x0, 0xb8, 0x0, 0x0, 0xa3, 0xcf,
    0xff, 0xfc, 0x1, 0x0, 0xf3, 0xff, 0xff, 0x3,
    0xe0, 0x3c, 0xf0, 0x3, 0xc0, 0xbe, 0xf, 0x3f,
    0xff, 0xf0, 0x7, 0xe3, 0xcf, 0xff, 0xfc, 0x0,
    0x30, 0xf3, 0xc0, 0xf, 0x0, 0x0, 0x3c, 0xff,
    0xff, 0xc0, 0x2, 0xf, 0x3f, 0xff, 0xf0, 0x1,
    0xf7, 0xc0, 0xf, 0x0, 0x0, 0xb9, 0xf2, 0x43,
    0xc6, 0x0, 0x3d, 0xb8, 0xf0, 0xf3, 0xd0, 0x1f,
    0x3d, 0x78, 0x3c, 0xbc, 0xf, 0x8f, 0x3d, 0xf,
    0x1f, 0x47, 0xcb, 0xdf, 0x3, 0xc3, 0xe3, 0xe3,
    0xd2, 0x6f, 0xf0, 0xa0, 0x70, 0x30, 0x7, 0xf4,
    0x0, 0x0, 0x0, 0x0, 0x0, 0x0, 0x0,

    /* U+70B9 "点" */
    0x0, 0x0, 0x3c, 0x0, 0x0, 0x0, 0x0, 0xf,
    0x0, 0x0, 0x0, 0x0, 0x3, 0xff, 0xff, 0xd0,
    0x0, 0x0, 0xff, 0xff, 0xf4, 0x0, 0x0, 0x3c,
    0x0, 0x0, 0x0, 0x0, 0xf, 0x0, 0x0, 0x0,
    0x3f, 0xff, 0xff, 0xff, 0x0, 0xf, 0xff, 0xff,
    0xff, 0xc0, 0x3, 0xc0, 0x0, 0x1, 0xf0, 0x0,
    0xf0, 0x0, 0x0, 0x3c, 0x0, 0x3c, 0x0, 0x0,
    0xf, 0x0, 0xf, 0x0, 0x0, 0x3, 0xc0, 0x3,
    0xff, 0xff, 0xff, 0xf0, 0x0, 0xff, 0xff, 0xff,
    0xfc, 0x0, 0x0, 0x0, 0x0, 0x0, 0x0, 0x2d,
    0x14, 0xb, 0x7, 0xc0, 0xf, 0xf, 0x83, 0xd0,
    0xf8, 0xf, 0xc2, 0xf0, 0xb8, 0x1f, 0xb, 0xc0,
    0x7c, 0x1f, 0x3, 0xf1, 0xe0, 0xf, 0x43, 0xd0,
    0x38, 0x0, 0x1, 0x0, 0x40, 0x4, 0x0,

    /* U+7535 "电" */
    0x0, 0x0, 0xf0, 0x0, 0x0, 0x0, 0x0, 0xf0,
    0x0, 0x0, 0x0, 0x1, 0xf0, 0x0, 0x0, 0x3f,
    0xff, 0xff, 0xff, 0xc0, 0x3f, 0xff, 0xff, 0xff,
    0xc0, 0x3c, 0x0, 0xf0, 0x3, 0xc0, 0x3c, 0x0,
    0xf0, 0x3, 0xc0, 0x3c, 0x0, 0xf0, 0x3, 0xc0,
    0x3f, 0xff, 0xff, 0xff, 0xc0, 0x3f, 0xff, 0xff,
    0xff, 0xc0, 0x3c, 0x0, 0xf0, 0x3, 0xc0, 0x3c,
    0x0, 0xf0, 0x3, 0xc0, 0x3f, 0xff, 0xff, 0xff,
    0xc0, 0x3f, 0xff, 0xff, 0xff, 0xc0, 0x3c, 0x1,
    0xf0, 0x0, 0x0, 0x3c, 0x0, 0xf0, 0x0, 0x14,
    0x0, 0x0, 0xf0, 0x0, 0x3d, 0x0, 0x0, 0xf4,
    0x0, 0x3d, 0x0, 0x0, 0xbf, 0xff, 0xfc, 0x0,
    0x0, 0x2f, 0xff, 0xf4,

    /* U+767D "白" */
    0x0, 0x4, 0x0, 0x0, 0x0, 0xf, 0x80, 0x0,
    0x0, 0x1f, 0x40, 0x0, 0x0, 0x2f, 0x0, 0x0,
    0xff, 0xff, 0xff, 0xff, 0xff, 0xff, 0xff, 0xff,
    0xf4, 0x0, 0x0, 0x1f, 0xf0, 0x0, 0x0, 0xf,
    0xf0, 0x0, 0x0, 0xf, 0xf0, 0x0, 0x0, 0xf,
    0xf4, 0x0, 0x0, 0x1f, 0xff, 0xff, 0xff, 0xff,
    0xff, 0xff, 0xff, 0xff, 0xf0, 0x0, 0x0, 0xf,
    0xf0, 0x0, 0x0, 0xf, 0xf0, 0x0, 0x0, 0xf,
    0xf0, 0x0, 0x0, 0xf, 0xf4, 0x0, 0x0, 0x1f,
    0xff, 0xff, 0xff, 0xff, 0xff, 0xff, 0xff, 0xff,
    0xf0, 0x0, 0x0, 0xf, 0x0, 0x0, 0x0, 0x0,

    /* U+76EE "目" */
    0xff, 0xff, 0xff, 0xff, 0xff, 0xff, 0xff, 0xff,
    0xf4, 0x0, 0x0, 0x1f, 0xf0, 0x0, 0x0, 0xf,
    0xf0, 0x0, 0x0, 0xf, 0xff, 0xff, 0xff, 0xff,
    0xff, 0xff, 0xff, 0xff, 0xf4, 0x0, 0x0, 0x1f,
    0xf0, 0x0, 0x0, 0xf, 0xf0, 0x0, 0x0, 0xf,
    0xf4, 0x0, 0x0, 0x1f, 0xff, 0xff, 0xff, 0xff,
    0xff, 0xff, 0xff, 0xff, 0xf0, 0x0, 0x0, 0xf,
    0xf0, 0x0, 0x0, 0xf, 0xf4, 0x0, 0x0, 0x1f,
    0xff, 0xff, 0xff, 0xff, 0xff, 0xff, 0xff, 0xff,
    0xf0, 0x0, 0x0, 0xf,

    /* U+78C1 "磁" */
    0x0, 0x0, 0x0, 0x0, 0x0, 0x0, 0x0, 0x0,
    0x28, 0x3, 0x80, 0x2f, 0xff, 0x7, 0xc0, 0xbc,
    0x2, 0xff, 0xf0, 0x3d, 0xf, 0x40, 0x3, 0xd0,
    0x7f, 0xff, 0xff, 0xc0, 0x3c, 0x7, 0xff, 0xff,
    0xfc, 0x7, 0xc0, 0x7, 0x40, 0x38, 0x0, 0xb8,
    0x0, 0xb4, 0x7, 0x80, 0xf, 0xff, 0xf, 0x0,
    0xf4, 0x0, 0xff, 0xf1, 0xe3, 0x8f, 0x3c, 0x2f,
    0x4f, 0x3c, 0xba, 0xd7, 0xc7, 0xf4, 0xf7, 0x8f,
    0x3c, 0xb4, 0x3f, 0x4f, 0xbf, 0xe7, 0xff, 0x1,
    0x74, 0xf7, 0xfc, 0x3f, 0xe0, 0x7, 0x4f, 0x7,
    0x80, 0x3c, 0x0, 0x74, 0xf0, 0xf4, 0x7, 0x80,
    0x7, 0x4f, 0x1e, 0xf0, 0xfb, 0x40, 0x7f, 0xf3,
    0xcb, 0x2e, 0x78, 0x7, 0xff, 0xbf, 0xfb, 0xff,
    0xc0, 0x74, 0xf7, 0xeb, 0xbf, 0xbc, 0x2, 0x0,
    0x0, 0x24, 0x1, 0x80,

    /* U+79D2 "秒" */
    0x0, 0x6, 0x40, 0x3c, 0x0, 0x6, 0xff, 0xf0,
    0xf, 0x0, 0x3, 0xff, 0xf8, 0x3, 0xc0, 0x0,
    0x6b, 0xc0, 0x10, 0xf2, 0xc0, 0x0, 0xf0, 0xf,
    0x3c, 0xf8, 0x0, 0x3d, 0x7, 0xcf, 0xf, 0x3,
    0xff, 0xfa, 0xe3, 0xc2, 0xe0, 0xff, 0xfe, 0xf4,
    0xf0, 0x7c, 0x1, 0xf0, 0x7c, 0x3c, 0xf, 0x80,
    0xfd, 0x2f, 0xf, 0x2, 0x40, 0x7f, 0xeb, 0x43,
    0xc1, 0xe0, 0x3f, 0xfe, 0x0, 0xf0, 0xf8, 0x2e,
    0xf3, 0xc0, 0x28, 0xbc, 0x1f, 0x3c, 0x60, 0x0,
    0x7e, 0x3, 0x4f, 0x0, 0x0, 0x7f, 0x0, 0x83,
    0xc0, 0x0, 0xbf, 0x0, 0x0, 0xf0, 0x2, 0xff,
    0x0, 0x0, 0x3c, 0x1b, 0xfd, 0x0, 0x0, 0xf,
    0x1f, 0xf8, 0x0, 0x0, 0x3, 0xc3, 0x90, 0x0,
    0x0, 0x0, 0x0, 0x0, 0x0, 0x0, 0x0,

    /* U+7B49 "等" */
    0x0, 0x40, 0x0, 0x50, 0x0, 0x0, 0xb8, 0x0,
    0x3e, 0x0, 0x0, 0x3f, 0xff, 0x8f, 0xff, 0xf0,
    0x2f, 0xff, 0xeb, 0xff, 0xfc, 0xf, 0x7e, 0x7,
    0xd3, 0xc0, 0xf, 0xc7, 0xc0, 0xf0, 0xb8, 0x0,
    0x80, 0x90, 0xa0, 0x8, 0x0, 0xb, 0xff, 0xff,
    0xff, 0xc0, 0x2, 0xff, 0xff, 0xff, 0xf0, 0x0,
    0x0, 0x7, 0xc0, 0x0, 0x0, 0x0, 0x1, 0xf0,
    0x0, 0x0, 0xff, 0xff, 0xff, 0xff, 0xfe, 0x3f,
    0xff, 0xff, 0xff, 0xff, 0x80, 0x0, 0x0, 0x2,
    0xf0, 0x0, 0xbf, 0xff, 0xff, 0xff, 0xf0, 0x2f,
    0xff, 0xff, 0xff, 0xfc, 0x0, 0x18, 0x0, 0xb,
    0xc0, 0x0, 0xf, 0x80, 0x2, 0xf0, 0x0, 0x1,
    0xf4, 0x0, 0xb8, 0x0, 0x0, 0x2d, 0xf, 0xfe,
    0x0, 0x0, 0x0, 0x3, 0xff, 0x0, 0x0,

    /* U+7EA2 "红" */
    0x0, 0x0, 0x0, 0x0, 0x0, 0x0, 0xb, 0x40,
    0x0, 0x0, 0x0, 0x0, 0xf4, 0x1f, 0xff, 0xff,
    0x40, 0x1f, 0x1, 0xff, 0xff, 0xf4, 0x3, 0xe0,
    0x0, 0xf, 0x40, 0x0, 0x7c, 0x3c, 0x0, 0xf0,
    0x0, 0xf, 0x47, 0xc0, 0xf, 0x0, 0x2, 0xf5,
    0xf4, 0x0, 0xf0, 0x0, 0x3f, 0xff, 0x0, 0xf,
    0x0, 0x3, 0xff, 0xd0, 0x0, 0xf0, 0x0, 0x0,
    0xb8, 0x0, 0xf, 0x0, 0x0, 0x1f, 0x0, 0x0,
    0xf0, 0x0, 0x3, 0xd1, 0x80, 0xf, 0x0, 0x0,
    0xfe, 0xfc, 0x0, 0xf0, 0x0, 0x2f, 0xfe, 0x40,
    0xf, 0x0, 0x1, 0xf9, 0x0, 0x0, 0xf0, 0x0,
    0x0, 0x1, 0x40, 0xf, 0x0, 0x0, 0x6, 0xf8,
    0x0, 0xf0, 0x0, 0x3f, 0xff, 0x7f, 0xff, 0xff,
    0xc3, 0xf9, 0x3, 0xff, 0xff, 0xfc, 0x10, 0x0,
    0x0, 0x0, 0x0, 0x0,

    /* U+7EFF "绿" */
    0x0, 0x90, 0x0, 0x0, 0x0, 0x0, 0xf, 0x41,
    0xff, 0xff, 0xd0, 0x2, 0xf0, 0x1f, 0xff, 0xfd,
    0x0, 0x3d, 0x0, 0x0, 0x3, 0xc0, 0x7, 0xc1,
    0xf, 0xff, 0xfc, 0x0, 0xf4, 0xf8, 0xff, 0xff,
    0xc0, 0x2f, 0x6f, 0x0, 0x0, 0x7c, 0x3, 0xff,
    0xd7, 0xff, 0xff, 0xfc, 0x19, 0xfc, 0x7f, 0xff,
    0xff, 0xc0, 0x1f, 0x0, 0x1, 0xe0, 0x10, 0x3,
    0xd0, 0x38, 0x1f, 0xb, 0x40, 0xfd, 0xb7, 0xf2,
    0xfa, 0xf0, 0x3f, 0xff, 0xe, 0x7f, 0xfd, 0x2,
    0xfe, 0x40, 0x2f, 0xff, 0x40, 0x0, 0x0, 0xb,
    0xee, 0x7c, 0x0, 0x1, 0x93, 0xf1, 0xe2, 0xf4,
    0x16, 0xff, 0xfd, 0x1e, 0xf, 0xd3, 0xff, 0x8f,
    0x2, 0xe0, 0x3c, 0x2e, 0x40, 0x2, 0xfe, 0x0,
    0x40, 0x0, 0x0, 0x2f, 0xc0, 0x0,

    /* U+8001 "老" */
    0x0, 0x0, 0x7c, 0x0, 0x0, 0x0, 0x0, 0x1f,
    0x0, 0x0, 0x0, 0x0, 0x7, 0xc0, 0x0, 0xe0,
    0xf, 0xff, 0xff, 0xfc, 0xfc, 0x3, 0xff, 0xff,
    0xff, 0xfc, 0x0, 0x0, 0x1f, 0x0, 0xfc, 0x0,
    0x0, 0x7, 0xc1, 0xfd, 0x0, 0xff, 0xff, 0xff,
    0xff, 0xff, 0x3f, 0xff, 0xff, 0xff, 0xff, 0xc0,
    0x0, 0xb, 0xf8, 0x0, 0x0, 0x0, 0x1f, 0xf0,
    0x0, 0x0, 0x0, 0x7f, 0xd0, 0x0, 0x60, 0x2,
    0xff, 0x80, 0x1b, 0xfd, 0xf, 0xff, 0xfb, 0xff,
    0xfe, 0x42, 0xf4, 0xff, 0xff, 0x90, 0x0, 0x0,
    0x3e, 0x50, 0x0, 0x14, 0x0, 0xf, 0x80, 0x0,
    0xf, 0x40, 0x3, 0xe0, 0x0, 0x7, 0xd0, 0x0,
    0xbf, 0xff, 0xff, 0xf0, 0x0, 0xf, 0xff, 0xff,
    0xf4,

    /* U+80CC "背" */
    0x0, 0x0, 0x0, 0x0, 0x0, 0x0, 0x0, 0xf0,
    0x3c, 0x0, 0x0, 0x55, 0x7c, 0xf, 0x1b, 0xd0,
    0xbf, 0xff, 0x3, 0xff, 0xf4, 0x1f, 0xff, 0xc0,
    0xff, 0x80, 0x0, 0x0, 0xf0, 0x3c, 0x0, 0x90,
    0x5, 0xbc, 0xf, 0x0, 0x7d, 0xff, 0xff, 0x3,
    0xff, 0xfe, 0x3f, 0xe7, 0xc0, 0x7f, 0xfe, 0x5,
    0x0, 0x0, 0x0, 0x0, 0x0, 0xf, 0xff, 0xff,
    0xff, 0x0, 0x3, 0xff, 0xff, 0xff, 0xc0, 0x0,
    0xf0, 0x0, 0x0, 0xf0, 0x0, 0x3f, 0xff, 0xff,
    0xfc, 0x0, 0xf, 0xff, 0xff, 0xff, 0x0, 0x3,
    0xc0, 0x0, 0x3, 0xc0, 0x0, 0xff, 0xff, 0xff,
    0xf0, 0x0, 0x3f, 0xff, 0xff, 0xfc, 0x0, 0xf,
    0x0, 0x0, 0x1f, 0x0, 0x3, 0xc0, 0x0, 0xff,
    0xc0, 0x0, 0xf0, 0x0, 0x3f, 0xd0, 0x0,

    /* U+84DD "蓝" */
    0x0, 0xf, 0x40, 0x1f, 0x0, 0x1, 0xaa, 0xfe,
    0xab, 0xfa, 0xa4, 0x2f, 0xff, 0xff, 0xff, 0xff,
    0x81, 0x55, 0xf9, 0x56, 0xf5, 0x54, 0x0, 0xb,
    0x40, 0x1e, 0x0, 0x0, 0x0, 0x68, 0xa, 0x40,
    0x0, 0xb, 0x87, 0xc0, 0xfa, 0xaa, 0x0, 0xb8,
    0x7c, 0x3f, 0xff, 0xf0, 0xb, 0x87, 0xcb, 0xea,
    0xaa, 0x0, 0xb8, 0x7d, 0xf8, 0x74, 0x0, 0xb,
    0x87, 0xca, 0xb, 0xf4, 0x0, 0x64, 0x7c, 0x0,
    0xf, 0x40, 0x0, 0x1, 0x40, 0x0, 0x10, 0x0,
    0x3f, 0xff, 0xff, 0xff, 0xc0, 0x3, 0xff, 0xff,
    0xff, 0xfc, 0x0, 0x3d, 0x1f, 0xf, 0x47, 0xc0,
    0x3, 0xd1, 0xf0, 0xf4, 0x7c, 0x0, 0x3d, 0x1f,
    0xf, 0x47, 0xc0, 0x3f, 0xff, 0xff, 0xff, 0xff,
    0xc3, 0xff, 0xff, 0xff, 0xff, 0xfc,

    /* U+8702 "蜂" */
    0x0, 0x0, 0x0, 0x0, 0x0, 0x0, 0x1e, 0x0,
    0xf, 0x40, 0x0, 0x1, 0xe0, 0x2, 0xfa, 0xa8,
    0x0, 0x1e, 0x0, 0xbf, 0xff, 0xd0, 0x2f, 0xff,
    0x2f, 0xd0, 0xbc, 0x3, 0xff, 0xf3, 0xff, 0x5f,
    0x40, 0x3c, 0xdf, 0x4, 0xbf, 0xd0, 0x3, 0xcd,
    0xf0, 0x6f, 0xff, 0x90, 0x3c, 0xdf, 0x7f, 0xf5,
    0xff, 0xc3, 0xcd, 0xf3, 0xe4, 0xf1, 0xb8, 0x3c,
    0xdf, 0x0, 0x1f, 0x0, 0x3, 0xcd, 0xf2, 0xff,
    0xff, 0xf4, 0x3f, 0xff, 0x2f, 0xff, 0xff, 0x43,
    0xff, 0xf0, 0x1, 0xf0, 0x0, 0x1, 0xd0, 0xf,
    0xff, 0xff, 0x0, 0x1d, 0xa0, 0xff, 0xff, 0xf0,
    0x1, 0xdf, 0x0, 0x1f, 0x0, 0x0, 0x1e, 0xf7,
    0xff, 0xff, 0xfc, 0x1b, 0xff, 0xbf, 0xff, 0xff,
    0xc3, 0xfe, 0x7c, 0x1, 0xf0, 0x0, 0x14, 0x2,
    0x40, 0x1f, 0x0, 0x0,

    /* U+87BA "螺" */
    0x0, 0xf0, 0x0, 0x0, 0x0, 0x0, 0xf, 0x0,
    0xff, 0xff, 0xf0, 0x0, 0xf0, 0xf, 0xff, 0xff,
    0x2, 0xff, 0xf8, 0xfa, 0xfa, 0xf0, 0x3f, 0xff,
    0xcf, 0xff, 0xff, 0x3, 0xcf, 0x3c, 0xf0, 0xf0,
    0xf0, 0x3c, 0xf3, 0xcf, 0xff, 0xff, 0x3, 0xcf,
    0x3c, 0xff, 0xff, 0xf0, 0x3c, 0xf3, 0xc0, 0xbc,
    0x10, 0x3, 0xcf, 0x3c, 0x2f, 0xf, 0xc0, 0x3c,
    0xf3, 0xcb, 0xff, 0xf0, 0x3, 0xff, 0xfc, 0x17,
    0xfa, 0x80, 0x3f, 0xff, 0xc0, 0xfd, 0x2e, 0x0,
    0xf, 0x4, 0xbf, 0xab, 0xf4, 0x0, 0xf3, 0xcf,
    0xff, 0xff, 0xc0, 0xf, 0x2c, 0x54, 0xf0, 0x50,
    0x1, 0xff, 0xdb, 0x4f, 0x2e, 0x3, 0xff, 0x9f,
    0xf0, 0xf0, 0xf4, 0x39, 0x0, 0x7c, 0x7f, 0x7,
    0xc0, 0x0, 0x2, 0x43, 0xe0, 0x10,

    /* U+884C "行" */
    0x0, 0x0, 0x0, 0x0, 0x0, 0x0, 0xd, 0x0,
    0x0, 0x0, 0x0, 0xb, 0xc3, 0xff, 0xff, 0xf0,
    0x7, 0xe0, 0xff, 0xff, 0xfc, 0x3, 0xf0, 0x0,
    0x0, 0x0, 0x7, 0xf0, 0x0, 0x0, 0x0, 0x3,
    0xf0, 0x80, 0x0, 0x0, 0x0, 0xf0, 0xbc, 0x0,
    0x0, 0x0, 0x10, 0x3e, 0x7f, 0xff, 0xff, 0xc0,
    0x3f, 0x1f, 0xff, 0xff, 0xf0, 0x3f, 0x40, 0x0,
    0x2e, 0x0, 0x7f, 0xc0, 0x0, 0xb, 0x80, 0x3f,
    0xf0, 0x0, 0x2, 0xe0, 0xb, 0x3c, 0x0, 0x0,
    0xb8, 0x0, 0xf, 0x0, 0x0, 0x2e, 0x0, 0x3,
    0xc0, 0x0, 0xb, 0x80, 0x0, 0xf0, 0x0, 0x2,
    0xe0, 0x0, 0x3c, 0x0, 0x0, 0xb8, 0x0, 0xf,
    0x0, 0x0, 0x3e, 0x0, 0x3, 0xc0, 0x7, 0xff,
    0x40, 0x0, 0xf0, 0x0, 0xff, 0x80, 0x0, 0x0,
    0x0, 0x0, 0x0, 0x0,

    /* U+89C6 "视" */
    0x0, 0x90, 0x0, 0x0, 0x0, 0x0, 0x1f, 0x0,
    0xff, 0xff, 0xf0, 0x0, 0xf4, 0xf, 0xff, 0xff,
    0x2, 0xff, 0xf8, 0xf0, 0x1, 0xf0, 0x2f, 0xff,
    0x8f, 0xf, 0xf, 0x0, 0x0, 0xf4, 0xf0, 0xf0,
    0xf0, 0x0, 0x1f, 0xf, 0xf, 0xf, 0x0, 0x3,
    0xd0, 0xf0, 0xf0, 0xf0, 0x0, 0xf8, 0xf, 0xf,
    0xf, 0x0, 0x2f, 0x80, 0xf0, 0xf0, 0xf0, 0xb,
    0xff, 0xf, 0x1f, 0xf, 0x2, 0xff, 0xfd, 0xf1,
    0xe0, 0xf0, 0x3e, 0xf7, 0xcf, 0x2e, 0xf, 0x2,
    0x4f, 0x10, 0x53, 0xfd, 0x50, 0x0, 0xf0, 0x0,
    0x7f, 0xd0, 0x0, 0xf, 0x0, 0xf, 0xbd, 0x0,
    0x0, 0xf0, 0x3, 0xf3, 0xd1, 0xe0, 0xf, 0x1,
    0xfd, 0x3d, 0x2e, 0x0, 0xf0, 0xff, 0x3, 0xff,
    0xd0, 0xf, 0xb, 0x40, 0x1f, 0xf8, 0x0, 0x0,
    0x0, 0x0, 0x0, 0x0,

    /* U+8BBE "设" */
    0x0, 0x0, 0x0, 0x0, 0x0, 0x3, 0xc0, 0xb,
    0xff, 0xf4, 0x0, 0xfd, 0x2, 0xff, 0xfd, 0x0,
    0xf, 0xc0, 0xbc, 0xf, 0x40, 0x0, 0xa0, 0x2e,
    0x3, 0xd0, 0x0, 0x0, 0xf, 0x40, 0xf8, 0xa,
    0xa8, 0x2f, 0xc0, 0x2f, 0xf3, 0xff, 0xf, 0xc0,
    0x3, 0xfc, 0xab, 0xc0, 0x40, 0x0, 0x0, 0x0,
    0xf0, 0x3f, 0xff, 0xfe, 0x0, 0x3c, 0xf, 0xff,
    0xff, 0x80, 0xf, 0x0, 0xb8, 0x3, 0xe0, 0x3,
    0xc0, 0xf, 0x1, 0xf0, 0x0, 0xf0, 0x2, 0xf0,
    0xf8, 0x0, 0x3c, 0xd0, 0x3f, 0xfc, 0x0, 0xf,
    0xf8, 0x3, 0xfc, 0x0, 0x3, 0xfd, 0x7, 0xff,
    0x80, 0x2, 0xfc, 0x1f, 0xfa, 0xfe, 0x0, 0x78,
    0x7f, 0xf4, 0x1f, 0xf0, 0x4, 0xf, 0x90, 0x0,
    0x78, 0x0, 0x0, 0x0, 0x0, 0x0, 0x0,

    /* U+8BD5 "试" */
    0x0, 0x40, 0x0, 0x7, 0xdc, 0x0, 0x3e, 0x0,
    0x0, 0x7d, 0xf0, 0x2, 0xf8, 0x0, 0x7, 0xcb,
    0x80, 0xb, 0xd0, 0x0, 0x7c, 0x20, 0x0, 0x24,
    0xff, 0xff, 0xff, 0xc0, 0x0, 0xf, 0xff, 0xff,
    0xfc, 0x15, 0x50, 0x0, 0x7, 0xc0, 0x3, 0xff,
    0x0, 0x0, 0x3c, 0x0, 0x3f, 0xf0, 0x0, 0x3,
    0xc0, 0x0, 0xf, 0xb, 0xff, 0x7c, 0x0, 0x0,
    0xf0, 0xbf, 0xf7, 0xc0, 0x0, 0xf, 0x0, 0xb8,
    0x3c, 0x0, 0x0, 0xf0, 0xb, 0x83, 0xd0, 0x0,
    0xf, 0x0, 0xb8, 0x2d, 0x0, 0x0, 0xf2, 0xb,
    0x81, 0xe0, 0x80, 0xf, 0xf0, 0xb8, 0x5f, 0x1e,
    0x0, 0xff, 0x6f, 0xfc, 0xf2, 0xd0, 0x2f, 0x87,
    0xff, 0x8b, 0xfc, 0x1, 0xe0, 0x24, 0x0, 0x3f,
    0x80, 0x4, 0x0, 0x0, 0x1, 0xf0,

    /* U+8F93 "输" */
    0x0, 0x0, 0x0, 0x0, 0x0, 0x0, 0x2d, 0x0,
    0x1, 0xf4, 0x0, 0x2, 0xd0, 0x0, 0x7f, 0xc0,
    0x0, 0x3d, 0x0, 0x1f, 0xaf, 0x0, 0x3f, 0xff,
    0x87, 0xf0, 0xfd, 0x3, 0xff, 0xfe, 0xfc, 0x3,
    0xf4, 0xb, 0x90, 0xff, 0xff, 0xff, 0xe0, 0xfb,
    0xc7, 0x8f, 0xff, 0x2c, 0xf, 0x7c, 0x10, 0x0,
    0x0, 0x2, 0xe7, 0xc2, 0xaa, 0x80, 0x78, 0x3e,
    0xbd, 0x6f, 0xfc, 0xf7, 0x82, 0xff, 0xfa, 0xe3,
    0xcf, 0x78, 0x1a, 0xbe, 0x6e, 0x7c, 0xf7, 0x80,
    0x7, 0xc2, 0xff, 0xcf, 0x78, 0x0, 0x7d, 0x6e,
    0x7c, 0xf7, 0x81, 0x6f, 0xfa, 0xd2, 0xcf, 0x78,
    0x3f, 0xff, 0x6f, 0xfc, 0xf7, 0x83, 0xeb, 0xc2,
    0xfb, 0xcf, 0x78, 0x0, 0x7c, 0x2d, 0x2c, 0x7,
    0x80, 0x7, 0xc2, 0xef, 0xcb, 0xf8, 0x0, 0x7c,
    0x2d, 0xb4, 0x7f, 0x0,

    /* U+8FC7 "过" */
    0x0, 0x0, 0x0, 0x0, 0x0, 0xa, 0x0, 0x0,
    0x0, 0xf0, 0x7, 0xf0, 0x0, 0x0, 0x3c, 0x0,
    0x7f, 0x0, 0x0, 0xf, 0x0, 0x3, 0xd3, 0xff,
    0xff, 0xff, 0x0, 0x50, 0xff, 0xff, 0xff, 0xc0,
    0x0, 0x0, 0x0, 0x7c, 0x0, 0x0, 0x0, 0x0,
    0xf, 0x0, 0xff, 0xc0, 0x74, 0x3, 0xc0, 0x3f,
    0xf0, 0x2f, 0x0, 0xf0, 0x0, 0x3c, 0x3, 0xf0,
    0x3c, 0x0, 0xf, 0x0, 0x7d, 0xf, 0x0, 0x3,
    0xc0, 0xb, 0x3, 0xc0, 0x0, 0xf0, 0x0, 0x0,
    0xf0, 0x0, 0x3c, 0x0, 0x0, 0x3c, 0x0, 0xf,
    0x0, 0x0, 0x1f, 0x0, 0x3, 0xc0, 0x2, 0xff,
    0xc0, 0x3, 0xfc, 0x0, 0x7f, 0xd0, 0x3, 0xe7,
    0xe4, 0x0, 0x0, 0x12, 0xf0, 0x7f, 0xff, 0xff,
    0xfd, 0x74, 0x2, 0xff, 0xff, 0xff, 0x44, 0x0,
    0x0, 0x0, 0x0, 0x0,

    /* U+8FD0 "运" */
    0x0, 0x0, 0x0, 0x0, 0x0, 0x3c, 0x2, 0xff,
    0xff, 0xe0, 0x3f, 0x2, 0xff, 0xff, 0xe0, 0xb,
    0xc0, 0x0, 0x0, 0x0, 0x2, 0x80, 0x0, 0x0,
    0x0, 0x0, 0x5, 0x55, 0x55, 0x54, 0x0, 0xf,
    0xff, 0xff, 0xfc, 0xff, 0xca, 0xaf, 0xaa, 0xa8,
    0xff, 0xc0, 0x1f, 0x0, 0x0, 0x3, 0xc0, 0x3e,
    0x7, 0x40, 0x3, 0xc0, 0x3c, 0x3, 0xc0, 0x3,
    0xc0, 0xb8, 0x2, 0xd0, 0x3, 0xc1, 0xf0, 0x6,
    0xf0, 0x3, 0xc3, 0xfb, 0xff, 0xf4, 0x3, 0xc7,
    0xff, 0xfe, 0xb8, 0x7, 0xd2, 0x95, 0x0, 0x3c,
    0x1f, 0xf0, 0x0, 0x0, 0x0, 0x3e, 0x7e, 0x40,
    0x0, 0x0, 0xbc, 0x2f, 0xff, 0xff, 0xfe, 0x70,
    0x6, 0xff, 0xff, 0xfd, 0x0, 0x0, 0x0, 0x0,
    0x0,

    /* U+8FDE "连" */
    0x0, 0x0, 0x4, 0x0, 0x0, 0xa, 0x0, 0x3,
    0xd0, 0x0, 0x7, 0xe0, 0x1, 0xf0, 0x0, 0x0,
    0x7e, 0x3f, 0xff, 0xff, 0xf4, 0x7, 0xdb, 0xff,
    0xff, 0xfd, 0x0, 0x50, 0x2f, 0x0, 0x0, 0x0,
    0x0, 0xf, 0x4f, 0x0, 0x0, 0x0, 0xf, 0x83,
    0xc0, 0x0, 0xff, 0xc7, 0xff, 0xff, 0xf4, 0x3f,
    0xf0, 0xff, 0xff, 0xfe, 0x5, 0x7c, 0x15, 0x5f,
    0x55, 0x0, 0xf, 0x0, 0x3, 0xc0, 0x0, 0x3,
    0xca, 0xab, 0xfe, 0xa9, 0x0, 0xf3, 0xff, 0xff,
    0xff, 0x80, 0x3c, 0x55, 0x5f, 0x55, 0x40, 0xf,
    0x0, 0x3, 0xc0, 0x0, 0x7, 0xc0, 0x0, 0xf0,
    0x0, 0x7, 0xfc, 0x0, 0x3c, 0x0, 0x3, 0xfb,
    0xe4, 0x0, 0x0, 0x2, 0xf0, 0xbf, 0xff, 0xff,
    0xfc, 0x74, 0x6, 0xff, 0xff, 0xfe, 0x0, 0x0,
    0x0, 0x0, 0x0, 0x0,

    /* U+901A "通" */
    0x0, 0x0, 0x0, 0x0, 0x0, 0xf, 0x40, 0xff,
    0xff, 0xff, 0x3, 0xf4, 0x3f, 0xff, 0xff, 0xc0,
    0x2f, 0x40, 0x2e, 0x1f, 0x80, 0x2, 0xc0, 0x2,
    0xfe, 0x0, 0x0, 0x0, 0xff, 0xff, 0xff, 0x40,
    0x0, 0x3f, 0xff, 0xff, 0xd2, 0xaa, 0xf, 0x43,
    0xd0, 0xb4, 0xff, 0xc3, 0xff, 0xff, 0xfd, 0x15,
    0xf0, 0xff, 0xff, 0xff, 0x40, 0x3c, 0x3d, 0xf,
    0x42, 0xd0, 0xf, 0xf, 0xff, 0xff, 0xf4, 0x3,
    0xc3, 0xff, 0xff, 0xfd, 0x0, 0xf0, 0xf4, 0x3d,
    0xb, 0x40, 0x3c, 0x3d, 0xf, 0x43, 0xd0, 0xf,
    0xf, 0x43, 0xdf, 0xf4, 0xf, 0xf3, 0xd0, 0xb5,
    0xf8, 0xf, 0xef, 0x40, 0x0, 0x0, 0xb, 0xc2,
    0xff, 0xff, 0xff, 0xf5, 0xd0, 0x1b, 0xff, 0xff,
    0xfc, 0x0, 0x0, 0x0, 0x0, 0x0, 0x0,

    /* U+901F "速" */
    0x0, 0x0, 0x0, 0xb4, 0x0, 0xf, 0x40, 0x0,
    0x2e, 0x0, 0x2, 0xf4, 0x3f, 0xff, 0xff, 0xf0,
    0x2f, 0x4f, 0xff, 0xff, 0xfc, 0x2, 0xd0, 0x0,
    0xb4, 0x0, 0x0, 0x0, 0x7f, 0xff, 0xff, 0x0,
    0x0, 0x1f, 0xff, 0xff, 0xc2, 0xaa, 0x7, 0xc2,
    0xd0, 0xf0, 0xff, 0xc1, 0xf0, 0xb4, 0x3c, 0x1a,
    0xf0, 0x7f, 0xff, 0xff, 0x0, 0x3c, 0x1f, 0xff,
    0xff, 0xc0, 0xf, 0x0, 0x1f, 0xd1, 0x0, 0x3,
    0xc0, 0x1f, 0xf7, 0xe0, 0x0, 0xf0, 0x2f, 0x6d,
    0x7e, 0x0, 0x3c, 0x7f, 0x4b, 0x43, 0xe0, 0xf,
    0xf, 0x42, 0xd0, 0x30, 0xf, 0xf0, 0x0, 0xb4,
    0x0, 0xf, 0xef, 0x40, 0x14, 0x0, 0xb, 0xc2,
    0xff, 0xff, 0xff, 0xf5, 0xd0, 0x1b, 0xff, 0xff,
    0xfc, 0x0, 0x0, 0x0, 0x0, 0x0, 0x0,

    /* U+9053 "道" */
    0x0, 0x0, 0x4, 0x0, 0x40, 0x3, 0xc0, 0xb,
    0xc0, 0xbc, 0x0, 0xfc, 0x15, 0xf9, 0x7e, 0x50,
    0xf, 0xcf, 0xff, 0xff, 0xfd, 0x0, 0xf3, 0xff,
    0xff, 0xff, 0x40, 0x4, 0x0, 0x3d, 0x0, 0x0,
    0x0, 0xb, 0xff, 0xff, 0xc0, 0x0, 0x2, 0xff,
    0xff, 0xf0, 0x3f, 0xf0, 0xb4, 0x0, 0x3c, 0xf,
    0xfc, 0x2d, 0x0, 0xf, 0x3, 0xff, 0xb, 0xff,
    0xff, 0xc0, 0x3, 0xc2, 0xff, 0xff, 0xf0, 0x0,
    0xf0, 0xb9, 0x55, 0x7c, 0x0, 0x3c, 0x2f, 0xff,
    0xff, 0x0, 0xf, 0xb, 0x40, 0x3, 0xc0, 0x3,
    0xc2, 0xff, 0xff, 0xf0, 0x2, 0xf4, 0xbf, 0xff,
    0xfc, 0x2, 0xff, 0x0, 0x0, 0x0, 0x0, 0xfe,
    0xf8, 0x0, 0x0, 0x0, 0xfc, 0x2f, 0xff, 0xff,
    0xfe, 0x1c, 0x1, 0xbf, 0xff, 0xff, 0x40, 0x0,
    0x0, 0x0, 0x0, 0x0,

    /* U+95ED "闭" */
    0x0, 0x0, 0x0, 0x0, 0x0, 0x2, 0xc0, 0x0,
    0x0, 0x0, 0x3, 0xf0, 0x3f, 0xff, 0xfc, 0x0,
    0xfc, 0x3f, 0xff, 0xfc, 0x28, 0xbc, 0x0, 0x0,
    0x3c, 0x3c, 0x20, 0x6, 0x80, 0x3c, 0x3c, 0x0,
    0x7, 0x80, 0x3c, 0x3c, 0x0, 0x7, 0x80, 0x3c,
    0x3c, 0xff, 0xff, 0xfd, 0x3c, 0x3c, 0xff, 0xff,
    0xfd, 0x3c, 0x3c, 0x0, 0x1f, 0xc0, 0x3c, 0x3c,
    0x0, 0x3f, 0x80, 0x3c, 0x3c, 0x0, 0xbf, 0x80,
    0x3c, 0x3c, 0x3, 0xf7, 0x80, 0x3c, 0x3c, 0x1f,
    0xc7, 0x80, 0x3c, 0x3c, 0xbf, 0x7, 0x80, 0x3c,
    0x3d, 0xf8, 0x7, 0x80, 0x3c, 0x3c, 0x90, 0xb,
    0x80, 0x3c, 0x3c, 0x0, 0xff, 0x80, 0x7c, 0x3c,
    0x0, 0xff, 0xf, 0xfc, 0x3c, 0x0, 0x0, 0xb,
    0xf4,

    /* U+9640 "陀" */
    0x0, 0x0, 0x0, 0x64, 0x0, 0x3f, 0xfe, 0x0,
    0xbc, 0x0, 0x3f, 0xfe, 0xff, 0xff, 0xff, 0x3c,
    0x2d, 0xff, 0xff, 0xff, 0x3c, 0x3c, 0xf4, 0x0,
    0x1f, 0x3c, 0x78, 0xf4, 0x0, 0xf, 0x3c, 0xb4,
    0xf9, 0x0, 0xf, 0x3c, 0xf0, 0xf, 0x0, 0x0,
    0x3d, 0xf0, 0xf, 0x0, 0x74, 0x3c, 0xb8, 0xf,
    0x7, 0xfc, 0x3c, 0x3c, 0xf, 0x7f, 0xe0, 0x3c,
    0x2e, 0xf, 0xfe, 0x0, 0x3c, 0x1f, 0xf, 0xe0,
    0x0, 0x3c, 0xf, 0xf, 0x0, 0x0, 0x3c, 0x2f,
    0xf, 0x0, 0x4, 0x3e, 0xfe, 0xf, 0x0, 0xf,
    0x3c, 0xf8, 0xf, 0x0, 0x1f, 0x3c, 0x0, 0xf,
    0x40, 0x3e, 0x3c, 0x0, 0xf, 0xff, 0xfd, 0x3c,
    0x0, 0x7, 0xff, 0xf8,

    /* U+9664 "除" */
    0x0, 0x0, 0x0, 0xbd, 0x0, 0xf, 0xff, 0x40,
    0x3f, 0xc0, 0x3, 0xff, 0xd0, 0x3f, 0xf8, 0x0,
    0xf0, 0xf0, 0x3f, 0x6f, 0x80, 0x3c, 0x7c, 0x7f,
    0x42, 0xf8, 0xf, 0x2d, 0xbf, 0x80, 0x3f, 0xc3,
    0xcf, 0x3f, 0xff, 0xff, 0xf4, 0xf7, 0x82, 0x3f,
    0xff, 0x58, 0x3e, 0xd0, 0x0, 0x3c, 0x0, 0xf,
    0x7c, 0x0, 0x1f, 0x0, 0x3, 0xcf, 0x5f, 0xff,
    0xff, 0xe0, 0xf1, 0xf7, 0xff, 0xff, 0xf8, 0x3c,
    0x3c, 0x0, 0x3c, 0x0, 0xf, 0xf, 0x45, 0xf,
    0x4, 0x3, 0xc7, 0xc3, 0xd3, 0xcf, 0x40, 0xff,
    0xf2, 0xf0, 0xf2, 0xf0, 0x3d, 0xe6, 0xf4, 0x3c,
    0x3e, 0xf, 0x1, 0xf8, 0x1f, 0x7, 0xc3, 0xc0,
    0x1c, 0x7f, 0xc0, 0x80, 0xf0, 0x0, 0xf, 0xd0,
    0x0,

    /* U+9759 "静" */
    0x0, 0x0, 0x0, 0x0, 0x0, 0x0, 0x7c, 0x0,
    0x3d, 0x0, 0xb, 0xff, 0xfc, 0x2f, 0xff, 0x42,
    0xff, 0xff, 0x2f, 0xff, 0xd0, 0x1, 0xf0, 0x2f,
    0x42, 0xe0, 0xf, 0xff, 0xeb, 0x42, 0xf4, 0x2,
    0xbf, 0xa4, 0xff, 0xff, 0xc1, 0x5b, 0xd5, 0x3f,
    0xff, 0xf0, 0xff, 0xff, 0xe0, 0x3c, 0x3c, 0x2a,
    0xaa, 0xa4, 0xf, 0xf, 0x2, 0xaa, 0xa5, 0xff,
    0xff, 0xf1, 0xff, 0xff, 0x7f, 0xff, 0xfc, 0x7d,
    0x57, 0xc0, 0x3c, 0x3c, 0x1f, 0xff, 0xf1, 0x5f,
    0x5f, 0x7, 0xff, 0xfc, 0xff, 0xff, 0xc1, 0xf0,
    0x1f, 0x3f, 0xff, 0xf0, 0x7f, 0xff, 0xc0, 0x3c,
    0x0, 0x1f, 0xff, 0xf0, 0xf, 0x0, 0x7, 0xc0,
    0x7c, 0x3, 0xc0, 0x1, 0xf0, 0xbf, 0x2f, 0xf0,
    0x0, 0x7c, 0x1f, 0x47, 0xf4, 0x0, 0x0, 0x0,
    0x0, 0x0, 0x0, 0x0,

    /* U+9875 "页" */
    0xff, 0xff, 0xff, 0xff, 0xfe, 0xff, 0xff, 0xff,
    0xff, 0xfe, 0x0, 0x0, 0xbc, 0x0, 0x0, 0x0,
    0x0, 0xf8, 0x0, 0x0, 0x7, 0xff, 0xff, 0xff,
    0xc0, 0x7, 0xff, 0xff, 0xff, 0xc0, 0x7, 0xc0,
    0x0, 0x7, 0xc0, 0x7, 0xc0, 0x7c, 0x7, 0xc0,
    0x7, 0xc0, 0x7c, 0x7, 0xc0, 0x7, 0xc0, 0x7c,
    0x7, 0xc0, 0x7, 0xc0, 0x7c, 0x7, 0xc0, 0x7,
    0xc0, 0xbc, 0x7, 0xc0, 0x7, 0xc0, 0xf8, 0x7,
    0xc0, 0x7, 0xc1, 0xf4, 0x7, 0xc0, 0x2, 0x43,
    0xf2, 0x42, 0x40, 0x0, 0x1f, 0xc7, 0xf9, 0x0,
    0x1, 0xff, 0x42, 0xff, 0xd0, 0x7f, 0xf8, 0x0,
    0x1f, 0xfc, 0x3f, 0x80, 0x0, 0x1, 0xf4, 0x10,
    0x0, 0x0, 0x0, 0x10,

    /* U+9A8C "验" */
    0x0, 0x0, 0x0, 0xf, 0x40, 0x2, 0xff, 0xf8,
    0x2, 0xfc, 0x0, 0x2f, 0xff, 0x80, 0x7f, 0xe0,
    0x0, 0x0, 0xb8, 0xf, 0x8f, 0x40, 0xb, 0x4b,
    0x42, 0xf0, 0xbc, 0x0, 0xf4, 0xf4, 0xbc, 0x3,
    0xf0, 0xf, 0xf, 0x7f, 0xff, 0xff, 0xd0, 0xf0,
    0xf3, 0xdf, 0xff, 0x7d, 0xf, 0xf, 0x14, 0x0,
    0x0, 0x81, 0xe1, 0xf0, 0x0, 0x80, 0x90, 0x1f,
    0xff, 0xcb, 0x2d, 0xf, 0x42, 0xff, 0xfc, 0xf5,
    0xf0, 0xf0, 0x0, 0x3, 0xcb, 0x8f, 0x1f, 0x0,
    0x1, 0x3c, 0x7c, 0xf2, 0xe0, 0x1b, 0xf3, 0xc3,
    0xcb, 0x7d, 0x3, 0xfe, 0x3c, 0x2d, 0x67, 0xc0,
    0x29, 0x7, 0xc1, 0x80, 0x7c, 0x0, 0x0, 0xb8,
    0x0, 0xb, 0x80, 0x2, 0xff, 0x7f, 0xff, 0xff,
    0xd0, 0x1f, 0xe3, 0xff, 0xff, 0xfd,

    /* U+9E23 "鸣" */
    0x0, 0x0, 0x2, 0xe0, 0x0, 0x0, 0x0, 0x3,
    0xe0, 0x0, 0x3f, 0xfc, 0x3f, 0xff, 0xf0, 0x3f,
    0xfc, 0x3f, 0xff, 0xf0, 0x3c, 0x3c, 0x3d, 0x90,
    0xf0, 0x3c, 0x3c, 0x3d, 0xf4, 0xf0, 0x3c, 0x3c,
    0x3c, 0x78, 0xf0, 0x3c, 0x3c, 0x3c, 0x15, 0xf0,
    0x3c, 0x3c, 0x3c, 0xf, 0xd0, 0x3c, 0x3c, 0x3c,
    0x5, 0x0, 0x3c, 0x3c, 0x3f, 0xff, 0xfe, 0x3c,
    0x3c, 0x3f, 0xff, 0xfe, 0x3c, 0x3c, 0x0, 0x0,
    0x2e, 0x3c, 0x3c, 0x0, 0x0, 0x2e, 0x3c, 0x3c,
    0xff, 0xff, 0x2d, 0x3f, 0xfc, 0xff, 0xff, 0x3d,
    0x3f, 0xfc, 0x55, 0x55, 0x3d, 0x3c, 0x3c, 0x0,
    0x0, 0x7c, 0x3c, 0x14, 0x0, 0x1f, 0xfc, 0x0,
    0x0, 0x0, 0xf, 0xe0,

    /* U+9ED1 "黑" */
    0x1f, 0xff, 0xff, 0xff, 0xe0, 0x1f, 0xff, 0xff,
    0xff, 0xe0, 0x1e, 0x14, 0x78, 0x66, 0xe0, 0x1e,
    0x3c, 0x78, 0xb6, 0xe0, 0x1e, 0x3d, 0x78, 0xf2,
    0xe0, 0x1e, 0x14, 0x78, 0x52, 0xe0, 0x1f, 0xff,
    0xff, 0xff, 0xe0, 0x1f, 0xff, 0xff, 0xff, 0xe0,
    0x0, 0x0, 0xbc, 0x0, 0x0, 0x2f, 0xff, 0xff,
    0xff, 0xf0, 0x2f, 0xff, 0xff, 0xff, 0xf0, 0x0,
    0x0, 0xbc, 0x0, 0x0, 0xff, 0xff, 0xff, 0xff,
    0xfc, 0xff, 0xff, 0xff, 0xff, 0xfc, 0x0, 0x0,
    0x0, 0x0, 0x40, 0x2e, 0x1f, 0xb, 0x83, 0xd0,
    0x3d, 0xf, 0x7, 0xc1, 0xf0, 0x7c, 0xf, 0x43,
    0xd0, 0xbc, 0xb4, 0xb, 0x82, 0xe0, 0x34, 0x0,
    0x0, 0x0, 0x0, 0x0,

    /* U+FF01 "！" */
    0x3e, 0x3e, 0x3e, 0x3e, 0x3d, 0x3d, 0x3d, 0x3d,
    0x3d, 0x3c, 0x3c, 0x0, 0x4, 0x3e, 0x7f, 0x3d,

    /* U+FF0C "，" */
    0x0, 0x7d, 0xbf, 0x7f, 0xf, 0xe, 0x3c, 0x70,
    0x0,

    /* U+FF1A "：" */
    0x2e, 0xf, 0xc3, 0xf0, 0x10, 0x0, 0x0, 0x0,
    0x0, 0x0, 0x4, 0xf, 0xc3, 0xf0, 0xb8,

    /* U+FF1B "；" */
    0x2e, 0xf, 0xc3, 0xf0, 0x10, 0x0, 0x0, 0x0,
    0x0, 0x0, 0x4, 0xf, 0xc3, 0xf4, 0xbe, 0x3,
    0x42, 0xc2, 0xe0, 0xe0, 0x0, 0x0,

    /* U+FF1F "？" */
    0x0, 0x0, 0x0, 0xb, 0xfd, 0x0, 0xff, 0xfe,
    0xf, 0xd1, 0xfc, 0x7d, 0x0, 0xf5, 0xf0, 0x3,
    0xe0, 0x0, 0x1f, 0x40, 0x0, 0xfc, 0x0, 0xf,
    0xd0, 0x0, 0xfc, 0x0, 0xb, 0xd0, 0x0, 0x3f,
    0x0, 0x0, 0xa4, 0x0, 0x0, 0x40, 0x0, 0xf,
    0xc0, 0x0, 0x7f, 0x0, 0x0, 0xb8, 0x0
};


/*---------------------
 *  GLYPH DESCRIPTION
 *--------------------*/

static const lv_font_fmt_txt_glyph_dsc_t glyph_dsc[] = {
    {.bitmap_index = 0, .adv_w = 0, .box_w = 0, .box_h = 0, .ofs_x = 0, .ofs_y = 0} /* id = 0 reserved */,
    {.bitmap_index = 0, .adv_w = 117, .box_w = 0, .box_h = 0, .ofs_x = 0, .ofs_y = 0},
    {.bitmap_index = 0, .adv_w = 117, .box_w = 3, .box_h = 16, .ofs_x = 2, .ofs_y = 0},
    {.bitmap_index = 12, .adv_w = 188, .box_w = 10, .box_h = 8, .ofs_x = 0, .ofs_y = 8},
    {.bitmap_index = 32, .adv_w = 211, .box_w = 13, .box_h = 16, .ofs_x = 0, .ofs_y = 0},
    {.bitmap_index = 84, .adv_w = 211, .box_w = 13, .box_h = 21, .ofs_x = 0, .ofs_y = -2},
    {.bitmap_index = 153, .adv_w = 351, .box_w = 19, .box_h = 16, .ofs_x = 2, .ofs_y = 0},
    {.bitmap_index = 229, .adv_w = 264, .box_w = 16, .box_h = 16, .ofs_x = 1, .ofs_y = 0},
    {.bitmap_index = 293, .adv_w = 103, .box_w = 5, .box_h = 8, .ofs_x = 0, .ofs_y = 8},
    {.bitmap_index = 303, .adv_w = 117, .box_w = 6, .box_h = 21, .ofs_x = 1, .ofs_y = -2},
    {.bitmap_index = 335, .adv_w = 117, .box_w = 7, .box_h = 21, .ofs_x = 0, .ofs_y = -2},
    {.bitmap_index = 372, .adv_w = 182, .box_w = 12, .box_h = 11, .ofs_x = 0, .ofs_y = 5},
    {.bitmap_index = 405, .adv_w = 213, .box_w = 11, .box_h = 12, .ofs_x = 1, .ofs_y = 0},
    {.bitmap_index = 438, .adv_w = 97, .box_w = 5, .box_h = 8, .ofs_x = 0, .ofs_y = -5},
    {.bitmap_index = 448, .adv_w = 213, .box_w = 11, .box_h = 3, .ofs_x = 1, .ofs_y = 5},
    {.bitmap_index = 457, .adv_w = 97, .box_w = 3, .box_h = 3, .ofs_x = 1, .ofs_y = 0},
    {.bitmap_index = 460, .adv_w = 176, .box_w = 11, .box_h = 21, .ofs_x = 0, .ofs_y = -2},
    {.bitmap_index = 518, .adv_w = 211, .box_w = 12, .box_h = 16, .ofs_x = 1, .ofs_y = 0},
    {.bitmap_index = 566, .adv_w = 211, .box_w = 7, .box_h = 16, .ofs_x = 2, .ofs_y = 0},
    {.bitmap_index = 594, .adv_w = 211, .box_w = 11, .box_h = 16, .ofs_x = 1, .ofs_y = 0},
    {.bitmap_index = 638, .adv_w = 211, .box_w = 12, .box_h = 16, .ofs_x = 1, .ofs_y = 0},
    {.bitmap_index = 686, .adv_w = 211, .box_w = 13, .box_h = 16, .ofs_x = 0, .ofs_y = 0},
    {.bitmap_index = 738, .adv_w = 211, .box_w = 12, .box_h = 16, .ofs_x = 1, .ofs_y = 0},
    {.bitmap_index = 786, .adv_w = 211, .box_w = 12, .box_h = 16, .ofs_x = 1, .ofs_y = 0},
    {.bitmap_index = 834, .adv_w = 211, .box_w = 11, .box_h = 16, .ofs_x = 1, .ofs_y = 0},
    {.bitmap_index = 878, .adv_w = 211, .box_w = 12, .box_h = 16, .ofs_x = 1, .ofs_y = 0},
    {.bitmap_index = 926, .adv_w = 211, .box_w = 12, .box_h = 16, .ofs_x = 1, .ofs_y = 0},
    {.bitmap_index = 974, .adv_w = 97, .box_w = 3, .box_h = 12, .ofs_x = 1, .ofs_y = 0},
    {.bitmap_index = 983, .adv_w = 97, .box_w = 5, .box_h = 17, .ofs_x = 0, .ofs_y = -5},
    {.bitmap_index = 1005, .adv_w = 213, .box_w = 11, .box_h = 13, .ofs_x = 1, .ofs_y = -1},
    {.bitmap_index = 1041, .adv_w = 213, .box_w = 11, .box_h = 7, .ofs_x = 1, .ofs_y = 2},
    {.bitmap_index = 1061, .adv_w = 213, .box_w = 11, .box_h = 13, .ofs_x = 1, .ofs_y = -1},
    {.bitmap_index = 1097, .adv_w = 196, .box_w = 10, .box_h = 16, .ofs_x = 1, .ofs_y = 0},
    {.bitmap_index = 1137, .adv_w = 305, .box_w = 17, .box_h = 16, .ofs_x = 1, .ofs_y = 0},
    {.bitmap_index = 1205, .adv_w = 239, .box_w = 15, .box_h = 16, .ofs_x = 0, .ofs_y = 0},
    {.bitmap_index = 1265, .adv_w = 243, .box_w = 13, .box_h = 16, .ofs_x = 2, .ofs_y = 0},
    {.bitmap_index = 1317, .adv_w = 258, .box_w = 15, .box_h = 16, .ofs_x = 1, .ofs_y = 0},
    {.bitmap_index = 1377, .adv_w = 253, .box_w = 14, .box_h = 16, .ofs_x = 2, .ofs_y = 0},
    {.bitmap_index = 1433, .adv_w = 226, .box_w = 12, .box_h = 16, .ofs_x = 2, .ofs_y = 0},
    {.bitmap_index = 1481, .adv_w = 205, .box_w = 11, .box_h = 16, .ofs_x = 2, .ofs_y = 0},
    {.bitmap_index = 1525, .adv_w = 266, .box_w = 15, .box_h = 16, .ofs_x = 1, .ofs_y = 0},
    {.bitmap_index = 1585, .adv_w = 259, .box_w = 13, .box_h = 16, .ofs_x = 2, .ofs_y = 0},
    {.bitmap_index = 1637, .adv_w = 90, .box_w = 3, .box_h = 16, .ofs_x = 2, .ofs_y = 0},
    {.bitmap_index = 1649, .adv_w = 189, .box_w = 10, .box_h = 16, .ofs_x = 1, .ofs_y = 0},
    {.bitmap_index = 1689, .adv_w = 251, .box_w = 15, .box_h = 16, .ofs_x = 2, .ofs_y = 0},
    {.bitmap_index = 1749, .adv_w = 208, .box_w = 11, .box_h = 16, .ofs_x = 2, .ofs_y = 0},
    {.bitmap_index = 1793, .adv_w = 318, .box_w = 17, .box_h = 16, .ofs_x = 2, .ofs_y = 0},
    {.bitmap_index = 1861, .adv_w = 258, .box_w = 13, .box_h = 16, .ofs_x = 2, .ofs_y = 0},
    {.bitmap_index = 1913, .adv_w = 273, .box_w = 16, .box_h = 16, .ofs_x = 1, .ofs_y = 0},
    {.bitmap_index = 1977, .adv_w = 231, .box_w = 12, .box_h = 16, .ofs_x = 2, .ofs_y = 0},
    {.bitmap_index = 2025, .adv_w = 273, .box_w = 16, .box_h = 18, .ofs_x = 1, .ofs_y = -2},
    {.bitmap_index = 2097, .adv_w = 245, .box_w = 13, .box_h = 16, .ofs_x = 2, .ofs_y = 0},
    {.bitmap_index = 2149, .adv_w = 229, .box_w = 14, .box_h = 16, .ofs_x = 0, .ofs_y = 0},
    {.bitmap_index = 2205, .adv_w = 216, .box_w = 13, .box_h = 16, .ofs_x = 1, .ofs_y = 0},
    {.bitmap_index = 2257, .adv_w = 258, .box_w = 13, .box_h = 16, .ofs_x = 2, .ofs_y = 0},
    {.bitmap_index = 2309, .adv_w = 232, .box_w = 15, .box_h = 16, .ofs_x = 0, .ofs_y = 0},
    {.bitmap_index = 2369, .adv_w = 335, .box_w = 21, .box_h = 16, .ofs_x = 0, .ofs_y = 0},
    {.bitmap_index = 2453, .adv_w = 234, .box_w = 15, .box_h = 16, .ofs_x = 0, .ofs_y = 0},
    {.bitmap_index = 2513, .adv_w = 243, .box_w = 16, .box_h = 16, .ofs_x = -1, .ofs_y = 0},
    {.bitmap_index = 2577, .adv_w = 225, .box_w = 13, .box_h = 16, .ofs_x = 1, .ofs_y = 0},
    {.bitmap_index = 2629, .adv_w = 117, .box_w = 6, .box_h = 22, .ofs_x = 1, .ofs_y = -2},
    {.bitmap_index = 2662, .adv_w = 176, .box_w = 11, .box_h = 21, .ofs_x = 0, .ofs_y = -2},
    {.bitmap_index = 2720, .adv_w = 117, .box_w = 7, .box_h = 22, .ofs_x = 0, .ofs_y = -2},
    {.bitmap_index = 2759, .adv_w = 192, .box_w = 10, .box_h = 8, .ofs_x = 1, .ofs_y = 8},
    {.bitmap_index = 2779, .adv_w = 176, .box_w = 11, .box_h = 3, .ofs_x = 0, .ofs_y = -3},
    {.bitmap_index = 2788, .adv_w = 117, .box_w = 6, .box_h = 4, .ofs_x = 1, .ofs_y = 13},
    {.bitmap_index = 2794, .adv_w = 201, .box_w = 11, .box_h = 12, .ofs_x = 1, .ofs_y = 0},
    {.bitmap_index = 2827, .adv_w = 212, .box_w = 11, .box_h = 16, .ofs_x = 1, .ofs_y = 0},
    {.bitmap_index = 2871, .adv_w = 197, .box_w = 11, .box_h = 12, .ofs_x = 1, .ofs_y = 0},
    {.bitmap_index = 2904, .adv_w = 212, .box_w = 11, .box_h = 16, .ofs_x = 1, .ofs_y = 0},
    {.bitmap_index = 2948, .adv_w = 200, .box_w = 11, .box_h = 12, .ofs_x = 1, .ofs_y = 0},
    {.bitmap_index = 2981, .adv_w = 133, .box_w = 8, .box_h = 16, .ofs_x = 1, .ofs_y = 0},
    {.bitmap_index = 3013, .adv_w = 212, .box_w = 11, .box_h = 16, .ofs_x = 1, .ofs_y = -4},
    {.bitmap_index = 3057, .adv_w = 203, .box_w = 10, .box_h = 16, .ofs_x = 1, .ofs_y = 0},
    {.bitmap_index = 3097, .adv_w = 97, .box_w = 3, .box_h = 16, .ofs_x = 1, .ofs_y = 0},
    {.bitmap_index = 3109, .adv_w = 97, .box_w = 5, .box_h = 20, .ofs_x = -1, .ofs_y = -4},
    {.bitmap_index = 3134, .adv_w = 195, .box_w = 11, .box_h = 16, .ofs_x = 1, .ofs_y = 0},
    {.bitmap_index = 3178, .adv_w = 89, .box_w = 3, .box_h = 16, .ofs_x = 2, .ofs_y = 0},
    {.bitmap_index = 3190, .adv_w = 311, .box_w = 17, .box_h = 12, .ofs_x = 1, .ofs_y = 0},
    {.bitmap_index = 3241, .adv_w = 205, .box_w = 10, .box_h = 12, .ofs_x = 1, .ofs_y = 0},
    {.bitmap_index = 3271, .adv_w = 211, .box_w = 12, .box_h = 12, .ofs_x = 1, .ofs_y = 0},
    {.bitmap_index = 3307, .adv_w = 212, .box_w = 11, .box_h = 16, .ofs_x = 1, .ofs_y = -4},
    {.bitmap_index = 3351, .adv_w = 212, .box_w = 11, .box_h = 16, .ofs_x = 1, .ofs_y = -4},
    {.bitmap_index = 3395, .adv_w = 132, .box_w = 7, .box_h = 12, .ofs_x = 1, .ofs_y = 0},
    {.bitmap_index = 3416, .adv_w = 185, .box_w = 11, .box_h = 12, .ofs_x = 0, .ofs_y = 0},
    {.bitmap_index = 3449, .adv_w = 127, .box_w = 8, .box_h = 16, .ofs_x = 1, .ofs_y = 0},
    {.bitmap_index = 3481, .adv_w = 205, .box_w = 10, .box_h = 12, .ofs_x = 1, .ofs_y = 0},
    {.bitmap_index = 3511, .adv_w = 178, .box_w = 12, .box_h = 12, .ofs_x = 0, .ofs_y = 0},
    {.bitmap_index = 3547, .adv_w = 274, .box_w = 17, .box_h = 12, .ofs_x = 0, .ofs_y = 0},
    {.bitmap_index = 3598, .adv_w = 189, .box_w = 12, .box_h = 12, .ofs_x = 0, .ofs_y = 0},
    {.bitmap_index = 3634, .adv_w = 185, .box_w = 12, .box_h = 16, .ofs_x = 0, .ofs_y = -4},
    {.bitmap_index = 3682, .adv_w = 178, .box_w = 10, .box_h = 12, .ofs_x = 1, .ofs_y = 0},
    {.bitmap_index = 3712, .adv_w = 117, .box_w = 7, .box_h = 22, .ofs_x = 1, .ofs_y = -2},
    {.bitmap_index = 3751, .adv_w = 75, .box_w = 3, .box_h = 23, .ofs_x = 1, .ofs_y = -3},
    {.bitmap_index = 3769, .adv_w = 117, .box_w = 8, .box_h = 22, .ofs_x = 0, .ofs_y = -2},
    {.bitmap_index = 3813, .adv_w = 176, .box_w = 11, .box_h = 4, .ofs_x = 0, .ofs_y = 6},
    {.bitmap_index = 3824, .adv_w = 118, .box_w = 6, .box_h = 7, .ofs_x = 0, .ofs_y = 12},
    {.bitmap_index = 3835, .adv_w = 213, .box_w = 11, .box_h = 12, .ofs_x = 1, .ofs_y = 0},
    {.bitmap_index = 3868, .adv_w = 176, .box_w = 3, .box_h = 3, .ofs_x = 4, .ofs_y = 6},
    {.bitmap_index = 3871, .adv_w = 213, .box_w = 12, .box_h = 12, .ofs_x = 1, .ofs_y = 0},
    {.bitmap_index = 3907, .adv_w = 213, .box_w = 11, .box_h = 12, .ofs_x = 1, .ofs_y = 0},
    {.bitmap_index = 3940, .adv_w = 352, .box_w = 22, .box_h = 3, .ofs_x = 0, .ofs_y = 7},
    {.bitmap_index = 3957, .adv_w = 352, .box_w = 19, .box_h = 3, .ofs_x = 2, .ofs_y = 0},
    {.bitmap_index = 3972, .adv_w = 326, .box_w = 20, .box_h = 19, .ofs_x = 0, .ofs_y = -1},
    {.bitmap_index = 4067, .adv_w = 352, .box_w = 22, .box_h = 10, .ofs_x = 0, .ofs_y = 3},
    {.bitmap_index = 4122, .adv_w = 352, .box_w = 10, .box_h = 22, .ofs_x = 6, .ofs_y = -2},
    {.bitmap_index = 4177, .adv_w = 352, .box_w = 22, .box_h = 10, .ofs_x = 0, .ofs_y = 3},
    {.bitmap_index = 4232, .adv_w = 352, .box_w = 10, .box_h = 22, .ofs_x = 6, .ofs_y = -4},
    {.bitmap_index = 4287, .adv_w = 352, .box_w = 17, .box_h = 17, .ofs_x = 3, .ofs_y = 0},
    {.bitmap_index = 4360, .adv_w = 352, .box_w = 7, .box_h = 7, .ofs_x = 2, .ofs_y = -3},
    {.bitmap_index = 4373, .adv_w = 352, .box_w = 7, .box_h = 6, .ofs_x = 2, .ofs_y = -2},
    {.bitmap_index = 4384, .adv_w = 352, .box_w = 20, .box_h = 3, .ofs_x = 1, .ofs_y = 7},
    {.bitmap_index = 4399, .adv_w = 352, .box_w = 18, .box_h = 20, .ofs_x = 2, .ofs_y = -2},
    {.bitmap_index = 4489, .adv_w = 352, .box_w = 20, .box_h = 22, .ofs_x = 1, .ofs_y = -3},
    {.bitmap_index = 4599, .adv_w = 352, .box_w = 22, .box_h = 22, .ofs_x = 0, .ofs_y = -3},
    {.bitmap_index = 4720, .adv_w = 352, .box_w = 21, .box_h = 21, .ofs_x = 0, .ofs_y = -2},
    {.bitmap_index = 4831, .adv_w = 352, .box_w = 21, .box_h = 22, .ofs_x = 0, .ofs_y = -3},
    {.bitmap_index = 4947, .adv_w = 352, .box_w = 21, .box_h = 21, .ofs_x = 0, .ofs_y = -3},
    {.bitmap_index = 5058, .adv_w = 352, .box_w = 21, .box_h = 21, .ofs_x = 0, .ofs_y = -2},
    {.bitmap_index = 5169, .adv_w = 352, .box_w = 21, .box_h = 21, .ofs_x = 0, .ofs_y = -2},
    {.bitmap_index = 5280, .adv_w = 352, .box_w = 22, .box_h = 21, .ofs_x = 0, .ofs_y = -2},
    {.bitmap_index = 5396, .adv_w = 352, .box_w = 21, .box_h = 21, .ofs_x = 1, .ofs_y = -3},
    {.bitmap_index = 5507, .adv_w = 352, .box_w = 21, .box_h = 22, .ofs_x = 0, .ofs_y = -3},
    {.bitmap_index = 5623, .adv_w = 352, .box_w = 21, .box_h = 21, .ofs_x = 1, .ofs_y = -3},
    {.bitmap_index = 5734, .adv_w = 352, .box_w = 21, .box_h = 21, .ofs_x = 0, .ofs_y = -3},
    {.bitmap_index = 5845, .adv_w = 352, .box_w = 21, .box_h = 21, .ofs_x = 0, .ofs_y = -3},
    {.bitmap_index = 5956, .adv_w = 352, .box_w = 21, .box_h = 20, .ofs_x = 0, .ofs_y = -2},
    {.bitmap_index = 6061, .adv_w = 352, .box_w = 21, .box_h = 21, .ofs_x = 0, .ofs_y = -3},
    {.bitmap_index = 6172, .adv_w = 352, .box_w = 21, .box_h = 21, .ofs_x = 0, .ofs_y = -3},
    {.bitmap_index = 6283, .adv_w = 352, .box_w = 22, .box_h = 21, .ofs_x = 0, .ofs_y = -2},
    {.bitmap_index = 6399, .adv_w = 352, .box_w = 20, .box_h = 20, .ofs_x = 1, .ofs_y = -2},
    {.bitmap_index = 6499, .adv_w = 352, .box_w = 21, .box_h = 19, .ofs_x = 0, .ofs_y = -2},
    {.bitmap_index = 6599, .adv_w = 352, .box_w = 21, .box_h = 20, .ofs_x = 0, .ofs_y = -3},
    {.bitmap_index = 6704, .adv_w = 352, .box_w = 21, .box_h = 19, .ofs_x = 1, .ofs_y = -2},
    {.bitmap_index = 6804, .adv_w = 352, .box_w = 21, .box_h = 21, .ofs_x = 0, .ofs_y = -2},
    {.bitmap_index = 6915, .adv_w = 352, .box_w = 22, .box_h = 19, .ofs_x = 0, .ofs_y = -2},
    {.bitmap_index = 7020, .adv_w = 352, .box_w = 21, .box_h = 21, .ofs_x = 0, .ofs_y = -2},
    {.bitmap_index = 7131, .adv_w = 352, .box_w = 20, .box_h = 20, .ofs_x = 1, .ofs_y = -2},
    {.bitmap_index = 7231, .adv_w = 352, .box_w = 20, .box_h = 22, .ofs_x = 0, .ofs_y = -3},
    {.bitmap_index = 7341, .adv_w = 352, .box_w = 21, .box_h = 19, .ofs_x = 0, .ofs_y = -2},
    {.bitmap_index = 7441, .adv_w = 352, .box_w = 20, .box_h = 19, .ofs_x = 1, .ofs_y = -2},
    {.bitmap_index = 7536, .adv_w = 352, .box_w = 21, .box_h = 20, .ofs_x = 0, .ofs_y = -2},
    {.bitmap_index = 7641, .adv_w = 352, .box_w = 21, .box_h = 20, .ofs_x = 1, .ofs_y = -2},
    {.bitmap_index = 7746, .adv_w = 352, .box_w = 22, .box_h = 21, .ofs_x = 0, .ofs_y = -2},
    {.bitmap_index = 7862, .adv_w = 352, .box_w = 20, .box_h = 22, .ofs_x = 1, .ofs_y = -3},
    {.bitmap_index = 7972, .adv_w = 352, .box_w = 22, .box_h = 21, .ofs_x = 0, .ofs_y = -2},
    {.bitmap_index = 8088, .adv_w = 352, .box_w = 21, .box_h = 21, .ofs_x = 1, .ofs_y = -2},
    {.bitmap_index = 8199, .adv_w = 352, .box_w = 21, .box_h = 22, .ofs_x = 1, .ofs_y = -3},
    {.bitmap_index = 8315, .adv_w = 352, .box_w = 21, .box_h = 22, .ofs_x = 0, .ofs_y = -3},
    {.bitmap_index = 8431, .adv_w = 352, .box_w = 21, .box_h = 21, .ofs_x = 0, .ofs_y = -2},
    {.bitmap_index = 8542, .adv_w = 352, .box_w = 20, .box_h = 19, .ofs_x = 1, .ofs_y = -2},
    {.bitmap_index = 8637, .adv_w = 352, .box_w = 20, .box_h = 19, .ofs_x = 1, .ofs_y = -2},
    {.bitmap_index = 8732, .adv_w = 352, .box_w = 21, .box_h = 20, .ofs_x = 1, .ofs_y = -2},
    {.bitmap_index = 8837, .adv_w = 352, .box_w = 21, .box_h = 22, .ofs_x = 1, .ofs_y = -3},
    {.bitmap_index = 8953, .adv_w = 352, .box_w = 20, .box_h = 20, .ofs_x = 1, .ofs_y = -3},
    {.bitmap_index = 9053, .adv_w = 352, .box_w = 21, .box_h = 21, .ofs_x = 1, .ofs_y = -3},
    {.bitmap_index = 9164, .adv_w = 352, .box_w = 21, .box_h = 20, .ofs_x = 1, .ofs_y = -3},
    {.bitmap_index = 9269, .adv_w = 352, .box_w = 22, .box_h = 22, .ofs_x = 0, .ofs_y = -3},
    {.bitmap_index = 9390, .adv_w = 352, .box_w = 22, .box_h = 21, .ofs_x = 0, .ofs_y = -2},
    {.bitmap_index = 9506, .adv_w = 352, .box_w = 20, .box_h = 21, .ofs_x = 1, .ofs_y = -2},
    {.bitmap_index = 9611, .adv_w = 352, .box_w = 22, .box_h = 21, .ofs_x = 0, .ofs_y = -3},
    {.bitmap_index = 9727, .adv_w = 352, .box_w = 21, .box_h = 22, .ofs_x = 0, .ofs_y = -3},
    {.bitmap_index = 9843, .adv_w = 352, .box_w = 22, .box_h = 21, .ofs_x = 0, .ofs_y = -3},
    {.bitmap_index = 9959, .adv_w = 352, .box_w = 22, .box_h = 21, .ofs_x = 0, .ofs_y = -2},
    {.bitmap_index = 10075, .adv_w = 352, .box_w = 22, .box_h = 22, .ofs_x = 0, .ofs_y = -3},
    {.bitmap_index = 10196, .adv_w = 352, .box_w = 22, .box_h = 22, .ofs_x = 0, .ofs_y = -3},
    {.bitmap_index = 10317, .adv_w = 352, .box_w = 21, .box_h = 20, .ofs_x = 0, .ofs_y = -3},
    {.bitmap_index = 10422, .adv_w = 352, .box_w = 20, .box_h = 19, .ofs_x = 1, .ofs_y = -2},
    {.bitmap_index = 10517, .adv_w = 352, .box_w = 21, .box_h = 20, .ofs_x = 1, .ofs_y = -3},
    {.bitmap_index = 10622, .adv_w = 352, .box_w = 21, .box_h = 20, .ofs_x = 0, .ofs_y = -2},
    {.bitmap_index = 10727, .adv_w = 352, .box_w = 22, .box_h = 21, .ofs_x = 0, .ofs_y = -3},
    {.bitmap_index = 10843, .adv_w = 352, .box_w = 21, .box_h = 21, .ofs_x = 0, .ofs_y = -3},
    {.bitmap_index = 10954, .adv_w = 352, .box_w = 22, .box_h = 22, .ofs_x = 0, .ofs_y = -3},
    {.bitmap_index = 11075, .adv_w = 352, .box_w = 22, .box_h = 20, .ofs_x = 0, .ofs_y = -2},
    {.bitmap_index = 11185, .adv_w = 352, .box_w = 22, .box_h = 21, .ofs_x = 0, .ofs_y = -3},
    {.bitmap_index = 11301, .adv_w = 352, .box_w = 20, .box_h = 20, .ofs_x = 1, .ofs_y = -2},
    {.bitmap_index = 11401, .adv_w = 352, .box_w = 22, .box_h = 22, .ofs_x = 0, .ofs_y = -3},
    {.bitmap_index = 11522, .adv_w = 352, .box_w = 21, .box_h = 20, .ofs_x = 0, .ofs_y = -2},
    {.bitmap_index = 11627, .adv_w = 352, .box_w = 22, .box_h = 21, .ofs_x = 0, .ofs_y = -3},
    {.bitmap_index = 11743, .adv_w = 352, .box_w = 21, .box_h = 22, .ofs_x = 1, .ofs_y = -3},
    {.bitmap_index = 11859, .adv_w = 352, .box_w = 21, .box_h = 21, .ofs_x = 0, .ofs_y = -3},
    {.bitmap_index = 11970, .adv_w = 352, .box_w = 21, .box_h = 21, .ofs_x = 0, .ofs_y = -3},
    {.bitmap_index = 12081, .adv_w = 352, .box_w = 21, .box_h = 21, .ofs_x = 1, .ofs_y = -3},
    {.bitmap_index = 12192, .adv_w = 352, .box_w = 20, .box_h = 20, .ofs_x = 2, .ofs_y = -2},
    {.bitmap_index = 12292, .adv_w = 352, .box_w = 16, .box_h = 22, .ofs_x = 3, .ofs_y = -3},
    {.bitmap_index = 12380, .adv_w = 352, .box_w = 16, .box_h = 19, .ofs_x = 3, .ofs_y = -2},
    {.bitmap_index = 12456, .adv_w = 352, .box_w = 22, .box_h = 21, .ofs_x = 0, .ofs_y = -2},
    {.bitmap_index = 12572, .adv_w = 352, .box_w = 21, .box_h = 21, .ofs_x = 0, .ofs_y = -3},
    {.bitmap_index = 12683, .adv_w = 352, .box_w = 21, .box_h = 21, .ofs_x = 0, .ofs_y = -2},
    {.bitmap_index = 12794, .adv_w = 352, .box_w = 22, .box_h = 21, .ofs_x = 0, .ofs_y = -2},
    {.bitmap_index = 12910, .adv_w = 352, .box_w = 22, .box_h = 20, .ofs_x = 0, .ofs_y = -2},
    {.bitmap_index = 13020, .adv_w = 352, .box_w = 21, .box_h = 20, .ofs_x = 0, .ofs_y = -2},
    {.bitmap_index = 13125, .adv_w = 352, .box_w = 21, .box_h = 21, .ofs_x = 0, .ofs_y = -2},
    {.bitmap_index = 13236, .adv_w = 352, .box_w = 22, .box_h = 20, .ofs_x = 0, .ofs_y = -2},
    {.bitmap_index = 13346, .adv_w = 352, .box_w = 22, .box_h = 21, .ofs_x = 0, .ofs_y = -2},
    {.bitmap_index = 13462, .adv_w = 352, .box_w = 22, .box_h = 20, .ofs_x = 0, .ofs_y = -2},
    {.bitmap_index = 13572, .adv_w = 352, .box_w = 21, .box_h = 22, .ofs_x = 0, .ofs_y = -3},
    {.bitmap_index = 13688, .adv_w = 352, .box_w = 22, .box_h = 21, .ofs_x = 0, .ofs_y = -3},
    {.bitmap_index = 13804, .adv_w = 352, .box_w = 21, .box_h = 21, .ofs_x = 1, .ofs_y = -3},
    {.bitmap_index = 13915, .adv_w = 352, .box_w = 22, .box_h = 20, .ofs_x = 0, .ofs_y = -2},
    {.bitmap_index = 14025, .adv_w = 352, .box_w = 22, .box_h = 21, .ofs_x = 0, .ofs_y = -2},
    {.bitmap_index = 14141, .adv_w = 352, .box_w = 21, .box_h = 22, .ofs_x = 1, .ofs_y = -3},
    {.bitmap_index = 14257, .adv_w = 352, .box_w = 20, .box_h = 21, .ofs_x = 1, .ofs_y = -3},
    {.bitmap_index = 14362, .adv_w = 352, .box_w = 21, .box_h = 22, .ofs_x = 1, .ofs_y = -3},
    {.bitmap_index = 14478, .adv_w = 352, .box_w = 21, .box_h = 21, .ofs_x = 1, .ofs_y = -3},
    {.bitmap_index = 14589, .adv_w = 352, .box_w = 21, .box_h = 21, .ofs_x = 1, .ofs_y = -3},
    {.bitmap_index = 14700, .adv_w = 352, .box_w = 21, .box_h = 22, .ofs_x = 0, .ofs_y = -3},
    {.bitmap_index = 14816, .adv_w = 352, .box_w = 20, .box_h = 21, .ofs_x = 1, .ofs_y = -2},
    {.bitmap_index = 14921, .adv_w = 352, .box_w = 20, .box_h = 20, .ofs_x = 1, .ofs_y = -2},
    {.bitmap_index = 15021, .adv_w = 352, .box_w = 21, .box_h = 20, .ofs_x = 1, .ofs_y = -2},
    {.bitmap_index = 15126, .adv_w = 352, .box_w = 21, .box_h = 22, .ofs_x = 1, .ofs_y = -3},
    {.bitmap_index = 15242, .adv_w = 352, .box_w = 20, .box_h = 20, .ofs_x = 1, .ofs_y = -3},
    {.bitmap_index = 15342, .adv_w = 352, .box_w = 22, .box_h = 20, .ofs_x = 0, .ofs_y = -2},
    {.bitmap_index = 15452, .adv_w = 352, .box_w = 20, .box_h = 20, .ofs_x = 1, .ofs_y = -2},
    {.bitmap_index = 15552, .adv_w = 352, .box_w = 20, .box_h = 20, .ofs_x = 1, .ofs_y = -3},
    {.bitmap_index = 15652, .adv_w = 352, .box_w = 4, .box_h = 16, .ofs_x = 3, .ofs_y = 0},
    {.bitmap_index = 15668, .adv_w = 352, .box_w = 4, .box_h = 9, .ofs_x = 2, .ofs_y = -5},
    {.bitmap_index = 15677, .adv_w = 352, .box_w = 5, .box_h = 12, .ofs_x = 3, .ofs_y = 2},
    {.bitmap_index = 15692, .adv_w = 352, .box_w = 5, .box_h = 17, .ofs_x = 3, .ofs_y = -3},
    {.bitmap_index = 15714, .adv_w = 352, .box_w = 11, .box_h = 17, .ofs_x = 0, .ofs_y = 0}
};

/*---------------------
 *  CHARACTER MAPPING
 *--------------------*/

static const uint16_t unicode_list_1[] = {
    0x0, 0x1, 0x7, 0x27, 0x47, 0x1f64, 0x1f76, 0x2053,
    0x20e0, 0x20e1, 0x20e2, 0x20e3, 0x251f, 0x2f51, 0x2f52, 0x4d50,
    0x4d7d, 0x4dfe, 0x4e15, 0x4e46, 0x4e4d, 0x4e70, 0x4e9d, 0x4fac,
    0x4ff8, 0x5099, 0x50c3, 0x5156, 0x5167, 0x5170, 0x5186, 0x51f0,
    0x51f8, 0x5266, 0x52b1, 0x52c3, 0x52d2, 0x52db, 0x5328, 0x5347,
    0x535e, 0x537c, 0x537f, 0x55b8, 0x564a, 0x5680, 0x569f, 0x5857,
    0x585d, 0x5866, 0x5aa8, 0x5adc, 0x5aea, 0x5b56, 0x5d35, 0x5d42,
    0x5ddf, 0x5df6, 0x5e50, 0x5e5f, 0x5e8a, 0x5ed5, 0x5f8b, 0x619b,
    0x62be, 0x62f5, 0x636c, 0x63fd, 0x648e, 0x64c0, 0x6530, 0x656f,
    0x6650, 0x667a, 0x668a, 0x66cf, 0x6771, 0x6810, 0x6971, 0x6ab2,
    0x6b64, 0x6b97, 0x6bb0, 0x6c25, 0x6c9b, 0x6de0, 0x7009, 0x7485,
    0x75cd, 0x763e, 0x7811, 0x7922, 0x7a99, 0x7df2, 0x7e4f, 0x7f51,
    0x801c, 0x842d, 0x8652, 0x870a, 0x879c, 0x8916, 0x8b0e, 0x8b25,
    0x8ee3, 0x8f17, 0x8f20, 0x8f2e, 0x8f6a, 0x8f6f, 0x8fa3, 0x953d,
    0x9590, 0x95b4, 0x96a9, 0x97c5, 0x99dc, 0x9d73, 0x9e21, 0xfe51,
    0xfe5c, 0xfe6a, 0xfe6b, 0xfe6f
};

/*Collect the unicode lists and glyph_id offsets*/
static const lv_font_fmt_txt_cmap_t cmaps[] =
{
    {
        .range_start = 32, .range_length = 95, .glyph_id_start = 1,
        .unicode_list = NULL, .glyph_id_ofs_list = NULL, .list_length = 0, .type = LV_FONT_FMT_TXT_CMAP_FORMAT0_TINY
    },
    {
        .range_start = 176, .range_length = 65136, .glyph_id_start = 96,
        .unicode_list = unicode_list_1, .glyph_id_ofs_list = NULL, .list_length = 124, .type = LV_FONT_FMT_TXT_CMAP_SPARSE_TINY
    }
};



/*--------------------
 *  ALL CUSTOM DATA
 *--------------------*/

#if LVGL_VERSION_MAJOR == 8
/*Store all the custom data of the font*/
static  lv_font_fmt_txt_glyph_cache_t cache;
#endif

#if LVGL_VERSION_MAJOR >= 8
static const lv_font_fmt_txt_dsc_t font_dsc = {
#else
static lv_font_fmt_txt_dsc_t font_dsc = {
#endif
    .glyph_bitmap = glyph_bitmap,
    .glyph_dsc = glyph_dsc,
    .cmaps = cmaps,
    .kern_dsc = NULL,
    .kern_scale = 0,
    .cmap_num = 2,
    .bpp = 2,
    .kern_classes = 0,
    .bitmap_format = 0,
#if LVGL_VERSION_MAJOR == 8
    .cache = &cache
#endif
};



/*-----------------
 *  PUBLIC FONT
 *----------------*/

/*Initialize a public general font descriptor*/
#if LVGL_VERSION_MAJOR >= 8
const lv_font_t helm_factory_22 = {
#else
lv_font_t helm_factory_22 = {
#endif
    .get_glyph_dsc = lv_font_get_glyph_dsc_fmt_txt,    /*Function pointer to get glyph's data*/
    .get_glyph_bitmap = lv_font_get_bitmap_fmt_txt,    /*Function pointer to get glyph's bitmap*/
    .line_height = 25,          /*The maximum line height required by the font*/
    .base_line = 5,             /*Baseline measured from the bottom of the line*/
#if !(LVGL_VERSION_MAJOR == 6 && LVGL_VERSION_MINOR == 0)
    .subpx = LV_FONT_SUBPX_NONE,
#endif
#if LV_VERSION_CHECK(7, 4, 0) || LVGL_VERSION_MAJOR >= 8
    .underline_position = -2,
    .underline_thickness = 2,
#endif
    .dsc = &font_dsc,          /*The custom font data. Will be accessed by `get_glyph_bitmap/dsc` */
#if LV_VERSION_CHECK(8, 2, 0) || LVGL_VERSION_MAJOR >= 9
    .fallback = NULL,
#endif
    .user_data = NULL,
};



#endif /*#if HELM_FACTORY_22*/

