/*******************************************************************************
 * Size: 64 px
 * Bpp: 2
 * Opts: --size 64 --bpp 2 --format lvgl --no-compress --no-prefilter --no-kerning --lv-include lvgl/lvgl.h --lv-font-name helm_num_64 -o /home/jinsc/SDK/vela/openvela/vendor/my_vendor/boards/sf32lb52/my_vendor/ui/bicycle/src/lvgl_page/fonts/helm_num_64.c --font /home/jinsc/SDK/SGl/PingFangSC/PingFangSC-Semibold.ttf --autohint-strong -r 0x20-0x7E --symbols 0123456789.:-/+%
 ******************************************************************************/

#ifdef LV_LVGL_H_INCLUDE_SIMPLE
#include "lvgl.h"
#else
#include "lvgl/lvgl.h"
#endif

#ifndef HELM_NUM_64
#define HELM_NUM_64 1
#endif

#if HELM_NUM_64

/*-----------------
 *    BITMAPS
 *----------------*/

/*Store the image of the glyphs*/
static LV_ATTRIBUTE_LARGE_CONST const uint8_t glyph_bitmap[] = {
    /* U+0020 " " */

    /* U+0021 "!" */
    0x7f, 0xff, 0xd7, 0xff, 0xfd, 0x3f, 0xff, 0xc3,
    0xff, 0xfc, 0x3f, 0xff, 0xc3, 0xff, 0xfc, 0x3f,
    0xff, 0xc3, 0xff, 0xfc, 0x3f, 0xff, 0xc3, 0xff,
    0xfc, 0x3f, 0xff, 0xc3, 0xff, 0xfc, 0x2f, 0xff,
    0x82, 0xff, 0xf8, 0x2f, 0xff, 0x82, 0xff, 0xf8,
    0x2f, 0xff, 0x82, 0xff, 0xf4, 0x1f, 0xff, 0x41,
    0xff, 0xf4, 0x1f, 0xff, 0x41, 0xff, 0xf4, 0x1f,
    0xff, 0x40, 0xff, 0xf0, 0xf, 0xff, 0x0, 0xff,
    0xf0, 0xf, 0xff, 0x0, 0xff, 0xf0, 0xf, 0xff,
    0x0, 0xff, 0xf0, 0xf, 0xff, 0x0, 0xff, 0xf0,
    0xf, 0xff, 0x0, 0x0, 0x0, 0x0, 0x0, 0x0,
    0x0, 0x0, 0x7, 0xfd, 0x2, 0xff, 0xf8, 0x7f,
    0xff, 0xdf, 0xff, 0xff, 0xff, 0xff, 0xff, 0xff,
    0xff, 0xff, 0xff, 0xf7, 0xff, 0xfd, 0x2f, 0xff,
    0x80, 0x7f, 0xd0,

    /* U+0022 "\"" */
    0x1, 0xff, 0x80, 0x0, 0x7, 0xfe, 0x0, 0x2f,
    0xff, 0xc0, 0x0, 0xbf, 0xff, 0x1, 0xff, 0xff,
    0xc0, 0x7, 0xff, 0xff, 0xf, 0xff, 0xff, 0x40,
    0x3f, 0xff, 0xfd, 0x3f, 0xff, 0xfe, 0x0, 0xff,
    0xff, 0xf8, 0xff, 0xff, 0xfc, 0x3, 0xff, 0xff,
    0xf3, 0xff, 0xff, 0xf0, 0xf, 0xff, 0xff, 0xc7,
    0xff, 0xff, 0xc0, 0x1f, 0xff, 0xff, 0xb, 0xff,
    0xff, 0x0, 0x2f, 0xff, 0xfc, 0x7, 0xff, 0xfc,
    0x0, 0x1f, 0xff, 0xf0, 0x0, 0x3f, 0xf0, 0x0,
    0x0, 0xff, 0xc0, 0x0, 0xff, 0x80, 0x0, 0x3,
    0xfe, 0x0, 0x7, 0xfd, 0x0, 0x0, 0x1f, 0xf4,
    0x0, 0x3f, 0xf0, 0x0, 0x0, 0xff, 0xc0, 0x1,
    0xff, 0x80, 0x0, 0x7, 0xfe, 0x0, 0xf, 0xfd,
    0x0, 0x0, 0x3f, 0xf4, 0x0, 0xff, 0xe0, 0x0,
    0x3, 0xff, 0x80, 0x1f, 0xff, 0x0, 0x0, 0x7f,
    0xfc, 0x2, 0xff, 0xf0, 0x0, 0xb, 0xff, 0xc0,
    0xb, 0xff, 0x40, 0x0, 0x2f, 0xfd, 0x0, 0xf,
    0xf0, 0x0, 0x0, 0x3f, 0xc0, 0x0, 0x1e, 0x0,
    0x0, 0x0, 0x78, 0x0, 0x0, 0x0, 0x0, 0x0,
    0x0, 0x0, 0x0, 0x0,

    /* U+0023 "#" */
    0x0, 0x0, 0x0, 0xaa, 0x90, 0x0, 0xa, 0xa9,
    0x0, 0x0, 0x0, 0x1, 0xff, 0xe0, 0x0, 0xf,
    0xfe, 0x0, 0x0, 0x0, 0x1, 0xff, 0xd0, 0x0,
    0x1f, 0xfd, 0x0, 0x0, 0x0, 0x2, 0xff, 0xc0,
    0x0, 0x2f, 0xfd, 0x0, 0x0, 0x0, 0x3, 0xff,
    0xc0, 0x0, 0x2f, 0xfc, 0x0, 0x0, 0x0, 0x3,
    0xff, 0xc0, 0x0, 0x3f, 0xfc, 0x0, 0x0, 0x0,
    0x3, 0xff, 0x80, 0x0, 0x3f, 0xfc, 0x0, 0x0,
    0x0, 0x7, 0xff, 0x80, 0x0, 0x3f, 0xf8, 0x0,
    0x0, 0x0, 0x7, 0xff, 0x40, 0x0, 0x7f, 0xf4,
    0x0, 0x0, 0x0, 0xb, 0xff, 0x0, 0x0, 0xbf,
    0xf4, 0x0, 0x0, 0xff, 0xff, 0xff, 0xff, 0xff,
    0xff, 0xff, 0xfe, 0x1, 0xff, 0xff, 0xff, 0xff,
    0xff, 0xff, 0xff, 0xfe, 0x2, 0xff, 0xff, 0xff,
    0xff, 0xff, 0xff, 0xff, 0xfd, 0x2, 0xff, 0xff,
    0xff, 0xff, 0xff, 0xff, 0xff, 0xfc, 0x3, 0xff,
    0xff, 0xff, 0xff, 0xff, 0xff, 0xff, 0xfc, 0x0,
    0x0, 0x2f, 0xfc, 0x0, 0x2, 0xff, 0xd0, 0x0,
    0x0, 0x0, 0x3f, 0xfc, 0x0, 0x2, 0xff, 0xc0,
    0x0, 0x0, 0x0, 0x3f, 0xfc, 0x0, 0x3, 0xff,
    0xc0, 0x0, 0x0, 0x0, 0x3f, 0xfc, 0x0, 0x3,
    0xff, 0xc0, 0x0, 0x0, 0x0, 0x7f, 0xf8, 0x0,
    0x3, 0xff, 0x80, 0x0, 0x0, 0x0, 0x7f, 0xf8,
    0x0, 0x7, 0xff, 0x80, 0x0, 0x0, 0x0, 0xbf,
    0xf4, 0x0, 0x7, 0xff, 0x40, 0x0, 0x0, 0x0,
    0xbf, 0xf0, 0x0, 0xb, 0xff, 0x40, 0x0, 0x0,
    0x0, 0xff, 0xf0, 0x0, 0xf, 0xff, 0x0, 0x0,
    0x0, 0x0, 0xff, 0xf0, 0x0, 0xf, 0xff, 0x0,
    0x0, 0x0, 0x0, 0xff, 0xf0, 0x0, 0xf, 0xff,
    0x0, 0x0, 0x0, 0x1, 0xff, 0xe0, 0x0, 0xf,
    0xfe, 0x0, 0x0, 0x0, 0x1, 0xff, 0xd0, 0x0,
    0x1f, 0xfe, 0x0, 0x0, 0x0, 0x2, 0xff, 0xd0,
    0x0, 0x2f, 0xfd, 0x0, 0x0, 0x0, 0x3, 0xff,
    0xc0, 0x0, 0x2f, 0xfd, 0x0, 0x0, 0x0, 0x3,
    0xff, 0xc0, 0x0, 0x3f, 0xfc, 0x0, 0x0, 0x2f,
    0xff, 0xff, 0xff, 0xff, 0xff, 0xff, 0xff, 0xd0,
    0x3f, 0xff, 0xff, 0xff, 0xff, 0xff, 0xff, 0xff,
    0xc0, 0x3f, 0xff, 0xff, 0xff, 0xff, 0xff, 0xff,
    0xff, 0xc0, 0x3f, 0xff, 0xff, 0xff, 0xff, 0xff,
    0xff, 0xff, 0xc0, 0x7f, 0xff, 0xff, 0xff, 0xff,
    0xff, 0xff, 0xff, 0x80, 0x0, 0xf, 0xff, 0x0,
    0x0, 0xff, 0xf0, 0x0, 0x0, 0x0, 0xf, 0xff,
    0x0, 0x0, 0xff, 0xf0, 0x0, 0x0, 0x0, 0xf,
    0xfe, 0x0, 0x0, 0xff, 0xf0, 0x0, 0x0, 0x0,
    0x1f, 0xfe, 0x0, 0x1, 0xff, 0xe0, 0x0, 0x0,
    0x0, 0x2f, 0xfd, 0x0, 0x1, 0xff, 0xd0, 0x0,
    0x0, 0x0, 0x2f, 0xfc, 0x0, 0x2, 0xff, 0xd0,
    0x0, 0x0, 0x0, 0x3f, 0xfc, 0x0, 0x3, 0xff,
    0xc0, 0x0, 0x0, 0x0, 0x3f, 0xfc, 0x0, 0x3,
    0xff, 0xc0, 0x0, 0x0, 0x0, 0x3f, 0xfc, 0x0,
    0x3, 0xff, 0xc0, 0x0, 0x0, 0x0, 0x7f, 0xf8,
    0x0, 0x7, 0xff, 0x80, 0x0, 0x0,

    /* U+0024 "$" */
    0x0, 0x0, 0x0, 0x3, 0xfc, 0x0, 0x0, 0x0,
    0x0, 0x0, 0x0, 0x0, 0x3f, 0xc0, 0x0, 0x0,
    0x0, 0x0, 0x0, 0x0, 0x3, 0xfc, 0x0, 0x0,
    0x0, 0x0, 0x0, 0x0, 0x0, 0x3f, 0xc0, 0x0,
    0x0, 0x0, 0x0, 0x0, 0x0, 0x3, 0xfc, 0x0,
    0x0, 0x0, 0x0, 0x0, 0x0, 0x6f, 0xff, 0xff,
    0x90, 0x0, 0x0, 0x0, 0x1, 0xff, 0xff, 0xff,
    0xff, 0xf4, 0x0, 0x0, 0x0, 0xff, 0xff, 0xff,
    0xff, 0xff, 0xe0, 0x0, 0x0, 0x7f, 0xff, 0xff,
    0xff, 0xff, 0xff, 0xc0, 0x0, 0x1f, 0xff, 0xff,
    0xff, 0xff, 0xff, 0xff, 0x0, 0x3, 0xff, 0xff,
    0xff, 0xff, 0xff, 0xff, 0xf8, 0x0, 0xbf, 0xff,
    0xf9, 0x3f, 0xc6, 0xff, 0xff, 0xc0, 0xf, 0xff,
    0xf8, 0x3, 0xfc, 0x3, 0xff, 0xfe, 0x1, 0xff,
    0xfe, 0x0, 0x3f, 0xc0, 0xf, 0xff, 0xf0, 0x2f,
    0xff, 0xc0, 0x3, 0xfc, 0x0, 0x3f, 0xff, 0x43,
    0xff, 0xf8, 0x0, 0x3f, 0xc0, 0x3, 0xff, 0xf8,
    0x3f, 0xff, 0x80, 0x3, 0xfc, 0x0, 0x1f, 0xff,
    0xc3, 0xff, 0xf4, 0x0, 0x3f, 0xc0, 0x0, 0xff,
    0xfc, 0x3f, 0xff, 0x80, 0x3, 0xfc, 0x0, 0x0,
    0x0, 0x3, 0xff, 0xfc, 0x0, 0x3f, 0xc0, 0x0,
    0x0, 0x0, 0x2f, 0xff, 0xf0, 0x3, 0xfc, 0x0,
    0x0, 0x0, 0x1, 0xff, 0xff, 0xc0, 0x3f, 0xc0,
    0x0, 0x0, 0x0, 0xf, 0xff, 0xff, 0x83, 0xfc,
    0x0, 0x0, 0x0, 0x0, 0x7f, 0xff, 0xff, 0xbf,
    0xc0, 0x0, 0x0, 0x0, 0x2, 0xff, 0xff, 0xff,
    0xfc, 0x0, 0x0, 0x0, 0x0, 0xf, 0xff, 0xff,
    0xff, 0xe4, 0x0, 0x0, 0x0, 0x0, 0x2f, 0xff,
    0xff, 0xff, 0xf8, 0x0, 0x0, 0x0, 0x0, 0x7f,
    0xff, 0xff, 0xff, 0xfd, 0x0, 0x0, 0x0, 0x0,
    0x7f, 0xff, 0xff, 0xff, 0xfe, 0x0, 0x0, 0x0,
    0x0, 0x2f, 0xff, 0xff, 0xff, 0xfc, 0x0, 0x0,
    0x0, 0x0, 0x1b, 0xff, 0xff, 0xff, 0xf4, 0x0,
    0x0, 0x0, 0x0, 0x3f, 0xff, 0xff, 0xff, 0xd0,
    0x0, 0x0, 0x0, 0x3, 0xfe, 0xff, 0xff, 0xff,
    0x0, 0x0, 0x0, 0x0, 0x3f, 0xc1, 0xff, 0xff,
    0xf8, 0x0, 0x0, 0x0, 0x3, 0xfc, 0x1, 0xff,
    0xff, 0xc0, 0x0, 0x0, 0x0, 0x3f, 0xc0, 0x3,
    0xff, 0xfd, 0x0, 0x0, 0x0, 0x3, 0xfc, 0x0,
    0x1f, 0xff, 0xe7, 0xff, 0xf0, 0x0, 0x3f, 0xc0,
    0x0, 0xff, 0xff, 0x7f, 0xff, 0x0, 0x3, 0xfc,
    0x0, 0xb, 0xff, 0xf3, 0xff, 0xf0, 0x0, 0x3f,
    0xc0, 0x0, 0x7f, 0xff, 0x3f, 0xff, 0x40, 0x3,
    0xfc, 0x0, 0xb, 0xff, 0xf3, 0xff, 0xfc, 0x0,
    0x3f, 0xc0, 0x0, 0xff, 0xff, 0x1f, 0xff, 0xd0,
    0x3, 0xfc, 0x0, 0x1f, 0xff, 0xe0, 0xff, 0xff,
    0x0, 0x3f, 0xc0, 0x7, 0xff, 0xfd, 0xb, 0xff,
    0xfd, 0x3, 0xfc, 0x2, 0xff, 0xff, 0xc0, 0x3f,
    0xff, 0xfd, 0x3f, 0xd6, 0xff, 0xff, 0xf4, 0x2,
    0xff, 0xff, 0xff, 0xff, 0xff, 0xff, 0xff, 0x0,
    0xf, 0xff, 0xff, 0xff, 0xff, 0xff, 0xff, 0xc0,
    0x0, 0x3f, 0xff, 0xff, 0xff, 0xff, 0xff, 0xf0,
    0x0, 0x0, 0xbf, 0xff, 0xff, 0xff, 0xff, 0xf8,
    0x0, 0x0, 0x0, 0xbf, 0xff, 0xff, 0xff, 0xf8,
    0x0, 0x0, 0x0, 0x0, 0x6f, 0xff, 0xff, 0xa4,
    0x0, 0x0, 0x0, 0x0, 0x0, 0x3, 0xfc, 0x0,
    0x0, 0x0, 0x0, 0x0, 0x0, 0x0, 0x3f, 0xc0,
    0x0, 0x0, 0x0, 0x0, 0x0, 0x0, 0x3, 0xfc,
    0x0, 0x0, 0x0, 0x0, 0x0, 0x0, 0x0, 0x3f,
    0xc0, 0x0, 0x0, 0x0, 0x0, 0x0, 0x0, 0x3,
    0xfc, 0x0, 0x0, 0x0, 0x0, 0x0, 0x0, 0x0,
    0x3f, 0xc0, 0x0, 0x0, 0x0,

    /* U+0025 "%" */
    0x0, 0x0, 0x0, 0x0, 0x0, 0x0, 0x0, 0x0,
    0x0, 0x2f, 0xfc, 0x0, 0x0, 0x0, 0x0, 0x6,
    0xff, 0xd0, 0x0, 0x0, 0x0, 0x0, 0x0, 0xff,
    0xd0, 0x0, 0x0, 0x0, 0x2, 0xff, 0xff, 0xf8,
    0x0, 0x0, 0x0, 0x0, 0xf, 0xff, 0x0, 0x0,
    0x0, 0x0, 0x3f, 0xff, 0xff, 0xfc, 0x0, 0x0,
    0x0, 0x0, 0x7f, 0xf0, 0x0, 0x0, 0x0, 0x3,
    0xff, 0xff, 0xff, 0xfc, 0x0, 0x0, 0x0, 0x3,
    0xff, 0x80, 0x0, 0x0, 0x0, 0x3f, 0xff, 0xff,
    0xff, 0xfc, 0x0, 0x0, 0x0, 0x1f, 0xfc, 0x0,
    0x0, 0x0, 0x1, 0xff, 0xfd, 0x7, 0xff, 0xf4,
    0x0, 0x0, 0x0, 0xff, 0xe0, 0x0, 0x0, 0x0,
    0xf, 0xff, 0xc0, 0x7, 0xff, 0xf0, 0x0, 0x0,
    0x7, 0xff, 0x0, 0x0, 0x0, 0x0, 0x7f, 0xfe,
    0x0, 0xf, 0xff, 0xd0, 0x0, 0x0, 0x3f, 0xf8,
    0x0, 0x0, 0x0, 0x2, 0xff, 0xf4, 0x0, 0x1f,
    0xff, 0x80, 0x0, 0x2, 0xff, 0xc0, 0x0, 0x0,
    0x0, 0xf, 0xff, 0xc0, 0x0, 0x3f, 0xfe, 0x0,
    0x0, 0xf, 0xfd, 0x0, 0x0, 0x0, 0x0, 0x3f,
    0xff, 0x0, 0x0, 0xff, 0xfc, 0x0, 0x0, 0xbf,
    0xf0, 0x0, 0x0, 0x0, 0x0, 0xff, 0xfc, 0x0,
    0x3, 0xff, 0xf0, 0x0, 0x3, 0xff, 0x40, 0x0,
    0x0, 0x0, 0x3, 0xff, 0xf0, 0x0, 0xf, 0xff,
    0xc0, 0x0, 0x2f, 0xfc, 0x0, 0x0, 0x0, 0x0,
    0xf, 0xff, 0xc0, 0x0, 0x3f, 0xff, 0x0, 0x1,
    0xff, 0xd0, 0x0, 0x0, 0x0, 0x0, 0x3f, 0xff,
    0x0, 0x0, 0xff, 0xfc, 0x0, 0xf, 0xfe, 0x0,
    0x0, 0x0, 0x0, 0x0, 0xff, 0xfc, 0x0, 0x3,
    0xff, 0xe0, 0x0, 0x7f, 0xf0, 0x0, 0x0, 0x0,
    0x0, 0x2, 0xff, 0xf4, 0x0, 0x1f, 0xff, 0x80,
    0x3, 0xff, 0x80, 0x0, 0x0, 0x0, 0x0, 0x7,
    0xff, 0xe0, 0x0, 0xbf, 0xfd, 0x0, 0x1f, 0xfc,
    0x0, 0x0, 0x0, 0x0, 0x0, 0xf, 0xff, 0xc0,
    0x7, 0xff, 0xf0, 0x0, 0xff, 0xe0, 0x0, 0x0,
    0x0, 0x0, 0x0, 0x1f, 0xff, 0xd0, 0x7f, 0xff,
    0x40, 0xb, 0xff, 0x0, 0x0, 0x0, 0x0, 0x0,
    0x0, 0x3f, 0xff, 0xff, 0xff, 0xfc, 0x0, 0x3f,
    0xf4, 0x0, 0x1, 0xbf, 0xf4, 0x0, 0x0, 0x3f,
    0xff, 0xff, 0xff, 0xc0, 0x2, 0xff, 0xc0, 0x0,
    0xbf, 0xff, 0xfe, 0x0, 0x0, 0x3f, 0xff, 0xff,
    0xfc, 0x0, 0xf, 0xfd, 0x0, 0xf, 0xff, 0xff,
    0xff, 0x0, 0x0, 0x2f, 0xff, 0xff, 0x80, 0x0,
    0xbf, 0xf0, 0x0, 0xff, 0xff, 0xff, 0xff, 0x0,
    0x0, 0x6, 0xff, 0xd0, 0x0, 0x3, 0xff, 0x40,
    0xb, 0xff, 0xff, 0xff, 0xff, 0x0, 0x0, 0x0,
    0x0, 0x0, 0x0, 0x3f, 0xfc, 0x0, 0x7f, 0xff,
    0x41, 0xff, 0xfd, 0x0, 0x0, 0x0, 0x0, 0x0,
    0x1, 0xff, 0xd0, 0x3, 0xff, 0xf4, 0x1, 0xff,
    0xfc, 0x0, 0x0, 0x0, 0x0, 0x0, 0xf, 0xfe,
    0x0, 0xf, 0xff, 0xc0, 0x3, 0xff, 0xf0, 0x0,
    0x0, 0x0, 0x0, 0x0, 0x7f, 0xf0, 0x0, 0x7f,
    0xfd, 0x0, 0x7, 0xff, 0xd0, 0x0, 0x0, 0x0,
    0x0, 0x3, 0xff, 0x80, 0x2, 0xff, 0xf4, 0x0,
    0x1f, 0xff, 0x80, 0x0, 0x0, 0x0, 0x0, 0x1f,
    0xfc, 0x0, 0xf, 0xff, 0xc0, 0x0, 0x3f, 0xff,
    0x0, 0x0, 0x0, 0x0, 0x0, 0xff, 0xe0, 0x0,
    0x3f, 0xff, 0x0, 0x0, 0xff, 0xfc, 0x0, 0x0,
    0x0, 0x0, 0xb, 0xff, 0x0, 0x0, 0xff, 0xfc,
    0x0, 0x3, 0xff, 0xf0, 0x0, 0x0, 0x0, 0x0,
    0x3f, 0xf4, 0x0, 0x3, 0xff, 0xf0, 0x0, 0xf,
    0xff, 0xc0, 0x0, 0x0, 0x0, 0x2, 0xff, 0xc0,
    0x0, 0xf, 0xff, 0xc0, 0x0, 0x3f, 0xff, 0x0,
    0x0, 0x0, 0x0, 0xf, 0xfd, 0x0, 0x0, 0x3f,
    0xff, 0x0, 0x0, 0xff, 0xfc, 0x0, 0x0, 0x0,
    0x0, 0xbf, 0xf0, 0x0, 0x0, 0xbf, 0xfd, 0x0,
    0x7, 0xff, 0xe0, 0x0, 0x0, 0x0, 0x7, 0xff,
    0x40, 0x0, 0x1, 0xff, 0xf4, 0x0, 0x1f, 0xff,
    0x40, 0x0, 0x0, 0x0, 0x3f, 0xfc, 0x0, 0x0,
    0x3, 0xff, 0xf0, 0x0, 0xff, 0xfc, 0x0, 0x0,
    0x0, 0x1, 0xff, 0xc0, 0x0, 0x0, 0xf, 0xff,
    0xd0, 0x7, 0xff, 0xf0, 0x0, 0x0, 0x0, 0xf,
    0xfe, 0x0, 0x0, 0x0, 0x1f, 0xff, 0xd0, 0x7f,
    0xff, 0x40, 0x0, 0x0, 0x0, 0x7f, 0xf0, 0x0,
    0x0, 0x0, 0x2f, 0xff, 0xff, 0xff, 0xfc, 0x0,
    0x0, 0x0, 0x3, 0xff, 0x80, 0x0, 0x0, 0x0,
    0x3f, 0xff, 0xff, 0xff, 0xc0, 0x0, 0x0, 0x0,
    0x2f, 0xfc, 0x0, 0x0, 0x0, 0x0, 0x3f, 0xff,
    0xff, 0xfc, 0x0, 0x0, 0x0, 0x0, 0xff, 0xe0,
    0x0, 0x0, 0x0, 0x0, 0x2f, 0xff, 0xff, 0x80,
    0x0, 0x0, 0x0, 0xb, 0xff, 0x0, 0x0, 0x0,
    0x0, 0x0, 0x6, 0xff, 0xd0, 0x0, 0x0, 0x0,
    0x0, 0x1a, 0xa4, 0x0, 0x0, 0x0, 0x0, 0x0,
    0x0, 0x0, 0x0, 0x0,

    /* U+0026 "&" */
    0x0, 0x0, 0x0, 0x6f, 0xff, 0x90, 0x0, 0x0,
    0x0, 0x0, 0x0, 0x0, 0x0, 0x1, 0xff, 0xff,
    0xff, 0xd0, 0x0, 0x0, 0x0, 0x0, 0x0, 0x0,
    0x3, 0xff, 0xff, 0xff, 0xfe, 0x0, 0x0, 0x0,
    0x0, 0x0, 0x0, 0x7, 0xff, 0xff, 0xff, 0xff,
    0xf0, 0x0, 0x0, 0x0, 0x0, 0x0, 0x3, 0xff,
    0xff, 0xff, 0xff, 0xfe, 0x0, 0x0, 0x0, 0x0,
    0x0, 0x3, 0xff, 0xff, 0xff, 0xff, 0xff, 0xd0,
    0x0, 0x0, 0x0, 0x0, 0x1, 0xff, 0xff, 0x80,
    0x1f, 0xff, 0xfc, 0x0, 0x0, 0x0, 0x0, 0x0,
    0xbf, 0xff, 0x40, 0x0, 0xff, 0xff, 0x0, 0x0,
    0x0, 0x0, 0x0, 0x3f, 0xff, 0x80, 0x0, 0x1f,
    0xff, 0xd0, 0x0, 0x0, 0x0, 0x0, 0xf, 0xff,
    0xd0, 0x0, 0x3, 0xff, 0xf4, 0x0, 0x0, 0x0,
    0x0, 0x3, 0xff, 0xf4, 0x0, 0x0, 0xff, 0xfd,
    0x0, 0x0, 0x0, 0x0, 0x0, 0xff, 0xfe, 0x0,
    0x0, 0x3f, 0xff, 0x40, 0x0, 0x0, 0x0, 0x0,
    0x2f, 0xff, 0xc0, 0x0, 0x1f, 0xff, 0xc0, 0x0,
    0x0, 0x0, 0x0, 0x7, 0xff, 0xf8, 0x0, 0xf,
    0xff, 0xe0, 0x0, 0x0, 0x0, 0x0, 0x0, 0xff,
    0xff, 0x40, 0xf, 0xff, 0xf4, 0x0, 0x0, 0x0,
    0x0, 0x0, 0x1f, 0xff, 0xf0, 0xf, 0xff, 0xf8,
    0x0, 0x0, 0x0, 0x0, 0x0, 0x2, 0xff, 0xff,
    0x2f, 0xff, 0xfc, 0x0, 0x0, 0x0, 0x0, 0x0,
    0x0, 0x3f, 0xff, 0xff, 0xff, 0xfc, 0x0, 0x0,
    0x0, 0x0, 0x0, 0x0, 0x3, 0xff, 0xff, 0xff,
    0xfc, 0x0, 0x0, 0x0, 0x0, 0x0, 0x0, 0x0,
    0x7f, 0xff, 0xff, 0xf8, 0x0, 0x0, 0x0, 0x0,
    0x0, 0x0, 0x0, 0xf, 0xff, 0xff, 0xe0, 0x0,
    0x1, 0xff, 0xfc, 0x0, 0x0, 0x0, 0x1f, 0xff,
    0xff, 0xf0, 0x0, 0x0, 0x7f, 0xff, 0x0, 0x0,
    0x0, 0x3f, 0xff, 0xff, 0xfe, 0x0, 0x0, 0x2f,
    0xff, 0xc0, 0x0, 0x0, 0xbf, 0xff, 0xff, 0xff,
    0xe0, 0x0, 0xb, 0xff, 0xf0, 0x0, 0x0, 0xbf,
    0xff, 0xff, 0xff, 0xfd, 0x0, 0x3, 0xff, 0xfc,
    0x0, 0x0, 0xbf, 0xff, 0xf0, 0xff, 0xff, 0xd0,
    0x0, 0xff, 0xfe, 0x0, 0x0, 0x7f, 0xff, 0xe0,
    0xf, 0xff, 0xfd, 0x0, 0x3f, 0xff, 0x40, 0x0,
    0x3f, 0xff, 0xd0, 0x0, 0xff, 0xff, 0xd0, 0x1f,
    0xff, 0xd0, 0x0, 0x2f, 0xff, 0xe0, 0x0, 0xf,
    0xff, 0xfc, 0xf, 0xff, 0xf0, 0x0, 0xf, 0xff,
    0xf0, 0x0, 0x0, 0xff, 0xff, 0xc3, 0xff, 0xfc,
    0x0, 0x7, 0xff, 0xf4, 0x0, 0x0, 0xf, 0xff,
    0xfe, 0xff, 0xfe, 0x0, 0x2, 0xff, 0xfc, 0x0,
    0x0, 0x1, 0xff, 0xff, 0xff, 0xff, 0x40, 0x0,
    0xff, 0xfe, 0x0, 0x0, 0x0, 0x1f, 0xff, 0xff,
    0xff, 0xc0, 0x0, 0x3f, 0xff, 0x40, 0x0, 0x0,
    0x1, 0xff, 0xff, 0xff, 0xe0, 0x0, 0xf, 0xff,
    0xd0, 0x0, 0x0, 0x0, 0x1f, 0xff, 0xff, 0xf0,
    0x0, 0x3, 0xff, 0xf8, 0x0, 0x0, 0x0, 0x1,
    0xff, 0xff, 0xf8, 0x0, 0x0, 0xff, 0xff, 0x0,
    0x0, 0x0, 0x0, 0x2f, 0xff, 0xfd, 0x0, 0x0,
    0x2f, 0xff, 0xd0, 0x0, 0x0, 0x0, 0xf, 0xff,
    0xff, 0xc0, 0x0, 0x7, 0xff, 0xfd, 0x0, 0x0,
    0x0, 0xf, 0xff, 0xff, 0xfc, 0x0, 0x0, 0xff,
    0xff, 0xe0, 0x0, 0x0, 0x2f, 0xff, 0xff, 0xff,
    0xc0, 0x0, 0x2f, 0xff, 0xff, 0x90, 0x1, 0xbf,
    0xff, 0xff, 0xff, 0xf8, 0x0, 0x3, 0xff, 0xff,
    0xff, 0xff, 0xff, 0xff, 0xff, 0xff, 0xff, 0x80,
    0x0, 0x7f, 0xff, 0xff, 0xff, 0xff, 0xff, 0xff,
    0xbf, 0xff, 0xf8, 0x0, 0xb, 0xff, 0xff, 0xff,
    0xff, 0xff, 0xff, 0x43, 0xff, 0xff, 0x40, 0x0,
    0x7f, 0xff, 0xff, 0xff, 0xff, 0xff, 0x0, 0x3f,
    0xff, 0xf4, 0x0, 0x2, 0xff, 0xff, 0xff, 0xff,
    0xfe, 0x0, 0x3, 0xff, 0xff, 0x40, 0x0, 0x1b,
    0xff, 0xff, 0xff, 0xf8, 0x0, 0x0, 0x3f, 0xff,
    0xf0, 0x0, 0x0, 0x16, 0xff, 0xfe, 0x40, 0x0,
    0x0, 0x0, 0x0, 0x0,

    /* U+0027 "'" */
    0x1, 0xff, 0x80, 0xb, 0xff, 0xf0, 0x1f, 0xff,
    0xfc, 0x3f, 0xff, 0xfd, 0x3f, 0xff, 0xfe, 0x3f,
    0xff, 0xff, 0x3f, 0xff, 0xff, 0x1f, 0xff, 0xff,
    0xb, 0xff, 0xff, 0x1, 0xff, 0xff, 0x0, 0x3,
    0xff, 0x0, 0x3, 0xfe, 0x0, 0x7, 0xfd, 0x0,
    0xf, 0xfc, 0x0, 0x1f, 0xf8, 0x0, 0x3f, 0xf4,
    0x0, 0xff, 0xe0, 0x7, 0xff, 0xc0, 0x2f, 0xff,
    0x0, 0x2f, 0xfd, 0x0, 0xf, 0xf0, 0x0, 0x7,
    0x80, 0x0, 0x0, 0x0, 0x0,

    /* U+0028 "(" */
    0x0, 0x0, 0xf, 0xff, 0x0, 0x0, 0xf, 0xff,
    0x80, 0x0, 0x7, 0xff, 0xc0, 0x0, 0x3, 0xff,
    0xd0, 0x0, 0x2, 0xff, 0xf0, 0x0, 0x1, 0xff,
    0xf4, 0x0, 0x0, 0xff, 0xfc, 0x0, 0x0, 0x7f,
    0xfd, 0x0, 0x0, 0x3f, 0xff, 0x0, 0x0, 0x1f,
    0xff, 0x80, 0x0, 0xf, 0xff, 0xc0, 0x0, 0x7,
    0xff, 0xf0, 0x0, 0x2, 0xff, 0xf8, 0x0, 0x0,
    0xff, 0xfc, 0x0, 0x0, 0x7f, 0xff, 0x0, 0x0,
    0x2f, 0xff, 0x80, 0x0, 0xf, 0xff, 0xd0, 0x0,
    0x7, 0xff, 0xf0, 0x0, 0x2, 0xff, 0xfc, 0x0,
    0x0, 0xff, 0xfe, 0x0, 0x0, 0x3f, 0xff, 0x40,
    0x0, 0xf, 0xff, 0xc0, 0x0, 0x7, 0xff, 0xf0,
    0x0, 0x2, 0xff, 0xfc, 0x0, 0x0, 0xbf, 0xff,
    0x0, 0x0, 0x3f, 0xff, 0x80, 0x0, 0xf, 0xff,
    0xe0, 0x0, 0x3, 0xff, 0xf8, 0x0, 0x0, 0xff,
    0xfd, 0x0, 0x0, 0x3f, 0xff, 0x40, 0x0, 0xf,
    0xff, 0xd0, 0x0, 0x3, 0xff, 0xf4, 0x0, 0x0,
    0xff, 0xfe, 0x0, 0x0, 0x3f, 0xff, 0x80, 0x0,
    0xf, 0xff, 0xe0, 0x0, 0x2, 0xff, 0xfc, 0x0,
    0x0, 0xbf, 0xff, 0x0, 0x0, 0x1f, 0xff, 0xc0,
    0x0, 0x7, 0xff, 0xf0, 0x0, 0x0, 0xff, 0xfd,
    0x0, 0x0, 0x3f, 0xff, 0x80, 0x0, 0xb, 0xff,
    0xf0, 0x0, 0x1, 0xff, 0xfc, 0x0, 0x0, 0x3f,
    0xff, 0x40, 0x0, 0xf, 0xff, 0xe0, 0x0, 0x1,
    0xff, 0xfc, 0x0, 0x0, 0x3f, 0xff, 0x0, 0x0,
    0xb, 0xff, 0xe0, 0x0, 0x1, 0xff, 0xfc, 0x0,
    0x0, 0x3f, 0xff, 0x0, 0x0, 0x7, 0xff, 0xe0,
    0x0, 0x0, 0xff, 0xfc, 0x0, 0x0, 0x1f, 0xff,
    0x40, 0x0, 0x3, 0xff, 0xf0, 0x0, 0x0, 0x7f,
    0xfd, 0x0, 0x0, 0xb, 0xff, 0xc0, 0x0, 0x0,
    0xff, 0xf4, 0x0, 0x0, 0x1f, 0xff, 0x0, 0x0,
    0x2, 0xff, 0xe0, 0x0, 0x0, 0x3f, 0xfc,

    /* U+0029 ")" */
    0xbf, 0xf4, 0x0, 0x0, 0xf, 0xff, 0x0, 0x0,
    0x2, 0xff, 0xf0, 0x0, 0x0, 0x3f, 0xfe, 0x0,
    0x0, 0x7, 0xff, 0xc0, 0x0, 0x0, 0xff, 0xf8,
    0x0, 0x0, 0x2f, 0xff, 0x40, 0x0, 0x3, 0xff,
    0xf0, 0x0, 0x0, 0xbf, 0xfd, 0x0, 0x0, 0xf,
    0xff, 0xc0, 0x0, 0x3, 0xff, 0xf4, 0x0, 0x0,
    0x7f, 0xfe, 0x0, 0x0, 0xf, 0xff, 0xc0, 0x0,
    0x3, 0xff, 0xf4, 0x0, 0x0, 0x7f, 0xff, 0x0,
    0x0, 0xf, 0xff, 0xc0, 0x0, 0x3, 0xff, 0xf4,
    0x0, 0x0, 0xbf, 0xfe, 0x0, 0x0, 0x1f, 0xff,
    0xc0, 0x0, 0x3, 0xff, 0xf0, 0x0, 0x0, 0xff,
    0xfd, 0x0, 0x0, 0x2f, 0xff, 0x80, 0x0, 0xb,
    0xff, 0xf0, 0x0, 0x1, 0xff, 0xfc, 0x0, 0x0,
    0x7f, 0xff, 0x0, 0x0, 0xf, 0xff, 0xc0, 0x0,
    0x3, 0xff, 0xf4, 0x0, 0x0, 0xff, 0xfd, 0x0,
    0x0, 0x3f, 0xff, 0x40, 0x0, 0xf, 0xff, 0xd0,
    0x0, 0x3, 0xff, 0xf4, 0x0, 0x0, 0xff, 0xfd,
    0x0, 0x0, 0x3f, 0xff, 0x40, 0x0, 0xf, 0xff,
    0xd0, 0x0, 0x3, 0xff, 0xf0, 0x0, 0x1, 0xff,
    0xfc, 0x0, 0x0, 0x7f, 0xff, 0x0, 0x0, 0x2f,
    0xff, 0xc0, 0x0, 0xf, 0xff, 0xe0, 0x0, 0x3,
    0xff, 0xf4, 0x0, 0x0, 0xff, 0xfc, 0x0, 0x0,
    0x7f, 0xff, 0x0, 0x0, 0x2f, 0xff, 0xc0, 0x0,
    0xf, 0xff, 0xd0, 0x0, 0x3, 0xff, 0xf0, 0x0,
    0x1, 0xff, 0xfc, 0x0, 0x0, 0xff, 0xfe, 0x0,
    0x0, 0x3f, 0xff, 0x0, 0x0, 0x1f, 0xff, 0x80,
    0x0, 0xf, 0xff, 0xd0, 0x0, 0x3, 0xff, 0xf0,
    0x0, 0x2, 0xff, 0xf4, 0x0, 0x0, 0xff, 0xfc,
    0x0, 0x0, 0xbf, 0xfd, 0x0, 0x0, 0x3f, 0xfe,
    0x0, 0x0, 0x2f, 0xff, 0x0, 0x0, 0xf, 0xff,
    0x80, 0x0, 0xb, 0xff, 0xc0, 0x0, 0x3, 0xff,
    0xc0, 0x0, 0x2, 0xff, 0xd0, 0x0, 0x0,

    /* U+002A "*" */
    0x0, 0x0, 0x0, 0x3f, 0xfc, 0x0, 0x0, 0x0,
    0x0, 0x0, 0x0, 0x3f, 0xfc, 0x0, 0x0, 0x0,
    0x0, 0x0, 0x0, 0x3f, 0xfc, 0x0, 0x0, 0x0,
    0x0, 0x0, 0x0, 0x3f, 0xfc, 0x0, 0x0, 0x0,
    0x0, 0x0, 0x0, 0x3f, 0xfc, 0x0, 0x0, 0x0,
    0x0, 0x0, 0x0, 0x3f, 0xfc, 0x0, 0x0, 0x0,
    0x0, 0x0, 0x0, 0x3f, 0xfc, 0x0, 0x0, 0x0,
    0x1, 0x0, 0x0, 0x3f, 0xfc, 0x0, 0x0, 0x40,
    0xb, 0xe0, 0x0, 0x3f, 0xfc, 0x0, 0xb, 0xe0,
    0xf, 0xff, 0x40, 0x3f, 0xfc, 0x1, 0xff, 0xf0,
    0x1f, 0xff, 0xf4, 0x3f, 0xfc, 0x1f, 0xff, 0xf4,
    0x2f, 0xff, 0xff, 0xbf, 0xfe, 0xff, 0xff, 0xf8,
    0x3f, 0xff, 0xff, 0xff, 0xff, 0xff, 0xff, 0xfc,
    0x1b, 0xff, 0xff, 0xff, 0xff, 0xff, 0xff, 0xe4,
    0x0, 0x1b, 0xff, 0xff, 0xff, 0xff, 0xe4, 0x0,
    0x0, 0x0, 0x1b, 0xff, 0xff, 0xe4, 0x0, 0x0,
    0x0, 0x0, 0x1, 0xff, 0xff, 0x40, 0x0, 0x0,
    0x0, 0x0, 0x7, 0xff, 0xff, 0xd0, 0x0, 0x0,
    0x0, 0x0, 0xf, 0xff, 0xff, 0xf0, 0x0, 0x0,
    0x0, 0x0, 0x3f, 0xfd, 0x7f, 0xfc, 0x0, 0x0,
    0x0, 0x0, 0xff, 0xfc, 0x3f, 0xff, 0x0, 0x0,
    0x0, 0x3, 0xff, 0xf0, 0xf, 0xff, 0xc0, 0x0,
    0x0, 0xf, 0xff, 0xd0, 0x7, 0xff, 0xf0, 0x0,
    0x0, 0x2f, 0xff, 0x80, 0x2, 0xff, 0xf8, 0x0,
    0x0, 0x7f, 0xff, 0x0, 0x0, 0xff, 0xfd, 0x0,
    0x0, 0x2f, 0xfc, 0x0, 0x0, 0x3f, 0xf8, 0x0,
    0x0, 0x7, 0xf8, 0x0, 0x0, 0x2f, 0xd0, 0x0,
    0x0, 0x0, 0xf0, 0x0, 0x0, 0xf, 0x0, 0x0,
    0x0, 0x0, 0x0, 0x0, 0x0, 0x0, 0x0, 0x0,

    /* U+002B "+" */
    0x0, 0x0, 0x0, 0x3f, 0xfc, 0x0, 0x0, 0x0,
    0x0, 0x0, 0x0, 0x3f, 0xfc, 0x0, 0x0, 0x0,
    0x0, 0x0, 0x0, 0x3f, 0xfc, 0x0, 0x0, 0x0,
    0x0, 0x0, 0x0, 0x3f, 0xfc, 0x0, 0x0, 0x0,
    0x0, 0x0, 0x0, 0x3f, 0xfc, 0x0, 0x0, 0x0,
    0x0, 0x0, 0x0, 0x3f, 0xfc, 0x0, 0x0, 0x0,
    0x0, 0x0, 0x0, 0x3f, 0xfc, 0x0, 0x0, 0x0,
    0x0, 0x0, 0x0, 0x3f, 0xfc, 0x0, 0x0, 0x0,
    0x0, 0x0, 0x0, 0x3f, 0xfc, 0x0, 0x0, 0x0,
    0x0, 0x0, 0x0, 0x3f, 0xfc, 0x0, 0x0, 0x0,
    0x0, 0x0, 0x0, 0x3f, 0xfc, 0x0, 0x0, 0x0,
    0x0, 0x0, 0x0, 0x3f, 0xfc, 0x0, 0x0, 0x0,
    0x0, 0x0, 0x0, 0x3f, 0xfc, 0x0, 0x0, 0x0,
    0xff, 0xff, 0xff, 0xff, 0xff, 0xff, 0xff, 0xff,
    0xff, 0xff, 0xff, 0xff, 0xff, 0xff, 0xff, 0xff,
    0xff, 0xff, 0xff, 0xff, 0xff, 0xff, 0xff, 0xff,
    0xff, 0xff, 0xff, 0xff, 0xff, 0xff, 0xff, 0xff,
    0xff, 0xff, 0xff, 0xff, 0xff, 0xff, 0xff, 0xff,
    0xff, 0xff, 0xff, 0xff, 0xff, 0xff, 0xff, 0xff,
    0x0, 0x0, 0x0, 0x3f, 0xfc, 0x0, 0x0, 0x0,
    0x0, 0x0, 0x0, 0x3f, 0xfc, 0x0, 0x0, 0x0,
    0x0, 0x0, 0x0, 0x3f, 0xfc, 0x0, 0x0, 0x0,
    0x0, 0x0, 0x0, 0x3f, 0xfc, 0x0, 0x0, 0x0,
    0x0, 0x0, 0x0, 0x3f, 0xfc, 0x0, 0x0, 0x0,
    0x0, 0x0, 0x0, 0x3f, 0xfc, 0x0, 0x0, 0x0,
    0x0, 0x0, 0x0, 0x3f, 0xfc, 0x0, 0x0, 0x0,
    0x0, 0x0, 0x0, 0x3f, 0xfc, 0x0, 0x0, 0x0,
    0x0, 0x0, 0x0, 0x3f, 0xfc, 0x0, 0x0, 0x0,
    0x0, 0x0, 0x0, 0x3f, 0xfc, 0x0, 0x0, 0x0,
    0x0, 0x0, 0x0, 0x3f, 0xfc, 0x0, 0x0, 0x0,
    0x0, 0x0, 0x0, 0x3f, 0xfc, 0x0, 0x0, 0x0,
    0x0, 0x0, 0x0, 0x3f, 0xfc, 0x0, 0x0, 0x0,

    /* U+002C "," */
    0x1, 0xff, 0x80, 0xb, 0xff, 0xf0, 0x1f, 0xff,
    0xfc, 0x3f, 0xff, 0xfd, 0x3f, 0xff, 0xfe, 0x3f,
    0xff, 0xff, 0x3f, 0xff, 0xff, 0x1f, 0xff, 0xff,
    0xb, 0xff, 0xff, 0x1, 0xff, 0xff, 0x0, 0x3,
    0xff, 0x0, 0x3, 0xfe, 0x0, 0x7, 0xfd, 0x0,
    0xf, 0xfc, 0x0, 0x1f, 0xf8, 0x0, 0x3f, 0xf4,
    0x0, 0xff, 0xe0, 0x7, 0xff, 0xc0, 0x2f, 0xff,
    0x0, 0x2f, 0xfd, 0x0, 0xf, 0xf0, 0x0, 0x7,
    0x80, 0x0, 0x0, 0x0, 0x0,

    /* U+002D "-" */
    0xff, 0xff, 0xff, 0xff, 0xff, 0xff, 0xff, 0xff,
    0xff, 0xff, 0xff, 0xff, 0xff, 0xff, 0xff, 0xff,
    0xff, 0xff, 0xff, 0xff, 0xff, 0xff, 0xff, 0xff,
    0xff, 0xff, 0xff, 0xff, 0xff, 0xff, 0xff, 0xff,
    0xff, 0xff, 0xff, 0xff, 0xff, 0xff, 0xff, 0xff,
    0xff, 0xff, 0xff, 0xff, 0xff, 0xff, 0xff, 0xff,

    /* U+002E "." */
    0x7, 0xfd, 0x2, 0xff, 0xf8, 0x7f, 0xff, 0xdf,
    0xff, 0xff, 0xff, 0xff, 0xff, 0xff, 0xff, 0xff,
    0xff, 0xf7, 0xff, 0xfd, 0x2f, 0xff, 0x80, 0x7f,
    0xd0,

    /* U+002F "/" */
    0x0, 0x0, 0x0, 0x0, 0x0, 0x3, 0xff, 0xc0,
    0x0, 0x0, 0x0, 0x0, 0x0, 0xbf, 0xf8, 0x0,
    0x0, 0x0, 0x0, 0x0, 0xf, 0xff, 0x40, 0x0,
    0x0, 0x0, 0x0, 0x1, 0xff, 0xf0, 0x0, 0x0,
    0x0, 0x0, 0x0, 0x2f, 0xfe, 0x0, 0x0, 0x0,
    0x0, 0x0, 0x3, 0xff, 0xc0, 0x0, 0x0, 0x0,
    0x0, 0x0, 0x7f, 0xfc, 0x0, 0x0, 0x0, 0x0,
    0x0, 0xf, 0xff, 0x40, 0x0, 0x0, 0x0, 0x0,
    0x0, 0xff, 0xf0, 0x0, 0x0, 0x0, 0x0, 0x0,
    0x2f, 0xfe, 0x0, 0x0, 0x0, 0x0, 0x0, 0x3,
    0xff, 0xd0, 0x0, 0x0, 0x0, 0x0, 0x0, 0x7f,
    0xfc, 0x0, 0x0, 0x0, 0x0, 0x0, 0xb, 0xff,
    0x80, 0x0, 0x0, 0x0, 0x0, 0x0, 0xff, 0xf0,
    0x0, 0x0, 0x0, 0x0, 0x0, 0x1f, 0xff, 0x0,
    0x0, 0x0, 0x0, 0x0, 0x3, 0xff, 0xd0, 0x0,
    0x0, 0x0, 0x0, 0x0, 0x3f, 0xfc, 0x0, 0x0,
    0x0, 0x0, 0x0, 0xb, 0xff, 0x80, 0x0, 0x0,
    0x0, 0x0, 0x0, 0xff, 0xf4, 0x0, 0x0, 0x0,
    0x0, 0x0, 0x1f, 0xff, 0x0, 0x0, 0x0, 0x0,
    0x0, 0x2, 0xff, 0xe0, 0x0, 0x0, 0x0, 0x0,
    0x0, 0x3f, 0xfc, 0x0, 0x0, 0x0, 0x0, 0x0,
    0x7, 0xff, 0xc0, 0x0, 0x0, 0x0, 0x0, 0x0,
    0xff, 0xf4, 0x0, 0x0, 0x0, 0x0, 0x0, 0xf,
    0xff, 0x0, 0x0, 0x0, 0x0, 0x0, 0x2, 0xff,
    0xe0, 0x0, 0x0, 0x0, 0x0, 0x0, 0x3f, 0xfd,
    0x0, 0x0, 0x0, 0x0, 0x0, 0x7, 0xff, 0xc0,
    0x0, 0x0, 0x0, 0x0, 0x0, 0xff, 0xf8, 0x0,
    0x0, 0x0, 0x0, 0x0, 0xf, 0xff, 0x0, 0x0,
    0x0, 0x0, 0x0, 0x2, 0xff, 0xf0, 0x0, 0x0,
    0x0, 0x0, 0x0, 0x3f, 0xfd, 0x0, 0x0, 0x0,
    0x0, 0x0, 0x7, 0xff, 0xc0, 0x0, 0x0, 0x0,
    0x0, 0x0, 0xbf, 0xf8, 0x0, 0x0, 0x0, 0x0,
    0x0, 0xf, 0xff, 0x40, 0x0, 0x0, 0x0, 0x0,
    0x1, 0xff, 0xf0, 0x0, 0x0, 0x0, 0x0, 0x0,
    0x3f, 0xfe, 0x0, 0x0, 0x0, 0x0, 0x0, 0x3,
    0xff, 0xc0, 0x0, 0x0, 0x0, 0x0, 0x0, 0xbf,
    0xfc, 0x0, 0x0, 0x0, 0x0, 0x0, 0xf, 0xff,
    0x40, 0x0, 0x0, 0x0, 0x0, 0x1, 0xff, 0xf0,
    0x0, 0x0, 0x0, 0x0, 0x0, 0x2f, 0xfe, 0x0,
    0x0, 0x0, 0x0, 0x0, 0x3, 0xff, 0xd0, 0x0,
    0x0, 0x0, 0x0, 0x0, 0x7f, 0xfc, 0x0, 0x0,
    0x0, 0x0, 0x0, 0xf, 0xff, 0x80, 0x0, 0x0,
    0x0, 0x0, 0x0, 0xff, 0xf0, 0x0, 0x0, 0x0,
    0x0, 0x0, 0x2f, 0xff, 0x0, 0x0, 0x0, 0x0,
    0x0, 0x3, 0xff, 0xd0, 0x0, 0x0, 0x0, 0x0,
    0x0, 0x7f, 0xfc, 0x0, 0x0, 0x0, 0x0, 0x0,
    0xb, 0xff, 0x80, 0x0, 0x0, 0x0, 0x0, 0x0,
    0xff, 0xf4, 0x0, 0x0, 0x0, 0x0, 0x0, 0x1f,
    0xff, 0x0, 0x0, 0x0, 0x0, 0x0, 0x3, 0xff,
    0xe0, 0x0, 0x0, 0x0, 0x0, 0x0, 0x3f, 0xfc,
    0x0, 0x0, 0x0, 0x0, 0x0, 0xb, 0xff, 0xc0,
    0x0, 0x0, 0x0, 0x0, 0x0, 0xff, 0xf4, 0x0,
    0x0, 0x0, 0x0, 0x0, 0x1f, 0xff, 0x0, 0x0,
    0x0, 0x0, 0x0, 0x2, 0xff, 0xe0, 0x0, 0x0,
    0x0, 0x0, 0x0, 0x3f, 0xfd, 0x0, 0x0, 0x0,
    0x0, 0x0, 0x0,

    /* U+0030 "0" */
    0x0, 0x0, 0x0, 0x6f, 0xff, 0x90, 0x0, 0x0,
    0x0, 0x0, 0x1, 0xff, 0xff, 0xff, 0xe0, 0x0,
    0x0, 0x0, 0x0, 0xbf, 0xff, 0xff, 0xff, 0xd0,
    0x0, 0x0, 0x0, 0x3f, 0xff, 0xff, 0xff, 0xff,
    0x40, 0x0, 0x0, 0xf, 0xff, 0xff, 0xff, 0xff,
    0xfe, 0x0, 0x0, 0x3, 0xff, 0xff, 0xff, 0xff,
    0xff, 0xf4, 0x0, 0x0, 0xbf, 0xff, 0xe4, 0x1,
    0xff, 0xff, 0xc0, 0x0, 0x1f, 0xff, 0xf0, 0x0,
    0x2, 0xff, 0xff, 0x0, 0x3, 0xff, 0xfc, 0x0,
    0x0, 0xb, 0xff, 0xf4, 0x0, 0x7f, 0xff, 0x0,
    0x0, 0x0, 0x3f, 0xff, 0xc0, 0xf, 0xff, 0xe0,
    0x0, 0x0, 0x1, 0xff, 0xfc, 0x0, 0xff, 0xfc,
    0x0, 0x0, 0x0, 0xf, 0xff, 0xe0, 0x2f, 0xff,
    0xc0, 0x0, 0x0, 0x0, 0x7f, 0xff, 0x3, 0xff,
    0xf8, 0x0, 0x0, 0x0, 0x3, 0xff, 0xf0, 0x3f,
    0xff, 0x40, 0x0, 0x0, 0x0, 0x3f, 0xff, 0x47,
    0xff, 0xf0, 0x0, 0x0, 0x0, 0x2, 0xff, 0xf8,
    0x7f, 0xff, 0x0, 0x0, 0x0, 0x0, 0x1f, 0xff,
    0xcb, 0xff, 0xf0, 0x0, 0x0, 0x0, 0x1, 0xff,
    0xfc, 0xbf, 0xfe, 0x0, 0x0, 0x0, 0x0, 0xf,
    0xff, 0xcf, 0xff, 0xe0, 0x0, 0x0, 0x0, 0x0,
    0xff, 0xfc, 0xff, 0xfe, 0x0, 0x0, 0x0, 0x0,
    0xf, 0xff, 0xdf, 0xff, 0xd0, 0x0, 0x0, 0x0,
    0x0, 0xff, 0xfd, 0xff, 0xfd, 0x0, 0x0, 0x0,
    0x0, 0xf, 0xff, 0xdf, 0xff, 0xd0, 0x0, 0x0,
    0x0, 0x0, 0xff, 0xfd, 0xff, 0xfd, 0x0, 0x0,
    0x0, 0x0, 0xf, 0xff, 0xdf, 0xff, 0xd0, 0x0,
    0x0, 0x0, 0x0, 0xff, 0xfd, 0xff, 0xfe, 0x0,
    0x0, 0x0, 0x0, 0xf, 0xff, 0xdf, 0xff, 0xe0,
    0x0, 0x0, 0x0, 0x0, 0xff, 0xfc, 0xbf, 0xfe,
    0x0, 0x0, 0x0, 0x0, 0x1f, 0xff, 0xcb, 0xff,
    0xf0, 0x0, 0x0, 0x0, 0x1, 0xff, 0xfc, 0x7f,
    0xff, 0x0, 0x0, 0x0, 0x0, 0x2f, 0xff, 0xc7,
    0xff, 0xf0, 0x0, 0x0, 0x0, 0x2, 0xff, 0xf8,
    0x3f, 0xff, 0x40, 0x0, 0x0, 0x0, 0x3f, 0xff,
    0x43, 0xff, 0xf8, 0x0, 0x0, 0x0, 0x3, 0xff,
    0xf0, 0x2f, 0xff, 0xc0, 0x0, 0x0, 0x0, 0x7f,
    0xff, 0x0, 0xff, 0xfc, 0x0, 0x0, 0x0, 0xf,
    0xff, 0xe0, 0xf, 0xff, 0xe0, 0x0, 0x0, 0x1,
    0xff, 0xfc, 0x0, 0x7f, 0xff, 0x40, 0x0, 0x0,
    0x3f, 0xff, 0xc0, 0x3, 0xff, 0xfc, 0x0, 0x0,
    0xb, 0xff, 0xf4, 0x0, 0x1f, 0xff, 0xf0, 0x0,
    0x2, 0xff, 0xfe, 0x0, 0x0, 0xbf, 0xff, 0xe4,
    0x2, 0xff, 0xff, 0xc0, 0x0, 0x3, 0xff, 0xff,
    0xff, 0xff, 0xff, 0xf4, 0x0, 0x0, 0xf, 0xff,
    0xff, 0xff, 0xff, 0xfd, 0x0, 0x0, 0x0, 0x3f,
    0xff, 0xff, 0xff, 0xff, 0x40, 0x0, 0x0, 0x0,
    0xbf, 0xff, 0xff, 0xff, 0xc0, 0x0, 0x0, 0x0,
    0x1, 0xbf, 0xff, 0xff, 0xd0, 0x0, 0x0, 0x0,
    0x0, 0x0, 0x6f, 0xfe, 0x80, 0x0, 0x0, 0x0,

    /* U+0031 "1" */
    0x0, 0x0, 0x0, 0xbf, 0xf4, 0x0, 0x0, 0xb,
    0xff, 0xd0, 0x0, 0x0, 0xff, 0xff, 0x40, 0x0,
    0x1f, 0xff, 0xfd, 0x0, 0x2, 0xff, 0xff, 0xf4,
    0x0, 0xbf, 0xff, 0xff, 0xd0, 0x7f, 0xff, 0xff,
    0xff, 0x5f, 0xff, 0xff, 0xff, 0xfd, 0xbf, 0xff,
    0xff, 0xff, 0xf6, 0xff, 0xff, 0xdf, 0xff, 0xdb,
    0xff, 0xfd, 0x3f, 0xff, 0x6f, 0xff, 0x80, 0xff,
    0xfd, 0xbf, 0xf0, 0x3, 0xff, 0xf6, 0xf8, 0x0,
    0xf, 0xff, 0xd5, 0x0, 0x0, 0x3f, 0xff, 0x40,
    0x0, 0x0, 0xff, 0xfd, 0x0, 0x0, 0x3, 0xff,
    0xf4, 0x0, 0x0, 0xf, 0xff, 0xd0, 0x0, 0x0,
    0x3f, 0xff, 0x40, 0x0, 0x0, 0xff, 0xfd, 0x0,
    0x0, 0x3, 0xff, 0xf4, 0x0, 0x0, 0xf, 0xff,
    0xd0, 0x0, 0x0, 0x3f, 0xff, 0x40, 0x0, 0x0,
    0xff, 0xfd, 0x0, 0x0, 0x3, 0xff, 0xf4, 0x0,
    0x0, 0xf, 0xff, 0xd0, 0x0, 0x0, 0x3f, 0xff,
    0x40, 0x0, 0x0, 0xff, 0xfd, 0x0, 0x0, 0x3,
    0xff, 0xf4, 0x0, 0x0, 0xf, 0xff, 0xd0, 0x0,
    0x0, 0x3f, 0xff, 0x40, 0x0, 0x0, 0xff, 0xfd,
    0x0, 0x0, 0x3, 0xff, 0xf4, 0x0, 0x0, 0xf,
    0xff, 0xd0, 0x0, 0x0, 0x3f, 0xff, 0x40, 0x0,
    0x0, 0xff, 0xfd, 0x0, 0x0, 0x3, 0xff, 0xf4,
    0x0, 0x0, 0xf, 0xff, 0xd0, 0x0, 0x0, 0x3f,
    0xff, 0x40, 0x0, 0x0, 0xff, 0xfd, 0x0, 0x0,
    0x3, 0xff, 0xf4, 0x0, 0x0, 0xf, 0xff, 0xd0,
    0x0, 0x0, 0x3f, 0xff, 0x40, 0x0, 0x0, 0xff,
    0xfd, 0x0, 0x0, 0x3, 0xff, 0xf4, 0x0, 0x0,
    0xf, 0xff, 0xd0,

    /* U+0032 "2" */
    0x0, 0x0, 0x0, 0xaf, 0xff, 0x90, 0x0, 0x0,
    0x0, 0x0, 0x1f, 0xff, 0xff, 0xff, 0x40, 0x0,
    0x0, 0x1, 0xff, 0xff, 0xff, 0xff, 0xf0, 0x0,
    0x0, 0xb, 0xff, 0xff, 0xff, 0xff, 0xfd, 0x0,
    0x0, 0x2f, 0xff, 0xff, 0xff, 0xff, 0xff, 0x80,
    0x0, 0xbf, 0xff, 0xff, 0xff, 0xff, 0xff, 0xd0,
    0x1, 0xff, 0xff, 0xd0, 0x1, 0xbf, 0xff, 0xf0,
    0x3, 0xff, 0xfd, 0x0, 0x0, 0xb, 0xff, 0xf8,
    0xb, 0xff, 0xf4, 0x0, 0x0, 0x3, 0xff, 0xfc,
    0xf, 0xff, 0xe0, 0x0, 0x0, 0x0, 0xff, 0xfd,
    0x1f, 0xff, 0xc0, 0x0, 0x0, 0x0, 0xff, 0xfe,
    0x3f, 0xff, 0xc0, 0x0, 0x0, 0x0, 0xbf, 0xff,
    0x3f, 0xff, 0x40, 0x0, 0x0, 0x0, 0x7f, 0xff,
    0x3f, 0xff, 0x40, 0x0, 0x0, 0x0, 0x7f, 0xff,
    0x7f, 0xff, 0x0, 0x0, 0x0, 0x0, 0xbf, 0xff,
    0x7f, 0xff, 0x0, 0x0, 0x0, 0x0, 0xbf, 0xff,
    0x7f, 0xff, 0x0, 0x0, 0x0, 0x0, 0xff, 0xfe,
    0x0, 0x0, 0x0, 0x0, 0x0, 0x1, 0xff, 0xfd,
    0x0, 0x0, 0x0, 0x0, 0x0, 0x3, 0xff, 0xfc,
    0x0, 0x0, 0x0, 0x0, 0x0, 0xb, 0xff, 0xf8,
    0x0, 0x0, 0x0, 0x0, 0x0, 0x2f, 0xff, 0xf0,
    0x0, 0x0, 0x0, 0x0, 0x0, 0xbf, 0xff, 0xd0,
    0x0, 0x0, 0x0, 0x0, 0x2, 0xff, 0xff, 0x80,
    0x0, 0x0, 0x0, 0x0, 0xf, 0xff, 0xff, 0x0,
    0x0, 0x0, 0x0, 0x0, 0x7f, 0xff, 0xfc, 0x0,
    0x0, 0x0, 0x0, 0x2, 0xff, 0xff, 0xf0, 0x0,
    0x0, 0x0, 0x0, 0x1f, 0xff, 0xff, 0x80, 0x0,
    0x0, 0x0, 0x0, 0xbf, 0xff, 0xfd, 0x0, 0x0,
    0x0, 0x0, 0x3, 0xff, 0xff, 0xf0, 0x0, 0x0,
    0x0, 0x0, 0x1f, 0xff, 0xff, 0x80, 0x0, 0x0,
    0x0, 0x0, 0xbf, 0xff, 0xfc, 0x0, 0x0, 0x0,
    0x0, 0x3, 0xff, 0xff, 0xe0, 0x0, 0x0, 0x0,
    0x0, 0xf, 0xff, 0xff, 0x0, 0x0, 0x0, 0x0,
    0x0, 0x3f, 0xff, 0xf8, 0x0, 0x0, 0x0, 0x0,
    0x0, 0xff, 0xff, 0xd0, 0x0, 0x0, 0x0, 0x0,
    0x2, 0xff, 0xff, 0x40, 0x0, 0x0, 0x0, 0x0,
    0x7, 0xff, 0xfd, 0x0, 0x0, 0x0, 0x0, 0x0,
    0xf, 0xff, 0xf4, 0x0, 0x0, 0x0, 0x0, 0x0,
    0x1f, 0xff, 0xf0, 0x0, 0x0, 0x0, 0x0, 0x0,
    0x3f, 0xff, 0xff, 0xff, 0xff, 0xff, 0xff, 0xff,
    0x3f, 0xff, 0xff, 0xff, 0xff, 0xff, 0xff, 0xff,
    0x7f, 0xff, 0xff, 0xff, 0xff, 0xff, 0xff, 0xff,
    0xbf, 0xff, 0xff, 0xff, 0xff, 0xff, 0xff, 0xff,
    0xff, 0xff, 0xff, 0xff, 0xff, 0xff, 0xff, 0xff,
    0xff, 0xff, 0xff, 0xff, 0xff, 0xff, 0xff, 0xff,
    0xff, 0xff, 0xff, 0xff, 0xff, 0xff, 0xff, 0xff,

    /* U+0033 "3" */
    0x0, 0x0, 0x0, 0x5b, 0xff, 0xf9, 0x0, 0x0,
    0x0, 0x0, 0x0, 0x2f, 0xff, 0xff, 0xff, 0xd0,
    0x0, 0x0, 0x0, 0xb, 0xff, 0xff, 0xff, 0xff,
    0xf4, 0x0, 0x0, 0x0, 0xff, 0xff, 0xff, 0xff,
    0xff, 0xf8, 0x0, 0x0, 0xf, 0xff, 0xff, 0xff,
    0xff, 0xff, 0xf8, 0x0, 0x0, 0xff, 0xff, 0xff,
    0xff, 0xff, 0xff, 0xf4, 0x0, 0xf, 0xff, 0xff,
    0x40, 0x1, 0xbf, 0xff, 0xf0, 0x0, 0x7f, 0xff,
    0xd0, 0x0, 0x0, 0x3f, 0xff, 0xe0, 0x3, 0xff,
    0xfc, 0x0, 0x0, 0x0, 0x3f, 0xff, 0xc0, 0x1f,
    0xff, 0xd0, 0x0, 0x0, 0x0, 0xbf, 0xff, 0x0,
    0xbf, 0xff, 0x0, 0x0, 0x0, 0x0, 0xff, 0xfd,
    0x3, 0xff, 0xf8, 0x0, 0x0, 0x0, 0x3, 0xff,
    0xf4, 0xf, 0xff, 0xd0, 0x0, 0x0, 0x0, 0xf,
    0xff, 0xd0, 0x3f, 0xff, 0x0, 0x0, 0x0, 0x0,
    0x3f, 0xff, 0x40, 0x0, 0x0, 0x0, 0x0, 0x0,
    0x1, 0xff, 0xfc, 0x0, 0x0, 0x0, 0x0, 0x0,
    0x0, 0xb, 0xff, 0xf0, 0x0, 0x0, 0x0, 0x0,
    0x0, 0x0, 0x7f, 0xff, 0x80, 0x0, 0x0, 0x0,
    0x0, 0x0, 0x7, 0xff, 0xfc, 0x0, 0x0, 0x0,
    0x0, 0x0, 0x1, 0xff, 0xff, 0xc0, 0x0, 0x0,
    0x0, 0x2, 0xff, 0xff, 0xff, 0xfc, 0x0, 0x0,
    0x0, 0x0, 0xb, 0xff, 0xff, 0xff, 0x80, 0x0,
    0x0, 0x0, 0x0, 0x2f, 0xff, 0xff, 0xe0, 0x0,
    0x0, 0x0, 0x0, 0x0, 0xbf, 0xff, 0xff, 0xe0,
    0x0, 0x0, 0x0, 0x0, 0x2, 0xff, 0xff, 0xff,
    0xf8, 0x0, 0x0, 0x0, 0x0, 0xb, 0xff, 0xff,
    0xff, 0xfc, 0x0, 0x0, 0x0, 0x0, 0x0, 0x0,
    0x7f, 0xff, 0xfc, 0x0, 0x0, 0x0, 0x0, 0x0,
    0x0, 0xf, 0xff, 0xfc, 0x0, 0x0, 0x0, 0x0,
    0x0, 0x0, 0xf, 0xff, 0xf4, 0x0, 0x0, 0x0,
    0x0, 0x0, 0x0, 0xf, 0xff, 0xf0, 0x0, 0x0,
    0x0, 0x0, 0x0, 0x0, 0x2f, 0xff, 0xc0, 0x0,
    0x0, 0x0, 0x0, 0x0, 0x0, 0x7f, 0xff, 0x45,
    0x55, 0x40, 0x0, 0x0, 0x0, 0x0, 0xff, 0xfd,
    0x3f, 0xff, 0x80, 0x0, 0x0, 0x0, 0x3, 0xff,
    0xf4, 0xff, 0xfe, 0x0, 0x0, 0x0, 0x0, 0xf,
    0xff, 0xd3, 0xff, 0xfc, 0x0, 0x0, 0x0, 0x0,
    0x3f, 0xff, 0x4b, 0xff, 0xf0, 0x0, 0x0, 0x0,
    0x1, 0xff, 0xfc, 0xf, 0xff, 0xe0, 0x0, 0x0,
    0x0, 0xf, 0xff, 0xf0, 0x3f, 0xff, 0xc0, 0x0,
    0x0, 0x0, 0xbf, 0xff, 0x80, 0x7f, 0xff, 0xc0,
    0x0, 0x0, 0x7, 0xff, 0xfc, 0x0, 0xff, 0xff,
    0xd0, 0x0, 0x0, 0xbf, 0xff, 0xe0, 0x1, 0xff,
    0xff, 0xf4, 0x0, 0x6f, 0xff, 0xff, 0x0, 0x2,
    0xff, 0xff, 0xff, 0xff, 0xff, 0xff, 0xf0, 0x0,
    0x2, 0xff, 0xff, 0xff, 0xff, 0xff, 0xff, 0x40,
    0x0, 0x1, 0xff, 0xff, 0xff, 0xff, 0xff, 0xf0,
    0x0, 0x0, 0x0, 0xff, 0xff, 0xff, 0xff, 0xfe,
    0x0, 0x0, 0x0, 0x0, 0x6f, 0xff, 0xff, 0xff,
    0x80, 0x0, 0x0, 0x0, 0x0, 0x6, 0xbf, 0xfe,
    0x40, 0x0, 0x0, 0x0,

    /* U+0034 "4" */
    0x0, 0x0, 0x0, 0x0, 0x0, 0xf, 0xff, 0xd0,
    0x0, 0x0, 0x0, 0x0, 0x0, 0x0, 0x3f, 0xff,
    0xd0, 0x0, 0x0, 0x0, 0x0, 0x0, 0x0, 0xbf,
    0xff, 0xd0, 0x0, 0x0, 0x0, 0x0, 0x0, 0x1,
    0xff, 0xff, 0xd0, 0x0, 0x0, 0x0, 0x0, 0x0,
    0x3, 0xff, 0xff, 0xd0, 0x0, 0x0, 0x0, 0x0,
    0x0, 0xf, 0xff, 0xff, 0xd0, 0x0, 0x0, 0x0,
    0x0, 0x0, 0x2f, 0xff, 0xff, 0xd0, 0x0, 0x0,
    0x0, 0x0, 0x0, 0xbf, 0xff, 0xff, 0xd0, 0x0,
    0x0, 0x0, 0x0, 0x1, 0xff, 0xff, 0xff, 0xd0,
    0x0, 0x0, 0x0, 0x0, 0x3, 0xff, 0xff, 0xff,
    0xd0, 0x0, 0x0, 0x0, 0x0, 0xf, 0xff, 0xcf,
    0xff, 0xd0, 0x0, 0x0, 0x0, 0x0, 0x2f, 0xff,
    0x4f, 0xff, 0xd0, 0x0, 0x0, 0x0, 0x0, 0x7f,
    0xfe, 0xf, 0xff, 0xd0, 0x0, 0x0, 0x0, 0x0,
    0xff, 0xf8, 0xf, 0xff, 0xd0, 0x0, 0x0, 0x0,
    0x3, 0xff, 0xf0, 0xf, 0xff, 0xd0, 0x0, 0x0,
    0x0, 0xb, 0xff, 0xc0, 0xf, 0xff, 0xd0, 0x0,
    0x0, 0x0, 0x1f, 0xff, 0x40, 0xf, 0xff, 0xd0,
    0x0, 0x0, 0x0, 0x3f, 0xfe, 0x0, 0xf, 0xff,
    0xd0, 0x0, 0x0, 0x0, 0xff, 0xfc, 0x0, 0xf,
    0xff, 0xd0, 0x0, 0x0, 0x2, 0xff, 0xf0, 0x0,
    0xf, 0xff, 0xd0, 0x0, 0x0, 0xb, 0xff, 0xd0,
    0x0, 0xf, 0xff, 0xd0, 0x0, 0x0, 0x1f, 0xff,
    0x80, 0x0, 0xf, 0xff, 0xd0, 0x0, 0x0, 0x3f,
    0xff, 0x0, 0x0, 0xf, 0xff, 0xd0, 0x0, 0x0,
    0xff, 0xfc, 0x0, 0x0, 0xf, 0xff, 0xd0, 0x0,
    0x2, 0xff, 0xf4, 0x0, 0x0, 0xf, 0xff, 0xd0,
    0x0, 0x7, 0xff, 0xe0, 0x0, 0x0, 0xf, 0xff,
    0xd0, 0x0, 0xf, 0xff, 0xc0, 0x0, 0x0, 0xf,
    0xff, 0xd0, 0x0, 0x3f, 0xff, 0x0, 0x0, 0x0,
    0xf, 0xff, 0xd0, 0x0, 0xbf, 0xfd, 0x0, 0x0,
    0x0, 0xf, 0xff, 0xd0, 0x0, 0xff, 0xf4, 0x0,
    0x0, 0x0, 0xf, 0xff, 0xd0, 0x0, 0xff, 0xff,
    0xff, 0xff, 0xff, 0xff, 0xff, 0xff, 0xff, 0xff,
    0xff, 0xff, 0xff, 0xff, 0xff, 0xff, 0xff, 0xff,
    0xff, 0xff, 0xff, 0xff, 0xff, 0xff, 0xff, 0xff,
    0xff, 0xff, 0xff, 0xff, 0xff, 0xff, 0xff, 0xff,
    0xff, 0xff, 0xff, 0xff, 0xff, 0xff, 0xff, 0xff,
    0xff, 0xff, 0xff, 0xff, 0xff, 0xff, 0xff, 0xff,
    0xff, 0xff, 0xff, 0xff, 0x0, 0x0, 0x0, 0x0,
    0x0, 0xf, 0xff, 0xd0, 0x0, 0x0, 0x0, 0x0,
    0x0, 0x0, 0xf, 0xff, 0xd0, 0x0, 0x0, 0x0,
    0x0, 0x0, 0x0, 0xf, 0xff, 0xd0, 0x0, 0x0,
    0x0, 0x0, 0x0, 0x0, 0xf, 0xff, 0xd0, 0x0,
    0x0, 0x0, 0x0, 0x0, 0x0, 0xf, 0xff, 0xd0,
    0x0, 0x0, 0x0, 0x0, 0x0, 0x0, 0xf, 0xff,
    0xd0, 0x0, 0x0, 0x0, 0x0, 0x0, 0x0, 0xf,
    0xff, 0xd0, 0x0, 0x0, 0x0, 0x0, 0x0, 0x0,
    0xf, 0xff, 0xd0, 0x0, 0x0, 0x0, 0x0, 0x0,
    0x0, 0xf, 0xff, 0xd0, 0x0, 0x0, 0x0, 0x0,
    0x0, 0x0, 0xf, 0xff, 0xd0, 0x0,

    /* U+0035 "5" */
    0x2, 0xff, 0xff, 0xff, 0xff, 0xff, 0xff, 0xfd,
    0x0, 0x2f, 0xff, 0xff, 0xff, 0xff, 0xff, 0xff,
    0xd0, 0x2, 0xff, 0xff, 0xff, 0xff, 0xff, 0xff,
    0xfd, 0x0, 0x3f, 0xff, 0xff, 0xff, 0xff, 0xff,
    0xff, 0xd0, 0x3, 0xff, 0xff, 0xff, 0xff, 0xff,
    0xff, 0xfd, 0x0, 0x3f, 0xff, 0xff, 0xff, 0xff,
    0xff, 0xff, 0xd0, 0x3, 0xff, 0xff, 0xff, 0xff,
    0xff, 0xff, 0xfd, 0x0, 0x3f, 0xfd, 0x0, 0x0,
    0x0, 0x0, 0x0, 0x0, 0x7, 0xff, 0xd0, 0x0,
    0x0, 0x0, 0x0, 0x0, 0x0, 0x7f, 0xfd, 0x0,
    0x0, 0x0, 0x0, 0x0, 0x0, 0x7, 0xff, 0xc0,
    0x0, 0x0, 0x0, 0x0, 0x0, 0x0, 0xbf, 0xfc,
    0x0, 0x0, 0x0, 0x0, 0x0, 0x0, 0xb, 0xff,
    0xc0, 0x0, 0x0, 0x0, 0x0, 0x0, 0x0, 0xbf,
    0xfc, 0x0, 0x0, 0x0, 0x0, 0x0, 0x0, 0xf,
    0xff, 0xc0, 0x0, 0x0, 0x0, 0x0, 0x0, 0x0,
    0xff, 0xf8, 0x0, 0x0, 0x0, 0x0, 0x0, 0x0,
    0xf, 0xff, 0x80, 0x6, 0xff, 0xe9, 0x0, 0x0,
    0x0, 0xff, 0xf8, 0xb, 0xff, 0xff, 0xfe, 0x0,
    0x0, 0xf, 0xff, 0x4b, 0xff, 0xff, 0xff, 0xfd,
    0x0, 0x1, 0xff, 0xf7, 0xff, 0xff, 0xff, 0xff,
    0xf8, 0x0, 0x1f, 0xff, 0xff, 0xff, 0xff, 0xff,
    0xff, 0xe0, 0x1, 0xff, 0xff, 0xff, 0xff, 0xff,
    0xff, 0xff, 0x40, 0x2f, 0xff, 0xff, 0x90, 0x1,
    0xbf, 0xff, 0xfc, 0x2, 0xff, 0xff, 0xc0, 0x0,
    0x0, 0xbf, 0xff, 0xe0, 0x3f, 0xff, 0xe0, 0x0,
    0x0, 0x2, 0xff, 0xff, 0x3, 0xff, 0xf8, 0x0,
    0x0, 0x0, 0xb, 0xff, 0xf4, 0x2a, 0xaa, 0x0,
    0x0, 0x0, 0x0, 0x3f, 0xff, 0xc0, 0x0, 0x0,
    0x0, 0x0, 0x0, 0x2, 0xff, 0xfc, 0x0, 0x0,
    0x0, 0x0, 0x0, 0x0, 0x1f, 0xff, 0xc0, 0x0,
    0x0, 0x0, 0x0, 0x0, 0x0, 0xff, 0xfd, 0x0,
    0x0, 0x0, 0x0, 0x0, 0x0, 0xf, 0xff, 0xd0,
    0x0, 0x0, 0x0, 0x0, 0x0, 0x0, 0xff, 0xfd,
    0x0, 0x0, 0x0, 0x0, 0x0, 0x0, 0xf, 0xff,
    0xd0, 0x0, 0x0, 0x0, 0x0, 0x0, 0x0, 0xff,
    0xfd, 0xbf, 0xfe, 0x0, 0x0, 0x0, 0x0, 0x1f,
    0xff, 0xcb, 0xff, 0xf0, 0x0, 0x0, 0x0, 0x2,
    0xff, 0xfc, 0x7f, 0xff, 0x40, 0x0, 0x0, 0x0,
    0x3f, 0xff, 0x83, 0xff, 0xfc, 0x0, 0x0, 0x0,
    0xf, 0xff, 0xf4, 0x2f, 0xff, 0xe0, 0x0, 0x0,
    0x2, 0xff, 0xff, 0x0, 0xff, 0xff, 0x80, 0x0,
    0x0, 0xff, 0xff, 0xc0, 0xb, 0xff, 0xff, 0x90,
    0x1, 0xbf, 0xff, 0xf8, 0x0, 0x2f, 0xff, 0xff,
    0xff, 0xff, 0xff, 0xfe, 0x0, 0x0, 0xbf, 0xff,
    0xff, 0xff, 0xff, 0xff, 0x80, 0x0, 0x2, 0xff,
    0xff, 0xff, 0xff, 0xff, 0xd0, 0x0, 0x0, 0x3,
    0xff, 0xff, 0xff, 0xff, 0xe0, 0x0, 0x0, 0x0,
    0x7, 0xff, 0xff, 0xff, 0xe0, 0x0, 0x0, 0x0,
    0x0, 0x1, 0xbf, 0xfe, 0x90, 0x0, 0x0, 0x0,

    /* U+0036 "6" */
    0x0, 0x0, 0x0, 0x6b, 0xff, 0xe4, 0x0, 0x0,
    0x0, 0x0, 0x0, 0x7f, 0xff, 0xff, 0xfd, 0x0,
    0x0, 0x0, 0x0, 0x3f, 0xff, 0xff, 0xff, 0xfc,
    0x0, 0x0, 0x0, 0x1f, 0xff, 0xff, 0xff, 0xff,
    0xf4, 0x0, 0x0, 0x7, 0xff, 0xff, 0xff, 0xff,
    0xff, 0xd0, 0x0, 0x1, 0xff, 0xff, 0xff, 0xff,
    0xff, 0xff, 0x0, 0x0, 0x3f, 0xff, 0xf4, 0x0,
    0x7f, 0xff, 0xf8, 0x0, 0xb, 0xff, 0xf4, 0x0,
    0x0, 0xbf, 0xff, 0xc0, 0x1, 0xff, 0xfd, 0x0,
    0x0, 0x2, 0xff, 0xfe, 0x0, 0x3f, 0xff, 0x40,
    0x0, 0x0, 0xf, 0xff, 0xf0, 0x7, 0xff, 0xf0,
    0x0, 0x0, 0x0, 0x7f, 0xff, 0x0, 0xff, 0xfd,
    0x0, 0x0, 0x0, 0x3, 0xff, 0xf4, 0xf, 0xff,
    0xc0, 0x0, 0x0, 0x0, 0x0, 0x0, 0x1, 0xff,
    0xf4, 0x0, 0x0, 0x0, 0x0, 0x0, 0x0, 0x3f,
    0xff, 0x0, 0x0, 0x0, 0x0, 0x0, 0x0, 0x3,
    0xff, 0xf0, 0x0, 0x0, 0x0, 0x0, 0x0, 0x0,
    0x3f, 0xfe, 0x0, 0x6, 0xff, 0xe9, 0x0, 0x0,
    0x7, 0xff, 0xd0, 0xb, 0xff, 0xff, 0xfd, 0x0,
    0x0, 0xbf, 0xfd, 0xb, 0xff, 0xff, 0xff, 0xfd,
    0x0, 0xb, 0xff, 0xd3, 0xff, 0xff, 0xff, 0xff,
    0xf8, 0x0, 0xff, 0xfd, 0xff, 0xff, 0xff, 0xff,
    0xff, 0xe0, 0xf, 0xff, 0xff, 0xff, 0xff, 0xff,
    0xff, 0xff, 0x40, 0xff, 0xff, 0xff, 0xe4, 0x1,
    0xbf, 0xff, 0xfc, 0xf, 0xff, 0xff, 0xe0, 0x0,
    0x0, 0xbf, 0xff, 0xe0, 0xff, 0xff, 0xf4, 0x0,
    0x0, 0x2, 0xff, 0xff, 0xf, 0xff, 0xfe, 0x0,
    0x0, 0x0, 0xb, 0xff, 0xf4, 0xff, 0xff, 0xc0,
    0x0, 0x0, 0x0, 0x3f, 0xff, 0xcf, 0xff, 0xf8,
    0x0, 0x0, 0x0, 0x2, 0xff, 0xfc, 0xff, 0xff,
    0x40, 0x0, 0x0, 0x0, 0x1f, 0xff, 0xcb, 0xff,
    0xf0, 0x0, 0x0, 0x0, 0x0, 0xff, 0xfd, 0xbf,
    0xff, 0x0, 0x0, 0x0, 0x0, 0xf, 0xff, 0xd7,
    0xff, 0xf0, 0x0, 0x0, 0x0, 0x0, 0xff, 0xfd,
    0x7f, 0xff, 0x0, 0x0, 0x0, 0x0, 0xf, 0xff,
    0xd3, 0xff, 0xf0, 0x0, 0x0, 0x0, 0x0, 0xff,
    0xfd, 0x3f, 0xff, 0x40, 0x0, 0x0, 0x0, 0x1f,
    0xff, 0xc1, 0xff, 0xf8, 0x0, 0x0, 0x0, 0x3,
    0xff, 0xfc, 0xf, 0xff, 0xc0, 0x0, 0x0, 0x0,
    0x3f, 0xff, 0x80, 0xbf, 0xfe, 0x0, 0x0, 0x0,
    0xf, 0xff, 0xf0, 0x3, 0xff, 0xf8, 0x0, 0x0,
    0x2, 0xff, 0xff, 0x0, 0x2f, 0xff, 0xe0, 0x0,
    0x0, 0xff, 0xff, 0xc0, 0x0, 0xff, 0xff, 0xe4,
    0x1, 0xbf, 0xff, 0xf8, 0x0, 0x3, 0xff, 0xff,
    0xff, 0xff, 0xff, 0xfe, 0x0, 0x0, 0x1f, 0xff,
    0xff, 0xff, 0xff, 0xff, 0x80, 0x0, 0x0, 0x7f,
    0xff, 0xff, 0xff, 0xff, 0xe0, 0x0, 0x0, 0x0,
    0xff, 0xff, 0xff, 0xff, 0xf4, 0x0, 0x0, 0x0,
    0x1, 0xff, 0xff, 0xff, 0xf4, 0x0, 0x0, 0x0,
    0x0, 0x0, 0x6f, 0xff, 0xa0, 0x0, 0x0, 0x0,

    /* U+0037 "7" */
    0xff, 0xff, 0xff, 0xff, 0xff, 0xff, 0xff, 0xff,
    0xff, 0xff, 0xff, 0xff, 0xff, 0xff, 0xff, 0xff,
    0xff, 0xff, 0xff, 0xff, 0xff, 0xff, 0xff, 0xff,
    0xff, 0xff, 0xff, 0xff, 0xff, 0xff, 0xff, 0xff,
    0xff, 0xff, 0xff, 0xff, 0xff, 0xff, 0xff, 0xff,
    0xff, 0xff, 0xff, 0xff, 0xff, 0xff, 0xff, 0xff,
    0xff, 0xff, 0xff, 0xff, 0xff, 0xff, 0xc0, 0x0,
    0x0, 0x0, 0x0, 0x0, 0xff, 0xfd, 0x0, 0x0,
    0x0, 0x0, 0x0, 0x3, 0xff, 0xf0, 0x0, 0x0,
    0x0, 0x0, 0x0, 0x2f, 0xff, 0x80, 0x0, 0x0,
    0x0, 0x0, 0x0, 0xff, 0xfd, 0x0, 0x0, 0x0,
    0x0, 0x0, 0x7, 0xff, 0xf0, 0x0, 0x0, 0x0,
    0x0, 0x0, 0x3f, 0xff, 0x40, 0x0, 0x0, 0x0,
    0x0, 0x1, 0xff, 0xfc, 0x0, 0x0, 0x0, 0x0,
    0x0, 0xb, 0xff, 0xe0, 0x0, 0x0, 0x0, 0x0,
    0x0, 0x3f, 0xff, 0x0, 0x0, 0x0, 0x0, 0x0,
    0x2, 0xff, 0xfc, 0x0, 0x0, 0x0, 0x0, 0x0,
    0xf, 0xff, 0xd0, 0x0, 0x0, 0x0, 0x0, 0x0,
    0x7f, 0xff, 0x0, 0x0, 0x0, 0x0, 0x0, 0x3,
    0xff, 0xf8, 0x0, 0x0, 0x0, 0x0, 0x0, 0x1f,
    0xff, 0xc0, 0x0, 0x0, 0x0, 0x0, 0x0, 0xbf,
    0xff, 0x0, 0x0, 0x0, 0x0, 0x0, 0x3, 0xff,
    0xf4, 0x0, 0x0, 0x0, 0x0, 0x0, 0x2f, 0xff,
    0xc0, 0x0, 0x0, 0x0, 0x0, 0x0, 0xff, 0xfe,
    0x0, 0x0, 0x0, 0x0, 0x0, 0x7, 0xff, 0xf0,
    0x0, 0x0, 0x0, 0x0, 0x0, 0x3f, 0xff, 0xc0,
    0x0, 0x0, 0x0, 0x0, 0x0, 0xff, 0xfd, 0x0,
    0x0, 0x0, 0x0, 0x0, 0xb, 0xff, 0xf0, 0x0,
    0x0, 0x0, 0x0, 0x0, 0x3f, 0xff, 0x80, 0x0,
    0x0, 0x0, 0x0, 0x1, 0xff, 0xfc, 0x0, 0x0,
    0x0, 0x0, 0x0, 0xf, 0xff, 0xf0, 0x0, 0x0,
    0x0, 0x0, 0x0, 0x7f, 0xff, 0x40, 0x0, 0x0,
    0x0, 0x0, 0x2, 0xff, 0xfc, 0x0, 0x0, 0x0,
    0x0, 0x0, 0xf, 0xff, 0xe0, 0x0, 0x0, 0x0,
    0x0, 0x0, 0xbf, 0xff, 0x0, 0x0, 0x0, 0x0,
    0x0, 0x3, 0xff, 0xfc, 0x0, 0x0, 0x0, 0x0,
    0x0, 0x1f, 0xff, 0xd0, 0x0, 0x0, 0x0, 0x0,
    0x0, 0xff, 0xff, 0x0, 0x0, 0x0, 0x0, 0x0,
    0x7, 0xff, 0xf8, 0x0, 0x0, 0x0, 0x0, 0x0,
    0x2f, 0xff, 0xc0, 0x0, 0x0, 0x0, 0x0, 0x0,
    0xff, 0xff, 0x0, 0x0, 0x0, 0x0, 0x0, 0xb,
    0xff, 0xf4, 0x0, 0x0, 0x0, 0x0, 0x0, 0x3f,
    0xff, 0xc0, 0x0, 0x0, 0x0, 0x0, 0x1, 0xff,
    0xfe, 0x0, 0x0, 0x0, 0x0, 0x0, 0xf, 0xff,
    0xf0, 0x0, 0x0, 0x0, 0x0,

    /* U+0038 "8" */
    0x0, 0x0, 0x0, 0x6f, 0xff, 0xe4, 0x0, 0x0,
    0x0, 0x0, 0x0, 0xbf, 0xff, 0xff, 0xff, 0x40,
    0x0, 0x0, 0x0, 0x2f, 0xff, 0xff, 0xff, 0xff,
    0xc0, 0x0, 0x0, 0x3, 0xff, 0xff, 0xff, 0xff,
    0xff, 0xd0, 0x0, 0x0, 0x3f, 0xff, 0xff, 0xff,
    0xff, 0xff, 0xe0, 0x0, 0x3, 0xff, 0xff, 0xff,
    0xff, 0xff, 0xff, 0xe0, 0x0, 0x2f, 0xff, 0xfe,
    0x40, 0x7, 0xff, 0xff, 0xc0, 0x0, 0xff, 0xff,
    0xc0, 0x0, 0x1, 0xff, 0xff, 0xc0, 0xb, 0xff,
    0xf8, 0x0, 0x0, 0x0, 0xff, 0xff, 0x0, 0x3f,
    0xff, 0xc0, 0x0, 0x0, 0x1, 0xff, 0xfe, 0x0,
    0xff, 0xfd, 0x0, 0x0, 0x0, 0x3, 0xff, 0xfc,
    0x7, 0xff, 0xf0, 0x0, 0x0, 0x0, 0xb, 0xff,
    0xf0, 0x1f, 0xff, 0xc0, 0x0, 0x0, 0x0, 0x1f,
    0xff, 0xc0, 0x7f, 0xff, 0x0, 0x0, 0x0, 0x0,
    0x7f, 0xff, 0x1, 0xff, 0xfc, 0x0, 0x0, 0x0,
    0x2, 0xff, 0xfc, 0x3, 0xff, 0xf4, 0x0, 0x0,
    0x0, 0xf, 0xff, 0xe0, 0xf, 0xff, 0xf0, 0x0,
    0x0, 0x0, 0x7f, 0xff, 0x40, 0x1f, 0xff, 0xd0,
    0x0, 0x0, 0x3, 0xff, 0xfc, 0x0, 0x3f, 0xff,
    0xe0, 0x0, 0x0, 0x3f, 0xff, 0xd0, 0x0, 0x3f,
    0xff, 0xf9, 0x0, 0x1b, 0xff, 0xfe, 0x0, 0x0,
    0x3f, 0xff, 0xff, 0xff, 0xff, 0xff, 0xe0, 0x0,
    0x0, 0x2f, 0xff, 0xff, 0xff, 0xff, 0xfd, 0x0,
    0x0, 0x0, 0xf, 0xff, 0xff, 0xff, 0xff, 0x80,
    0x0, 0x0, 0x2, 0xff, 0xff, 0xff, 0xff, 0xff,
    0xd0, 0x0, 0x0, 0x7f, 0xff, 0xff, 0xff, 0xff,
    0xff, 0xf0, 0x0, 0xb, 0xff, 0xff, 0xff, 0xff,
    0xff, 0xff, 0xf0, 0x0, 0x7f, 0xff, 0xf9, 0x0,
    0x6, 0xff, 0xff, 0xf0, 0x3, 0xff, 0xfe, 0x0,
    0x0, 0x0, 0x7f, 0xff, 0xe0, 0x2f, 0xff, 0xe0,
    0x0, 0x0, 0x0, 0x3f, 0xff, 0xc0, 0xff, 0xfe,
    0x0, 0x0, 0x0, 0x0, 0x7f, 0xff, 0x8b, 0xff,
    0xf0, 0x0, 0x0, 0x0, 0x0, 0xbf, 0xff, 0x3f,
    0xff, 0x80, 0x0, 0x0, 0x0, 0x1, 0xff, 0xfc,
    0xff, 0xfe, 0x0, 0x0, 0x0, 0x0, 0x3, 0xff,
    0xf7, 0xff, 0xf4, 0x0, 0x0, 0x0, 0x0, 0xf,
    0xff, 0xdf, 0xff, 0xd0, 0x0, 0x0, 0x0, 0x0,
    0x3f, 0xff, 0x7f, 0xff, 0x80, 0x0, 0x0, 0x0,
    0x0, 0xff, 0xfd, 0xbf, 0xff, 0x0, 0x0, 0x0,
    0x0, 0xb, 0xff, 0xf1, 0xff, 0xfe, 0x0, 0x0,
    0x0, 0x0, 0x3f, 0xff, 0xc3, 0xff, 0xfd, 0x0,
    0x0, 0x0, 0x3, 0xff, 0xfd, 0xb, 0xff, 0xfe,
    0x0, 0x0, 0x0, 0x7f, 0xff, 0xf0, 0xf, 0xff,
    0xff, 0x90, 0x0, 0x6f, 0xff, 0xff, 0x40, 0x1f,
    0xff, 0xff, 0xff, 0xff, 0xff, 0xff, 0xf8, 0x0,
    0x1f, 0xff, 0xff, 0xff, 0xff, 0xff, 0xff, 0xc0,
    0x0, 0x1f, 0xff, 0xff, 0xff, 0xff, 0xff, 0xf8,
    0x0, 0x0, 0xb, 0xff, 0xff, 0xff, 0xff, 0xff,
    0x0, 0x0, 0x0, 0x2, 0xff, 0xff, 0xff, 0xff,
    0x90, 0x0, 0x0, 0x0, 0x0, 0x1b, 0xff, 0xfe,
    0x50, 0x0, 0x0, 0x0,

    /* U+0039 "9" */
    0x0, 0x0, 0x1, 0xbf, 0xfe, 0x40, 0x0, 0x0,
    0x0, 0x0, 0x1f, 0xff, 0xff, 0xff, 0x40, 0x0,
    0x0, 0x0, 0x3f, 0xff, 0xff, 0xff, 0xfc, 0x0,
    0x0, 0x0, 0x7f, 0xff, 0xff, 0xff, 0xff, 0xd0,
    0x0, 0x0, 0x7f, 0xff, 0xff, 0xff, 0xff, 0xfd,
    0x0, 0x0, 0x7f, 0xff, 0xff, 0xff, 0xff, 0xff,
    0xd0, 0x0, 0x3f, 0xff, 0xf9, 0x0, 0x2f, 0xff,
    0xfc, 0x0, 0x3f, 0xff, 0xf4, 0x0, 0x0, 0xbf,
    0xff, 0x80, 0x1f, 0xff, 0xf0, 0x0, 0x0, 0x7,
    0xff, 0xf0, 0xf, 0xff, 0xf0, 0x0, 0x0, 0x0,
    0xbf, 0xfe, 0x3, 0xff, 0xf8, 0x0, 0x0, 0x0,
    0xf, 0xff, 0xc2, 0xff, 0xfc, 0x0, 0x0, 0x0,
    0x2, 0xff, 0xf4, 0xbf, 0xff, 0x0, 0x0, 0x0,
    0x0, 0x7f, 0xff, 0x3f, 0xff, 0x80, 0x0, 0x0,
    0x0, 0xf, 0xff, 0xcf, 0xff, 0xe0, 0x0, 0x0,
    0x0, 0x3, 0xff, 0xf7, 0xff, 0xf4, 0x0, 0x0,
    0x0, 0x0, 0xff, 0xfd, 0xff, 0xfd, 0x0, 0x0,
    0x0, 0x0, 0x3f, 0xff, 0xbf, 0xff, 0x80, 0x0,
    0x0, 0x0, 0xf, 0xff, 0xef, 0xff, 0xf0, 0x0,
    0x0, 0x0, 0x7, 0xff, 0xfe, 0xff, 0xfc, 0x0,
    0x0, 0x0, 0x2, 0xff, 0xff, 0x7f, 0xff, 0x40,
    0x0, 0x0, 0x0, 0xff, 0xff, 0xcf, 0xff, 0xf0,
    0x0, 0x0, 0x0, 0xbf, 0xff, 0xf2, 0xff, 0xff,
    0x0, 0x0, 0x0, 0x7f, 0xff, 0xfc, 0x3f, 0xff,
    0xf0, 0x0, 0x0, 0xbf, 0xff, 0xff, 0xb, 0xff,
    0xff, 0x90, 0x6, 0xff, 0xff, 0xff, 0xc0, 0xff,
    0xff, 0xff, 0xff, 0xff, 0xff, 0xff, 0xf0, 0xf,
    0xff, 0xff, 0xff, 0xff, 0xf9, 0xff, 0xfc, 0x0,
    0xff, 0xff, 0xff, 0xff, 0xf8, 0x7f, 0xfe, 0x0,
    0xb, 0xff, 0xff, 0xff, 0xf8, 0x1f, 0xff, 0x80,
    0x0, 0x7f, 0xff, 0xff, 0xf0, 0x7, 0xff, 0xd0,
    0x0, 0x0, 0x6f, 0xfe, 0x40, 0x2, 0xff, 0xf0,
    0x0, 0x0, 0x0, 0x0, 0x0, 0x0, 0xff, 0xfc,
    0x0, 0x0, 0x0, 0x0, 0x0, 0x0, 0x3f, 0xff,
    0x0, 0x0, 0x0, 0x0, 0x0, 0x0, 0x1f, 0xff,
    0x40, 0x0, 0x0, 0x0, 0x0, 0x0, 0xf, 0xff,
    0xc0, 0xff, 0xfd, 0x0, 0x0, 0x0, 0x7, 0xff,
    0xf0, 0x3f, 0xff, 0x80, 0x0, 0x0, 0x3, 0xff,
    0xf4, 0xb, 0xff, 0xf0, 0x0, 0x0, 0x1, 0xff,
    0xfc, 0x0, 0xff, 0xff, 0x0, 0x0, 0x1, 0xff,
    0xfd, 0x0, 0x3f, 0xff, 0xf0, 0x0, 0x1, 0xff,
    0xff, 0x0, 0x7, 0xff, 0xff, 0x90, 0x7, 0xff,
    0xff, 0x0, 0x0, 0xbf, 0xff, 0xff, 0xff, 0xff,
    0xff, 0x40, 0x0, 0xf, 0xff, 0xff, 0xff, 0xff,
    0xff, 0x40, 0x0, 0x0, 0xff, 0xff, 0xff, 0xff,
    0xff, 0x40, 0x0, 0x0, 0xb, 0xff, 0xff, 0xff,
    0xff, 0x40, 0x0, 0x0, 0x0, 0x2f, 0xff, 0xff,
    0xfe, 0x0, 0x0, 0x0, 0x0, 0x0, 0x6f, 0xff,
    0xe4, 0x0, 0x0, 0x0,

    /* U+003A ":" */
    0x7, 0xfd, 0x2, 0xff, 0xf8, 0x7f, 0xff, 0xdf,
    0xff, 0xff, 0xff, 0xff, 0xff, 0xff, 0xff, 0xff,
    0xff, 0xf7, 0xff, 0xfd, 0x2f, 0xff, 0x80, 0x7f,
    0xd0, 0x0, 0x0, 0x0, 0x0, 0x0, 0x0, 0x0,
    0x0, 0x0, 0x0, 0x0, 0x0, 0x0, 0x0, 0x0,
    0x0, 0x0, 0x0, 0x0, 0x0, 0x0, 0x0, 0x0,
    0x0, 0x0, 0x0, 0x0, 0x0, 0x0, 0x0, 0x0,
    0x0, 0x0, 0x7f, 0xd0, 0x2f, 0xff, 0x87, 0xff,
    0xfd, 0xff, 0xff, 0xff, 0xff, 0xff, 0xff, 0xff,
    0xff, 0xff, 0xff, 0x7f, 0xff, 0xd2, 0xff, 0xf8,
    0x7, 0xfd, 0x0,

    /* U+003B ";" */
    0x1, 0xff, 0x40, 0xb, 0xff, 0xe0, 0x1f, 0xff,
    0xf4, 0x3f, 0xff, 0xfc, 0x3f, 0xff, 0xfc, 0x3f,
    0xff, 0xfc, 0x3f, 0xff, 0xfc, 0x1f, 0xff, 0xf4,
    0xb, 0xff, 0xe0, 0x1, 0xff, 0x40, 0x0, 0x0,
    0x0, 0x0, 0x0, 0x0, 0x0, 0x0, 0x0, 0x0,
    0x0, 0x0, 0x0, 0x0, 0x0, 0x0, 0x0, 0x0,
    0x0, 0x0, 0x0, 0x0, 0x0, 0x0, 0x0, 0x0,
    0x0, 0x0, 0x0, 0x0, 0x0, 0x0, 0x0, 0x0,
    0x0, 0x0, 0x0, 0x0, 0x0, 0x1, 0xff, 0x80,
    0xb, 0xff, 0xf0, 0x1f, 0xff, 0xfc, 0x3f, 0xff,
    0xfd, 0x3f, 0xff, 0xfe, 0x3f, 0xff, 0xff, 0x3f,
    0xff, 0xff, 0x1f, 0xff, 0xff, 0xb, 0xff, 0xff,
    0x1, 0xff, 0xff, 0x0, 0x3, 0xff, 0x0, 0x3,
    0xfe, 0x0, 0x7, 0xfd, 0x0, 0xf, 0xfc, 0x0,
    0x2f, 0xf8, 0x0, 0x7f, 0xf4, 0x0, 0xff, 0xe0,
    0x7, 0xff, 0xc0, 0x2f, 0xff, 0x0, 0x2f, 0xfd,
    0x0, 0xf, 0xf0, 0x0, 0x7, 0x80, 0x0, 0x0,
    0x0, 0x0,

    /* U+003C "<" */
    0x0, 0x0, 0x0, 0x0, 0x0, 0x0, 0x0, 0x0,
    0x0, 0x0, 0x0, 0x0, 0x0, 0x0, 0x0, 0x1,
    0x90, 0x0, 0x0, 0x0, 0x0, 0x0, 0x0, 0x7,
    0xf8, 0x0, 0x0, 0x0, 0x0, 0x0, 0x0, 0x2f,
    0xfe, 0x0, 0x0, 0x0, 0x0, 0x0, 0x1, 0xbf,
    0xff, 0x80, 0x0, 0x0, 0x0, 0x0, 0x7, 0xff,
    0xff, 0xe0, 0x0, 0x0, 0x0, 0x0, 0x2f, 0xff,
    0xff, 0xf8, 0x0, 0x0, 0x0, 0x1, 0xbf, 0xff,
    0xff, 0xfd, 0x0, 0x0, 0x0, 0x7, 0xff, 0xff,
    0xff, 0xe4, 0x0, 0x0, 0x0, 0x2f, 0xff, 0xff,
    0xff, 0x80, 0x0, 0x0, 0x1, 0xbf, 0xff, 0xff,
    0xfd, 0x0, 0x0, 0x0, 0x7, 0xff, 0xff, 0xff,
    0xe0, 0x0, 0x0, 0x0, 0x2f, 0xff, 0xff, 0xff,
    0x40, 0x0, 0x0, 0x1, 0xbf, 0xff, 0xff, 0xfd,
    0x0, 0x0, 0x0, 0x7, 0xff, 0xff, 0xff, 0xe0,
    0x0, 0x0, 0x0, 0x3, 0xff, 0xff, 0xff, 0x40,
    0x0, 0x0, 0x0, 0x0, 0xff, 0xff, 0xf9, 0x0,
    0x0, 0x0, 0x0, 0x0, 0x3f, 0xff, 0xf4, 0x0,
    0x0, 0x0, 0x0, 0x0, 0xf, 0xff, 0xff, 0xd0,
    0x0, 0x0, 0x0, 0x0, 0x3, 0xff, 0xff, 0xff,
    0x40, 0x0, 0x0, 0x0, 0x0, 0x7f, 0xff, 0xff,
    0xfe, 0x0, 0x0, 0x0, 0x0, 0x0, 0xbf, 0xff,
    0xff, 0xfd, 0x0, 0x0, 0x0, 0x0, 0x2, 0xff,
    0xff, 0xff, 0xf8, 0x0, 0x0, 0x0, 0x0, 0x7,
    0xff, 0xff, 0xff, 0xe4, 0x0, 0x0, 0x0, 0x0,
    0x1b, 0xff, 0xff, 0xff, 0xd0, 0x0, 0x0, 0x0,
    0x0, 0x2f, 0xff, 0xff, 0xff, 0x80, 0x0, 0x0,
    0x0, 0x0, 0x7f, 0xff, 0xff, 0xfe, 0x40, 0x0,
    0x0, 0x0, 0x1, 0xbf, 0xff, 0xff, 0xfd, 0x0,
    0x0, 0x0, 0x0, 0x2, 0xff, 0xff, 0xff, 0x80,
    0x0, 0x0, 0x0, 0x0, 0x7, 0xff, 0xff, 0xe0,
    0x0, 0x0, 0x0, 0x0, 0x0, 0x1b, 0xff, 0xf8,
    0x0, 0x0, 0x0, 0x0, 0x0, 0x0, 0x2f, 0xfe,
    0x0, 0x0, 0x0, 0x0, 0x0, 0x0, 0x0, 0x7f,
    0x80, 0x0, 0x0, 0x0, 0x0, 0x0, 0x0, 0x1,
    0x90, 0x0, 0x0, 0x0, 0x0, 0x0, 0x0, 0x0,
    0x0,

    /* U+003D "=" */
    0xff, 0xff, 0xff, 0xff, 0xff, 0xff, 0xff, 0xff,
    0xff, 0xff, 0xff, 0xff, 0xff, 0xff, 0xff, 0xff,
    0xff, 0xff, 0xff, 0xff, 0xff, 0xff, 0xff, 0xff,
    0xff, 0xff, 0xff, 0xff, 0xff, 0xff, 0xff, 0xff,
    0xff, 0xff, 0xff, 0xff, 0xff, 0xff, 0xff, 0xff,
    0xff, 0xff, 0xff, 0xff, 0xff, 0xff, 0xff, 0xff,
    0x0, 0x0, 0x0, 0x0, 0x0, 0x0, 0x0, 0x0,
    0x0, 0x0, 0x0, 0x0, 0x0, 0x0, 0x0, 0x0,
    0x0, 0x0, 0x0, 0x0, 0x0, 0x0, 0x0, 0x0,
    0x0, 0x0, 0x0, 0x0, 0x0, 0x0, 0x0, 0x0,
    0x0, 0x0, 0x0, 0x0, 0x0, 0x0, 0x0, 0x0,
    0x0, 0x0, 0x0, 0x0, 0x0, 0x0, 0x0, 0x0,
    0x0, 0x0, 0x0, 0x0, 0x0, 0x0, 0x0, 0x0,
    0xff, 0xff, 0xff, 0xff, 0xff, 0xff, 0xff, 0xff,
    0xff, 0xff, 0xff, 0xff, 0xff, 0xff, 0xff, 0xff,
    0xff, 0xff, 0xff, 0xff, 0xff, 0xff, 0xff, 0xff,
    0xff, 0xff, 0xff, 0xff, 0xff, 0xff, 0xff, 0xff,
    0xff, 0xff, 0xff, 0xff, 0xff, 0xff, 0xff, 0xff,
    0xff, 0xff, 0xff, 0xff, 0xff, 0xff, 0xff, 0xff,

    /* U+003E ">" */
    0x0, 0x0, 0x0, 0x0, 0x0, 0x0, 0x0, 0x0,
    0x38, 0x0, 0x0, 0x0, 0x0, 0x0, 0x0, 0x0,
    0xf, 0xe0, 0x0, 0x0, 0x0, 0x0, 0x0, 0x0,
    0x3, 0xff, 0xd0, 0x0, 0x0, 0x0, 0x0, 0x0,
    0x0, 0xff, 0xff, 0x80, 0x0, 0x0, 0x0, 0x0,
    0x0, 0x3f, 0xff, 0xfe, 0x0, 0x0, 0x0, 0x0,
    0x0, 0xf, 0xff, 0xff, 0xfd, 0x0, 0x0, 0x0,
    0x0, 0x2, 0xff, 0xff, 0xff, 0xf8, 0x0, 0x0,
    0x0, 0x0, 0x7, 0xff, 0xff, 0xff, 0xe0, 0x0,
    0x0, 0x0, 0x0, 0x1b, 0xff, 0xff, 0xff, 0xd0,
    0x0, 0x0, 0x0, 0x0, 0x2f, 0xff, 0xff, 0xff,
    0x80, 0x0, 0x0, 0x0, 0x0, 0x7f, 0xff, 0xff,
    0xfe, 0x0, 0x0, 0x0, 0x0, 0x1, 0xbf, 0xff,
    0xff, 0xfd, 0x0, 0x0, 0x0, 0x0, 0x2, 0xff,
    0xff, 0xff, 0xf4, 0x0, 0x0, 0x0, 0x0, 0x7,
    0xff, 0xff, 0xff, 0xe0, 0x0, 0x0, 0x0, 0x0,
    0xb, 0xff, 0xff, 0xfe, 0x0, 0x0, 0x0, 0x0,
    0x0, 0x2f, 0xff, 0xff, 0x80, 0x0, 0x0, 0x0,
    0x0, 0x0, 0xbf, 0xff, 0xe0, 0x0, 0x0, 0x0,
    0x0, 0x2, 0xff, 0xff, 0xf8, 0x0, 0x0, 0x0,
    0x0, 0x1b, 0xff, 0xff, 0xfe, 0x0, 0x0, 0x0,
    0x0, 0x7f, 0xff, 0xff, 0xfe, 0x0, 0x0, 0x0,
    0x2, 0xff, 0xff, 0xff, 0xf4, 0x0, 0x0, 0x0,
    0x1b, 0xff, 0xff, 0xff, 0xd0, 0x0, 0x0, 0x0,
    0x7f, 0xff, 0xff, 0xfe, 0x0, 0x0, 0x0, 0x2,
    0xff, 0xff, 0xff, 0xf4, 0x0, 0x0, 0x0, 0x1f,
    0xff, 0xff, 0xff, 0xd0, 0x0, 0x0, 0x0, 0xbf,
    0xff, 0xff, 0xfe, 0x0, 0x0, 0x0, 0x2, 0xff,
    0xff, 0xff, 0xf4, 0x0, 0x0, 0x0, 0x0, 0xff,
    0xff, 0xff, 0xd0, 0x0, 0x0, 0x0, 0x0, 0x3f,
    0xff, 0xfe, 0x0, 0x0, 0x0, 0x0, 0x0, 0xf,
    0xff, 0xf4, 0x0, 0x0, 0x0, 0x0, 0x0, 0x3,
    0xff, 0xd0, 0x0, 0x0, 0x0, 0x0, 0x0, 0x0,
    0xfe, 0x0, 0x0, 0x0, 0x0, 0x0, 0x0, 0x0,
    0x34, 0x0, 0x0, 0x0, 0x0, 0x0, 0x0, 0x0,
    0x0, 0x0, 0x0, 0x0, 0x0, 0x0, 0x0, 0x0,
    0x0,

    /* U+003F "?" */
    0x0, 0x0, 0x6, 0xff, 0xfe, 0x40, 0x0, 0x0,
    0x0, 0x1f, 0xff, 0xff, 0xff, 0x80, 0x0, 0x0,
    0xf, 0xff, 0xff, 0xff, 0xff, 0x40, 0x0, 0x7,
    0xff, 0xff, 0xff, 0xff, 0xfe, 0x0, 0x1, 0xff,
    0xff, 0xff, 0xff, 0xff, 0xf8, 0x0, 0x7f, 0xff,
    0xff, 0xff, 0xff, 0xff, 0xd0, 0xf, 0xff, 0xfe,
    0x40, 0x1b, 0xff, 0xff, 0x2, 0xff, 0xff, 0x0,
    0x0, 0xf, 0xff, 0xf8, 0x3f, 0xff, 0xc0, 0x0,
    0x0, 0x3f, 0xff, 0xc7, 0xff, 0xf4, 0x0, 0x0,
    0x2, 0xff, 0xfc, 0xbf, 0xff, 0x0, 0x0, 0x0,
    0x1f, 0xff, 0xdb, 0xff, 0xe0, 0x0, 0x0, 0x0,
    0xff, 0xfd, 0xff, 0xfe, 0x0, 0x0, 0x0, 0xf,
    0xff, 0xdf, 0xff, 0xd0, 0x0, 0x0, 0x0, 0xff,
    0xfd, 0xaa, 0xa9, 0x0, 0x0, 0x0, 0x1f, 0xff,
    0xd0, 0x0, 0x0, 0x0, 0x0, 0x2, 0xff, 0xfc,
    0x0, 0x0, 0x0, 0x0, 0x0, 0x7f, 0xff, 0xc0,
    0x0, 0x0, 0x0, 0x0, 0xf, 0xff, 0xf4, 0x0,
    0x0, 0x0, 0x0, 0x3, 0xff, 0xff, 0x0, 0x0,
    0x0, 0x0, 0x1, 0xff, 0xff, 0xd0, 0x0, 0x0,
    0x0, 0x0, 0x7f, 0xff, 0xf4, 0x0, 0x0, 0x0,
    0x0, 0x1f, 0xff, 0xfd, 0x0, 0x0, 0x0, 0x0,
    0x7, 0xff, 0xff, 0x40, 0x0, 0x0, 0x0, 0x1,
    0xff, 0xff, 0xc0, 0x0, 0x0, 0x0, 0x0, 0x3f,
    0xff, 0xf0, 0x0, 0x0, 0x0, 0x0, 0xf, 0xff,
    0xfc, 0x0, 0x0, 0x0, 0x0, 0x1, 0xff, 0xff,
    0x0, 0x0, 0x0, 0x0, 0x0, 0x3f, 0xff, 0xd0,
    0x0, 0x0, 0x0, 0x0, 0x3, 0xff, 0xf8, 0x0,
    0x0, 0x0, 0x0, 0x0, 0x3f, 0xff, 0x40, 0x0,
    0x0, 0x0, 0x0, 0x7, 0xff, 0xf0, 0x0, 0x0,
    0x0, 0x0, 0x0, 0x7f, 0xff, 0x0, 0x0, 0x0,
    0x0, 0x0, 0x7, 0xff, 0xf0, 0x0, 0x0, 0x0,
    0x0, 0x0, 0x0, 0x0, 0x0, 0x0, 0x0, 0x0,
    0x0, 0x0, 0x0, 0x0, 0x0, 0x0, 0x0, 0x0,
    0x0, 0x0, 0x0, 0x0, 0x0, 0x0, 0x0, 0x0,
    0x1, 0xff, 0x40, 0x0, 0x0, 0x0, 0x0, 0x0,
    0xbf, 0xfe, 0x0, 0x0, 0x0, 0x0, 0x0, 0x1f,
    0xff, 0xf4, 0x0, 0x0, 0x0, 0x0, 0x3, 0xff,
    0xff, 0xc0, 0x0, 0x0, 0x0, 0x0, 0x3f, 0xff,
    0xfc, 0x0, 0x0, 0x0, 0x0, 0x3, 0xff, 0xff,
    0xc0, 0x0, 0x0, 0x0, 0x0, 0x3f, 0xff, 0xfc,
    0x0, 0x0, 0x0, 0x0, 0x1, 0xff, 0xff, 0x40,
    0x0, 0x0, 0x0, 0x0, 0xb, 0xff, 0xe0, 0x0,
    0x0, 0x0, 0x0, 0x0, 0x1f, 0xf4, 0x0, 0x0,
    0x0,

    /* U+0040 "@" */
    0x0, 0x0, 0x0, 0x0, 0x1, 0xaf, 0xff, 0xe9,
    0x0, 0x0, 0x0, 0x0, 0x0, 0x0, 0x0, 0x0,
    0x1b, 0xff, 0xff, 0xff, 0xff, 0x80, 0x0, 0x0,
    0x0, 0x0, 0x0, 0x0, 0x2f, 0xff, 0xff, 0xff,
    0xff, 0xff, 0x80, 0x0, 0x0, 0x0, 0x0, 0x0,
    0x1f, 0xff, 0xff, 0xff, 0xff, 0xff, 0xff, 0x80,
    0x0, 0x0, 0x0, 0x0, 0xf, 0xff, 0xff, 0xff,
    0xff, 0xff, 0xff, 0xff, 0x0, 0x0, 0x0, 0x0,
    0x7, 0xff, 0xff, 0xe5, 0x0, 0x5, 0xbf, 0xff,
    0xfc, 0x0, 0x0, 0x0, 0x1, 0xff, 0xff, 0x90,
    0x0, 0x0, 0x0, 0x2f, 0xff, 0xf0, 0x0, 0x0,
    0x0, 0x7f, 0xff, 0x80, 0x0, 0x0, 0x0, 0x0,
    0x3f, 0xff, 0xc0, 0x0, 0x0, 0x1f, 0xff, 0xd0,
    0x0, 0x0, 0x0, 0x0, 0x0, 0x7f, 0xfe, 0x0,
    0x0, 0x3, 0xff, 0xf0, 0x0, 0x0, 0x0, 0x0,
    0x0, 0x1, 0xff, 0xf4, 0x0, 0x0, 0xff, 0xfc,
    0x0, 0x0, 0x1b, 0xf9, 0x0, 0x0, 0x7, 0xff,
    0xc0, 0x0, 0x2f, 0xff, 0x0, 0x0, 0x2f, 0xff,
    0xf8, 0x1a, 0xa8, 0x2f, 0xfd, 0x0, 0x3, 0xff,
    0xd0, 0x0, 0xf, 0xff, 0xff, 0xe2, 0xff, 0xc0,
    0xff, 0xf0, 0x0, 0xbf, 0xfc, 0x0, 0x3, 0xff,
    0xff, 0xff, 0x3f, 0xfc, 0x7, 0xff, 0x0, 0xf,
    0xff, 0x0, 0x0, 0xff, 0xff, 0xff, 0xff, 0xff,
    0x80, 0x3f, 0xf4, 0x2, 0xff, 0xe0, 0x0, 0x3f,
    0xff, 0xff, 0xff, 0xff, 0xf4, 0x2, 0xff, 0x80,
    0x3f, 0xfd, 0x0, 0xb, 0xff, 0xfe, 0x1, 0xff,
    0xff, 0x0, 0x1f, 0xfc, 0x3, 0xff, 0xc0, 0x1,
    0xff, 0xff, 0x0, 0x3, 0xff, 0xe0, 0x0, 0xff,
    0xc0, 0x7f, 0xf8, 0x0, 0x3f, 0xff, 0xc0, 0x0,
    0x3f, 0xfd, 0x0, 0xf, 0xfc, 0xb, 0xff, 0x40,
    0x7, 0xff, 0xf0, 0x0, 0x2, 0xff, 0xc0, 0x0,
    0xff, 0xc0, 0xbf, 0xf4, 0x0, 0xbf, 0xfd, 0x0,
    0x0, 0x3f, 0xfc, 0x0, 0xf, 0xfc, 0xf, 0xff,
    0x0, 0xf, 0xff, 0x80, 0x0, 0x3, 0xff, 0x80,
    0x0, 0xff, 0xc0, 0xff, 0xf0, 0x1, 0xff, 0xf0,
    0x0, 0x0, 0x7f, 0xf4, 0x0, 0xf, 0xfc, 0xf,
    0xff, 0x0, 0x2f, 0xff, 0x0, 0x0, 0xb, 0xff,
    0x0, 0x1, 0xff, 0x80, 0xff, 0xf0, 0x3, 0xff,
    0xd0, 0x0, 0x0, 0xff, 0xf0, 0x0, 0x2f, 0xf4,
    0xf, 0xff, 0x0, 0x3f, 0xfd, 0x0, 0x0, 0xf,
    0xfe, 0x0, 0x3, 0xff, 0x0, 0xff, 0xf0, 0x3,
    0xff, 0xc0, 0x0, 0x1, 0xff, 0xd0, 0x0, 0x7f,
    0xf0, 0xf, 0xff, 0x0, 0x3f, 0xfc, 0x0, 0x0,
    0x2f, 0xfc, 0x0, 0xf, 0xfd, 0x0, 0xbf, 0xf4,
    0x3, 0xff, 0xc0, 0x0, 0x3, 0xff, 0x80, 0x1,
    0xff, 0xc0, 0xb, 0xff, 0x40, 0x3f, 0xfc, 0x0,
    0x0, 0xbf, 0xf4, 0x0, 0x3f, 0xf4, 0x0, 0x7f,
    0xf8, 0x2, 0xff, 0xd0, 0x0, 0x1f, 0xff, 0x0,
    0xf, 0xff, 0x0, 0x3, 0xff, 0xc0, 0x1f, 0xff,
    0x0, 0x7, 0xff, 0xf0, 0x3, 0xff, 0xc0, 0x0,
    0x3f, 0xfd, 0x0, 0xff, 0xfc, 0x6, 0xff, 0xff,
    0x42, 0xff, 0xf4, 0x0, 0x1, 0xff, 0xf0, 0x7,
    0xff, 0xff, 0xff, 0xff, 0xff, 0xff, 0xfe, 0x0,
    0x0, 0xf, 0xff, 0x0, 0x2f, 0xff, 0xff, 0xfd,
    0xff, 0xff, 0xff, 0x80, 0x0, 0x0, 0xbf, 0xfc,
    0x0, 0xff, 0xff, 0xff, 0x8b, 0xff, 0xff, 0xd0,
    0x0, 0x0, 0x3, 0xff, 0xe0, 0x2, 0xff, 0xff,
    0xd0, 0x3f, 0xff, 0xf0, 0x7, 0xff, 0xc0, 0x2f,
    0xff, 0x40, 0x2, 0xff, 0xe0, 0x0, 0xbf, 0xe4,
    0x1, 0xff, 0xf0, 0x0, 0xff, 0xfd, 0x0, 0x0,
    0x0, 0x0, 0x0, 0x0, 0x0, 0x7f, 0xfd, 0x0,
    0x3, 0xff, 0xf8, 0x0, 0x0, 0x0, 0x0, 0x0,
    0x0, 0x2f, 0xff, 0x80, 0x0, 0x1f, 0xff, 0xf4,
    0x0, 0x0, 0x0, 0x0, 0x0, 0x1f, 0xff, 0xe0,
    0x0, 0x0, 0x7f, 0xff, 0xf4, 0x0, 0x0, 0x0,
    0x0, 0x2f, 0xff, 0xf8, 0x0, 0x0, 0x0, 0xff,
    0xff, 0xfe, 0x50, 0x0, 0x5, 0xbf, 0xff, 0xfe,
    0x0, 0x0, 0x0, 0x2, 0xff, 0xff, 0xff, 0xff,
    0xff, 0xff, 0xff, 0xff, 0x40, 0x0, 0x0, 0x0,
    0x7, 0xff, 0xff, 0xff, 0xff, 0xff, 0xff, 0xff,
    0x80, 0x0, 0x0, 0x0, 0x0, 0x7, 0xff, 0xff,
    0xff, 0xff, 0xff, 0xff, 0x80, 0x0, 0x0, 0x0,
    0x0, 0x0, 0x2, 0xff, 0xff, 0xff, 0xff, 0xfe,
    0x40, 0x0, 0x0, 0x0, 0x0, 0x0, 0x0, 0x0,
    0x5a, 0xff, 0xff, 0xa4, 0x0, 0x0, 0x0, 0x0,

    /* U+0041 "A" */
    0x0, 0x0, 0x0, 0x0, 0x1a, 0xaa, 0x90, 0x0,
    0x0, 0x0, 0x0, 0x0, 0x0, 0x0, 0x0, 0x3f,
    0xff, 0xf4, 0x0, 0x0, 0x0, 0x0, 0x0, 0x0,
    0x0, 0x0, 0x7f, 0xff, 0xf8, 0x0, 0x0, 0x0,
    0x0, 0x0, 0x0, 0x0, 0x0, 0xbf, 0xff, 0xfc,
    0x0, 0x0, 0x0, 0x0, 0x0, 0x0, 0x0, 0x0,
    0xff, 0xff, 0xfe, 0x0, 0x0, 0x0, 0x0, 0x0,
    0x0, 0x0, 0x1, 0xff, 0xff, 0xff, 0x0, 0x0,
    0x0, 0x0, 0x0, 0x0, 0x0, 0x3, 0xff, 0xff,
    0xff, 0x40, 0x0, 0x0, 0x0, 0x0, 0x0, 0x0,
    0x3, 0xff, 0xff, 0xff, 0x80, 0x0, 0x0, 0x0,
    0x0, 0x0, 0x0, 0xb, 0xff, 0xff, 0xff, 0xc0,
    0x0, 0x0, 0x0, 0x0, 0x0, 0x0, 0xf, 0xff,
    0xdf, 0xff, 0xd0, 0x0, 0x0, 0x0, 0x0, 0x0,
    0x0, 0x1f, 0xff, 0xc7, 0xff, 0xf0, 0x0, 0x0,
    0x0, 0x0, 0x0, 0x0, 0x2f, 0xff, 0x83, 0xff,
    0xf0, 0x0, 0x0, 0x0, 0x0, 0x0, 0x0, 0x3f,
    0xff, 0x43, 0xff, 0xf8, 0x0, 0x0, 0x0, 0x0,
    0x0, 0x0, 0x7f, 0xff, 0x1, 0xff, 0xfc, 0x0,
    0x0, 0x0, 0x0, 0x0, 0x0, 0xff, 0xfe, 0x0,
    0xff, 0xfd, 0x0, 0x0, 0x0, 0x0, 0x0, 0x0,
    0xff, 0xfc, 0x0, 0xbf, 0xfe, 0x0, 0x0, 0x0,
    0x0, 0x0, 0x2, 0xff, 0xfc, 0x0, 0x7f, 0xff,
    0x0, 0x0, 0x0, 0x0, 0x0, 0x3, 0xff, 0xf4,
    0x0, 0x3f, 0xff, 0x40, 0x0, 0x0, 0x0, 0x0,
    0x7, 0xff, 0xf0, 0x0, 0x2f, 0xff, 0xc0, 0x0,
    0x0, 0x0, 0x0, 0xb, 0xff, 0xf0, 0x0, 0x1f,
    0xff, 0xc0, 0x0, 0x0, 0x0, 0x0, 0xf, 0xff,
    0xd0, 0x0, 0xf, 0xff, 0xe0, 0x0, 0x0, 0x0,
    0x0, 0x2f, 0xff, 0xc0, 0x0, 0xb, 0xff, 0xf0,
    0x0, 0x0, 0x0, 0x0, 0x3f, 0xff, 0x80, 0x0,
    0x3, 0xff, 0xf4, 0x0, 0x0, 0x0, 0x0, 0x7f,
    0xff, 0x40, 0x0, 0x3, 0xff, 0xf8, 0x0, 0x0,
    0x0, 0x0, 0xbf, 0xff, 0x0, 0x0, 0x2, 0xff,
    0xfc, 0x0, 0x0, 0x0, 0x0, 0xff, 0xfe, 0x0,
    0x0, 0x0, 0xff, 0xfd, 0x0, 0x0, 0x0, 0x1,
    0xff, 0xfd, 0x0, 0x0, 0x0, 0xff, 0xff, 0x0,
    0x0, 0x0, 0x3, 0xff, 0xfc, 0x0, 0x0, 0x0,
    0x7f, 0xff, 0x0, 0x0, 0x0, 0x3, 0xff, 0xf8,
    0x0, 0x0, 0x0, 0x3f, 0xff, 0x80, 0x0, 0x0,
    0xb, 0xff, 0xff, 0xff, 0xff, 0xff, 0xff, 0xff,
    0xc0, 0x0, 0x0, 0xf, 0xff, 0xff, 0xff, 0xff,
    0xff, 0xff, 0xff, 0xd0, 0x0, 0x0, 0x1f, 0xff,
    0xff, 0xff, 0xff, 0xff, 0xff, 0xff, 0xf0, 0x0,
    0x0, 0x2f, 0xff, 0xff, 0xff, 0xff, 0xff, 0xff,
    0xff, 0xf0, 0x0, 0x0, 0x3f, 0xff, 0xff, 0xff,
    0xff, 0xff, 0xff, 0xff, 0xf8, 0x0, 0x0, 0x7f,
    0xff, 0xff, 0xff, 0xff, 0xff, 0xff, 0xff, 0xfc,
    0x0, 0x0, 0xff, 0xff, 0x0, 0x0, 0x0, 0x0,
    0x2, 0xff, 0xfd, 0x0, 0x0, 0xff, 0xfe, 0x0,
    0x0, 0x0, 0x0, 0x0, 0xff, 0xfe, 0x0, 0x2,
    0xff, 0xfd, 0x0, 0x0, 0x0, 0x0, 0x0, 0xff,
    0xff, 0x0, 0x3, 0xff, 0xfc, 0x0, 0x0, 0x0,
    0x0, 0x0, 0x7f, 0xff, 0x40, 0x7, 0xff, 0xf8,
    0x0, 0x0, 0x0, 0x0, 0x0, 0x3f, 0xff, 0xc0,
    0xb, 0xff, 0xf0, 0x0, 0x0, 0x0, 0x0, 0x0,
    0x2f, 0xff, 0xc0, 0xf, 0xff, 0xf0, 0x0, 0x0,
    0x0, 0x0, 0x0, 0x1f, 0xff, 0xe0, 0x1f, 0xff,
    0xd0, 0x0, 0x0, 0x0, 0x0, 0x0, 0xf, 0xff,
    0xf0, 0x3f, 0xff, 0xc0, 0x0, 0x0, 0x0, 0x0,
    0x0, 0xb, 0xff, 0xf4, 0x3f, 0xff, 0x80, 0x0,
    0x0, 0x0, 0x0, 0x0, 0x7, 0xff, 0xf8, 0xbf,
    0xff, 0x40, 0x0, 0x0, 0x0, 0x0, 0x0, 0x3,
    0xff, 0xfc, 0x6a, 0xaa, 0x0, 0x0, 0x0, 0x0,
    0x0, 0x0, 0x1, 0xaa, 0xa8,

    /* U+0042 "B" */
    0xff, 0xff, 0xff, 0xff, 0xff, 0xff, 0x90, 0x0,
    0x0, 0x3f, 0xff, 0xff, 0xff, 0xff, 0xff, 0xff,
    0xd0, 0x0, 0xf, 0xff, 0xff, 0xff, 0xff, 0xff,
    0xff, 0xff, 0x0, 0x3, 0xff, 0xff, 0xff, 0xff,
    0xff, 0xff, 0xff, 0xf4, 0x0, 0xff, 0xff, 0xff,
    0xff, 0xff, 0xff, 0xff, 0xff, 0x40, 0x3f, 0xff,
    0xff, 0xff, 0xff, 0xff, 0xff, 0xff, 0xf0, 0xf,
    0xff, 0xd0, 0x0, 0x0, 0x0, 0x6f, 0xff, 0xfe,
    0x3, 0xff, 0xf4, 0x0, 0x0, 0x0, 0x0, 0xbf,
    0xff, 0xc0, 0xff, 0xfd, 0x0, 0x0, 0x0, 0x0,
    0xb, 0xff, 0xf8, 0x3f, 0xff, 0x40, 0x0, 0x0,
    0x0, 0x0, 0xff, 0xff, 0xf, 0xff, 0xd0, 0x0,
    0x0, 0x0, 0x0, 0x2f, 0xff, 0xc3, 0xff, 0xf4,
    0x0, 0x0, 0x0, 0x0, 0xb, 0xff, 0xf0, 0xff,
    0xfd, 0x0, 0x0, 0x0, 0x0, 0x1, 0xff, 0xfc,
    0x3f, 0xff, 0x40, 0x0, 0x0, 0x0, 0x0, 0x7f,
    0xff, 0xf, 0xff, 0xd0, 0x0, 0x0, 0x0, 0x0,
    0x2f, 0xff, 0xc3, 0xff, 0xf4, 0x0, 0x0, 0x0,
    0x0, 0xf, 0xff, 0xe0, 0xff, 0xfd, 0x0, 0x0,
    0x0, 0x0, 0x3, 0xff, 0xf0, 0x3f, 0xff, 0x40,
    0x0, 0x0, 0x0, 0x2, 0xff, 0xfc, 0xf, 0xff,
    0xd0, 0x0, 0x0, 0x0, 0x2, 0xff, 0xfd, 0x3,
    0xff, 0xf4, 0x0, 0x0, 0x0, 0x1b, 0xff, 0xfe,
    0x0, 0xff, 0xff, 0xff, 0xff, 0xff, 0xff, 0xff,
    0xfd, 0x0, 0x3f, 0xff, 0xff, 0xff, 0xff, 0xff,
    0xff, 0xfc, 0x0, 0xf, 0xff, 0xff, 0xff, 0xff,
    0xff, 0xff, 0xf8, 0x0, 0x3, 0xff, 0xff, 0xff,
    0xff, 0xff, 0xff, 0xff, 0xe4, 0x0, 0xff, 0xff,
    0xff, 0xff, 0xff, 0xff, 0xff, 0xff, 0x80, 0x3f,
    0xff, 0xff, 0xff, 0xff, 0xff, 0xff, 0xff, 0xfc,
    0xf, 0xff, 0xd0, 0x0, 0x0, 0x0, 0x17, 0xff,
    0xff, 0xc3, 0xff, 0xf4, 0x0, 0x0, 0x0, 0x0,
    0xf, 0xff, 0xf8, 0xff, 0xfd, 0x0, 0x0, 0x0,
    0x0, 0x0, 0xff, 0xff, 0x3f, 0xff, 0x40, 0x0,
    0x0, 0x0, 0x0, 0xf, 0xff, 0xdf, 0xff, 0xd0,
    0x0, 0x0, 0x0, 0x0, 0x3, 0xff, 0xfb, 0xff,
    0xf4, 0x0, 0x0, 0x0, 0x0, 0x0, 0xbf, 0xff,
    0xff, 0xfd, 0x0, 0x0, 0x0, 0x0, 0x0, 0x1f,
    0xff, 0xff, 0xff, 0x40, 0x0, 0x0, 0x0, 0x0,
    0x7, 0xff, 0xff, 0xff, 0xd0, 0x0, 0x0, 0x0,
    0x0, 0x2, 0xff, 0xff, 0xff, 0xf4, 0x0, 0x0,
    0x0, 0x0, 0x0, 0xff, 0xff, 0xff, 0xfd, 0x0,
    0x0, 0x0, 0x0, 0x0, 0x3f, 0xff, 0xbf, 0xff,
    0x40, 0x0, 0x0, 0x0, 0x0, 0x3f, 0xff, 0xdf,
    0xff, 0xd0, 0x0, 0x0, 0x0, 0x0, 0x7f, 0xff,
    0xf3, 0xff, 0xf4, 0x0, 0x0, 0x0, 0x6, 0xff,
    0xff, 0xf8, 0xff, 0xff, 0xff, 0xff, 0xff, 0xff,
    0xff, 0xff, 0xfc, 0x3f, 0xff, 0xff, 0xff, 0xff,
    0xff, 0xff, 0xff, 0xfd, 0xf, 0xff, 0xff, 0xff,
    0xff, 0xff, 0xff, 0xff, 0xfd, 0x3, 0xff, 0xff,
    0xff, 0xff, 0xff, 0xff, 0xff, 0xfc, 0x0, 0xff,
    0xff, 0xff, 0xff, 0xff, 0xff, 0xff, 0xe4, 0x0,
    0x3f, 0xff, 0xff, 0xff, 0xff, 0xff, 0xf9, 0x40,
    0x0, 0x0,

    /* U+0043 "C" */
    0x0, 0x0, 0x0, 0x1, 0xaf, 0xff, 0xe9, 0x0,
    0x0, 0x0, 0x0, 0x0, 0x0, 0x6, 0xff, 0xff,
    0xff, 0xff, 0x40, 0x0, 0x0, 0x0, 0x0, 0x7,
    0xff, 0xff, 0xff, 0xff, 0xff, 0x40, 0x0, 0x0,
    0x0, 0x3, 0xff, 0xff, 0xff, 0xff, 0xff, 0xff,
    0x0, 0x0, 0x0, 0x1, 0xff, 0xff, 0xff, 0xff,
    0xff, 0xff, 0xfc, 0x0, 0x0, 0x0, 0x7f, 0xff,
    0xff, 0xff, 0xff, 0xff, 0xff, 0xf0, 0x0, 0x0,
    0x1f, 0xff, 0xff, 0xff, 0xff, 0xff, 0xff, 0xff,
    0xc0, 0x0, 0x3, 0xff, 0xff, 0xfd, 0x40, 0x1,
    0xbf, 0xff, 0xff, 0x0, 0x0, 0xff, 0xff, 0xf8,
    0x0, 0x0, 0x0, 0xbf, 0xff, 0xf8, 0x0, 0x1f,
    0xff, 0xfc, 0x0, 0x0, 0x0, 0x0, 0xff, 0xff,
    0xc0, 0x3, 0xff, 0xff, 0x0, 0x0, 0x0, 0x0,
    0x3, 0xff, 0xfe, 0x0, 0xbf, 0xff, 0xc0, 0x0,
    0x0, 0x0, 0x0, 0xf, 0xff, 0xf0, 0xf, 0xff,
    0xf4, 0x0, 0x0, 0x0, 0x0, 0x0, 0xbf, 0xff,
    0x41, 0xff, 0xff, 0x0, 0x0, 0x0, 0x0, 0x0,
    0x3, 0xff, 0xf8, 0x2f, 0xff, 0xc0, 0x0, 0x0,
    0x0, 0x0, 0x0, 0x2f, 0xff, 0xc3, 0xff, 0xfc,
    0x0, 0x0, 0x0, 0x0, 0x0, 0x0, 0xaa, 0xa8,
    0x3f, 0xff, 0x40, 0x0, 0x0, 0x0, 0x0, 0x0,
    0x0, 0x0, 0x7, 0xff, 0xf0, 0x0, 0x0, 0x0,
    0x0, 0x0, 0x0, 0x0, 0x0, 0xbf, 0xff, 0x0,
    0x0, 0x0, 0x0, 0x0, 0x0, 0x0, 0x0, 0xb,
    0xff, 0xf0, 0x0, 0x0, 0x0, 0x0, 0x0, 0x0,
    0x0, 0x0, 0xff, 0xfe, 0x0, 0x0, 0x0, 0x0,
    0x0, 0x0, 0x0, 0x0, 0xf, 0xff, 0xe0, 0x0,
    0x0, 0x0, 0x0, 0x0, 0x0, 0x0, 0x0, 0xff,
    0xfe, 0x0, 0x0, 0x0, 0x0, 0x0, 0x0, 0x0,
    0x0, 0xf, 0xff, 0xd0, 0x0, 0x0, 0x0, 0x0,
    0x0, 0x0, 0x0, 0x0, 0xff, 0xfd, 0x0, 0x0,
    0x0, 0x0, 0x0, 0x0, 0x0, 0x0, 0xf, 0xff,
    0xd0, 0x0, 0x0, 0x0, 0x0, 0x0, 0x0, 0x0,
    0x0, 0xff, 0xfe, 0x0, 0x0, 0x0, 0x0, 0x0,
    0x0, 0x0, 0x0, 0xf, 0xff, 0xe0, 0x0, 0x0,
    0x0, 0x0, 0x0, 0x0, 0x0, 0x0, 0xff, 0xfe,
    0x0, 0x0, 0x0, 0x0, 0x0, 0x0, 0x0, 0x0,
    0xb, 0xff, 0xf0, 0x0, 0x0, 0x0, 0x0, 0x0,
    0x0, 0x0, 0x0, 0x7f, 0xff, 0x0, 0x0, 0x0,
    0x0, 0x0, 0x0, 0x0, 0x0, 0x7, 0xff, 0xf4,
    0x0, 0x0, 0x0, 0x0, 0x0, 0x0, 0xff, 0xfe,
    0x3f, 0xff, 0x80, 0x0, 0x0, 0x0, 0x0, 0x0,
    0xf, 0xff, 0xd3, 0xff, 0xfc, 0x0, 0x0, 0x0,
    0x0, 0x0, 0x2, 0xff, 0xfc, 0x1f, 0xff, 0xe0,
    0x0, 0x0, 0x0, 0x0, 0x0, 0x3f, 0xff, 0x80,
    0xff, 0xff, 0x0, 0x0, 0x0, 0x0, 0x0, 0xb,
    0xff, 0xf4, 0xb, 0xff, 0xfc, 0x0, 0x0, 0x0,
    0x0, 0x0, 0xff, 0xff, 0x0, 0x3f, 0xff, 0xe0,
    0x0, 0x0, 0x0, 0x0, 0x3f, 0xff, 0xd0, 0x2,
    0xff, 0xff, 0xc0, 0x0, 0x0, 0x0, 0xf, 0xff,
    0xfc, 0x0, 0xf, 0xff, 0xff, 0x80, 0x0, 0x0,
    0xb, 0xff, 0xff, 0x40, 0x0, 0x7f, 0xff, 0xff,
    0x94, 0x0, 0x1b, 0xff, 0xff, 0xe0, 0x0, 0x1,
    0xff, 0xff, 0xff, 0xff, 0xff, 0xff, 0xff, 0xf8,
    0x0, 0x0, 0xb, 0xff, 0xff, 0xff, 0xff, 0xff,
    0xff, 0xff, 0x0, 0x0, 0x0, 0x1f, 0xff, 0xff,
    0xff, 0xff, 0xff, 0xff, 0x80, 0x0, 0x0, 0x0,
    0x3f, 0xff, 0xff, 0xff, 0xff, 0xff, 0xd0, 0x0,
    0x0, 0x0, 0x0, 0x7f, 0xff, 0xff, 0xff, 0xff,
    0xe0, 0x0, 0x0, 0x0, 0x0, 0x0, 0x7f, 0xff,
    0xff, 0xff, 0xe0, 0x0, 0x0, 0x0, 0x0, 0x0,
    0x0, 0x1a, 0xff, 0xfe, 0x90, 0x0, 0x0, 0x0,

    /* U+0044 "D" */
    0xff, 0xff, 0xff, 0xff, 0xff, 0xe5, 0x0, 0x0,
    0x0, 0x3, 0xff, 0xff, 0xff, 0xff, 0xff, 0xff,
    0x90, 0x0, 0x0, 0xf, 0xff, 0xff, 0xff, 0xff,
    0xff, 0xff, 0xf8, 0x0, 0x0, 0x3f, 0xff, 0xff,
    0xff, 0xff, 0xff, 0xff, 0xfd, 0x0, 0x0, 0xff,
    0xff, 0xff, 0xff, 0xff, 0xff, 0xff, 0xfe, 0x0,
    0x3, 0xff, 0xff, 0xff, 0xff, 0xff, 0xff, 0xff,
    0xfe, 0x0, 0xf, 0xff, 0xd0, 0x0, 0x0, 0x16,
    0xff, 0xff, 0xfe, 0x0, 0x3f, 0xff, 0x40, 0x0,
    0x0, 0x0, 0x6f, 0xff, 0xfe, 0x0, 0xff, 0xfd,
    0x0, 0x0, 0x0, 0x0, 0x1f, 0xff, 0xfd, 0x3,
    0xff, 0xf4, 0x0, 0x0, 0x0, 0x0, 0xf, 0xff,
    0xfc, 0xf, 0xff, 0xd0, 0x0, 0x0, 0x0, 0x0,
    0xf, 0xff, 0xf4, 0x3f, 0xff, 0x40, 0x0, 0x0,
    0x0, 0x0, 0xf, 0xff, 0xf0, 0xff, 0xfd, 0x0,
    0x0, 0x0, 0x0, 0x0, 0x2f, 0xff, 0xd3, 0xff,
    0xf4, 0x0, 0x0, 0x0, 0x0, 0x0, 0x3f, 0xff,
    0x8f, 0xff, 0xd0, 0x0, 0x0, 0x0, 0x0, 0x0,
    0xbf, 0xff, 0x3f, 0xff, 0x40, 0x0, 0x0, 0x0,
    0x0, 0x1, 0xff, 0xfc, 0xff, 0xfd, 0x0, 0x0,
    0x0, 0x0, 0x0, 0x3, 0xff, 0xf7, 0xff, 0xf4,
    0x0, 0x0, 0x0, 0x0, 0x0, 0xf, 0xff, 0xef,
    0xff, 0xd0, 0x0, 0x0, 0x0, 0x0, 0x0, 0x2f,
    0xff, 0xbf, 0xff, 0x40, 0x0, 0x0, 0x0, 0x0,
    0x0, 0xbf, 0xff, 0xff, 0xfd, 0x0, 0x0, 0x0,
    0x0, 0x0, 0x2, 0xff, 0xff, 0xff, 0xf4, 0x0,
    0x0, 0x0, 0x0, 0x0, 0x7, 0xff, 0xff, 0xff,
    0xd0, 0x0, 0x0, 0x0, 0x0, 0x0, 0x1f, 0xff,
    0xff, 0xff, 0x40, 0x0, 0x0, 0x0, 0x0, 0x0,
    0x7f, 0xff, 0xff, 0xfd, 0x0, 0x0, 0x0, 0x0,
    0x0, 0x1, 0xff, 0xff, 0xff, 0xf4, 0x0, 0x0,
    0x0, 0x0, 0x0, 0xb, 0xff, 0xff, 0xff, 0xd0,
    0x0, 0x0, 0x0, 0x0, 0x0, 0x2f, 0xff, 0xff,
    0xff, 0x40, 0x0, 0x0, 0x0, 0x0, 0x0, 0xbf,
    0xfe, 0xff, 0xfd, 0x0, 0x0, 0x0, 0x0, 0x0,
    0x3, 0xff, 0xfb, 0xff, 0xf4, 0x0, 0x0, 0x0,
    0x0, 0x0, 0xf, 0xff, 0xdf, 0xff, 0xd0, 0x0,
    0x0, 0x0, 0x0, 0x0, 0x7f, 0xff, 0x3f, 0xff,
    0x40, 0x0, 0x0, 0x0, 0x0, 0x2, 0xff, 0xfc,
    0xff, 0xfd, 0x0, 0x0, 0x0, 0x0, 0x0, 0xf,
    0xff, 0xe3, 0xff, 0xf4, 0x0, 0x0, 0x0, 0x0,
    0x0, 0xbf, 0xff, 0x4f, 0xff, 0xd0, 0x0, 0x0,
    0x0, 0x0, 0x3, 0xff, 0xfc, 0x3f, 0xff, 0x40,
    0x0, 0x0, 0x0, 0x0, 0x3f, 0xff, 0xd0, 0xff,
    0xfd, 0x0, 0x0, 0x0, 0x0, 0x3, 0xff, 0xff,
    0x3, 0xff, 0xf4, 0x0, 0x0, 0x0, 0x0, 0x7f,
    0xff, 0xf4, 0xf, 0xff, 0xd0, 0x0, 0x0, 0x0,
    0x1f, 0xff, 0xff, 0x80, 0x3f, 0xff, 0x40, 0x0,
    0x0, 0x5b, 0xff, 0xff, 0xf8, 0x0, 0xff, 0xff,
    0xff, 0xff, 0xff, 0xff, 0xff, 0xff, 0x80, 0x3,
    0xff, 0xff, 0xff, 0xff, 0xff, 0xff, 0xff, 0xf8,
    0x0, 0xf, 0xff, 0xff, 0xff, 0xff, 0xff, 0xff,
    0xff, 0x40, 0x0, 0x3f, 0xff, 0xff, 0xff, 0xff,
    0xff, 0xff, 0xe0, 0x0, 0x0, 0xff, 0xff, 0xff,
    0xff, 0xff, 0xff, 0xe4, 0x0, 0x0, 0x3, 0xff,
    0xff, 0xff, 0xff, 0xff, 0x94, 0x0, 0x0, 0x0,
    0x0,

    /* U+0045 "E" */
    0xff, 0xff, 0xff, 0xff, 0xff, 0xff, 0xff, 0xff,
    0xcf, 0xff, 0xff, 0xff, 0xff, 0xff, 0xff, 0xff,
    0xfc, 0xff, 0xff, 0xff, 0xff, 0xff, 0xff, 0xff,
    0xff, 0xcf, 0xff, 0xff, 0xff, 0xff, 0xff, 0xff,
    0xff, 0xfc, 0xff, 0xff, 0xff, 0xff, 0xff, 0xff,
    0xff, 0xff, 0xcf, 0xff, 0xff, 0xff, 0xff, 0xff,
    0xff, 0xff, 0xfc, 0xff, 0xfd, 0x0, 0x0, 0x0,
    0x0, 0x0, 0x0, 0xf, 0xff, 0xd0, 0x0, 0x0,
    0x0, 0x0, 0x0, 0x0, 0xff, 0xfd, 0x0, 0x0,
    0x0, 0x0, 0x0, 0x0, 0xf, 0xff, 0xd0, 0x0,
    0x0, 0x0, 0x0, 0x0, 0x0, 0xff, 0xfd, 0x0,
    0x0, 0x0, 0x0, 0x0, 0x0, 0xf, 0xff, 0xd0,
    0x0, 0x0, 0x0, 0x0, 0x0, 0x0, 0xff, 0xfd,
    0x0, 0x0, 0x0, 0x0, 0x0, 0x0, 0xf, 0xff,
    0xd0, 0x0, 0x0, 0x0, 0x0, 0x0, 0x0, 0xff,
    0xfd, 0x0, 0x0, 0x0, 0x0, 0x0, 0x0, 0xf,
    0xff, 0xd0, 0x0, 0x0, 0x0, 0x0, 0x0, 0x0,
    0xff, 0xfd, 0x0, 0x0, 0x0, 0x0, 0x0, 0x0,
    0xf, 0xff, 0xd0, 0x0, 0x0, 0x0, 0x0, 0x0,
    0x0, 0xff, 0xfd, 0x0, 0x0, 0x0, 0x0, 0x0,
    0x0, 0xf, 0xff, 0xd0, 0x0, 0x0, 0x0, 0x0,
    0x0, 0x0, 0xff, 0xff, 0xff, 0xff, 0xff, 0xff,
    0xff, 0xfd, 0xf, 0xff, 0xff, 0xff, 0xff, 0xff,
    0xff, 0xff, 0xe0, 0xff, 0xff, 0xff, 0xff, 0xff,
    0xff, 0xff, 0xfe, 0xf, 0xff, 0xff, 0xff, 0xff,
    0xff, 0xff, 0xff, 0xe0, 0xff, 0xff, 0xff, 0xff,
    0xff, 0xff, 0xff, 0xfe, 0xf, 0xff, 0xff, 0xff,
    0xff, 0xff, 0xff, 0xff, 0xe0, 0xff, 0xfd, 0x0,
    0x0, 0x0, 0x0, 0x0, 0x0, 0xf, 0xff, 0xd0,
    0x0, 0x0, 0x0, 0x0, 0x0, 0x0, 0xff, 0xfd,
    0x0, 0x0, 0x0, 0x0, 0x0, 0x0, 0xf, 0xff,
    0xd0, 0x0, 0x0, 0x0, 0x0, 0x0, 0x0, 0xff,
    0xfd, 0x0, 0x0, 0x0, 0x0, 0x0, 0x0, 0xf,
    0xff, 0xd0, 0x0, 0x0, 0x0, 0x0, 0x0, 0x0,
    0xff, 0xfd, 0x0, 0x0, 0x0, 0x0, 0x0, 0x0,
    0xf, 0xff, 0xd0, 0x0, 0x0, 0x0, 0x0, 0x0,
    0x0, 0xff, 0xfd, 0x0, 0x0, 0x0, 0x0, 0x0,
    0x0, 0xf, 0xff, 0xd0, 0x0, 0x0, 0x0, 0x0,
    0x0, 0x0, 0xff, 0xfd, 0x0, 0x0, 0x0, 0x0,
    0x0, 0x0, 0xf, 0xff, 0xd0, 0x0, 0x0, 0x0,
    0x0, 0x0, 0x0, 0xff, 0xfd, 0x0, 0x0, 0x0,
    0x0, 0x0, 0x0, 0xf, 0xff, 0xd0, 0x0, 0x0,
    0x0, 0x0, 0x0, 0x0, 0xff, 0xff, 0xff, 0xff,
    0xff, 0xff, 0xff, 0xff, 0xff, 0xff, 0xff, 0xff,
    0xff, 0xff, 0xff, 0xff, 0xff, 0xff, 0xff, 0xff,
    0xff, 0xff, 0xff, 0xff, 0xff, 0xff, 0xff, 0xff,
    0xff, 0xff, 0xff, 0xff, 0xff, 0xff, 0xff, 0xff,
    0xff, 0xff, 0xff, 0xff, 0xff, 0xff, 0xff, 0xff,
    0xff, 0xff, 0xff, 0xff, 0xff, 0xff, 0xff,

    /* U+0046 "F" */
    0xff, 0xff, 0xff, 0xff, 0xff, 0xff, 0xff, 0xff,
    0xff, 0xff, 0xff, 0xff, 0xff, 0xff, 0xff, 0xff,
    0xff, 0xff, 0xff, 0xff, 0xff, 0xff, 0xff, 0xff,
    0xff, 0xff, 0xff, 0xff, 0xff, 0xff, 0xff, 0xff,
    0xff, 0xff, 0xff, 0xff, 0xff, 0xff, 0xff, 0xff,
    0xff, 0xff, 0xff, 0xff, 0xff, 0xff, 0xff, 0xff,
    0xd0, 0x0, 0x0, 0x0, 0x0, 0x0, 0x3f, 0xff,
    0x40, 0x0, 0x0, 0x0, 0x0, 0x0, 0xff, 0xfd,
    0x0, 0x0, 0x0, 0x0, 0x0, 0x3, 0xff, 0xf4,
    0x0, 0x0, 0x0, 0x0, 0x0, 0xf, 0xff, 0xd0,
    0x0, 0x0, 0x0, 0x0, 0x0, 0x3f, 0xff, 0x40,
    0x0, 0x0, 0x0, 0x0, 0x0, 0xff, 0xfd, 0x0,
    0x0, 0x0, 0x0, 0x0, 0x3, 0xff, 0xf4, 0x0,
    0x0, 0x0, 0x0, 0x0, 0xf, 0xff, 0xd0, 0x0,
    0x0, 0x0, 0x0, 0x0, 0x3f, 0xff, 0x40, 0x0,
    0x0, 0x0, 0x0, 0x0, 0xff, 0xfd, 0x0, 0x0,
    0x0, 0x0, 0x0, 0x3, 0xff, 0xf4, 0x0, 0x0,
    0x0, 0x0, 0x0, 0xf, 0xff, 0xd0, 0x0, 0x0,
    0x0, 0x0, 0x0, 0x3f, 0xff, 0xff, 0xff, 0xff,
    0xff, 0xff, 0xfc, 0xff, 0xff, 0xff, 0xff, 0xff,
    0xff, 0xff, 0xf3, 0xff, 0xff, 0xff, 0xff, 0xff,
    0xff, 0xff, 0xcf, 0xff, 0xff, 0xff, 0xff, 0xff,
    0xff, 0xff, 0x3f, 0xff, 0xff, 0xff, 0xff, 0xff,
    0xff, 0xfc, 0xff, 0xff, 0xff, 0xff, 0xff, 0xff,
    0xff, 0xf3, 0xff, 0xf4, 0x0, 0x0, 0x0, 0x0,
    0x0, 0xf, 0xff, 0xd0, 0x0, 0x0, 0x0, 0x0,
    0x0, 0x3f, 0xff, 0x40, 0x0, 0x0, 0x0, 0x0,
    0x0, 0xff, 0xfd, 0x0, 0x0, 0x0, 0x0, 0x0,
    0x3, 0xff, 0xf4, 0x0, 0x0, 0x0, 0x0, 0x0,
    0xf, 0xff, 0xd0, 0x0, 0x0, 0x0, 0x0, 0x0,
    0x3f, 0xff, 0x40, 0x0, 0x0, 0x0, 0x0, 0x0,
    0xff, 0xfd, 0x0, 0x0, 0x0, 0x0, 0x0, 0x3,
    0xff, 0xf4, 0x0, 0x0, 0x0, 0x0, 0x0, 0xf,
    0xff, 0xd0, 0x0, 0x0, 0x0, 0x0, 0x0, 0x3f,
    0xff, 0x40, 0x0, 0x0, 0x0, 0x0, 0x0, 0xff,
    0xfd, 0x0, 0x0, 0x0, 0x0, 0x0, 0x3, 0xff,
    0xf4, 0x0, 0x0, 0x0, 0x0, 0x0, 0xf, 0xff,
    0xd0, 0x0, 0x0, 0x0, 0x0, 0x0, 0x3f, 0xff,
    0x40, 0x0, 0x0, 0x0, 0x0, 0x0, 0xff, 0xfd,
    0x0, 0x0, 0x0, 0x0, 0x0, 0x3, 0xff, 0xf4,
    0x0, 0x0, 0x0, 0x0, 0x0, 0xf, 0xff, 0xd0,
    0x0, 0x0, 0x0, 0x0, 0x0, 0x3f, 0xff, 0x40,
    0x0, 0x0, 0x0, 0x0, 0x0, 0xff, 0xfd, 0x0,
    0x0, 0x0, 0x0, 0x0, 0x0,

    /* U+0047 "G" */
    0x0, 0x0, 0x0, 0x0, 0x6f, 0xff, 0xf9, 0x0,
    0x0, 0x0, 0x0, 0x0, 0x0, 0x2, 0xff, 0xff,
    0xff, 0xff, 0x90, 0x0, 0x0, 0x0, 0x0, 0x2,
    0xff, 0xff, 0xff, 0xff, 0xff, 0xd0, 0x0, 0x0,
    0x0, 0x1, 0xff, 0xff, 0xff, 0xff, 0xff, 0xff,
    0x80, 0x0, 0x0, 0x0, 0xbf, 0xff, 0xff, 0xff,
    0xff, 0xff, 0xff, 0x0, 0x0, 0x0, 0x3f, 0xff,
    0xff, 0xff, 0xff, 0xff, 0xff, 0xfc, 0x0, 0x0,
    0xf, 0xff, 0xff, 0xff, 0xff, 0xff, 0xff, 0xff,
    0xf0, 0x0, 0x2, 0xff, 0xff, 0xfe, 0x40, 0x1,
    0xbf, 0xff, 0xff, 0x80, 0x0, 0x7f, 0xff, 0xfd,
    0x0, 0x0, 0x0, 0x7f, 0xff, 0xfd, 0x0, 0xf,
    0xff, 0xfe, 0x0, 0x0, 0x0, 0x0, 0x7f, 0xff,
    0xf0, 0x2, 0xff, 0xff, 0x40, 0x0, 0x0, 0x0,
    0x1, 0xff, 0xff, 0x40, 0x3f, 0xff, 0xd0, 0x0,
    0x0, 0x0, 0x0, 0xb, 0xff, 0xf8, 0xb, 0xff,
    0xf8, 0x0, 0x0, 0x0, 0x0, 0x0, 0x3f, 0xff,
    0xc0, 0xff, 0xff, 0x0, 0x0, 0x0, 0x0, 0x0,
    0x1, 0xff, 0xfd, 0x2f, 0xff, 0xd0, 0x0, 0x0,
    0x0, 0x0, 0x0, 0xf, 0xff, 0xd3, 0xff, 0xfc,
    0x0, 0x0, 0x0, 0x0, 0x0, 0x0, 0xff, 0xfe,
    0x3f, 0xff, 0x80, 0x0, 0x0, 0x0, 0x0, 0x0,
    0x0, 0x0, 0x7, 0xff, 0xf4, 0x0, 0x0, 0x0,
    0x0, 0x0, 0x0, 0x0, 0x0, 0xbf, 0xff, 0x0,
    0x0, 0x0, 0x0, 0x0, 0x0, 0x0, 0x0, 0xb,
    0xff, 0xf0, 0x0, 0x0, 0x0, 0x0, 0x0, 0x0,
    0x0, 0x0, 0xff, 0xfe, 0x0, 0x0, 0x0, 0x0,
    0x0, 0x0, 0x0, 0x0, 0xf, 0xff, 0xe0, 0x0,
    0x0, 0x0, 0x0, 0x0, 0x0, 0x0, 0x0, 0xff,
    0xfd, 0x0, 0x0, 0x0, 0x0, 0x0, 0x0, 0x0,
    0x0, 0xf, 0xff, 0xd0, 0x0, 0x0, 0x0, 0xbf,
    0xff, 0xff, 0xff, 0xff, 0xff, 0xfd, 0x0, 0x0,
    0x0, 0xb, 0xff, 0xff, 0xff, 0xff, 0xff, 0xff,
    0xd0, 0x0, 0x0, 0x0, 0xbf, 0xff, 0xff, 0xff,
    0xff, 0xff, 0xfe, 0x0, 0x0, 0x0, 0xb, 0xff,
    0xff, 0xff, 0xff, 0xff, 0xff, 0xe0, 0x0, 0x0,
    0x0, 0xbf, 0xff, 0xff, 0xff, 0xff, 0xbf, 0xfe,
    0x0, 0x0, 0x0, 0xb, 0xff, 0xff, 0xff, 0xff,
    0xfb, 0xff, 0xf0, 0x0, 0x0, 0x0, 0x0, 0x0,
    0x0, 0x7f, 0xff, 0x7f, 0xff, 0x0, 0x0, 0x0,
    0x0, 0x0, 0x0, 0x7, 0xff, 0xf3, 0xff, 0xf0,
    0x0, 0x0, 0x0, 0x0, 0x0, 0x0, 0x7f, 0xff,
    0x3f, 0xff, 0x80, 0x0, 0x0, 0x0, 0x0, 0x0,
    0x7, 0xff, 0xf2, 0xff, 0xfc, 0x0, 0x0, 0x0,
    0x0, 0x0, 0x0, 0x7f, 0xff, 0xf, 0xff, 0xd0,
    0x0, 0x0, 0x0, 0x0, 0x0, 0x7, 0xff, 0xf0,
    0xff, 0xff, 0x0, 0x0, 0x0, 0x0, 0x0, 0x0,
    0x7f, 0xff, 0x7, 0xff, 0xf8, 0x0, 0x0, 0x0,
    0x0, 0x0, 0x7, 0xff, 0xf0, 0x3f, 0xff, 0xd0,
    0x0, 0x0, 0x0, 0x0, 0x0, 0x7f, 0xff, 0x0,
    0xff, 0xff, 0x40, 0x0, 0x0, 0x0, 0x0, 0x7,
    0xff, 0xf0, 0xb, 0xff, 0xfe, 0x0, 0x0, 0x0,
    0x0, 0x1, 0xff, 0xff, 0x0, 0x3f, 0xff, 0xfd,
    0x0, 0x0, 0x0, 0x1, 0xff, 0xff, 0xf0, 0x0,
    0xff, 0xff, 0xfe, 0x50, 0x0, 0x1b, 0xff, 0xff,
    0xff, 0x0, 0x3, 0xff, 0xff, 0xff, 0xff, 0xff,
    0xff, 0xff, 0xff, 0xf0, 0x0, 0xb, 0xff, 0xff,
    0xff, 0xff, 0xff, 0xff, 0xff, 0xf8, 0x0, 0x0,
    0x1f, 0xff, 0xff, 0xff, 0xff, 0xff, 0xff, 0xf8,
    0x0, 0x0, 0x0, 0x2f, 0xff, 0xff, 0xff, 0xff,
    0xff, 0xf8, 0x0, 0x0, 0x0, 0x0, 0x1f, 0xff,
    0xff, 0xff, 0xff, 0xe4, 0x0, 0x0, 0x0, 0x0,
    0x0, 0x6, 0xbf, 0xff, 0xe9, 0x40, 0x0, 0x0,

    /* U+0048 "H" */
    0xff, 0xfd, 0x0, 0x0, 0x0, 0x0, 0x0, 0x7,
    0xff, 0xff, 0xff, 0xd0, 0x0, 0x0, 0x0, 0x0,
    0x0, 0x7f, 0xff, 0xff, 0xfd, 0x0, 0x0, 0x0,
    0x0, 0x0, 0x7, 0xff, 0xff, 0xff, 0xd0, 0x0,
    0x0, 0x0, 0x0, 0x0, 0x7f, 0xff, 0xff, 0xfd,
    0x0, 0x0, 0x0, 0x0, 0x0, 0x7, 0xff, 0xff,
    0xff, 0xd0, 0x0, 0x0, 0x0, 0x0, 0x0, 0x7f,
    0xff, 0xff, 0xfd, 0x0, 0x0, 0x0, 0x0, 0x0,
    0x7, 0xff, 0xff, 0xff, 0xd0, 0x0, 0x0, 0x0,
    0x0, 0x0, 0x7f, 0xff, 0xff, 0xfd, 0x0, 0x0,
    0x0, 0x0, 0x0, 0x7, 0xff, 0xff, 0xff, 0xd0,
    0x0, 0x0, 0x0, 0x0, 0x0, 0x7f, 0xff, 0xff,
    0xfd, 0x0, 0x0, 0x0, 0x0, 0x0, 0x7, 0xff,
    0xff, 0xff, 0xd0, 0x0, 0x0, 0x0, 0x0, 0x0,
    0x7f, 0xff, 0xff, 0xfd, 0x0, 0x0, 0x0, 0x0,
    0x0, 0x7, 0xff, 0xff, 0xff, 0xd0, 0x0, 0x0,
    0x0, 0x0, 0x0, 0x7f, 0xff, 0xff, 0xfd, 0x0,
    0x0, 0x0, 0x0, 0x0, 0x7, 0xff, 0xff, 0xff,
    0xd0, 0x0, 0x0, 0x0, 0x0, 0x0, 0x7f, 0xff,
    0xff, 0xfd, 0x0, 0x0, 0x0, 0x0, 0x0, 0x7,
    0xff, 0xff, 0xff, 0xd0, 0x0, 0x0, 0x0, 0x0,
    0x0, 0x7f, 0xff, 0xff, 0xfd, 0x0, 0x0, 0x0,
    0x0, 0x0, 0x7, 0xff, 0xff, 0xff, 0xd0, 0x0,
    0x0, 0x0, 0x0, 0x0, 0x7f, 0xff, 0xff, 0xff,
    0xff, 0xff, 0xff, 0xff, 0xff, 0xff, 0xff, 0xff,
    0xff, 0xff, 0xff, 0xff, 0xff, 0xff, 0xff, 0xff,
    0xff, 0xff, 0xff, 0xff, 0xff, 0xff, 0xff, 0xff,
    0xff, 0xff, 0xff, 0xff, 0xff, 0xff, 0xff, 0xff,
    0xff, 0xff, 0xff, 0xff, 0xff, 0xff, 0xff, 0xff,
    0xff, 0xff, 0xff, 0xff, 0xff, 0xff, 0xff, 0xff,
    0xff, 0xff, 0xff, 0xff, 0xff, 0xff, 0xff, 0xff,
    0xfd, 0x0, 0x0, 0x0, 0x0, 0x0, 0x7, 0xff,
    0xff, 0xff, 0xd0, 0x0, 0x0, 0x0, 0x0, 0x0,
    0x7f, 0xff, 0xff, 0xfd, 0x0, 0x0, 0x0, 0x0,
    0x0, 0x7, 0xff, 0xff, 0xff, 0xd0, 0x0, 0x0,
    0x0, 0x0, 0x0, 0x7f, 0xff, 0xff, 0xfd, 0x0,
    0x0, 0x0, 0x0, 0x0, 0x7, 0xff, 0xff, 0xff,
    0xd0, 0x0, 0x0, 0x0, 0x0, 0x0, 0x7f, 0xff,
    0xff, 0xfd, 0x0, 0x0, 0x0, 0x0, 0x0, 0x7,
    0xff, 0xff, 0xff, 0xd0, 0x0, 0x0, 0x0, 0x0,
    0x0, 0x7f, 0xff, 0xff, 0xfd, 0x0, 0x0, 0x0,
    0x0, 0x0, 0x7, 0xff, 0xff, 0xff, 0xd0, 0x0,
    0x0, 0x0, 0x0, 0x0, 0x7f, 0xff, 0xff, 0xfd,
    0x0, 0x0, 0x0, 0x0, 0x0, 0x7, 0xff, 0xff,
    0xff, 0xd0, 0x0, 0x0, 0x0, 0x0, 0x0, 0x7f,
    0xff, 0xff, 0xfd, 0x0, 0x0, 0x0, 0x0, 0x0,
    0x7, 0xff, 0xff, 0xff, 0xd0, 0x0, 0x0, 0x0,
    0x0, 0x0, 0x7f, 0xff, 0xff, 0xfd, 0x0, 0x0,
    0x0, 0x0, 0x0, 0x7, 0xff, 0xff, 0xff, 0xd0,
    0x0, 0x0, 0x0, 0x0, 0x0, 0x7f, 0xff, 0xff,
    0xfd, 0x0, 0x0, 0x0, 0x0, 0x0, 0x7, 0xff,
    0xff, 0xff, 0xd0, 0x0, 0x0, 0x0, 0x0, 0x0,
    0x7f, 0xff, 0xff, 0xfd, 0x0, 0x0, 0x0, 0x0,
    0x0, 0x7, 0xff, 0xff, 0xff, 0xd0, 0x0, 0x0,
    0x0, 0x0, 0x0, 0x7f, 0xff,

    /* U+0049 "I" */
    0xff, 0xfd, 0xff, 0xfd, 0xff, 0xfd, 0xff, 0xfd,
    0xff, 0xfd, 0xff, 0xfd, 0xff, 0xfd, 0xff, 0xfd,
    0xff, 0xfd, 0xff, 0xfd, 0xff, 0xfd, 0xff, 0xfd,
    0xff, 0xfd, 0xff, 0xfd, 0xff, 0xfd, 0xff, 0xfd,
    0xff, 0xfd, 0xff, 0xfd, 0xff, 0xfd, 0xff, 0xfd,
    0xff, 0xfd, 0xff, 0xfd, 0xff, 0xfd, 0xff, 0xfd,
    0xff, 0xfd, 0xff, 0xfd, 0xff, 0xfd, 0xff, 0xfd,
    0xff, 0xfd, 0xff, 0xfd, 0xff, 0xfd, 0xff, 0xfd,
    0xff, 0xfd, 0xff, 0xfd, 0xff, 0xfd, 0xff, 0xfd,
    0xff, 0xfd, 0xff, 0xfd, 0xff, 0xfd, 0xff, 0xfd,
    0xff, 0xfd, 0xff, 0xfd, 0xff, 0xfd, 0xff, 0xfd,
    0xff, 0xfd, 0xff, 0xfd,

    /* U+004A "J" */
    0x0, 0x0, 0x0, 0x0, 0x0, 0xa, 0xaa, 0x80,
    0x0, 0x0, 0x0, 0x0, 0x7, 0xff, 0xf0, 0x0,
    0x0, 0x0, 0x0, 0x1, 0xff, 0xfc, 0x0, 0x0,
    0x0, 0x0, 0x0, 0x7f, 0xff, 0x0, 0x0, 0x0,
    0x0, 0x0, 0x1f, 0xff, 0xc0, 0x0, 0x0, 0x0,
    0x0, 0x7, 0xff, 0xf0, 0x0, 0x0, 0x0, 0x0,
    0x1, 0xff, 0xfc, 0x0, 0x0, 0x0, 0x0, 0x0,
    0x7f, 0xff, 0x0, 0x0, 0x0, 0x0, 0x0, 0x1f,
    0xff, 0xc0, 0x0, 0x0, 0x0, 0x0, 0x7, 0xff,
    0xf0, 0x0, 0x0, 0x0, 0x0, 0x1, 0xff, 0xfc,
    0x0, 0x0, 0x0, 0x0, 0x0, 0x7f, 0xff, 0x0,
    0x0, 0x0, 0x0, 0x0, 0x1f, 0xff, 0xc0, 0x0,
    0x0, 0x0, 0x0, 0x7, 0xff, 0xf0, 0x0, 0x0,
    0x0, 0x0, 0x1, 0xff, 0xfc, 0x0, 0x0, 0x0,
    0x0, 0x0, 0x7f, 0xff, 0x0, 0x0, 0x0, 0x0,
    0x0, 0x1f, 0xff, 0xc0, 0x0, 0x0, 0x0, 0x0,
    0x7, 0xff, 0xf0, 0x0, 0x0, 0x0, 0x0, 0x1,
    0xff, 0xfc, 0x0, 0x0, 0x0, 0x0, 0x0, 0x7f,
    0xff, 0x0, 0x0, 0x0, 0x0, 0x0, 0x1f, 0xff,
    0xc0, 0x0, 0x0, 0x0, 0x0, 0x7, 0xff, 0xf0,
    0x0, 0x0, 0x0, 0x0, 0x1, 0xff, 0xfc, 0x0,
    0x0, 0x0, 0x0, 0x0, 0x7f, 0xff, 0x0, 0x0,
    0x0, 0x0, 0x0, 0x1f, 0xff, 0xc0, 0x0, 0x0,
    0x0, 0x0, 0x7, 0xff, 0xf0, 0x0, 0x0, 0x0,
    0x0, 0x1, 0xff, 0xfc, 0x0, 0x0, 0x0, 0x0,
    0x0, 0x7f, 0xff, 0x0, 0x0, 0x0, 0x0, 0x0,
    0x1f, 0xff, 0xc0, 0x0, 0x0, 0x0, 0x0, 0x7,
    0xff, 0xf0, 0x0, 0x0, 0x0, 0x0, 0x1, 0xff,
    0xff, 0xff, 0xf4, 0x0, 0x0, 0x0, 0x7f, 0xff,
    0xff, 0xfd, 0x0, 0x0, 0x0, 0x2f, 0xff, 0xff,
    0xff, 0x40, 0x0, 0x0, 0xb, 0xff, 0xff, 0xff,
    0xe0, 0x0, 0x0, 0x3, 0xff, 0xff, 0xff, 0xfc,
    0x0, 0x0, 0x0, 0xff, 0xfe, 0xbf, 0xff, 0x0,
    0x0, 0x0, 0x7f, 0xff, 0x9f, 0xff, 0xe0, 0x0,
    0x0, 0x3f, 0xff, 0xd3, 0xff, 0xfe, 0x0, 0x0,
    0x3f, 0xff, 0xf0, 0xbf, 0xff, 0xf4, 0x1, 0xbf,
    0xff, 0xf8, 0xf, 0xff, 0xff, 0xff, 0xff, 0xff,
    0xfd, 0x2, 0xff, 0xff, 0xff, 0xff, 0xff, 0xfe,
    0x0, 0x3f, 0xff, 0xff, 0xff, 0xff, 0xff, 0x0,
    0x3, 0xff, 0xff, 0xff, 0xff, 0xff, 0x0, 0x0,
    0x2f, 0xff, 0xff, 0xff, 0xff, 0x0, 0x0, 0x0,
    0xbf, 0xff, 0xff, 0xfd, 0x0, 0x0, 0x0, 0x1,
    0xbf, 0xff, 0x90, 0x0, 0x0,

    /* U+004B "K" */
    0xff, 0xfd, 0x0, 0x0, 0x0, 0x0, 0x0, 0xff,
    0xff, 0xe0, 0xf, 0xff, 0xd0, 0x0, 0x0, 0x0,
    0x0, 0x3f, 0xff, 0xf8, 0x0, 0xff, 0xfd, 0x0,
    0x0, 0x0, 0x0, 0xb, 0xff, 0xfe, 0x0, 0xf,
    0xff, 0xd0, 0x0, 0x0, 0x0, 0x2, 0xff, 0xff,
    0x80, 0x0, 0xff, 0xfd, 0x0, 0x0, 0x0, 0x0,
    0xbf, 0xff, 0xe0, 0x0, 0xf, 0xff, 0xd0, 0x0,
    0x0, 0x0, 0x2f, 0xff, 0xf8, 0x0, 0x0, 0xff,
    0xfd, 0x0, 0x0, 0x0, 0xb, 0xff, 0xfe, 0x0,
    0x0, 0xf, 0xff, 0xd0, 0x0, 0x0, 0x2, 0xff,
    0xff, 0x80, 0x0, 0x0, 0xff, 0xfd, 0x0, 0x0,
    0x0, 0xbf, 0xff, 0xd0, 0x0, 0x0, 0xf, 0xff,
    0xd0, 0x0, 0x0, 0x2f, 0xff, 0xf4, 0x0, 0x0,
    0x0, 0xff, 0xfd, 0x0, 0x0, 0xb, 0xff, 0xfd,
    0x0, 0x0, 0x0, 0xf, 0xff, 0xd0, 0x0, 0x2,
    0xff, 0xff, 0x40, 0x0, 0x0, 0x0, 0xff, 0xfd,
    0x0, 0x0, 0xbf, 0xff, 0xd0, 0x0, 0x0, 0x0,
    0xf, 0xff, 0xd0, 0x0, 0x2f, 0xff, 0xf4, 0x0,
    0x0, 0x0, 0x0, 0xff, 0xfd, 0x0, 0xb, 0xff,
    0xfd, 0x0, 0x0, 0x0, 0x0, 0xf, 0xff, 0xd0,
    0x1, 0xff, 0xff, 0x40, 0x0, 0x0, 0x0, 0x0,
    0xff, 0xfd, 0x0, 0x7f, 0xff, 0xd0, 0x0, 0x0,
    0x0, 0x0, 0xf, 0xff, 0xd0, 0x1f, 0xff, 0xf4,
    0x0, 0x0, 0x0, 0x0, 0x0, 0xff, 0xfd, 0x7,
    0xff, 0xfd, 0x0, 0x0, 0x0, 0x0, 0x0, 0xf,
    0xff, 0xd1, 0xff, 0xff, 0x40, 0x0, 0x0, 0x0,
    0x0, 0x0, 0xff, 0xfd, 0x7f, 0xff, 0xf8, 0x0,
    0x0, 0x0, 0x0, 0x0, 0xf, 0xff, 0xff, 0xff,
    0xff, 0xe0, 0x0, 0x0, 0x0, 0x0, 0x0, 0xff,
    0xff, 0xff, 0xff, 0xff, 0x40, 0x0, 0x0, 0x0,
    0x0, 0xf, 0xff, 0xff, 0xff, 0xff, 0xfd, 0x0,
    0x0, 0x0, 0x0, 0x0, 0xff, 0xff, 0xff, 0xff,
    0xff, 0xf4, 0x0, 0x0, 0x0, 0x0, 0xf, 0xff,
    0xff, 0xf1, 0xff, 0xff, 0xc0, 0x0, 0x0, 0x0,
    0x0, 0xff, 0xff, 0xfc, 0x7, 0xff, 0xff, 0x0,
    0x0, 0x0, 0x0, 0xf, 0xff, 0xff, 0x0, 0x2f,
    0xff, 0xfc, 0x0, 0x0, 0x0, 0x0, 0xff, 0xff,
    0xc0, 0x0, 0xff, 0xff, 0xe0, 0x0, 0x0, 0x0,
    0xf, 0xff, 0xf0, 0x0, 0x3, 0xff, 0xff, 0x80,
    0x0, 0x0, 0x0, 0xff, 0xfd, 0x0, 0x0, 0xf,
    0xff, 0xfe, 0x0, 0x0, 0x0, 0xf, 0xff, 0xd0,
    0x0, 0x0, 0x7f, 0xff, 0xf4, 0x0, 0x0, 0x0,
    0xff, 0xfd, 0x0, 0x0, 0x1, 0xff, 0xff, 0xd0,
    0x0, 0x0, 0xf, 0xff, 0xd0, 0x0, 0x0, 0xb,
    0xff, 0xff, 0x0, 0x0, 0x0, 0xff, 0xfd, 0x0,
    0x0, 0x0, 0x2f, 0xff, 0xfc, 0x0, 0x0, 0xf,
    0xff, 0xd0, 0x0, 0x0, 0x0, 0xff, 0xff, 0xf0,
    0x0, 0x0, 0xff, 0xfd, 0x0, 0x0, 0x0, 0x3,
    0xff, 0xff, 0xc0, 0x0, 0xf, 0xff, 0xd0, 0x0,
    0x0, 0x0, 0xf, 0xff, 0xfe, 0x0, 0x0, 0xff,
    0xfd, 0x0, 0x0, 0x0, 0x0, 0x7f, 0xff, 0xf8,
    0x0, 0xf, 0xff, 0xd0, 0x0, 0x0, 0x0, 0x1,
    0xff, 0xff, 0xd0, 0x0, 0xff, 0xfd, 0x0, 0x0,
    0x0, 0x0, 0xb, 0xff, 0xff, 0x40, 0xf, 0xff,
    0xd0, 0x0, 0x0, 0x0, 0x0, 0x3f, 0xff, 0xfc,
    0x0, 0xff, 0xfd, 0x0, 0x0, 0x0, 0x0, 0x0,
    0xff, 0xff, 0xf0, 0xf, 0xff, 0xd0, 0x0, 0x0,
    0x0, 0x0, 0x3, 0xff, 0xff, 0xc0, 0xff, 0xfd,
    0x0, 0x0, 0x0, 0x0, 0x0, 0x1f, 0xff, 0xff,
    0xf, 0xff, 0xd0, 0x0, 0x0, 0x0, 0x0, 0x0,
    0x7f, 0xff, 0xf8,

    /* U+004C "L" */
    0xaa, 0xa8, 0x0, 0x0, 0x0, 0x0, 0x0, 0x0,
    0xff, 0xfd, 0x0, 0x0, 0x0, 0x0, 0x0, 0x0,
    0xff, 0xfd, 0x0, 0x0, 0x0, 0x0, 0x0, 0x0,
    0xff, 0xfd, 0x0, 0x0, 0x0, 0x0, 0x0, 0x0,
    0xff, 0xfd, 0x0, 0x0, 0x0, 0x0, 0x0, 0x0,
    0xff, 0xfd, 0x0, 0x0, 0x0, 0x0, 0x0, 0x0,
    0xff, 0xfd, 0x0, 0x0, 0x0, 0x0, 0x0, 0x0,
    0xff, 0xfd, 0x0, 0x0, 0x0, 0x0, 0x0, 0x0,
    0xff, 0xfd, 0x0, 0x0, 0x0, 0x0, 0x0, 0x0,
    0xff, 0xfd, 0x0, 0x0, 0x0, 0x0, 0x0, 0x0,
    0xff, 0xfd, 0x0, 0x0, 0x0, 0x0, 0x0, 0x0,
    0xff, 0xfd, 0x0, 0x0, 0x0, 0x0, 0x0, 0x0,
    0xff, 0xfd, 0x0, 0x0, 0x0, 0x0, 0x0, 0x0,
    0xff, 0xfd, 0x0, 0x0, 0x0, 0x0, 0x0, 0x0,
    0xff, 0xfd, 0x0, 0x0, 0x0, 0x0, 0x0, 0x0,
    0xff, 0xfd, 0x0, 0x0, 0x0, 0x0, 0x0, 0x0,
    0xff, 0xfd, 0x0, 0x0, 0x0, 0x0, 0x0, 0x0,
    0xff, 0xfd, 0x0, 0x0, 0x0, 0x0, 0x0, 0x0,
    0xff, 0xfd, 0x0, 0x0, 0x0, 0x0, 0x0, 0x0,
    0xff, 0xfd, 0x0, 0x0, 0x0, 0x0, 0x0, 0x0,
    0xff, 0xfd, 0x0, 0x0, 0x0, 0x0, 0x0, 0x0,
    0xff, 0xfd, 0x0, 0x0, 0x0, 0x0, 0x0, 0x0,
    0xff, 0xfd, 0x0, 0x0, 0x0, 0x0, 0x0, 0x0,
    0xff, 0xfd, 0x0, 0x0, 0x0, 0x0, 0x0, 0x0,
    0xff, 0xfd, 0x0, 0x0, 0x0, 0x0, 0x0, 0x0,
    0xff, 0xfd, 0x0, 0x0, 0x0, 0x0, 0x0, 0x0,
    0xff, 0xfd, 0x0, 0x0, 0x0, 0x0, 0x0, 0x0,
    0xff, 0xfd, 0x0, 0x0, 0x0, 0x0, 0x0, 0x0,
    0xff, 0xfd, 0x0, 0x0, 0x0, 0x0, 0x0, 0x0,
    0xff, 0xfd, 0x0, 0x0, 0x0, 0x0, 0x0, 0x0,
    0xff, 0xfd, 0x0, 0x0, 0x0, 0x0, 0x0, 0x0,
    0xff, 0xfd, 0x0, 0x0, 0x0, 0x0, 0x0, 0x0,
    0xff, 0xfd, 0x0, 0x0, 0x0, 0x0, 0x0, 0x0,
    0xff, 0xfd, 0x0, 0x0, 0x0, 0x0, 0x0, 0x0,
    0xff, 0xfd, 0x0, 0x0, 0x0, 0x0, 0x0, 0x0,
    0xff, 0xfd, 0x0, 0x0, 0x0, 0x0, 0x0, 0x0,
    0xff, 0xfd, 0x0, 0x0, 0x0, 0x0, 0x0, 0x0,
    0xff, 0xfd, 0x0, 0x0, 0x0, 0x0, 0x0, 0x0,
    0xff, 0xfd, 0x0, 0x0, 0x0, 0x0, 0x0, 0x0,
    0xff, 0xfd, 0x0, 0x0, 0x0, 0x0, 0x0, 0x0,
    0xff, 0xff, 0xff, 0xff, 0xff, 0xff, 0xff, 0xff,
    0xff, 0xff, 0xff, 0xff, 0xff, 0xff, 0xff, 0xff,
    0xff, 0xff, 0xff, 0xff, 0xff, 0xff, 0xff, 0xff,
    0xff, 0xff, 0xff, 0xff, 0xff, 0xff, 0xff, 0xff,
    0xff, 0xff, 0xff, 0xff, 0xff, 0xff, 0xff, 0xff,
    0xff, 0xff, 0xff, 0xff, 0xff, 0xff, 0xff, 0xff,

    /* U+004D "M" */
    0xff, 0xff, 0xc0, 0x0, 0x0, 0x0, 0x0, 0x0,
    0x0, 0x0, 0xff, 0xff, 0xff, 0xff, 0xf0, 0x0,
    0x0, 0x0, 0x0, 0x0, 0x0, 0x0, 0x7f, 0xff,
    0xff, 0xff, 0xfe, 0x0, 0x0, 0x0, 0x0, 0x0,
    0x0, 0x0, 0x3f, 0xff, 0xff, 0xff, 0xff, 0xc0,
    0x0, 0x0, 0x0, 0x0, 0x0, 0x0, 0xf, 0xff,
    0xff, 0xff, 0xff, 0xf8, 0x0, 0x0, 0x0, 0x0,
    0x0, 0x0, 0xb, 0xff, 0xff, 0xff, 0xff, 0xff,
    0x0, 0x0, 0x0, 0x0, 0x0, 0x0, 0x3, 0xff,
    0xff, 0xff, 0xff, 0xff, 0xd0, 0x0, 0x0, 0x0,
    0x0, 0x0, 0x2, 0xff, 0xff, 0xff, 0xff, 0xff,
    0xfc, 0x0, 0x0, 0x0, 0x0, 0x0, 0x0, 0xff,
    0xff, 0xff, 0xff, 0xff, 0xff, 0x40, 0x0, 0x0,
    0x0, 0x0, 0x0, 0x7f, 0xff, 0xff, 0xff, 0xff,
    0xff, 0xe0, 0x0, 0x0, 0x0, 0x0, 0x0, 0x3f,
    0xff, 0xff, 0xff, 0xff, 0xff, 0xfc, 0x0, 0x0,
    0x0, 0x0, 0x0, 0x1f, 0xff, 0xff, 0xff, 0xff,
    0xff, 0xff, 0x80, 0x0, 0x0, 0x0, 0x0, 0xb,
    0xff, 0xff, 0xff, 0xff, 0xff, 0xff, 0xf0, 0x0,
    0x0, 0x0, 0x0, 0x3, 0xff, 0xff, 0xff, 0xff,
    0xff, 0xff, 0xfd, 0x0, 0x0, 0x0, 0x0, 0x2,
    0xff, 0xff, 0xff, 0xff, 0xff, 0xff, 0xff, 0xc0,
    0x0, 0x0, 0x0, 0x0, 0xff, 0xfe, 0xff, 0xff,
    0xff, 0xfb, 0xff, 0xf4, 0x0, 0x0, 0x0, 0x0,
    0x7f, 0xff, 0x7f, 0xff, 0xff, 0xfd, 0xbf, 0xff,
    0x0, 0x0, 0x0, 0x0, 0x3f, 0xff, 0x5f, 0xff,
    0xff, 0xff, 0x4f, 0xff, 0xc0, 0x0, 0x0, 0x0,
    0x1f, 0xff, 0xc7, 0xff, 0xff, 0xff, 0xd3, 0xff,
    0xf8, 0x0, 0x0, 0x0, 0xf, 0xff, 0xe1, 0xff,
    0xff, 0xff, 0xf4, 0x7f, 0xff, 0x0, 0x0, 0x0,
    0x3, 0xff, 0xf0, 0x7f, 0xff, 0xff, 0xfd, 0xf,
    0xff, 0xe0, 0x0, 0x0, 0x2, 0xff, 0xf8, 0x1f,
    0xff, 0xff, 0xff, 0x41, 0xff, 0xfc, 0x0, 0x0,
    0x0, 0xff, 0xfc, 0x7, 0xff, 0xff, 0xff, 0xd0,
    0x3f, 0xff, 0x40, 0x0, 0x0, 0x7f, 0xff, 0x1,
    0xff, 0xff, 0xff, 0xf4, 0xb, 0xff, 0xf0, 0x0,
    0x0, 0x3f, 0xff, 0x40, 0x7f, 0xff, 0xff, 0xfd,
    0x0, 0xff, 0xfd, 0x0, 0x0, 0x1f, 0xff, 0xc0,
    0x1f, 0xff, 0xff, 0xff, 0x40, 0x2f, 0xff, 0x80,
    0x0, 0xf, 0xff, 0xe0, 0x7, 0xff, 0xff, 0xff,
    0xd0, 0x7, 0xff, 0xf0, 0x0, 0x3, 0xff, 0xf0,
    0x1, 0xff, 0xff, 0xff, 0xf4, 0x0, 0xff, 0xfe,
    0x0, 0x2, 0xff, 0xf8, 0x0, 0x7f, 0xff, 0xff,
    0xfd, 0x0, 0x1f, 0xff, 0xc0, 0x0, 0xff, 0xfc,
    0x0, 0x1f, 0xff, 0xff, 0xff, 0x40, 0x3, 0xff,
    0xf4, 0x0, 0xbf, 0xff, 0x0, 0x7, 0xff, 0xff,
    0xff, 0xd0, 0x0, 0xbf, 0xff, 0x0, 0x3f, 0xff,
    0x40, 0x1, 0xff, 0xff, 0xff, 0xf4, 0x0, 0xf,
    0xff, 0xd0, 0x1f, 0xff, 0xc0, 0x0, 0x7f, 0xff,
    0xff, 0xfd, 0x0, 0x2, 0xff, 0xfc, 0xf, 0xff,
    0xd0, 0x0, 0x1f, 0xff, 0xff, 0xff, 0x40, 0x0,
    0x7f, 0xff, 0x7, 0xff, 0xf0, 0x0, 0x7, 0xff,
    0xff, 0xff, 0xd0, 0x0, 0xf, 0xff, 0xe2, 0xff,
    0xf8, 0x0, 0x1, 0xff, 0xff, 0xff, 0xf4, 0x0,
    0x1, 0xff, 0xfd, 0xff, 0xfc, 0x0, 0x0, 0x7f,
    0xff, 0xff, 0xfd, 0x0, 0x0, 0x3f, 0xff, 0xff,
    0xff, 0x0, 0x0, 0x1f, 0xff, 0xff, 0xff, 0x40,
    0x0, 0xb, 0xff, 0xff, 0xff, 0x40, 0x0, 0x7,
    0xff, 0xff, 0xff, 0xd0, 0x0, 0x0, 0xff, 0xff,
    0xff, 0xc0, 0x0, 0x1, 0xff, 0xff, 0xff, 0xf4,
    0x0, 0x0, 0x2f, 0xff, 0xff, 0xd0, 0x0, 0x0,
    0x7f, 0xff, 0xff, 0xfd, 0x0, 0x0, 0x3, 0xff,
    0xff, 0xf0, 0x0, 0x0, 0x1f, 0xff, 0xff, 0xff,
    0x40, 0x0, 0x0, 0xff, 0xff, 0xf8, 0x0, 0x0,
    0x7, 0xff, 0xff, 0xff, 0xd0, 0x0, 0x0, 0x1f,
    0xff, 0xfc, 0x0, 0x0, 0x1, 0xff, 0xff, 0xff,
    0xf4, 0x0, 0x0, 0x3, 0xff, 0xff, 0x0, 0x0,
    0x0, 0x7f, 0xff, 0xff, 0xfd, 0x0, 0x0, 0x0,
    0x7f, 0xff, 0x40, 0x0, 0x0, 0x1f, 0xff, 0xff,
    0xff, 0x40, 0x0, 0x0, 0xf, 0xff, 0xc0, 0x0,
    0x0, 0x7, 0xff, 0xf0,

    /* U+004E "N" */
    0xff, 0xfe, 0x0, 0x0, 0x0, 0x0, 0x0, 0x7,
    0xff, 0xff, 0xff, 0xf4, 0x0, 0x0, 0x0, 0x0,
    0x0, 0x7f, 0xff, 0xff, 0xff, 0xc0, 0x0, 0x0,
    0x0, 0x0, 0x7, 0xff, 0xff, 0xff, 0xfe, 0x0,
    0x0, 0x0, 0x0, 0x0, 0x7f, 0xff, 0xff, 0xff,
    0xf4, 0x0, 0x0, 0x0, 0x0, 0x7, 0xff, 0xff,
    0xff, 0xff, 0xc0, 0x0, 0x0, 0x0, 0x0, 0x7f,
    0xff, 0xff, 0xff, 0xff, 0x0, 0x0, 0x0, 0x0,
    0x7, 0xff, 0xff, 0xff, 0xff, 0xf8, 0x0, 0x0,
    0x0, 0x0, 0x7f, 0xff, 0xff, 0xff, 0xff, 0xd0,
    0x0, 0x0, 0x0, 0x7, 0xff, 0xff, 0xff, 0xff,
    0xff, 0x0, 0x0, 0x0, 0x0, 0x7f, 0xff, 0xff,
    0xff, 0xff, 0xf8, 0x0, 0x0, 0x0, 0x7, 0xff,
    0xff, 0xff, 0xff, 0xff, 0xd0, 0x0, 0x0, 0x0,
    0x7f, 0xff, 0xff, 0xff, 0xff, 0xff, 0x0, 0x0,
    0x0, 0x7, 0xff, 0xff, 0xff, 0xdf, 0xff, 0xfc,
    0x0, 0x0, 0x0, 0x7f, 0xff, 0xff, 0xfd, 0x3f,
    0xff, 0xd0, 0x0, 0x0, 0x7, 0xff, 0xff, 0xff,
    0xd1, 0xff, 0xff, 0x0, 0x0, 0x0, 0x7f, 0xff,
    0xff, 0xfd, 0xb, 0xff, 0xfc, 0x0, 0x0, 0x7,
    0xff, 0xff, 0xff, 0xd0, 0x3f, 0xff, 0xe0, 0x0,
    0x0, 0x7f, 0xff, 0xff, 0xfd, 0x1, 0xff, 0xff,
    0x40, 0x0, 0x7, 0xff, 0xff, 0xff, 0xd0, 0xb,
    0xff, 0xfc, 0x0, 0x0, 0x7f, 0xff, 0xff, 0xfd,
    0x0, 0x3f, 0xff, 0xe0, 0x0, 0x7, 0xff, 0xff,
    0xff, 0xd0, 0x0, 0xff, 0xff, 0x40, 0x0, 0x7f,
    0xff, 0xff, 0xfd, 0x0, 0x7, 0xff, 0xfc, 0x0,
    0x7, 0xff, 0xff, 0xff, 0xd0, 0x0, 0x3f, 0xff,
    0xf0, 0x0, 0x7f, 0xff, 0xff, 0xfd, 0x0, 0x0,
    0xff, 0xff, 0x40, 0x7, 0xff, 0xff, 0xff, 0xd0,
    0x0, 0x7, 0xff, 0xfc, 0x0, 0x7f, 0xff, 0xff,
    0xfd, 0x0, 0x0, 0x2f, 0xff, 0xf0, 0x7, 0xff,
    0xff, 0xff, 0xd0, 0x0, 0x0, 0xff, 0xff, 0x80,
    0x7f, 0xff, 0xff, 0xfd, 0x0, 0x0, 0x7, 0xff,
    0xfd, 0x7, 0xff, 0xff, 0xff, 0xd0, 0x0, 0x0,
    0x2f, 0xff, 0xf0, 0x7f, 0xff, 0xff, 0xfd, 0x0,
    0x0, 0x0, 0xff, 0xff, 0x87, 0xff, 0xff, 0xff,
    0xd0, 0x0, 0x0, 0x3, 0xff, 0xfd, 0x7f, 0xff,
    0xff, 0xfd, 0x0, 0x0, 0x0, 0x1f, 0xff, 0xfb,
    0xff, 0xff, 0xff, 0xd0, 0x0, 0x0, 0x0, 0xff,
    0xff, 0xff, 0xff, 0xff, 0xfd, 0x0, 0x0, 0x0,
    0x3, 0xff, 0xff, 0xff, 0xff, 0xff, 0xd0, 0x0,
    0x0, 0x0, 0x1f, 0xff, 0xff, 0xff, 0xff, 0xfd,
    0x0, 0x0, 0x0, 0x0, 0xbf, 0xff, 0xff, 0xff,
    0xff, 0xd0, 0x0, 0x0, 0x0, 0x3, 0xff, 0xff,
    0xff, 0xff, 0xfd, 0x0, 0x0, 0x0, 0x0, 0x1f,
    0xff, 0xff, 0xff, 0xff, 0xd0, 0x0, 0x0, 0x0,
    0x0, 0xbf, 0xff, 0xff, 0xff, 0xfd, 0x0, 0x0,
    0x0, 0x0, 0x3, 0xff, 0xff, 0xff, 0xff, 0xd0,
    0x0, 0x0, 0x0, 0x0, 0xf, 0xff, 0xff, 0xff,
    0xfd, 0x0, 0x0, 0x0, 0x0, 0x0, 0x7f, 0xff,
    0xff, 0xff, 0xd0, 0x0, 0x0, 0x0, 0x0, 0x3,
    0xff, 0xff, 0xff, 0xfd, 0x0, 0x0, 0x0, 0x0,
    0x0, 0xf, 0xff, 0xff, 0xff, 0xd0, 0x0, 0x0,
    0x0, 0x0, 0x0, 0x7f, 0xff,

    /* U+004F "O" */
    0x0, 0x0, 0x0, 0x0, 0x6b, 0xff, 0xf9, 0x0,
    0x0, 0x0, 0x0, 0x0, 0x0, 0x0, 0xb, 0xff,
    0xff, 0xff, 0xfe, 0x40, 0x0, 0x0, 0x0, 0x0,
    0x0, 0x2f, 0xff, 0xff, 0xff, 0xff, 0xfd, 0x0,
    0x0, 0x0, 0x0, 0x0, 0x7f, 0xff, 0xff, 0xff,
    0xff, 0xff, 0xe0, 0x0, 0x0, 0x0, 0x0, 0xbf,
    0xff, 0xff, 0xff, 0xff, 0xff, 0xff, 0x0, 0x0,
    0x0, 0x0, 0xff, 0xff, 0xff, 0xff, 0xff, 0xff,
    0xff, 0xf4, 0x0, 0x0, 0x0, 0xff, 0xff, 0xff,
    0xff, 0xff, 0xff, 0xff, 0xff, 0x40, 0x0, 0x0,
    0xff, 0xff, 0xff, 0x90, 0x0, 0x5f, 0xff, 0xff,
    0xf0, 0x0, 0x0, 0xbf, 0xff, 0xfd, 0x0, 0x0,
    0x0, 0x2f, 0xff, 0xff, 0x0, 0x0, 0x3f, 0xff,
    0xf8, 0x0, 0x0, 0x0, 0x0, 0xff, 0xff, 0xe0,
    0x0, 0x3f, 0xff, 0xf4, 0x0, 0x0, 0x0, 0x0,
    0xb, 0xff, 0xfc, 0x0, 0x1f, 0xff, 0xf4, 0x0,
    0x0, 0x0, 0x0, 0x0, 0xff, 0xff, 0xc0, 0xf,
    0xff, 0xf8, 0x0, 0x0, 0x0, 0x0, 0x0, 0xf,
    0xff, 0xf0, 0x3, 0xff, 0xfc, 0x0, 0x0, 0x0,
    0x0, 0x0, 0x1, 0xff, 0xfe, 0x2, 0xff, 0xfd,
    0x0, 0x0, 0x0, 0x0, 0x0, 0x0, 0x3f, 0xff,
    0xc0, 0xff, 0xff, 0x0, 0x0, 0x0, 0x0, 0x0,
    0x0, 0xb, 0xff, 0xf4, 0x3f, 0xff, 0x80, 0x0,
    0x0, 0x0, 0x0, 0x0, 0x0, 0xff, 0xfe, 0x1f,
    0xff, 0xd0, 0x0, 0x0, 0x0, 0x0, 0x0, 0x0,
    0x3f, 0xff, 0xcb, 0xff, 0xf0, 0x0, 0x0, 0x0,
    0x0, 0x0, 0x0, 0xb, 0xff, 0xf2, 0xff, 0xfc,
    0x0, 0x0, 0x0, 0x0, 0x0, 0x0, 0x1, 0xff,
    0xfc, 0xff, 0xfe, 0x0, 0x0, 0x0, 0x0, 0x0,
    0x0, 0x0, 0x3f, 0xff, 0x3f, 0xff, 0x80, 0x0,
    0x0, 0x0, 0x0, 0x0, 0x0, 0xf, 0xff, 0xdf,
    0xff, 0xe0, 0x0, 0x0, 0x0, 0x0, 0x0, 0x0,
    0x3, 0xff, 0xf7, 0xff, 0xf4, 0x0, 0x0, 0x0,
    0x0, 0x0, 0x0, 0x0, 0xff, 0xfd, 0xff, 0xfd,
    0x0, 0x0, 0x0, 0x0, 0x0, 0x0, 0x0, 0x3f,
    0xff, 0x7f, 0xff, 0x80, 0x0, 0x0, 0x0, 0x0,
    0x0, 0x0, 0xf, 0xff, 0xdf, 0xff, 0xe0, 0x0,
    0x0, 0x0, 0x0, 0x0, 0x0, 0x3, 0xff, 0xf7,
    0xff, 0xf8, 0x0, 0x0, 0x0, 0x0, 0x0, 0x0,
    0x0, 0xff, 0xfc, 0xbf, 0xff, 0x0, 0x0, 0x0,
    0x0, 0x0, 0x0, 0x0, 0x7f, 0xff, 0x2f, 0xff,
    0xc0, 0x0, 0x0, 0x0, 0x0, 0x0, 0x0, 0x2f,
    0xff, 0xc7, 0xff, 0xf0, 0x0, 0x0, 0x0, 0x0,
    0x0, 0x0, 0xf, 0xff, 0xf0, 0xff, 0xfe, 0x0,
    0x0, 0x0, 0x0, 0x0, 0x0, 0x3, 0xff, 0xf8,
    0x3f, 0xff, 0xc0, 0x0, 0x0, 0x0, 0x0, 0x0,
    0x2, 0xff, 0xfd, 0xb, 0xff, 0xf4, 0x0, 0x0,
    0x0, 0x0, 0x0, 0x0, 0xff, 0xff, 0x0, 0xff,
    0xff, 0x0, 0x0, 0x0, 0x0, 0x0, 0x0, 0x7f,
    0xff, 0x80, 0x3f, 0xff, 0xe0, 0x0, 0x0, 0x0,
    0x0, 0x0, 0x3f, 0xff, 0xd0, 0x7, 0xff, 0xfd,
    0x0, 0x0, 0x0, 0x0, 0x0, 0x3f, 0xff, 0xf0,
    0x0, 0xff, 0xff, 0xd0, 0x0, 0x0, 0x0, 0x0,
    0x2f, 0xff, 0xf4, 0x0, 0x1f, 0xff, 0xfe, 0x0,
    0x0, 0x0, 0x0, 0x3f, 0xff, 0xf8, 0x0, 0x2,
    0xff, 0xff, 0xf4, 0x0, 0x0, 0x0, 0xbf, 0xff,
    0xfc, 0x0, 0x0, 0x3f, 0xff, 0xff, 0xe4, 0x0,
    0x17, 0xff, 0xff, 0xfc, 0x0, 0x0, 0x3, 0xff,
    0xff, 0xff, 0xff, 0xff, 0xff, 0xff, 0xfd, 0x0,
    0x0, 0x0, 0x3f, 0xff, 0xff, 0xff, 0xff, 0xff,
    0xff, 0xfd, 0x0, 0x0, 0x0, 0x3, 0xff, 0xff,
    0xff, 0xff, 0xff, 0xff, 0xfd, 0x0, 0x0, 0x0,
    0x0, 0x1f, 0xff, 0xff, 0xff, 0xff, 0xff, 0xf8,
    0x0, 0x0, 0x0, 0x0, 0x0, 0xbf, 0xff, 0xff,
    0xff, 0xff, 0xf4, 0x0, 0x0, 0x0, 0x0, 0x0,
    0x2, 0xff, 0xff, 0xff, 0xff, 0x90, 0x0, 0x0,
    0x0, 0x0, 0x0, 0x0, 0x1, 0xaf, 0xff, 0xe5,
    0x0, 0x0, 0x0, 0x0,

    /* U+0050 "P" */
    0xff, 0xff, 0xff, 0xff, 0xff, 0xfe, 0x40, 0x0,
    0x0, 0xff, 0xff, 0xff, 0xff, 0xff, 0xff, 0xfe,
    0x0, 0x0, 0xff, 0xff, 0xff, 0xff, 0xff, 0xff,
    0xff, 0xe0, 0x0, 0xff, 0xff, 0xff, 0xff, 0xff,
    0xff, 0xff, 0xfd, 0x0, 0xff, 0xff, 0xff, 0xff,
    0xff, 0xff, 0xff, 0xff, 0x40, 0xff, 0xff, 0xff,
    0xff, 0xff, 0xff, 0xff, 0xff, 0xc0, 0xff, 0xfd,
    0x0, 0x0, 0x0, 0x17, 0xff, 0xff, 0xe0, 0xff,
    0xfd, 0x0, 0x0, 0x0, 0x0, 0x3f, 0xff, 0xf0,
    0xff, 0xfd, 0x0, 0x0, 0x0, 0x0, 0xb, 0xff,
    0xf8, 0xff, 0xfd, 0x0, 0x0, 0x0, 0x0, 0x3,
    0xff, 0xfc, 0xff, 0xfd, 0x0, 0x0, 0x0, 0x0,
    0x2, 0xff, 0xfc, 0xff, 0xfd, 0x0, 0x0, 0x0,
    0x0, 0x1, 0xff, 0xfd, 0xff, 0xfd, 0x0, 0x0,
    0x0, 0x0, 0x0, 0xff, 0xfd, 0xff, 0xfd, 0x0,
    0x0, 0x0, 0x0, 0x0, 0xff, 0xfd, 0xff, 0xfd,
    0x0, 0x0, 0x0, 0x0, 0x0, 0xff, 0xfd, 0xff,
    0xfd, 0x0, 0x0, 0x0, 0x0, 0x0, 0xff, 0xfd,
    0xff, 0xfd, 0x0, 0x0, 0x0, 0x0, 0x1, 0xff,
    0xfd, 0xff, 0xfd, 0x0, 0x0, 0x0, 0x0, 0x2,
    0xff, 0xfc, 0xff, 0xfd, 0x0, 0x0, 0x0, 0x0,
    0x3, 0xff, 0xfc, 0xff, 0xfd, 0x0, 0x0, 0x0,
    0x0, 0xb, 0xff, 0xf8, 0xff, 0xfd, 0x0, 0x0,
    0x0, 0x0, 0x2f, 0xff, 0xf0, 0xff, 0xfd, 0x0,
    0x0, 0x0, 0x6, 0xff, 0xff, 0xe0, 0xff, 0xff,
    0xff, 0xff, 0xff, 0xff, 0xff, 0xff, 0xc0, 0xff,
    0xff, 0xff, 0xff, 0xff, 0xff, 0xff, 0xff, 0x40,
    0xff, 0xff, 0xff, 0xff, 0xff, 0xff, 0xff, 0xfd,
    0x0, 0xff, 0xff, 0xff, 0xff, 0xff, 0xff, 0xff,
    0xe0, 0x0, 0xff, 0xff, 0xff, 0xff, 0xff, 0xff,
    0xfe, 0x0, 0x0, 0xff, 0xff, 0xff, 0xff, 0xff,
    0xfe, 0x50, 0x0, 0x0, 0xff, 0xfd, 0x0, 0x0,
    0x0, 0x0, 0x0, 0x0, 0x0, 0xff, 0xfd, 0x0,
    0x0, 0x0, 0x0, 0x0, 0x0, 0x0, 0xff, 0xfd,
    0x0, 0x0, 0x0, 0x0, 0x0, 0x0, 0x0, 0xff,
    0xfd, 0x0, 0x0, 0x0, 0x0, 0x0, 0x0, 0x0,
    0xff, 0xfd, 0x0, 0x0, 0x0, 0x0, 0x0, 0x0,
    0x0, 0xff, 0xfd, 0x0, 0x0, 0x0, 0x0, 0x0,
    0x0, 0x0, 0xff, 0xfd, 0x0, 0x0, 0x0, 0x0,
    0x0, 0x0, 0x0, 0xff, 0xfd, 0x0, 0x0, 0x0,
    0x0, 0x0, 0x0, 0x0, 0xff, 0xfd, 0x0, 0x0,
    0x0, 0x0, 0x0, 0x0, 0x0, 0xff, 0xfd, 0x0,
    0x0, 0x0, 0x0, 0x0, 0x0, 0x0, 0xff, 0xfd,
    0x0, 0x0, 0x0, 0x0, 0x0, 0x0, 0x0, 0xff,
    0xfd, 0x0, 0x0, 0x0, 0x0, 0x0, 0x0, 0x0,
    0xff, 0xfd, 0x0, 0x0, 0x0, 0x0, 0x0, 0x0,
    0x0, 0xff, 0xfd, 0x0, 0x0, 0x0, 0x0, 0x0,
    0x0, 0x0, 0xff, 0xfd, 0x0, 0x0, 0x0, 0x0,
    0x0, 0x0, 0x0, 0xff, 0xfd, 0x0, 0x0, 0x0,
    0x0, 0x0, 0x0, 0x0, 0xff, 0xfd, 0x0, 0x0,
    0x0, 0x0, 0x0, 0x0, 0x0, 0xaa, 0xa8, 0x0,
    0x0, 0x0, 0x0, 0x0, 0x0, 0x0,

    /* U+0051 "Q" */
    0x0, 0x0, 0x0, 0x0, 0x6b, 0xff, 0xf9, 0x40,
    0x0, 0x0, 0x0, 0x0, 0x0, 0x0, 0xb, 0xff,
    0xff, 0xff, 0xfe, 0x40, 0x0, 0x0, 0x0, 0x0,
    0x0, 0x2f, 0xff, 0xff, 0xff, 0xff, 0xfd, 0x0,
    0x0, 0x0, 0x0, 0x0, 0x7f, 0xff, 0xff, 0xff,
    0xff, 0xff, 0xe0, 0x0, 0x0, 0x0, 0x0, 0xbf,
    0xff, 0xff, 0xff, 0xff, 0xff, 0xff, 0x40, 0x0,
    0x0, 0x0, 0xff, 0xff, 0xff, 0xff, 0xff, 0xff,
    0xff, 0xf4, 0x0, 0x0, 0x0, 0xff, 0xff, 0xff,
    0xff, 0xff, 0xff, 0xff, 0xff, 0x40, 0x0, 0x0,
    0xff, 0xff, 0xff, 0x90, 0x0, 0x5f, 0xff, 0xff,
    0xf4, 0x0, 0x0, 0xbf, 0xff, 0xfd, 0x0, 0x0,
    0x0, 0x2f, 0xff, 0xff, 0x0, 0x0, 0x3f, 0xff,
    0xf8, 0x0, 0x0, 0x0, 0x0, 0xff, 0xff, 0xe0,
    0x0, 0x3f, 0xff, 0xf4, 0x0, 0x0, 0x0, 0x0,
    0xb, 0xff, 0xfd, 0x0, 0x1f, 0xff, 0xf4, 0x0,
    0x0, 0x0, 0x0, 0x0, 0xff, 0xff, 0xc0, 0xf,
    0xff, 0xf8, 0x0, 0x0, 0x0, 0x0, 0x0, 0xf,
    0xff, 0xf4, 0x3, 0xff, 0xfc, 0x0, 0x0, 0x0,
    0x0, 0x0, 0x1, 0xff, 0xfe, 0x2, 0xff, 0xfd,
    0x0, 0x0, 0x0, 0x0, 0x0, 0x0, 0x3f, 0xff,
    0xc0, 0xff, 0xff, 0x0, 0x0, 0x0, 0x0, 0x0,
    0x0, 0xb, 0xff, 0xf4, 0x3f, 0xff, 0x80, 0x0,
    0x0, 0x0, 0x0, 0x0, 0x0, 0xff, 0xfe, 0x1f,
    0xff, 0xd0, 0x0, 0x0, 0x0, 0x0, 0x0, 0x0,
    0x3f, 0xff, 0xcb, 0xff, 0xf0, 0x0, 0x0, 0x0,
    0x0, 0x0, 0x0, 0xb, 0xff, 0xf2, 0xff, 0xfc,
    0x0, 0x0, 0x0, 0x0, 0x0, 0x0, 0x1, 0xff,
    0xfc, 0xff, 0xfe, 0x0, 0x0, 0x0, 0x0, 0x0,
    0x0, 0x0, 0x3f, 0xff, 0x3f, 0xff, 0x80, 0x0,
    0x0, 0x0, 0x0, 0x0, 0x0, 0xf, 0xff, 0xdf,
    0xff, 0xe0, 0x0, 0x0, 0x0, 0x0, 0x0, 0x0,
    0x3, 0xff, 0xf7, 0xff, 0xf4, 0x0, 0x0, 0x0,
    0x0, 0x0, 0x0, 0x0, 0xff, 0xfd, 0xff, 0xfd,
    0x0, 0x0, 0x0, 0x0, 0x0, 0x0, 0x0, 0x3f,
    0xff, 0x7f, 0xff, 0x80, 0x0, 0x0, 0x0, 0x0,
    0x0, 0x0, 0xf, 0xff, 0xdf, 0xff, 0xe0, 0x0,
    0x0, 0x0, 0x0, 0x0, 0x0, 0x3, 0xff, 0xf7,
    0xff, 0xf8, 0x0, 0x0, 0x0, 0x0, 0x0, 0x0,
    0x0, 0xff, 0xfc, 0xbf, 0xff, 0x0, 0x0, 0x0,
    0x0, 0x7, 0x80, 0x0, 0x7f, 0xff, 0x2f, 0xff,
    0xc0, 0x0, 0x0, 0x0, 0x7, 0xf8, 0x0, 0x2f,
    0xff, 0xc7, 0xff, 0xf0, 0x0, 0x0, 0x0, 0x7,
    0xff, 0x40, 0xf, 0xff, 0xf0, 0xff, 0xfe, 0x0,
    0x0, 0x0, 0x7, 0xff, 0xf4, 0x3, 0xff, 0xf8,
    0x3f, 0xff, 0xc0, 0x0, 0x0, 0x0, 0xff, 0xff,
    0x41, 0xff, 0xfd, 0xb, 0xff, 0xf4, 0x0, 0x0,
    0x0, 0xf, 0xff, 0xf0, 0xff, 0xff, 0x0, 0xff,
    0xff, 0x0, 0x0, 0x0, 0x0, 0xff, 0xff, 0xbf,
    0xff, 0x80, 0x3f, 0xff, 0xe0, 0x0, 0x0, 0x0,
    0xf, 0xff, 0xff, 0xff, 0xc0, 0x7, 0xff, 0xfd,
    0x0, 0x0, 0x0, 0x1, 0xff, 0xff, 0xff, 0xe0,
    0x0, 0xff, 0xff, 0xd0, 0x0, 0x0, 0x0, 0x1f,
    0xff, 0xff, 0xf0, 0x0, 0xf, 0xff, 0xfe, 0x0,
    0x0, 0x0, 0x2, 0xff, 0xff, 0xf8, 0x0, 0x2,
    0xff, 0xff, 0xf4, 0x0, 0x0, 0x0, 0xbf, 0xff,
    0xfc, 0x0, 0x0, 0x3f, 0xff, 0xff, 0xe4, 0x0,
    0x1b, 0xff, 0xff, 0xfd, 0x0, 0x0, 0x3, 0xff,
    0xff, 0xff, 0xff, 0xff, 0xff, 0xff, 0xff, 0x80,
    0x0, 0x0, 0x3f, 0xff, 0xff, 0xff, 0xff, 0xff,
    0xff, 0xff, 0xf4, 0x0, 0x0, 0x2, 0xff, 0xff,
    0xff, 0xff, 0xff, 0xff, 0xff, 0xff, 0x0, 0x0,
    0x0, 0x1f, 0xff, 0xff, 0xff, 0xff, 0xff, 0xff,
    0xff, 0xf0, 0x0, 0x0, 0x0, 0xbf, 0xff, 0xff,
    0xff, 0xff, 0xf5, 0xff, 0xfe, 0x0, 0x0, 0x0,
    0x2, 0xff, 0xff, 0xff, 0xff, 0x80, 0x2f, 0xff,
    0xc0, 0x0, 0x0, 0x0, 0x1, 0xaf, 0xff, 0xe4,
    0x0, 0x3, 0xff, 0xfc, 0x0, 0x0, 0x0, 0x0,
    0x0, 0x0, 0x0, 0x0, 0x0, 0x3f, 0xfd, 0x0,
    0x0, 0x0, 0x0, 0x0, 0x0, 0x0, 0x0, 0x0,
    0xb, 0xfd, 0x0, 0x0, 0x0, 0x0, 0x0, 0x0,
    0x0, 0x0, 0x0, 0x0, 0xfc, 0x0, 0x0, 0x0,
    0x0, 0x0, 0x0, 0x0, 0x0, 0x0, 0x0, 0xc,
    0x0, 0x0, 0x0, 0x0, 0x0, 0x0, 0x0, 0x0,
    0x0, 0x0, 0x0, 0x0, 0x0,

    /* U+0052 "R" */
    0xff, 0xff, 0xff, 0xff, 0xff, 0xfe, 0x90, 0x0,
    0x0, 0xf, 0xff, 0xff, 0xff, 0xff, 0xff, 0xff,
    0xf4, 0x0, 0x0, 0xff, 0xff, 0xff, 0xff, 0xff,
    0xff, 0xff, 0xf0, 0x0, 0xf, 0xff, 0xff, 0xff,
    0xff, 0xff, 0xff, 0xff, 0xd0, 0x0, 0xff, 0xff,
    0xff, 0xff, 0xff, 0xff, 0xff, 0xff, 0x40, 0xf,
    0xff, 0xff, 0xff, 0xff, 0xff, 0xff, 0xff, 0xfd,
    0x0, 0xff, 0xfd, 0x0, 0x0, 0x0, 0x6, 0xff,
    0xff, 0xf0, 0xf, 0xff, 0xd0, 0x0, 0x0, 0x0,
    0x1, 0xff, 0xff, 0x40, 0xff, 0xfd, 0x0, 0x0,
    0x0, 0x0, 0x7, 0xff, 0xf8, 0xf, 0xff, 0xd0,
    0x0, 0x0, 0x0, 0x0, 0x3f, 0xff, 0xc0, 0xff,
    0xfd, 0x0, 0x0, 0x0, 0x0, 0x1, 0xff, 0xfc,
    0xf, 0xff, 0xd0, 0x0, 0x0, 0x0, 0x0, 0xf,
    0xff, 0xd0, 0xff, 0xfd, 0x0, 0x0, 0x0, 0x0,
    0x0, 0xff, 0xfd, 0xf, 0xff, 0xd0, 0x0, 0x0,
    0x0, 0x0, 0xf, 0xff, 0xd0, 0xff, 0xfd, 0x0,
    0x0, 0x0, 0x0, 0x0, 0xff, 0xfd, 0xf, 0xff,
    0xd0, 0x0, 0x0, 0x0, 0x0, 0xf, 0xff, 0xc0,
    0xff, 0xfd, 0x0, 0x0, 0x0, 0x0, 0x1, 0xff,
    0xfc, 0xf, 0xff, 0xd0, 0x0, 0x0, 0x0, 0x0,
    0x3f, 0xff, 0x80, 0xff, 0xfd, 0x0, 0x0, 0x0,
    0x0, 0xb, 0xff, 0xf0, 0xf, 0xff, 0xd0, 0x0,
    0x0, 0x0, 0x2, 0xff, 0xfe, 0x0, 0xff, 0xfd,
    0x0, 0x0, 0x0, 0x6, 0xff, 0xff, 0xc0, 0xf,
    0xff, 0xff, 0xff, 0xff, 0xff, 0xff, 0xff, 0xf0,
    0x0, 0xff, 0xff, 0xff, 0xff, 0xff, 0xff, 0xff,
    0xf8, 0x0, 0xf, 0xff, 0xff, 0xff, 0xff, 0xff,
    0xff, 0xf4, 0x0, 0x0, 0xff, 0xff, 0xff, 0xff,
    0xff, 0xff, 0xff, 0xe0, 0x0, 0xf, 0xff, 0xff,
    0xff, 0xff, 0xff, 0xff, 0xff, 0xd0, 0x0, 0xff,
    0xff, 0xff, 0xff, 0xff, 0xff, 0xff, 0xff, 0x40,
    0xf, 0xff, 0xd0, 0x0, 0x0, 0x0, 0x6f, 0xff,
    0xfc, 0x0, 0xff, 0xfd, 0x0, 0x0, 0x0, 0x0,
    0x7f, 0xff, 0xe0, 0xf, 0xff, 0xd0, 0x0, 0x0,
    0x0, 0x0, 0xff, 0xff, 0x0, 0xff, 0xfd, 0x0,
    0x0, 0x0, 0x0, 0xb, 0xff, 0xf0, 0xf, 0xff,
    0xd0, 0x0, 0x0, 0x0, 0x0, 0x3f, 0xff, 0x40,
    0xff, 0xfd, 0x0, 0x0, 0x0, 0x0, 0x3, 0xff,
    0xf8, 0xf, 0xff, 0xd0, 0x0, 0x0, 0x0, 0x0,
    0x2f, 0xff, 0x80, 0xff, 0xfd, 0x0, 0x0, 0x0,
    0x0, 0x2, 0xff, 0xf8, 0xf, 0xff, 0xd0, 0x0,
    0x0, 0x0, 0x0, 0x2f, 0xff, 0xc0, 0xff, 0xfd,
    0x0, 0x0, 0x0, 0x0, 0x1, 0xff, 0xfc, 0xf,
    0xff, 0xd0, 0x0, 0x0, 0x0, 0x0, 0x1f, 0xff,
    0xc0, 0xff, 0xfd, 0x0, 0x0, 0x0, 0x0, 0x0,
    0xff, 0xfc, 0xf, 0xff, 0xd0, 0x0, 0x0, 0x0,
    0x0, 0xf, 0xff, 0xd0, 0xff, 0xfd, 0x0, 0x0,
    0x0, 0x0, 0x0, 0xff, 0xfd, 0xf, 0xff, 0xd0,
    0x0, 0x0, 0x0, 0x0, 0xf, 0xff, 0xe0, 0xff,
    0xfd, 0x0, 0x0, 0x0, 0x0, 0x0, 0xbf, 0xff,
    0xf, 0xff, 0xd0, 0x0, 0x0, 0x0, 0x0, 0x3,
    0xff, 0xf8, 0xff, 0xfd, 0x0, 0x0, 0x0, 0x0,
    0x0, 0x2f, 0xff, 0xca, 0xaa, 0x80, 0x0, 0x0,
    0x0, 0x0, 0x0, 0xaa, 0xa9,

    /* U+0053 "S" */
    0x0, 0x0, 0x0, 0x6b, 0xff, 0xfa, 0x40, 0x0,
    0x0, 0x0, 0x0, 0x1, 0xff, 0xff, 0xff, 0xff,
    0xe0, 0x0, 0x0, 0x0, 0x2, 0xff, 0xff, 0xff,
    0xff, 0xff, 0xe0, 0x0, 0x0, 0x1, 0xff, 0xff,
    0xff, 0xff, 0xff, 0xff, 0xd0, 0x0, 0x0, 0x7f,
    0xff, 0xff, 0xff, 0xff, 0xff, 0xff, 0x40, 0x0,
    0x1f, 0xff, 0xff, 0xff, 0xff, 0xff, 0xff, 0xfd,
    0x0, 0x3, 0xff, 0xff, 0x90, 0x0, 0x17, 0xff,
    0xff, 0xf0, 0x0, 0xff, 0xff, 0x80, 0x0, 0x0,
    0x3, 0xff, 0xff, 0x80, 0x1f, 0xff, 0xe0, 0x0,
    0x0, 0x0, 0xb, 0xff, 0xfc, 0x2, 0xff, 0xfc,
    0x0, 0x0, 0x0, 0x0, 0x3f, 0xff, 0xd0, 0x3f,
    0xff, 0x80, 0x0, 0x0, 0x0, 0x0, 0xff, 0xff,
    0x3, 0xff, 0xf4, 0x0, 0x0, 0x0, 0x0, 0xb,
    0xff, 0xf0, 0x3f, 0xff, 0x80, 0x0, 0x0, 0x0,
    0x0, 0x7f, 0xff, 0x3, 0xff, 0xf8, 0x0, 0x0,
    0x0, 0x0, 0x3, 0xff, 0xf4, 0x3f, 0xff, 0xc0,
    0x0, 0x0, 0x0, 0x0, 0x0, 0x0, 0x2, 0xff,
    0xff, 0x0, 0x0, 0x0, 0x0, 0x0, 0x0, 0x0,
    0x1f, 0xff, 0xfe, 0x0, 0x0, 0x0, 0x0, 0x0,
    0x0, 0x0, 0xff, 0xff, 0xfe, 0x40, 0x0, 0x0,
    0x0, 0x0, 0x0, 0x3, 0xff, 0xff, 0xff, 0x80,
    0x0, 0x0, 0x0, 0x0, 0x0, 0x1f, 0xff, 0xff,
    0xff, 0xe4, 0x0, 0x0, 0x0, 0x0, 0x0, 0x7f,
    0xff, 0xff, 0xff, 0xf9, 0x0, 0x0, 0x0, 0x0,
    0x0, 0xbf, 0xff, 0xff, 0xff, 0xfe, 0x40, 0x0,
    0x0, 0x0, 0x0, 0xbf, 0xff, 0xff, 0xff, 0xff,
    0x80, 0x0, 0x0, 0x0, 0x0, 0x6f, 0xff, 0xff,
    0xff, 0xff, 0x80, 0x0, 0x0, 0x0, 0x0, 0x1b,
    0xff, 0xff, 0xff, 0xff, 0x40, 0x0, 0x0, 0x0,
    0x0, 0x6, 0xff, 0xff, 0xff, 0xfe, 0x0, 0x0,
    0x0, 0x0, 0x0, 0x0, 0x7f, 0xff, 0xff, 0xf8,
    0x0, 0x0, 0x0, 0x0, 0x0, 0x0, 0x1f, 0xff,
    0xff, 0xd0, 0x0, 0x0, 0x0, 0x0, 0x0, 0x0,
    0xb, 0xff, 0xff, 0x0, 0x0, 0x0, 0x0, 0x0,
    0x0, 0x0, 0x1f, 0xff, 0xf8, 0x55, 0x54, 0x0,
    0x0, 0x0, 0x0, 0x0, 0x7f, 0xff, 0xcf, 0xff,
    0xc0, 0x0, 0x0, 0x0, 0x0, 0x2, 0xff, 0xfc,
    0xff, 0xfd, 0x0, 0x0, 0x0, 0x0, 0x0, 0xf,
    0xff, 0xdf, 0xff, 0xe0, 0x0, 0x0, 0x0, 0x0,
    0x0, 0xff, 0xfd, 0xbf, 0xff, 0x0, 0x0, 0x0,
    0x0, 0x0, 0xf, 0xff, 0xd7, 0xff, 0xf8, 0x0,
    0x0, 0x0, 0x0, 0x1, 0xff, 0xfd, 0x3f, 0xff,
    0xc0, 0x0, 0x0, 0x0, 0x0, 0x3f, 0xff, 0xc3,
    0xff, 0xff, 0x0, 0x0, 0x0, 0x0, 0xb, 0xff,
    0xfc, 0x1f, 0xff, 0xfe, 0x0, 0x0, 0x0, 0x7,
    0xff, 0xff, 0x80, 0xff, 0xff, 0xfe, 0x50, 0x0,
    0x5b, 0xff, 0xff, 0xf0, 0x7, 0xff, 0xff, 0xff,
    0xff, 0xff, 0xff, 0xff, 0xfd, 0x0, 0x2f, 0xff,
    0xff, 0xff, 0xff, 0xff, 0xff, 0xff, 0x80, 0x0,
    0xbf, 0xff, 0xff, 0xff, 0xff, 0xff, 0xff, 0xe0,
    0x0, 0x1, 0xff, 0xff, 0xff, 0xff, 0xff, 0xff,
    0xf8, 0x0, 0x0, 0x2, 0xff, 0xff, 0xff, 0xff,
    0xff, 0xf8, 0x0, 0x0, 0x0, 0x1, 0xff, 0xff,
    0xff, 0xff, 0xf8, 0x0, 0x0, 0x0, 0x0, 0x0,
    0x6b, 0xff, 0xfe, 0x90, 0x0, 0x0, 0x0,

    /* U+0054 "T" */
    0xff, 0xff, 0xff, 0xff, 0xff, 0xff, 0xff, 0xff,
    0xff, 0xff, 0xff, 0xff, 0xff, 0xff, 0xff, 0xff,
    0xff, 0xff, 0xff, 0xff, 0xff, 0xff, 0xff, 0xff,
    0xff, 0xff, 0xff, 0xff, 0xff, 0xff, 0xff, 0xff,
    0xff, 0xff, 0xff, 0xff, 0xff, 0xff, 0xff, 0xff,
    0xff, 0xff, 0xff, 0xff, 0xff, 0xff, 0xff, 0xff,
    0xff, 0xff, 0xff, 0xff, 0xff, 0xff, 0xff, 0xf0,
    0x0, 0x0, 0x0, 0x3f, 0xff, 0x40, 0x0, 0x0,
    0x0, 0x0, 0x0, 0x0, 0xf, 0xff, 0xd0, 0x0,
    0x0, 0x0, 0x0, 0x0, 0x0, 0x3, 0xff, 0xf4,
    0x0, 0x0, 0x0, 0x0, 0x0, 0x0, 0x0, 0xff,
    0xfd, 0x0, 0x0, 0x0, 0x0, 0x0, 0x0, 0x0,
    0x3f, 0xff, 0x40, 0x0, 0x0, 0x0, 0x0, 0x0,
    0x0, 0xf, 0xff, 0xd0, 0x0, 0x0, 0x0, 0x0,
    0x0, 0x0, 0x3, 0xff, 0xf4, 0x0, 0x0, 0x0,
    0x0, 0x0, 0x0, 0x0, 0xff, 0xfd, 0x0, 0x0,
    0x0, 0x0, 0x0, 0x0, 0x0, 0x3f, 0xff, 0x40,
    0x0, 0x0, 0x0, 0x0, 0x0, 0x0, 0xf, 0xff,
    0xd0, 0x0, 0x0, 0x0, 0x0, 0x0, 0x0, 0x3,
    0xff, 0xf4, 0x0, 0x0, 0x0, 0x0, 0x0, 0x0,
    0x0, 0xff, 0xfd, 0x0, 0x0, 0x0, 0x0, 0x0,
    0x0, 0x0, 0x3f, 0xff, 0x40, 0x0, 0x0, 0x0,
    0x0, 0x0, 0x0, 0xf, 0xff, 0xd0, 0x0, 0x0,
    0x0, 0x0, 0x0, 0x0, 0x3, 0xff, 0xf4, 0x0,
    0x0, 0x0, 0x0, 0x0, 0x0, 0x0, 0xff, 0xfd,
    0x0, 0x0, 0x0, 0x0, 0x0, 0x0, 0x0, 0x3f,
    0xff, 0x40, 0x0, 0x0, 0x0, 0x0, 0x0, 0x0,
    0xf, 0xff, 0xd0, 0x0, 0x0, 0x0, 0x0, 0x0,
    0x0, 0x3, 0xff, 0xf4, 0x0, 0x0, 0x0, 0x0,
    0x0, 0x0, 0x0, 0xff, 0xfd, 0x0, 0x0, 0x0,
    0x0, 0x0, 0x0, 0x0, 0x3f, 0xff, 0x40, 0x0,
    0x0, 0x0, 0x0, 0x0, 0x0, 0xf, 0xff, 0xd0,
    0x0, 0x0, 0x0, 0x0, 0x0, 0x0, 0x3, 0xff,
    0xf4, 0x0, 0x0, 0x0, 0x0, 0x0, 0x0, 0x0,
    0xff, 0xfd, 0x0, 0x0, 0x0, 0x0, 0x0, 0x0,
    0x0, 0x3f, 0xff, 0x40, 0x0, 0x0, 0x0, 0x0,
    0x0, 0x0, 0xf, 0xff, 0xd0, 0x0, 0x0, 0x0,
    0x0, 0x0, 0x0, 0x3, 0xff, 0xf4, 0x0, 0x0,
    0x0, 0x0, 0x0, 0x0, 0x0, 0xff, 0xfd, 0x0,
    0x0, 0x0, 0x0, 0x0, 0x0, 0x0, 0x3f, 0xff,
    0x40, 0x0, 0x0, 0x0, 0x0, 0x0, 0x0, 0xf,
    0xff, 0xd0, 0x0, 0x0, 0x0, 0x0, 0x0, 0x0,
    0x3, 0xff, 0xf4, 0x0, 0x0, 0x0, 0x0, 0x0,
    0x0, 0x0, 0xff, 0xfd, 0x0, 0x0, 0x0, 0x0,
    0x0, 0x0, 0x0, 0x3f, 0xff, 0x40, 0x0, 0x0,
    0x0, 0x0, 0x0, 0x0, 0xf, 0xff, 0xd0, 0x0,
    0x0, 0x0, 0x0, 0x0, 0x0, 0x3, 0xff, 0xf4,
    0x0, 0x0, 0x0, 0x0, 0x0, 0x0, 0x0, 0xff,
    0xfd, 0x0, 0x0, 0x0, 0x0, 0x0, 0x0, 0x0,
    0x3f, 0xff, 0x40, 0x0, 0x0, 0x0, 0x0, 0x0,
    0x0, 0xf, 0xff, 0xd0, 0x0, 0x0, 0x0, 0x0,
    0x0, 0x0, 0x3, 0xff, 0xf4, 0x0, 0x0, 0x0,
    0x0, 0x0, 0x0, 0x0, 0xaa, 0xa8, 0x0, 0x0,
    0x0, 0x0,

    /* U+0055 "U" */
    0xaa, 0xa8, 0x0, 0x0, 0x0, 0x0, 0x0, 0x2,
    0xaa, 0xaf, 0xff, 0xd0, 0x0, 0x0, 0x0, 0x0,
    0x0, 0x7f, 0xff, 0xff, 0xfd, 0x0, 0x0, 0x0,
    0x0, 0x0, 0x7, 0xff, 0xff, 0xff, 0xd0, 0x0,
    0x0, 0x0, 0x0, 0x0, 0x7f, 0xff, 0xff, 0xfd,
    0x0, 0x0, 0x0, 0x0, 0x0, 0x7, 0xff, 0xff,
    0xff, 0xd0, 0x0, 0x0, 0x0, 0x0, 0x0, 0x7f,
    0xff, 0xff, 0xfd, 0x0, 0x0, 0x0, 0x0, 0x0,
    0x7, 0xff, 0xff, 0xff, 0xd0, 0x0, 0x0, 0x0,
    0x0, 0x0, 0x7f, 0xff, 0xff, 0xfd, 0x0, 0x0,
    0x0, 0x0, 0x0, 0x7, 0xff, 0xff, 0xff, 0xd0,
    0x0, 0x0, 0x0, 0x0, 0x0, 0x7f, 0xff, 0xff,
    0xfd, 0x0, 0x0, 0x0, 0x0, 0x0, 0x7, 0xff,
    0xff, 0xff, 0xd0, 0x0, 0x0, 0x0, 0x0, 0x0,
    0x7f, 0xff, 0xff, 0xfd, 0x0, 0x0, 0x0, 0x0,
    0x0, 0x7, 0xff, 0xff, 0xff, 0xd0, 0x0, 0x0,
    0x0, 0x0, 0x0, 0x7f, 0xff, 0xff, 0xfd, 0x0,
    0x0, 0x0, 0x0, 0x0, 0x7, 0xff, 0xff, 0xff,
    0xd0, 0x0, 0x0, 0x0, 0x0, 0x0, 0x7f, 0xff,
    0xff, 0xfd, 0x0, 0x0, 0x0, 0x0, 0x0, 0x7,
    0xff, 0xff, 0xff, 0xd0, 0x0, 0x0, 0x0, 0x0,
    0x0, 0x7f, 0xff, 0xff, 0xfd, 0x0, 0x0, 0x0,
    0x0, 0x0, 0x7, 0xff, 0xff, 0xff, 0xd0, 0x0,
    0x0, 0x0, 0x0, 0x0, 0x7f, 0xff, 0xff, 0xfd,
    0x0, 0x0, 0x0, 0x0, 0x0, 0x7, 0xff, 0xff,
    0xff, 0xd0, 0x0, 0x0, 0x0, 0x0, 0x0, 0x7f,
    0xff, 0xff, 0xfd, 0x0, 0x0, 0x0, 0x0, 0x0,
    0x7, 0xff, 0xff, 0xff, 0xd0, 0x0, 0x0, 0x0,
    0x0, 0x0, 0x7f, 0xff, 0xff, 0xfd, 0x0, 0x0,
    0x0, 0x0, 0x0, 0x7, 0xff, 0xff, 0xff, 0xd0,
    0x0, 0x0, 0x0, 0x0, 0x0, 0x7f, 0xff, 0xff,
    0xfd, 0x0, 0x0, 0x0, 0x0, 0x0, 0x7, 0xff,
    0xff, 0xff, 0xd0, 0x0, 0x0, 0x0, 0x0, 0x0,
    0x7f, 0xff, 0xff, 0xfd, 0x0, 0x0, 0x0, 0x0,
    0x0, 0x7, 0xff, 0xff, 0xff, 0xd0, 0x0, 0x0,
    0x0, 0x0, 0x0, 0x7f, 0xff, 0xff, 0xfd, 0x0,
    0x0, 0x0, 0x0, 0x0, 0x7, 0xff, 0xff, 0xff,
    0xe0, 0x0, 0x0, 0x0, 0x0, 0x0, 0xbf, 0xff,
    0xbf, 0xfe, 0x0, 0x0, 0x0, 0x0, 0x0, 0xb,
    0xff, 0xeb, 0xff, 0xf0, 0x0, 0x0, 0x0, 0x0,
    0x0, 0xff, 0xfe, 0x7f, 0xff, 0x0, 0x0, 0x0,
    0x0, 0x0, 0xf, 0xff, 0xd3, 0xff, 0xf8, 0x0,
    0x0, 0x0, 0x0, 0x2, 0xff, 0xfc, 0x3f, 0xff,
    0xc0, 0x0, 0x0, 0x0, 0x0, 0x3f, 0xff, 0xc1,
    0xff, 0xfe, 0x0, 0x0, 0x0, 0x0, 0xb, 0xff,
    0xf4, 0xf, 0xff, 0xf8, 0x0, 0x0, 0x0, 0x2,
    0xff, 0xff, 0x0, 0x7f, 0xff, 0xe0, 0x0, 0x0,
    0x0, 0xff, 0xff, 0xd0, 0x2, 0xff, 0xff, 0xf5,
    0x0, 0x6, 0xff, 0xff, 0xf8, 0x0, 0xf, 0xff,
    0xff, 0xff, 0xff, 0xff, 0xff, 0xff, 0x0, 0x0,
    0x3f, 0xff, 0xff, 0xff, 0xff, 0xff, 0xff, 0xc0,
    0x0, 0x0, 0xbf, 0xff, 0xff, 0xff, 0xff, 0xff,
    0xe0, 0x0, 0x0, 0x1, 0xff, 0xff, 0xff, 0xff,
    0xff, 0xf4, 0x0, 0x0, 0x0, 0x1, 0xbf, 0xff,
    0xff, 0xff, 0xe4, 0x0, 0x0, 0x0, 0x0, 0x0,
    0x5b, 0xff, 0xfe, 0x50, 0x0, 0x0, 0x0,

    /* U+0056 "V" */
    0x6a, 0xaa, 0x40, 0x0, 0x0, 0x0, 0x0, 0x0,
    0xa, 0xaa, 0x97, 0xff, 0xfc, 0x0, 0x0, 0x0,
    0x0, 0x0, 0x2, 0xff, 0xfe, 0x3f, 0xff, 0xc0,
    0x0, 0x0, 0x0, 0x0, 0x0, 0x3f, 0xff, 0xc2,
    0xff, 0xfd, 0x0, 0x0, 0x0, 0x0, 0x0, 0x7,
    0xff, 0xfc, 0x1f, 0xff, 0xf0, 0x0, 0x0, 0x0,
    0x0, 0x0, 0xbf, 0xff, 0x40, 0xff, 0xff, 0x0,
    0x0, 0x0, 0x0, 0x0, 0xf, 0xff, 0xf0, 0xb,
    0xff, 0xf4, 0x0, 0x0, 0x0, 0x0, 0x1, 0xff,
    0xfe, 0x0, 0x3f, 0xff, 0xc0, 0x0, 0x0, 0x0,
    0x0, 0x2f, 0xff, 0xd0, 0x3, 0xff, 0xfc, 0x0,
    0x0, 0x0, 0x0, 0x3, 0xff, 0xfc, 0x0, 0x1f,
    0xff, 0xd0, 0x0, 0x0, 0x0, 0x0, 0x7f, 0xff,
    0x80, 0x0, 0xff, 0xff, 0x0, 0x0, 0x0, 0x0,
    0xb, 0xff, 0xf4, 0x0, 0xf, 0xff, 0xf0, 0x0,
    0x0, 0x0, 0x0, 0xff, 0xff, 0x0, 0x0, 0x7f,
    0xff, 0x80, 0x0, 0x0, 0x0, 0x1f, 0xff, 0xe0,
    0x0, 0x3, 0xff, 0xfc, 0x0, 0x0, 0x0, 0x2,
    0xff, 0xfc, 0x0, 0x0, 0x2f, 0xff, 0xc0, 0x0,
    0x0, 0x0, 0x3f, 0xff, 0xc0, 0x0, 0x1, 0xff,
    0xfe, 0x0, 0x0, 0x0, 0x7, 0xff, 0xf4, 0x0,
    0x0, 0xf, 0xff, 0xf0, 0x0, 0x0, 0x0, 0xbf,
    0xff, 0x0, 0x0, 0x0, 0xbf, 0xff, 0x0, 0x0,
    0x0, 0xf, 0xff, 0xf0, 0x0, 0x0, 0x7, 0xff,
    0xf8, 0x0, 0x0, 0x1, 0xff, 0xfd, 0x0, 0x0,
    0x0, 0x3f, 0xff, 0xc0, 0x0, 0x0, 0x2f, 0xff,
    0xc0, 0x0, 0x0, 0x2, 0xff, 0xfc, 0x0, 0x0,
    0x3, 0xff, 0xf8, 0x0, 0x0, 0x0, 0xf, 0xff,
    0xe0, 0x0, 0x0, 0x7f, 0xff, 0x40, 0x0, 0x0,
    0x0, 0xff, 0xff, 0x0, 0x0, 0xb, 0xff, 0xf0,
    0x0, 0x0, 0x0, 0x7, 0xff, 0xf0, 0x0, 0x0,
    0xff, 0xfe, 0x0, 0x0, 0x0, 0x0, 0x3f, 0xff,
    0x80, 0x0, 0x1f, 0xff, 0xd0, 0x0, 0x0, 0x0,
    0x3, 0xff, 0xfc, 0x0, 0x2, 0xff, 0xfc, 0x0,
    0x0, 0x0, 0x0, 0x1f, 0xff, 0xc0, 0x0, 0x3f,
    0xff, 0x80, 0x0, 0x0, 0x0, 0x0, 0xff, 0xfe,
    0x0, 0x7, 0xff, 0xf0, 0x0, 0x0, 0x0, 0x0,
    0xb, 0xff, 0xf0, 0x0, 0xbf, 0xff, 0x0, 0x0,
    0x0, 0x0, 0x0, 0x7f, 0xff, 0x0, 0xf, 0xff,
    0xd0, 0x0, 0x0, 0x0, 0x0, 0x3, 0xff, 0xf8,
    0x1, 0xff, 0xfc, 0x0, 0x0, 0x0, 0x0, 0x0,
    0x2f, 0xff, 0xc0, 0x3f, 0xff, 0xc0, 0x0, 0x0,
    0x0, 0x0, 0x1, 0xff, 0xfd, 0x3, 0xff, 0xf4,
    0x0, 0x0, 0x0, 0x0, 0x0, 0xf, 0xff, 0xe0,
    0x7f, 0xff, 0x0, 0x0, 0x0, 0x0, 0x0, 0x0,
    0xbf, 0xff, 0xf, 0xff, 0xe0, 0x0, 0x0, 0x0,
    0x0, 0x0, 0x3, 0xff, 0xf4, 0xff, 0xfd, 0x0,
    0x0, 0x0, 0x0, 0x0, 0x0, 0x3f, 0xff, 0x9f,
    0xff, 0xc0, 0x0, 0x0, 0x0, 0x0, 0x0, 0x1,
    0xff, 0xff, 0xff, 0xf8, 0x0, 0x0, 0x0, 0x0,
    0x0, 0x0, 0xf, 0xff, 0xff, 0xff, 0x40, 0x0,
    0x0, 0x0, 0x0, 0x0, 0x0, 0xbf, 0xff, 0xff,
    0xf0, 0x0, 0x0, 0x0, 0x0, 0x0, 0x0, 0x7,
    0xff, 0xff, 0xfe, 0x0, 0x0, 0x0, 0x0, 0x0,
    0x0, 0x0, 0x3f, 0xff, 0xff, 0xc0, 0x0, 0x0,
    0x0, 0x0, 0x0, 0x0, 0x2, 0xff, 0xff, 0xfc,
    0x0, 0x0, 0x0, 0x0, 0x0, 0x0, 0x0, 0x1f,
    0xff, 0xff, 0x40, 0x0, 0x0, 0x0, 0x0, 0x0,
    0x0, 0x0, 0xff, 0xff, 0xf0, 0x0, 0x0, 0x0,
    0x0, 0x0, 0x0, 0x0, 0xb, 0xff, 0xff, 0x0,
    0x0, 0x0, 0x0,

    /* U+0057 "W" */
    0x6a, 0xaa, 0x40, 0x0, 0x0, 0x0, 0x2, 0xaa,
    0xa0, 0x0, 0x0, 0x0, 0x0, 0x6a, 0xaa, 0x5f,
    0xff, 0xf0, 0x0, 0x0, 0x0, 0x2, 0xff, 0xfe,
    0x0, 0x0, 0x0, 0x0, 0x3f, 0xff, 0xd3, 0xff,
    0xfd, 0x0, 0x0, 0x0, 0x0, 0xff, 0xff, 0xc0,
    0x0, 0x0, 0x0, 0x1f, 0xff, 0xf0, 0xff, 0xff,
    0x80, 0x0, 0x0, 0x0, 0x3f, 0xff, 0xf0, 0x0,
    0x0, 0x0, 0xb, 0xff, 0xfc, 0x2f, 0xff, 0xf0,
    0x0, 0x0, 0x0, 0x1f, 0xff, 0xfd, 0x0, 0x0,
    0x0, 0x3, 0xff, 0xfe, 0x3, 0xff, 0xfc, 0x0,
    0x0, 0x0, 0xb, 0xff, 0xff, 0x80, 0x0, 0x0,
    0x0, 0xff, 0xff, 0x0, 0xff, 0xff, 0x40, 0x0,
    0x0, 0x3, 0xff, 0xff, 0xf0, 0x0, 0x0, 0x0,
    0x7f, 0xff, 0xc0, 0x2f, 0xff, 0xd0, 0x0, 0x0,
    0x0, 0xff, 0xff, 0xfc, 0x0, 0x0, 0x0, 0x2f,
    0xff, 0xe0, 0x7, 0xff, 0xf8, 0x0, 0x0, 0x0,
    0x7f, 0xff, 0xff, 0x40, 0x0, 0x0, 0xf, 0xff,
    0xf4, 0x0, 0xff, 0xff, 0x0, 0x0, 0x0, 0x2f,
    0xff, 0xff, 0xe0, 0x0, 0x0, 0x3, 0xff, 0xfc,
    0x0, 0x3f, 0xff, 0xc0, 0x0, 0x0, 0xf, 0xff,
    0xff, 0xfc, 0x0, 0x0, 0x1, 0xff, 0xff, 0x0,
    0xb, 0xff, 0xf4, 0x0, 0x0, 0x3, 0xff, 0xff,
    0xff, 0x0, 0x0, 0x0, 0xbf, 0xff, 0x40, 0x0,
    0xff, 0xfe, 0x0, 0x0, 0x2, 0xff, 0xf7, 0xff,
    0xd0, 0x0, 0x0, 0x3f, 0xff, 0xc0, 0x0, 0x3f,
    0xff, 0xc0, 0x0, 0x0, 0xff, 0xfc, 0xff, 0xfc,
    0x0, 0x0, 0xf, 0xff, 0xf0, 0x0, 0xb, 0xff,
    0xf0, 0x0, 0x0, 0x3f, 0xfe, 0x2f, 0xff, 0x0,
    0x0, 0x7, 0xff, 0xf8, 0x0, 0x1, 0xff, 0xfd,
    0x0, 0x0, 0x1f, 0xff, 0x47, 0xff, 0xd0, 0x0,
    0x2, 0xff, 0xfd, 0x0, 0x0, 0x3f, 0xff, 0x80,
    0x0, 0xb, 0xff, 0xc0, 0xff, 0xf8, 0x0, 0x0,
    0xbf, 0xff, 0x0, 0x0, 0xf, 0xff, 0xf0, 0x0,
    0x3, 0xff, 0xf0, 0x3f, 0xff, 0x0, 0x0, 0x3f,
    0xff, 0x80, 0x0, 0x1, 0xff, 0xfc, 0x0, 0x0,
    0xff, 0xf8, 0xb, 0xff, 0xc0, 0x0, 0xf, 0xff,
    0xd0, 0x0, 0x0, 0x3f, 0xff, 0x40, 0x0, 0x7f,
    0xfd, 0x1, 0xff, 0xf4, 0x0, 0x7, 0xff, 0xf0,
    0x0, 0x0, 0xf, 0xff, 0xe0, 0x0, 0x2f, 0xff,
    0x0, 0x3f, 0xfe, 0x0, 0x2, 0xff, 0xfc, 0x0,
    0x0, 0x2, 0xff, 0xfc, 0x0, 0xf, 0xff, 0xc0,
    0xf, 0xff, 0xc0, 0x0, 0xff, 0xfe, 0x0, 0x0,
    0x0, 0x7f, 0xff, 0x0, 0x3, 0xff, 0xe0, 0x2,
    0xff, 0xf0, 0x0, 0x3f, 0xff, 0x40, 0x0, 0x0,
    0xf, 0xff, 0xd0, 0x1, 0xff, 0xf4, 0x0, 0x7f,
    0xfd, 0x0, 0x1f, 0xff, 0xc0, 0x0, 0x0, 0x3,
    0xff, 0xf8, 0x0, 0xbf, 0xfc, 0x0, 0xf, 0xff,
    0x80, 0xb, 0xff, 0xe0, 0x0, 0x0, 0x0, 0x7f,
    0xff, 0x0, 0x3f, 0xff, 0x0, 0x3, 0xff, 0xf0,
    0x3, 0xff, 0xf4, 0x0, 0x0, 0x0, 0xf, 0xff,
    0xc0, 0xf, 0xff, 0x80, 0x0, 0xbf, 0xfc, 0x0,
    0xff, 0xfc, 0x0, 0x0, 0x0, 0x3, 0xff, 0xf4,
    0x7, 0xff, 0xd0, 0x0, 0x1f, 0xff, 0x40, 0x7f,
    0xff, 0x0, 0x0, 0x0, 0x0, 0xbf, 0xfe, 0x2,
    0xff, 0xf0, 0x0, 0x3, 0xff, 0xe0, 0x2f, 0xff,
    0x80, 0x0, 0x0, 0x0, 0x1f, 0xff, 0xc0, 0xff,
    0xfc, 0x0, 0x0, 0xbf, 0xfc, 0xf, 0xff, 0xd0,
    0x0, 0x0, 0x0, 0x3, 0xff, 0xf0, 0x3f, 0xfd,
    0x0, 0x0, 0x1f, 0xff, 0x3, 0xff, 0xf0, 0x0,
    0x0, 0x0, 0x0, 0xbf, 0xfd, 0x1f, 0xff, 0x0,
    0x0, 0x3, 0xff, 0xd1, 0xff, 0xf8, 0x0, 0x0,
    0x0, 0x0, 0x1f, 0xff, 0x8b, 0xff, 0xc0, 0x0,
    0x0, 0xff, 0xf8, 0xbf, 0xfd, 0x0, 0x0, 0x0,
    0x0, 0x3, 0xff, 0xf3, 0xff, 0xe0, 0x0, 0x0,
    0x2f, 0xff, 0x3f, 0xff, 0x0, 0x0, 0x0, 0x0,
    0x0, 0xff, 0xfd, 0xff, 0xf4, 0x0, 0x0, 0x7,
    0xff, 0xdf, 0xff, 0xc0, 0x0, 0x0, 0x0, 0x0,
    0x2f, 0xff, 0xff, 0xfc, 0x0, 0x0, 0x0, 0xff,
    0xff, 0xff, 0xe0, 0x0, 0x0, 0x0, 0x0, 0x7,
    0xff, 0xff, 0xff, 0x0, 0x0, 0x0, 0x3f, 0xff,
    0xff, 0xf0, 0x0, 0x0, 0x0, 0x0, 0x0, 0xff,
    0xff, 0xff, 0x80, 0x0, 0x0, 0xb, 0xff, 0xff,
    0xfc, 0x0, 0x0, 0x0, 0x0, 0x0, 0x2f, 0xff,
    0xff, 0xd0, 0x0, 0x0, 0x1, 0xff, 0xff, 0xfe,
    0x0, 0x0, 0x0, 0x0, 0x0, 0x7, 0xff, 0xff,
    0xf0, 0x0, 0x0, 0x0, 0x3f, 0xff, 0xff, 0x40,
    0x0, 0x0, 0x0, 0x0, 0x0, 0xff, 0xff, 0xfc,
    0x0, 0x0, 0x0, 0xf, 0xff, 0xff, 0xc0, 0x0,
    0x0, 0x0, 0x0, 0x0, 0x3f, 0xff, 0xfe, 0x0,
    0x0, 0x0, 0x2, 0xff, 0xff, 0xf0, 0x0, 0x0,
    0x0, 0x0, 0x0, 0xb, 0xff, 0xff, 0x40, 0x0,
    0x0, 0x0, 0x7f, 0xff, 0xf4, 0x0, 0x0, 0x0,
    0x0, 0x0, 0x1, 0xff, 0xff, 0xc0, 0x0, 0x0,
    0x0, 0xf, 0xff, 0xfc, 0x0, 0x0, 0x0, 0x0,
    0x0, 0x0, 0x3f, 0xff, 0xf0, 0x0, 0x0, 0x0,
    0x3, 0xff, 0xff, 0x0, 0x0, 0x0, 0x0, 0x0,
    0x0, 0xb, 0xff, 0xf8, 0x0, 0x0, 0x0, 0x0,
    0xbf, 0xff, 0x80, 0x0, 0x0, 0x0,

    /* U+0058 "X" */
    0x1f, 0xff, 0xfc, 0x0, 0x0, 0x0, 0x0, 0x1,
    0xff, 0xff, 0xc0, 0x2f, 0xff, 0xf4, 0x0, 0x0,
    0x0, 0x0, 0xf, 0xff, 0xfc, 0x0, 0x3f, 0xff,
    0xf0, 0x0, 0x0, 0x0, 0x0, 0xbf, 0xff, 0xd0,
    0x0, 0x7f, 0xff, 0xf0, 0x0, 0x0, 0x0, 0x7,
    0xff, 0xfe, 0x0, 0x0, 0xbf, 0xff, 0xd0, 0x0,
    0x0, 0x0, 0x3f, 0xff, 0xf0, 0x0, 0x0, 0xff,
    0xff, 0xc0, 0x0, 0x0, 0x2, 0xff, 0xff, 0x40,
    0x0, 0x0, 0xff, 0xff, 0xc0, 0x0, 0x0, 0x1f,
    0xff, 0xf8, 0x0, 0x0, 0x2, 0xff, 0xff, 0x40,
    0x0, 0x0, 0xff, 0xff, 0xc0, 0x0, 0x0, 0x3,
    0xff, 0xff, 0x0, 0x0, 0xb, 0xff, 0xfd, 0x0,
    0x0, 0x0, 0x3, 0xff, 0xff, 0x0, 0x0, 0x7f,
    0xff, 0xe0, 0x0, 0x0, 0x0, 0x7, 0xff, 0xfd,
    0x0, 0x3, 0xff, 0xff, 0x0, 0x0, 0x0, 0x0,
    0xb, 0xff, 0xfc, 0x0, 0x2f, 0xff, 0xf0, 0x0,
    0x0, 0x0, 0x0, 0xf, 0xff, 0xfc, 0x1, 0xff,
    0xff, 0x40, 0x0, 0x0, 0x0, 0x0, 0x1f, 0xff,
    0xf4, 0xf, 0xff, 0xfc, 0x0, 0x0, 0x0, 0x0,
    0x0, 0x2f, 0xff, 0xf0, 0xbf, 0xff, 0xc0, 0x0,
    0x0, 0x0, 0x0, 0x0, 0x3f, 0xff, 0xf7, 0xff,
    0xfd, 0x0, 0x0, 0x0, 0x0, 0x0, 0x0, 0x7f,
    0xff, 0xff, 0xff, 0xe0, 0x0, 0x0, 0x0, 0x0,
    0x0, 0x0, 0xbf, 0xff, 0xff, 0xff, 0x0, 0x0,
    0x0, 0x0, 0x0, 0x0, 0x0, 0xff, 0xff, 0xff,
    0xf4, 0x0, 0x0, 0x0, 0x0, 0x0, 0x0, 0x0,
    0xff, 0xff, 0xff, 0x80, 0x0, 0x0, 0x0, 0x0,
    0x0, 0x0, 0x2, 0xff, 0xff, 0xfc, 0x0, 0x0,
    0x0, 0x0, 0x0, 0x0, 0x0, 0x3, 0xff, 0xff,
    0xd0, 0x0, 0x0, 0x0, 0x0, 0x0, 0x0, 0x0,
    0xb, 0xff, 0xff, 0x0, 0x0, 0x0, 0x0, 0x0,
    0x0, 0x0, 0x0, 0x3f, 0xff, 0xfe, 0x0, 0x0,
    0x0, 0x0, 0x0, 0x0, 0x0, 0x3, 0xff, 0xff,
    0xfd, 0x0, 0x0, 0x0, 0x0, 0x0, 0x0, 0x0,
    0x2f, 0xff, 0xff, 0xfc, 0x0, 0x0, 0x0, 0x0,
    0x0, 0x0, 0x1, 0xff, 0xff, 0xff, 0xf8, 0x0,
    0x0, 0x0, 0x0, 0x0, 0x0, 0xf, 0xff, 0xff,
    0xff, 0xf4, 0x0, 0x0, 0x0, 0x0, 0x0, 0x0,
    0xbf, 0xff, 0xef, 0xff, 0xf0, 0x0, 0x0, 0x0,
    0x0, 0x0, 0x7, 0xff, 0xfd, 0x3f, 0xff, 0xf0,
    0x0, 0x0, 0x0, 0x0, 0x0, 0x3f, 0xff, 0xe0,
    0x3f, 0xff, 0xd0, 0x0, 0x0, 0x0, 0x0, 0x2,
    0xff, 0xff, 0x0, 0xbf, 0xff, 0xc0, 0x0, 0x0,
    0x0, 0x0, 0x1f, 0xff, 0xf4, 0x0, 0xff, 0xff,
    0xc0, 0x0, 0x0, 0x0, 0x0, 0xff, 0xff, 0x80,
    0x1, 0xff, 0xff, 0x80, 0x0, 0x0, 0x0, 0xf,
    0xff, 0xfc, 0x0, 0x2, 0xff, 0xff, 0x0, 0x0,
    0x0, 0x0, 0x7f, 0xff, 0xd0, 0x0, 0x3, 0xff,
    0xff, 0x0, 0x0, 0x0, 0x3, 0xff, 0xff, 0x0,
    0x0, 0x7, 0xff, 0xfe, 0x0, 0x0, 0x0, 0x3f,
    0xff, 0xf0, 0x0, 0x0, 0xb, 0xff, 0xfd, 0x0,
    0x0, 0x2, 0xff, 0xff, 0x40, 0x0, 0x0, 0xf,
    0xff, 0xfc, 0x0, 0x0, 0xf, 0xff, 0xfc, 0x0,
    0x0, 0x0, 0x1f, 0xff, 0xf8, 0x0, 0x0, 0xff,
    0xff, 0xc0, 0x0, 0x0, 0x0, 0x2f, 0xff, 0xf4,
    0x0, 0xb, 0xff, 0xfd, 0x0, 0x0, 0x0, 0x0,
    0x3f, 0xff, 0xf0, 0x0, 0x7f, 0xff, 0xf0, 0x0,
    0x0, 0x0, 0x0, 0x7f, 0xff, 0xe0, 0x3, 0xff,
    0xff, 0x0, 0x0, 0x0, 0x0, 0x0, 0xbf, 0xff,
    0xd0, 0x2f, 0xff, 0xf4, 0x0, 0x0, 0x0, 0x0,
    0x0, 0xff, 0xff, 0xc1, 0xff, 0xff, 0xc0, 0x0,
    0x0, 0x0, 0x0, 0x1, 0xff, 0xff, 0xc0,

    /* U+0059 "Y" */
    0x1a, 0xaa, 0x90, 0x0, 0x0, 0x0, 0x0, 0x0,
    0x1, 0xaa, 0xaa, 0x7, 0xff, 0xfe, 0x0, 0x0,
    0x0, 0x0, 0x0, 0x0, 0xff, 0xff, 0xc0, 0xbf,
    0xff, 0xc0, 0x0, 0x0, 0x0, 0x0, 0x0, 0xff,
    0xff, 0xc0, 0xf, 0xff, 0xfc, 0x0, 0x0, 0x0,
    0x0, 0x0, 0x7f, 0xff, 0xd0, 0x1, 0xff, 0xff,
    0x40, 0x0, 0x0, 0x0, 0x0, 0x3f, 0xff, 0xf0,
    0x0, 0x3f, 0xff, 0xf0, 0x0, 0x0, 0x0, 0x0,
    0x2f, 0xff, 0xf0, 0x0, 0x3, 0xff, 0xfe, 0x0,
    0x0, 0x0, 0x0, 0x1f, 0xff, 0xf8, 0x0, 0x0,
    0x7f, 0xff, 0xd0, 0x0, 0x0, 0x0, 0xf, 0xff,
    0xfc, 0x0, 0x0, 0xf, 0xff, 0xfc, 0x0, 0x0,
    0x0, 0xb, 0xff, 0xfc, 0x0, 0x0, 0x0, 0xff,
    0xff, 0x80, 0x0, 0x0, 0x3, 0xff, 0xfe, 0x0,
    0x0, 0x0, 0x1f, 0xff, 0xf0, 0x0, 0x0, 0x3,
    0xff, 0xff, 0x0, 0x0, 0x0, 0x3, 0xff, 0xff,
    0x0, 0x0, 0x1, 0xff, 0xff, 0x0, 0x0, 0x0,
    0x0, 0x3f, 0xff, 0xd0, 0x0, 0x0, 0xff, 0xff,
    0x80, 0x0, 0x0, 0x0, 0x7, 0xff, 0xfc, 0x0,
    0x0, 0xbf, 0xff, 0xc0, 0x0, 0x0, 0x0, 0x0,
    0xff, 0xff, 0x80, 0x0, 0x3f, 0xff, 0xd0, 0x0,
    0x0, 0x0, 0x0, 0xf, 0xff, 0xf4, 0x0, 0x3f,
    0xff, 0xe0, 0x0, 0x0, 0x0, 0x0, 0x2, 0xff,
    0xff, 0x0, 0x1f, 0xff, 0xf0, 0x0, 0x0, 0x0,
    0x0, 0x0, 0x3f, 0xff, 0xe0, 0xf, 0xff, 0xf4,
    0x0, 0x0, 0x0, 0x0, 0x0, 0x3, 0xff, 0xfc,
    0xb, 0xff, 0xf8, 0x0, 0x0, 0x0, 0x0, 0x0,
    0x0, 0xbf, 0xff, 0xc7, 0xff, 0xfc, 0x0, 0x0,
    0x0, 0x0, 0x0, 0x0, 0xf, 0xff, 0xfb, 0xff,
    0xfd, 0x0, 0x0, 0x0, 0x0, 0x0, 0x0, 0x0,
    0xff, 0xff, 0xff, 0xfe, 0x0, 0x0, 0x0, 0x0,
    0x0, 0x0, 0x0, 0x2f, 0xff, 0xff, 0xff, 0x0,
    0x0, 0x0, 0x0, 0x0, 0x0, 0x0, 0x3, 0xff,
    0xff, 0xff, 0x40, 0x0, 0x0, 0x0, 0x0, 0x0,
    0x0, 0x0, 0x7f, 0xff, 0xff, 0x80, 0x0, 0x0,
    0x0, 0x0, 0x0, 0x0, 0x0, 0xb, 0xff, 0xff,
    0xc0, 0x0, 0x0, 0x0, 0x0, 0x0, 0x0, 0x0,
    0x0, 0xff, 0xff, 0xd0, 0x0, 0x0, 0x0, 0x0,
    0x0, 0x0, 0x0, 0x0, 0x1f, 0xff, 0xe0, 0x0,
    0x0, 0x0, 0x0, 0x0, 0x0, 0x0, 0x0, 0x3,
    0xff, 0xf4, 0x0, 0x0, 0x0, 0x0, 0x0, 0x0,
    0x0, 0x0, 0x0, 0xff, 0xfd, 0x0, 0x0, 0x0,
    0x0, 0x0, 0x0, 0x0, 0x0, 0x0, 0x3f, 0xff,
    0x40, 0x0, 0x0, 0x0, 0x0, 0x0, 0x0, 0x0,
    0x0, 0xf, 0xff, 0xd0, 0x0, 0x0, 0x0, 0x0,
    0x0, 0x0, 0x0, 0x0, 0x3, 0xff, 0xf4, 0x0,
    0x0, 0x0, 0x0, 0x0, 0x0, 0x0, 0x0, 0x0,
    0xff, 0xfd, 0x0, 0x0, 0x0, 0x0, 0x0, 0x0,
    0x0, 0x0, 0x0, 0x3f, 0xff, 0x40, 0x0, 0x0,
    0x0, 0x0, 0x0, 0x0, 0x0, 0x0, 0xf, 0xff,
    0xd0, 0x0, 0x0, 0x0, 0x0, 0x0, 0x0, 0x0,
    0x0, 0x3, 0xff, 0xf4, 0x0, 0x0, 0x0, 0x0,
    0x0, 0x0, 0x0, 0x0, 0x0, 0xff, 0xfd, 0x0,
    0x0, 0x0, 0x0, 0x0, 0x0, 0x0, 0x0, 0x0,
    0x3f, 0xff, 0x40, 0x0, 0x0, 0x0, 0x0, 0x0,
    0x0, 0x0, 0x0, 0xf, 0xff, 0xd0, 0x0, 0x0,
    0x0, 0x0, 0x0, 0x0, 0x0, 0x0, 0x3, 0xff,
    0xf4, 0x0, 0x0, 0x0, 0x0, 0x0, 0x0, 0x0,
    0x0, 0x0, 0xff, 0xfd, 0x0, 0x0, 0x0, 0x0,
    0x0, 0x0, 0x0, 0x0, 0x0, 0x3f, 0xff, 0x40,
    0x0, 0x0, 0x0, 0x0, 0x0, 0x0, 0x0, 0x0,
    0xf, 0xff, 0xd0, 0x0, 0x0, 0x0, 0x0, 0x0,
    0x0, 0x0, 0x0, 0x3, 0xff, 0xf4, 0x0, 0x0,
    0x0, 0x0, 0x0, 0x0, 0x0, 0x0, 0x0, 0xff,
    0xfd, 0x0, 0x0, 0x0, 0x0, 0x0,

    /* U+005A "Z" */
    0xf, 0xff, 0xff, 0xff, 0xff, 0xff, 0xff, 0xff,
    0xff, 0x0, 0xff, 0xff, 0xff, 0xff, 0xff, 0xff,
    0xff, 0xff, 0xf0, 0xf, 0xff, 0xff, 0xff, 0xff,
    0xff, 0xff, 0xff, 0xff, 0x0, 0xff, 0xff, 0xff,
    0xff, 0xff, 0xff, 0xff, 0xff, 0xf0, 0xf, 0xff,
    0xff, 0xff, 0xff, 0xff, 0xff, 0xff, 0xff, 0x0,
    0xff, 0xff, 0xff, 0xff, 0xff, 0xff, 0xff, 0xff,
    0xf0, 0x0, 0x0, 0x0, 0x0, 0x0, 0x0, 0xf,
    0xff, 0xfd, 0x0, 0x0, 0x0, 0x0, 0x0, 0x0,
    0x3, 0xff, 0xff, 0x80, 0x0, 0x0, 0x0, 0x0,
    0x0, 0x0, 0xbf, 0xff, 0xe0, 0x0, 0x0, 0x0,
    0x0, 0x0, 0x0, 0x1f, 0xff, 0xfc, 0x0, 0x0,
    0x0, 0x0, 0x0, 0x0, 0x3, 0xff, 0xff, 0x0,
    0x0, 0x0, 0x0, 0x0, 0x0, 0x0, 0xff, 0xff,
    0xd0, 0x0, 0x0, 0x0, 0x0, 0x0, 0x0, 0x2f,
    0xff, 0xf8, 0x0, 0x0, 0x0, 0x0, 0x0, 0x0,
    0x7, 0xff, 0xff, 0x0, 0x0, 0x0, 0x0, 0x0,
    0x0, 0x0, 0xff, 0xff, 0xc0, 0x0, 0x0, 0x0,
    0x0, 0x0, 0x0, 0x3f, 0xff, 0xf4, 0x0, 0x0,
    0x0, 0x0, 0x0, 0x0, 0xb, 0xff, 0xfe, 0x0,
    0x0, 0x0, 0x0, 0x0, 0x0, 0x1, 0xff, 0xff,
    0xc0, 0x0, 0x0, 0x0, 0x0, 0x0, 0x0, 0x3f,
    0xff, 0xf0, 0x0, 0x0, 0x0, 0x0, 0x0, 0x0,
    0xf, 0xff, 0xfd, 0x0, 0x0, 0x0, 0x0, 0x0,
    0x0, 0x2, 0xff, 0xff, 0x80, 0x0, 0x0, 0x0,
    0x0, 0x0, 0x0, 0xbf, 0xff, 0xf0, 0x0, 0x0,
    0x0, 0x0, 0x0, 0x0, 0x1f, 0xff, 0xfc, 0x0,
    0x0, 0x0, 0x0, 0x0, 0x0, 0x3, 0xff, 0xff,
    0x40, 0x0, 0x0, 0x0, 0x0, 0x0, 0x0, 0xff,
    0xff, 0xe0, 0x0, 0x0, 0x0, 0x0, 0x0, 0x0,
    0x2f, 0xff, 0xfc, 0x0, 0x0, 0x0, 0x0, 0x0,
    0x0, 0x7, 0xff, 0xff, 0x0, 0x0, 0x0, 0x0,
    0x0, 0x0, 0x0, 0xff, 0xff, 0xd0, 0x0, 0x0,
    0x0, 0x0, 0x0, 0x0, 0x3f, 0xff, 0xf8, 0x0,
    0x0, 0x0, 0x0, 0x0, 0x0, 0xb, 0xff, 0xff,
    0x0, 0x0, 0x0, 0x0, 0x0, 0x0, 0x1, 0xff,
    0xff, 0xc0, 0x0, 0x0, 0x0, 0x0, 0x0, 0x0,
    0x3f, 0xff, 0xf4, 0x0, 0x0, 0x0, 0x0, 0x0,
    0x0, 0xf, 0xff, 0xfe, 0x0, 0x0, 0x0, 0x0,
    0x0, 0x0, 0x2, 0xff, 0xff, 0xc0, 0x0, 0x0,
    0x0, 0x0, 0x0, 0x0, 0x7f, 0xff, 0xf0, 0x0,
    0x0, 0x0, 0x0, 0x0, 0x0, 0xf, 0xff, 0xfd,
    0x0, 0x0, 0x0, 0x0, 0x0, 0x0, 0x3, 0xff,
    0xff, 0x80, 0x0, 0x0, 0x0, 0x0, 0x0, 0x0,
    0xbf, 0xff, 0xe0, 0x0, 0x0, 0x0, 0x0, 0x0,
    0x0, 0x1f, 0xff, 0xfc, 0x0, 0x0, 0x0, 0x0,
    0x0, 0x0, 0x3, 0xff, 0xff, 0x0, 0x0, 0x0,
    0x0, 0x0, 0x0, 0x0, 0xff, 0xff, 0xff, 0xff,
    0xff, 0xff, 0xff, 0xff, 0xff, 0xff, 0xff, 0xff,
    0xff, 0xff, 0xff, 0xff, 0xff, 0xff, 0xff, 0xff,
    0xff, 0xff, 0xff, 0xff, 0xff, 0xff, 0xff, 0xff,
    0xff, 0xff, 0xff, 0xff, 0xff, 0xff, 0xff, 0xff,
    0xff, 0xff, 0xff, 0xff, 0xff, 0xff, 0xff, 0xff,
    0xff, 0xff, 0xff, 0xff, 0xff, 0xff, 0xff, 0xff,
    0xff, 0xff, 0xff, 0xff, 0xff,

    /* U+005B "[" */
    0xff, 0xff, 0xff, 0xff, 0xff, 0xff, 0xff, 0xff,
    0xff, 0xff, 0xff, 0xff, 0xff, 0xff, 0xff, 0xff,
    0xff, 0xff, 0xff, 0xff, 0xff, 0xff, 0xff, 0xff,
    0xff, 0xff, 0xff, 0xc0, 0x0, 0x3, 0xff, 0xf0,
    0x0, 0x0, 0xff, 0xfc, 0x0, 0x0, 0x3f, 0xff,
    0x0, 0x0, 0xf, 0xff, 0xc0, 0x0, 0x3, 0xff,
    0xf0, 0x0, 0x0, 0xff, 0xfc, 0x0, 0x0, 0x3f,
    0xff, 0x0, 0x0, 0xf, 0xff, 0xc0, 0x0, 0x3,
    0xff, 0xf0, 0x0, 0x0, 0xff, 0xfc, 0x0, 0x0,
    0x3f, 0xff, 0x0, 0x0, 0xf, 0xff, 0xc0, 0x0,
    0x3, 0xff, 0xf0, 0x0, 0x0, 0xff, 0xfc, 0x0,
    0x0, 0x3f, 0xff, 0x0, 0x0, 0xf, 0xff, 0xc0,
    0x0, 0x3, 0xff, 0xf0, 0x0, 0x0, 0xff, 0xfc,
    0x0, 0x0, 0x3f, 0xff, 0x0, 0x0, 0xf, 0xff,
    0xc0, 0x0, 0x3, 0xff, 0xf0, 0x0, 0x0, 0xff,
    0xfc, 0x0, 0x0, 0x3f, 0xff, 0x0, 0x0, 0xf,
    0xff, 0xc0, 0x0, 0x3, 0xff, 0xf0, 0x0, 0x0,
    0xff, 0xfc, 0x0, 0x0, 0x3f, 0xff, 0x0, 0x0,
    0xf, 0xff, 0xc0, 0x0, 0x3, 0xff, 0xf0, 0x0,
    0x0, 0xff, 0xfc, 0x0, 0x0, 0x3f, 0xff, 0x0,
    0x0, 0xf, 0xff, 0xc0, 0x0, 0x3, 0xff, 0xf0,
    0x0, 0x0, 0xff, 0xfc, 0x0, 0x0, 0x3f, 0xff,
    0x0, 0x0, 0xf, 0xff, 0xc0, 0x0, 0x3, 0xff,
    0xf0, 0x0, 0x0, 0xff, 0xfc, 0x0, 0x0, 0x3f,
    0xff, 0x0, 0x0, 0xf, 0xff, 0xc0, 0x0, 0x3,
    0xff, 0xf0, 0x0, 0x0, 0xff, 0xfc, 0x0, 0x0,
    0x3f, 0xff, 0x0, 0x0, 0xf, 0xff, 0xc0, 0x0,
    0x3, 0xff, 0xf0, 0x0, 0x0, 0xff, 0xfc, 0x0,
    0x0, 0x3f, 0xff, 0x0, 0x0, 0xf, 0xff, 0xff,
    0xff, 0xff, 0xff, 0xff, 0xff, 0xff, 0xff, 0xff,
    0xff, 0xff, 0xff, 0xff, 0xff, 0xff, 0xff, 0xff,
    0xff, 0xff, 0xff, 0xff, 0xff, 0xff, 0xff,

    /* U+005C "\\" */
    0x3f, 0xfc, 0x0, 0x0, 0x0, 0x0, 0x0, 0x2,
    0xff, 0xe0, 0x0, 0x0, 0x0, 0x0, 0x0, 0x1f,
    0xff, 0x0, 0x0, 0x0, 0x0, 0x0, 0x0, 0xff,
    0xf4, 0x0, 0x0, 0x0, 0x0, 0x0, 0xb, 0xff,
    0x80, 0x0, 0x0, 0x0, 0x0, 0x0, 0x3f, 0xfc,
    0x0, 0x0, 0x0, 0x0, 0x0, 0x3, 0xff, 0xd0,
    0x0, 0x0, 0x0, 0x0, 0x0, 0x1f, 0xff, 0x0,
    0x0, 0x0, 0x0, 0x0, 0x0, 0xff, 0xf0, 0x0,
    0x0, 0x0, 0x0, 0x0, 0xb, 0xff, 0x80, 0x0,
    0x0, 0x0, 0x0, 0x0, 0x7f, 0xfc, 0x0, 0x0,
    0x0, 0x0, 0x0, 0x3, 0xff, 0xd0, 0x0, 0x0,
    0x0, 0x0, 0x0, 0x2f, 0xfe, 0x0, 0x0, 0x0,
    0x0, 0x0, 0x0, 0xff, 0xf0, 0x0, 0x0, 0x0,
    0x0, 0x0, 0xf, 0xff, 0x40, 0x0, 0x0, 0x0,
    0x0, 0x0, 0x7f, 0xfc, 0x0, 0x0, 0x0, 0x0,
    0x0, 0x3, 0xff, 0xc0, 0x0, 0x0, 0x0, 0x0,
    0x0, 0x2f, 0xfe, 0x0, 0x0, 0x0, 0x0, 0x0,
    0x1, 0xff, 0xf0, 0x0, 0x0, 0x0, 0x0, 0x0,
    0xf, 0xff, 0x40, 0x0, 0x0, 0x0, 0x0, 0x0,
    0xbf, 0xf8, 0x0, 0x0, 0x0, 0x0, 0x0, 0x3,
    0xff, 0xc0, 0x0, 0x0, 0x0, 0x0, 0x0, 0x3f,
    0xfd, 0x0, 0x0, 0x0, 0x0, 0x0, 0x1, 0xff,
    0xf0, 0x0, 0x0, 0x0, 0x0, 0x0, 0xf, 0xff,
    0x0, 0x0, 0x0, 0x0, 0x0, 0x0, 0xbf, 0xf8,
    0x0, 0x0, 0x0, 0x0, 0x0, 0x7, 0xff, 0xc0,
    0x0, 0x0, 0x0, 0x0, 0x0, 0x3f, 0xfd, 0x0,
    0x0, 0x0, 0x0, 0x0, 0x2, 0xff, 0xf0, 0x0,
    0x0, 0x0, 0x0, 0x0, 0xf, 0xff, 0x0, 0x0,
    0x0, 0x0, 0x0, 0x0, 0xff, 0xf8, 0x0, 0x0,
    0x0, 0x0, 0x0, 0x7, 0xff, 0xc0, 0x0, 0x0,
    0x0, 0x0, 0x0, 0x3f, 0xfd, 0x0, 0x0, 0x0,
    0x0, 0x0, 0x2, 0xff, 0xe0, 0x0, 0x0, 0x0,
    0x0, 0x0, 0x1f, 0xff, 0x0, 0x0, 0x0, 0x0,
    0x0, 0x0, 0xff, 0xf4, 0x0, 0x0, 0x0, 0x0,
    0x0, 0xb, 0xff, 0xc0, 0x0, 0x0, 0x0, 0x0,
    0x0, 0x3f, 0xfc, 0x0, 0x0, 0x0, 0x0, 0x0,
    0x3, 0xff, 0xe0, 0x0, 0x0, 0x0, 0x0, 0x0,
    0x1f, 0xff, 0x0, 0x0, 0x0, 0x0, 0x0, 0x0,
    0xff, 0xf4, 0x0, 0x0, 0x0, 0x0, 0x0, 0xb,
    0xff, 0x80, 0x0, 0x0, 0x0, 0x0, 0x0, 0x7f,
    0xfc, 0x0, 0x0, 0x0, 0x0, 0x0, 0x3, 0xff,
    0xd0, 0x0, 0x0, 0x0, 0x0, 0x0, 0x2f, 0xff,
    0x0, 0x0, 0x0, 0x0, 0x0, 0x0, 0xff, 0xf0,
    0x0, 0x0, 0x0, 0x0, 0x0, 0xf, 0xff, 0x80,
    0x0, 0x0, 0x0, 0x0, 0x0, 0x7f, 0xfc, 0x0,
    0x0, 0x0, 0x0, 0x0, 0x3, 0xff, 0xd0, 0x0,
    0x0, 0x0, 0x0, 0x0, 0x2f, 0xfe, 0x0, 0x0,
    0x0, 0x0, 0x0, 0x1, 0xff, 0xf0, 0x0, 0x0,
    0x0, 0x0, 0x0, 0xf, 0xff, 0x40, 0x0, 0x0,
    0x0, 0x0, 0x0, 0xbf, 0xfc, 0x0, 0x0, 0x0,
    0x0, 0x0, 0x3, 0xff, 0xc0, 0x0, 0x0, 0x0,
    0x0, 0x0, 0x3f, 0xfe, 0x0, 0x0, 0x0, 0x0,
    0x0, 0x1, 0xff, 0xf0, 0x0, 0x0, 0x0, 0x0,
    0x0, 0xf, 0xff, 0x40, 0x0, 0x0, 0x0, 0x0,
    0x0, 0xbf, 0xf8, 0x0, 0x0, 0x0, 0x0, 0x0,
    0x7, 0xff, 0xc0,

    /* U+005D "]" */
    0xff, 0xff, 0xff, 0xff, 0xff, 0xff, 0xff, 0xff,
    0xff, 0xff, 0xff, 0xff, 0xff, 0xff, 0xff, 0xff,
    0xff, 0xff, 0xff, 0xff, 0xff, 0xff, 0xff, 0xff,
    0xff, 0xf0, 0x0, 0x0, 0xff, 0xfc, 0x0, 0x0,
    0x3f, 0xff, 0x0, 0x0, 0xf, 0xff, 0xc0, 0x0,
    0x3, 0xff, 0xf0, 0x0, 0x0, 0xff, 0xfc, 0x0,
    0x0, 0x3f, 0xff, 0x0, 0x0, 0xf, 0xff, 0xc0,
    0x0, 0x3, 0xff, 0xf0, 0x0, 0x0, 0xff, 0xfc,
    0x0, 0x0, 0x3f, 0xff, 0x0, 0x0, 0xf, 0xff,
    0xc0, 0x0, 0x3, 0xff, 0xf0, 0x0, 0x0, 0xff,
    0xfc, 0x0, 0x0, 0x3f, 0xff, 0x0, 0x0, 0xf,
    0xff, 0xc0, 0x0, 0x3, 0xff, 0xf0, 0x0, 0x0,
    0xff, 0xfc, 0x0, 0x0, 0x3f, 0xff, 0x0, 0x0,
    0xf, 0xff, 0xc0, 0x0, 0x3, 0xff, 0xf0, 0x0,
    0x0, 0xff, 0xfc, 0x0, 0x0, 0x3f, 0xff, 0x0,
    0x0, 0xf, 0xff, 0xc0, 0x0, 0x3, 0xff, 0xf0,
    0x0, 0x0, 0xff, 0xfc, 0x0, 0x0, 0x3f, 0xff,
    0x0, 0x0, 0xf, 0xff, 0xc0, 0x0, 0x3, 0xff,
    0xf0, 0x0, 0x0, 0xff, 0xfc, 0x0, 0x0, 0x3f,
    0xff, 0x0, 0x0, 0xf, 0xff, 0xc0, 0x0, 0x3,
    0xff, 0xf0, 0x0, 0x0, 0xff, 0xfc, 0x0, 0x0,
    0x3f, 0xff, 0x0, 0x0, 0xf, 0xff, 0xc0, 0x0,
    0x3, 0xff, 0xf0, 0x0, 0x0, 0xff, 0xfc, 0x0,
    0x0, 0x3f, 0xff, 0x0, 0x0, 0xf, 0xff, 0xc0,
    0x0, 0x3, 0xff, 0xf0, 0x0, 0x0, 0xff, 0xfc,
    0x0, 0x0, 0x3f, 0xff, 0x0, 0x0, 0xf, 0xff,
    0xc0, 0x0, 0x3, 0xff, 0xf0, 0x0, 0x0, 0xff,
    0xfc, 0x0, 0x0, 0x3f, 0xff, 0x0, 0x0, 0xf,
    0xff, 0xc0, 0x0, 0x3, 0xff, 0xff, 0xff, 0xff,
    0xff, 0xff, 0xff, 0xff, 0xff, 0xff, 0xff, 0xff,
    0xff, 0xff, 0xff, 0xff, 0xff, 0xff, 0xff, 0xff,
    0xff, 0xff, 0xff, 0xff, 0xff, 0xff, 0xff,

    /* U+005E "^" */
    0x0, 0x0, 0x3, 0xff, 0xf0, 0x0, 0x0, 0x0,
    0x0, 0x2, 0xff, 0xfd, 0x0, 0x0, 0x0, 0x0,
    0x0, 0xff, 0xff, 0xc0, 0x0, 0x0, 0x0, 0x0,
    0xbf, 0xff, 0xf4, 0x0, 0x0, 0x0, 0x0, 0x3f,
    0xff, 0xff, 0x0, 0x0, 0x0, 0x0, 0x1f, 0xff,
    0xff, 0xd0, 0x0, 0x0, 0x0, 0xf, 0xff, 0xbf,
    0xfc, 0x0, 0x0, 0x0, 0x7, 0xff, 0xcf, 0xff,
    0x0, 0x0, 0x0, 0x3, 0xff, 0xd1, 0xff, 0xe0,
    0x0, 0x0, 0x1, 0xff, 0xf0, 0x3f, 0xfc, 0x0,
    0x0, 0x0, 0xff, 0xf4, 0x7, 0xff, 0x80, 0x0,
    0x0, 0x3f, 0xfc, 0x0, 0xff, 0xf0, 0x0, 0x0,
    0x2f, 0xfd, 0x0, 0x1f, 0xfe, 0x0, 0x0, 0xf,
    0xff, 0x0, 0x3, 0xff, 0xc0, 0x0, 0xb, 0xff,
    0x40, 0x0, 0x7f, 0xf8, 0x0, 0x3, 0xff, 0xc0,
    0x0, 0xf, 0xff, 0x0, 0x2, 0xff, 0xd0, 0x0,
    0x1, 0xff, 0xd0, 0x0, 0xff, 0xf0, 0x0, 0x0,
    0x3f, 0xfc, 0x0, 0xbf, 0xf4, 0x0, 0x0, 0x7,
    0xff, 0x40, 0x3f, 0xfc, 0x0, 0x0, 0x0, 0xff,
    0xf0, 0x1f, 0xfd, 0x0, 0x0, 0x0, 0x2f, 0xfd,
    0xf, 0xff, 0x0, 0x0, 0x0, 0x3, 0xff, 0xc0,

    /* U+005F "_" */
    0xff, 0xff, 0xff, 0xff, 0xff, 0xff, 0xff, 0xff,
    0xff, 0xff, 0xff, 0xff, 0xff, 0xff, 0xff, 0xff,
    0xff, 0xff, 0xff, 0xff, 0xff, 0xff, 0xff, 0xff,
    0xff, 0xff, 0xff, 0xff, 0xff, 0xff, 0xff, 0xff,
    0xff, 0xff, 0xff, 0xff, 0xff, 0xff, 0xff, 0xff,
    0xff, 0xff, 0xff, 0xff, 0xff, 0xff, 0xff, 0xff,

    /* U+0060 "`" */
    0x1a, 0xaa, 0x40, 0x0, 0x7f, 0xff, 0x40, 0x0,
    0x7f, 0xff, 0x0, 0x0, 0x7f, 0xfe, 0x0, 0x0,
    0x7f, 0xfc, 0x0, 0x0, 0x7f, 0xfc, 0x0, 0x0,
    0x7f, 0xf4, 0x0, 0x0, 0xbf, 0xf0, 0x0, 0x0,
    0xbf, 0xe0, 0x0, 0x0, 0xbf, 0xd0,

    /* U+0061 "a" */
    0x0, 0x0, 0x6, 0xbf, 0xfe, 0x90, 0x0, 0x0,
    0x0, 0x6, 0xff, 0xff, 0xff, 0xf9, 0x0, 0x0,
    0x0, 0xff, 0xff, 0xff, 0xff, 0xfe, 0x0, 0x0,
    0x1f, 0xff, 0xff, 0xff, 0xff, 0xff, 0x0, 0x1,
    0xff, 0xff, 0xff, 0xff, 0xff, 0xff, 0x0, 0xf,
    0xff, 0xff, 0xff, 0xff, 0xff, 0xfe, 0x0, 0xbf,
    0xff, 0xf4, 0x0, 0x6f, 0xff, 0xfc, 0x3, 0xff,
    0xfd, 0x0, 0x0, 0xf, 0xff, 0xf8, 0x1f, 0xff,
    0xc0, 0x0, 0x0, 0xf, 0xff, 0xf0, 0xbf, 0xfe,
    0x0, 0x0, 0x0, 0x1f, 0xff, 0xc3, 0xff, 0xf4,
    0x0, 0x0, 0x0, 0x3f, 0xff, 0x40, 0x0, 0x0,
    0x0, 0x0, 0x0, 0xff, 0xfd, 0x0, 0x0, 0x0,
    0x0, 0x0, 0x3, 0xff, 0xf4, 0x0, 0x0, 0x1b,
    0xff, 0xff, 0xff, 0xff, 0xd0, 0x0, 0x2f, 0xff,
    0xff, 0xff, 0xff, 0xff, 0x40, 0xb, 0xff, 0xff,
    0xff, 0xff, 0xff, 0xfd, 0x1, 0xff, 0xff, 0xff,
    0xff, 0xff, 0xff, 0xf4, 0x1f, 0xff, 0xff, 0xff,
    0xff, 0xff, 0xff, 0xd0, 0xff, 0xff, 0xff, 0xff,
    0xff, 0xff, 0xff, 0x4b, 0xff, 0xff, 0x90, 0x0,
    0x0, 0xff, 0xfd, 0x3f, 0xff, 0xe0, 0x0, 0x0,
    0x3, 0xff, 0xf6, 0xff, 0xfe, 0x0, 0x0, 0x0,
    0xf, 0xff, 0xdf, 0xff, 0xf0, 0x0, 0x0, 0x0,
    0x7f, 0xff, 0x7f, 0xff, 0x80, 0x0, 0x0, 0x2,
    0xff, 0xfd, 0xff, 0xfd, 0x0, 0x0, 0x0, 0xf,
    0xff, 0xf7, 0xff, 0xf4, 0x0, 0x0, 0x0, 0xbf,
    0xff, 0xdf, 0xff, 0xf0, 0x0, 0x0, 0xb, 0xff,
    0xff, 0x6f, 0xff, 0xd0, 0x0, 0x0, 0xff, 0xff,
    0xfd, 0x7f, 0xff, 0xe4, 0x0, 0x6f, 0xff, 0xff,
    0xf4, 0xff, 0xff, 0xff, 0xff, 0xff, 0xff, 0xff,
    0xd1, 0xff, 0xff, 0xff, 0xff, 0xff, 0x9f, 0xff,
    0x42, 0xff, 0xff, 0xff, 0xff, 0xf8, 0x7f, 0xfd,
    0x2, 0xff, 0xff, 0xff, 0xff, 0x41, 0xff, 0xf4,
    0x1, 0xff, 0xff, 0xff, 0xe0, 0x7, 0xff, 0xd0,
    0x0, 0x6f, 0xff, 0xa4, 0x0, 0x0, 0x0, 0x0,

    /* U+0062 "b" */
    0xff, 0xfd, 0x0, 0x0, 0x0, 0x0, 0x0, 0x0,
    0xff, 0xfd, 0x0, 0x0, 0x0, 0x0, 0x0, 0x0,
    0xff, 0xfd, 0x0, 0x0, 0x0, 0x0, 0x0, 0x0,
    0xff, 0xfd, 0x0, 0x0, 0x0, 0x0, 0x0, 0x0,
    0xff, 0xfd, 0x0, 0x0, 0x0, 0x0, 0x0, 0x0,
    0xff, 0xfd, 0x0, 0x0, 0x0, 0x0, 0x0, 0x0,
    0xff, 0xfd, 0x0, 0x0, 0x0, 0x0, 0x0, 0x0,
    0xff, 0xfd, 0x0, 0x0, 0x0, 0x0, 0x0, 0x0,
    0xff, 0xfd, 0x0, 0x0, 0x0, 0x0, 0x0, 0x0,
    0xff, 0xfd, 0x0, 0x0, 0x0, 0x0, 0x0, 0x0,
    0xff, 0xfd, 0x0, 0x0, 0x0, 0x0, 0x0, 0x0,
    0xff, 0xfd, 0x0, 0x0, 0x0, 0x0, 0x0, 0x0,
    0xff, 0xfd, 0x0, 0x0, 0x0, 0x0, 0x0, 0x0,
    0xff, 0xfd, 0x0, 0x1b, 0xff, 0x90, 0x0, 0x0,
    0xff, 0xfd, 0x1, 0xff, 0xff, 0xfe, 0x0, 0x0,
    0xff, 0xfd, 0xb, 0xff, 0xff, 0xff, 0xd0, 0x0,
    0xff, 0xfd, 0x3f, 0xff, 0xff, 0xff, 0xf8, 0x0,
    0xff, 0xfd, 0xff, 0xff, 0xff, 0xff, 0xfe, 0x0,
    0xff, 0xff, 0xff, 0xff, 0xff, 0xff, 0xff, 0x40,
    0xff, 0xff, 0xff, 0x80, 0x6, 0xff, 0xff, 0xc0,
    0xff, 0xff, 0xfc, 0x0, 0x0, 0x7f, 0xff, 0xe0,
    0xff, 0xff, 0xf0, 0x0, 0x0, 0xf, 0xff, 0xf0,
    0xff, 0xff, 0xc0, 0x0, 0x0, 0x3, 0xff, 0xf8,
    0xff, 0xff, 0x80, 0x0, 0x0, 0x2, 0xff, 0xfc,
    0xff, 0xff, 0x0, 0x0, 0x0, 0x1, 0xff, 0xfc,
    0xff, 0xff, 0x0, 0x0, 0x0, 0x0, 0xff, 0xfd,
    0xff, 0xfe, 0x0, 0x0, 0x0, 0x0, 0xff, 0xfe,
    0xff, 0xfd, 0x0, 0x0, 0x0, 0x0, 0xbf, 0xff,
    0xff, 0xfd, 0x0, 0x0, 0x0, 0x0, 0xbf, 0xff,
    0xff, 0xfc, 0x0, 0x0, 0x0, 0x0, 0x7f, 0xff,
    0xff, 0xfc, 0x0, 0x0, 0x0, 0x0, 0x7f, 0xff,
    0xff, 0xfc, 0x0, 0x0, 0x0, 0x0, 0x7f, 0xff,
    0xff, 0xfd, 0x0, 0x0, 0x0, 0x0, 0xbf, 0xff,
    0xff, 0xfd, 0x0, 0x0, 0x0, 0x0, 0xbf, 0xff,
    0xff, 0xfe, 0x0, 0x0, 0x0, 0x0, 0xff, 0xfe,
    0xff, 0xff, 0x0, 0x0, 0x0, 0x0, 0xff, 0xfd,
    0xff, 0xff, 0x0, 0x0, 0x0, 0x1, 0xff, 0xfc,
    0xff, 0xff, 0x80, 0x0, 0x0, 0x2, 0xff, 0xfc,
    0xff, 0xff, 0xc0, 0x0, 0x0, 0x7, 0xff, 0xf8,
    0xff, 0xff, 0xf0, 0x0, 0x0, 0xf, 0xff, 0xf0,
    0xff, 0xff, 0xfc, 0x0, 0x0, 0x7f, 0xff, 0xe0,
    0xff, 0xff, 0xff, 0x90, 0x6, 0xff, 0xff, 0xc0,
    0xff, 0xff, 0xff, 0xff, 0xff, 0xff, 0xff, 0x40,
    0xff, 0xff, 0xff, 0xff, 0xff, 0xff, 0xfe, 0x0,
    0xff, 0xfc, 0xff, 0xff, 0xff, 0xff, 0xf8, 0x0,
    0xff, 0xfc, 0x3f, 0xff, 0xff, 0xff, 0xd0, 0x0,
    0xff, 0xfc, 0xb, 0xff, 0xff, 0xfe, 0x0, 0x0,
    0x0, 0x0, 0x0, 0x6f, 0xfe, 0x90, 0x0, 0x0,

    /* U+0063 "c" */
    0x0, 0x0, 0x1, 0xbf, 0xfe, 0x50, 0x0, 0x0,
    0x0, 0x0, 0x7f, 0xff, 0xff, 0xfe, 0x0, 0x0,
    0x0, 0x2, 0xff, 0xff, 0xff, 0xff, 0xe0, 0x0,
    0x0, 0x1f, 0xff, 0xff, 0xff, 0xff, 0xfc, 0x0,
    0x0, 0x7f, 0xff, 0xff, 0xff, 0xff, 0xff, 0x0,
    0x0, 0xff, 0xff, 0xff, 0xff, 0xff, 0xff, 0x80,
    0x3, 0xff, 0xff, 0xd0, 0x6, 0xff, 0xff, 0xd0,
    0xb, 0xff, 0xfd, 0x0, 0x0, 0x2f, 0xff, 0xf0,
    0xf, 0xff, 0xf4, 0x0, 0x0, 0xb, 0xff, 0xf0,
    0x1f, 0xff, 0xd0, 0x0, 0x0, 0x3, 0xff, 0xf8,
    0x3f, 0xff, 0xc0, 0x0, 0x0, 0x2, 0xff, 0xfc,
    0x3f, 0xff, 0x40, 0x0, 0x0, 0x0, 0xff, 0xfc,
    0x7f, 0xff, 0x0, 0x0, 0x0, 0x0, 0x0, 0x0,
    0xbf, 0xff, 0x0, 0x0, 0x0, 0x0, 0x0, 0x0,
    0xff, 0xfe, 0x0, 0x0, 0x0, 0x0, 0x0, 0x0,
    0xff, 0xfe, 0x0, 0x0, 0x0, 0x0, 0x0, 0x0,
    0xff, 0xfd, 0x0, 0x0, 0x0, 0x0, 0x0, 0x0,
    0xff, 0xfd, 0x0, 0x0, 0x0, 0x0, 0x0, 0x0,
    0xff, 0xfd, 0x0, 0x0, 0x0, 0x0, 0x0, 0x0,
    0xff, 0xfe, 0x0, 0x0, 0x0, 0x0, 0x0, 0x0,
    0xff, 0xfe, 0x0, 0x0, 0x0, 0x0, 0x0, 0x0,
    0xbf, 0xff, 0x0, 0x0, 0x0, 0x0, 0x0, 0x0,
    0xbf, 0xff, 0x0, 0x0, 0x0, 0x0, 0xff, 0xfc,
    0x7f, 0xff, 0x40, 0x0, 0x0, 0x0, 0xff, 0xfc,
    0x3f, 0xff, 0xc0, 0x0, 0x0, 0x2, 0xff, 0xf8,
    0x2f, 0xff, 0xd0, 0x0, 0x0, 0x3, 0xff, 0xf4,
    0xf, 0xff, 0xf0, 0x0, 0x0, 0xb, 0xff, 0xf0,
    0xb, 0xff, 0xfc, 0x0, 0x0, 0x2f, 0xff, 0xe0,
    0x3, 0xff, 0xff, 0x90, 0x2, 0xff, 0xff, 0xc0,
    0x1, 0xff, 0xff, 0xff, 0xff, 0xff, 0xff, 0x40,
    0x0, 0x7f, 0xff, 0xff, 0xff, 0xff, 0xfe, 0x0,
    0x0, 0x1f, 0xff, 0xff, 0xff, 0xff, 0xf8, 0x0,
    0x0, 0x7, 0xff, 0xff, 0xff, 0xff, 0xd0, 0x0,
    0x0, 0x0, 0x7f, 0xff, 0xff, 0xfd, 0x0, 0x0,
    0x0, 0x0, 0x1, 0xbf, 0xfe, 0x40, 0x0, 0x0,

    /* U+0064 "d" */
    0x0, 0x0, 0x0, 0x0, 0x0, 0x0, 0x7f, 0xff,
    0x0, 0x0, 0x0, 0x0, 0x0, 0x0, 0x7f, 0xff,
    0x0, 0x0, 0x0, 0x0, 0x0, 0x0, 0x7f, 0xff,
    0x0, 0x0, 0x0, 0x0, 0x0, 0x0, 0x7f, 0xff,
    0x0, 0x0, 0x0, 0x0, 0x0, 0x0, 0x7f, 0xff,
    0x0, 0x0, 0x0, 0x0, 0x0, 0x0, 0x7f, 0xff,
    0x0, 0x0, 0x0, 0x0, 0x0, 0x0, 0x7f, 0xff,
    0x0, 0x0, 0x0, 0x0, 0x0, 0x0, 0x7f, 0xff,
    0x0, 0x0, 0x0, 0x0, 0x0, 0x0, 0x7f, 0xff,
    0x0, 0x0, 0x0, 0x0, 0x0, 0x0, 0x7f, 0xff,
    0x0, 0x0, 0x0, 0x0, 0x0, 0x0, 0x7f, 0xff,
    0x0, 0x0, 0x0, 0x0, 0x0, 0x0, 0x7f, 0xff,
    0x0, 0x0, 0x0, 0x0, 0x0, 0x0, 0x7f, 0xff,
    0x0, 0x0, 0x6, 0xff, 0xe4, 0x0, 0x7f, 0xff,
    0x0, 0x0, 0xbf, 0xff, 0xff, 0x40, 0x7f, 0xff,
    0x0, 0x7, 0xff, 0xff, 0xff, 0xe0, 0x7f, 0xff,
    0x0, 0x2f, 0xff, 0xff, 0xff, 0xfc, 0x7f, 0xff,
    0x0, 0xbf, 0xff, 0xff, 0xff, 0xfe, 0x7f, 0xff,
    0x1, 0xff, 0xff, 0xff, 0xff, 0xff, 0xff, 0xff,
    0x3, 0xff, 0xff, 0x90, 0x2, 0xff, 0xff, 0xff,
    0xb, 0xff, 0xfd, 0x0, 0x0, 0x3f, 0xff, 0xff,
    0xf, 0xff, 0xf0, 0x0, 0x0, 0xf, 0xff, 0xff,
    0x2f, 0xff, 0xc0, 0x0, 0x0, 0x7, 0xff, 0xff,
    0x3f, 0xff, 0x80, 0x0, 0x0, 0x2, 0xff, 0xff,
    0x7f, 0xff, 0x40, 0x0, 0x0, 0x0, 0xff, 0xff,
    0x7f, 0xff, 0x0, 0x0, 0x0, 0x0, 0xff, 0xff,
    0xbf, 0xff, 0x0, 0x0, 0x0, 0x0, 0xbf, 0xff,
    0xff, 0xfe, 0x0, 0x0, 0x0, 0x0, 0x7f, 0xff,
    0xff, 0xfe, 0x0, 0x0, 0x0, 0x0, 0x7f, 0xff,
    0xff, 0xfd, 0x0, 0x0, 0x0, 0x0, 0x3f, 0xff,
    0xff, 0xfd, 0x0, 0x0, 0x0, 0x0, 0x3f, 0xff,
    0xff, 0xfd, 0x0, 0x0, 0x0, 0x0, 0x3f, 0xff,
    0xff, 0xfe, 0x0, 0x0, 0x0, 0x0, 0x7f, 0xff,
    0xff, 0xfe, 0x0, 0x0, 0x0, 0x0, 0x7f, 0xff,
    0xbf, 0xff, 0x0, 0x0, 0x0, 0x0, 0xbf, 0xff,
    0x7f, 0xff, 0x0, 0x0, 0x0, 0x0, 0xff, 0xff,
    0x3f, 0xff, 0x40, 0x0, 0x0, 0x0, 0xff, 0xff,
    0x3f, 0xff, 0x80, 0x0, 0x0, 0x2, 0xff, 0xff,
    0x2f, 0xff, 0xd0, 0x0, 0x0, 0x3, 0xff, 0xff,
    0xf, 0xff, 0xf0, 0x0, 0x0, 0xf, 0xff, 0xff,
    0xb, 0xff, 0xfd, 0x0, 0x0, 0x3f, 0xff, 0xff,
    0x3, 0xff, 0xff, 0x90, 0x6, 0xff, 0xff, 0xff,
    0x1, 0xff, 0xff, 0xff, 0xff, 0xff, 0xff, 0xff,
    0x0, 0xbf, 0xff, 0xff, 0xff, 0xff, 0xff, 0xff,
    0x0, 0x2f, 0xff, 0xff, 0xff, 0xff, 0x3f, 0xff,
    0x0, 0x7, 0xff, 0xff, 0xff, 0xfc, 0x3f, 0xff,
    0x0, 0x0, 0xbf, 0xff, 0xff, 0xe0, 0x3f, 0xff,
    0x0, 0x0, 0x6, 0xbf, 0xf9, 0x0, 0x0, 0x0,

    /* U+0065 "e" */
    0x0, 0x0, 0x1, 0xbf, 0xfe, 0x40, 0x0, 0x0,
    0x0, 0x0, 0x7f, 0xff, 0xff, 0xf8, 0x0, 0x0,
    0x0, 0x2, 0xff, 0xff, 0xff, 0xff, 0x80, 0x0,
    0x0, 0xf, 0xff, 0xff, 0xff, 0xff, 0xf0, 0x0,
    0x0, 0x3f, 0xff, 0xff, 0xff, 0xff, 0xfc, 0x0,
    0x0, 0xff, 0xff, 0xff, 0xff, 0xff, 0xff, 0x0,
    0x3, 0xff, 0xff, 0x90, 0x6, 0xff, 0xff, 0x80,
    0x7, 0xff, 0xfc, 0x0, 0x0, 0x2f, 0xff, 0xc0,
    0xf, 0xff, 0xf0, 0x0, 0x0, 0xb, 0xff, 0xf0,
    0x1f, 0xff, 0xd0, 0x0, 0x0, 0x3, 0xff, 0xf0,
    0x3f, 0xff, 0x80, 0x0, 0x0, 0x1, 0xff, 0xf8,
    0x3f, 0xff, 0x40, 0x0, 0x0, 0x0, 0xff, 0xfc,
    0x7f, 0xff, 0x0, 0x0, 0x0, 0x0, 0xff, 0xfc,
    0xbf, 0xff, 0x0, 0x0, 0x0, 0x0, 0xbf, 0xfd,
    0xff, 0xff, 0xff, 0xff, 0xff, 0xff, 0xff, 0xfe,
    0xff, 0xff, 0xff, 0xff, 0xff, 0xff, 0xff, 0xfe,
    0xff, 0xff, 0xff, 0xff, 0xff, 0xff, 0xff, 0xff,
    0xff, 0xff, 0xff, 0xff, 0xff, 0xff, 0xff, 0xff,
    0xff, 0xff, 0xff, 0xff, 0xff, 0xff, 0xff, 0xff,
    0xff, 0xff, 0xff, 0xff, 0xff, 0xff, 0xff, 0xff,
    0xff, 0xfe, 0x0, 0x0, 0x0, 0x0, 0x0, 0x0,
    0xbf, 0xff, 0x0, 0x0, 0x0, 0x0, 0x0, 0x0,
    0x7f, 0xff, 0x0, 0x0, 0x0, 0x0, 0x0, 0x0,
    0x7f, 0xff, 0x40, 0x0, 0x0, 0x0, 0x15, 0x54,
    0x3f, 0xff, 0x80, 0x0, 0x0, 0x0, 0xff, 0xfc,
    0x2f, 0xff, 0xc0, 0x0, 0x0, 0x2, 0xff, 0xfc,
    0xf, 0xff, 0xf0, 0x0, 0x0, 0x7, 0xff, 0xf4,
    0xb, 0xff, 0xfc, 0x0, 0x0, 0x2f, 0xff, 0xf0,
    0x3, 0xff, 0xff, 0x90, 0x1, 0xff, 0xff, 0xd0,
    0x1, 0xff, 0xff, 0xff, 0xff, 0xff, 0xff, 0x80,
    0x0, 0x7f, 0xff, 0xff, 0xff, 0xff, 0xfe, 0x0,
    0x0, 0x1f, 0xff, 0xff, 0xff, 0xff, 0xf8, 0x0,
    0x0, 0x3, 0xff, 0xff, 0xff, 0xff, 0xd0, 0x0,
    0x0, 0x0, 0x7f, 0xff, 0xff, 0xfd, 0x0, 0x0,
    0x0, 0x0, 0x1, 0xbf, 0xfe, 0x40, 0x0, 0x0,

    /* U+0066 "f" */
    0x0, 0x0, 0x0, 0x6f, 0xff, 0xfe, 0x0, 0x0,
    0x3, 0xff, 0xff, 0xfe, 0x0, 0x0, 0xf, 0xff,
    0xff, 0xfe, 0x0, 0x0, 0x3f, 0xff, 0xff, 0xfe,
    0x0, 0x0, 0x7f, 0xff, 0xff, 0xfe, 0x0, 0x0,
    0xff, 0xff, 0xff, 0xfd, 0x0, 0x0, 0xff, 0xff,
    0x40, 0x0, 0x0, 0x1, 0xff, 0xfd, 0x0, 0x0,
    0x0, 0x1, 0xff, 0xfc, 0x0, 0x0, 0x0, 0x1,
    0xff, 0xfc, 0x0, 0x0, 0x0, 0x1, 0xff, 0xfc,
    0x0, 0x0, 0x0, 0x1, 0xff, 0xfc, 0x0, 0x0,
    0x0, 0x1, 0xff, 0xfc, 0x0, 0x0, 0xff, 0xff,
    0xff, 0xff, 0xff, 0xfc, 0xff, 0xff, 0xff, 0xff,
    0xff, 0xfc, 0xff, 0xff, 0xff, 0xff, 0xff, 0xfc,
    0xff, 0xff, 0xff, 0xff, 0xff, 0xfc, 0xff, 0xff,
    0xff, 0xff, 0xff, 0xfc, 0xff, 0xff, 0xff, 0xff,
    0xff, 0xfc, 0x0, 0x1, 0xff, 0xfc, 0x0, 0x0,
    0x0, 0x1, 0xff, 0xfc, 0x0, 0x0, 0x0, 0x1,
    0xff, 0xfc, 0x0, 0x0, 0x0, 0x1, 0xff, 0xfc,
    0x0, 0x0, 0x0, 0x1, 0xff, 0xfc, 0x0, 0x0,
    0x0, 0x1, 0xff, 0xfc, 0x0, 0x0, 0x0, 0x1,
    0xff, 0xfc, 0x0, 0x0, 0x0, 0x1, 0xff, 0xfc,
    0x0, 0x0, 0x0, 0x1, 0xff, 0xfc, 0x0, 0x0,
    0x0, 0x1, 0xff, 0xfc, 0x0, 0x0, 0x0, 0x1,
    0xff, 0xfc, 0x0, 0x0, 0x0, 0x1, 0xff, 0xfc,
    0x0, 0x0, 0x0, 0x1, 0xff, 0xfc, 0x0, 0x0,
    0x0, 0x1, 0xff, 0xfc, 0x0, 0x0, 0x0, 0x1,
    0xff, 0xfc, 0x0, 0x0, 0x0, 0x1, 0xff, 0xfc,
    0x0, 0x0, 0x0, 0x1, 0xff, 0xfc, 0x0, 0x0,
    0x0, 0x1, 0xff, 0xfc, 0x0, 0x0, 0x0, 0x1,
    0xff, 0xfc, 0x0, 0x0, 0x0, 0x1, 0xff, 0xfc,
    0x0, 0x0, 0x0, 0x1, 0xff, 0xfc, 0x0, 0x0,
    0x0, 0x1, 0xff, 0xfc, 0x0, 0x0, 0x0, 0x1,
    0xff, 0xfc, 0x0, 0x0, 0x0, 0x1, 0xff, 0xfc,
    0x0, 0x0, 0x0, 0x1, 0xff, 0xfc, 0x0, 0x0,
    0x0, 0x1, 0xff, 0xfc, 0x0, 0x0, 0x0, 0x1,
    0xff, 0xfc, 0x0, 0x0,

    /* U+0067 "g" */
    0x0, 0x0, 0x6, 0xff, 0xe4, 0x0, 0x0, 0x0,
    0x0, 0x0, 0xbf, 0xff, 0xff, 0x80, 0x7f, 0xff,
    0x0, 0x7, 0xff, 0xff, 0xff, 0xf4, 0x7f, 0xff,
    0x0, 0x2f, 0xff, 0xff, 0xff, 0xfd, 0x7f, 0xff,
    0x0, 0xbf, 0xff, 0xff, 0xff, 0xff, 0xbf, 0xff,
    0x1, 0xff, 0xff, 0xff, 0xff, 0xff, 0xff, 0xff,
    0x3, 0xff, 0xff, 0x90, 0x6, 0xff, 0xff, 0xff,
    0xf, 0xff, 0xfd, 0x0, 0x0, 0x7f, 0xff, 0xff,
    0x1f, 0xff, 0xf0, 0x0, 0x0, 0xf, 0xff, 0xff,
    0x2f, 0xff, 0xd0, 0x0, 0x0, 0x7, 0xff, 0xff,
    0x3f, 0xff, 0x80, 0x0, 0x0, 0x2, 0xff, 0xff,
    0x7f, 0xff, 0x40, 0x0, 0x0, 0x1, 0xff, 0xff,
    0xbf, 0xff, 0x0, 0x0, 0x0, 0x0, 0xff, 0xff,
    0xbf, 0xff, 0x0, 0x0, 0x0, 0x0, 0xff, 0xff,
    0xff, 0xfe, 0x0, 0x0, 0x0, 0x0, 0xbf, 0xff,
    0xff, 0xfe, 0x0, 0x0, 0x0, 0x0, 0xbf, 0xff,
    0xff, 0xfd, 0x0, 0x0, 0x0, 0x0, 0x7f, 0xff,
    0xff, 0xfd, 0x0, 0x0, 0x0, 0x0, 0x7f, 0xff,
    0xff, 0xfd, 0x0, 0x0, 0x0, 0x0, 0xbf, 0xff,
    0xff, 0xfe, 0x0, 0x0, 0x0, 0x0, 0xbf, 0xff,
    0xff, 0xfe, 0x0, 0x0, 0x0, 0x0, 0xff, 0xff,
    0xbf, 0xff, 0x0, 0x0, 0x0, 0x0, 0xff, 0xff,
    0x7f, 0xff, 0x0, 0x0, 0x0, 0x1, 0xff, 0xff,
    0x3f, 0xff, 0x80, 0x0, 0x0, 0x2, 0xff, 0xff,
    0x3f, 0xff, 0xc0, 0x0, 0x0, 0x3, 0xff, 0xff,
    0x1f, 0xff, 0xf0, 0x0, 0x0, 0xf, 0xff, 0xff,
    0xf, 0xff, 0xfc, 0x0, 0x0, 0x3f, 0xff, 0xff,
    0x7, 0xff, 0xff, 0x90, 0x6, 0xff, 0xff, 0xff,
    0x2, 0xff, 0xff, 0xff, 0xff, 0xff, 0xff, 0xff,
    0x0, 0xbf, 0xff, 0xff, 0xff, 0xff, 0xbf, 0xff,
    0x0, 0x2f, 0xff, 0xff, 0xff, 0xfc, 0x7f, 0xff,
    0x0, 0x7, 0xff, 0xff, 0xff, 0xf0, 0x7f, 0xff,
    0x0, 0x0, 0xbf, 0xff, 0xff, 0x80, 0x7f, 0xff,
    0x0, 0x0, 0x6, 0xff, 0xe4, 0x0, 0x7f, 0xff,
    0x0, 0x0, 0x0, 0x0, 0x0, 0x0, 0x7f, 0xff,
    0x0, 0x0, 0x0, 0x0, 0x0, 0x0, 0xbf, 0xff,
    0x0, 0x0, 0x0, 0x0, 0x0, 0x0, 0xff, 0xfe,
    0x1a, 0xaa, 0x40, 0x0, 0x0, 0x0, 0xff, 0xfd,
    0x1f, 0xff, 0xc0, 0x0, 0x0, 0x1, 0xff, 0xfc,
    0xf, 0xff, 0xd0, 0x0, 0x0, 0x3, 0xff, 0xfc,
    0xf, 0xff, 0xf4, 0x0, 0x0, 0x1f, 0xff, 0xf4,
    0x7, 0xff, 0xfe, 0x40, 0x1, 0xbf, 0xff, 0xf0,
    0x3, 0xff, 0xff, 0xff, 0xff, 0xff, 0xff, 0xd0,
    0x0, 0xff, 0xff, 0xff, 0xff, 0xff, 0xff, 0x80,
    0x0, 0x3f, 0xff, 0xff, 0xff, 0xff, 0xfe, 0x0,
    0x0, 0xf, 0xff, 0xff, 0xff, 0xff, 0xf4, 0x0,
    0x0, 0x1, 0xbf, 0xff, 0xff, 0xff, 0x40, 0x0,
    0x0, 0x0, 0x6, 0xbf, 0xff, 0x90, 0x0, 0x0,

    /* U+0068 "h" */
    0xff, 0xfd, 0x0, 0x0, 0x0, 0x0, 0x0, 0xf,
    0xff, 0xd0, 0x0, 0x0, 0x0, 0x0, 0x0, 0xff,
    0xfd, 0x0, 0x0, 0x0, 0x0, 0x0, 0xf, 0xff,
    0xd0, 0x0, 0x0, 0x0, 0x0, 0x0, 0xff, 0xfd,
    0x0, 0x0, 0x0, 0x0, 0x0, 0xf, 0xff, 0xd0,
    0x0, 0x0, 0x0, 0x0, 0x0, 0xff, 0xfd, 0x0,
    0x0, 0x0, 0x0, 0x0, 0xf, 0xff, 0xd0, 0x0,
    0x0, 0x0, 0x0, 0x0, 0xff, 0xfd, 0x0, 0x0,
    0x0, 0x0, 0x0, 0xf, 0xff, 0xd0, 0x0, 0x0,
    0x0, 0x0, 0x0, 0xff, 0xfd, 0x0, 0x0, 0x0,
    0x0, 0x0, 0xf, 0xff, 0xd0, 0x0, 0x0, 0x0,
    0x0, 0x0, 0xff, 0xfd, 0x0, 0x0, 0x0, 0x0,
    0x0, 0xf, 0xff, 0xd0, 0x1, 0xbf, 0xf9, 0x0,
    0x0, 0xff, 0xfd, 0x1, 0xff, 0xff, 0xff, 0x0,
    0xf, 0xff, 0xd0, 0xff, 0xff, 0xff, 0xfd, 0x0,
    0xff, 0xfd, 0x3f, 0xff, 0xff, 0xff, 0xf8, 0xf,
    0xff, 0xdf, 0xff, 0xff, 0xff, 0xff, 0xc0, 0xff,
    0xff, 0xff, 0xff, 0xff, 0xff, 0xff, 0xf, 0xff,
    0xff, 0xf4, 0x1, 0xff, 0xff, 0xf0, 0xff, 0xff,
    0xf4, 0x0, 0x2, 0xff, 0xff, 0x8f, 0xff, 0xfe,
    0x0, 0x0, 0xb, 0xff, 0xfc, 0xff, 0xff, 0xc0,
    0x0, 0x0, 0x3f, 0xff, 0xcf, 0xff, 0xf4, 0x0,
    0x0, 0x2, 0xff, 0xfc, 0xff, 0xff, 0x0, 0x0,
    0x0, 0x1f, 0xff, 0xdf, 0xff, 0xe0, 0x0, 0x0,
    0x0, 0xff, 0xfd, 0xff, 0xfe, 0x0, 0x0, 0x0,
    0xf, 0xff, 0xdf, 0xff, 0xd0, 0x0, 0x0, 0x0,
    0xff, 0xfd, 0xff, 0xfd, 0x0, 0x0, 0x0, 0xf,
    0xff, 0xdf, 0xff, 0xd0, 0x0, 0x0, 0x0, 0xff,
    0xfd, 0xff, 0xfd, 0x0, 0x0, 0x0, 0xf, 0xff,
    0xdf, 0xff, 0xd0, 0x0, 0x0, 0x0, 0xff, 0xfd,
    0xff, 0xfd, 0x0, 0x0, 0x0, 0xf, 0xff, 0xdf,
    0xff, 0xd0, 0x0, 0x0, 0x0, 0xff, 0xfd, 0xff,
    0xfd, 0x0, 0x0, 0x0, 0xf, 0xff, 0xdf, 0xff,
    0xd0, 0x0, 0x0, 0x0, 0xff, 0xfd, 0xff, 0xfd,
    0x0, 0x0, 0x0, 0xf, 0xff, 0xdf, 0xff, 0xd0,
    0x0, 0x0, 0x0, 0xff, 0xfd, 0xff, 0xfd, 0x0,
    0x0, 0x0, 0xf, 0xff, 0xdf, 0xff, 0xd0, 0x0,
    0x0, 0x0, 0xff, 0xfd, 0xff, 0xfd, 0x0, 0x0,
    0x0, 0xf, 0xff, 0xdf, 0xff, 0xd0, 0x0, 0x0,
    0x0, 0xff, 0xfd, 0xff, 0xfd, 0x0, 0x0, 0x0,
    0xf, 0xff, 0xdf, 0xff, 0xd0, 0x0, 0x0, 0x0,
    0xff, 0xfd, 0xff, 0xfd, 0x0, 0x0, 0x0, 0xf,
    0xff, 0xdf, 0xff, 0xd0, 0x0, 0x0, 0x0, 0xff,
    0xfd, 0xff, 0xfd, 0x0, 0x0, 0x0, 0xf, 0xff,
    0xd0,

    /* U+0069 "i" */
    0x7, 0xfd, 0x2, 0xff, 0xf8, 0x7f, 0xff, 0xdf,
    0xff, 0xff, 0xff, 0xff, 0xff, 0xff, 0xff, 0xff,
    0xff, 0xf7, 0xff, 0xfd, 0x2f, 0xff, 0x80, 0x7f,
    0xd0, 0x0, 0x0, 0x0, 0x0, 0x0, 0x0, 0x0,
    0x0, 0x0, 0x0, 0x3f, 0xff, 0x43, 0xff, 0xf4,
    0x3f, 0xff, 0x43, 0xff, 0xf4, 0x3f, 0xff, 0x43,
    0xff, 0xf4, 0x3f, 0xff, 0x43, 0xff, 0xf4, 0x3f,
    0xff, 0x43, 0xff, 0xf4, 0x3f, 0xff, 0x43, 0xff,
    0xf4, 0x3f, 0xff, 0x43, 0xff, 0xf4, 0x3f, 0xff,
    0x43, 0xff, 0xf4, 0x3f, 0xff, 0x43, 0xff, 0xf4,
    0x3f, 0xff, 0x43, 0xff, 0xf4, 0x3f, 0xff, 0x43,
    0xff, 0xf4, 0x3f, 0xff, 0x43, 0xff, 0xf4, 0x3f,
    0xff, 0x43, 0xff, 0xf4, 0x3f, 0xff, 0x43, 0xff,
    0xf4, 0x3f, 0xff, 0x43, 0xff, 0xf4, 0x3f, 0xff,
    0x43, 0xff, 0xf4, 0x3f, 0xff, 0x40,

    /* U+006A "j" */
    0x0, 0x1, 0xff, 0x40, 0x0, 0x2f, 0xff, 0x80,
    0x1, 0xff, 0xff, 0x40, 0xf, 0xff, 0xff, 0x0,
    0x3f, 0xff, 0xfc, 0x0, 0xff, 0xff, 0xf0, 0x3,
    0xff, 0xff, 0xc0, 0x7, 0xff, 0xfd, 0x0, 0xb,
    0xff, 0xe0, 0x0, 0x7, 0xfd, 0x0, 0x0, 0x0,
    0x0, 0x0, 0x0, 0x0, 0x0, 0x0, 0x0, 0x0,
    0x0, 0x0, 0x0, 0x0, 0x0, 0x0, 0xff, 0xfd,
    0x0, 0x3, 0xff, 0xf4, 0x0, 0xf, 0xff, 0xd0,
    0x0, 0x3f, 0xff, 0x40, 0x0, 0xff, 0xfd, 0x0,
    0x3, 0xff, 0xf4, 0x0, 0xf, 0xff, 0xd0, 0x0,
    0x3f, 0xff, 0x40, 0x0, 0xff, 0xfd, 0x0, 0x3,
    0xff, 0xf4, 0x0, 0xf, 0xff, 0xd0, 0x0, 0x3f,
    0xff, 0x40, 0x0, 0xff, 0xfd, 0x0, 0x3, 0xff,
    0xf4, 0x0, 0xf, 0xff, 0xd0, 0x0, 0x3f, 0xff,
    0x40, 0x0, 0xff, 0xfd, 0x0, 0x3, 0xff, 0xf4,
    0x0, 0xf, 0xff, 0xd0, 0x0, 0x3f, 0xff, 0x40,
    0x0, 0xff, 0xfd, 0x0, 0x3, 0xff, 0xf4, 0x0,
    0xf, 0xff, 0xd0, 0x0, 0x3f, 0xff, 0x40, 0x0,
    0xff, 0xfd, 0x0, 0x3, 0xff, 0xf4, 0x0, 0xf,
    0xff, 0xd0, 0x0, 0x3f, 0xff, 0x40, 0x0, 0xff,
    0xfd, 0x0, 0x3, 0xff, 0xf4, 0x0, 0xf, 0xff,
    0xd0, 0x0, 0x3f, 0xff, 0x40, 0x0, 0xff, 0xfd,
    0x0, 0x3, 0xff, 0xf4, 0x0, 0xf, 0xff, 0xd0,
    0x0, 0x3f, 0xff, 0x40, 0x0, 0xff, 0xfd, 0x0,
    0x3, 0xff, 0xf4, 0x0, 0x2f, 0xff, 0xc0, 0x2,
    0xff, 0xff, 0xf, 0xff, 0xff, 0xfc, 0x3f, 0xff,
    0xff, 0xd0, 0xff, 0xff, 0xfe, 0x3, 0xff, 0xff,
    0xf0, 0xf, 0xff, 0xfe, 0x0, 0x3f, 0xfe, 0x40,
    0x0,

    /* U+006B "k" */
    0xff, 0xfd, 0x0, 0x0, 0x0, 0x0, 0x0, 0x0,
    0xff, 0xfd, 0x0, 0x0, 0x0, 0x0, 0x0, 0x0,
    0xff, 0xfd, 0x0, 0x0, 0x0, 0x0, 0x0, 0x0,
    0xff, 0xfd, 0x0, 0x0, 0x0, 0x0, 0x0, 0x0,
    0xff, 0xfd, 0x0, 0x0, 0x0, 0x0, 0x0, 0x0,
    0xff, 0xfd, 0x0, 0x0, 0x0, 0x0, 0x0, 0x0,
    0xff, 0xfd, 0x0, 0x0, 0x0, 0x0, 0x0, 0x0,
    0xff, 0xfd, 0x0, 0x0, 0x0, 0x0, 0x0, 0x0,
    0xff, 0xfd, 0x0, 0x0, 0x0, 0x0, 0x0, 0x0,
    0xff, 0xfd, 0x0, 0x0, 0x0, 0x0, 0x0, 0x0,
    0xff, 0xfd, 0x0, 0x0, 0x0, 0x0, 0x0, 0x0,
    0xff, 0xfd, 0x0, 0x0, 0x0, 0x0, 0x0, 0x0,
    0xff, 0xfd, 0x0, 0x0, 0x0, 0x0, 0x0, 0x0,
    0xff, 0xfd, 0x0, 0x0, 0x0, 0x0, 0x0, 0x0,
    0xff, 0xfd, 0x0, 0x0, 0x0, 0xbf, 0xff, 0xf0,
    0xff, 0xfd, 0x0, 0x0, 0x2, 0xff, 0xff, 0x80,
    0xff, 0xfd, 0x0, 0x0, 0xb, 0xff, 0xfe, 0x0,
    0xff, 0xfd, 0x0, 0x0, 0x2f, 0xff, 0xf8, 0x0,
    0xff, 0xfd, 0x0, 0x0, 0xbf, 0xff, 0xe0, 0x0,
    0xff, 0xfd, 0x0, 0x2, 0xff, 0xff, 0x40, 0x0,
    0xff, 0xfd, 0x0, 0xb, 0xff, 0xfd, 0x0, 0x0,
    0xff, 0xfd, 0x0, 0x2f, 0xff, 0xf4, 0x0, 0x0,
    0xff, 0xfd, 0x0, 0xff, 0xff, 0xd0, 0x0, 0x0,
    0xff, 0xfd, 0x3, 0xff, 0xff, 0x0, 0x0, 0x0,
    0xff, 0xfd, 0xf, 0xff, 0xfc, 0x0, 0x0, 0x0,
    0xff, 0xfd, 0x3f, 0xff, 0xf0, 0x0, 0x0, 0x0,
    0xff, 0xfe, 0xff, 0xff, 0xc0, 0x0, 0x0, 0x0,
    0xff, 0xff, 0xff, 0xff, 0x0, 0x0, 0x0, 0x0,
    0xff, 0xff, 0xff, 0xff, 0x40, 0x0, 0x0, 0x0,
    0xff, 0xff, 0xff, 0xff, 0xd0, 0x0, 0x0, 0x0,
    0xff, 0xff, 0xff, 0xff, 0xf0, 0x0, 0x0, 0x0,
    0xff, 0xff, 0xff, 0xff, 0xfc, 0x0, 0x0, 0x0,
    0xff, 0xff, 0xfb, 0xff, 0xfe, 0x0, 0x0, 0x0,
    0xff, 0xff, 0xd1, 0xff, 0xff, 0x80, 0x0, 0x0,
    0xff, 0xff, 0x40, 0xbf, 0xff, 0xd0, 0x0, 0x0,
    0xff, 0xfe, 0x0, 0x2f, 0xff, 0xf0, 0x0, 0x0,
    0xff, 0xfd, 0x0, 0xf, 0xff, 0xfc, 0x0, 0x0,
    0xff, 0xfd, 0x0, 0x3, 0xff, 0xff, 0x0, 0x0,
    0xff, 0xfd, 0x0, 0x1, 0xff, 0xff, 0x80, 0x0,
    0xff, 0xfd, 0x0, 0x0, 0xbf, 0xff, 0xd0, 0x0,
    0xff, 0xfd, 0x0, 0x0, 0x3f, 0xff, 0xf4, 0x0,
    0xff, 0xfd, 0x0, 0x0, 0xf, 0xff, 0xfc, 0x0,
    0xff, 0xfd, 0x0, 0x0, 0x3, 0xff, 0xff, 0x0,
    0xff, 0xfd, 0x0, 0x0, 0x1, 0xff, 0xff, 0xc0,
    0xff, 0xfd, 0x0, 0x0, 0x0, 0xbf, 0xff, 0xe0,
    0xff, 0xfd, 0x0, 0x0, 0x0, 0x3f, 0xff, 0xf4,
    0xff, 0xfd, 0x0, 0x0, 0x0, 0xf, 0xff, 0xfd,

    /* U+006C "l" */
    0xff, 0xfd, 0xff, 0xfd, 0xff, 0xfd, 0xff, 0xfd,
    0xff, 0xfd, 0xff, 0xfd, 0xff, 0xfd, 0xff, 0xfd,
    0xff, 0xfd, 0xff, 0xfd, 0xff, 0xfd, 0xff, 0xfd,
    0xff, 0xfd, 0xff, 0xfd, 0xff, 0xfd, 0xff, 0xfd,
    0xff, 0xfd, 0xff, 0xfd, 0xff, 0xfd, 0xff, 0xfd,
    0xff, 0xfd, 0xff, 0xfd, 0xff, 0xfd, 0xff, 0xfd,
    0xff, 0xfd, 0xff, 0xfd, 0xff, 0xfd, 0xff, 0xfd,
    0xff, 0xfd, 0xff, 0xfd, 0xff, 0xfd, 0xff, 0xfd,
    0xff, 0xfd, 0xff, 0xfd, 0xff, 0xfd, 0xff, 0xfd,
    0xff, 0xfd, 0xff, 0xfd, 0xff, 0xfd, 0xff, 0xfd,
    0xff, 0xfd, 0xff, 0xfd, 0xff, 0xfd, 0xff, 0xfd,
    0xff, 0xfd, 0xff, 0xfd, 0xff, 0xfd,

    /* U+006D "m" */
    0x0, 0x0, 0x0, 0x2f, 0xfe, 0x40, 0x0, 0x0,
    0x6f, 0xfe, 0x40, 0x0, 0x3f, 0xff, 0x41, 0xff,
    0xff, 0xfe, 0x0, 0x1, 0xff, 0xff, 0xfe, 0x0,
    0xf, 0xff, 0xd2, 0xff, 0xff, 0xff, 0xf0, 0x2,
    0xff, 0xff, 0xff, 0xf0, 0x3, 0xff, 0xf6, 0xff,
    0xff, 0xff, 0xff, 0x3, 0xff, 0xff, 0xff, 0xff,
    0x40, 0xff, 0xff, 0xff, 0xff, 0xff, 0xff, 0xf2,
    0xff, 0xff, 0xff, 0xff, 0xf0, 0x3f, 0xff, 0xff,
    0xff, 0xff, 0xff, 0xff, 0xff, 0xff, 0xff, 0xff,
    0xff, 0xf, 0xff, 0xff, 0xe0, 0x6, 0xff, 0xff,
    0xff, 0xe4, 0x6, 0xff, 0xff, 0xd3, 0xff, 0xff,
    0xc0, 0x0, 0x1f, 0xff, 0xff, 0xd0, 0x0, 0xf,
    0xff, 0xfc, 0xff, 0xff, 0xd0, 0x0, 0x2, 0xff,
    0xff, 0xd0, 0x0, 0x0, 0xff, 0xff, 0x3f, 0xff,
    0xe0, 0x0, 0x0, 0x3f, 0xff, 0xf0, 0x0, 0x0,
    0x1f, 0xff, 0xdf, 0xff, 0xf0, 0x0, 0x0, 0xf,
    0xff, 0xf4, 0x0, 0x0, 0x3, 0xff, 0xf7, 0xff,
    0xfc, 0x0, 0x0, 0x2, 0xff, 0xfc, 0x0, 0x0,
    0x0, 0xff, 0xfe, 0xff, 0xfe, 0x0, 0x0, 0x0,
    0x7f, 0xff, 0x0, 0x0, 0x0, 0x3f, 0xff, 0xbf,
    0xff, 0x40, 0x0, 0x0, 0x1f, 0xff, 0xc0, 0x0,
    0x0, 0xf, 0xff, 0xef, 0xff, 0xd0, 0x0, 0x0,
    0x7, 0xff, 0xf0, 0x0, 0x0, 0x3, 0xff, 0xfb,
    0xff, 0xf4, 0x0, 0x0, 0x1, 0xff, 0xfc, 0x0,
    0x0, 0x0, 0xff, 0xfe, 0xff, 0xfd, 0x0, 0x0,
    0x0, 0x7f, 0xff, 0x0, 0x0, 0x0, 0x3f, 0xff,
    0xbf, 0xff, 0x40, 0x0, 0x0, 0x1f, 0xff, 0xc0,
    0x0, 0x0, 0xf, 0xff, 0xef, 0xff, 0xd0, 0x0,
    0x0, 0x7, 0xff, 0xf0, 0x0, 0x0, 0x3, 0xff,
    0xfb, 0xff, 0xf4, 0x0, 0x0, 0x1, 0xff, 0xfc,
    0x0, 0x0, 0x0, 0xff, 0xfe, 0xff, 0xfd, 0x0,
    0x0, 0x0, 0x7f, 0xff, 0x0, 0x0, 0x0, 0x3f,
    0xff, 0xbf, 0xff, 0x40, 0x0, 0x0, 0x1f, 0xff,
    0xc0, 0x0, 0x0, 0xf, 0xff, 0xef, 0xff, 0xd0,
    0x0, 0x0, 0x7, 0xff, 0xf0, 0x0, 0x0, 0x3,
    0xff, 0xfb, 0xff, 0xf4, 0x0, 0x0, 0x1, 0xff,
    0xfc, 0x0, 0x0, 0x0, 0xff, 0xfe, 0xff, 0xfd,
    0x0, 0x0, 0x0, 0x7f, 0xff, 0x0, 0x0, 0x0,
    0x3f, 0xff, 0xbf, 0xff, 0x40, 0x0, 0x0, 0x1f,
    0xff, 0xc0, 0x0, 0x0, 0xf, 0xff, 0xef, 0xff,
    0xd0, 0x0, 0x0, 0x7, 0xff, 0xf0, 0x0, 0x0,
    0x3, 0xff, 0xfb, 0xff, 0xf4, 0x0, 0x0, 0x1,
    0xff, 0xfc, 0x0, 0x0, 0x0, 0xff, 0xfe, 0xff,
    0xfd, 0x0, 0x0, 0x0, 0x7f, 0xff, 0x0, 0x0,
    0x0, 0x3f, 0xff, 0xbf, 0xff, 0x40, 0x0, 0x0,
    0x1f, 0xff, 0xc0, 0x0, 0x0, 0xf, 0xff, 0xef,
    0xff, 0xd0, 0x0, 0x0, 0x7, 0xff, 0xf0, 0x0,
    0x0, 0x3, 0xff, 0xfb, 0xff, 0xf4, 0x0, 0x0,
    0x1, 0xff, 0xfc, 0x0, 0x0, 0x0, 0xff, 0xfe,
    0xff, 0xfd, 0x0, 0x0, 0x0, 0x7f, 0xff, 0x0,
    0x0, 0x0, 0x3f, 0xff, 0xbf, 0xff, 0x40, 0x0,
    0x0, 0x1f, 0xff, 0xc0, 0x0, 0x0, 0xf, 0xff,
    0xe0,

    /* U+006E "n" */
    0x0, 0x0, 0x0, 0x1b, 0xff, 0x90, 0x0, 0xf,
    0xff, 0xd0, 0x2f, 0xff, 0xff, 0xe0, 0x0, 0xff,
    0xfd, 0x1f, 0xff, 0xff, 0xff, 0xd0, 0xf, 0xff,
    0xd7, 0xff, 0xff, 0xff, 0xff, 0x40, 0xff, 0xff,
    0xff, 0xff, 0xff, 0xff, 0xfc, 0xf, 0xff, 0xff,
    0xff, 0xff, 0xff, 0xff, 0xe0, 0xff, 0xff, 0xff,
    0x40, 0x1f, 0xff, 0xff, 0xf, 0xff, 0xff, 0x80,
    0x0, 0x1f, 0xff, 0xf8, 0xff, 0xff, 0xe0, 0x0,
    0x0, 0xbf, 0xff, 0xcf, 0xff, 0xfc, 0x0, 0x0,
    0x3, 0xff, 0xfc, 0xff, 0xff, 0x40, 0x0, 0x0,
    0x2f, 0xff, 0xcf, 0xff, 0xf0, 0x0, 0x0, 0x1,
    0xff, 0xfd, 0xff, 0xfe, 0x0, 0x0, 0x0, 0xf,
    0xff, 0xdf, 0xff, 0xe0, 0x0, 0x0, 0x0, 0xff,
    0xfd, 0xff, 0xfd, 0x0, 0x0, 0x0, 0xf, 0xff,
    0xdf, 0xff, 0xd0, 0x0, 0x0, 0x0, 0xff, 0xfd,
    0xff, 0xfd, 0x0, 0x0, 0x0, 0xf, 0xff, 0xdf,
    0xff, 0xd0, 0x0, 0x0, 0x0, 0xff, 0xfd, 0xff,
    0xfd, 0x0, 0x0, 0x0, 0xf, 0xff, 0xdf, 0xff,
    0xd0, 0x0, 0x0, 0x0, 0xff, 0xfd, 0xff, 0xfd,
    0x0, 0x0, 0x0, 0xf, 0xff, 0xdf, 0xff, 0xd0,
    0x0, 0x0, 0x0, 0xff, 0xfd, 0xff, 0xfd, 0x0,
    0x0, 0x0, 0xf, 0xff, 0xdf, 0xff, 0xd0, 0x0,
    0x0, 0x0, 0xff, 0xfd, 0xff, 0xfd, 0x0, 0x0,
    0x0, 0xf, 0xff, 0xdf, 0xff, 0xd0, 0x0, 0x0,
    0x0, 0xff, 0xfd, 0xff, 0xfd, 0x0, 0x0, 0x0,
    0xf, 0xff, 0xdf, 0xff, 0xd0, 0x0, 0x0, 0x0,
    0xff, 0xfd, 0xff, 0xfd, 0x0, 0x0, 0x0, 0xf,
    0xff, 0xdf, 0xff, 0xd0, 0x0, 0x0, 0x0, 0xff,
    0xfd, 0xff, 0xfd, 0x0, 0x0, 0x0, 0xf, 0xff,
    0xdf, 0xff, 0xd0, 0x0, 0x0, 0x0, 0xff, 0xfd,
    0xff, 0xfd, 0x0, 0x0, 0x0, 0xf, 0xff, 0xdf,
    0xff, 0xd0, 0x0, 0x0, 0x0, 0xff, 0xfd,

    /* U+006F "o" */
    0x0, 0x0, 0x1, 0xaf, 0xfe, 0x90, 0x0, 0x0,
    0x0, 0x0, 0x2, 0xff, 0xff, 0xff, 0xe4, 0x0,
    0x0, 0x0, 0x1, 0xff, 0xff, 0xff, 0xff, 0xe0,
    0x0, 0x0, 0x0, 0xff, 0xff, 0xff, 0xff, 0xff,
    0xd0, 0x0, 0x0, 0x3f, 0xff, 0xff, 0xff, 0xff,
    0xff, 0x40, 0x0, 0xf, 0xff, 0xff, 0xff, 0xff,
    0xff, 0xfd, 0x0, 0x2, 0xff, 0xff, 0xe4, 0x1,
    0xff, 0xff, 0xf0, 0x0, 0x7f, 0xff, 0xe0, 0x0,
    0x1, 0xff, 0xff, 0xc0, 0xf, 0xff, 0xf8, 0x0,
    0x0, 0x3, 0xff, 0xfd, 0x1, 0xff, 0xfe, 0x0,
    0x0, 0x0, 0x1f, 0xff, 0xf0, 0x3f, 0xff, 0xc0,
    0x0, 0x0, 0x0, 0xbf, 0xff, 0x3, 0xff, 0xf8,
    0x0, 0x0, 0x0, 0x3, 0xff, 0xf8, 0x7f, 0xff,
    0x0, 0x0, 0x0, 0x0, 0x3f, 0xff, 0xcb, 0xff,
    0xf0, 0x0, 0x0, 0x0, 0x1, 0xff, 0xfc, 0xff,
    0xfe, 0x0, 0x0, 0x0, 0x0, 0x1f, 0xff, 0xcf,
    0xff, 0xe0, 0x0, 0x0, 0x0, 0x0, 0xff, 0xfd,
    0xff, 0xfd, 0x0, 0x0, 0x0, 0x0, 0xf, 0xff,
    0xdf, 0xff, 0xd0, 0x0, 0x0, 0x0, 0x0, 0xff,
    0xfd, 0xff, 0xfd, 0x0, 0x0, 0x0, 0x0, 0xf,
    0xff, 0xdf, 0xff, 0xe0, 0x0, 0x0, 0x0, 0x0,
    0xff, 0xfd, 0xff, 0xfe, 0x0, 0x0, 0x0, 0x0,
    0x1f, 0xff, 0xcb, 0xff, 0xf0, 0x0, 0x0, 0x0,
    0x1, 0xff, 0xfc, 0x7f, 0xff, 0x0, 0x0, 0x0,
    0x0, 0x3f, 0xff, 0xc3, 0xff, 0xf8, 0x0, 0x0,
    0x0, 0x3, 0xff, 0xf8, 0x3f, 0xff, 0xc0, 0x0,
    0x0, 0x0, 0xbf, 0xff, 0x41, 0xff, 0xfe, 0x0,
    0x0, 0x0, 0x1f, 0xff, 0xf0, 0xf, 0xff, 0xf4,
    0x0, 0x0, 0x3, 0xff, 0xfd, 0x0, 0x7f, 0xff,
    0xe0, 0x0, 0x1, 0xff, 0xff, 0xc0, 0x2, 0xff,
    0xff, 0xe0, 0x1, 0xff, 0xff, 0xf0, 0x0, 0xf,
    0xff, 0xff, 0xff, 0xff, 0xff, 0xfd, 0x0, 0x0,
    0x3f, 0xff, 0xff, 0xff, 0xff, 0xff, 0x40, 0x0,
    0x0, 0xff, 0xff, 0xff, 0xff, 0xff, 0xd0, 0x0,
    0x0, 0x2, 0xff, 0xff, 0xff, 0xff, 0xf0, 0x0,
    0x0, 0x0, 0x2, 0xff, 0xff, 0xff, 0xf4, 0x0,
    0x0, 0x0, 0x0, 0x1, 0xaf, 0xff, 0x90, 0x0,
    0x0, 0x0,

    /* U+0070 "p" */
    0x0, 0x0, 0x0, 0x6f, 0xfe, 0x90, 0x0, 0x0,
    0xff, 0xfc, 0xb, 0xff, 0xff, 0xfe, 0x0, 0x0,
    0xff, 0xfc, 0x3f, 0xff, 0xff, 0xff, 0xd0, 0x0,
    0xff, 0xfc, 0xff, 0xff, 0xff, 0xff, 0xf4, 0x0,
    0xff, 0xff, 0xff, 0xff, 0xff, 0xff, 0xfe, 0x0,
    0xff, 0xff, 0xff, 0xff, 0xff, 0xff, 0xff, 0x40,
    0xff, 0xff, 0xff, 0x90, 0x7, 0xff, 0xff, 0xc0,
    0xff, 0xff, 0xfc, 0x0, 0x0, 0x7f, 0xff, 0xe0,
    0xff, 0xff, 0xf0, 0x0, 0x0, 0xf, 0xff, 0xf0,
    0xff, 0xff, 0xc0, 0x0, 0x0, 0x7, 0xff, 0xf8,
    0xff, 0xff, 0x80, 0x0, 0x0, 0x2, 0xff, 0xfc,
    0xff, 0xff, 0x0, 0x0, 0x0, 0x1, 0xff, 0xfc,
    0xff, 0xff, 0x0, 0x0, 0x0, 0x0, 0xff, 0xfd,
    0xff, 0xfe, 0x0, 0x0, 0x0, 0x0, 0xff, 0xfe,
    0xff, 0xfd, 0x0, 0x0, 0x0, 0x0, 0xbf, 0xff,
    0xff, 0xfc, 0x0, 0x0, 0x0, 0x0, 0xbf, 0xff,
    0xff, 0xfc, 0x0, 0x0, 0x0, 0x0, 0x7f, 0xff,
    0xff, 0xfc, 0x0, 0x0, 0x0, 0x0, 0x7f, 0xff,
    0xff, 0xfc, 0x0, 0x0, 0x0, 0x0, 0x7f, 0xff,
    0xff, 0xfd, 0x0, 0x0, 0x0, 0x0, 0xbf, 0xff,
    0xff, 0xfd, 0x0, 0x0, 0x0, 0x0, 0xbf, 0xff,
    0xff, 0xfe, 0x0, 0x0, 0x0, 0x0, 0xff, 0xfe,
    0xff, 0xff, 0x0, 0x0, 0x0, 0x0, 0xff, 0xfd,
    0xff, 0xff, 0x0, 0x0, 0x0, 0x1, 0xff, 0xfc,
    0xff, 0xff, 0x80, 0x0, 0x0, 0x2, 0xff, 0xfc,
    0xff, 0xff, 0xd0, 0x0, 0x0, 0x3, 0xff, 0xf8,
    0xff, 0xff, 0xf0, 0x0, 0x0, 0xf, 0xff, 0xf0,
    0xff, 0xff, 0xfc, 0x0, 0x0, 0x7f, 0xff, 0xe0,
    0xff, 0xff, 0xff, 0x80, 0x6, 0xff, 0xff, 0xc0,
    0xff, 0xff, 0xff, 0xff, 0xff, 0xff, 0xff, 0x40,
    0xff, 0xfd, 0xff, 0xff, 0xff, 0xff, 0xfe, 0x0,
    0xff, 0xfd, 0x3f, 0xff, 0xff, 0xff, 0xf8, 0x0,
    0xff, 0xfd, 0xb, 0xff, 0xff, 0xff, 0xd0, 0x0,
    0xff, 0xfd, 0x1, 0xff, 0xff, 0xfe, 0x0, 0x0,
    0xff, 0xfd, 0x0, 0x1b, 0xff, 0x90, 0x0, 0x0,
    0xff, 0xfd, 0x0, 0x0, 0x0, 0x0, 0x0, 0x0,
    0xff, 0xfd, 0x0, 0x0, 0x0, 0x0, 0x0, 0x0,
    0xff, 0xfd, 0x0, 0x0, 0x0, 0x0, 0x0, 0x0,
    0xff, 0xfd, 0x0, 0x0, 0x0, 0x0, 0x0, 0x0,
    0xff, 0xfd, 0x0, 0x0, 0x0, 0x0, 0x0, 0x0,
    0xff, 0xfd, 0x0, 0x0, 0x0, 0x0, 0x0, 0x0,
    0xff, 0xfd, 0x0, 0x0, 0x0, 0x0, 0x0, 0x0,
    0xff, 0xfd, 0x0, 0x0, 0x0, 0x0, 0x0, 0x0,
    0xff, 0xfd, 0x0, 0x0, 0x0, 0x0, 0x0, 0x0,
    0xff, 0xfd, 0x0, 0x0, 0x0, 0x0, 0x0, 0x0,
    0xff, 0xfd, 0x0, 0x0, 0x0, 0x0, 0x0, 0x0,
    0xff, 0xfd, 0x0, 0x0, 0x0, 0x0, 0x0, 0x0,

    /* U+0071 "q" */
    0x0, 0x0, 0x6, 0xbf, 0xf9, 0x0, 0x0, 0x0,
    0x0, 0x0, 0xbf, 0xff, 0xff, 0xe0, 0x3f, 0xff,
    0x0, 0x7, 0xff, 0xff, 0xff, 0xfc, 0x3f, 0xff,
    0x0, 0x2f, 0xff, 0xff, 0xff, 0xff, 0x3f, 0xff,
    0x0, 0xbf, 0xff, 0xff, 0xff, 0xff, 0xff, 0xff,
    0x1, 0xff, 0xff, 0xff, 0xff, 0xff, 0xff, 0xff,
    0x3, 0xff, 0xff, 0x90, 0x6, 0xff, 0xff, 0xff,
    0xb, 0xff, 0xfd, 0x0, 0x0, 0x3f, 0xff, 0xff,
    0xf, 0xff, 0xf0, 0x0, 0x0, 0xf, 0xff, 0xff,
    0x2f, 0xff, 0xd0, 0x0, 0x0, 0x3, 0xff, 0xff,
    0x3f, 0xff, 0x80, 0x0, 0x0, 0x2, 0xff, 0xff,
    0x3f, 0xff, 0x40, 0x0, 0x0, 0x0, 0xff, 0xff,
    0x7f, 0xff, 0x0, 0x0, 0x0, 0x0, 0xff, 0xff,
    0xbf, 0xff, 0x0, 0x0, 0x0, 0x0, 0xbf, 0xff,
    0xff, 0xfe, 0x0, 0x0, 0x0, 0x0, 0x7f, 0xff,
    0xff, 0xfe, 0x0, 0x0, 0x0, 0x0, 0x7f, 0xff,
    0xff, 0xfd, 0x0, 0x0, 0x0, 0x0, 0x3f, 0xff,
    0xff, 0xfd, 0x0, 0x0, 0x0, 0x0, 0x3f, 0xff,
    0xff, 0xfd, 0x0, 0x0, 0x0, 0x0, 0x3f, 0xff,
    0xff, 0xfe, 0x0, 0x0, 0x0, 0x0, 0x7f, 0xff,
    0xff, 0xfe, 0x0, 0x0, 0x0, 0x0, 0x7f, 0xff,
    0xbf, 0xff, 0x0, 0x0, 0x0, 0x0, 0xbf, 0xff,
    0x7f, 0xff, 0x0, 0x0, 0x0, 0x0, 0xff, 0xff,
    0x7f, 0xff, 0x40, 0x0, 0x0, 0x0, 0xff, 0xff,
    0x3f, 0xff, 0x80, 0x0, 0x0, 0x2, 0xff, 0xff,
    0x2f, 0xff, 0xc0, 0x0, 0x0, 0x7, 0xff, 0xff,
    0xf, 0xff, 0xf0, 0x0, 0x0, 0xf, 0xff, 0xff,
    0xb, 0xff, 0xfd, 0x0, 0x0, 0x3f, 0xff, 0xff,
    0x3, 0xff, 0xff, 0x90, 0x2, 0xff, 0xff, 0xff,
    0x1, 0xff, 0xff, 0xff, 0xff, 0xff, 0xff, 0xff,
    0x0, 0xbf, 0xff, 0xff, 0xff, 0xfe, 0x7f, 0xff,
    0x0, 0x2f, 0xff, 0xff, 0xff, 0xfc, 0x7f, 0xff,
    0x0, 0x7, 0xff, 0xff, 0xff, 0xe0, 0x7f, 0xff,
    0x0, 0x0, 0xbf, 0xff, 0xff, 0x40, 0x7f, 0xff,
    0x0, 0x0, 0x6, 0xff, 0xe4, 0x0, 0x7f, 0xff,
    0x0, 0x0, 0x0, 0x0, 0x0, 0x0, 0x7f, 0xff,
    0x0, 0x0, 0x0, 0x0, 0x0, 0x0, 0x7f, 0xff,
    0x0, 0x0, 0x0, 0x0, 0x0, 0x0, 0x7f, 0xff,
    0x0, 0x0, 0x0, 0x0, 0x0, 0x0, 0x7f, 0xff,
    0x0, 0x0, 0x0, 0x0, 0x0, 0x0, 0x7f, 0xff,
    0x0, 0x0, 0x0, 0x0, 0x0, 0x0, 0x7f, 0xff,
    0x0, 0x0, 0x0, 0x0, 0x0, 0x0, 0x7f, 0xff,
    0x0, 0x0, 0x0, 0x0, 0x0, 0x0, 0x7f, 0xff,
    0x0, 0x0, 0x0, 0x0, 0x0, 0x0, 0x7f, 0xff,
    0x0, 0x0, 0x0, 0x0, 0x0, 0x0, 0x7f, 0xff,
    0x0, 0x0, 0x0, 0x0, 0x0, 0x0, 0x7f, 0xff,
    0x0, 0x0, 0x0, 0x0, 0x0, 0x0, 0x7f, 0xff,

    /* U+0072 "r" */
    0x0, 0x0, 0x0, 0x6f, 0xf9, 0xff, 0xfd, 0x3,
    0xff, 0xff, 0xff, 0xfd, 0x1f, 0xff, 0xff, 0xff,
    0xfd, 0x7f, 0xff, 0xff, 0xff, 0xfe, 0xff, 0xff,
    0xff, 0xff, 0xff, 0xff, 0xff, 0xff, 0xff, 0xff,
    0xff, 0xff, 0xff, 0xff, 0xff, 0xff, 0x80, 0x6,
    0xff, 0xff, 0xfc, 0x0, 0x0, 0xff, 0xff, 0xf0,
    0x0, 0x0, 0xff, 0xff, 0xc0, 0x0, 0x0, 0xff,
    0xff, 0x40, 0x0, 0x0, 0xff, 0xff, 0x0, 0x0,
    0x0, 0xff, 0xff, 0x0, 0x0, 0x0, 0xff, 0xfe,
    0x0, 0x0, 0x0, 0xff, 0xfd, 0x0, 0x0, 0x0,
    0xff, 0xfd, 0x0, 0x0, 0x0, 0xff, 0xfd, 0x0,
    0x0, 0x0, 0xff, 0xfd, 0x0, 0x0, 0x0, 0xff,
    0xfd, 0x0, 0x0, 0x0, 0xff, 0xfd, 0x0, 0x0,
    0x0, 0xff, 0xfd, 0x0, 0x0, 0x0, 0xff, 0xfd,
    0x0, 0x0, 0x0, 0xff, 0xfd, 0x0, 0x0, 0x0,
    0xff, 0xfd, 0x0, 0x0, 0x0, 0xff, 0xfd, 0x0,
    0x0, 0x0, 0xff, 0xfd, 0x0, 0x0, 0x0, 0xff,
    0xfd, 0x0, 0x0, 0x0, 0xff, 0xfd, 0x0, 0x0,
    0x0, 0xff, 0xfd, 0x0, 0x0, 0x0, 0xff, 0xfd,
    0x0, 0x0, 0x0, 0xff, 0xfd, 0x0, 0x0, 0x0,
    0xff, 0xfd, 0x0, 0x0, 0x0, 0xff, 0xfd, 0x0,
    0x0, 0x0,

    /* U+0073 "s" */
    0x0, 0x0, 0x1a, 0xff, 0xf9, 0x40, 0x0, 0x0,
    0x0, 0x6f, 0xff, 0xff, 0xff, 0x80, 0x0, 0x0,
    0x2f, 0xff, 0xff, 0xff, 0xff, 0x40, 0x0, 0x1f,
    0xff, 0xff, 0xff, 0xff, 0xfe, 0x0, 0x3, 0xff,
    0xff, 0xff, 0xff, 0xff, 0xf8, 0x0, 0xff, 0xff,
    0xff, 0xff, 0xff, 0xff, 0xd0, 0x1f, 0xff, 0xf9,
    0x0, 0x1b, 0xff, 0xff, 0x2, 0xff, 0xfd, 0x0,
    0x0, 0xf, 0xff, 0xf0, 0x3f, 0xff, 0x80, 0x0,
    0x0, 0x3f, 0xff, 0x83, 0xff, 0xf4, 0x0, 0x0,
    0x2, 0xff, 0xf8, 0x3f, 0xff, 0x80, 0x0, 0x0,
    0xa, 0xaa, 0x43, 0xff, 0xfe, 0x0, 0x0, 0x0,
    0x0, 0x0, 0x1f, 0xff, 0xfd, 0x0, 0x0, 0x0,
    0x0, 0x0, 0xff, 0xff, 0xff, 0x90, 0x0, 0x0,
    0x0, 0x7, 0xff, 0xff, 0xff, 0xf4, 0x0, 0x0,
    0x0, 0x1f, 0xff, 0xff, 0xff, 0xfe, 0x40, 0x0,
    0x0, 0x7f, 0xff, 0xff, 0xff, 0xff, 0x40, 0x0,
    0x0, 0x7f, 0xff, 0xff, 0xff, 0xff, 0x0, 0x0,
    0x0, 0x1f, 0xff, 0xff, 0xff, 0xfd, 0x0, 0x0,
    0x0, 0x6, 0xff, 0xff, 0xff, 0xf4, 0x0, 0x0,
    0x0, 0x0, 0x6f, 0xff, 0xff, 0xc0, 0x0, 0x0,
    0x0, 0x0, 0xf, 0xff, 0xfd, 0x0, 0x0, 0x0,
    0x0, 0x0, 0x2f, 0xff, 0xf6, 0xaa, 0x80, 0x0,
    0x0, 0x0, 0xff, 0xff, 0xbf, 0xfe, 0x0, 0x0,
    0x0, 0x7, 0xff, 0xf7, 0xff, 0xf0, 0x0, 0x0,
    0x0, 0x7f, 0xff, 0x3f, 0xff, 0x40, 0x0, 0x0,
    0xf, 0xff, 0xf3, 0xff, 0xfd, 0x0, 0x0, 0x2,
    0xff, 0xfe, 0x1f, 0xff, 0xf9, 0x0, 0x6, 0xff,
    0xff, 0xc0, 0xff, 0xff, 0xff, 0xff, 0xff, 0xff,
    0xfc, 0x3, 0xff, 0xff, 0xff, 0xff, 0xff, 0xff,
    0x0, 0xf, 0xff, 0xff, 0xff, 0xff, 0xff, 0xd0,
    0x0, 0x2f, 0xff, 0xff, 0xff, 0xff, 0xf0, 0x0,
    0x0, 0x6f, 0xff, 0xff, 0xff, 0xe4, 0x0, 0x0,
    0x0, 0x1b, 0xff, 0xfe, 0x90, 0x0, 0x0,

    /* U+0074 "t" */
    0x0, 0x0, 0x0, 0x50, 0x0, 0x0, 0x0, 0x2,
    0xf4, 0x0, 0x0, 0x0, 0x1b, 0xfd, 0x0, 0x0,
    0x0, 0x3f, 0xff, 0x40, 0x0, 0x0, 0xf, 0xff,
    0xd0, 0x0, 0x0, 0x3, 0xff, 0xf4, 0x0, 0x0,
    0x0, 0xff, 0xfd, 0x0, 0x0, 0x0, 0x3f, 0xff,
    0x40, 0x0, 0x0, 0xf, 0xff, 0xd0, 0x0, 0x0,
    0x3, 0xff, 0xf4, 0x0, 0x0, 0x0, 0xff, 0xfd,
    0x0, 0x3, 0xff, 0xff, 0xff, 0xff, 0xff, 0xff,
    0xff, 0xff, 0xff, 0xff, 0xff, 0xff, 0xff, 0xff,
    0xff, 0xff, 0xff, 0xff, 0xff, 0xff, 0xff, 0xff,
    0xff, 0xff, 0xff, 0xff, 0xff, 0xff, 0xff, 0xff,
    0xff, 0xc0, 0x3, 0xff, 0xf4, 0x0, 0x0, 0x0,
    0xff, 0xfd, 0x0, 0x0, 0x0, 0x3f, 0xff, 0x40,
    0x0, 0x0, 0xf, 0xff, 0xd0, 0x0, 0x0, 0x3,
    0xff, 0xf4, 0x0, 0x0, 0x0, 0xff, 0xfd, 0x0,
    0x0, 0x0, 0x3f, 0xff, 0x40, 0x0, 0x0, 0xf,
    0xff, 0xd0, 0x0, 0x0, 0x3, 0xff, 0xf4, 0x0,
    0x0, 0x0, 0xff, 0xfd, 0x0, 0x0, 0x0, 0x3f,
    0xff, 0x40, 0x0, 0x0, 0xf, 0xff, 0xd0, 0x0,
    0x0, 0x3, 0xff, 0xf4, 0x0, 0x0, 0x0, 0xff,
    0xfd, 0x0, 0x0, 0x0, 0x3f, 0xff, 0x40, 0x0,
    0x0, 0xf, 0xff, 0xd0, 0x0, 0x0, 0x3, 0xff,
    0xf4, 0x0, 0x0, 0x0, 0xff, 0xfd, 0x0, 0x0,
    0x0, 0x3f, 0xff, 0x40, 0x0, 0x0, 0xf, 0xff,
    0xe0, 0x0, 0x0, 0x3, 0xff, 0xfc, 0x0, 0x0,
    0x0, 0xbf, 0xff, 0xff, 0xf0, 0x0, 0x1f, 0xff,
    0xff, 0xfc, 0x0, 0x3, 0xff, 0xff, 0xff, 0x0,
    0x0, 0x3f, 0xff, 0xff, 0xc0, 0x0, 0x3, 0xff,
    0xff, 0xf0, 0x0, 0x0, 0x1b, 0xff, 0xfc,

    /* U+0075 "u" */
    0xff, 0xfd, 0x0, 0x0, 0x0, 0xf, 0xff, 0xdf,
    0xff, 0xd0, 0x0, 0x0, 0x0, 0xff, 0xfd, 0xff,
    0xfd, 0x0, 0x0, 0x0, 0xf, 0xff, 0xdf, 0xff,
    0xd0, 0x0, 0x0, 0x0, 0xff, 0xfd, 0xff, 0xfd,
    0x0, 0x0, 0x0, 0xf, 0xff, 0xdf, 0xff, 0xd0,
    0x0, 0x0, 0x0, 0xff, 0xfd, 0xff, 0xfd, 0x0,
    0x0, 0x0, 0xf, 0xff, 0xdf, 0xff, 0xd0, 0x0,
    0x0, 0x0, 0xff, 0xfd, 0xff, 0xfd, 0x0, 0x0,
    0x0, 0xf, 0xff, 0xdf, 0xff, 0xd0, 0x0, 0x0,
    0x0, 0xff, 0xfd, 0xff, 0xfd, 0x0, 0x0, 0x0,
    0xf, 0xff, 0xdf, 0xff, 0xd0, 0x0, 0x0, 0x0,
    0xff, 0xfd, 0xff, 0xfd, 0x0, 0x0, 0x0, 0xf,
    0xff, 0xdf, 0xff, 0xd0, 0x0, 0x0, 0x0, 0xff,
    0xfd, 0xff, 0xfd, 0x0, 0x0, 0x0, 0xf, 0xff,
    0xdf, 0xff, 0xd0, 0x0, 0x0, 0x0, 0xff, 0xfd,
    0xff, 0xfd, 0x0, 0x0, 0x0, 0xf, 0xff, 0xdf,
    0xff, 0xd0, 0x0, 0x0, 0x0, 0xff, 0xfd, 0xff,
    0xfd, 0x0, 0x0, 0x0, 0xf, 0xff, 0xdf, 0xff,
    0xd0, 0x0, 0x0, 0x0, 0xff, 0xfd, 0xff, 0xfd,
    0x0, 0x0, 0x0, 0xf, 0xff, 0xdf, 0xff, 0xd0,
    0x0, 0x0, 0x1, 0xff, 0xfd, 0xff, 0xfe, 0x0,
    0x0, 0x0, 0x3f, 0xff, 0xdf, 0xff, 0xf0, 0x0,
    0x0, 0x7, 0xff, 0xfd, 0xbf, 0xff, 0x0, 0x0,
    0x0, 0xff, 0xff, 0xd7, 0xff, 0xf8, 0x0, 0x0,
    0x2f, 0xff, 0xfd, 0x3f, 0xff, 0xd0, 0x0, 0xb,
    0xff, 0xff, 0xd3, 0xff, 0xff, 0xd0, 0x7, 0xff,
    0xff, 0xfd, 0x1f, 0xff, 0xff, 0xff, 0xff, 0xff,
    0xff, 0xd0, 0xff, 0xff, 0xff, 0xff, 0xfd, 0xff,
    0xfd, 0x3, 0xff, 0xff, 0xff, 0xff, 0x4f, 0xff,
    0xd0, 0xf, 0xff, 0xff, 0xff, 0xd0, 0xff, 0xfd,
    0x0, 0x2f, 0xff, 0xff, 0xe0, 0xf, 0xff, 0xd0,
    0x0, 0x1b, 0xff, 0x90, 0x0, 0x0, 0x0,

    /* U+0076 "v" */
    0xbf, 0xff, 0x40, 0x0, 0x0, 0x0, 0xff, 0xff,
    0xf, 0xff, 0xe0, 0x0, 0x0, 0x0, 0x7f, 0xff,
    0x83, 0xff, 0xfc, 0x0, 0x0, 0x0, 0x2f, 0xff,
    0xc0, 0x7f, 0xff, 0x40, 0x0, 0x0, 0xf, 0xff,
    0xf0, 0xf, 0xff, 0xe0, 0x0, 0x0, 0x7, 0xff,
    0xf4, 0x2, 0xff, 0xfc, 0x0, 0x0, 0x2, 0xff,
    0xfc, 0x0, 0x7f, 0xff, 0x40, 0x0, 0x0, 0xff,
    0xfe, 0x0, 0xf, 0xff, 0xe0, 0x0, 0x0, 0x7f,
    0xff, 0x40, 0x2, 0xff, 0xfc, 0x0, 0x0, 0x2f,
    0xff, 0xc0, 0x0, 0x3f, 0xff, 0x40, 0x0, 0xf,
    0xff, 0xe0, 0x0, 0xf, 0xff, 0xe0, 0x0, 0x7,
    0xff, 0xf0, 0x0, 0x1, 0xff, 0xfc, 0x0, 0x2,
    0xff, 0xfc, 0x0, 0x0, 0x3f, 0xff, 0x40, 0x0,
    0xff, 0xfd, 0x0, 0x0, 0xb, 0xff, 0xe0, 0x0,
    0x7f, 0xff, 0x0, 0x0, 0x1, 0xff, 0xfc, 0x0,
    0x2f, 0xff, 0x80, 0x0, 0x0, 0x3f, 0xff, 0x40,
    0xf, 0xff, 0xd0, 0x0, 0x0, 0xb, 0xff, 0xe0,
    0x7, 0xff, 0xf0, 0x0, 0x0, 0x0, 0xff, 0xfc,
    0x2, 0xff, 0xf8, 0x0, 0x0, 0x0, 0x3f, 0xff,
    0x40, 0xff, 0xfc, 0x0, 0x0, 0x0, 0x7, 0xff,
    0xe0, 0x7f, 0xff, 0x0, 0x0, 0x0, 0x0, 0xff,
    0xfc, 0x2f, 0xff, 0x40, 0x0, 0x0, 0x0, 0x2f,
    0xff, 0x4f, 0xff, 0xc0, 0x0, 0x0, 0x0, 0x7,
    0xff, 0xe7, 0xff, 0xe0, 0x0, 0x0, 0x0, 0x0,
    0xff, 0xfe, 0xff, 0xf4, 0x0, 0x0, 0x0, 0x0,
    0x2f, 0xff, 0xff, 0xfc, 0x0, 0x0, 0x0, 0x0,
    0x3, 0xff, 0xff, 0xfe, 0x0, 0x0, 0x0, 0x0,
    0x0, 0xff, 0xff, 0xff, 0x0, 0x0, 0x0, 0x0,
    0x0, 0x1f, 0xff, 0xff, 0xc0, 0x0, 0x0, 0x0,
    0x0, 0x3, 0xff, 0xff, 0xe0, 0x0, 0x0, 0x0,
    0x0, 0x0, 0xff, 0xff, 0xf0, 0x0, 0x0, 0x0,
    0x0, 0x0, 0x1f, 0xff, 0xfc, 0x0, 0x0, 0x0,
    0x0, 0x0, 0x3, 0xff, 0xfd, 0x0, 0x0, 0x0,
    0x0, 0x0, 0x0, 0xbf, 0xff, 0x0, 0x0, 0x0,
    0x0,

    /* U+0077 "w" */
    0xbf, 0xff, 0x80, 0x0, 0x0, 0x2f, 0xff, 0x40,
    0x0, 0x0, 0x3f, 0xff, 0xc3, 0xff, 0xfc, 0x0,
    0x0, 0x3, 0xff, 0xf8, 0x0, 0x0, 0x3, 0xff,
    0xfc, 0x3f, 0xff, 0xc0, 0x0, 0x0, 0x3f, 0xff,
    0xc0, 0x0, 0x0, 0x7f, 0xff, 0x82, 0xff, 0xfd,
    0x0, 0x0, 0x7, 0xff, 0xfc, 0x0, 0x0, 0xb,
    0xff, 0xf0, 0xf, 0xff, 0xe0, 0x0, 0x0, 0xbf,
    0xff, 0xd0, 0x0, 0x0, 0xff, 0xff, 0x0, 0xff,
    0xff, 0x0, 0x0, 0xf, 0xff, 0xfe, 0x0, 0x0,
    0xf, 0xff, 0xe0, 0x7, 0xff, 0xf0, 0x0, 0x0,
    0xff, 0xff, 0xf0, 0x0, 0x1, 0xff, 0xfc, 0x0,
    0x3f, 0xff, 0x40, 0x0, 0x2f, 0xff, 0xff, 0x0,
    0x0, 0x2f, 0xff, 0xc0, 0x3, 0xff, 0xf8, 0x0,
    0x3, 0xff, 0xff, 0xf4, 0x0, 0x3, 0xff, 0xf8,
    0x0, 0x1f, 0xff, 0xc0, 0x0, 0x3f, 0xfb, 0xff,
    0xc0, 0x0, 0x3f, 0xff, 0x0, 0x0, 0xff, 0xfc,
    0x0, 0x7, 0xff, 0x6f, 0xfc, 0x0, 0x7, 0xff,
    0xf0, 0x0, 0xf, 0xff, 0xd0, 0x0, 0xbf, 0xf1,
    0xff, 0xd0, 0x0, 0xff, 0xfe, 0x0, 0x0, 0x7f,
    0xff, 0x0, 0xf, 0xff, 0xf, 0xfe, 0x0, 0xf,
    0xff, 0xc0, 0x0, 0x3, 0xff, 0xf0, 0x0, 0xff,
    0xe0, 0xff, 0xf0, 0x1, 0xff, 0xfc, 0x0, 0x0,
    0x3f, 0xff, 0x40, 0x1f, 0xfd, 0xb, 0xff, 0x0,
    0x2f, 0xff, 0x80, 0x0, 0x1, 0xff, 0xf8, 0x2,
    0xff, 0xc0, 0x7f, 0xf4, 0x3, 0xff, 0xf0, 0x0,
    0x0, 0xf, 0xff, 0xc0, 0x3f, 0xfc, 0x3, 0xff,
    0x80, 0x3f, 0xff, 0x0, 0x0, 0x0, 0xff, 0xfc,
    0x3, 0xff, 0x80, 0x3f, 0xfc, 0x7, 0xff, 0xd0,
    0x0, 0x0, 0x7, 0xff, 0xd0, 0x7f, 0xf0, 0x1,
    0xff, 0xc0, 0xbf, 0xfc, 0x0, 0x0, 0x0, 0x3f,
    0xfe, 0xb, 0xff, 0x0, 0xf, 0xfd, 0xf, 0xff,
    0xc0, 0x0, 0x0, 0x3, 0xff, 0xf0, 0xff, 0xe0,
    0x0, 0xff, 0xe0, 0xff, 0xf4, 0x0, 0x0, 0x0,
    0x1f, 0xff, 0x1f, 0xfd, 0x0, 0xb, 0xff, 0x1f,
    0xff, 0x0, 0x0, 0x0, 0x0, 0xff, 0xf6, 0xff,
    0xc0, 0x0, 0x7f, 0xf2, 0xff, 0xf0, 0x0, 0x0,
    0x0, 0xf, 0xff, 0xbf, 0xfc, 0x0, 0x3, 0xff,
    0xbf, 0xfd, 0x0, 0x0, 0x0, 0x0, 0x7f, 0xff,
    0xff, 0x80, 0x0, 0x3f, 0xff, 0xff, 0xc0, 0x0,
    0x0, 0x0, 0x3, 0xff, 0xff, 0xf4, 0x0, 0x2,
    0xff, 0xff, 0xfc, 0x0, 0x0, 0x0, 0x0, 0x2f,
    0xff, 0xff, 0x0, 0x0, 0x1f, 0xff, 0xff, 0x40,
    0x0, 0x0, 0x0, 0x1, 0xff, 0xff, 0xf0, 0x0,
    0x0, 0xff, 0xff, 0xf0, 0x0, 0x0, 0x0, 0x0,
    0xf, 0xff, 0xfd, 0x0, 0x0, 0xb, 0xff, 0xff,
    0x0, 0x0, 0x0, 0x0, 0x0, 0xbf, 0xff, 0xc0,
    0x0, 0x0, 0x7f, 0xff, 0xd0, 0x0, 0x0, 0x0,
    0x0, 0x7, 0xff, 0xfc, 0x0, 0x0, 0x3, 0xff,
    0xfc, 0x0, 0x0, 0x0, 0x0, 0x0, 0x3f, 0xff,
    0x80, 0x0, 0x0, 0x3f, 0xff, 0xc0, 0x0, 0x0,
    0x0, 0x0, 0x2, 0xff, 0xf4, 0x0, 0x0, 0x2,
    0xff, 0xf4, 0x0, 0x0, 0x0,

    /* U+0078 "x" */
    0xf, 0xff, 0xf8, 0x0, 0x0, 0x1, 0xff, 0xff,
    0x0, 0xf, 0xff, 0xf4, 0x0, 0x0, 0xf, 0xff,
    0xf4, 0x0, 0x1f, 0xff, 0xf0, 0x0, 0x0, 0xbf,
    0xff, 0x80, 0x0, 0x2f, 0xff, 0xe0, 0x0, 0x7,
    0xff, 0xfc, 0x0, 0x0, 0x3f, 0xff, 0xd0, 0x0,
    0x3f, 0xff, 0xd0, 0x0, 0x0, 0x3f, 0xff, 0xc0,
    0x2, 0xff, 0xfe, 0x0, 0x0, 0x0, 0x7f, 0xff,
    0xc0, 0x1f, 0xff, 0xf0, 0x0, 0x0, 0x0, 0xbf,
    0xff, 0x40, 0xff, 0xff, 0x0, 0x0, 0x0, 0x0,
    0xff, 0xff, 0xb, 0xff, 0xf4, 0x0, 0x0, 0x0,
    0x0, 0xff, 0xff, 0x7f, 0xff, 0x80, 0x0, 0x0,
    0x0, 0x1, 0xff, 0xff, 0xff, 0xfc, 0x0, 0x0,
    0x0, 0x0, 0x2, 0xff, 0xff, 0xff, 0xc0, 0x0,
    0x0, 0x0, 0x0, 0x3, 0xff, 0xff, 0xfd, 0x0,
    0x0, 0x0, 0x0, 0x0, 0x7, 0xff, 0xff, 0xe0,
    0x0, 0x0, 0x0, 0x0, 0x0, 0xb, 0xff, 0xff,
    0x0, 0x0, 0x0, 0x0, 0x0, 0x0, 0xf, 0xff,
    0xf4, 0x0, 0x0, 0x0, 0x0, 0x0, 0x0, 0xbf,
    0xff, 0xf0, 0x0, 0x0, 0x0, 0x0, 0x0, 0x7,
    0xff, 0xff, 0xe0, 0x0, 0x0, 0x0, 0x0, 0x0,
    0x3f, 0xff, 0xff, 0xd0, 0x0, 0x0, 0x0, 0x0,
    0x3, 0xff, 0xff, 0xff, 0xc0, 0x0, 0x0, 0x0,
    0x0, 0x2f, 0xff, 0xff, 0xff, 0xc0, 0x0, 0x0,
    0x0, 0x1, 0xff, 0xfe, 0x7f, 0xff, 0x80, 0x0,
    0x0, 0x0, 0xf, 0xff, 0xf0, 0xbf, 0xff, 0x40,
    0x0, 0x0, 0x0, 0xbf, 0xff, 0x40, 0xff, 0xff,
    0x0, 0x0, 0x0, 0x7, 0xff, 0xf8, 0x1, 0xff,
    0xff, 0x0, 0x0, 0x0, 0x3f, 0xff, 0xc0, 0x2,
    0xff, 0xfe, 0x0, 0x0, 0x3, 0xff, 0xfd, 0x0,
    0x3, 0xff, 0xfd, 0x0, 0x0, 0x2f, 0xff, 0xe0,
    0x0, 0x7, 0xff, 0xfc, 0x0, 0x1, 0xff, 0xff,
    0x0, 0x0, 0xb, 0xff, 0xf8, 0x0, 0xf, 0xff,
    0xf4, 0x0, 0x0, 0xf, 0xff, 0xf4, 0x0, 0xff,
    0xff, 0x80, 0x0, 0x0, 0xf, 0xff, 0xf0, 0xb,
    0xff, 0xfc, 0x0, 0x0, 0x0, 0x2f, 0xff, 0xf0,
    0x7f, 0xff, 0xc0, 0x0, 0x0, 0x0, 0x3f, 0xff,
    0xe0,

    /* U+0079 "y" */
    0x7f, 0xff, 0x40, 0x0, 0x0, 0x0, 0x3f, 0xff,
    0xc3, 0xff, 0xfc, 0x0, 0x0, 0x0, 0x3, 0xff,
    0xfc, 0x2f, 0xff, 0xc0, 0x0, 0x0, 0x0, 0x7f,
    0xff, 0x41, 0xff, 0xfe, 0x0, 0x0, 0x0, 0xf,
    0xff, 0xf0, 0xf, 0xff, 0xf0, 0x0, 0x0, 0x0,
    0xff, 0xfe, 0x0, 0x7f, 0xff, 0x40, 0x0, 0x0,
    0x2f, 0xff, 0xc0, 0x3, 0xff, 0xf8, 0x0, 0x0,
    0x3, 0xff, 0xfc, 0x0, 0x2f, 0xff, 0xc0, 0x0,
    0x0, 0x7f, 0xff, 0x40, 0x1, 0xff, 0xfd, 0x0,
    0x0, 0xb, 0xff, 0xf0, 0x0, 0xf, 0xff, 0xf0,
    0x0, 0x0, 0xff, 0xfe, 0x0, 0x0, 0x7f, 0xff,
    0x0, 0x0, 0x1f, 0xff, 0xd0, 0x0, 0x3, 0xff,
    0xf8, 0x0, 0x2, 0xff, 0xfc, 0x0, 0x0, 0x2f,
    0xff, 0xc0, 0x0, 0x3f, 0xff, 0x40, 0x0, 0x0,
    0xff, 0xfd, 0x0, 0x7, 0xff, 0xf0, 0x0, 0x0,
    0xf, 0xff, 0xe0, 0x0, 0xbf, 0xfe, 0x0, 0x0,
    0x0, 0x7f, 0xff, 0x0, 0xf, 0xff, 0xd0, 0x0,
    0x0, 0x3, 0xff, 0xf4, 0x1, 0xff, 0xfc, 0x0,
    0x0, 0x0, 0x2f, 0xff, 0x80, 0x3f, 0xff, 0x80,
    0x0, 0x0, 0x0, 0xff, 0xfc, 0x3, 0xff, 0xf0,
    0x0, 0x0, 0x0, 0xf, 0xff, 0xd0, 0x7f, 0xfe,
    0x0, 0x0, 0x0, 0x0, 0x7f, 0xff, 0xf, 0xff,
    0xd0, 0x0, 0x0, 0x0, 0x3, 0xff, 0xf0, 0xff,
    0xfc, 0x0, 0x0, 0x0, 0x0, 0x2f, 0xff, 0xaf,
    0xff, 0x80, 0x0, 0x0, 0x0, 0x0, 0xff, 0xff,
    0xff, 0xf0, 0x0, 0x0, 0x0, 0x0, 0xf, 0xff,
    0xff, 0xff, 0x0, 0x0, 0x0, 0x0, 0x0, 0x7f,
    0xff, 0xff, 0xd0, 0x0, 0x0, 0x0, 0x0, 0x3,
    0xff, 0xff, 0xfc, 0x0, 0x0, 0x0, 0x0, 0x0,
    0x2f, 0xff, 0xff, 0x80, 0x0, 0x0, 0x0, 0x0,
    0x0, 0xff, 0xff, 0xf0, 0x0, 0x0, 0x0, 0x0,
    0x0, 0xf, 0xff, 0xff, 0x0, 0x0, 0x0, 0x0,
    0x0, 0x0, 0x7f, 0xff, 0xd0, 0x0, 0x0, 0x0,
    0x0, 0x0, 0x3, 0xff, 0xfc, 0x0, 0x0, 0x0,
    0x0, 0x0, 0x0, 0x2f, 0xff, 0x80, 0x0, 0x0,
    0x0, 0x0, 0x0, 0x3, 0xff, 0xf4, 0x0, 0x0,
    0x0, 0x0, 0x0, 0x0, 0x7f, 0xff, 0x0, 0x0,
    0x0, 0x0, 0x0, 0x0, 0xf, 0xff, 0xe0, 0x0,
    0x0, 0x0, 0x0, 0x0, 0x1, 0xff, 0xfc, 0x0,
    0x0, 0x0, 0x0, 0x0, 0x0, 0x2f, 0xff, 0x80,
    0x0, 0x0, 0x0, 0x0, 0x0, 0x3, 0xff, 0xf4,
    0x0, 0x0, 0x0, 0x0, 0x0, 0x0, 0xbf, 0xff,
    0x0, 0x0, 0x0, 0x0, 0x0, 0x0, 0xf, 0xff,
    0xe0, 0x0, 0x0, 0x0, 0x0, 0x0, 0x1, 0xff,
    0xfc, 0x0, 0x0, 0x0, 0x0, 0x0, 0x0, 0x3f,
    0xff, 0xc0, 0x0, 0x0, 0x0, 0x0, 0x0, 0x7,
    0xff, 0xf4, 0x0, 0x0, 0x0, 0x0, 0x0, 0x0,
    0xbf, 0xff, 0x0, 0x0, 0x0, 0x0, 0x0, 0x0,
    0xf, 0xff, 0xe0, 0x0, 0x0, 0x0, 0x0,

    /* U+007A "z" */
    0xff, 0xff, 0xff, 0xff, 0xff, 0xff, 0xff, 0x3f,
    0xff, 0xff, 0xff, 0xff, 0xff, 0xff, 0xcf, 0xff,
    0xff, 0xff, 0xff, 0xff, 0xff, 0xf3, 0xff, 0xff,
    0xff, 0xff, 0xff, 0xff, 0xfc, 0xff, 0xff, 0xff,
    0xff, 0xff, 0xff, 0xff, 0x3f, 0xff, 0xff, 0xff,
    0xff, 0xff, 0xff, 0x40, 0x0, 0x0, 0x0, 0x1,
    0xff, 0xff, 0x40, 0x0, 0x0, 0x0, 0x1, 0xff,
    0xff, 0x80, 0x0, 0x0, 0x0, 0x0, 0xff, 0xff,
    0x80, 0x0, 0x0, 0x0, 0x0, 0xff, 0xff, 0xc0,
    0x0, 0x0, 0x0, 0x0, 0xbf, 0xff, 0xc0, 0x0,
    0x0, 0x0, 0x0, 0xbf, 0xff, 0xd0, 0x0, 0x0,
    0x0, 0x0, 0x7f, 0xff, 0xd0, 0x0, 0x0, 0x0,
    0x0, 0x3f, 0xff, 0xe0, 0x0, 0x0, 0x0, 0x0,
    0x3f, 0xff, 0xe0, 0x0, 0x0, 0x0, 0x0, 0x3f,
    0xff, 0xf0, 0x0, 0x0, 0x0, 0x0, 0x2f, 0xff,
    0xf0, 0x0, 0x0, 0x0, 0x0, 0x1f, 0xff, 0xf0,
    0x0, 0x0, 0x0, 0x0, 0xf, 0xff, 0xf4, 0x0,
    0x0, 0x0, 0x0, 0xf, 0xff, 0xf4, 0x0, 0x0,
    0x0, 0x0, 0xf, 0xff, 0xf8, 0x0, 0x0, 0x0,
    0x0, 0xb, 0xff, 0xfc, 0x0, 0x0, 0x0, 0x0,
    0x7, 0xff, 0xfc, 0x0, 0x0, 0x0, 0x0, 0x7,
    0xff, 0xfc, 0x0, 0x0, 0x0, 0x0, 0x3, 0xff,
    0xfd, 0x0, 0x0, 0x0, 0x0, 0x3, 0xff, 0xfd,
    0x0, 0x0, 0x0, 0x0, 0x2, 0xff, 0xfe, 0x0,
    0x0, 0x0, 0x0, 0x2, 0xff, 0xff, 0xff, 0xff,
    0xff, 0xff, 0xff, 0xff, 0xff, 0xff, 0xff, 0xff,
    0xff, 0xff, 0xff, 0xff, 0xff, 0xff, 0xff, 0xff,
    0xff, 0xff, 0xff, 0xff, 0xff, 0xff, 0xff, 0xff,
    0xff, 0xff, 0xff, 0xff, 0xff, 0xff, 0xff, 0xff,
    0xff, 0xff, 0xff, 0xff, 0xff, 0xff, 0xff, 0xc0,

    /* U+007B "{" */
    0x0, 0x0, 0x1, 0xbf, 0xff, 0x0, 0x0, 0x1f,
    0xff, 0xff, 0x0, 0x0, 0xbf, 0xff, 0xff, 0x0,
    0x1, 0xff, 0xff, 0xff, 0x0, 0x3, 0xff, 0xff,
    0xff, 0x0, 0x7, 0xff, 0xff, 0xff, 0x0, 0xb,
    0xff, 0xf4, 0x0, 0x0, 0xf, 0xff, 0xe0, 0x0,
    0x0, 0xf, 0xff, 0xc0, 0x0, 0x0, 0xf, 0xff,
    0xc0, 0x0, 0x0, 0xf, 0xff, 0xc0, 0x0, 0x0,
    0xf, 0xff, 0xc0, 0x0, 0x0, 0xf, 0xff, 0xc0,
    0x0, 0x0, 0xf, 0xff, 0xc0, 0x0, 0x0, 0xf,
    0xff, 0xc0, 0x0, 0x0, 0xf, 0xff, 0xc0, 0x0,
    0x0, 0xf, 0xff, 0xc0, 0x0, 0x0, 0xf, 0xff,
    0xc0, 0x0, 0x0, 0xf, 0xff, 0xc0, 0x0, 0x0,
    0xf, 0xff, 0xc0, 0x0, 0x0, 0xf, 0xff, 0xc0,
    0x0, 0x0, 0xf, 0xff, 0xc0, 0x0, 0x0, 0xf,
    0xff, 0xc0, 0x0, 0x0, 0xf, 0xff, 0xc0, 0x0,
    0x0, 0x2f, 0xff, 0x80, 0x0, 0x0, 0x3f, 0xff,
    0x40, 0x0, 0x2, 0xff, 0xff, 0x0, 0x0, 0xff,
    0xff, 0xfc, 0x0, 0x0, 0xff, 0xff, 0xf0, 0x0,
    0x0, 0xff, 0xff, 0x40, 0x0, 0x0, 0xff, 0xff,
    0x40, 0x0, 0x0, 0xff, 0xff, 0xf0, 0x0, 0x0,
    0xff, 0xff, 0xfc, 0x0, 0x0, 0x1, 0xff, 0xff,
    0x0, 0x0, 0x0, 0x3f, 0xff, 0x40, 0x0, 0x0,
    0x1f, 0xff, 0x80, 0x0, 0x0, 0xf, 0xff, 0xc0,
    0x0, 0x0, 0xf, 0xff, 0xc0, 0x0, 0x0, 0xf,
    0xff, 0xc0, 0x0, 0x0, 0xf, 0xff, 0xc0, 0x0,
    0x0, 0xf, 0xff, 0xc0, 0x0, 0x0, 0xf, 0xff,
    0xc0, 0x0, 0x0, 0xf, 0xff, 0xc0, 0x0, 0x0,
    0xf, 0xff, 0xc0, 0x0, 0x0, 0xf, 0xff, 0xc0,
    0x0, 0x0, 0xf, 0xff, 0xc0, 0x0, 0x0, 0xf,
    0xff, 0xc0, 0x0, 0x0, 0xf, 0xff, 0xc0, 0x0,
    0x0, 0xf, 0xff, 0xc0, 0x0, 0x0, 0xf, 0xff,
    0xc0, 0x0, 0x0, 0xf, 0xff, 0xc0, 0x0, 0x0,
    0xf, 0xff, 0xc0, 0x0, 0x0, 0xf, 0xff, 0xe0,
    0x0, 0x0, 0xb, 0xff, 0xf4, 0x0, 0x0, 0x7,
    0xff, 0xff, 0xff, 0x0, 0x3, 0xff, 0xff, 0xff,
    0x0, 0x1, 0xff, 0xff, 0xff, 0x0, 0x0, 0xbf,
    0xff, 0xff, 0x0, 0x0, 0x1f, 0xff, 0xff, 0x0,
    0x0, 0x1, 0xbf, 0xff,

    /* U+007C "|" */
    0xff, 0xff, 0xff, 0xff, 0xff, 0xff, 0xff, 0xff,
    0xff, 0xff, 0xff, 0xff, 0xff, 0xff, 0xff, 0xff,
    0xff, 0xff, 0xff, 0xff, 0xff, 0xff, 0xff, 0xff,
    0xff, 0xff, 0xff, 0xff, 0xff, 0xff, 0xff, 0xff,
    0xff, 0xff, 0xff, 0xff, 0xff, 0xff, 0xff, 0xff,
    0xff, 0xff, 0xff, 0xff, 0xff, 0xff, 0xff, 0xff,
    0xff, 0xff, 0xff, 0xff, 0xff, 0xff, 0xff, 0xff,
    0xff, 0xff, 0xff, 0xff, 0xff, 0xff, 0xff, 0xff,
    0xff, 0xff, 0xff, 0xff, 0xff, 0xff, 0xff, 0xff,
    0xff, 0xff, 0xff, 0xff, 0xff, 0xff, 0xff, 0xff,
    0xff, 0xff, 0xff, 0xff, 0xff, 0xff, 0xff, 0xff,
    0xff, 0xff, 0xff, 0xff, 0xff, 0xff, 0xff, 0xff,

    /* U+007D "}" */
    0xff, 0xfe, 0x40, 0x0, 0x0, 0xff, 0xff, 0xf4,
    0x0, 0x0, 0xff, 0xff, 0xfe, 0x0, 0x0, 0xff,
    0xff, 0xff, 0x40, 0x0, 0xff, 0xff, 0xff, 0xc0,
    0x0, 0xff, 0xff, 0xff, 0xd0, 0x0, 0x0, 0x1f,
    0xff, 0xe0, 0x0, 0x0, 0xb, 0xff, 0xf0, 0x0,
    0x0, 0x3, 0xff, 0xf0, 0x0, 0x0, 0x3, 0xff,
    0xf0, 0x0, 0x0, 0x3, 0xff, 0xf0, 0x0, 0x0,
    0x3, 0xff, 0xf0, 0x0, 0x0, 0x3, 0xff, 0xf0,
    0x0, 0x0, 0x3, 0xff, 0xf0, 0x0, 0x0, 0x3,
    0xff, 0xf0, 0x0, 0x0, 0x3, 0xff, 0xf0, 0x0,
    0x0, 0x3, 0xff, 0xf0, 0x0, 0x0, 0x3, 0xff,
    0xf0, 0x0, 0x0, 0x3, 0xff, 0xf0, 0x0, 0x0,
    0x3, 0xff, 0xf0, 0x0, 0x0, 0x3, 0xff, 0xf0,
    0x0, 0x0, 0x3, 0xff, 0xf0, 0x0, 0x0, 0x3,
    0xff, 0xf0, 0x0, 0x0, 0x3, 0xff, 0xf0, 0x0,
    0x0, 0x2, 0xff, 0xf4, 0x0, 0x0, 0x1, 0xff,
    0xfc, 0x0, 0x0, 0x0, 0xff, 0xff, 0x40, 0x0,
    0x0, 0x3f, 0xff, 0xfd, 0x0, 0x0, 0xf, 0xff,
    0xfe, 0x0, 0x0, 0x1, 0xff, 0xfe, 0x0, 0x0,
    0x1, 0xff, 0xfe, 0x0, 0x0, 0xf, 0xff, 0xfe,
    0x0, 0x0, 0x3f, 0xff, 0xfd, 0x0, 0x0, 0xff,
    0xff, 0x40, 0x0, 0x1, 0xff, 0xfc, 0x0, 0x0,
    0x2, 0xff, 0xf4, 0x0, 0x0, 0x3, 0xff, 0xf0,
    0x0, 0x0, 0x3, 0xff, 0xf0, 0x0, 0x0, 0x3,
    0xff, 0xf0, 0x0, 0x0, 0x3, 0xff, 0xf0, 0x0,
    0x0, 0x3, 0xff, 0xf0, 0x0, 0x0, 0x3, 0xff,
    0xf0, 0x0, 0x0, 0x3, 0xff, 0xf0, 0x0, 0x0,
    0x3, 0xff, 0xf0, 0x0, 0x0, 0x3, 0xff, 0xf0,
    0x0, 0x0, 0x3, 0xff, 0xf0, 0x0, 0x0, 0x3,
    0xff, 0xf0, 0x0, 0x0, 0x3, 0xff, 0xf0, 0x0,
    0x0, 0x3, 0xff, 0xf0, 0x0, 0x0, 0x3, 0xff,
    0xf0, 0x0, 0x0, 0x3, 0xff, 0xf0, 0x0, 0x0,
    0x3, 0xff, 0xf0, 0x0, 0x0, 0xb, 0xff, 0xf0,
    0x0, 0x0, 0x1f, 0xff, 0xe0, 0x0, 0xff, 0xff,
    0xff, 0xd0, 0x0, 0xff, 0xff, 0xff, 0xc0, 0x0,
    0xff, 0xff, 0xff, 0x40, 0x0, 0xff, 0xff, 0xfe,
    0x0, 0x0, 0xff, 0xff, 0xf4, 0x0, 0x0, 0xff,
    0xfe, 0x40, 0x0, 0x0,

    /* U+007E "~" */
    0x0, 0x2, 0xfe, 0x40, 0x0, 0x0, 0x0, 0x0,
    0x0, 0x1f, 0xff, 0xf8, 0x0, 0x0, 0xa, 0x0,
    0x0, 0xbf, 0xff, 0xff, 0x80, 0x0, 0x1f, 0xc0,
    0x2, 0xff, 0xff, 0xff, 0xf4, 0x0, 0x3f, 0xf4,
    0x7, 0xff, 0xff, 0xff, 0xff, 0x41, 0xff, 0xfc,
    0xf, 0xff, 0xff, 0xff, 0xff, 0xff, 0xff, 0xf0,
    0x3f, 0xff, 0x42, 0xff, 0xff, 0xff, 0xff, 0xd0,
    0x2f, 0xfc, 0x0, 0x1f, 0xff, 0xff, 0xff, 0x80,
    0x3, 0xf4, 0x0, 0x2, 0xff, 0xff, 0xfe, 0x0,
    0x0, 0xa0, 0x0, 0x0, 0x2f, 0xff, 0xf4, 0x0,
    0x0, 0x0, 0x0, 0x0, 0x2, 0xff, 0x80, 0x0
};


/*---------------------
 *  GLYPH DESCRIPTION
 *--------------------*/

static const lv_font_fmt_txt_glyph_dsc_t glyph_dsc[] = {
    {.bitmap_index = 0, .adv_w = 0, .box_w = 0, .box_h = 0, .ofs_x = 0, .ofs_y = 0} /* id = 0 reserved */,
    {.bitmap_index = 0, .adv_w = 341, .box_w = 0, .box_h = 0, .ofs_x = 0, .ofs_y = 0},
    {.bitmap_index = 0, .adv_w = 341, .box_w = 10, .box_h = 46, .ofs_x = 6, .ofs_y = 0},
    {.bitmap_index = 115, .adv_w = 547, .box_w = 27, .box_h = 23, .ofs_x = 3, .ofs_y = 24},
    {.bitmap_index = 271, .adv_w = 614, .box_w = 36, .box_h = 46, .ofs_x = 1, .ofs_y = 0},
    {.bitmap_index = 685, .adv_w = 614, .box_w = 34, .box_h = 58, .ofs_x = 2, .ofs_y = -6},
    {.bitmap_index = 1178, .adv_w = 1020, .box_w = 55, .box_h = 48, .ofs_x = 4, .ofs_y = -1},
    {.bitmap_index = 1838, .adv_w = 769, .box_w = 45, .box_h = 48, .ofs_x = 3, .ofs_y = -1},
    {.bitmap_index = 2378, .adv_w = 299, .box_w = 12, .box_h = 23, .ofs_x = 3, .ofs_y = 24},
    {.bitmap_index = 2447, .adv_w = 341, .box_w = 17, .box_h = 60, .ofs_x = 3, .ofs_y = -7},
    {.bitmap_index = 2702, .adv_w = 341, .box_w = 17, .box_h = 60, .ofs_x = 3, .ofs_y = -7},
    {.bitmap_index = 2957, .adv_w = 528, .box_w = 32, .box_h = 29, .ofs_x = 1, .ofs_y = 17},
    {.bitmap_index = 3189, .adv_w = 620, .box_w = 32, .box_h = 32, .ofs_x = 3, .ofs_y = 0},
    {.bitmap_index = 3445, .adv_w = 282, .box_w = 12, .box_h = 23, .ofs_x = 2, .ofs_y = -13},
    {.bitmap_index = 3514, .adv_w = 620, .box_w = 32, .box_h = 6, .ofs_x = 3, .ofs_y = 14},
    {.bitmap_index = 3562, .adv_w = 282, .box_w = 10, .box_h = 10, .ofs_x = 4, .ofs_y = 0},
    {.bitmap_index = 3587, .adv_w = 512, .box_w = 30, .box_h = 59, .ofs_x = 1, .ofs_y = -6},
    {.bitmap_index = 4030, .adv_w = 614, .box_w = 34, .box_h = 47, .ofs_x = 2, .ofs_y = 0},
    {.bitmap_index = 4430, .adv_w = 614, .box_w = 19, .box_h = 46, .ofs_x = 6, .ofs_y = 0},
    {.bitmap_index = 4649, .adv_w = 614, .box_w = 32, .box_h = 46, .ofs_x = 3, .ofs_y = 1},
    {.bitmap_index = 5017, .adv_w = 614, .box_w = 35, .box_h = 47, .ofs_x = 2, .ofs_y = 0},
    {.bitmap_index = 5429, .adv_w = 614, .box_w = 36, .box_h = 46, .ofs_x = 1, .ofs_y = 0},
    {.bitmap_index = 5843, .adv_w = 614, .box_w = 34, .box_h = 47, .ofs_x = 2, .ofs_y = -1},
    {.bitmap_index = 6243, .adv_w = 614, .box_w = 34, .box_h = 47, .ofs_x = 3, .ofs_y = 0},
    {.bitmap_index = 6643, .adv_w = 614, .box_w = 31, .box_h = 46, .ofs_x = 4, .ofs_y = 0},
    {.bitmap_index = 7000, .adv_w = 614, .box_w = 35, .box_h = 47, .ofs_x = 2, .ofs_y = 0},
    {.bitmap_index = 7412, .adv_w = 614, .box_w = 33, .box_h = 47, .ofs_x = 3, .ofs_y = 0},
    {.bitmap_index = 7800, .adv_w = 282, .box_w = 10, .box_h = 33, .ofs_x = 4, .ofs_y = 0},
    {.bitmap_index = 7883, .adv_w = 282, .box_w = 12, .box_h = 46, .ofs_x = 3, .ofs_y = -13},
    {.bitmap_index = 8021, .adv_w = 620, .box_w = 33, .box_h = 35, .ofs_x = 3, .ofs_y = -1},
    {.bitmap_index = 8310, .adv_w = 620, .box_w = 32, .box_h = 19, .ofs_x = 3, .ofs_y = 7},
    {.bitmap_index = 8462, .adv_w = 620, .box_w = 33, .box_h = 35, .ofs_x = 3, .ofs_y = -1},
    {.bitmap_index = 8751, .adv_w = 571, .box_w = 30, .box_h = 46, .ofs_x = 3, .ofs_y = 1},
    {.bitmap_index = 9096, .adv_w = 887, .box_w = 50, .box_h = 48, .ofs_x = 3, .ofs_y = -1},
    {.bitmap_index = 9696, .adv_w = 695, .box_w = 44, .box_h = 47, .ofs_x = 0, .ofs_y = -1},
    {.bitmap_index = 10213, .adv_w = 707, .box_w = 37, .box_h = 46, .ofs_x = 4, .ofs_y = 0},
    {.bitmap_index = 10639, .adv_w = 750, .box_w = 42, .box_h = 48, .ofs_x = 3, .ofs_y = -1},
    {.bitmap_index = 11143, .adv_w = 737, .box_w = 39, .box_h = 46, .ofs_x = 4, .ofs_y = 0},
    {.bitmap_index = 11592, .adv_w = 657, .box_w = 34, .box_h = 46, .ofs_x = 4, .ofs_y = 0},
    {.bitmap_index = 11983, .adv_w = 596, .box_w = 31, .box_h = 45, .ofs_x = 4, .ofs_y = 0},
    {.bitmap_index = 12332, .adv_w = 774, .box_w = 42, .box_h = 48, .ofs_x = 3, .ofs_y = -1},
    {.bitmap_index = 12836, .adv_w = 754, .box_w = 38, .box_h = 46, .ofs_x = 4, .ofs_y = 0},
    {.bitmap_index = 13273, .adv_w = 263, .box_w = 8, .box_h = 46, .ofs_x = 4, .ofs_y = 0},
    {.bitmap_index = 13365, .adv_w = 551, .box_w = 29, .box_h = 47, .ofs_x = 1, .ofs_y = -1},
    {.bitmap_index = 13706, .adv_w = 731, .box_w = 42, .box_h = 46, .ofs_x = 4, .ofs_y = 0},
    {.bitmap_index = 14189, .adv_w = 606, .box_w = 32, .box_h = 46, .ofs_x = 4, .ofs_y = 0},
    {.bitmap_index = 14557, .adv_w = 925, .box_w = 49, .box_h = 46, .ofs_x = 4, .ofs_y = 0},
    {.bitmap_index = 15121, .adv_w = 750, .box_w = 38, .box_h = 46, .ofs_x = 4, .ofs_y = 0},
    {.bitmap_index = 15558, .adv_w = 794, .box_w = 45, .box_h = 48, .ofs_x = 3, .ofs_y = -1},
    {.bitmap_index = 16098, .adv_w = 671, .box_w = 36, .box_h = 46, .ofs_x = 4, .ofs_y = 0},
    {.bitmap_index = 16512, .adv_w = 794, .box_w = 45, .box_h = 53, .ofs_x = 3, .ofs_y = -6},
    {.bitmap_index = 17109, .adv_w = 714, .box_w = 38, .box_h = 46, .ofs_x = 4, .ofs_y = 0},
    {.bitmap_index = 17546, .adv_w = 667, .box_w = 38, .box_h = 47, .ofs_x = 2, .ofs_y = 0},
    {.bitmap_index = 17993, .adv_w = 630, .box_w = 37, .box_h = 46, .ofs_x = 1, .ofs_y = -1},
    {.bitmap_index = 18419, .adv_w = 752, .box_w = 38, .box_h = 47, .ofs_x = 4, .ofs_y = -1},
    {.bitmap_index = 18866, .adv_w = 675, .box_w = 42, .box_h = 46, .ofs_x = 0, .ofs_y = 0},
    {.bitmap_index = 19349, .adv_w = 976, .box_w = 61, .box_h = 46, .ofs_x = 0, .ofs_y = 0},
    {.bitmap_index = 20051, .adv_w = 680, .box_w = 43, .box_h = 46, .ofs_x = 0, .ofs_y = 0},
    {.bitmap_index = 20546, .adv_w = 708, .box_w = 45, .box_h = 46, .ofs_x = -1, .ofs_y = 0},
    {.bitmap_index = 21064, .adv_w = 654, .box_w = 38, .box_h = 46, .ofs_x = 2, .ofs_y = 0},
    {.bitmap_index = 21501, .adv_w = 341, .box_w = 17, .box_h = 60, .ofs_x = 2, .ofs_y = -7},
    {.bitmap_index = 21756, .adv_w = 512, .box_w = 30, .box_h = 59, .ofs_x = 1, .ofs_y = -6},
    {.bitmap_index = 22199, .adv_w = 341, .box_w = 17, .box_h = 60, .ofs_x = 2, .ofs_y = -7},
    {.bitmap_index = 22454, .adv_w = 558, .box_w = 29, .box_h = 22, .ofs_x = 3, .ofs_y = 24},
    {.bitmap_index = 22614, .adv_w = 512, .box_w = 32, .box_h = 6, .ofs_x = 0, .ofs_y = -9},
    {.bitmap_index = 22662, .adv_w = 341, .box_w = 15, .box_h = 10, .ofs_x = 3, .ofs_y = 37},
    {.bitmap_index = 22700, .adv_w = 586, .box_w = 31, .box_h = 35, .ofs_x = 3, .ofs_y = -1},
    {.bitmap_index = 22972, .adv_w = 616, .box_w = 32, .box_h = 48, .ofs_x = 4, .ofs_y = -1},
    {.bitmap_index = 23356, .adv_w = 574, .box_w = 32, .box_h = 35, .ofs_x = 3, .ofs_y = -1},
    {.bitmap_index = 23636, .adv_w = 616, .box_w = 32, .box_h = 48, .ofs_x = 3, .ofs_y = -1},
    {.bitmap_index = 24020, .adv_w = 581, .box_w = 32, .box_h = 35, .ofs_x = 2, .ofs_y = -1},
    {.bitmap_index = 24300, .adv_w = 387, .box_w = 24, .box_h = 46, .ofs_x = 1, .ofs_y = 0},
    {.bitmap_index = 24576, .adv_w = 616, .box_w = 32, .box_h = 48, .ofs_x = 3, .ofs_y = -14},
    {.bitmap_index = 24960, .adv_w = 591, .box_w = 30, .box_h = 47, .ofs_x = 4, .ofs_y = 0},
    {.bitmap_index = 25313, .adv_w = 282, .box_w = 10, .box_h = 47, .ofs_x = 4, .ofs_y = 0},
    {.bitmap_index = 25431, .adv_w = 283, .box_w = 15, .box_h = 60, .ofs_x = -1, .ofs_y = -13},
    {.bitmap_index = 25656, .adv_w = 566, .box_w = 32, .box_h = 47, .ofs_x = 4, .ofs_y = 0},
    {.bitmap_index = 26032, .adv_w = 260, .box_w = 8, .box_h = 47, .ofs_x = 4, .ofs_y = 0},
    {.bitmap_index = 26126, .adv_w = 905, .box_w = 49, .box_h = 34, .ofs_x = 4, .ofs_y = 0},
    {.bitmap_index = 26543, .adv_w = 595, .box_w = 30, .box_h = 34, .ofs_x = 4, .ofs_y = 0},
    {.bitmap_index = 26798, .adv_w = 614, .box_w = 34, .box_h = 35, .ofs_x = 3, .ofs_y = -1},
    {.bitmap_index = 27096, .adv_w = 616, .box_w = 32, .box_h = 47, .ofs_x = 4, .ofs_y = -13},
    {.bitmap_index = 27472, .adv_w = 616, .box_w = 32, .box_h = 47, .ofs_x = 3, .ofs_y = -13},
    {.bitmap_index = 27848, .adv_w = 383, .box_w = 20, .box_h = 34, .ofs_x = 4, .ofs_y = 0},
    {.bitmap_index = 28018, .adv_w = 538, .box_w = 30, .box_h = 35, .ofs_x = 2, .ofs_y = -1},
    {.bitmap_index = 28281, .adv_w = 371, .box_w = 21, .box_h = 44, .ofs_x = 1, .ofs_y = 0},
    {.bitmap_index = 28512, .adv_w = 596, .box_w = 30, .box_h = 34, .ofs_x = 4, .ofs_y = -1},
    {.bitmap_index = 28767, .adv_w = 518, .box_w = 33, .box_h = 33, .ofs_x = 0, .ofs_y = 0},
    {.bitmap_index = 29040, .adv_w = 796, .box_w = 50, .box_h = 33, .ofs_x = 0, .ofs_y = 0},
    {.bitmap_index = 29453, .adv_w = 550, .box_w = 35, .box_h = 33, .ofs_x = 0, .ofs_y = 0},
    {.bitmap_index = 29742, .adv_w = 539, .box_w = 34, .box_h = 46, .ofs_x = 0, .ofs_y = -13},
    {.bitmap_index = 30133, .adv_w = 518, .box_w = 29, .box_h = 33, .ofs_x = 2, .ofs_y = 0},
    {.bitmap_index = 30373, .adv_w = 341, .box_w = 20, .box_h = 60, .ofs_x = 1, .ofs_y = -7},
    {.bitmap_index = 30673, .adv_w = 219, .box_w = 6, .box_h = 64, .ofs_x = 4, .ofs_y = -9},
    {.bitmap_index = 30769, .adv_w = 341, .box_w = 20, .box_h = 60, .ofs_x = 1, .ofs_y = -7},
    {.bitmap_index = 31069, .adv_w = 512, .box_w = 32, .box_h = 11, .ofs_x = 0, .ofs_y = 18}
};

/*---------------------
 *  CHARACTER MAPPING
 *--------------------*/



/*Collect the unicode lists and glyph_id offsets*/
static const lv_font_fmt_txt_cmap_t cmaps[] =
{
    {
        .range_start = 32, .range_length = 95, .glyph_id_start = 1,
        .unicode_list = NULL, .glyph_id_ofs_list = NULL, .list_length = 0, .type = LV_FONT_FMT_TXT_CMAP_FORMAT0_TINY
    }
};



/*--------------------
 *  ALL CUSTOM DATA
 *--------------------*/

#if LVGL_VERSION_MAJOR == 8
/*Store all the custom data of the font*/
static  lv_font_fmt_txt_glyph_cache_t cache;
#endif

#if LVGL_VERSION_MAJOR >= 8
static const lv_font_fmt_txt_dsc_t font_dsc = {
#else
static lv_font_fmt_txt_dsc_t font_dsc = {
#endif
    .glyph_bitmap = glyph_bitmap,
    .glyph_dsc = glyph_dsc,
    .cmaps = cmaps,
    .kern_dsc = NULL,
    .kern_scale = 0,
    .cmap_num = 1,
    .bpp = 2,
    .kern_classes = 0,
    .bitmap_format = 0,
#if LVGL_VERSION_MAJOR == 8
    .cache = &cache
#endif
};



/*-----------------
 *  PUBLIC FONT
 *----------------*/

/*Initialize a public general font descriptor*/
#if LVGL_VERSION_MAJOR >= 8
const lv_font_t helm_num_64 = {
#else
lv_font_t helm_num_64 = {
#endif
    .get_glyph_dsc = lv_font_get_glyph_dsc_fmt_txt,    /*Function pointer to get glyph's data*/
    .get_glyph_bitmap = lv_font_get_bitmap_fmt_txt,    /*Function pointer to get glyph's bitmap*/
    .line_height = 69,          /*The maximum line height required by the font*/
    .base_line = 14,             /*Baseline measured from the bottom of the line*/
#if !(LVGL_VERSION_MAJOR == 6 && LVGL_VERSION_MINOR == 0)
    .subpx = LV_FONT_SUBPX_NONE,
#endif
#if LV_VERSION_CHECK(7, 4, 0) || LVGL_VERSION_MAJOR >= 8
    .underline_position = -6,
    .underline_thickness = 6,
#endif
    .dsc = &font_dsc,          /*The custom font data. Will be accessed by `get_glyph_bitmap/dsc` */
#if LV_VERSION_CHECK(8, 2, 0) || LVGL_VERSION_MAJOR >= 9
    .fallback = NULL,
#endif
    .user_data = NULL,
};



#endif /*#if HELM_NUM_64*/

